entry_time_utc,kind,dir,entry,sl,tp,stop_dist,age_min,exit_time_utc,exit,why,pnl_002,R,month
2022-01-01T06:05:01,flip,SELL,47086.78,47223.78,46977.18,137.0,0.0,2022-01-01T06:09:02,47225.17,sl,-2.7678,-1.0101,2022-01
2022-01-01T06:26:01,cont,SELL,47086.06,47306.24,46909.92,220.18,21.0,2022-01-01T08:17:08,47313.83,sl,-4.5554,-1.0345,2022-01
2022-01-01T09:02:01,flip,SELL,47034.11,47101.93,46979.85,67.82,0.0,2022-01-01T09:02:04,47103.61,sl,-1.39,-1.0248,2022-01
2022-01-01T09:36:01,cont,SELL,46999.27,47181.92,46853.15,182.65,34.0,2022-01-01T10:00:13,47183.22,sl,-3.679,-1.0071,2022-01
2022-01-01T10:29:01,cont,SELL,46822.18,47266.56,46466.68,444.38,87.0,2022-01-01T15:34:13,47277.07,sl,-9.0978,-1.0237,2022-01
2022-01-01T16:30:01,flip,BUY,47545.75,47157.94,47856.0,387.81,0.0,2022-01-01T17:42:06,47856.0,tp,6.205,0.8,2022-01
2022-01-03T15:56:01,flip,SELL,46630.6,47523.46,45916.31,892.86,0.0,2022-01-03T20:22:46,45916.31,tp,14.2858,0.8,2022-01
2022-01-04T13:53:01,flip,BUY,46978.94,46746.41,47164.96,232.53,0.0,2022-01-04T14:46:07,47164.96,tp,3.7205,0.8,2022-01
2022-01-04T14:55:01,cont,BUY,47501.3,47275.66,47681.81,225.64,62.0,2022-01-04T15:19:18,47275.3,sl,-4.52,-1.0016,2022-01
2022-01-04T15:20:02,flip,SELL,47269.45,47435.14,47136.9,165.69,0.0,2022-01-04T15:41:24,47136.9,tp,2.651,0.8,2022-01
2022-01-04T15:56:01,cont,SELL,46913.94,47110.43,46756.75,196.49,36.0,2022-01-04T16:06:22,46756.75,tp,3.1438,0.8,2022-01
2022-01-04T16:10:01,cont,SELL,46708.99,46799.76,46636.37,90.77,50.0,2022-01-04T16:10:18,46800.63,sl,-1.8328,-1.0096,2022-01
2022-01-04T16:29:02,cont,SELL,46613.51,46782.54,46478.29,169.03,69.0,2022-01-04T16:38:04,46783.82,sl,-3.4062,-1.0076,2022-01
2022-01-04T17:18:01,flip,BUY,46953.94,46676.58,47175.83,277.36,0.0,2022-01-04T17:55:38,46660.99,sl,-5.859,-1.0562,2022-01
2022-01-04T18:30:01,flip,SELL,46412.08,46691.77,46188.33,279.69,0.0,2022-01-04T18:35:51,46188.33,tp,4.475,0.8,2022-01
2022-01-05T09:41:01,flip,BUY,46874.87,46736.24,46985.77,138.63,0.0,2022-01-05T10:08:18,46985.77,tp,2.2181,0.8,2022-01
2022-01-05T12:12:01,flip,SELL,46090.71,46322.4,45905.36,231.69,0.0,2022-01-05T13:20:05,46327.68,sl,-4.7394,-1.0228,2022-01
2022-01-05T14:00:01,cont,BUY,46462.76,46259.52,46625.35,203.24,40.0,2022-01-05T14:32:48,46251.72,sl,-4.2208,-1.0384,2022-01
2022-01-05T14:42:01,cont,BUY,46657.4,46189.06,47032.07,468.34,82.0,2022-01-05T14:47:14,46187.4,sl,-9.4,-1.0035,2022-01
2022-01-05T14:58:01,cont,BUY,46713.67,46132.81,47178.36,580.86,98.0,2022-01-05T17:37:08,46130.9,sl,-11.6554,-1.0033,2022-01
2022-01-05T17:59:01,flip,SELL,46018.84,46196.57,45876.66,177.73,0.0,2022-01-05T18:02:35,45876.66,tp,2.8437,0.8,2022-01
2022-01-05T19:45:01,cont,SELL,45511.26,46240.56,44927.82,729.3,106.0,2022-01-05T19:46:14,44927.82,tp,11.6688,0.8,2022-01
2022-01-05T23:27:01,flip,BUY,43692.6,43116.79,44153.25,575.81,0.0,2022-01-06T03:10:14,43111.06,sl,-11.6308,-1.01,2022-01
2022-01-06T03:30:01,cont,SELL,43071.14,43221.59,42950.78,150.45,24.0,2022-01-06T03:40:00,43231.99,sl,-3.217,-1.0691,2022-01
2022-01-06T03:49:01,cont,SELL,42913.87,43173.95,42705.81,260.08,43.0,2022-01-06T04:16:31,43180.43,sl,-5.3312,-1.0249,2022-01
2022-01-06T04:37:01,cont,SELL,42722.83,43132.36,42395.21,409.53,91.0,2022-01-06T04:57:19,43134.32,sl,-8.2298,-1.0048,2022-01
2022-01-06T05:28:01,flip,BUY,43257.79,43072.73,43405.84,185.06,0.0,2022-01-06T05:32:00,43066.48,sl,-3.8262,-1.0338,2022-01
2022-01-06T09:54:01,flip,SELL,42555.04,42869.56,42303.42,314.52,0.0,2022-01-06T10:29:02,42869.78,sl,-6.2948,-1.0007,2022-01
2022-01-06T11:15:01,flip,BUY,42961.44,42715.34,43158.32,246.1,0.0,2022-01-06T11:38:09,42711.07,sl,-5.0074,-1.0174,2022-01
2022-01-06T12:28:01,flip,SELL,42647.59,42934.09,42418.39,286.5,0.0,2022-01-06T12:48:17,42934.72,sl,-5.7426,-1.0022,2022-01
2022-01-06T13:55:02,flip,BUY,43197.06,42889.49,43443.12,307.57,0.0,2022-01-06T14:26:01,42880.47,sl,-6.3318,-1.0293,2022-01
2022-01-06T14:27:01,cont,SELL,42863.15,43010.76,42745.06,147.61,17.0,2022-01-06T14:31:21,43021.89,sl,-3.1748,-1.0754,2022-01
2022-01-06T14:51:01,cont,SELL,42808.35,43213.62,42484.13,405.27,41.0,2022-01-06T17:43:05,43224.99,sl,-8.3328,-1.0281,2022-01
2022-01-06T20:41:01,flip,SELL,43132.81,43302.6,42996.98,169.79,0.0,2022-01-07T00:09:51,42996.98,tp,2.7166,0.8,2022-01
2022-01-07T00:20:01,cont,SELL,42865.65,42998.89,42759.06,133.24,12.0,2022-01-07T01:06:42,43002.36,sl,-2.7342,-1.026,2022-01
2022-01-07T01:29:01,flip,BUY,43011.54,42775.62,43200.28,235.92,0.0,2022-01-07T02:42:12,42769.97,sl,-4.8314,-1.0239,2022-01
2022-01-07T03:06:01,cont,SELL,42696.74,42803.37,42611.44,106.63,57.0,2022-01-07T03:08:40,42817.89,sl,-2.423,-1.1362,2022-01
2022-01-07T03:23:06,cont,SELL,42572.61,42808.75,42383.7,236.14,74.0,2022-01-07T03:23:26,42383.7,tp,3.7782,0.8,2022-01
2022-01-07T03:34:01,cont,SELL,42037.64,42254.17,41864.42,216.53,85.0,2022-01-07T03:40:25,41864.42,tp,3.4645,0.8,2022-01
2022-01-09T19:59:01,flip,BUY,42725.56,42397.89,42987.7,327.67,0.0,2022-01-09T20:34:53,42388.14,sl,-6.7484,-1.0298,2022-01
2022-01-09T20:45:01,flip,SELL,42359.56,42474.99,42267.22,115.43,0.0,2022-01-09T20:45:06,42484.8,sl,-2.5048,-1.085,2022-01
2022-01-09T21:17:01,flip,BUY,42552.23,42394.82,42678.16,157.41,0.0,2022-01-09T21:20:33,42394.32,sl,-3.1582,-1.0032,2022-01
2022-01-09T21:40:01,flip,SELL,42351.34,42440.52,42280.0,89.18,0.0,2022-01-09T22:09:01,42440.88,sl,-1.7908,-1.004,2022-01
2022-01-09T22:21:01,flip,BUY,42495.59,42390.51,42579.65,105.08,0.0,2022-01-09T22:32:35,42388.91,sl,-2.1336,-1.0152,2022-01
2022-01-09T23:07:01,flip,SELL,42073.28,42260.59,41923.43,187.31,0.0,2022-01-09T23:23:53,41923.43,tp,2.997,0.8,2022-01
2022-01-09T23:24:05,cont,SELL,41784.08,42019.53,41595.72,235.45,17.0,2022-01-10T00:17:34,42024.35,sl,-4.8054,-1.0205,2022-01
2022-01-10T00:23:01,flip,BUY,42020.57,41915.47,42104.65,105.1,0.0,2022-01-10T00:30:03,41914.4,sl,-2.1234,-1.0102,2022-01
2022-01-10T00:37:01,flip,SELL,41805.13,41925.91,41708.51,120.78,0.0,2022-01-10T00:43:29,41708.51,tp,1.9325,0.8,2022-01
2022-01-10T03:38:01,flip,BUY,42017.08,41842.84,42156.47,174.24,0.0,2022-01-10T04:37:10,42156.47,tp,2.7878,0.8,2022-01
2022-01-10T04:50:01,cont,BUY,42268.76,42060.94,42435.02,207.82,72.0,2022-01-10T05:30:04,42060.56,sl,-4.164,-1.0018,2022-01
2022-01-10T06:07:01,flip,SELL,41931.47,42015.93,41863.9,84.46,0.0,2022-01-10T06:20:41,42021.01,sl,-1.7908,-1.0601,2022-01
2022-01-10T16:18:01,flip,BUY,41359.26,40519.53,42031.04,839.73,0.0,2022-01-10T17:01:25,42031.04,tp,13.4357,0.8,2022-01
2022-01-11T05:29:01,flip,SELL,42018.81,42333.77,41766.84,314.96,0.0,2022-01-11T07:57:52,42334.47,sl,-6.3132,-1.0022,2022-01
2022-01-11T11:31:01,flip,BUY,41906.24,41707.23,42065.45,199.01,0.0,2022-01-11T12:05:08,41706.85,sl,-3.9878,-1.0019,2022-01
2022-01-11T12:22:01,cont,BUY,41967.3,41730.82,42156.48,236.48,51.0,2022-01-11T13:27:08,41728.11,sl,-4.7838,-1.0115,2022-01
2022-01-11T13:38:01,flip,SELL,41631.28,41779.45,41512.74,148.17,0.0,2022-01-11T14:02:53,41780.22,sl,-2.9788,-1.0052,2022-01
2022-01-11T14:23:01,cont,SELL,41527.64,41777.55,41327.71,249.91,45.0,2022-01-11T14:31:21,41327.71,tp,3.9986,0.8,2022-01
2022-01-11T15:05:01,flip,BUY,41965.42,41711.78,42168.33,253.64,0.0,2022-01-11T15:25:47,41711.23,sl,-5.0838,-1.0022,2022-01
2022-01-11T16:13:01,cont,BUY,42144.38,41426.3,42718.84,718.08,68.0,2022-01-11T16:39:33,42718.84,tp,11.4893,0.8,2022-01
2022-01-11T17:03:01,cont,BUY,42945.66,42642.15,43188.47,303.51,118.0,2022-01-11T17:23:42,42641.03,sl,-6.0926,-1.0037,2022-01
2022-01-12T15:33:01,flip,SELL,43618.26,43934.79,43365.04,316.53,0.0,2022-01-12T17:59:32,43941.06,sl,-6.456,-1.0198,2022-01
2022-01-12T18:53:01,flip,SELL,43604.77,43887.25,43378.79,282.48,0.0,2022-01-12T20:48:29,43888.23,sl,-5.6692,-1.0035,2022-01
2022-01-12T21:19:01,flip,BUY,44029.77,43802.17,44211.85,227.6,0.0,2022-01-12T21:24:48,44211.85,tp,3.6416,0.8,2022-01
2022-01-12T21:52:01,flip,SELL,43772.89,43893.22,43676.63,120.33,0.0,2022-01-12T21:53:32,43895.65,sl,-2.4552,-1.0202,2022-01
2022-01-12T22:34:02,flip,BUY,43938.54,43878.67,43986.44,59.87,0.0,2022-01-12T22:45:27,43878.54,sl,-1.2,-1.0022,2022-01
2022-01-12T23:16:01,cont,BUY,43997.52,43813.37,44144.84,184.15,42.0,2022-01-13T00:43:24,43804.06,sl,-3.8692,-1.0506,2022-01
2022-01-13T00:44:01,cont,SELL,43839.78,43897.36,43793.72,57.58,43.0,2022-01-13T00:51:29,43793.72,tp,0.9213,0.8,2022-01
2022-01-13T01:26:01,cont,SELL,43692.84,43808.57,43600.26,115.73,85.0,2022-01-13T01:44:36,43600.26,tp,1.8517,0.8,2022-01
2022-01-13T01:45:01,cont,SELL,43550.55,43614.37,43499.49,63.82,104.0,2022-01-13T01:48:12,43615.11,sl,-1.2912,-1.0116,2022-01
2022-01-13T02:13:01,flip,BUY,43672.59,43541.71,43777.29,130.88,0.0,2022-01-13T03:09:10,43539.64,sl,-2.659,-1.0158,2022-01
2022-01-13T03:10:01,flip,SELL,43542.42,43647.52,43458.34,105.1,0.0,2022-01-13T04:05:06,43648.97,sl,-2.131,-1.0138,2022-01
2022-01-13T04:41:01,flip,BUY,43740.21,43649.13,43813.07,91.08,0.0,2022-01-13T04:49:21,43647.64,sl,-1.8514,-1.0164,2022-01
2022-01-13T05:13:02,flip,SELL,43600.49,43675.8,43540.24,75.31,0.0,2022-01-13T05:19:44,43679.09,sl,-1.572,-1.0437,2022-01
2022-01-13T06:19:01,flip,BUY,43802.81,43661.2,43916.1,141.61,0.0,2022-01-13T07:36:10,43660.13,sl,-2.8536,-1.0076,2022-01
2022-01-13T08:14:01,cont,BUY,43858.91,43595.19,44069.89,263.72,115.0,2022-01-13T11:25:47,43590.82,sl,-5.3618,-1.0166,2022-01
2022-01-13T11:26:01,cont,SELL,43579.48,43723.64,43464.15,144.16,37.0,2022-01-13T11:30:30,43726.66,sl,-2.9436,-1.0209,2022-01
2022-01-13T12:58:01,flip,BUY,43834.33,43674.69,43962.04,159.64,0.0,2022-01-13T14:01:10,43962.04,tp,2.5542,0.8,2022-01
2022-01-13T14:08:01,cont,BUY,44015.93,43853.17,44146.14,162.76,70.0,2022-01-13T14:18:50,44146.14,tp,2.6042,0.8,2022-01
2022-01-13T15:51:01,flip,SELL,42970.29,43270.1,42730.44,299.81,0.0,2022-01-13T15:58:48,43271.27,sl,-6.0196,-1.0039,2022-01
2022-01-13T17:16:01,cont,SELL,42801.47,43465.22,42270.47,663.75,85.0,2022-01-14T10:53:37,42270.47,tp,10.62,0.8,2022-01
2022-01-14T12:02:01,flip,BUY,42118.15,41971.17,42235.73,146.98,0.0,2022-01-14T12:03:47,41970.47,sl,-2.9536,-1.0048,2022-01
2022-01-14T12:24:01,cont,BUY,42155.84,41742.47,42486.54,413.37,22.0,2022-01-14T14:38:07,42486.54,tp,6.6139,0.8,2022-01
2022-01-14T15:38:01,flip,SELL,43004.42,43132.51,42901.95,128.09,0.0,2022-01-14T15:48:26,43135.75,sl,-2.6266,-1.0253,2022-01
2022-01-14T16:10:01,cont,SELL,42908.36,43176.35,42693.97,267.99,32.0,2022-01-14T16:32:33,43176.69,sl,-5.3666,-1.0013,2022-01
2022-01-14T16:51:01,flip,BUY,43265.31,43095.36,43401.27,169.95,0.0,2022-01-14T17:22:36,43091.47,sl,-3.4768,-1.0229,2022-01
2022-01-14T17:23:01,flip,SELL,43045.59,43204.97,42918.09,159.38,0.0,2022-01-14T18:00:32,42918.09,tp,2.5501,0.8,2022-01
2022-01-14T18:17:01,cont,SELL,42818.67,43000.8,42672.97,182.13,54.0,2022-01-14T18:43:15,43003.19,sl,-3.6904,-1.0131,2022-01
2022-01-14T19:15:01,flip,BUY,43215.39,43026.91,43366.17,188.48,0.0,2022-01-14T19:35:31,43366.17,tp,3.0157,0.8,2022-01
2022-01-14T19:36:01,cont,BUY,43414.43,43099.7,43666.21,314.73,21.0,2022-01-14T19:58:39,43098.72,sl,-6.3142,-1.0031,2022-01
2022-01-14T20:31:01,flip,SELL,43058.88,43150.5,42985.58,91.62,0.0,2022-01-14T20:33:44,43152.54,sl,-1.8732,-1.0223,2022-01
2022-01-14T21:36:01,flip,BUY,43340.72,43165.36,43481.01,175.36,0.0,2022-01-14T23:21:37,43165.08,sl,-3.5128,-1.0016,2022-01
2022-01-14T23:46:01,flip,SELL,43020.52,43115.76,42944.33,95.24,0.0,2022-01-14T23:46:58,43119.32,sl,-1.976,-1.0374,2022-01
2022-01-15T00:09:01,cont,SELL,42981.15,43184.16,42818.74,203.01,23.0,2022-01-15T00:57:20,43186.41,sl,-4.1052,-1.0111,2022-01
2022-01-15T01:43:01,cont,SELL,42913.69,43178.81,42701.59,265.12,117.0,2022-01-15T03:00:02,43181.76,sl,-5.3614,-1.0111,2022-01
2022-01-15T05:28:01,flip,BUY,43016.4,42866.9,43136.0,149.5,0.0,2022-01-15T10:08:37,43136.0,tp,2.392,0.8,2022-01
2022-01-15T12:29:01,flip,SELL,42947.39,43047.79,42867.07,100.4,0.0,2022-01-15T12:38:42,42867.07,tp,1.6064,0.8,2022-01
2022-01-15T15:43:01,flip,BUY,43345.98,43081.85,43557.28,264.13,0.0,2022-01-15T20:00:08,43557.28,tp,4.2261,0.8,2022-01
2022-01-15T21:24:01,flip,SELL,43403.84,43498.18,43328.37,94.34,0.0,2022-01-15T21:34:13,43328.37,tp,1.5094,0.8,2022-01
2022-01-15T21:40:01,cont,SELL,43228.8,43352.73,43129.66,123.93,16.0,2022-01-15T21:56:14,43354.23,sl,-2.5086,-1.0121,2022-01
2022-01-15T22:29:01,cont,SELL,43151.54,43388.09,42962.3,236.55,65.0,2022-01-15T23:05:12,43390.16,sl,-4.7724,-1.0088,2022-01
2022-01-16T00:30:01,flip,BUY,43152.87,43081.94,43209.61,70.93,0.0,2022-01-16T00:36:12,43080.5,sl,-1.4474,-1.0203,2022-01
2022-01-16T01:03:01,cont,BUY,43199.87,43006.93,43354.22,192.94,33.0,2022-01-16T01:27:05,43005.33,sl,-3.8908,-1.0083,2022-01
2022-01-16T08:52:01,flip,SELL,43151.24,43235.19,43084.08,83.95,0.0,2022-01-16T09:17:41,43084.08,tp,1.3432,0.8,2022-01
2022-01-16T09:21:01,cont,SELL,43055.67,43125.61,42999.72,69.94,29.0,2022-01-16T09:25:20,43126.85,sl,-1.4236,-1.0177,2022-01
2022-01-16T09:44:01,flip,BUY,43175.84,43065.0,43264.51,110.84,0.0,2022-01-16T09:52:18,43064.64,sl,-2.224,-1.0032,2022-01
2022-01-16T10:06:01,cont,BUY,43207.3,43053.36,43330.45,153.94,22.0,2022-01-16T10:54:57,43052.93,sl,-3.0874,-1.0028,2022-01
2022-01-16T10:55:01,flip,SELL,43031.15,43160.33,42927.81,129.18,0.0,2022-01-16T11:00:43,42927.81,tp,2.0669,0.8,2022-01
2022-01-16T14:08:01,flip,BUY,43338.2,43156.72,43483.38,181.48,0.0,2022-01-16T14:14:48,43155.53,sl,-3.6534,-1.0066,2022-01
2022-01-16T14:35:01,cont,BUY,43392.85,43082.44,43641.18,310.41,27.0,2022-01-16T17:49:29,43079.83,sl,-6.2604,-1.0084,2022-01
2022-01-16T18:29:01,flip,SELL,43038.13,43152.88,42946.33,114.75,0.0,2022-01-16T19:11:44,42946.33,tp,1.836,0.8,2022-01
2022-01-16T19:45:01,cont,SELL,42875.29,42978.41,42792.79,103.12,76.0,2022-01-16T20:04:00,42792.79,tp,1.6499,0.8,2022-01
2022-01-16T20:45:01,flip,BUY,43127.36,42934.8,43281.41,192.56,0.0,2022-01-16T21:32:46,42931.12,sl,-3.9248,-1.0191,2022-01
2022-01-16T21:39:01,cont,SELL,42917.44,42977.57,42869.34,60.13,32.0,2022-01-16T21:39:12,42979.29,sl,-1.237,-1.0286,2022-01
2022-01-16T21:53:01,flip,BUY,43047.03,42949.76,43124.85,97.27,0.0,2022-01-16T22:06:56,43124.85,tp,1.5563,0.8,2022-01
2022-01-16T22:15:01,cont,BUY,43254.37,43135.94,43349.11,118.43,22.0,2022-01-16T22:50:05,43135.36,sl,-2.3802,-1.0049,2022-01
2022-01-16T22:59:01,cont,BUY,43277.25,43141.73,43385.67,135.52,66.0,2022-01-16T23:08:33,43140.06,sl,-2.7438,-1.0123,2022-01
2022-01-16T23:13:01,cont,BUY,43322.66,43165.99,43448.0,156.67,80.0,2022-01-16T23:19:26,43156.33,sl,-3.3266,-1.0617,2022-01
2022-01-16T23:48:01,flip,SELL,43104.49,43274.15,42968.76,169.66,0.0,2022-01-17T00:58:07,42968.76,tp,2.7146,0.8,2022-01
2022-01-17T01:14:01,cont,SELL,42857.64,42961.85,42774.27,104.21,86.0,2022-01-17T01:16:54,42966.69,sl,-2.181,-1.0464,2022-01
2022-01-17T01:21:01,cont,SELL,42834.38,42914.04,42770.65,79.66,93.0,2022-01-17T01:22:38,42915.78,sl,-1.628,-1.0218,2022-01
2022-01-17T01:47:01,cont,SELL,42837.77,42913.28,42777.36,75.51,119.0,2022-01-17T01:47:55,42915.33,sl,-1.5512,-1.0271,2022-01
2022-01-17T07:10:01,flip,BUY,42923.98,42713.47,43092.39,210.51,0.0,2022-01-17T07:52:15,42710.78,sl,-4.264,-1.0128,2022-01
2022-01-17T08:03:01,flip,SELL,42624.02,42737.43,42533.29,113.41,0.0,2022-01-17T08:09:50,42739.07,sl,-2.301,-1.0145,2022-01
2022-01-17T08:36:01,flip,BUY,42827.93,42599.45,43010.71,228.48,0.0,2022-01-17T12:05:12,42598.89,sl,-4.5808,-1.0025,2022-01
2022-01-17T12:18:01,cont,SELL,42495.44,42582.13,42426.09,86.69,17.0,2022-01-17T12:19:12,42582.49,sl,-1.741,-1.0042,2022-01
2022-01-17T19:14:01,flip,BUY,42273.04,42130.51,42387.06,142.53,0.0,2022-01-17T19:26:40,42125.11,sl,-2.9586,-1.0379,2022-01
2022-01-17T19:37:01,cont,BUY,42316.36,42117.59,42475.38,198.77,23.0,2022-01-17T20:35:48,42115.54,sl,-4.0164,-1.0103,2022-01
2022-01-17T20:36:01,cont,SELL,42131.63,42192.97,42082.56,61.34,5.0,2022-01-17T20:41:57,42082.56,tp,0.9814,0.8,2022-01
2022-01-17T21:16:01,cont,SELL,41987.34,42169.75,41841.41,182.41,45.0,2022-01-17T21:29:37,41841.41,tp,2.9186,0.8,2022-01
2022-01-18T00:21:01,flip,BUY,42402.39,42055.27,42680.09,347.12,0.0,2022-01-18T03:40:06,42054.44,sl,-6.959,-1.0024,2022-01
2022-01-18T04:19:01,cont,SELL,41977.86,42099.17,41880.81,121.31,117.0,2022-01-18T04:35:28,42099.34,sl,-2.4296,-1.0014,2022-01
2022-01-18T05:11:01,flip,BUY,42178.19,41996.19,42323.79,182.0,0.0,2022-01-18T06:49:03,42323.79,tp,2.912,0.8,2022-01
2022-01-18T07:23:01,flip,SELL,42093.46,42182.34,42022.36,88.88,0.0,2022-01-18T07:26:17,42022.36,tp,1.4221,0.8,2022-01
2022-01-18T08:07:01,cont,SELL,41928.92,42077.39,41810.14,148.47,44.0,2022-01-18T08:24:31,41810.14,tp,2.3755,0.8,2022-01
2022-01-18T08:29:01,cont,SELL,41739.98,41936.25,41582.96,196.27,66.0,2022-01-18T09:24:29,41582.96,tp,3.1403,0.8,2022-01
2022-01-18T09:49:01,flip,BUY,42038.34,41841.19,42196.06,197.15,0.0,2022-01-18T10:02:48,41840.55,sl,-3.9558,-1.0032,2022-01
2022-01-18T10:08:01,cont,BUY,42038.15,41833.26,42202.06,204.89,19.0,2022-01-18T11:12:34,41829.86,sl,-4.1658,-1.0166,2022-01
2022-01-18T11:19:01,cont,SELL,41843.09,41900.31,41797.31,57.22,14.0,2022-01-18T11:25:35,41797.31,tp,0.9155,0.8,2022-01
2022-01-18T11:35:01,cont,SELL,41733.83,41829.81,41657.05,95.98,30.0,2022-01-18T11:45:59,41830.18,sl,-1.927,-1.0039,2022-01
2022-01-18T12:19:01,cont,SELL,41656.69,41963.72,41411.07,307.03,74.0,2022-01-18T14:27:31,41411.07,tp,4.9125,0.8,2022-01
2022-01-18T14:32:01,flip,SELL,41314.94,41547.69,41128.74,232.75,0.0,2022-01-18T14:42:31,41548.38,sl,-4.6688,-1.003,2022-01
2022-01-18T15:12:01,flip,BUY,41731.88,41320.67,42060.85,411.21,0.0,2022-01-18T21:19:12,42060.85,tp,6.5794,0.8,2022-01
2022-01-18T21:30:01,cont,BUY,42302.31,42075.93,42483.41,226.38,22.0,2022-01-18T21:54:37,42483.41,tp,3.6221,0.8,2022-01
2022-01-18T22:43:01,cont,BUY,42629.03,42258.73,42925.27,370.3,95.0,2022-01-19T00:19:38,42257.58,sl,-7.429,-1.0031,2022-01
2022-01-19T00:41:01,flip,SELL,42200.11,42485.4,41971.88,285.29,0.0,2022-01-19T01:17:31,42490.52,sl,-5.8082,-1.0179,2022-01
2022-01-19T09:53:01,flip,BUY,41623.08,41439.86,41769.66,183.22,0.0,2022-01-19T10:13:28,41436.46,sl,-3.7324,-1.0186,2022-01
2022-01-19T11:06:01,cont,BUY,41844.53,41287.55,42290.11,556.98,73.0,2022-01-19T13:09:12,42290.11,tp,8.9117,0.8,2022-01
2022-01-19T15:33:01,flip,SELL,42103.12,42267.7,41971.46,164.58,0.0,2022-01-19T15:41:30,41971.46,tp,2.6333,0.8,2022-01
2022-01-19T16:10:01,cont,SELL,41819.35,42056.09,41629.96,236.74,37.0,2022-01-19T17:00:09,42059.87,sl,-4.8104,-1.016,2022-01
2022-01-19T22:57:01,flip,BUY,42008.02,41887.6,42104.36,120.42,0.0,2022-01-19T23:06:10,41885.58,sl,-2.4488,-1.0168,2022-01
2022-01-19T23:47:01,flip,SELL,41762.82,41879.59,41669.4,116.77,0.0,2022-01-19T23:53:36,41669.4,tp,1.8683,0.8,2022-01
2022-01-20T00:00:01,cont,SELL,41656.56,41722.06,41604.16,65.5,13.0,2022-01-20T00:00:17,41723.36,sl,-1.336,-1.0198,2022-01
2022-01-20T00:06:01,cont,SELL,41657.9,41732.27,41598.4,74.37,19.0,2022-01-20T00:07:38,41732.85,sl,-1.499,-1.0078,2022-01
2022-01-20T00:26:01,flip,BUY,41890.16,41813.55,41951.45,76.61,0.0,2022-01-20T00:27:38,41812.28,sl,-1.5576,-1.0166,2022-01
2022-01-20T00:46:01,flip,SELL,41737.46,41860.56,41638.98,123.1,0.0,2022-01-20T00:54:32,41862.69,sl,-2.5046,-1.0173,2022-01
2022-01-20T01:25:01,cont,SELL,41718.66,41886.8,41584.15,168.14,39.0,2022-01-20T02:02:52,41888.89,sl,-3.4046,-1.0124,2022-01
2022-01-20T02:32:01,flip,BUY,42015.35,41844.2,42152.27,171.15,0.0,2022-01-20T05:21:20,41841.36,sl,-3.4798,-1.0166,2022-01
2022-01-20T18:01:01,flip,SELL,42989.12,43053.49,42937.62,64.37,0.0,2022-01-20T18:13:57,43055.33,sl,-1.3242,-1.0286,2022-01
2022-01-20T18:32:01,cont,SELL,42894.55,43020.71,42793.62,126.16,31.0,2022-01-20T18:38:38,43022.48,sl,-2.5586,-1.014,2022-01
2022-01-20T19:00:01,cont,SELL,42863.93,43089.28,42683.65,225.35,59.0,2022-01-20T19:11:19,43091.39,sl,-4.5492,-1.0094,2022-01
2022-01-21T00:28:01,flip,BUY,40883.69,40584.16,41123.31,299.53,0.0,2022-01-21T01:33:30,40581.44,sl,-6.045,-1.0091,2022-01
2022-01-21T01:36:01,cont,SELL,40549.77,40653.39,40466.87,103.62,3.0,2022-01-21T01:38:10,40466.87,tp,1.6579,0.8,2022-01
2022-01-21T01:59:01,cont,SELL,39708.46,39895.52,39558.81,187.06,26.0,2022-01-21T02:01:25,39896.86,sl,-3.768,-1.0072,2022-01
2022-01-21T02:14:01,cont,SELL,39705.71,39935.23,39522.09,229.52,41.0,2022-01-21T02:21:05,39522.09,tp,3.6723,0.8,2022-01
2022-01-21T03:29:01,cont,SELL,39003.01,40150.13,38085.31,1147.12,116.0,2022-01-21T12:37:21,38085.31,tp,18.3539,0.8,2022-01
2022-01-22T13:16:01,flip,BUY,35942.7,34827.68,36834.72,1115.02,0.0,2022-01-22T15:49:50,34824.09,sl,-22.3722,-1.0032,2022-01
2022-01-22T18:02:01,flip,SELL,34516.41,35460.73,33760.95,944.32,0.0,2022-01-22T20:17:32,35462.37,sl,-18.9192,-1.0017,2022-01
2022-01-22T21:58:01,flip,BUY,35626.81,35347.82,35850.0,278.99,0.0,2022-01-22T22:00:24,35344.18,sl,-5.6526,-1.013,2022-01
2022-01-22T22:21:01,flip,SELL,35146.21,35274.97,35043.2,128.76,0.0,2022-01-22T22:38:13,35043.2,tp,2.0602,0.8,2022-01
2022-01-23T00:22:01,flip,BUY,35298.44,35122.12,35439.5,176.32,0.0,2022-01-23T00:31:28,35439.5,tp,2.8211,0.8,2022-01
2022-01-23T01:24:01,cont,BUY,35484.68,35279.56,35648.78,205.12,62.0,2022-01-23T02:05:39,35277.36,sl,-4.1464,-1.0107,2022-01
2022-01-23T02:06:01,cont,SELL,35275.75,35354.94,35212.4,79.19,14.0,2022-01-23T02:12:21,35212.4,tp,1.267,0.8,2022-01
2022-01-23T02:43:01,cont,SELL,35087.6,35271.51,34940.47,183.91,51.0,2022-01-23T02:56:30,34940.47,tp,2.9426,0.8,2022-01
2022-01-23T03:22:01,cont,SELL,34870.5,34995.04,34770.87,124.54,90.0,2022-01-23T03:34:00,34996.84,sl,-2.5268,-1.0145,2022-01
2022-01-23T04:11:01,flip,BUY,35145.46,34960.9,35293.11,184.56,0.0,2022-01-23T05:13:38,34959.12,sl,-3.7268,-1.0096,2022-01
2022-01-23T05:49:01,cont,BUY,35446.13,34969.87,35827.14,476.26,98.0,2022-01-23T08:11:45,35827.14,tp,7.6202,0.8,2022-01
2022-01-23T08:12:01,flip,BUY,35813.0,35521.13,36046.5,291.87,0.0,2022-01-23T08:12:21,35515.84,sl,-5.9432,-1.0181,2022-01
2022-01-23T09:14:01,cont,BUY,35949.72,35453.53,36346.67,496.19,62.0,2022-01-23T14:40:58,35447.66,sl,-10.0412,-1.0118,2022-01
2022-01-23T14:41:01,flip,SELL,35420.46,35618.55,35261.99,198.09,0.0,2022-01-23T14:47:22,35261.99,tp,3.1694,0.8,2022-01
2022-01-23T21:42:01,flip,BUY,35516.84,35225.53,35749.89,291.31,0.0,2022-01-23T23:04:39,35749.89,tp,4.661,0.8,2022-01
2022-01-24T04:50:01,flip,SELL,35144.29,35485.15,34871.6,340.86,0.0,2022-01-24T08:46:22,34871.6,tp,5.4538,0.8,2022-01
2022-01-24T10:06:01,flip,SELL,34457.73,34839.3,34152.47,381.57,0.0,2022-01-24T10:08:17,34152.47,tp,6.1051,0.8,2022-01
2022-01-24T10:36:01,cont,SELL,33520.82,33740.46,33345.11,219.64,30.0,2022-01-24T10:46:37,33740.51,sl,-4.3938,-1.0002,2022-01
2022-01-24T10:59:01,cont,SELL,33266.16,33728.25,32896.49,462.09,53.0,2022-01-24T11:10:56,33731.52,sl,-9.3072,-1.0071,2022-01
2022-01-24T15:38:01,flip,BUY,34335.33,33061.5,35354.39,1273.83,0.0,2022-01-24T17:42:56,35354.39,tp,20.3813,0.8,2022-01
2022-01-26T06:48:01,flip,SELL,37325.59,37484.06,37198.81,158.47,0.0,2022-01-26T07:15:16,37198.81,tp,2.5355,0.8,2022-01
2022-01-26T08:29:01,flip,BUY,37597.51,37455.2,37711.36,142.31,0.0,2022-01-26T09:03:28,37711.36,tp,2.277,0.8,2022-01
2022-01-26T09:04:01,cont,BUY,37734.23,37511.06,37912.77,223.17,35.0,2022-01-26T09:22:10,37912.77,tp,3.5707,0.8,2022-01
2022-01-26T14:45:01,flip,SELL,38082.91,38249.97,37949.26,167.06,0.0,2022-01-26T14:46:39,38250.97,sl,-3.3612,-1.006,2022-01
2022-01-26T15:01:01,flip,BUY,38325.8,38190.88,38433.74,134.92,0.0,2022-01-26T15:14:18,38190.42,sl,-2.7076,-1.0034,2022-01
2022-01-26T20:01:01,flip,SELL,37317.21,38348.39,36492.27,1031.18,0.0,2022-01-26T21:47:39,36492.27,tp,16.4989,0.8,2022-01
2022-01-26T21:48:01,cont,SELL,36451.01,36677.47,36269.84,226.46,107.0,2022-01-26T23:10:32,36680.52,sl,-4.5902,-1.0135,2022-01
2022-01-26T23:25:01,cont,BUY,36862.69,36664.43,37021.3,198.26,21.0,2022-01-27T00:17:14,37021.3,tp,3.1722,0.8,2022-01
2022-01-27T01:31:01,flip,SELL,36615.88,36780.15,36484.46,164.27,0.0,2022-01-27T01:31:54,36484.46,tp,2.6283,0.8,2022-01
2022-01-27T01:48:01,cont,SELL,36183.31,36281.73,36104.57,98.42,17.0,2022-01-27T01:53:41,36104.57,tp,1.5747,0.8,2022-01
2022-01-27T02:06:01,cont,SELL,35823.74,35910.38,35754.43,86.64,35.0,2022-01-27T02:11:58,35912.77,sl,-1.7806,-1.0276,2022-01
2022-01-27T02:36:01,cont,SELL,35728.16,35969.6,35535.01,241.44,65.0,2022-01-27T02:45:50,35969.71,sl,-4.831,-1.0005,2022-01
2022-01-27T02:58:01,flip,BUY,36040.51,35922.98,36134.53,117.53,0.0,2022-01-27T03:05:45,36134.53,tp,1.8805,0.8,2022-01
2022-01-27T10:43:01,flip,SELL,36443.93,36511.78,36389.65,67.85,0.0,2022-01-27T10:48:40,36512.29,sl,-1.3672,-1.0075,2022-01
2022-01-27T11:28:01,flip,BUY,36635.62,36420.25,36807.92,215.37,0.0,2022-01-27T11:35:39,36807.92,tp,3.4459,0.8,2022-01
2022-01-27T13:10:01,cont,BUY,36840.06,36529.18,37088.76,310.88,102.0,2022-01-27T14:33:51,37088.76,tp,4.9741,0.8,2022-01
2022-01-27T15:25:01,flip,SELL,36790.28,37112.25,36532.7,321.97,0.0,2022-01-27T16:07:50,36532.7,tp,5.1515,0.8,2022-01
2022-01-27T16:08:01,cont,SELL,36458.82,36671.13,36288.97,212.31,43.0,2022-01-27T16:34:31,36675.72,sl,-4.338,-1.0216,2022-01
2022-01-27T17:11:01,cont,SELL,36337.17,36728.65,36023.99,391.48,106.0,2022-01-27T19:34:25,36023.99,tp,6.2637,0.8,2022-01
2022-01-27T22:39:01,flip,BUY,36391.4,35903.31,36781.87,488.09,0.0,2022-01-27T22:45:28,36781.87,tp,7.8094,0.8,2022-01
2022-01-27T23:10:01,cont,BUY,37005.02,36701.87,37247.54,303.15,31.0,2022-01-28T00:04:41,37247.54,tp,4.8504,0.8,2022-01
2022-01-28T00:05:01,cont,BUY,37338.59,37092.6,37535.38,245.99,86.0,2022-01-28T01:21:52,37092.29,sl,-4.926,-1.0013,2022-01
2022-01-28T02:05:01,flip,SELL,36707.02,36955.62,36508.14,248.6,0.0,2022-01-28T02:50:55,36957.06,sl,-5.0008,-1.0058,2022-01
2022-01-28T03:13:01,flip,BUY,37333.43,37149.84,37480.3,183.59,0.0,2022-01-28T04:47:28,37147.35,sl,-3.7216,-1.0136,2022-01
2022-01-28T07:32:01,flip,SELL,36829.35,37097.67,36614.69,268.32,0.0,2022-01-28T08:20:29,36614.69,tp,4.2931,0.8,2022-01
2022-01-28T08:46:01,cont,SELL,36456.67,36664.02,36290.79,207.35,74.0,2022-01-28T08:52:23,36667.42,sl,-4.215,-1.0164,2022-01
2022-01-28T14:09:01,flip,BUY,37101.53,36734.32,37395.3,367.21,0.0,2022-01-28T14:35:37,36729.29,sl,-7.4448,-1.0137,2022-01
2022-01-28T14:49:01,flip,SELL,36655.73,36750.09,36580.24,94.36,0.0,2022-01-28T14:49:09,36751.05,sl,-1.9064,-1.0102,2022-01
2022-01-28T16:12:01,flip,BUY,37362.83,36885.88,37744.39,476.95,0.0,2022-01-28T17:50:08,36884.27,sl,-9.5712,-1.0034,2022-01
2022-01-28T17:51:01,cont,SELL,36860.55,37045.17,36712.85,184.62,82.0,2022-01-28T18:33:05,37051.03,sl,-3.8096,-1.0317,2022-01
2022-01-28T19:53:01,flip,BUY,37175.08,36778.63,37492.24,396.45,0.0,2022-01-28T20:41:09,37492.24,tp,6.3432,0.8,2022-01
2022-01-28T21:18:01,cont,BUY,37930.47,37671.74,38137.45,258.73,85.0,2022-01-28T22:57:37,37671.16,sl,-5.1862,-1.0022,2022-01
2022-01-29T01:28:01,flip,SELL,37605.17,37977.93,37306.96,372.76,0.0,2022-01-29T13:32:20,37982.56,sl,-7.5478,-1.0124,2022-01
2022-01-29T21:06:01,flip,BUY,38672.06,38138.06,39099.26,534.0,0.0,2022-01-29T22:25:58,38136.96,sl,-10.702,-1.0021,2022-01
2022-01-29T23:02:01,flip,SELL,38006.46,38169.1,37876.35,162.64,0.0,2022-01-29T23:54:31,38170.18,sl,-3.2744,-1.0066,2022-01
2022-01-30T00:41:01,cont,SELL,37860.5,38266.74,37535.51,406.24,99.0,2022-01-30T05:10:21,38270.96,sl,-8.2092,-1.0104,2022-01
2022-01-30T21:47:01,flip,BUY,37813.33,37526.02,38043.18,287.31,0.0,2022-01-30T23:06:03,38043.18,tp,4.597,0.8,2022-01
2022-01-31T01:16:01,flip,SELL,36824.52,37009.61,36676.45,185.09,0.0,2022-01-31T02:24:13,37009.75,sl,-3.7046,-1.0008,2022-01
2022-01-31T02:33:01,flip,BUY,37014.59,36928.78,37083.24,85.81,0.0,2022-01-31T04:21:28,36923.98,sl,-1.8122,-1.0559,2022-01
2022-01-31T04:23:01,flip,SELL,36924.42,37008.74,36856.96,84.32,0.0,2022-01-31T04:47:22,37009.12,sl,-1.694,-1.0045,2022-01
2022-01-31T05:39:01,flip,BUY,37030.56,36882.54,37148.98,148.02,0.0,2022-01-31T07:37:04,37148.98,tp,2.3683,0.8,2022-01
2022-01-31T08:17:01,flip,BUY,37252.93,37116.86,37361.79,136.07,0.0,2022-01-31T10:58:20,37361.79,tp,2.1771,0.8,2022-01
2022-01-31T11:24:01,flip,SELL,37214.66,37286.95,37156.83,72.29,0.0,2022-01-31T11:38:08,37156.83,tp,1.1566,0.8,2022-01
2022-01-31T12:16:01,cont,SELL,36928.04,37412.51,36540.46,484.47,52.0,2022-01-31T14:10:56,37412.53,sl,-9.6898,-1.0,2022-01
2022-01-31T14:35:01,flip,BUY,37505.34,37223.96,37730.44,281.38,0.0,2022-01-31T15:08:25,37730.44,tp,4.5021,0.8,2022-01
2022-01-31T16:07:01,cont,BUY,37955.7,37693.13,38165.76,262.57,92.0,2022-01-31T16:52:33,38165.76,tp,4.2011,0.8,2022-01
2022-02-02T15:15:01,flip,SELL,37600.22,37800.99,37439.6,200.77,0.0,2022-02-02T15:35:42,37439.6,tp,3.2123,0.8,2022-02
2022-02-02T15:54:01,cont,SELL,37427.38,37585.5,37300.88,158.12,39.0,2022-02-02T16:07:11,37300.88,tp,2.5299,0.8,2022-02
2022-02-02T16:08:01,cont,SELL,37247.27,37380.55,37140.65,133.28,53.0,2022-02-02T16:15:54,37140.65,tp,2.1325,0.8,2022-02
2022-02-02T17:06:02,flip,BUY,37423.85,37310.01,37514.92,113.84,0.0,2022-02-02T17:09:11,37514.92,tp,1.8214,0.8,2022-02
2022-02-02T19:04:01,cont,BUY,37589.6,37350.54,37780.85,239.06,118.0,2022-02-02T21:09:59,37348.98,sl,-4.8124,-1.0065,2022-02
2022-02-02T21:20:02,cont,SELL,37249.55,37441.05,37096.35,191.5,11.0,2022-02-02T21:34:49,37096.35,tp,3.064,0.8,2022-02
2022-02-03T11:52:01,flip,BUY,36739.93,36640.59,36819.4,99.34,0.0,2022-02-03T12:06:39,36639.45,sl,-2.0096,-1.0115,2022-02
2022-02-03T12:27:01,flip,SELL,36532.58,36705.96,36393.88,173.38,0.0,2022-02-03T12:28:09,36393.88,tp,2.7741,0.8,2022-02
2022-02-03T13:11:01,flip,BUY,36793.01,36621.67,36930.08,171.34,0.0,2022-02-03T13:44:41,36620.36,sl,-3.453,-1.0076,2022-02
2022-02-03T19:40:01,flip,SELL,36570.89,36890.66,36315.07,319.77,0.0,2022-02-03T20:54:50,36315.07,tp,5.1163,0.8,2022-02
2022-02-03T21:34:01,flip,BUY,36922.08,36780.37,37035.45,141.71,0.0,2022-02-03T21:54:57,37035.45,tp,2.2674,0.8,2022-02
2022-02-03T21:55:01,cont,BUY,37064.54,36927.2,37174.41,137.34,21.0,2022-02-03T22:01:39,36924.49,sl,-2.801,-1.0197,2022-02
2022-02-03T22:30:01,flip,SELL,36872.71,37027.0,36749.28,154.29,0.0,2022-02-03T23:06:21,37027.01,sl,-3.086,-1.0001,2022-02
2022-02-03T23:47:01,flip,BUY,37094.09,36960.35,37201.08,133.74,0.0,2022-02-03T23:58:08,37201.08,tp,2.1398,0.8,2022-02
2022-02-04T04:21:01,flip,SELL,37293.96,37379.98,37225.14,86.02,0.0,2022-02-04T04:36:22,37380.22,sl,-1.7252,-1.0028,2022-02
2022-02-04T05:12:02,flip,BUY,37448.61,37307.3,37561.66,141.31,0.0,2022-02-04T05:18:40,37561.66,tp,2.261,0.8,2022-02
2022-02-04T06:03:01,cont,BUY,37706.51,37540.79,37839.09,165.72,51.0,2022-02-04T06:07:27,37839.09,tp,2.6515,0.8,2022-02
2022-02-04T07:04:01,cont,BUY,38210.7,37925.58,38438.8,285.12,112.0,2022-02-04T07:08:48,37925.15,sl,-5.711,-1.0015,2022-02
2022-02-04T07:19:01,flip,SELL,37915.31,38005.26,37843.35,89.95,0.0,2022-02-04T07:26:46,38009.67,sl,-1.8872,-1.049,2022-02
2022-02-04T07:47:01,cont,SELL,37869.29,37987.7,37774.56,118.41,28.0,2022-02-04T08:00:32,37993.8,sl,-2.4902,-1.0515,2022-02
2022-02-04T08:19:01,flip,BUY,38075.81,37970.97,38159.68,104.84,0.0,2022-02-04T08:22:31,37969.53,sl,-2.1256,-1.0137,2022-02
2022-02-04T09:50:01,cont,BUY,38096.74,37869.93,38278.19,226.81,91.0,2022-02-04T10:31:47,37869.87,sl,-4.5374,-1.0003,2022-02
2022-02-04T11:55:01,flip,SELL,37850.77,37985.16,37743.26,134.39,0.0,2022-02-04T12:23:14,37988.97,sl,-2.764,-1.0284,2022-02
2022-02-04T12:24:01,flip,BUY,37965.81,37873.64,38039.55,92.17,0.0,2022-02-04T12:45:48,38039.55,tp,1.4747,0.8,2022-02
2022-02-04T13:17:01,cont,BUY,38102.47,37930.24,38240.25,172.23,53.0,2022-02-04T13:20:18,37926.87,sl,-3.512,-1.0196,2022-02
2022-02-04T13:31:01,flip,SELL,37693.84,37996.35,37451.83,302.51,0.0,2022-02-04T13:57:24,37451.83,tp,4.8402,0.8,2022-02
2022-02-04T14:26:01,flip,BUY,37811.82,37680.17,37917.14,131.65,0.0,2022-02-04T14:30:14,37917.14,tp,2.1064,0.8,2022-02
2022-02-04T14:31:01,cont,BUY,37934.54,37720.7,38105.61,213.84,5.0,2022-02-04T14:32:56,37718.89,sl,-4.313,-1.0085,2022-02
2022-02-04T15:05:01,cont,BUY,38163.5,37639.98,38582.32,523.52,39.0,2022-02-04T15:11:34,38582.32,tp,8.3763,0.8,2022-02
2022-02-04T21:14:01,flip,SELL,40450.59,40573.22,40352.49,122.63,0.0,2022-02-04T21:43:44,40575.68,sl,-2.5018,-1.0201,2022-02
2022-02-04T22:08:01,cont,SELL,40401.74,40616.86,40229.64,215.12,54.0,2022-02-04T22:51:35,40621.39,sl,-4.393,-1.0211,2022-02
2022-02-04T23:32:01,flip,BUY,40720.41,40555.51,40852.33,164.9,0.0,2022-02-04T23:45:39,40852.33,tp,2.6384,0.8,2022-02
2022-02-05T00:14:01,cont,BUY,41733.89,41360.33,42032.74,373.56,42.0,2022-02-05T01:14:40,41357.12,sl,-7.5354,-1.0086,2022-02
2022-02-05T01:47:01,cont,SELL,41250.03,41493.59,41055.18,243.56,39.0,2022-02-05T03:04:12,41496.45,sl,-4.9284,-1.0117,2022-02
2022-02-05T04:12:01,flip,BUY,41555.34,41445.5,41643.21,109.84,0.0,2022-02-05T04:22:41,41643.21,tp,1.7574,0.8,2022-02
2022-02-05T16:55:01,flip,SELL,41349.55,41477.27,41247.37,127.72,0.0,2022-02-05T17:03:46,41247.37,tp,2.0435,0.8,2022-02
2022-02-05T18:24:01,flip,BUY,41703.07,41542.59,41831.45,160.48,0.0,2022-02-05T19:30:12,41538.84,sl,-3.2846,-1.0234,2022-02
2022-02-05T20:03:01,flip,SELL,41480.29,41660.29,41336.29,180.0,0.0,2022-02-05T20:56:41,41661.54,sl,-3.625,-1.0069,2022-02
2022-02-05T21:14:01,flip,BUY,41742.0,41647.44,41817.65,94.56,0.0,2022-02-05T21:30:20,41646.02,sl,-1.9196,-1.015,2022-02
2022-02-05T22:54:01,flip,SELL,41563.2,41750.81,41413.11,187.61,0.0,2022-02-05T23:53:11,41413.11,tp,3.0018,0.8,2022-02
2022-02-06T01:54:01,flip,BUY,41640.19,41483.76,41765.33,156.43,0.0,2022-02-06T03:15:10,41480.06,sl,-3.2026,-1.0237,2022-02
2022-02-06T04:06:01,flip,SELL,41426.94,41511.58,41359.23,84.64,0.0,2022-02-06T04:17:38,41359.23,tp,1.3542,0.8,2022-02
2022-02-06T05:00:01,flip,BUY,41584.28,41505.34,41647.43,78.94,0.0,2022-02-06T05:04:50,41501.5,sl,-1.6556,-1.0486,2022-02
2022-02-06T05:23:01,cont,BUY,41589.69,41483.31,41674.79,106.38,23.0,2022-02-06T06:15:46,41481.27,sl,-2.1684,-1.0192,2022-02
2022-02-06T06:22:28,flip,SELL,41484.97,41525.8,41452.31,40.83,0.0,2022-02-06T06:26:08,41528.99,sl,-0.8804,-1.0781,2022-02
2022-02-06T06:50:01,cont,SELL,41469.58,41571.89,41387.73,102.31,28.0,2022-02-06T07:44:04,41574.8,sl,-2.1044,-1.0284,2022-02
2022-02-06T15:02:01,flip,SELL,41218.97,41328.6,41131.27,109.63,0.0,2022-02-06T15:02:53,41328.68,sl,-2.1942,-1.0007,2022-02
2022-02-06T15:32:01,flip,BUY,41524.7,41292.98,41710.08,231.72,0.0,2022-02-06T17:10:11,41710.08,tp,3.7075,0.8,2022-02
2022-02-06T17:12:01,cont,BUY,41727.39,41513.52,41898.49,213.87,100.0,2022-02-06T18:31:39,41507.77,sl,-4.3924,-1.0269,2022-02
2022-02-06T18:55:01,flip,SELL,41494.72,41686.63,41341.19,191.91,0.0,2022-02-06T19:24:09,41686.81,sl,-3.8418,-1.0009,2022-02
2022-02-06T19:56:01,flip,BUY,41734.74,41614.0,41831.33,120.74,0.0,2022-02-06T20:48:18,41611.97,sl,-2.4554,-1.0168,2022-02
2022-02-06T23:19:01,flip,BUY,42154.87,41706.12,42513.87,448.75,0.0,2022-02-06T23:44:27,42513.87,tp,7.18,0.8,2022-02
2022-02-07T00:26:01,flip,SELL,41827.51,42122.27,41591.7,294.76,0.0,2022-02-07T01:37:34,42126.45,sl,-5.9788,-1.0142,2022-02
2022-02-07T01:46:01,flip,BUY,42241.84,42070.52,42378.9,171.32,0.0,2022-02-07T01:58:06,42066.21,sl,-3.5126,-1.0252,2022-02
2022-02-07T02:15:01,cont,BUY,42240.3,42052.5,42390.54,187.8,29.0,2022-02-07T02:28:19,42390.54,tp,3.0048,0.8,2022-02
2022-02-07T02:29:01,cont,BUY,42454.58,42316.23,42565.26,138.35,43.0,2022-02-07T02:44:17,42565.26,tp,2.2136,0.8,2022-02
2022-02-07T03:30:01,cont,BUY,42817.26,42352.25,43189.27,465.01,104.0,2022-02-07T09:35:45,42347.72,sl,-9.3908,-1.0097,2022-02
2022-02-07T11:08:01,flip,BUY,42692.36,42559.16,42798.92,133.2,0.0,2022-02-07T12:00:23,42798.92,tp,2.1312,0.8,2022-02
2022-02-07T12:10:01,flip,SELL,42654.09,42762.23,42567.58,108.14,0.0,2022-02-07T12:28:05,42567.58,tp,1.7302,0.8,2022-02
2022-02-07T13:19:01,flip,BUY,42815.12,42663.52,42936.4,151.6,0.0,2022-02-07T14:22:44,42936.4,tp,2.4256,0.8,2022-02
2022-02-07T14:29:01,cont,BUY,43009.0,42796.6,43178.92,212.4,70.0,2022-02-07T14:39:17,43178.92,tp,3.3984,0.8,2022-02
2022-02-07T14:40:01,cont,BUY,43190.97,42811.2,43494.79,379.77,81.0,2022-02-07T15:00:46,43494.79,tp,6.0763,0.8,2022-02
2022-02-07T18:43:01,flip,SELL,44034.06,44213.46,43890.54,179.4,0.0,2022-02-07T18:49:46,43890.54,tp,2.8704,0.8,2022-02
2022-02-07T19:17:01,flip,BUY,44282.08,44159.02,44380.53,123.06,0.0,2022-02-07T19:22:13,44380.53,tp,1.969,0.8,2022-02
2022-02-07T19:44:01,cont,BUY,44526.47,44249.26,44748.24,277.21,27.0,2022-02-07T20:19:59,44244.69,sl,-5.6356,-1.0165,2022-02
2022-02-07T20:34:01,flip,SELL,44158.87,44308.3,44039.33,149.43,0.0,2022-02-07T20:49:30,44039.33,tp,2.3909,0.8,2022-02
2022-02-07T20:53:01,cont,SELL,43950.55,44168.31,43776.34,217.76,19.0,2022-02-07T20:59:09,44168.66,sl,-4.3622,-1.0016,2022-02
2022-02-07T21:07:01,flip,BUY,44261.66,44009.61,44463.3,252.05,0.0,2022-02-07T21:20:12,44003.78,sl,-5.1576,-1.0231,2022-02
2022-02-07T23:34:01,flip,SELL,43816.83,44233.04,43483.86,416.21,0.0,2022-02-08T03:41:59,44234.6,sl,-8.3554,-1.0037,2022-02
2022-02-08T04:39:01,flip,BUY,44267.32,44141.69,44367.82,125.63,0.0,2022-02-08T04:57:15,44367.82,tp,2.0101,0.8,2022-02
2022-02-08T05:10:01,cont,BUY,44434.41,44344.89,44506.03,89.52,31.0,2022-02-08T05:17:11,44340.21,sl,-1.884,-1.0523,2022-02
2022-02-08T05:36:01,cont,BUY,44453.76,44278.53,44593.94,175.23,57.0,2022-02-08T05:46:33,44593.94,tp,2.8037,0.8,2022-02
2022-02-08T06:10:01,cont,BUY,45042.71,44789.99,45244.89,252.72,91.0,2022-02-08T06:10:23,45244.89,tp,4.0435,0.8,2022-02
2022-02-08T08:13:01,flip,SELL,44424.74,44968.86,43989.44,544.12,0.0,2022-02-08T08:53:43,43989.44,tp,8.7059,0.8,2022-02
2022-02-08T08:54:01,cont,SELL,43986.0,44317.3,43720.96,331.3,41.0,2022-02-08T09:12:01,43720.96,tp,5.3008,0.8,2022-02
2022-02-08T17:53:01,flip,BUY,43088.65,42869.25,43264.17,219.4,0.0,2022-02-08T18:32:48,43264.17,tp,3.5104,0.8,2022-02
2022-02-08T18:36:01,cont,BUY,43309.09,43202.38,43394.46,106.71,43.0,2022-02-08T18:38:37,43201.7,sl,-2.1478,-1.0064,2022-02
2022-02-08T18:52:01,flip,SELL,43033.55,43139.01,42949.18,105.46,0.0,2022-02-08T18:53:27,42949.18,tp,1.6874,0.8,2022-02
2022-02-08T19:26:01,cont,SELL,42901.54,43160.25,42694.57,258.71,34.0,2022-02-08T20:07:45,43161.71,sl,-5.2034,-1.0056,2022-02
2022-02-08T20:27:01,flip,BUY,43493.09,43274.19,43668.21,218.9,0.0,2022-02-08T20:30:42,43668.21,tp,3.5024,0.8,2022-02
2022-02-08T20:49:01,cont,BUY,44309.76,43993.58,44562.7,316.18,22.0,2022-02-08T21:13:12,43993.57,sl,-6.3238,-1.0,2022-02
2022-02-08T22:35:01,flip,SELL,43925.32,44400.78,43544.95,475.46,0.0,2022-02-09T02:12:05,43544.95,tp,7.6074,0.8,2022-02
2022-02-09T03:28:01,flip,BUY,43487.74,43295.04,43641.9,192.7,0.0,2022-02-09T05:09:28,43293.43,sl,-3.8862,-1.0084,2022-02
2022-02-09T05:20:01,flip,SELL,43142.63,43317.39,43002.82,174.76,0.0,2022-02-09T05:23:19,43318.72,sl,-3.5218,-1.0076,2022-02
2022-02-09T05:38:01,flip,BUY,43516.37,43419.06,43594.22,97.31,0.0,2022-02-09T05:43:58,43594.22,tp,1.557,0.8,2022-02
2022-02-09T06:44:01,cont,BUY,43816.31,43666.04,43936.53,150.27,66.0,2022-02-09T07:03:44,43666.03,sl,-3.0056,-1.0001,2022-02
2022-02-09T07:20:01,flip,SELL,43602.73,43729.51,43501.31,126.78,0.0,2022-02-09T07:33:00,43501.31,tp,2.0285,0.8,2022-02
2022-02-09T08:23:01,cont,SELL,43382.9,43947.85,42930.94,564.95,63.0,2022-02-09T12:33:43,43953.28,sl,-11.4076,-1.0096,2022-02
2022-02-09T13:12:01,flip,BUY,44367.64,44059.53,44614.13,308.11,0.0,2022-02-09T13:52:40,44054.75,sl,-6.2578,-1.0155,2022-02
2022-02-09T16:02:01,flip,SELL,43798.32,44292.32,43403.12,494.0,0.0,2022-02-09T17:15:57,44294.15,sl,-9.9166,-1.0037,2022-02
2022-02-09T19:04:01,flip,BUY,44401.19,43967.2,44748.38,433.99,0.0,2022-02-09T20:36:41,44748.38,tp,6.9438,0.8,2022-02
2022-02-09T20:48:01,cont,BUY,44841.67,44654.63,44991.3,187.04,104.0,2022-02-09T21:01:18,44651.16,sl,-3.8102,-1.0186,2022-02
2022-02-09T21:22:01,flip,SELL,44610.56,44737.22,44509.23,126.66,0.0,2022-02-09T21:56:42,44509.23,tp,2.0266,0.8,2022-02
2022-02-09T22:14:01,cont,SELL,44462.62,44587.35,44362.84,124.73,52.0,2022-02-09T22:24:20,44362.84,tp,1.9957,0.8,2022-02
2022-02-09T22:54:01,flip,BUY,44621.73,44477.93,44736.77,143.8,0.0,2022-02-09T23:16:23,44477.49,sl,-2.8848,-1.0031,2022-02
2022-02-09T23:40:01,flip,SELL,44352.54,44447.38,44276.67,94.84,0.0,2022-02-09T23:52:18,44448.13,sl,-1.9118,-1.0079,2022-02
2022-02-09T23:57:01,cont,SELL,44306.53,44422.92,44213.42,116.39,17.0,2022-02-09T23:57:40,44423.76,sl,-2.3446,-1.0072,2022-02
2022-02-10T00:08:01,cont,SELL,44275.33,44435.08,44147.53,159.75,28.0,2022-02-10T00:18:07,44147.53,tp,2.556,0.8,2022-02
2022-02-10T00:25:01,cont,SELL,44074.83,44216.27,43961.68,141.44,45.0,2022-02-10T00:29:16,44218.65,sl,-2.8764,-1.0168,2022-02
2022-02-10T01:24:01,flip,BUY,44292.67,44161.46,44397.64,131.21,0.0,2022-02-10T01:29:35,44158.55,sl,-2.6824,-1.0222,2022-02
2022-02-10T01:47:01,cont,BUY,44295.27,44147.73,44413.3,147.54,23.0,2022-02-10T02:48:57,44142.08,sl,-3.0638,-1.0383,2022-02
2022-02-10T02:57:01,flip,SELL,44019.31,44157.54,43908.73,138.23,0.0,2022-02-10T02:59:27,43908.73,tp,2.2117,0.8,2022-02
2022-02-10T04:51:01,cont,SELL,43618.6,43937.13,43363.78,318.53,114.0,2022-02-10T05:45:23,43939.14,sl,-6.4108,-1.0063,2022-02
2022-02-10T06:41:01,flip,BUY,44009.91,43776.54,44196.61,233.37,0.0,2022-02-10T08:07:26,44196.61,tp,3.7339,0.8,2022-02
2022-02-10T13:31:01,flip,SELL,44438.42,45085.5,43920.76,647.08,0.0,2022-02-10T13:35:47,43920.76,tp,10.3533,0.8,2022-02
2022-02-10T13:56:01,cont,SELL,43677.42,43917.08,43485.69,239.66,25.0,2022-02-10T14:02:21,43485.69,tp,3.8346,0.8,2022-02
2022-02-10T15:39:01,flip,BUY,45282.65,44704.24,45745.38,578.41,0.0,2022-02-10T17:17:45,45745.38,tp,9.2546,0.8,2022-02
2022-02-10T17:18:01,cont,BUY,45791.17,44846.15,46547.19,945.02,99.0,2022-02-10T19:08:04,44842.12,sl,-18.981,-1.0043,2022-02
2022-02-10T19:20:01,flip,SELL,44601.83,44746.43,44486.15,144.6,0.0,2022-02-10T19:25:00,44746.93,sl,-2.902,-1.0035,2022-02
2022-02-10T19:51:01,cont,SELL,44550.34,44788.99,44359.42,238.65,31.0,2022-02-10T20:00:17,44359.42,tp,3.8184,0.8,2022-02
2022-02-10T20:22:01,cont,SELL,44196.17,44601.94,43871.55,405.77,62.0,2022-02-10T20:43:00,43871.55,tp,6.4923,0.8,2022-02
2022-02-11T12:25:01,flip,BUY,43704.32,42814.14,44416.46,890.18,0.0,2022-02-11T18:43:25,42814.11,sl,-17.8042,-1.0,2022-02
2022-02-12T01:53:01,flip,BUY,42477.35,42204.89,42695.32,272.46,0.0,2022-02-12T03:28:03,42203.51,sl,-5.4768,-1.0051,2022-02
2022-02-12T03:52:01,flip,BUY,42349.27,42276.05,42407.85,73.22,0.0,2022-02-12T03:56:37,42270.58,sl,-1.5738,-1.0747,2022-02
2022-02-12T04:08:01,cont,BUY,42379.91,42194.87,42527.94,185.04,16.0,2022-02-12T05:31:40,42191.85,sl,-3.7612,-1.0163,2022-02
2022-02-12T05:32:01,cont,SELL,42179.73,42275.91,42102.79,96.18,37.0,2022-02-12T05:33:02,42279.77,sl,-2.0008,-1.0401,2022-02
2022-02-12T06:13:01,cont,SELL,42116.64,42307.92,41963.62,191.28,78.0,2022-02-12T06:42:34,41963.62,tp,3.0605,0.8,2022-02
2022-02-12T08:07:01,flip,BUY,42185.68,41917.68,42400.08,268.0,0.0,2022-02-12T09:53:09,42400.08,tp,4.288,0.8,2022-02
2022-02-12T11:19:01,flip,SELL,41993.91,42255.67,41784.5,261.76,0.0,2022-02-12T11:30:33,42257.8,sl,-5.2778,-1.0081,2022-02
2022-02-12T11:43:01,flip,BUY,42332.68,42166.3,42465.78,166.38,0.0,2022-02-12T13:02:26,42166.1,sl,-3.3316,-1.0012,2022-02
2022-02-12T13:53:01,cont,SELL,42120.56,42319.43,41961.46,198.87,74.0,2022-02-12T14:37:49,41961.46,tp,3.1819,0.8,2022-02
2022-02-12T16:08:01,flip,BUY,42281.08,41820.62,42649.45,460.46,0.0,2022-02-12T16:40:22,42649.45,tp,7.3674,0.8,2022-02
2022-02-15T04:36:01,flip,SELL,43525.34,43603.85,43462.53,78.51,0.0,2022-02-15T05:06:48,43462.53,tp,1.2562,0.8,2022-02
2022-02-15T05:27:01,flip,BUY,43610.56,43547.82,43660.75,62.74,0.0,2022-02-15T06:11:14,43660.75,tp,1.0038,0.8,2022-02
2022-02-15T06:12:01,cont,BUY,43704.42,43592.82,43793.7,111.6,45.0,2022-02-15T06:25:04,43589.99,sl,-2.2886,-1.0254,2022-02
2022-02-15T07:19:01,flip,SELL,43551.77,43654.3,43469.75,102.53,0.0,2022-02-15T07:19:50,43656.72,sl,-2.099,-1.0236,2022-02
2022-02-15T07:45:01,flip,BUY,43766.35,43683.03,43833.01,83.32,0.0,2022-02-15T07:46:15,43679.74,sl,-1.7322,-1.0395,2022-02
2022-02-15T07:49:01,cont,BUY,43769.98,43705.16,43821.84,64.82,4.0,2022-02-15T07:58:42,43704.14,sl,-1.3168,-1.0157,2022-02
2022-02-15T08:09:01,cont,BUY,43854.35,43642.23,44024.05,212.12,24.0,2022-02-15T08:37:06,44024.05,tp,3.3939,0.8,2022-02
2022-02-16T13:50:01,flip,SELL,43673.14,44360.78,43123.03,687.64,0.0,2022-02-16T19:26:48,44361.31,sl,-13.7634,-1.0008,2022-02
2022-02-17T04:00:02,flip,SELL,43602.84,43687.74,43534.92,84.9,0.0,2022-02-17T04:01:33,43534.92,tp,1.3584,0.8,2022-02
2022-02-17T04:49:01,flip,BUY,43761.21,43650.1,43850.1,111.11,0.0,2022-02-17T04:54:44,43646.32,sl,-2.2978,-1.034,2022-02
2022-02-17T06:30:01,cont,BUY,43849.26,43527.78,44106.44,321.48,101.0,2022-02-17T08:32:49,43526.59,sl,-6.4534,-1.0037,2022-02
2022-02-17T09:20:01,flip,SELL,43201.9,43431.66,43018.09,229.76,0.0,2022-02-17T09:21:34,43018.09,tp,3.6762,0.8,2022-02
2022-02-17T23:17:01,flip,BUY,40743.46,40444.84,40982.36,298.62,0.0,2022-02-18T00:02:44,40441.66,sl,-6.036,-1.0106,2022-02
2022-02-18T11:04:01,flip,SELL,40694.99,40859.41,40563.45,164.42,0.0,2022-02-18T11:08:11,40563.45,tp,2.6307,0.8,2022-02
2022-02-18T11:19:01,cont,SELL,40379.88,40510.19,40275.63,130.31,15.0,2022-02-18T11:36:43,40275.63,tp,2.085,0.8,2022-02
2022-02-18T11:58:01,cont,SELL,40134.47,40399.08,39922.78,264.61,54.0,2022-02-18T12:02:47,40402.03,sl,-5.3512,-1.0111,2022-02
2022-02-20T10:32:01,flip,BUY,38417.56,38114.52,38659.99,303.04,0.0,2022-02-20T14:18:55,38110.49,sl,-6.1414,-1.0133,2022-02
2022-02-20T15:55:01,flip,BUY,38438.74,38307.87,38543.44,130.87,0.0,2022-02-20T16:00:34,38304.14,sl,-2.692,-1.0285,2022-02
2022-02-20T17:32:01,flip,SELL,38259.98,38427.27,38126.15,167.29,0.0,2022-02-20T18:33:18,38429.12,sl,-3.3828,-1.0111,2022-02
2022-02-20T18:35:01,flip,BUY,38421.15,38299.73,38518.29,121.42,0.0,2022-02-20T20:08:32,38299.27,sl,-2.4376,-1.0038,2022-02
2022-02-20T21:13:01,cont,SELL,38213.63,38381.65,38079.21,168.02,66.0,2022-02-20T22:03:40,38382.53,sl,-3.378,-1.0052,2022-02
2022-02-20T22:50:01,flip,BUY,38430.68,38272.55,38557.18,158.13,0.0,2022-02-20T22:51:19,38557.18,tp,2.5301,0.8,2022-02
2022-02-21T03:50:01,flip,SELL,38886.98,39022.52,38778.55,135.54,0.0,2022-02-21T04:04:16,39023.02,sl,-2.7208,-1.0037,2022-02
2022-02-21T04:16:01,flip,BUY,39073.93,38997.37,39135.18,76.56,0.0,2022-02-21T04:18:22,38995.69,sl,-1.5648,-1.0219,2022-02
2022-02-21T04:35:01,cont,BUY,39108.71,38972.28,39217.85,136.43,19.0,2022-02-21T04:50:10,39217.85,tp,2.1829,0.8,2022-02
2022-02-21T05:27:01,cont,BUY,39418.14,39269.46,39537.08,148.68,71.0,2022-02-21T05:47:02,39269.0,sl,-2.9828,-1.0031,2022-02
2022-02-21T06:01:01,flip,SELL,39206.98,39290.9,39139.84,83.92,0.0,2022-02-21T06:13:06,39290.94,sl,-1.6792,-1.0005,2022-02
2022-02-21T07:06:01,cont,SELL,39161.88,39271.61,39074.1,109.73,65.0,2022-02-21T07:29:09,39272.39,sl,-2.2102,-1.0071,2022-02
2022-02-21T08:06:01,flip,BUY,39395.89,39263.53,39501.78,132.36,0.0,2022-02-21T08:19:25,39263.52,sl,-2.6474,-1.0001,2022-02
2022-02-21T08:30:01,flip,SELL,39215.46,39275.95,39167.07,60.49,0.0,2022-02-21T08:31:22,39276.8,sl,-1.2268,-1.0141,2022-02
2022-02-21T08:36:01,cont,SELL,39176.65,39278.43,39095.23,101.78,6.0,2022-02-21T08:58:39,39095.23,tp,1.6285,0.8,2022-02
2022-02-21T10:15:01,cont,SELL,38904.63,39089.28,38756.91,184.65,105.0,2022-02-21T10:23:53,38756.91,tp,2.9544,0.8,2022-02
2022-02-21T15:06:01,flip,BUY,38954.53,38523.45,39299.39,431.08,0.0,2022-02-21T15:13:17,39299.39,tp,6.8973,0.8,2022-02
2022-02-21T18:05:01,flip,SELL,38283.86,38679.83,37967.08,395.97,0.0,2022-02-21T18:12:20,37967.08,tp,6.3355,0.8,2022-02
2022-02-22T10:54:01,flip,BUY,37863.74,37554.69,38110.98,309.05,0.0,2022-02-22T11:26:56,37554.63,sl,-6.1822,-1.0002,2022-02
2022-02-22T12:02:01,flip,SELL,37457.82,37719.23,37248.69,261.41,0.0,2022-02-22T12:17:14,37723.79,sl,-5.3194,-1.0174,2022-02
2022-02-22T14:54:01,flip,BUY,38216.38,37441.48,38836.3,774.9,0.0,2022-02-22T17:16:50,37436.72,sl,-15.5932,-1.0061,2022-02
2022-02-23T02:43:01,flip,SELL,37677.68,37765.84,37607.15,88.16,0.0,2022-02-23T03:03:52,37766.69,sl,-1.7802,-1.0096,2022-02
2022-02-23T03:43:01,flip,BUY,37829.57,37739.17,37901.89,90.4,0.0,2022-02-23T03:47:49,37736.78,sl,-1.8558,-1.0264,2022-02
2022-02-23T04:06:01,cont,BUY,37876.45,37725.23,37997.43,151.22,23.0,2022-02-23T04:42:01,37997.43,tp,2.4195,0.8,2022-02
2022-02-23T04:43:03,cont,BUY,38106.55,37863.5,38300.99,243.05,60.0,2022-02-23T05:21:21,37862.65,sl,-4.878,-1.0035,2022-02
2022-02-23T14:09:01,flip,SELL,38915.62,39026.19,38827.16,110.57,0.0,2022-02-23T14:30:24,39031.51,sl,-2.3178,-1.0481,2022-02
2022-02-23T14:53:01,cont,SELL,38806.79,39021.3,38635.18,214.51,44.0,2022-02-23T15:02:11,38635.18,tp,3.4322,0.8,2022-02
2022-02-23T15:09:01,cont,SELL,38536.21,38661.55,38435.94,125.34,60.0,2022-02-23T15:12:41,38663.67,sl,-2.5492,-1.0169,2022-02
2022-02-23T15:23:01,flip,BUY,38704.63,38608.22,38781.76,96.41,0.0,2022-02-23T15:24:31,38606.21,sl,-1.9684,-1.0208,2022-02
2022-02-23T16:05:01,flip,SELL,38516.0,38663.96,38397.63,147.96,0.0,2022-02-23T16:31:51,38664.53,sl,-2.9706,-1.0039,2022-02
2022-02-23T17:16:01,flip,BUY,38778.7,38598.95,38922.5,179.75,0.0,2022-02-23T17:32:02,38596.25,sl,-3.649,-1.015,2022-02
2022-02-23T17:50:01,flip,SELL,38457.1,38564.01,38371.57,106.91,0.0,2022-02-23T17:50:53,38371.57,tp,1.7106,0.8,2022-02
2022-02-23T17:58:01,cont,SELL,38078.03,38165.25,38008.25,87.22,8.0,2022-02-23T18:06:21,38008.25,tp,1.3955,0.8,2022-02
2022-02-23T18:28:01,cont,SELL,37770.28,37961.71,37617.14,191.43,38.0,2022-02-23T18:46:30,37965.39,sl,-3.9022,-1.0192,2022-02
2022-02-23T19:03:01,cont,SELL,37714.45,37975.9,37505.29,261.45,73.0,2022-02-23T20:03:55,37505.29,tp,4.1832,0.8,2022-02
2022-02-23T21:14:01,flip,BUY,37759.39,37577.19,37905.15,182.2,0.0,2022-02-23T21:41:40,37576.19,sl,-3.664,-1.0055,2022-02
2022-02-23T22:14:01,flip,SELL,37232.65,37625.77,36918.15,393.12,0.0,2022-02-23T22:32:29,37625.93,sl,-7.8656,-1.0004,2022-02
2022-02-23T23:02:01,flip,BUY,37722.89,37527.91,37878.87,194.98,0.0,2022-02-23T23:10:15,37526.64,sl,-3.925,-1.0065,2022-02
2022-02-24T00:37:01,flip,SELL,36963.3,37449.16,36574.61,485.86,0.0,2022-02-24T02:56:08,36574.61,tp,7.7738,0.8,2022-02
2022-02-24T08:07:01,flip,BUY,35600.92,35203.16,35919.13,397.76,0.0,2022-02-24T10:14:18,35192.88,sl,-8.1608,-1.0258,2022-02
2022-02-24T10:23:01,flip,SELL,35088.26,35211.62,34989.57,123.36,0.0,2022-02-24T10:24:20,34989.57,tp,1.9738,0.8,2022-02
2022-02-24T11:44:01,flip,BUY,35287.79,34902.57,35595.97,385.22,0.0,2022-02-24T13:44:17,35595.97,tp,6.1635,0.8,2022-02
2022-02-24T17:13:01,flip,SELL,35844.09,36176.56,35578.11,332.47,0.0,2022-02-24T18:48:40,36178.33,sl,-6.6848,-1.0053,2022-02
2022-02-24T18:49:01,cont,BUY,36217.76,35991.37,36398.87,226.39,78.0,2022-02-24T18:49:29,36398.87,tp,3.6222,0.8,2022-02
2022-02-27T20:23:01,flip,SELL,37462.25,37836.87,37162.55,374.62,0.0,2022-02-27T20:45:45,37837.77,sl,-7.5104,-1.0024,2022-02
2022-02-27T21:10:01,cont,SELL,37388.53,38282.83,36673.09,894.3,47.0,2022-02-28T01:31:42,38287.66,sl,-17.9826,-1.0054,2022-02
2022-02-28T10:00:01,flip,SELL,38096.6,38544.21,37738.51,447.61,0.0,2022-02-28T12:21:51,38550.03,sl,-9.0686,-1.013,2022-02
2022-02-28T14:28:01,flip,BUY,38910.04,38774.86,39018.18,135.18,0.0,2022-02-28T14:28:23,39018.18,tp,2.1629,0.8,2022-02
2022-02-28T14:54:01,cont,BUY,39611.92,39215.53,39929.03,396.39,26.0,2022-02-28T15:16:19,39929.03,tp,6.3422,0.8,2022-02
2022-02-28T15:53:01,cont,BUY,40705.71,40379.84,40966.41,325.87,85.0,2022-02-28T16:03:06,40966.41,tp,5.2139,0.8,2022-02
2022-02-28T16:27:01,cont,BUY,41281.53,40709.09,41739.48,572.44,119.0,2022-02-28T20:44:51,41739.48,tp,9.159,0.8,2022-02
2022-02-28T21:32:01,flip,SELL,41519.35,41712.38,41364.93,193.03,0.0,2022-02-28T22:00:29,41717.8,sl,-3.969,-1.0281,2022-02
2022-02-28T22:33:01,flip,BUY,42695.62,41787.72,43421.94,907.9,0.0,2022-02-28T22:34:00,43421.94,tp,14.5264,0.8,2022-02
2022-03-01T15:03:01,flip,SELL,43609.95,44289.85,43066.03,679.9,0.0,2022-03-01T21:00:27,44294.43,sl,-13.6896,-1.0067,2022-03
2022-03-01T21:53:01,flip,SELL,43770.39,44125.56,43486.25,355.17,0.0,2022-03-01T22:37:02,44128.33,sl,-7.1588,-1.0078,2022-03
2022-03-01T22:57:01,flip,BUY,44217.37,44037.68,44361.12,179.69,0.0,2022-03-01T23:38:53,44361.12,tp,2.875,0.8,2022-03
2022-03-01T23:51:01,cont,BUY,44509.75,44361.4,44628.43,148.35,54.0,2022-03-02T00:01:23,44361.1,sl,-2.973,-1.002,2022-03
2022-03-02T00:05:01,cont,BUY,44670.87,44292.91,44973.24,377.96,68.0,2022-03-02T00:24:40,44291.8,sl,-7.5814,-1.0029,2022-03
2022-03-02T00:29:01,flip,SELL,44153.28,44307.29,44030.07,154.01,0.0,2022-03-02T00:35:56,44030.07,tp,2.4642,0.8,2022-03
2022-03-02T01:04:01,flip,BUY,44386.7,44231.68,44510.72,155.02,0.0,2022-03-02T01:15:31,44231.38,sl,-3.1064,-1.0019,2022-03
2022-03-02T13:18:01,flip,SELL,43636.14,44348.85,43065.97,712.71,0.0,2022-03-02T14:42:00,44349.38,sl,-14.2648,-1.0007,2022-03
2022-03-02T15:01:01,flip,BUY,45312.38,44587.7,45892.12,724.68,0.0,2022-03-02T15:07:56,44585.13,sl,-14.545,-1.0035,2022-03
2022-03-02T15:28:01,flip,SELL,43888.73,44311.4,43550.59,422.67,0.0,2022-03-02T15:29:26,44313.02,sl,-8.4858,-1.0038,2022-03
2022-03-02T20:34:01,flip,BUY,43839.7,43677.89,43969.15,161.81,0.0,2022-03-02T21:59:20,43969.15,tp,2.589,0.8,2022-03
2022-03-03T02:33:01,flip,SELL,43635.29,44055.04,43299.49,419.75,0.0,2022-03-03T03:46:49,43299.49,tp,6.716,0.8,2022-03
2022-03-03T03:47:01,cont,SELL,43277.76,43533.36,43073.28,255.6,74.0,2022-03-03T05:10:19,43536.5,sl,-5.1748,-1.0123,2022-03
2022-03-03T08:16:01,flip,BUY,43629.55,43344.13,43857.89,285.42,0.0,2022-03-03T08:35:16,43340.32,sl,-5.7846,-1.0133,2022-03
2022-03-03T09:21:01,flip,SELL,43272.69,43448.16,43132.31,175.47,0.0,2022-03-03T10:39:01,43132.31,tp,2.8075,0.8,2022-03
2022-03-03T12:27:01,flip,BUY,43674.14,43341.53,43940.23,332.61,0.0,2022-03-03T13:56:30,43940.23,tp,5.3218,0.8,2022-03
2022-03-03T13:59:01,cont,BUY,44038.34,43739.52,44277.4,298.82,92.0,2022-03-03T14:33:46,43738.69,sl,-5.993,-1.0028,2022-03
2022-03-03T14:45:01,flip,SELL,43580.33,43738.73,43453.61,158.4,0.0,2022-03-03T14:46:43,43739.06,sl,-3.1746,-1.0021,2022-03
2022-03-03T15:37:01,cont,SELL,42745.45,43152.66,42419.68,407.21,52.0,2022-03-03T15:46:13,42419.68,tp,6.5154,0.8,2022-03
2022-03-03T16:03:01,cont,SELL,42421.87,42683.89,42212.25,262.02,78.0,2022-03-03T16:22:22,42684.05,sl,-5.2436,-1.0006,2022-03
2022-03-03T22:01:01,flip,BUY,42235.14,41870.43,42526.91,364.71,0.0,2022-03-03T22:02:56,42526.91,tp,5.8354,0.8,2022-03
2022-03-03T22:40:01,cont,BUY,42657.19,42529.16,42759.61,128.03,39.0,2022-03-03T22:45:44,42521.65,sl,-2.7108,-1.0587,2022-03
2022-03-04T00:09:01,flip,SELL,42359.52,42609.49,42159.54,249.97,0.0,2022-03-04T00:23:36,42159.54,tp,3.9995,0.8,2022-03
2022-03-04T00:24:01,cont,SELL,42121.33,42223.11,42039.91,101.78,15.0,2022-03-04T00:28:07,42224.14,sl,-2.0562,-1.0101,2022-03
2022-03-04T00:35:01,flip,BUY,42286.22,42143.8,42400.16,142.42,0.0,2022-03-04T00:44:43,42143.78,sl,-2.8488,-1.0001,2022-03
2022-03-04T01:02:01,flip,SELL,41431.44,41618.91,41281.46,187.47,0.0,2022-03-04T01:04:33,41619.45,sl,-3.7602,-1.0029,2022-03
2022-03-04T01:09:01,cont,SELL,41334.17,41661.6,41072.23,327.43,7.0,2022-03-04T08:07:59,41663.78,sl,-6.5922,-1.0067,2022-03
2022-03-04T11:53:01,flip,BUY,41808.89,41350.52,42175.59,458.37,0.0,2022-03-04T12:27:15,41350.32,sl,-9.1714,-1.0004,2022-03
2022-03-04T13:54:01,flip,SELL,41309.55,41822.88,40898.89,513.33,0.0,2022-03-04T14:48:09,40898.89,tp,8.2133,0.8,2022-03
2022-03-04T14:49:01,cont,SELL,40695.56,41516.42,40038.87,820.86,55.0,2022-03-04T19:46:02,40038.87,tp,13.1338,0.8,2022-03
2022-03-06T12:23:01,flip,BUY,38499.82,38286.69,38670.32,213.13,0.0,2022-03-06T13:13:51,38670.32,tp,3.4101,0.8,2022-03
2022-03-06T13:14:01,cont,BUY,38712.62,38412.78,38952.49,299.84,51.0,2022-03-06T13:36:16,38952.49,tp,4.7974,0.8,2022-03
2022-03-06T13:37:01,cont,BUY,38955.67,38726.69,39138.85,228.98,74.0,2022-03-06T14:06:53,38723.38,sl,-4.6458,-1.0145,2022-03
2022-03-06T14:27:01,flip,SELL,38687.39,38822.28,38579.48,134.89,0.0,2022-03-06T14:32:17,38825.06,sl,-2.7534,-1.0206,2022-03
2022-03-06T15:09:01,cont,SELL,38655.41,38925.49,38439.35,270.08,42.0,2022-03-06T16:03:53,38926.51,sl,-5.422,-1.0038,2022-03
2022-03-06T16:04:01,cont,BUY,38933.78,38770.36,39064.52,163.42,27.0,2022-03-06T16:06:54,38769.88,sl,-3.278,-1.0029,2022-03
2022-03-06T16:12:01,cont,BUY,39180.31,38747.52,39526.54,432.79,35.0,2022-03-06T18:46:15,38744.21,sl,-8.722,-1.0076,2022-03
2022-03-06T19:48:01,flip,SELL,38560.53,38880.79,38304.32,320.26,0.0,2022-03-06T20:45:54,38880.87,sl,-6.4068,-1.0002,2022-03
2022-03-06T21:37:01,flip,BUY,39147.77,38726.33,39484.92,421.44,0.0,2022-03-06T23:04:49,38725.48,sl,-8.4458,-1.002,2022-03
2022-03-07T00:22:01,flip,SELL,38114.52,38509.42,37798.6,394.9,0.0,2022-03-07T00:39:28,38512.58,sl,-7.9612,-1.008,2022-03
2022-03-07T03:36:01,flip,BUY,37891.88,37799.89,37965.47,91.99,0.0,2022-03-07T03:47:42,37965.47,tp,1.4718,0.8,2022-03
2022-03-07T04:34:01,cont,BUY,37950.04,37784.61,38082.38,165.43,58.0,2022-03-07T05:18:17,38082.38,tp,2.6469,0.8,2022-03
2022-03-07T13:04:01,flip,SELL,38545.34,38648.44,38462.86,103.1,0.0,2022-03-07T13:10:51,38648.93,sl,-2.0718,-1.0048,2022-03
2022-03-07T13:36:01,flip,BUY,38861.18,38629.16,39046.8,232.02,0.0,2022-03-07T13:43:52,39046.8,tp,3.7123,0.8,2022-03
2022-03-07T14:08:01,cont,BUY,39209.76,38915.48,39445.18,294.28,32.0,2022-03-07T14:48:43,38915.41,sl,-5.887,-1.0002,2022-03
2022-03-07T15:00:01,flip,SELL,38847.87,38985.77,38737.55,137.9,0.0,2022-03-07T15:07:09,38985.77,sl,-2.758,-1.0,2022-03
2022-03-07T15:15:01,cont,SELL,38808.41,39001.38,38654.03,192.97,15.0,2022-03-07T15:20:01,38654.03,tp,3.0875,0.8,2022-03
2022-03-07T21:15:01,flip,BUY,37832.17,37482.1,38112.23,350.07,0.0,2022-03-07T21:16:55,38112.23,tp,5.6011,0.8,2022-03
2022-03-07T22:37:01,cont,BUY,38300.72,37580.69,38876.74,720.03,82.0,2022-03-08T02:46:14,38876.74,tp,11.5205,0.8,2022-03
2022-03-08T14:33:01,flip,SELL,38631.3,39060.45,38287.98,429.15,0.0,2022-03-08T14:46:26,39062.04,sl,-8.6148,-1.0037,2022-03
2022-03-08T15:35:01,cont,SELL,38408.71,39160.99,37806.89,752.28,62.0,2022-03-08T17:46:33,39163.14,sl,-15.0886,-1.0029,2022-03
2022-03-08T17:47:01,cont,BUY,39109.07,38926.22,39255.35,182.85,13.0,2022-03-08T17:51:22,38923.9,sl,-3.7034,-1.0127,2022-03
2022-03-08T18:02:01,cont,BUY,39277.87,38889.0,39588.97,388.87,28.0,2022-03-08T18:30:41,38885.35,sl,-7.8504,-1.0094,2022-03
2022-03-08T18:49:01,flip,SELL,38774.1,38947.6,38635.3,173.5,0.0,2022-03-08T19:01:19,38635.3,tp,2.776,0.8,2022-03
2022-03-08T20:46:01,cont,SELL,38451.26,38879.49,38108.68,428.23,117.0,2022-03-09T00:31:01,38883.85,sl,-8.6518,-1.0102,2022-03
2022-03-09T00:45:01,cont,BUY,38894.88,38757.13,39005.08,137.75,76.0,2022-03-09T00:47:03,39005.08,tp,2.204,0.8,2022-03
2022-03-09T13:52:01,flip,SELL,41757.78,42079.67,41500.27,321.89,0.0,2022-03-09T14:08:11,42080.76,sl,-6.4596,-1.0034,2022-03
2022-03-09T15:36:01,flip,BUY,42316.55,42052.64,42527.68,263.91,0.0,2022-03-09T15:46:41,42527.68,tp,4.2226,0.8,2022-03
2022-03-09T15:59:01,cont,BUY,42604.69,42349.34,42808.97,255.35,23.0,2022-03-09T16:12:10,42348.51,sl,-5.1236,-1.0033,2022-03
2022-03-09T16:46:01,flip,SELL,42299.22,42517.91,42124.27,218.69,0.0,2022-03-09T18:20:41,42124.27,tp,3.499,0.8,2022-03
2022-03-09T18:42:01,cont,SELL,42030.68,42157.49,41929.23,126.81,116.0,2022-03-09T18:48:56,41929.23,tp,2.029,0.8,2022-03
2022-03-09T19:10:01,flip,BUY,42108.49,41986.47,42206.11,122.02,0.0,2022-03-09T19:13:41,41985.25,sl,-2.4648,-1.01,2022-03
2022-03-09T19:38:01,cont,BUY,42134.04,41793.37,42406.58,340.67,28.0,2022-03-09T20:51:16,41790.37,sl,-6.8734,-1.0088,2022-03
2022-03-09T21:14:01,flip,SELL,41735.07,41966.41,41550.0,231.34,0.0,2022-03-09T21:56:08,41966.69,sl,-4.6324,-1.0012,2022-03
2022-03-09T22:33:01,flip,BUY,42098.56,41878.97,42274.23,219.59,0.0,2022-03-09T22:42:33,41878.52,sl,-4.4008,-1.002,2022-03
2022-03-09T23:35:01,cont,BUY,42123.58,41805.44,42378.09,318.14,62.0,2022-03-10T00:34:19,41801.36,sl,-6.4444,-1.0128,2022-03
2022-03-10T01:38:01,flip,SELL,41436.96,41943.73,41031.54,506.77,0.0,2022-03-10T01:48:29,41031.54,tp,8.1083,0.8,2022-03
2022-03-10T02:31:01,cont,SELL,40717.7,40937.89,40541.55,220.19,53.0,2022-03-10T02:35:41,40942.28,sl,-4.4916,-1.0199,2022-03
2022-03-10T03:01:01,cont,SELL,40666.8,40936.94,40450.69,270.14,83.0,2022-03-10T03:10:33,40937.65,sl,-5.417,-1.0026,2022-03
2022-03-10T06:59:01,flip,BUY,39442.34,39257.28,39590.39,185.06,0.0,2022-03-10T07:08:41,39255.56,sl,-3.7356,-1.0093,2022-03
2022-03-10T08:03:01,flip,SELL,39155.35,39404.56,38955.98,249.21,0.0,2022-03-10T08:17:33,38955.98,tp,3.9874,0.8,2022-03
2022-03-10T08:26:01,cont,SELL,38865.18,39043.48,38722.54,178.3,23.0,2022-03-10T08:27:15,39044.92,sl,-3.5948,-1.0081,2022-03
2022-03-10T09:40:01,flip,BUY,39331.56,39040.41,39564.48,291.15,0.0,2022-03-10T10:56:08,39036.06,sl,-5.91,-1.0149,2022-03
2022-03-10T11:09:01,flip,SELL,38970.52,39093.38,38872.23,122.86,0.0,2022-03-10T11:12:58,39096.25,sl,-2.5146,-1.0234,2022-03
2022-03-10T12:20:01,flip,BUY,39192.82,38988.31,39356.43,204.51,0.0,2022-03-10T12:43:12,39356.43,tp,3.2722,0.8,2022-03
2022-03-10T12:48:01,cont,BUY,39350.86,39155.47,39507.17,195.39,28.0,2022-03-10T13:30:18,39507.17,tp,3.1262,0.8,2022-03
2022-03-10T13:31:01,cont,BUY,39788.4,39196.81,40261.67,591.59,71.0,2022-03-10T13:41:31,39193.25,sl,-11.903,-1.006,2022-03
2022-03-11T02:11:01,flip,SELL,38559.07,39720.19,37630.17,1161.12,0.0,2022-03-11T11:41:29,39724.16,sl,-23.3018,-1.0034,2022-03
2022-03-11T11:47:01,flip,BUY,40069.43,39745.86,40328.29,323.57,0.0,2022-03-11T11:52:53,39745.16,sl,-6.4854,-1.0022,2022-03
2022-03-11T13:13:01,flip,SELL,39660.19,40175.57,39247.89,515.38,0.0,2022-03-11T13:17:39,39247.89,tp,8.2461,0.8,2022-03
2022-03-11T15:04:01,cont,SELL,39150.99,39703.13,38709.28,552.14,111.0,2022-03-11T16:07:05,38709.28,tp,8.8342,0.8,2022-03
2022-03-11T20:12:01,flip,BUY,38953.75,38496.93,39319.21,456.82,0.0,2022-03-11T20:45:57,38494.66,sl,-9.1818,-1.005,2022-03
2022-03-11T23:52:01,flip,SELL,38709.45,38913.58,38546.15,204.13,0.0,2022-03-12T00:22:11,38914.62,sl,-4.1034,-1.0051,2022-03
2022-03-12T01:11:01,flip,BUY,39191.13,39051.67,39302.7,139.46,0.0,2022-03-12T02:34:20,39050.87,sl,-2.8052,-1.0057,2022-03
2022-03-12T04:12:01,flip,SELL,38940.03,39210.54,38723.62,270.51,0.0,2022-03-12T06:01:05,39210.85,sl,-5.4164,-1.0011,2022-03
2022-03-12T11:21:01,flip,BUY,39252.36,38938.3,39503.61,314.06,0.0,2022-03-12T14:35:31,38938.13,sl,-6.2846,-1.0005,2022-03
2022-03-13T22:50:01,flip,SELL,37914.98,39078.09,36984.49,1163.11,0.0,2022-03-14T07:33:50,39084.17,sl,-23.3838,-1.0052,2022-03
2022-03-14T08:06:01,flip,BUY,39172.69,38986.38,39321.74,186.31,0.0,2022-03-14T08:15:49,38985.33,sl,-3.7472,-1.0056,2022-03
2022-03-14T09:09:01,flip,SELL,38913.42,39131.83,38738.69,218.41,0.0,2022-03-14T09:39:54,39135.49,sl,-4.4414,-1.0168,2022-03
2022-03-14T09:50:01,flip,BUY,39181.55,39057.28,39280.97,124.27,0.0,2022-03-14T10:12:04,39053.95,sl,-2.552,-1.0268,2022-03
2022-03-14T10:40:01,flip,SELL,38986.74,39073.28,38917.51,86.54,0.0,2022-03-14T10:44:23,39074.32,sl,-1.7516,-1.012,2022-03
2022-03-14T11:29:01,cont,SELL,38952.96,39100.08,38835.26,147.12,49.0,2022-03-14T12:14:14,38835.26,tp,2.3539,0.8,2022-03
2022-03-14T12:33:01,cont,SELL,38736.13,38897.76,38606.83,161.63,113.0,2022-03-14T13:02:13,38901.9,sl,-3.3154,-1.0256,2022-03
2022-03-16T02:08:01,flip,BUY,40505.73,39103.15,41627.79,1402.58,0.0,2022-03-16T02:17:20,41627.79,tp,22.4413,0.8,2022-03
2022-03-20T15:31:01,flip,SELL,41290.52,41689.37,40971.44,398.85,0.0,2022-03-20T17:40:10,40971.44,tp,6.3816,0.8,2022-03
2022-03-20T18:24:01,flip,BUY,41204.31,41046.91,41330.23,157.4,0.0,2022-03-20T19:38:07,41330.23,tp,2.5184,0.8,2022-03
2022-03-20T19:57:01,cont,BUY,41414.47,41310.02,41498.03,104.45,93.0,2022-03-20T20:05:57,41498.03,tp,1.6712,0.8,2022-03
2022-03-21T02:24:01,flip,SELL,41036.29,41454.5,40701.72,418.21,0.0,2022-03-21T02:34:35,40701.72,tp,6.6914,0.8,2022-03
2022-03-21T13:40:01,flip,BUY,41510.45,41275.92,41698.07,234.53,0.0,2022-03-21T13:52:10,41270.48,sl,-4.7994,-1.0232,2022-03
2022-03-21T14:08:01,flip,SELL,41011.43,41219.71,40844.81,208.28,0.0,2022-03-21T14:22:50,40844.81,tp,3.3325,0.8,2022-03
2022-03-21T20:51:01,flip,BUY,41286.27,40741.79,41721.85,544.48,0.0,2022-03-22T02:03:31,41721.85,tp,8.7117,0.8,2022-03
2022-03-22T02:29:01,cont,BUY,41930.44,41399.47,42355.22,530.97,29.0,2022-03-22T03:21:16,42355.22,tp,8.4955,0.8,2022-03
2022-03-23T01:06:01,flip,SELL,41986.35,43209.71,41007.66,1223.36,0.0,2022-03-24T00:17:52,43212.25,sl,-24.518,-1.0021,2022-03
2022-03-24T02:15:01,flip,SELL,42696.37,42871.91,42555.94,175.54,0.0,2022-03-24T02:32:16,42875.63,sl,-3.5852,-1.0212,2022-03
2022-03-24T02:53:01,flip,BUY,42952.61,42891.58,43001.43,61.03,0.0,2022-03-24T03:00:47,43001.43,tp,0.9765,0.8,2022-03
2022-03-24T03:36:02,flip,SELL,42872.34,42957.9,42803.89,85.56,0.0,2022-03-24T03:44:28,42803.89,tp,1.369,0.8,2022-03
2022-03-24T03:48:01,cont,SELL,42779.49,42859.01,42715.87,79.52,12.0,2022-03-24T04:20:10,42859.42,sl,-1.5986,-1.0052,2022-03
2022-03-24T04:45:01,cont,BUY,42933.29,42813.73,43028.94,119.56,25.0,2022-03-24T05:21:11,42809.98,sl,-2.4662,-1.0314,2022-03
2022-03-24T05:46:01,cont,BUY,43026.5,42795.6,43211.22,230.9,86.0,2022-03-24T06:27:48,43211.22,tp,3.6944,0.8,2022-03
2022-03-24T07:14:01,flip,SELL,43029.93,43300.37,42813.58,270.44,0.0,2022-03-24T12:46:38,42813.58,tp,4.327,0.8,2022-03
2022-03-24T13:56:01,flip,BUY,43124.05,42847.91,43344.96,276.14,0.0,2022-03-24T14:47:00,43344.96,tp,4.4182,0.8,2022-03
2022-03-24T14:47:01,cont,BUY,43392.72,42921.26,43769.89,471.46,51.0,2022-03-24T15:17:34,43769.89,tp,7.5434,0.8,2022-03
2022-03-24T15:18:01,cont,BUY,43821.57,43545.23,44042.64,276.34,82.0,2022-03-24T15:43:28,44042.64,tp,4.4214,0.8,2022-03
2022-03-24T18:20:01,flip,SELL,43838.79,43964.29,43738.39,125.5,0.0,2022-03-24T18:30:15,43968.02,sl,-2.5846,-1.0297,2022-03
2022-03-24T18:52:01,flip,BUY,44016.49,43907.37,44103.79,109.12,0.0,2022-03-24T19:27:39,44103.79,tp,1.7459,0.8,2022-03
2022-03-24T21:13:01,flip,SELL,43843.08,43970.48,43741.16,127.4,0.0,2022-03-24T21:26:48,43975.08,sl,-2.64,-1.0361,2022-03
2022-03-24T21:49:01,flip,BUY,44081.12,43918.98,44210.83,162.14,0.0,2022-03-24T23:13:41,43913.45,sl,-3.3534,-1.0341,2022-03
2022-03-25T00:17:01,flip,SELL,43900.96,44019.83,43805.86,118.87,0.0,2022-03-25T00:39:47,44022.86,sl,-2.438,-1.0255,2022-03
2022-03-25T01:08:01,flip,BUY,44084.12,43950.68,44190.87,133.44,0.0,2022-03-25T01:30:24,44190.87,tp,2.135,0.8,2022-03
2022-03-25T02:13:01,flip,SELL,44003.53,44074.15,43947.03,70.62,0.0,2022-03-25T02:23:40,44078.28,sl,-1.495,-1.0585,2022-03
2022-03-25T02:31:01,cont,SELL,43961.96,44063.34,43880.86,101.38,18.0,2022-03-25T04:25:26,44064.18,sl,-2.0444,-1.0083,2022-03
2022-03-25T05:51:01,flip,BUY,44159.19,44026.91,44265.01,132.28,0.0,2022-03-25T06:48:36,44026.77,sl,-2.6484,-1.0011,2022-03
2022-03-25T07:45:01,flip,SELL,43988.39,44208.45,43812.34,220.06,0.0,2022-03-25T08:10:26,43812.34,tp,3.521,0.8,2022-03
2022-03-25T08:44:01,flip,BUY,44022.09,43877.72,44137.59,144.37,0.0,2022-03-25T09:41:21,44137.59,tp,2.3099,0.8,2022-03
2022-03-25T09:56:02,cont,BUY,44185.67,44103.65,44251.29,82.02,72.0,2022-03-25T10:06:11,44102.63,sl,-1.6608,-1.0124,2022-03
2022-03-25T15:10:01,flip,SELL,44702.23,45033.76,44437.01,331.53,0.0,2022-03-25T15:29:30,44437.01,tp,5.3045,0.8,2022-03
2022-03-25T15:50:01,cont,SELL,44289.26,44511.15,44111.75,221.89,40.0,2022-03-25T16:09:11,44111.75,tp,3.5502,0.8,2022-03
2022-03-25T16:10:01,cont,SELL,43922.97,44370.93,43564.6,447.96,60.0,2022-03-25T16:25:39,44500.2,sl,-11.5446,-1.2886,2022-03
2022-03-25T18:13:01,flip,BUY,44519.0,44075.92,44873.46,443.08,0.0,2022-03-27T02:09:10,44873.46,tp,7.0893,0.8,2022-03
2022-03-28T21:33:01,flip,SELL,47670.89,48104.52,47323.99,433.63,0.0,2022-03-28T23:19:23,47323.99,tp,6.9381,0.8,2022-03
2022-03-29T00:16:01,flip,BUY,47401.96,47253.34,47520.86,148.62,0.0,2022-03-29T00:18:17,47251.2,sl,-3.0152,-1.0144,2022-03
2022-03-29T00:46:01,cont,BUY,47616.4,47241.31,47916.47,375.09,30.0,2022-03-29T11:45:58,47916.47,tp,6.0014,0.8,2022-03
2022-03-29T12:42:01,flip,SELL,47922.09,47969.47,47884.19,47.38,0.0,2022-03-29T12:43:45,47969.78,sl,-0.9538,-1.0065,2022-03
2022-03-29T13:19:01,cont,SELL,47799.17,47910.11,47710.42,110.94,37.0,2022-03-29T13:32:00,47914.49,sl,-2.3064,-1.0395,2022-03
2022-03-29T13:45:01,cont,SELL,47721.21,47907.43,47572.23,186.22,63.0,2022-03-29T15:13:26,47908.78,sl,-3.7514,-1.0072,2022-03
2022-03-29T18:10:01,flip,BUY,47596.85,47176.64,47933.02,420.21,0.0,2022-03-29T22:22:44,47171.22,sl,-8.5126,-1.0129,2022-03
2022-03-29T22:33:01,cont,SELL,47192.31,47349.43,47066.61,157.12,80.0,2022-03-29T22:34:46,47066.61,tp,2.5139,0.8,2022-03
2022-03-29T23:05:01,flip,BUY,47409.7,47300.02,47497.44,109.68,0.0,2022-03-29T23:41:19,47497.44,tp,1.7549,0.8,2022-03
2022-03-29T23:42:01,cont,BUY,47523.62,47399.96,47622.55,123.66,37.0,2022-03-30T00:01:47,47396.38,sl,-2.5448,-1.029,2022-03
2022-03-30T00:14:01,flip,SELL,47329.56,47460.03,47225.18,130.47,0.0,2022-03-30T00:15:13,47462.15,sl,-2.6518,-1.0162,2022-03
2022-03-30T00:21:01,cont,SELL,47331.82,47437.05,47247.64,105.23,7.0,2022-03-30T00:33:20,47247.64,tp,1.6837,0.8,2022-03
2022-03-30T01:30:01,cont,SELL,47089.03,47307.47,46914.28,218.44,76.0,2022-03-30T01:42:55,46914.28,tp,3.495,0.8,2022-03
2022-03-30T02:32:01,flip,BUY,47199.0,47124.07,47258.94,74.93,0.0,2022-03-30T02:33:06,47119.94,sl,-1.5812,-1.0551,2022-03
2022-03-30T02:35:01,cont,BUY,47205.42,47118.8,47274.72,86.62,3.0,2022-03-30T02:40:52,47274.72,tp,1.3859,0.8,2022-03
2022-03-30T03:03:01,cont,BUY,47352.73,47231.35,47449.83,121.38,31.0,2022-03-30T03:53:13,47449.83,tp,1.9421,0.8,2022-03
2022-03-30T03:54:01,cont,BUY,47494.5,47307.12,47644.4,187.38,82.0,2022-03-30T04:23:41,47301.32,sl,-3.8636,-1.031,2022-03
2022-03-30T04:33:01,flip,SELL,47257.49,47359.81,47175.63,102.32,0.0,2022-03-30T05:09:58,47360.33,sl,-2.0568,-1.0051,2022-03
2022-03-30T06:06:01,flip,BUY,47594.72,47390.81,47757.85,203.91,0.0,2022-03-30T06:45:54,47387.69,sl,-4.1406,-1.0153,2022-03
2022-03-30T07:01:01,flip,SELL,47377.32,47465.55,47306.74,88.23,0.0,2022-03-30T07:10:10,47469.19,sl,-1.8374,-1.0413,2022-03
2022-03-30T07:30:01,flip,BUY,47531.72,47376.03,47656.27,155.69,0.0,2022-03-30T08:00:35,47369.9,sl,-3.2364,-1.0394,2022-03
2022-03-30T11:15:01,flip,SELL,47172.96,47512.33,46901.46,339.37,0.0,2022-03-30T11:30:41,47515.55,sl,-6.8518,-1.0095,2022-03
2022-03-30T14:26:01,flip,BUY,47215.15,47140.67,47274.73,74.48,0.0,2022-03-30T14:27:52,47140.62,sl,-1.4906,-1.0007,2022-03
2022-03-30T14:41:01,cont,BUY,47257.29,47061.34,47414.05,195.95,15.0,2022-03-30T15:04:02,47058.85,sl,-3.9688,-1.0127,2022-03
2022-03-30T15:26:01,flip,SELL,46981.88,47081.85,46901.9,99.97,0.0,2022-03-30T15:34:44,47085.08,sl,-2.064,-1.0323,2022-03
2022-03-30T16:18:01,flip,BUY,47237.82,47024.98,47408.09,212.84,0.0,2022-03-30T17:39:30,47408.09,tp,3.4054,0.8,2022-03
2022-03-30T19:22:01,flip,SELL,46956.37,47190.28,46769.24,233.91,0.0,2022-03-30T20:00:39,47196.38,sl,-4.8002,-1.0261,2022-03
2022-03-30T20:50:01,flip,BUY,47265.35,47028.79,47454.6,236.56,0.0,2022-03-30T21:42:43,47021.44,sl,-4.8782,-1.0311,2022-03
2022-03-31T02:52:01,flip,SELL,47200.0,47255.03,47155.98,55.03,0.0,2022-03-31T02:52:05,47255.37,sl,-1.1074,-1.0062,2022-03
2022-03-31T03:05:01,cont,SELL,47171.22,47262.43,47098.25,91.21,13.0,2022-03-31T03:13:48,47262.75,sl,-1.8306,-1.0035,2022-03
2022-03-31T03:50:01,cont,SELL,47106.65,47273.2,46973.41,166.55,58.0,2022-03-31T05:04:24,46973.41,tp,2.6648,0.8,2022-03
2022-03-31T06:43:01,flip,BUY,47198.06,47051.87,47315.01,146.19,0.0,2022-03-31T08:52:03,47315.01,tp,2.339,0.8,2022-03
2022-03-31T13:36:01,flip,SELL,47019.92,47214.19,46864.5,194.27,0.0,2022-03-31T14:00:41,46864.5,tp,3.1083,0.8,2022-03
2022-03-31T19:00:01,flip,BUY,45944.28,45817.01,46046.1,127.27,0.0,2022-03-31T19:11:09,45812.03,sl,-2.645,-1.0391,2022-03
2022-03-31T19:33:01,flip,SELL,45551.0,45673.91,45452.67,122.91,0.0,2022-03-31T19:33:54,45674.44,sl,-2.4688,-1.0043,2022-03
2022-03-31T19:45:01,cont,SELL,45548.26,45726.42,45405.73,178.16,12.0,2022-03-31T20:17:20,45729.43,sl,-3.6234,-1.0169,2022-03
2022-03-31T20:50:01,flip,BUY,45765.11,45562.13,45927.49,202.98,0.0,2022-03-31T23:18:20,45557.49,sl,-4.1524,-1.0229,2022-03
2022-03-31T23:43:01,flip,SELL,45534.35,45685.45,45413.47,151.1,0.0,2022-03-31T23:44:55,45413.47,tp,2.4176,0.8,2022-03
2022-04-01T01:28:01,cont,SELL,45089.1,45599.25,44680.98,510.15,105.0,2022-04-01T02:25:33,44680.98,tp,8.1624,0.8,2022-04
2022-04-01T06:27:01,flip,BUY,44769.52,44511.45,44975.98,258.07,0.0,2022-04-01T07:46:06,44975.98,tp,4.1291,0.8,2022-04
2022-04-01T08:04:01,cont,BUY,45091.59,44951.72,45203.49,139.87,97.0,2022-04-01T08:28:35,45203.49,tp,2.2379,0.8,2022-04
2022-04-01T12:02:01,flip,SELL,44960.79,45217.03,44755.8,256.24,0.0,2022-04-01T12:24:15,44755.8,tp,4.0998,0.8,2022-04
2022-04-01T13:17:01,flip,BUY,45379.09,45046.39,45645.25,332.7,0.0,2022-04-01T14:13:37,45645.25,tp,5.3232,0.8,2022-04
2022-04-01T14:37:01,cont,BUY,45728.63,45483.17,45925.0,245.46,80.0,2022-04-01T14:48:29,45925.0,tp,3.9274,0.8,2022-04
2022-04-01T14:59:01,cont,BUY,46048.41,45897.79,46168.91,150.62,102.0,2022-04-01T15:00:34,46168.91,tp,2.4099,0.8,2022-04
2022-04-03T01:22:03,flip,SELL,45521.47,46326.33,44877.58,804.86,0.0,2022-04-03T04:56:16,46327.86,sl,-16.1278,-1.0019,2022-04
2022-04-03T06:07:01,flip,BUY,46531.43,46219.04,46781.34,312.39,0.0,2022-04-03T08:51:15,46216.19,sl,-6.3048,-1.0091,2022-04
2022-04-03T10:42:01,flip,SELL,46143.91,46439.41,45907.51,295.5,0.0,2022-04-03T12:43:13,46440.03,sl,-5.9224,-1.0021,2022-04
2022-04-03T13:21:01,cont,BUY,46547.1,46282.28,46758.96,264.82,100.0,2022-04-03T16:23:00,46281.25,sl,-5.317,-1.0039,2022-04
2022-04-03T23:34:01,flip,SELL,46399.92,46645.81,46203.21,245.89,0.0,2022-04-04T00:22:24,46203.21,tp,3.9342,0.8,2022-04
2022-04-04T00:24:01,cont,SELL,46154.49,46441.1,45925.2,286.61,50.0,2022-04-04T00:26:09,45925.2,tp,4.5858,0.8,2022-04
2022-04-04T05:17:01,flip,BUY,46209.9,45830.4,46513.5,379.5,0.0,2022-04-04T10:06:23,45827.38,sl,-7.6504,-1.008,2022-04
2022-04-04T10:39:01,cont,SELL,45811.47,46001.96,45659.08,190.49,116.0,2022-04-04T10:47:41,46006.07,sl,-3.892,-1.0216,2022-04
2022-04-04T11:05:01,flip,BUY,46056.0,45907.23,46175.02,148.77,0.0,2022-04-04T11:14:43,46175.02,tp,2.3803,0.8,2022-04
2022-04-04T12:10:01,cont,BUY,46237.46,46058.54,46380.6,178.92,65.0,2022-04-04T12:34:18,46053.25,sl,-3.6842,-1.0296,2022-04
2022-04-04T12:45:01,flip,SELL,46004.01,46060.65,45958.7,56.64,0.0,2022-04-04T12:49:01,45958.7,tp,0.9062,0.8,2022-04
2022-04-04T13:32:01,cont,SELL,45865.49,46051.33,45716.82,185.84,47.0,2022-04-04T13:35:16,46051.48,sl,-3.7198,-1.0008,2022-04
2022-04-04T13:41:01,flip,BUY,46230.94,46103.72,46332.72,127.22,0.0,2022-04-04T13:47:07,46102.36,sl,-2.5716,-1.0107,2022-04
2022-04-04T14:05:01,cont,BUY,46253.52,46042.72,46422.16,210.8,24.0,2022-04-04T14:35:36,46041.34,sl,-4.2436,-1.0065,2022-04
2022-04-04T17:43:01,flip,SELL,45320.67,45788.06,44946.76,467.39,0.0,2022-04-04T19:25:09,45790.25,sl,-9.3916,-1.0047,2022-04
2022-04-04T19:27:01,flip,BUY,45766.86,45655.27,45856.13,111.59,0.0,2022-04-04T19:41:55,45856.13,tp,1.7854,0.8,2022-04
2022-04-04T20:17:01,cont,BUY,46078.73,45745.21,46345.55,333.52,50.0,2022-04-04T20:42:05,46345.55,tp,5.3363,0.8,2022-04
2022-04-04T21:04:02,cont,BUY,46481.34,46242.17,46672.68,239.17,97.0,2022-04-04T21:11:29,46238.33,sl,-4.8602,-1.0161,2022-04
2022-04-04T21:14:01,cont,BUY,46576.44,46167.79,46903.36,408.65,107.0,2022-04-05T12:20:15,46903.36,tp,6.5384,0.8,2022-04
2022-04-05T14:06:01,flip,SELL,46297.55,46568.07,46081.13,270.52,0.0,2022-04-05T14:08:07,46081.13,tp,4.3283,0.8,2022-04
2022-04-05T14:29:01,cont,SELL,45938.02,46065.44,45836.08,127.42,23.0,2022-04-05T14:43:53,45836.08,tp,2.0387,0.8,2022-04
2022-04-05T14:44:01,cont,SELL,45788.39,45928.67,45676.17,140.28,38.0,2022-04-05T14:47:11,45931.27,sl,-2.8576,-1.0185,2022-04
2022-04-05T16:02:01,cont,SELL,45699.9,45925.04,45519.79,225.14,116.0,2022-04-05T16:10:20,45926.58,sl,-4.5336,-1.0068,2022-04
2022-04-05T17:07:01,flip,BUY,46048.31,45732.5,46300.96,315.81,0.0,2022-04-05T19:06:54,45727.13,sl,-6.4236,-1.017,2022-04
2022-04-05T20:05:01,flip,BUY,46103.58,45880.66,46281.92,222.92,0.0,2022-04-05T20:25:25,45877.0,sl,-4.5316,-1.0164,2022-04
2022-04-05T23:51:01,flip,SELL,45533.79,46038.21,45130.25,504.42,0.0,2022-04-06T00:13:37,45130.25,tp,8.0707,0.8,2022-04
2022-04-06T00:19:01,cont,SELL,44894.02,45257.94,44602.88,363.92,28.0,2022-04-06T00:20:48,44602.88,tp,5.8227,0.8,2022-04
2022-04-06T01:20:01,flip,BUY,45354.56,45121.76,45540.8,232.8,0.0,2022-04-06T01:40:24,45119.96,sl,-4.692,-1.0077,2022-04
2022-04-06T07:33:01,flip,SELL,45414.95,45484.37,45359.41,69.42,0.0,2022-04-06T07:39:47,45359.41,tp,1.1107,0.8,2022-04
2022-04-06T07:55:01,cont,SELL,45320.56,45376.53,45275.78,55.97,22.0,2022-04-06T07:55:01,45381.67,sl,-1.2222,-1.0918,2022-04
2022-04-06T08:12:01,cont,SELL,45238.17,45346.53,45151.48,108.36,39.0,2022-04-06T08:30:34,45350.59,sl,-2.2484,-1.0375,2022-04
2022-04-06T08:53:01,flip,BUY,45414.2,45320.74,45488.97,93.46,0.0,2022-04-06T09:07:09,45318.84,sl,-1.9072,-1.0203,2022-04
2022-04-06T09:24:01,flip,SELL,45290.5,45353.25,45240.3,62.75,0.0,2022-04-06T09:38:40,45355.89,sl,-1.3078,-1.0421,2022-04
2022-04-06T10:06:01,cont,SELL,45236.3,45348.21,45146.77,111.91,42.0,2022-04-06T10:18:47,45146.77,tp,1.7906,0.8,2022-04
2022-04-06T11:03:01,cont,SELL,45000.66,45468.48,44626.4,467.82,99.0,2022-04-06T13:42:30,44626.4,tp,7.4851,0.8,2022-04
2022-04-06T13:43:01,cont,SELL,44694.06,44965.66,44476.78,271.6,93.0,2022-04-06T13:48:45,44476.78,tp,4.3456,0.8,2022-04
2022-04-06T17:34:01,flip,BUY,43807.24,43618.63,43958.13,188.61,0.0,2022-04-06T18:00:51,43958.13,tp,3.0178,0.8,2022-04
2022-04-06T18:01:01,cont,BUY,44060.47,43801.39,44267.73,259.08,27.0,2022-04-06T18:10:06,43800.3,sl,-5.2034,-1.0042,2022-04
2022-04-06T18:24:01,flip,SELL,43383.77,43655.22,43166.61,271.45,0.0,2022-04-06T18:32:23,43655.68,sl,-5.4382,-1.0017,2022-04
2022-04-06T20:05:01,flip,BUY,43978.11,43511.85,44351.12,466.26,0.0,2022-04-06T22:58:50,43509.07,sl,-9.3808,-1.006,2022-04
2022-04-06T23:03:01,flip,SELL,43474.71,43597.82,43376.22,123.11,0.0,2022-04-06T23:06:45,43376.22,tp,1.9698,0.8,2022-04
2022-04-06T23:41:01,cont,SELL,43271.39,43552.61,43046.41,281.22,38.0,2022-04-07T00:32:17,43553.28,sl,-5.6378,-1.0024,2022-04
2022-04-07T00:33:01,flip,BUY,43559.07,43366.77,43712.91,192.3,0.0,2022-04-07T00:44:50,43361.01,sl,-3.9612,-1.03,2022-04
2022-04-07T15:32:01,flip,SELL,43072.59,43346.81,42853.21,274.22,0.0,2022-04-07T15:46:15,43347.59,sl,-5.5,-1.0028,2022-04
2022-04-07T16:11:01,flip,BUY,43492.37,43314.57,43634.61,177.8,0.0,2022-04-07T16:48:02,43314.32,sl,-3.561,-1.0014,2022-04
2022-04-07T17:02:01,cont,BUY,43550.26,43260.71,43781.9,289.55,51.0,2022-04-07T18:26:10,43781.9,tp,4.6328,0.8,2022-04
2022-04-07T19:49:01,flip,SELL,43444.91,43531.56,43375.59,86.65,0.0,2022-04-07T20:36:50,43533.1,sl,-1.7638,-1.0178,2022-04
2022-04-07T20:46:01,flip,BUY,43622.75,43512.05,43711.31,110.7,0.0,2022-04-07T21:00:53,43511.55,sl,-2.224,-1.0045,2022-04
2022-04-08T00:55:01,flip,SELL,43314.3,43528.74,43142.75,214.44,0.0,2022-04-08T01:04:02,43531.59,sl,-4.3458,-1.0133,2022-04
2022-04-08T01:34:01,flip,BUY,43650.04,43495.68,43773.53,154.36,0.0,2022-04-08T04:45:09,43495.17,sl,-3.0974,-1.0033,2022-04
2022-04-08T07:30:01,flip,SELL,43431.06,43690.58,43223.44,259.52,0.0,2022-04-08T07:56:31,43691.83,sl,-5.2154,-1.0048,2022-04
2022-04-08T08:19:01,flip,BUY,43905.75,43817.34,43976.48,88.41,0.0,2022-04-08T08:28:03,43815.66,sl,-1.8018,-1.019,2022-04
2022-04-08T08:49:01,cont,BUY,43991.21,43694.94,44228.23,296.27,30.0,2022-04-08T08:59:22,43692.11,sl,-5.982,-1.0096,2022-04
2022-04-08T09:32:01,flip,SELL,43662.87,43776.14,43572.25,113.27,0.0,2022-04-08T09:52:31,43572.25,tp,1.8123,0.8,2022-04
2022-04-08T10:13:01,cont,SELL,43513.92,43557.31,43479.21,43.39,41.0,2022-04-08T10:13:21,43558.21,sl,-0.8858,-1.0207,2022-04
2022-04-08T11:03:01,cont,SELL,43478.83,43600.07,43381.84,121.24,91.0,2022-04-08T11:06:44,43381.84,tp,1.9398,0.8,2022-04
2022-04-08T14:03:01,flip,BUY,43071.46,42867.53,43234.6,203.93,0.0,2022-04-08T14:05:56,43234.6,tp,3.2629,0.8,2022-04
2022-04-08T14:25:01,cont,BUY,43460.64,43199.25,43669.75,261.39,22.0,2022-04-08T14:51:46,43669.75,tp,4.1822,0.8,2022-04
2022-04-08T14:53:01,cont,BUY,43794.6,43296.52,44193.06,498.08,50.0,2022-04-08T17:10:17,43295.57,sl,-9.9806,-1.0019,2022-04
2022-04-08T17:30:01,flip,SELL,42862.82,43040.04,42721.04,177.22,0.0,2022-04-08T17:38:29,43040.23,sl,-3.5482,-1.0011,2022-04
2022-04-08T18:13:01,cont,SELL,42567.09,43050.24,42180.57,483.15,43.0,2022-04-08T18:51:50,43051.01,sl,-9.6784,-1.0016,2022-04
2022-04-09T00:02:01,flip,BUY,42411.98,42192.61,42587.48,219.37,0.0,2022-04-09T00:16:01,42191.07,sl,-4.4182,-1.007,2022-04
2022-04-09T00:54:01,cont,BUY,42441.77,42200.32,42634.93,241.45,52.0,2022-04-09T02:54:24,42199.22,sl,-4.851,-1.0046,2022-04
2022-04-09T02:55:01,cont,SELL,42186.05,42319.12,42079.59,133.07,76.0,2022-04-09T03:11:50,42324.91,sl,-2.7772,-1.0435,2022-04
2022-04-09T03:36:01,flip,BUY,42444.09,42232.32,42613.51,211.77,0.0,2022-04-09T05:58:24,42613.51,tp,3.3883,0.8,2022-04
2022-04-09T07:30:01,flip,SELL,42367.23,42498.11,42262.53,130.88,0.0,2022-04-09T07:48:27,42501.08,sl,-2.677,-1.0227,2022-04
2022-04-09T11:18:01,flip,BUY,42538.68,42314.21,42718.26,224.47,0.0,2022-04-09T15:27:52,42309.48,sl,-4.584,-1.0211,2022-04
2022-04-10T05:28:01,flip,SELL,42666.35,42782.25,42573.63,115.9,0.0,2022-04-10T06:38:16,42783.95,sl,-2.352,-1.0147,2022-04
2022-04-10T06:51:01,flip,BUY,42818.65,42727.38,42891.67,91.27,0.0,2022-04-10T07:04:42,42724.72,sl,-1.8786,-1.0291,2022-04
2022-04-10T09:10:01,flip,SELL,42564.04,42705.31,42451.02,141.27,0.0,2022-04-10T11:48:02,42709.08,sl,-2.9008,-1.0267,2022-04
2022-04-10T12:07:01,cont,BUY,42845.36,42657.82,42995.39,187.54,20.0,2022-04-10T12:25:32,42651.37,sl,-3.8798,-1.0344,2022-04
2022-04-10T13:22:01,flip,SELL,42566.94,42678.38,42477.79,111.44,0.0,2022-04-10T14:31:21,42679.91,sl,-2.2594,-1.0137,2022-04
2022-04-10T14:40:01,flip,BUY,42748.72,42648.73,42828.71,99.99,0.0,2022-04-10T15:20:10,42646.26,sl,-2.0492,-1.0247,2022-04
2022-04-10T15:36:01,cont,BUY,42787.32,42646.26,42900.17,141.06,56.0,2022-04-10T17:10:31,42900.17,tp,2.257,0.8,2022-04
2022-04-10T22:18:01,flip,SELL,42368.86,42685.72,42115.37,316.86,0.0,2022-04-10T22:45:07,42115.37,tp,5.0698,0.8,2022-04
2022-04-11T12:42:01,flip,BUY,41227.12,41019.96,41392.85,207.16,0.0,2022-04-11T13:12:10,41019.21,sl,-4.1582,-1.0036,2022-04
2022-04-11T15:53:01,flip,SELL,40720.37,41179.94,40352.71,459.57,0.0,2022-04-11T17:17:15,40352.71,tp,7.3531,0.8,2022-04
2022-04-11T18:16:01,flip,SELL,40279.86,40454.25,40140.35,174.39,0.0,2022-04-11T18:33:57,40454.74,sl,-3.4976,-1.0028,2022-04
2022-04-11T19:00:01,flip,BUY,40525.5,40445.19,40589.75,80.31,0.0,2022-04-11T19:12:17,40443.73,sl,-1.6354,-1.0182,2022-04
2022-04-11T20:07:01,flip,SELL,39600.72,40063.16,39230.77,462.44,0.0,2022-04-11T20:28:56,40068.58,sl,-9.3572,-1.0117,2022-04
2022-04-11T21:37:01,cont,SELL,39500.38,40223.03,38922.26,722.65,90.0,2022-04-12T07:28:15,40226.92,sl,-14.5308,-1.0054,2022-04
2022-04-12T08:00:01,cont,BUY,40215.51,40083.05,40321.48,132.46,52.0,2022-04-12T09:06:00,40080.54,sl,-2.6994,-1.0189,2022-04
2022-04-12T09:07:01,flip,SELL,40084.06,40269.98,39935.32,185.92,0.0,2022-04-12T10:39:27,40271.64,sl,-3.7516,-1.0089,2022-04
2022-04-12T11:47:01,flip,BUY,40417.82,40298.76,40513.07,119.06,0.0,2022-04-12T11:48:34,40297.82,sl,-2.4,-1.0079,2022-04
2022-04-12T11:53:01,cont,BUY,40440.6,40311.61,40543.79,128.99,6.0,2022-04-12T12:13:22,40309.01,sl,-2.6318,-1.0202,2022-04
2022-04-12T12:31:01,cont,BUY,40605.82,40227.83,40908.21,377.99,44.0,2022-04-12T13:37:41,40222.83,sl,-7.6598,-1.0132,2022-04
2022-04-12T14:14:01,flip,SELL,40135.78,40488.11,39853.92,352.33,0.0,2022-04-12T14:29:07,39853.92,tp,5.6373,0.8,2022-04
2022-04-12T15:44:01,flip,BUY,40395.0,40193.75,40556.0,201.25,0.0,2022-04-12T15:59:17,40191.26,sl,-4.0748,-1.0124,2022-04
2022-04-12T16:28:01,flip,SELL,39953.65,40314.29,39665.14,360.64,0.0,2022-04-12T19:00:06,39665.14,tp,5.7702,0.8,2022-04
2022-04-12T21:52:01,flip,BUY,39749.38,39577.7,39886.72,171.68,0.0,2022-04-12T22:10:21,39575.5,sl,-3.4776,-1.0128,2022-04
2022-04-12T22:34:01,cont,BUY,39817.8,39583.24,40005.45,234.56,42.0,2022-04-12T22:44:31,39583.15,sl,-4.693,-1.0004,2022-04
2022-04-12T22:57:01,cont,BUY,39856.05,39544.21,40105.52,311.84,65.0,2022-04-12T23:24:19,40105.52,tp,4.9894,0.8,2022-04
2022-04-13T19:37:01,flip,SELL,41181.03,41328.9,41062.73,147.87,0.0,2022-04-13T20:00:13,41062.73,tp,2.3659,0.8,2022-04
2022-04-13T20:09:01,cont,SELL,41006.03,41128.88,40907.75,122.85,32.0,2022-04-13T20:14:19,41129.67,sl,-2.4728,-1.0064,2022-04
2022-04-13T20:35:01,flip,BUY,41274.61,41122.68,41396.15,151.93,0.0,2022-04-13T21:46:06,41121.58,sl,-3.0606,-1.0072,2022-04
2022-04-14T01:43:02,flip,BUY,41410.44,41078.21,41676.22,332.23,0.0,2022-04-14T09:25:39,41078.12,sl,-6.6464,-1.0003,2022-04
2022-04-14T13:04:01,flip,BUY,41215.85,41123.42,41289.79,92.43,0.0,2022-04-14T13:17:02,41122.98,sl,-1.8574,-1.0048,2022-04
2022-04-14T13:41:01,flip,SELL,40930.84,41253.08,40673.05,322.24,0.0,2022-04-14T13:45:52,40673.05,tp,5.1558,0.8,2022-04
2022-04-14T13:52:01,cont,SELL,40601.06,40819.67,40426.17,218.61,11.0,2022-04-14T14:06:18,40426.17,tp,3.4978,0.8,2022-04
2022-04-14T14:20:01,cont,SELL,40319.65,40477.99,40192.98,158.34,39.0,2022-04-14T14:20:47,40480.63,sl,-3.2196,-1.0167,2022-04
2022-04-14T14:31:01,flip,BUY,40585.2,40446.88,40695.86,138.32,0.0,2022-04-14T14:35:27,40441.05,sl,-2.883,-1.0421,2022-04
2022-04-14T15:37:01,flip,SELL,40131.44,40487.75,39846.39,356.31,0.0,2022-04-14T16:35:54,39846.39,tp,5.701,0.8,2022-04
2022-04-14T16:36:01,cont,SELL,39826.87,40062.06,39638.72,235.19,59.0,2022-04-14T17:35:06,40064.48,sl,-4.7522,-1.0103,2022-04
2022-04-15T03:29:01,flip,BUY,40133.04,39741.11,40446.58,391.93,0.0,2022-04-15T14:49:02,40446.58,tp,6.2709,0.8,2022-04
2022-04-18T10:32:01,flip,BUY,39085.17,38738.78,39362.28,346.39,0.0,2022-04-18T12:55:16,39362.28,tp,5.5422,0.8,2022-04
2022-04-18T16:12:01,flip,SELL,39056.88,39235.39,38914.07,178.51,0.0,2022-04-18T16:35:12,39239.88,sl,-3.66,-1.0252,2022-04
2022-04-18T16:46:01,flip,BUY,39457.49,39182.48,39677.5,275.01,0.0,2022-04-18T17:09:21,39677.5,tp,4.4002,0.8,2022-04
2022-04-18T18:12:01,cont,BUY,40424.19,40199.53,40603.92,224.66,86.0,2022-04-18T18:15:44,40603.92,tp,3.5946,0.8,2022-04
2022-04-19T02:36:01,flip,SELL,40665.26,40739.18,40606.12,73.92,0.0,2022-04-19T02:41:38,40742.0,sl,-1.5348,-1.0381,2022-04
2022-04-19T02:57:01,cont,SELL,40630.45,40727.62,40552.71,97.17,21.0,2022-04-19T03:05:29,40729.44,sl,-1.9798,-1.0187,2022-04
2022-04-19T04:16:01,flip,BUY,40828.51,40654.95,40967.36,173.56,0.0,2022-04-19T05:23:46,40647.9,sl,-3.6122,-1.0406,2022-04
2022-04-19T16:39:01,flip,SELL,41342.96,41546.33,41180.26,203.37,0.0,2022-04-19T18:31:14,41547.71,sl,-4.095,-1.0068,2022-04
2022-04-19T19:17:01,flip,BUY,41568.52,41347.72,41745.16,220.8,0.0,2022-04-19T20:00:21,41338.88,sl,-4.5928,-1.04,2022-04
2022-04-19T20:39:01,flip,SELL,41221.51,41335.93,41129.97,114.42,0.0,2022-04-19T21:13:34,41337.62,sl,-2.3222,-1.0148,2022-04
2022-04-19T22:14:01,flip,BUY,41394.94,41253.21,41508.32,141.73,0.0,2022-04-19T23:40:51,41508.32,tp,2.2677,0.8,2022-04
2022-04-19T23:42:01,cont,BUY,41530.59,41404.92,41631.13,125.67,88.0,2022-04-20T00:22:14,41401.96,sl,-2.5726,-1.0236,2022-04
2022-04-20T01:16:01,flip,SELL,41240.13,41390.05,41120.19,149.92,0.0,2022-04-20T01:53:33,41391.67,sl,-3.0308,-1.0108,2022-04
2022-04-20T02:18:01,flip,BUY,41423.61,41366.34,41469.43,57.27,0.0,2022-04-20T02:19:39,41361.81,sl,-1.236,-1.0791,2022-04
2022-04-20T03:12:01,cont,BUY,41444.78,41332.69,41534.45,112.09,54.0,2022-04-20T03:38:32,41330.5,sl,-2.2856,-1.0195,2022-04
2022-04-20T04:30:01,flip,SELL,41316.45,41416.24,41236.62,99.79,0.0,2022-04-20T05:27:06,41417.16,sl,-2.0142,-1.0092,2022-04
2022-04-20T05:57:01,flip,BUY,41469.32,41388.18,41534.23,81.14,0.0,2022-04-20T06:18:24,41383.53,sl,-1.7158,-1.0573,2022-04
2022-04-20T06:53:01,cont,BUY,41474.05,41372.69,41555.14,101.36,56.0,2022-04-20T07:08:45,41555.14,tp,1.6218,0.8,2022-04
2022-04-20T07:47:01,flip,SELL,41311.12,41368.33,41265.35,57.21,0.0,2022-04-20T07:47:24,41372.03,sl,-1.2182,-1.0647,2022-04
2022-04-20T08:24:01,flip,BUY,41418.53,41354.75,41469.55,63.78,0.0,2022-04-20T08:42:28,41469.55,tp,1.0205,0.8,2022-04
2022-04-20T09:23:01,cont,BUY,41592.35,41486.58,41676.97,105.77,59.0,2022-04-20T09:45:18,41676.97,tp,1.6923,0.8,2022-04
2022-04-20T10:05:01,flip,SELL,41485.48,41575.65,41413.34,90.17,0.0,2022-04-20T10:18:41,41578.63,sl,-1.863,-1.033,2022-04
2022-04-20T11:40:01,flip,BUY,41980.38,41734.72,42176.91,245.66,0.0,2022-04-20T11:50:06,42176.91,tp,3.9306,0.8,2022-04
2022-04-20T12:01:01,cont,BUY,42177.61,42015.76,42307.09,161.85,21.0,2022-04-20T12:10:16,42014.34,sl,-3.2654,-1.0088,2022-04
2022-04-20T12:59:01,cont,BUY,42193.02,41952.18,42385.69,240.84,79.0,2022-04-20T13:32:58,41950.9,sl,-4.8424,-1.0053,2022-04
2022-04-20T13:55:01,flip,SELL,41568.7,41762.46,41413.69,193.76,0.0,2022-04-20T14:15:02,41766.83,sl,-3.9626,-1.0226,2022-04
2022-04-20T15:01:01,cont,SELL,41477.11,41763.67,41247.86,286.56,66.0,2022-04-20T15:19:15,41247.86,tp,4.585,0.8,2022-04
2022-04-20T15:20:01,cont,SELL,41122.91,41353.52,40938.42,230.61,85.0,2022-04-20T16:37:41,41354.22,sl,-4.6262,-1.003,2022-04
2022-04-21T01:29:01,flip,BUY,41679.68,41283.8,41996.38,395.88,0.0,2022-04-21T08:49:43,41996.38,tp,6.3341,0.8,2022-04
2022-04-21T10:18:01,cont,BUY,42094.81,41756.77,42365.24,338.04,90.0,2022-04-21T10:19:37,42365.24,tp,5.4086,0.8,2022-04
2022-04-21T14:41:01,flip,SELL,42480.8,42685.71,42316.87,204.91,0.0,2022-04-21T15:38:11,42316.87,tp,3.2786,0.8,2022-04
2022-04-21T15:48:01,cont,SELL,42218.09,42291.41,42159.43,73.32,67.0,2022-04-21T15:58:43,42159.43,tp,1.1731,0.8,2022-04
2022-04-21T16:29:01,cont,SELL,41951.95,42124.83,41813.65,172.88,108.0,2022-04-21T17:01:25,41813.65,tp,2.7661,0.8,2022-04
2022-04-21T18:36:01,flip,BUY,41666.16,41509.59,41791.42,156.57,0.0,2022-04-21T18:46:42,41506.6,sl,-3.1912,-1.0191,2022-04
2022-04-21T19:04:01,flip,SELL,41385.25,41517.96,41279.08,132.71,0.0,2022-04-21T19:16:45,41523.74,sl,-2.7698,-1.0436,2022-04
2022-04-21T19:48:01,cont,SELL,41361.18,41548.18,41211.58,187.0,44.0,2022-04-21T20:00:15,41211.58,tp,2.992,0.8,2022-04
2022-04-21T20:22:01,cont,SELL,41139.74,41290.3,41019.29,150.56,78.0,2022-04-21T20:34:12,41019.29,tp,2.409,0.8,2022-04
2022-04-21T20:57:01,cont,SELL,40602.02,40827.73,40421.45,225.71,113.0,2022-04-21T21:08:32,40829.35,sl,-4.5466,-1.0072,2022-04
2022-04-22T19:31:01,flip,BUY,39747.65,39327.58,40083.71,420.07,0.0,2022-04-23T04:22:43,39325.69,sl,-8.4392,-1.0045,2022-04
2022-04-23T05:19:01,flip,BUY,39576.13,39486.64,39647.72,89.49,0.0,2022-04-23T08:48:12,39647.72,tp,1.4318,0.8,2022-04
2022-04-23T14:36:01,flip,SELL,39633.58,39738.18,39549.9,104.6,0.0,2022-04-23T14:59:17,39740.2,sl,-2.1324,-1.0193,2022-04
2022-04-23T15:26:01,flip,BUY,39771.75,39705.34,39824.88,66.41,0.0,2022-04-23T16:08:45,39824.88,tp,1.0626,0.8,2022-04
2022-04-23T16:09:01,cont,BUY,39850.41,39720.56,39954.29,129.85,43.0,2022-04-23T16:15:37,39954.29,tp,2.0776,0.8,2022-04
2022-04-23T18:47:01,flip,SELL,39673.09,39838.74,39540.57,165.65,0.0,2022-04-23T20:03:35,39841.71,sl,-3.3724,-1.0179,2022-04
2022-04-23T21:13:01,flip,BUY,39838.05,39734.45,39920.93,103.6,0.0,2022-04-23T21:54:29,39920.93,tp,1.6576,0.8,2022-04
2022-04-23T21:55:01,cont,BUY,39932.75,39846.54,40001.72,86.21,42.0,2022-04-23T21:55:56,39844.87,sl,-1.7576,-1.0194,2022-04
2022-04-24T13:39:01,flip,SELL,39378.63,39824.21,39022.17,445.58,0.0,2022-04-24T14:50:23,39827.95,sl,-8.9864,-1.0084,2022-04
2022-04-25T01:59:01,flip,BUY,39143.99,38996.79,39261.75,147.2,0.0,2022-04-25T02:25:50,38994.32,sl,-2.9934,-1.0168,2022-04
2022-04-25T03:11:01,cont,BUY,39219.51,38949.83,39435.25,269.68,72.0,2022-04-25T05:51:08,38946.28,sl,-5.4646,-1.0132,2022-04
2022-04-25T06:44:01,flip,SELL,38823.62,39033.21,38655.95,209.59,0.0,2022-04-25T06:58:43,38655.95,tp,3.3534,0.8,2022-04
2022-04-25T14:33:01,flip,BUY,39410.56,38616.48,40045.82,794.08,0.0,2022-04-25T18:48:54,40045.82,tp,12.7053,0.8,2022-04
2022-04-26T13:21:01,flip,SELL,40204.51,40359.88,40080.21,155.37,0.0,2022-04-26T13:36:10,40080.21,tp,2.4859,0.8,2022-04
2022-04-26T13:41:01,cont,SELL,39984.19,40133.59,39864.67,149.4,20.0,2022-04-26T13:59:22,39864.67,tp,2.3904,0.8,2022-04
2022-04-26T14:19:01,cont,SELL,39580.59,39791.68,39411.72,211.09,58.0,2022-04-26T14:53:40,39411.72,tp,3.3774,0.8,2022-04
2022-04-26T14:54:01,cont,SELL,39369.3,39491.92,39271.2,122.62,93.0,2022-04-26T14:55:54,39271.2,tp,1.9619,0.8,2022-04
2022-04-26T15:06:01,cont,SELL,39107.32,39255.44,38988.82,148.12,105.0,2022-04-26T15:07:12,39255.87,sl,-2.971,-1.0029,2022-04
2022-04-26T16:24:01,flip,BUY,38868.93,38567.23,39110.29,301.7,0.0,2022-04-26T16:31:53,38565.0,sl,-6.0786,-1.0074,2022-04
2022-04-26T16:38:01,flip,SELL,38432.29,38607.36,38292.23,175.07,0.0,2022-04-26T16:50:05,38607.68,sl,-3.5078,-1.0018,2022-04
2022-04-26T17:15:01,cont,SELL,38355.3,38689.31,38088.09,334.01,37.0,2022-04-26T17:21:53,38088.09,tp,5.3442,0.8,2022-04
2022-04-27T03:13:01,flip,BUY,38466.36,37684.72,39091.67,781.64,0.0,2022-04-27T08:00:01,39091.67,tp,12.5062,0.8,2022-04
2022-04-27T08:49:01,flip,SELL,38830.37,38958.27,38728.05,127.9,0.0,2022-04-27T08:50:25,38728.05,tp,2.0464,0.8,2022-04
2022-04-27T09:57:01,flip,BUY,39133.53,38833.15,39373.83,300.38,0.0,2022-04-27T11:21:04,38830.72,sl,-6.0562,-1.0081,2022-04
2022-04-27T14:12:01,flip,SELL,38700.24,38979.87,38476.54,279.63,0.0,2022-04-27T14:32:06,38476.54,tp,4.4741,0.8,2022-04
2022-04-27T15:33:01,flip,BUY,38934.58,38631.82,39176.79,302.76,0.0,2022-04-27T16:16:58,39176.79,tp,4.8442,0.8,2022-04
2022-04-27T16:23:01,cont,BUY,39245.12,39064.32,39389.76,180.8,50.0,2022-04-27T17:01:41,39063.34,sl,-3.6356,-1.0054,2022-04
2022-04-27T17:20:01,flip,SELL,38978.93,39256.56,38756.83,277.63,0.0,2022-04-27T19:03:29,38756.83,tp,4.4421,0.8,2022-04
2022-04-27T20:06:01,flip,BUY,38992.28,38762.98,39175.72,229.3,0.0,2022-04-27T20:17:11,39175.72,tp,3.6688,0.8,2022-04
2022-04-27T20:25:01,cont,BUY,39244.62,39104.7,39356.56,139.92,19.0,2022-04-27T20:55:31,39103.15,sl,-2.8294,-1.0111,2022-04
2022-04-27T21:42:01,cont,BUY,39282.66,39089.83,39436.92,192.83,96.0,2022-04-27T22:36:37,39086.43,sl,-3.9246,-1.0176,2022-04
2022-04-28T01:46:01,flip,SELL,39323.48,39522.36,39164.38,198.88,0.0,2022-04-28T03:08:21,39525.89,sl,-4.0482,-1.0177,2022-04
2022-04-28T07:28:01,flip,BUY,39570.18,39234.87,39838.43,335.31,0.0,2022-04-28T09:42:35,39838.43,tp,5.365,0.8,2022-04
2022-04-28T12:55:01,flip,SELL,39534.94,39843.04,39288.46,308.1,0.0,2022-04-28T13:19:22,39288.46,tp,4.9296,0.8,2022-04
2022-04-28T13:48:01,cont,SELL,39184.06,39523.94,38912.16,339.88,53.0,2022-04-28T14:03:10,38912.16,tp,5.4381,0.8,2022-04
2022-04-28T15:00:01,flip,BUY,39318.08,38941.28,39619.52,376.8,0.0,2022-04-28T15:06:24,39619.52,tp,6.0288,0.8,2022-04
2022-04-29T11:40:01,flip,SELL,38642.6,38935.24,38408.49,292.64,0.0,2022-04-29T12:17:16,38936.65,sl,-5.881,-1.0048,2022-04
2022-04-29T12:44:01,flip,BUY,39069.8,38878.92,39222.5,190.88,0.0,2022-04-29T13:07:10,38878.32,sl,-3.8296,-1.0031,2022-04
2022-04-29T13:23:01,cont,BUY,39192.51,38779.9,39522.6,412.61,39.0,2022-04-29T14:49:56,38779.81,sl,-8.254,-1.0002,2022-04
2022-04-29T14:50:01,flip,SELL,38791.38,38981.72,38639.11,190.34,0.0,2022-04-29T14:57:04,38982.26,sl,-3.8176,-1.0028,2022-04
2022-04-29T15:46:01,flip,BUY,39150.96,38831.92,39406.19,319.04,0.0,2022-04-29T16:08:09,38831.05,sl,-6.3982,-1.0027,2022-04
2022-04-29T18:48:01,flip,SELL,38392.64,38714.96,38134.78,322.32,0.0,2022-04-30T00:20:55,38715.43,sl,-6.4558,-1.0015,2022-04
2022-04-30T00:21:01,cont,BUY,38763.16,38563.14,38923.18,200.02,68.0,2022-04-30T00:38:06,38563.01,sl,-4.003,-1.0006,2022-04
2022-04-30T14:04:01,flip,SELL,38412.73,38753.72,38139.94,340.99,0.0,2022-04-30T23:02:51,38139.94,tp,5.4558,0.8,2022-04
2022-05-01T02:19:01,flip,BUY,38068.39,37890.14,38210.99,178.25,0.0,2022-05-01T02:37:22,37888.07,sl,-3.6064,-1.0116,2022-05
2022-05-01T19:03:01,flip,SELL,37856.6,38048.15,37703.36,191.55,0.0,2022-05-01T20:54:27,38054.77,sl,-3.9634,-1.0346,2022-05
2022-05-01T22:04:01,flip,BUY,38487.21,38068.78,38821.95,418.43,0.0,2022-05-02T04:51:20,38821.95,tp,6.6949,0.8,2022-05
2022-05-02T08:33:01,flip,SELL,38858.06,38997.07,38746.85,139.01,0.0,2022-05-02T09:25:42,38997.22,sl,-2.7832,-1.0011,2022-05
2022-05-02T10:04:01,cont,SELL,38767.28,39067.14,38527.39,299.86,91.0,2022-05-02T11:45:53,38527.39,tp,4.7978,0.8,2022-05
2022-05-02T11:57:01,cont,SELL,38514.76,38622.75,38428.37,107.99,42.0,2022-05-02T12:16:40,38627.27,sl,-2.2502,-1.0419,2022-05
2022-05-02T13:08:01,flip,BUY,38733.71,38475.78,38940.05,257.93,0.0,2022-05-02T13:34:50,38472.19,sl,-5.2304,-1.0139,2022-05
2022-05-02T13:44:01,cont,BUY,39077.2,38346.27,39661.94,730.93,36.0,2022-05-02T17:29:04,38344.69,sl,-14.6502,-1.0022,2022-05
2022-05-02T18:13:01,flip,SELL,38214.96,38425.79,38046.3,210.83,0.0,2022-05-02T19:23:43,38426.41,sl,-4.229,-1.0029,2022-05
2022-05-02T20:01:01,flip,BUY,38601.94,38349.59,38803.82,252.35,0.0,2022-05-02T20:47:05,38347.92,sl,-5.0804,-1.0066,2022-05
2022-05-02T21:32:01,cont,BUY,38637.18,38261.71,38937.56,375.47,91.0,2022-05-03T11:24:33,38256.04,sl,-7.6228,-1.0151,2022-05
2022-05-03T13:32:01,flip,SELL,38226.86,38610.35,37920.07,383.49,0.0,2022-05-03T18:03:51,37920.07,tp,6.1358,0.8,2022-05
2022-05-03T21:25:01,flip,BUY,37867.98,37518.3,38147.72,349.68,0.0,2022-05-04T06:04:48,38147.72,tp,5.5949,0.8,2022-05
2022-05-04T13:58:01,flip,SELL,38774.69,39081.91,38528.91,307.22,0.0,2022-05-04T15:40:44,39088.79,sl,-6.282,-1.0224,2022-05
2022-05-04T18:54:01,flip,BUY,39548.81,38612.77,40297.64,936.04,0.0,2022-05-05T14:23:35,38607.28,sl,-18.8306,-1.0059,2022-05
2022-05-05T14:49:01,flip,SELL,38155.26,38405.55,37955.03,250.29,0.0,2022-05-05T15:05:04,37955.03,tp,4.0046,0.8,2022-05
2022-05-07T23:28:01,flip,BUY,35585.3,35371.88,35756.04,213.42,0.0,2022-05-08T00:03:27,35369.25,sl,-4.321,-1.0123,2022-05
2022-05-08T00:31:01,flip,SELL,35281.78,35385.2,35199.04,103.42,0.0,2022-05-08T00:53:15,35199.04,tp,1.6547,0.8,2022-05
2022-05-08T01:21:01,cont,SELL,34986.83,35203.83,34813.23,217.0,50.0,2022-05-08T01:51:45,34813.23,tp,3.472,0.8,2022-05
2022-05-08T04:30:01,flip,BUY,34676.43,34540.95,34784.81,135.48,0.0,2022-05-08T04:35:12,34539.39,sl,-2.7408,-1.0115,2022-05
2022-05-08T04:47:01,flip,SELL,34476.66,34573.56,34399.14,96.9,0.0,2022-05-08T05:02:04,34399.14,tp,1.5504,0.8,2022-05
2022-05-08T05:26:01,cont,SELL,34350.26,34451.47,34269.29,101.21,39.0,2022-05-08T05:40:19,34452.23,sl,-2.0394,-1.0075,2022-05
2022-05-08T05:47:01,flip,BUY,34456.33,34341.06,34548.55,115.27,0.0,2022-05-08T06:11:26,34548.55,tp,1.8443,0.8,2022-05
2022-05-08T06:36:01,cont,BUY,34663.52,34530.58,34769.87,132.94,49.0,2022-05-08T06:47:49,34769.87,tp,2.127,0.8,2022-05
2022-05-08T06:53:01,cont,BUY,34888.96,34741.59,35006.86,147.37,66.0,2022-05-08T06:56:13,34741.09,sl,-2.9574,-1.0034,2022-05
2022-05-08T07:06:01,cont,BUY,34905.4,34750.2,35029.56,155.2,79.0,2022-05-08T07:11:22,34749.45,sl,-3.119,-1.0048,2022-05
2022-05-08T07:40:01,flip,SELL,34694.08,34814.85,34597.46,120.77,0.0,2022-05-08T08:28:10,34597.46,tp,1.9323,0.8,2022-05
2022-05-08T08:29:01,cont,SELL,34529.03,34675.77,34411.64,146.74,49.0,2022-05-08T08:48:14,34677.43,sl,-2.968,-1.0113,2022-05
2022-05-08T10:36:01,flip,BUY,34726.75,34624.87,34808.25,101.88,0.0,2022-05-08T11:07:59,34808.25,tp,1.6301,0.8,2022-05
2022-05-08T11:08:01,cont,BUY,34857.52,34690.33,34991.27,167.19,32.0,2022-05-08T12:25:15,34686.96,sl,-3.4112,-1.0202,2022-05
2022-05-08T12:52:01,flip,SELL,34603.14,34698.19,34527.1,95.05,0.0,2022-05-08T13:55:53,34527.1,tp,1.5208,0.8,2022-05
2022-05-08T19:19:01,flip,BUY,34693.32,34452.36,34886.09,240.96,0.0,2022-05-08T20:30:39,34451.64,sl,-4.8336,-1.003,2022-05
2022-05-08T20:44:01,flip,SELL,34369.4,34502.48,34262.94,133.08,0.0,2022-05-08T20:54:59,34262.94,tp,2.1293,0.8,2022-05
2022-05-08T22:03:01,cont,SELL,34132.7,34465.87,33866.16,333.17,79.0,2022-05-09T02:13:10,33866.16,tp,5.3307,0.8,2022-05
2022-05-09T03:18:01,flip,BUY,33760.6,33555.32,33924.82,205.28,0.0,2022-05-09T03:46:30,33554.81,sl,-4.1158,-1.0025,2022-05
2022-05-09T03:59:01,flip,SELL,33553.2,33619.42,33500.22,66.22,0.0,2022-05-09T04:06:45,33621.18,sl,-1.3596,-1.0266,2022-05
2022-05-09T04:20:01,flip,BUY,33831.69,33722.3,33919.2,109.39,0.0,2022-05-09T04:38:56,33717.87,sl,-2.2764,-1.0405,2022-05
2022-05-09T04:46:01,flip,SELL,33675.79,33723.81,33637.37,48.02,0.0,2022-05-09T04:46:31,33726.46,sl,-1.0134,-1.0552,2022-05
2022-05-09T05:13:01,cont,SELL,33591.0,33708.85,33496.72,117.85,27.0,2022-05-09T05:40:57,33496.72,tp,1.8856,0.8,2022-05
2022-05-09T05:50:01,cont,SELL,33457.27,33569.4,33367.57,112.13,64.0,2022-05-09T06:03:20,33569.6,sl,-2.2466,-1.0018,2022-05
2022-05-09T06:10:01,cont,SELL,33418.85,33571.86,33296.44,153.01,84.0,2022-05-09T06:47:09,33577.0,sl,-3.163,-1.0336,2022-05
2022-05-09T10:58:01,flip,SELL,32671.74,33105.37,32324.84,433.63,0.0,2022-05-09T11:54:45,33110.06,sl,-8.7664,-1.0108,2022-05
2022-05-09T13:37:01,flip,BUY,33254.72,32704.19,33695.14,550.53,0.0,2022-05-09T14:30:19,32703.54,sl,-11.0236,-1.0012,2022-05
2022-05-09T14:39:01,flip,SELL,32628.26,32806.86,32485.38,178.6,0.0,2022-05-09T14:39:57,32485.38,tp,2.8576,0.8,2022-05
2022-05-09T15:00:01,cont,SELL,32413.15,32738.76,32152.66,325.61,21.0,2022-05-09T15:31:39,32152.66,tp,5.2098,0.8,2022-05
2022-05-09T20:13:01,flip,BUY,31494.51,31252.94,31687.77,241.57,0.0,2022-05-09T20:14:01,31687.77,tp,3.8651,0.8,2022-05
2022-05-09T20:36:01,flip,SELL,31169.53,31342.35,31031.27,172.82,0.0,2022-05-09T20:38:48,31031.27,tp,2.7651,0.8,2022-05
2022-05-09T22:02:01,cont,SELL,30695.08,31494.36,30055.66,799.28,86.0,2022-05-10T00:01:52,30055.66,tp,12.7885,0.8,2022-05
2022-05-10T01:04:01,flip,BUY,31049.81,30418.55,31554.82,631.26,0.0,2022-05-10T05:34:48,31554.82,tp,10.1002,0.8,2022-05
2022-05-10T07:10:01,flip,SELL,32032.91,32209.71,31891.47,176.8,0.0,2022-05-10T07:13:15,31891.47,tp,2.8288,0.8,2022-05
2022-05-10T07:45:01,cont,SELL,31835.24,32033.56,31676.58,198.32,35.0,2022-05-10T07:59:51,31676.58,tp,3.1731,0.8,2022-05
2022-05-10T08:06:01,cont,SELL,31577.91,31682.29,31494.41,104.38,56.0,2022-05-10T08:07:43,31684.3,sl,-2.1278,-1.0193,2022-05
2022-05-10T08:30:01,flip,BUY,31926.63,31647.0,32150.33,279.63,0.0,2022-05-10T09:24:24,31644.9,sl,-5.6346,-1.0075,2022-05
2022-05-10T10:17:01,flip,SELL,31305.75,31656.26,31025.34,350.51,0.0,2022-05-10T11:23:31,31658.26,sl,-7.0502,-1.0057,2022-05
2022-05-10T12:29:01,flip,BUY,31836.12,31537.24,32075.22,298.88,0.0,2022-05-10T12:39:51,32075.22,tp,4.7821,0.8,2022-05
2022-05-10T12:54:01,cont,BUY,32184.23,31859.4,32444.09,324.83,25.0,2022-05-10T13:34:52,31858.68,sl,-6.511,-1.0022,2022-05
2022-05-10T13:46:01,flip,SELL,31632.23,31935.8,31389.37,303.57,0.0,2022-05-10T14:04:17,31936.26,sl,-6.0806,-1.0015,2022-05
2022-05-10T14:35:01,cont,SELL,31571.75,32186.11,31080.26,614.36,49.0,2022-05-10T14:48:53,31080.26,tp,9.8298,0.8,2022-05
2022-05-10T23:04:01,flip,BUY,31094.34,30733.22,31383.24,361.12,0.0,2022-05-11T01:47:59,30732.31,sl,-7.2406,-1.0025,2022-05
2022-05-11T02:02:01,flip,SELL,30680.13,30852.73,30542.05,172.6,0.0,2022-05-11T02:10:08,30853.57,sl,-3.4688,-1.0049,2022-05
2022-05-11T02:22:01,flip,BUY,31038.26,30863.1,31178.39,175.16,0.0,2022-05-11T02:24:05,31178.39,tp,2.8026,0.8,2022-05
2022-05-11T03:02:01,cont,BUY,31628.26,31239.2,31939.51,389.06,40.0,2022-05-11T03:41:48,31237.26,sl,-7.82,-1.005,2022-05
2022-05-11T03:54:01,flip,SELL,31196.01,31284.86,31124.93,88.85,0.0,2022-05-11T04:06:03,31286.22,sl,-1.8042,-1.0153,2022-05
2022-05-11T04:19:01,cont,SELL,31148.16,31311.89,31017.18,163.73,25.0,2022-05-11T04:26:20,31312.4,sl,-3.2848,-1.0031,2022-05
2022-05-11T04:48:01,cont,SELL,31071.81,31388.26,30818.65,316.45,54.0,2022-05-11T05:11:26,31394.74,sl,-6.4586,-1.0205,2022-05
2022-05-11T08:24:01,flip,BUY,30994.25,30678.31,31247.0,315.94,0.0,2022-05-11T08:29:04,30675.43,sl,-6.3764,-1.0091,2022-05
2022-05-11T08:46:01,cont,BUY,31081.12,30605.67,31461.48,475.45,22.0,2022-05-11T09:28:46,31461.48,tp,7.6072,0.8,2022-05
2022-05-11T09:33:01,cont,BUY,31501.5,31356.66,31617.37,144.84,69.0,2022-05-11T09:36:01,31617.37,tp,2.3174,0.8,2022-05
2022-05-11T09:59:01,cont,BUY,31784.03,31500.14,32011.14,283.89,95.0,2022-05-11T10:11:47,32011.14,tp,4.5422,0.8,2022-05
2022-05-11T10:12:01,cont,BUY,32067.34,31586.34,32452.14,481.0,108.0,2022-05-11T11:05:03,31581.16,sl,-9.7236,-1.0108,2022-05
2022-05-11T11:56:01,flip,SELL,31474.85,31871.1,31157.85,396.25,0.0,2022-05-11T12:30:51,31157.85,tp,6.34,0.8,2022-05
2022-05-11T12:31:01,cont,SELL,31255.66,31735.07,30872.13,479.41,35.0,2022-05-11T12:32:19,30872.13,tp,7.6706,0.8,2022-05
2022-05-11T12:48:01,cont,SELL,29993.59,30332.98,29722.08,339.39,52.0,2022-05-11T12:49:54,29722.08,tp,5.4302,0.8,2022-05
2022-05-11T12:58:01,cont,SELL,29085.15,29862.36,28463.38,777.21,62.0,2022-05-11T13:20:52,29866.54,sl,-15.6278,-1.0054,2022-05
2022-05-11T13:44:01,flip,BUY,30084.71,29448.93,30593.33,635.78,0.0,2022-05-11T13:44:54,30593.33,tp,10.1725,0.8,2022-05
2022-05-11T14:39:01,cont,BUY,31671.95,30728.59,32426.64,943.36,55.0,2022-05-11T16:09:42,30720.49,sl,-19.0292,-1.0086,2022-05
2022-05-11T16:20:01,flip,SELL,30533.61,30770.35,30344.22,236.74,0.0,2022-05-11T16:21:02,30773.91,sl,-4.806,-1.015,2022-05
2022-05-11T16:33:01,cont,SELL,30502.95,30869.52,30209.69,366.57,13.0,2022-05-11T16:57:49,30209.69,tp,5.8651,0.8,2022-05
2022-05-11T17:06:01,cont,SELL,30163.02,30318.15,30038.92,155.13,46.0,2022-05-11T17:08:23,30319.27,sl,-3.125,-1.0072,2022-05
2022-05-11T17:27:01,cont,SELL,29975.29,30322.15,29697.8,346.86,67.0,2022-05-11T17:39:03,29697.8,tp,5.5498,0.8,2022-05
2022-05-12T00:14:01,flip,BUY,29332.03,28491.69,30004.3,840.34,0.0,2022-05-12T00:43:18,30004.3,tp,13.4454,0.8,2022-05
2022-05-12T01:56:01,flip,SELL,29255.11,29623.54,28960.37,368.43,0.0,2022-05-12T02:01:19,28960.37,tp,5.8949,0.8,2022-05
2022-05-12T02:38:01,cont,SELL,28844.8,29363.1,28430.16,518.3,42.0,2022-05-12T03:30:42,28430.16,tp,8.2928,0.8,2022-05
2022-05-12T03:56:01,cont,SELL,28397.8,28871.92,28018.5,474.12,120.0,2022-05-12T04:13:52,28018.5,tp,7.5859,0.8,2022-05
2022-05-12T07:45:01,flip,BUY,27848.6,27184.21,28380.11,664.39,0.0,2022-05-12T08:42:58,27164.32,sl,-13.6856,-1.0299,2022-05
2022-05-12T08:43:01,flip,SELL,27218.78,27491.5,27000.6,272.72,0.0,2022-05-12T08:48:46,27493.85,sl,-5.5014,-1.0086,2022-05
2022-05-12T09:21:01,flip,BUY,28011.79,27519.3,28405.78,492.49,0.0,2022-05-12T09:56:07,27514.23,sl,-9.9512,-1.0103,2022-05
2022-05-12T10:46:01,cont,BUY,28365.43,27389.7,29146.01,975.73,85.0,2022-05-12T14:55:16,29146.01,tp,15.6117,0.8,2022-05
2022-05-12T15:25:01,flip,SELL,29306.77,29566.35,29099.11,259.58,0.0,2022-05-12T15:52:01,29099.11,tp,4.1533,0.8,2022-05
2022-05-12T15:57:01,cont,SELL,29036.88,29134.21,28959.02,97.33,32.0,2022-05-12T16:00:04,28959.02,tp,1.5573,0.8,2022-05
2022-05-12T16:22:01,flip,BUY,29411.47,29064.15,29689.33,347.32,0.0,2022-05-12T16:27:22,29689.33,tp,5.5571,0.8,2022-05
2022-05-12T17:49:01,flip,SELL,28833.47,29068.89,28645.13,235.42,0.0,2022-05-12T17:49:43,28645.13,tp,3.7667,0.8,2022-05
2022-05-12T18:18:01,cont,SELL,28463.07,28728.2,28250.97,265.13,29.0,2022-05-12T18:42:51,28250.97,tp,4.2421,0.8,2022-05
2022-05-12T18:50:01,cont,SELL,28169.52,28307.39,28059.22,137.87,61.0,2022-05-12T18:51:42,28307.79,sl,-2.7654,-1.0029,2022-05
2022-05-12T19:21:01,flip,BUY,28542.99,28249.13,28778.08,293.86,0.0,2022-05-12T19:25:35,28778.08,tp,4.7018,0.8,2022-05
2022-05-12T20:30:01,cont,BUY,28839.9,28409.75,29184.02,430.15,69.0,2022-05-12T21:07:47,28406.34,sl,-8.6712,-1.0079,2022-05
2022-05-12T21:17:01,cont,SELL,28383.28,28496.94,28292.35,113.66,21.0,2022-05-12T21:19:47,28292.35,tp,1.8186,0.8,2022-05
2022-05-12T22:44:01,flip,BUY,28675.89,28311.75,28967.2,364.14,0.0,2022-05-12T23:05:33,28967.2,tp,5.8262,0.8,2022-05
2022-05-12T23:06:01,cont,BUY,29077.39,28858.7,29252.34,218.69,22.0,2022-05-13T00:05:43,28857.93,sl,-4.3892,-1.0035,2022-05
2022-05-13T00:34:01,cont,BUY,29257.66,28713.32,29693.13,544.34,110.0,2022-05-13T02:21:20,29693.13,tp,8.7094,0.8,2022-05
2022-05-13T03:06:01,cont,BUY,30461.23,29740.69,31037.66,720.54,63.0,2022-05-13T16:36:03,29737.06,sl,-14.4834,-1.005,2022-05
2022-05-14T01:17:01,flip,BUY,29638.22,29346.25,29871.8,291.97,0.0,2022-05-14T04:31:56,29345.06,sl,-5.8632,-1.0041,2022-05
2022-05-14T04:46:01,cont,SELL,29272.97,29357.25,29205.55,84.28,110.0,2022-05-14T04:57:04,29205.55,tp,1.3485,0.8,2022-05
2022-05-14T05:44:01,flip,BUY,29480.07,29285.12,29636.03,194.95,0.0,2022-05-14T10:24:26,29283.76,sl,-3.9262,-1.007,2022-05
2022-05-14T10:52:01,cont,SELL,29293.49,29398.15,29209.76,104.66,35.0,2022-05-14T11:10:38,29209.76,tp,1.6746,0.8,2022-05
2022-05-14T11:11:01,cont,SELL,29176.2,29318.02,29062.74,141.82,54.0,2022-05-14T11:12:51,29062.74,tp,2.2691,0.8,2022-05
2022-05-14T11:27:01,cont,SELL,28948.79,29082.98,28841.44,134.19,70.0,2022-05-14T11:32:21,28841.44,tp,2.147,0.8,2022-05
2022-05-14T14:44:01,flip,BUY,28912.99,28776.04,29022.55,136.95,0.0,2022-05-14T15:13:45,29022.55,tp,2.1912,0.8,2022-05
2022-05-14T15:32:01,flip,SELL,28872.18,28938.43,28819.18,66.25,0.0,2022-05-14T15:37:32,28819.18,tp,1.06,0.8,2022-05
2022-05-14T16:11:01,cont,SELL,28694.18,28813.73,28598.54,119.55,39.0,2022-05-14T16:14:33,28814.83,sl,-2.413,-1.0092,2022-05
2022-05-14T16:32:01,flip,BUY,29044.39,28911.08,29151.04,133.31,0.0,2022-05-14T16:47:33,29151.04,tp,2.133,0.8,2022-05
2022-05-14T16:48:01,cont,BUY,29222.42,29019.2,29385.0,203.22,16.0,2022-05-14T16:50:12,29385.0,tp,3.2515,0.8,2022-05
2022-05-14T18:03:01,cont,BUY,29644.77,29231.69,29975.23,413.08,91.0,2022-05-14T22:52:02,29975.23,tp,6.6093,0.8,2022-05
2022-05-15T04:41:01,flip,SELL,29490.2,29779.3,29258.92,289.1,0.0,2022-05-15T05:44:51,29782.87,sl,-5.8534,-1.0123,2022-05
2022-05-15T06:21:01,flip,BUY,29830.18,29685.5,29945.92,144.68,0.0,2022-05-15T06:59:38,29945.92,tp,2.3149,0.8,2022-05
2022-05-15T08:35:01,flip,SELL,29616.27,29691.7,29555.93,75.43,0.0,2022-05-15T08:40:01,29692.34,sl,-1.5214,-1.0085,2022-05
2022-05-15T08:48:01,cont,SELL,29600.04,29710.43,29511.73,110.39,13.0,2022-05-15T09:25:06,29710.46,sl,-2.2084,-1.0003,2022-05
2022-05-15T10:49:01,flip,BUY,29797.73,29537.29,30006.08,260.44,0.0,2022-05-15T11:31:15,30006.08,tp,4.167,0.8,2022-05
2022-05-15T11:49:01,cont,BUY,30210.1,30070.83,30321.52,139.27,60.0,2022-05-15T12:01:13,30321.52,tp,2.2283,0.8,2022-05
2022-05-15T14:24:01,flip,SELL,29912.09,30014.54,29830.13,102.45,0.0,2022-05-15T14:32:08,29830.13,tp,1.6392,0.8,2022-05
2022-05-15T14:33:01,cont,SELL,29812.47,29935.62,29713.95,123.15,9.0,2022-05-15T14:41:18,29935.79,sl,-2.4664,-1.0014,2022-05
2022-05-15T15:03:01,flip,BUY,30007.85,29897.45,30096.17,110.4,0.0,2022-05-15T15:08:34,30096.17,tp,1.7664,0.8,2022-05
2022-05-15T16:44:01,cont,BUY,30239.01,29823.96,30571.05,415.05,101.0,2022-05-15T20:12:53,30571.05,tp,6.6408,0.8,2022-05
2022-05-16T01:37:01,flip,SELL,30687.48,30780.0,30613.46,92.52,0.0,2022-05-16T01:44:33,30784.89,sl,-1.9482,-1.0529,2022-05
2022-05-16T02:03:01,cont,SELL,30647.24,30768.9,30549.91,121.66,26.0,2022-05-16T02:09:58,30549.91,tp,1.9466,0.8,2022-05
2022-05-16T05:17:01,flip,BUY,30432.14,30281.74,30552.46,150.4,0.0,2022-05-16T05:53:06,30276.71,sl,-3.1086,-1.0334,2022-05
2022-05-16T06:19:01,flip,SELL,29685.05,29941.81,29479.64,256.76,0.0,2022-05-16T06:26:33,29479.64,tp,4.1082,0.8,2022-05
2022-05-16T12:31:01,flip,BUY,30203.12,29552.3,30723.78,650.82,0.0,2022-05-16T13:46:30,29549.02,sl,-13.082,-1.005,2022-05
2022-05-16T15:00:01,flip,SELL,29455.55,29805.98,29175.21,350.43,0.0,2022-05-16T16:44:34,29175.21,tp,5.6069,0.8,2022-05
2022-05-16T16:45:01,cont,SELL,29181.58,29481.33,28941.78,299.75,105.0,2022-05-16T17:11:37,29482.43,sl,-6.017,-1.0037,2022-05
2022-05-16T18:06:01,flip,BUY,29837.0,29654.66,29982.87,182.34,0.0,2022-05-16T19:52:03,29652.03,sl,-3.6994,-1.0144,2022-05
2022-05-17T10:05:01,flip,SELL,30550.69,30716.54,30418.01,165.85,0.0,2022-05-17T11:18:24,30418.01,tp,2.6536,0.8,2022-05
2022-05-17T11:36:01,cont,SELL,30296.29,30466.47,30160.15,170.18,91.0,2022-05-17T11:56:36,30470.86,sl,-3.4914,-1.0258,2022-05
2022-05-17T12:19:01,flip,BUY,30455.1,30263.43,30608.44,191.67,0.0,2022-05-17T12:37:40,30608.44,tp,3.0667,0.8,2022-05
2022-05-17T13:40:01,cont,BUY,30670.05,30336.9,30936.57,333.15,81.0,2022-05-17T14:11:11,30331.04,sl,-6.7802,-1.0176,2022-05
2022-05-17T14:31:01,flip,SELL,30294.98,30431.8,30185.52,136.82,0.0,2022-05-17T14:35:04,30185.52,tp,2.1891,0.8,2022-05
2022-05-17T16:23:01,cont,SELL,29881.86,30216.24,29614.36,334.38,112.0,2022-05-17T16:56:33,30217.12,sl,-6.7052,-1.0026,2022-05
2022-05-17T21:32:01,flip,BUY,30340.6,30028.52,30590.26,312.08,0.0,2022-05-17T21:54:28,30590.26,tp,4.9933,0.8,2022-05
2022-05-18T03:13:01,flip,SELL,30016.95,30223.04,29852.08,206.09,0.0,2022-05-18T03:23:58,29852.08,tp,3.2974,0.8,2022-05
2022-05-18T03:24:01,cont,SELL,29828.96,29983.67,29705.19,154.71,11.0,2022-05-18T05:09:09,29984.56,sl,-3.112,-1.0058,2022-05
2022-05-18T05:19:01,flip,BUY,30028.28,29907.63,30124.8,120.65,0.0,2022-05-18T06:24:44,29907.45,sl,-2.4166,-1.0015,2022-05
2022-05-18T06:48:01,flip,SELL,29874.89,29974.1,29795.52,99.21,0.0,2022-05-18T06:51:50,29795.52,tp,1.5874,0.8,2022-05
2022-05-18T07:03:01,cont,SELL,29713.14,29766.71,29670.28,53.57,15.0,2022-05-18T07:03:53,29769.81,sl,-1.1334,-1.0579,2022-05
2022-05-18T07:23:01,flip,BUY,29852.39,29755.79,29929.67,96.6,0.0,2022-05-18T07:30:16,29753.01,sl,-1.9876,-1.0288,2022-05
2022-05-18T07:49:01,cont,BUY,29863.69,29723.54,29975.81,140.15,26.0,2022-05-18T08:24:18,29721.33,sl,-2.8472,-1.0158,2022-05
2022-05-18T11:05:01,flip,SELL,29869.2,29959.59,29796.89,90.39,0.0,2022-05-18T11:29:25,29796.89,tp,1.4462,0.8,2022-05
2022-05-18T11:41:01,cont,SELL,29760.08,29849.46,29688.58,89.38,36.0,2022-05-18T11:47:23,29850.56,sl,-1.8096,-1.0123,2022-05
2022-05-18T12:15:01,cont,SELL,29715.49,29847.07,29610.23,131.58,70.0,2022-05-18T12:17:30,29848.57,sl,-2.6616,-1.0114,2022-05
2022-05-18T12:49:01,cont,SELL,29660.79,29895.53,29473.0,234.74,104.0,2022-05-18T13:27:34,29473.0,tp,3.7558,0.8,2022-05
2022-05-18T18:58:01,flip,BUY,29223.51,28861.35,29513.24,362.16,0.0,2022-05-18T22:48:36,28860.2,sl,-7.2662,-1.0032,2022-05
2022-05-20T14:39:01,flip,SELL,29776.49,30482.79,29211.45,706.3,0.0,2022-05-20T15:18:13,29211.45,tp,11.3008,0.8,2022-05
2022-05-20T15:19:01,cont,SELL,29165.8,29381.59,28993.17,215.79,40.0,2022-05-20T15:26:56,29385.88,sl,-4.4016,-1.0199,2022-05
2022-05-20T15:51:01,cont,SELL,29047.23,29375.69,28784.46,328.46,72.0,2022-05-20T16:41:12,28784.46,tp,5.2554,0.8,2022-05
2022-05-20T18:51:01,flip,BUY,29010.82,28752.02,29217.86,258.8,0.0,2022-05-20T19:42:11,29217.86,tp,4.1408,0.8,2022-05
2022-05-20T19:54:01,cont,BUY,29313.79,29134.83,29456.96,178.96,63.0,2022-05-20T20:45:59,29134.08,sl,-3.5942,-1.0042,2022-05
2022-05-21T08:32:01,flip,SELL,29356.48,29449.81,29281.82,93.33,0.0,2022-05-21T09:27:38,29281.82,tp,1.4933,0.8,2022-05
2022-05-21T09:28:01,cont,SELL,29263.46,29329.57,29210.57,66.11,56.0,2022-05-21T10:00:05,29329.89,sl,-1.3286,-1.0048,2022-05
2022-05-21T10:30:01,cont,SELL,29176.55,29399.27,28998.37,222.72,118.0,2022-05-21T14:43:17,29401.93,sl,-4.5076,-1.0119,2022-05
2022-05-21T14:44:01,cont,BUY,29393.94,29219.05,29533.85,174.89,72.0,2022-05-21T15:53:16,29533.85,tp,2.7982,0.8,2022-05
2022-05-22T15:19:01,flip,SELL,29734.77,30206.76,29357.18,471.99,0.0,2022-05-22T22:03:19,30207.64,sl,-9.4574,-1.0019,2022-05
2022-05-22T23:27:01,flip,BUY,30456.48,30230.34,30637.39,226.14,0.0,2022-05-23T00:00:53,30229.66,sl,-4.5364,-1.003,2022-05
2022-05-23T00:37:01,flip,SELL,30194.74,30414.98,30018.55,220.24,0.0,2022-05-23T06:17:02,30418.59,sl,-4.477,-1.0164,2022-05
2022-05-23T08:36:01,flip,SELL,30315.36,30408.7,30240.69,93.34,0.0,2022-05-23T09:30:59,30410.51,sl,-1.903,-1.0194,2022-05
2022-05-23T09:54:01,flip,BUY,30476.25,30371.94,30559.7,104.31,0.0,2022-05-23T11:11:47,30559.7,tp,1.669,0.8,2022-05
2022-05-23T12:57:01,flip,SELL,30344.11,30575.82,30158.74,231.71,0.0,2022-05-23T14:02:59,30158.74,tp,3.7074,0.8,2022-05
2022-05-23T21:34:01,flip,BUY,29451.86,29247.25,29615.55,204.61,0.0,2022-05-23T22:00:17,29242.11,sl,-4.195,-1.0251,2022-05
2022-05-23T22:27:01,flip,SELL,29055.17,29257.56,28893.26,202.39,0.0,2022-05-23T23:19:08,28893.26,tp,3.2382,0.8,2022-05
2022-05-24T00:16:01,flip,BUY,29215.4,29124.86,29287.83,90.54,0.0,2022-05-24T00:54:24,29123.08,sl,-1.8464,-1.0197,2022-05
2022-05-24T01:20:01,flip,SELL,29065.19,29167.57,28983.29,102.38,0.0,2022-05-24T01:34:57,29168.6,sl,-2.0682,-1.0101,2022-05
2022-05-24T02:01:01,flip,BUY,29237.65,29180.7,29283.21,56.95,0.0,2022-05-24T02:09:16,29180.55,sl,-1.142,-1.0026,2022-05
2022-05-24T02:24:01,cont,BUY,29261.79,29164.52,29339.61,97.27,23.0,2022-05-24T04:25:11,29339.61,tp,1.5563,0.8,2022-05
2022-05-24T09:10:01,flip,SELL,29106.62,29212.22,29022.14,105.6,0.0,2022-05-24T09:12:48,29214.65,sl,-2.1606,-1.023,2022-05
2022-05-24T10:23:01,flip,BUY,29341.83,29181.87,29469.8,159.96,0.0,2022-05-24T12:23:08,29181.07,sl,-3.2152,-1.005,2022-05
2022-05-24T13:49:01,cont,SELL,29105.54,29299.22,28950.6,193.68,86.0,2022-05-24T13:58:37,28950.6,tp,3.0989,0.8,2022-05
2022-05-24T14:07:01,cont,SELL,28795.94,28976.42,28651.56,180.48,104.0,2022-05-24T14:30:45,28977.06,sl,-3.6224,-1.0035,2022-05
2022-05-24T15:43:01,flip,BUY,29153.92,28943.4,29322.34,210.52,0.0,2022-05-24T15:45:23,29322.34,tp,3.3683,0.8,2022-05
2022-05-25T05:32:01,flip,SELL,30020.61,30122.15,29939.38,101.54,0.0,2022-05-25T05:39:16,29939.38,tp,1.6246,0.8,2022-05
2022-05-25T05:51:01,cont,SELL,29892.52,29978.54,29823.7,86.02,19.0,2022-05-25T06:07:52,29823.7,tp,1.3763,0.8,2022-05
2022-05-25T06:08:01,cont,SELL,29799.61,29891.73,29725.91,92.12,36.0,2022-05-25T06:19:00,29725.91,tp,1.4739,0.8,2022-05
2022-05-25T06:31:01,cont,SELL,29639.87,29700.47,29591.39,60.6,59.0,2022-05-25T06:32:01,29701.14,sl,-1.2254,-1.0111,2022-05
2022-05-25T06:54:01,flip,BUY,29815.91,29716.77,29895.22,99.14,0.0,2022-05-25T07:31:10,29716.03,sl,-1.9976,-1.0075,2022-05
2022-05-25T07:58:01,flip,SELL,29672.88,29765.43,29598.84,92.55,0.0,2022-05-25T08:02:29,29598.84,tp,1.4808,0.8,2022-05
2022-05-25T08:48:01,flip,BUY,29826.59,29703.71,29924.89,122.88,0.0,2022-05-25T09:16:41,29703.26,sl,-2.4666,-1.0037,2022-05
2022-05-25T11:13:01,flip,SELL,29641.42,29844.14,29479.24,202.72,0.0,2022-05-25T11:30:51,29479.24,tp,3.2435,0.8,2022-05
2022-05-25T14:15:01,flip,BUY,29862.66,29539.89,30120.88,322.77,0.0,2022-05-25T16:10:07,29537.0,sl,-6.5132,-1.009,2022-05
2022-05-25T16:22:01,flip,SELL,29495.19,29668.58,29356.48,173.39,0.0,2022-05-25T17:33:54,29670.27,sl,-3.5016,-1.0097,2022-05
2022-05-25T17:44:01,cont,BUY,29756.43,29673.67,29822.64,82.76,25.0,2022-05-25T17:56:16,29672.5,sl,-1.6786,-1.0141,2022-05
2022-05-25T18:02:01,cont,BUY,29806.77,29636.25,29943.19,170.52,43.0,2022-05-25T18:06:52,29633.22,sl,-3.471,-1.0178,2022-05
2022-05-25T18:31:01,cont,BUY,29989.4,29611.75,30291.52,377.65,72.0,2022-05-25T19:50:42,29610.65,sl,-7.575,-1.0029,2022-05
2022-05-25T23:53:01,flip,SELL,29511.94,29857.82,29235.24,345.88,0.0,2022-05-26T00:33:53,29859.54,sl,-6.952,-1.005,2022-05
2022-05-26T09:44:01,flip,BUY,29199.16,28978.32,29375.83,220.84,0.0,2022-05-26T11:09:18,28977.0,sl,-4.4432,-1.006,2022-05
2022-05-26T12:08:01,cont,SELL,28923.06,29123.5,28762.71,200.44,85.0,2022-05-26T12:14:20,29137.79,sl,-4.2946,-1.0713,2022-05
2022-05-26T12:32:01,cont,SELL,28879.64,29112.3,28693.51,232.66,109.0,2022-05-26T13:12:06,28693.51,tp,3.7226,0.8,2022-05
2022-05-26T14:26:01,flip,BUY,29278.2,29060.75,29452.16,217.45,0.0,2022-05-26T14:29:49,29058.82,sl,-4.3876,-1.0089,2022-05
2022-05-26T14:44:01,cont,BUY,29322.53,29050.74,29539.96,271.79,18.0,2022-05-26T16:11:16,29539.96,tp,4.3486,0.8,2022-05
2022-05-26T16:18:01,cont,BUY,29614.45,29502.14,29704.3,112.31,112.0,2022-05-26T16:20:55,29704.3,tp,1.797,0.8,2022-05
2022-05-26T19:13:01,flip,SELL,29460.11,29662.15,29298.48,202.04,0.0,2022-05-26T20:09:59,29298.48,tp,3.2326,0.8,2022-05
2022-05-26T21:07:01,flip,BUY,29659.3,29412.63,29856.64,246.67,0.0,2022-05-26T23:13:00,29409.74,sl,-4.9912,-1.0117,2022-05
2022-05-26T23:47:01,flip,SELL,29286.78,29438.58,29165.34,151.8,0.0,2022-05-27T00:09:28,29165.34,tp,2.4288,0.8,2022-05
2022-05-27T00:12:01,cont,SELL,29144.96,29284.61,29033.24,139.65,25.0,2022-05-27T00:16:17,29285.75,sl,-2.8158,-1.0082,2022-05
2022-05-27T00:45:01,cont,SELL,29106.36,29365.0,28899.45,258.64,58.0,2022-05-27T01:21:48,28899.45,tp,4.1382,0.8,2022-05
2022-05-27T01:38:01,flip,BUY,29051.91,28874.05,29194.2,177.86,0.0,2022-05-27T01:59:16,28874.02,sl,-3.5578,-1.0002,2022-05
2022-05-27T03:31:01,cont,BUY,29122.24,28805.17,29375.9,317.07,113.0,2022-05-27T05:38:10,28802.12,sl,-6.4024,-1.0096,2022-05
2022-05-27T06:02:01,flip,SELL,28660.2,28823.41,28529.63,163.21,0.0,2022-05-27T06:11:57,28827.8,sl,-3.352,-1.0269,2022-05
2022-05-27T06:21:01,cont,SELL,28606.82,28845.56,28415.83,238.74,19.0,2022-05-27T06:34:42,28848.66,sl,-4.8368,-1.013,2022-05
2022-05-27T06:47:01,flip,BUY,28898.0,28787.05,28986.76,110.95,0.0,2022-05-27T06:58:06,28986.76,tp,1.7752,0.8,2022-05
2022-05-27T07:26:01,cont,BUY,29059.11,28868.51,29211.59,190.6,39.0,2022-05-27T08:03:18,28866.73,sl,-3.8476,-1.0093,2022-05
2022-05-27T16:54:01,flip,SELL,28629.48,28928.51,28390.26,299.03,0.0,2022-05-27T17:22:28,28390.26,tp,4.7845,0.8,2022-05
2022-05-27T18:01:01,cont,SELL,28278.36,28571.58,28043.78,293.22,67.0,2022-05-27T19:31:28,28573.39,sl,-5.9006,-1.0062,2022-05
2022-05-27T19:32:01,cont,BUY,28562.83,28391.17,28700.16,171.66,25.0,2022-05-27T19:50:09,28700.16,tp,2.7466,0.8,2022-05
2022-05-28T17:08:02,flip,SELL,28842.92,29060.28,28669.03,217.36,0.0,2022-05-28T19:54:31,29062.11,sl,-4.3838,-1.0084,2022-05
2022-05-29T08:28:01,flip,BUY,29168.29,28821.38,29445.82,346.91,0.0,2022-05-29T12:11:29,29445.82,tp,5.5506,0.8,2022-05
2022-05-30T13:20:01,flip,SELL,30260.5,30554.31,30025.45,293.81,0.0,2022-05-30T14:05:25,30554.78,sl,-5.8856,-1.0016,2022-05
2022-05-30T17:17:01,flip,BUY,30717.98,30417.98,30957.98,300.0,0.0,2022-05-30T20:24:47,30957.98,tp,4.8,0.8,2022-05
2022-05-30T20:25:01,flip,BUY,31222.66,30772.5,31582.79,450.16,0.0,2022-05-30T21:17:30,31582.79,tp,7.2026,0.8,2022-05
2022-05-31T19:57:01,flip,SELL,31550.09,31732.41,31404.23,182.32,0.0,2022-05-31T20:39:00,31733.99,sl,-3.678,-1.0087,2022-05
2022-05-31T22:28:01,flip,BUY,31802.62,31629.75,31940.92,172.87,0.0,2022-06-01T03:17:50,31629.58,sl,-3.4608,-1.001,2022-05
2022-06-01T03:18:01,cont,SELL,31634.98,31729.02,31559.75,94.04,92.0,2022-06-01T03:26:11,31730.24,sl,-1.9052,-1.013,2022-06
2022-06-01T03:32:01,cont,SELL,31616.67,31707.5,31544.01,90.83,106.0,2022-06-01T04:07:48,31544.01,tp,1.4533,0.8,2022-06
2022-06-01T09:28:01,flip,BUY,31654.46,31413.95,31846.87,240.51,0.0,2022-06-01T11:45:03,31413.34,sl,-4.8224,-1.0025,2022-06
2022-06-01T13:15:01,flip,BUY,31801.56,31620.55,31946.37,181.01,0.0,2022-06-01T13:48:14,31617.69,sl,-3.6774,-1.0158,2022-06
2022-06-01T14:09:01,flip,SELL,31553.3,31768.4,31381.22,215.1,0.0,2022-06-01T14:29:11,31381.22,tp,3.4416,0.8,2022-06
2022-06-01T15:24:01,cont,SELL,30870.37,31275.06,30546.62,404.69,75.0,2022-06-01T16:22:14,30546.62,tp,6.475,0.8,2022-06
2022-06-03T01:42:01,flip,BUY,30674.33,30345.3,30937.55,329.03,0.0,2022-06-03T07:00:29,30343.72,sl,-6.6122,-1.0048,2022-06
2022-06-03T09:20:01,flip,SELL,30215.54,30513.12,29977.48,297.58,0.0,2022-06-03T10:25:24,29977.48,tp,4.7613,0.8,2022-06
2022-06-03T10:49:01,cont,SELL,29753.01,29857.0,29669.82,103.99,89.0,2022-06-03T10:51:47,29857.53,sl,-2.0904,-1.0051,2022-06
2022-06-03T11:07:01,cont,SELL,29738.73,29851.64,29648.4,112.91,107.0,2022-06-03T11:35:22,29854.62,sl,-2.3178,-1.0264,2022-06
2022-06-03T13:32:01,flip,BUY,29725.84,29523.99,29887.32,201.85,0.0,2022-06-03T14:31:07,29522.05,sl,-4.0758,-1.0096,2022-06
2022-06-03T23:32:01,flip,SELL,29650.65,29680.01,29627.16,29.36,0.0,2022-06-03T23:32:53,29681.81,sl,-0.6232,-1.0613,2022-06
2022-06-04T00:06:01,flip,BUY,29733.75,29670.72,29784.17,63.03,0.0,2022-06-04T00:08:59,29668.25,sl,-1.31,-1.0392,2022-06
2022-06-04T00:11:01,cont,BUY,29754.64,29668.25,29823.75,86.39,5.0,2022-06-04T00:48:04,29667.89,sl,-1.735,-1.0042,2022-06
2022-06-04T01:04:01,flip,SELL,29656.1,29727.73,29598.8,71.63,0.0,2022-06-04T01:04:41,29598.8,tp,1.1461,0.8,2022-06
2022-06-04T02:19:01,cont,SELL,29492.02,29629.36,29382.15,137.34,75.0,2022-06-04T03:01:13,29632.32,sl,-2.806,-1.0216,2022-06
2022-06-04T04:06:01,cont,BUY,29658.55,29517.88,29771.09,140.67,70.0,2022-06-04T08:33:38,29771.09,tp,2.2507,0.8,2022-06
2022-06-04T11:52:01,flip,SELL,29613.99,29752.52,29503.17,138.53,0.0,2022-06-04T14:06:22,29503.17,tp,2.2165,0.8,2022-06
2022-06-04T14:23:01,cont,BUY,29666.26,29469.26,29823.86,197.0,53.0,2022-06-04T14:30:25,29823.86,tp,3.152,0.8,2022-06
2022-06-06T11:24:01,flip,SELL,31316.63,31435.77,31221.32,119.14,0.0,2022-06-06T11:42:41,31221.32,tp,1.9062,0.8,2022-06
2022-06-06T13:30:01,flip,BUY,31473.28,31333.1,31585.42,140.18,0.0,2022-06-06T13:36:50,31331.23,sl,-2.841,-1.0133,2022-06
2022-06-06T14:06:01,cont,BUY,31623.38,31257.21,31916.32,366.17,36.0,2022-06-06T15:17:29,31256.56,sl,-7.3364,-1.0018,2022-06
2022-06-06T17:18:01,flip,SELL,31073.96,31509.79,30725.3,435.83,0.0,2022-06-06T20:19:41,31509.92,sl,-8.7192,-1.0003,2022-06
2022-06-06T21:37:01,flip,BUY,31581.55,31351.94,31765.24,229.61,0.0,2022-06-06T22:50:05,31351.12,sl,-4.6086,-1.0036,2022-06
2022-06-06T23:11:01,flip,SELL,31316.28,31388.38,31258.6,72.1,0.0,2022-06-07T00:04:31,31258.6,tp,1.1536,0.8,2022-06
2022-06-07T00:15:01,cont,SELL,31197.01,31314.84,31102.75,117.83,64.0,2022-06-07T00:21:29,31102.75,tp,1.8853,0.8,2022-06
2022-06-07T00:32:01,cont,SELL,30584.75,30797.0,30414.95,212.25,81.0,2022-06-07T00:37:24,30414.95,tp,3.396,0.8,2022-06
2022-06-07T00:44:01,cont,SELL,30316.01,30439.75,30217.02,123.74,93.0,2022-06-07T00:53:11,30217.02,tp,1.9798,0.8,2022-06
2022-06-07T00:57:01,cont,SELL,30136.27,30262.38,30035.38,126.11,106.0,2022-06-07T01:01:23,30035.38,tp,2.0178,0.8,2022-06
2022-06-07T08:39:01,flip,BUY,29674.17,29390.67,29900.97,283.5,0.0,2022-06-07T11:10:43,29389.1,sl,-5.7014,-1.0055,2022-06
2022-06-07T16:16:01,flip,SELL,29766.68,29881.39,29674.91,114.71,0.0,2022-06-07T16:34:13,29882.53,sl,-2.317,-1.0099,2022-06
2022-06-07T17:13:01,flip,BUY,29964.03,29834.36,30067.77,129.67,0.0,2022-06-07T18:12:16,30067.77,tp,2.0747,0.8,2022-06
2022-06-07T18:34:01,cont,BUY,30245.42,30141.23,30328.77,104.19,81.0,2022-06-07T18:46:49,30139.6,sl,-2.1164,-1.0156,2022-06
2022-06-07T19:06:01,cont,BUY,30268.98,30129.81,30380.32,139.17,113.0,2022-06-07T19:10:30,30380.32,tp,2.2267,0.8,2022-06
2022-06-08T03:29:01,flip,SELL,30223.13,31386.76,29292.23,1163.63,0.0,2022-06-10T13:34:31,29292.23,tp,18.6181,0.8,2022-06
2022-06-10T14:02:01,flip,SELL,29265.81,29519.35,29062.98,253.54,0.0,2022-06-10T14:31:29,29523.19,sl,-5.1476,-1.0151,2022-06
2022-06-10T14:45:01,flip,BUY,29636.14,29497.22,29747.28,138.92,0.0,2022-06-10T15:15:12,29496.61,sl,-2.7906,-1.0044,2022-06
2022-06-10T15:24:01,flip,SELL,29424.46,29496.14,29367.12,71.68,0.0,2022-06-10T15:46:22,29498.69,sl,-1.4846,-1.0356,2022-06
2022-06-10T16:12:01,cont,SELL,29339.13,29464.78,29238.61,125.65,48.0,2022-06-10T16:28:06,29238.61,tp,2.0104,0.8,2022-06
2022-06-11T13:31:01,flip,BUY,28752.71,28606.71,28869.51,146.0,0.0,2022-06-11T14:16:24,28604.78,sl,-2.9586,-1.0132,2022-06
2022-06-11T14:37:01,flip,SELL,28522.42,28609.27,28452.94,86.85,0.0,2022-06-11T14:48:41,28610.04,sl,-1.7524,-1.0089,2022-06
2022-06-11T14:55:01,cont,SELL,28397.85,28587.44,28246.18,189.59,18.0,2022-06-11T15:06:56,28588.67,sl,-3.8164,-1.0065,2022-06
2022-06-11T15:24:01,cont,SELL,28316.51,28564.37,28118.22,247.86,47.0,2022-06-11T16:18:39,28118.22,tp,3.9658,0.8,2022-06
2022-06-11T17:38:01,flip,BUY,28549.32,28406.83,28663.31,142.49,0.0,2022-06-11T18:38:52,28663.31,tp,2.2798,0.8,2022-06
2022-06-11T20:57:01,flip,SELL,28403.91,28491.25,28334.04,87.34,0.0,2022-06-11T21:14:18,28492.14,sl,-1.7646,-1.0102,2022-06
2022-06-11T21:41:01,flip,BUY,28595.69,28488.71,28681.27,106.98,0.0,2022-06-11T23:08:59,28487.22,sl,-2.1694,-1.0139,2022-06
2022-06-12T01:58:01,flip,SELL,28138.35,28514.75,27837.23,376.4,0.0,2022-06-12T02:32:30,27837.23,tp,6.0224,0.8,2022-06
2022-06-12T15:16:01,flip,BUY,28019.28,27758.55,28227.86,260.73,0.0,2022-06-12T15:34:32,28227.86,tp,4.1717,0.8,2022-06
2022-06-12T15:35:01,cont,BUY,28292.87,27979.5,28543.57,313.37,19.0,2022-06-12T15:47:40,27978.67,sl,-6.284,-1.0026,2022-06
2022-06-12T16:38:01,flip,SELL,27908.33,28123.47,27736.22,215.14,0.0,2022-06-12T17:28:58,28125.16,sl,-4.3366,-1.0079,2022-06
2022-06-12T17:29:01,cont,BUY,28122.19,28048.1,28181.46,74.09,7.0,2022-06-12T17:54:56,28181.46,tp,1.1854,0.8,2022-06
2022-06-12T18:09:01,flip,SELL,27959.13,28030.17,27902.3,71.04,0.0,2022-06-12T18:45:04,27902.3,tp,1.1366,0.8,2022-06
2022-06-12T18:50:01,cont,SELL,27876.51,27947.86,27819.43,71.35,41.0,2022-06-12T19:14:49,27819.43,tp,1.1416,0.8,2022-06
2022-06-12T19:38:01,cont,SELL,27498.87,27608.12,27411.47,109.25,89.0,2022-06-12T20:00:02,27411.47,tp,1.748,0.8,2022-06
2022-06-12T20:07:01,cont,SELL,27382.06,27469.68,27311.96,87.62,118.0,2022-06-12T20:17:59,27471.58,sl,-1.7904,-1.0217,2022-06
2022-06-12T21:21:01,flip,BUY,27491.05,27428.11,27541.4,62.94,0.0,2022-06-12T21:22:53,27427.51,sl,-1.2708,-1.0095,2022-06
2022-06-12T22:40:01,flip,SELL,27092.22,27404.98,26842.01,312.76,0.0,2022-06-12T23:41:05,26842.01,tp,5.0042,0.8,2022-06
2022-06-12T23:42:01,cont,SELL,26791.02,26964.02,26652.62,173.0,62.0,2022-06-12T23:59:12,26652.62,tp,2.768,0.8,2022-06
2022-06-13T03:40:02,flip,BUY,25519.94,25292.08,25702.23,227.86,0.0,2022-06-13T04:09:44,25702.23,tp,3.6458,0.8,2022-06
2022-06-13T04:10:01,cont,BUY,25757.47,25349.8,26083.61,407.67,30.0,2022-06-13T04:20:26,26083.61,tp,6.5227,0.8,2022-06
2022-06-13T04:21:01,cont,BUY,26102.5,25770.91,26367.77,331.59,41.0,2022-06-13T04:42:04,25770.3,sl,-6.644,-1.0018,2022-06
2022-06-13T05:49:01,flip,SELL,25269.45,25820.24,24828.82,550.79,0.0,2022-06-13T07:41:49,24828.82,tp,8.8126,0.8,2022-06
2022-06-13T10:06:01,flip,BUY,24155.74,23935.84,24331.66,219.9,0.0,2022-06-13T10:13:15,23934.97,sl,-4.4154,-1.004,2022-06
2022-06-13T10:30:01,cont,BUY,24193.63,23844.79,24472.7,348.84,24.0,2022-06-13T11:09:11,23842.09,sl,-7.0308,-1.0077,2022-06
2022-06-13T11:49:01,flip,SELL,23543.81,23727.24,23397.07,183.43,0.0,2022-06-13T11:59:54,23727.95,sl,-3.6828,-1.0039,2022-06
2022-06-13T12:12:01,flip,BUY,24007.58,23657.16,24287.92,350.42,0.0,2022-06-13T12:14:53,24287.92,tp,5.6067,0.8,2022-06
2022-06-13T13:06:01,flip,SELL,23580.86,23730.85,23460.87,149.99,0.0,2022-06-13T13:10:52,23730.91,sl,-3.001,-1.0004,2022-06
2022-06-13T13:18:01,cont,SELL,23541.52,23716.49,23401.54,174.97,12.0,2022-06-13T13:21:35,23401.54,tp,2.7995,0.8,2022-06
2022-06-13T13:29:01,cont,SELL,23369.57,23532.57,23239.17,163.0,23.0,2022-06-13T13:30:42,23533.35,sl,-3.2756,-1.0048,2022-06
2022-06-13T14:11:01,cont,SELL,23365.63,23903.8,22935.09,538.17,65.0,2022-06-13T14:48:24,22935.09,tp,8.6107,0.8,2022-06
2022-06-13T15:44:01,flip,BUY,23401.52,23153.56,23599.89,247.96,0.0,2022-06-13T15:51:52,23152.56,sl,-4.9792,-1.004,2022-06
2022-06-13T16:09:01,cont,BUY,23487.59,23113.81,23786.61,373.78,25.0,2022-06-13T16:11:10,23786.61,tp,5.9805,0.8,2022-06
2022-06-13T16:32:01,cont,BUY,24170.32,23674.4,24567.06,495.92,48.0,2022-06-13T16:43:08,23674.17,sl,-9.923,-1.0005,2022-06
2022-06-13T17:04:01,flip,SELL,23621.14,23931.88,23372.55,310.74,0.0,2022-06-13T17:26:05,23372.55,tp,4.9718,0.8,2022-06
2022-06-14T00:07:01,flip,BUY,22507.38,22316.7,22659.92,190.68,0.0,2022-06-14T00:09:10,22659.92,tp,3.0509,0.8,2022-06
2022-06-14T00:41:01,flip,SELL,22211.31,22428.76,22037.35,217.45,0.0,2022-06-14T00:55:54,22037.35,tp,3.4792,0.8,2022-06
2022-06-14T01:20:01,cont,SELL,21484.83,21761.16,21263.77,276.33,39.0,2022-06-14T01:27:11,21263.77,tp,4.4213,0.8,2022-06
2022-06-14T01:37:01,cont,SELL,21074.8,21347.28,20856.82,272.48,56.0,2022-06-14T01:59:32,20856.82,tp,4.3597,0.8,2022-06
2022-06-14T02:00:01,cont,SELL,20817.98,21043.14,20637.85,225.16,79.0,2022-06-14T02:02:45,21046.69,sl,-4.5742,-1.0158,2022-06
2022-06-14T02:18:01,flip,BUY,21586.76,21209.77,21888.35,376.99,0.0,2022-06-14T02:24:50,21206.45,sl,-7.6062,-1.0088,2022-06
2022-06-14T02:51:01,cont,BUY,21689.1,20896.1,22323.5,793.0,33.0,2022-06-14T04:04:16,22323.5,tp,12.688,0.8,2022-06
2022-06-14T21:34:01,flip,SELL,21503.67,21615.6,21414.13,111.93,0.0,2022-06-14T21:46:51,21414.13,tp,1.7909,0.8,2022-06
2022-06-14T21:47:01,cont,SELL,21400.69,21520.89,21304.53,120.2,13.0,2022-06-14T21:59:01,21523.1,sl,-2.4482,-1.0184,2022-06
2022-06-14T23:06:01,flip,BUY,21797.69,21467.05,22062.2,330.64,0.0,2022-06-14T23:24:50,22062.2,tp,5.2902,0.8,2022-06
2022-06-14T23:37:01,cont,BUY,22111.79,21941.22,22248.25,170.57,31.0,2022-06-14T23:37:29,22248.25,tp,2.7291,0.8,2022-06
2022-06-15T00:51:01,flip,SELL,21833.08,22088.52,21628.73,255.44,0.0,2022-06-15T01:39:20,22088.66,sl,-5.1116,-1.0005,2022-06
2022-06-15T11:25:01,flip,BUY,20837.93,20346.23,21231.29,491.7,0.0,2022-06-15T11:36:07,21231.29,tp,7.8672,0.8,2022-06
2022-06-15T12:15:01,cont,BUY,21347.82,20936.19,21677.12,411.63,50.0,2022-06-15T13:50:46,21677.12,tp,6.5861,0.8,2022-06
2022-06-15T14:40:01,flip,SELL,21232.94,21400.46,21098.92,167.52,0.0,2022-06-15T15:06:22,21402.75,sl,-3.3962,-1.0137,2022-06
2022-06-15T15:47:01,flip,BUY,21420.52,21116.96,21663.37,303.56,0.0,2022-06-15T16:30:31,21116.86,sl,-6.0732,-1.0003,2022-06
2022-06-15T16:58:01,flip,SELL,20654.35,20804.82,20533.97,150.47,0.0,2022-06-15T17:15:25,20804.88,sl,-3.0106,-1.0004,2022-06
2022-06-15T17:31:01,cont,SELL,20549.15,20963.55,20217.63,414.4,33.0,2022-06-15T17:54:12,20965.93,sl,-8.3356,-1.0057,2022-06
2022-06-15T18:01:01,flip,BUY,21458.54,20978.57,21842.52,479.97,0.0,2022-06-15T18:01:10,20976.36,sl,-9.6436,-1.0046,2022-06
2022-06-15T18:43:01,cont,BUY,21557.96,20278.7,22581.37,1279.26,42.0,2022-06-15T22:27:10,22581.37,tp,20.4682,0.8,2022-06
2022-06-16T03:19:01,flip,SELL,22286.15,22513.54,22104.24,227.39,0.0,2022-06-16T04:49:57,22104.24,tp,3.6382,0.8,2022-06
2022-06-16T05:13:01,cont,SELL,22025.77,22112.47,21956.41,86.7,114.0,2022-06-16T05:17:12,22112.51,sl,-1.7348,-1.0005,2022-06
2022-06-16T07:06:01,flip,BUY,21870.08,21807.19,21920.39,62.89,0.0,2022-06-16T07:22:00,21804.59,sl,-1.3098,-1.0413,2022-06
2022-06-16T07:22:01,flip,SELL,21808.88,21868.83,21760.92,59.95,0.0,2022-06-16T07:26:33,21760.92,tp,0.9592,0.8,2022-06
2022-06-16T07:35:01,cont,SELL,21712.61,21835.72,21614.12,123.11,13.0,2022-06-16T08:31:53,21840.14,sl,-2.5506,-1.0359,2022-06
2022-06-16T09:06:01,cont,SELL,21556.45,21865.65,21309.09,309.2,104.0,2022-06-16T09:25:32,21309.09,tp,4.9472,0.8,2022-06
2022-06-17T00:14:01,flip,BUY,20483.46,20235.92,20681.49,247.54,0.0,2022-06-17T00:38:53,20234.85,sl,-4.9722,-1.0043,2022-06
2022-06-17T01:37:01,cont,BUY,20622.97,20205.32,20957.09,417.65,83.0,2022-06-17T02:01:24,20957.09,tp,6.6824,0.8,2022-06
2022-06-17T02:55:01,flip,SELL,20558.37,20674.21,20465.7,115.84,0.0,2022-06-17T03:19:13,20675.2,sl,-2.3366,-1.0085,2022-06
2022-06-17T03:45:01,cont,SELL,20479.54,20652.44,20341.22,172.9,50.0,2022-06-17T04:02:23,20341.22,tp,2.7664,0.8,2022-06
2022-06-17T04:03:01,cont,SELL,20330.99,20395.37,20279.49,64.38,68.0,2022-06-17T04:06:11,20396.14,sl,-1.303,-1.012,2022-06
2022-06-17T04:38:01,flip,BUY,20552.12,20460.57,20625.36,91.55,0.0,2022-06-17T05:13:12,20625.36,tp,1.4648,0.8,2022-06
2022-06-17T05:14:01,cont,BUY,20658.62,20509.65,20777.8,148.97,36.0,2022-06-17T05:32:28,20777.8,tp,2.3835,0.8,2022-06
2022-06-17T09:42:01,flip,SELL,20936.23,21119.52,20789.6,183.29,0.0,2022-06-17T10:57:01,21121.13,sl,-3.698,-1.0088,2022-06
2022-06-17T11:07:01,cont,BUY,21167.15,21057.29,21255.04,109.86,18.0,2022-06-17T11:28:44,21057.06,sl,-2.2018,-1.0021,2022-06
2022-06-17T11:33:01,cont,BUY,21179.11,21053.72,21279.42,125.39,44.0,2022-06-17T11:49:52,21053.58,sl,-2.5106,-1.0011,2022-06
2022-06-17T12:28:01,flip,SELL,20897.74,21023.35,20797.25,125.61,0.0,2022-06-17T12:44:14,20797.25,tp,2.0098,0.8,2022-06
2022-06-17T12:59:01,cont,SELL,20593.44,20654.86,20544.3,61.42,31.0,2022-06-17T13:00:09,20657.8,sl,-1.2872,-1.0479,2022-06
2022-06-17T13:42:01,flip,BUY,20827.72,20665.79,20957.26,161.93,0.0,2022-06-17T14:01:20,20665.75,sl,-3.2394,-1.0002,2022-06
2022-06-17T22:22:01,flip,SELL,20375.19,20738.65,20084.42,363.46,0.0,2022-06-18T00:32:16,20739.04,sl,-7.277,-1.0011,2022-06
2022-06-18T22:24:01,flip,BUY,18861.64,18317.39,19297.04,544.25,0.0,2022-06-18T22:29:53,19297.04,tp,8.708,0.8,2022-06
2022-06-19T05:20:01,flip,SELL,18143.85,18706.37,17693.83,562.52,0.0,2022-06-19T09:14:43,18707.7,sl,-11.277,-1.0024,2022-06
2022-06-19T09:32:01,flip,BUY,19049.6,18806.64,19243.97,242.96,0.0,2022-06-19T09:46:26,19243.97,tp,3.8874,0.8,2022-06
2022-06-19T10:17:01,cont,BUY,19351.6,18918.23,19698.3,433.37,45.0,2022-06-19T10:20:42,19698.3,tp,6.9339,0.8,2022-06
2022-06-20T00:59:01,flip,SELL,20047.51,20132.89,19979.21,85.38,0.0,2022-06-20T01:01:59,20133.81,sl,-1.726,-1.0108,2022-06
2022-06-20T01:11:01,cont,SELL,19932.09,20118.93,19782.62,186.84,12.0,2022-06-20T01:16:45,19782.62,tp,2.9894,0.8,2022-06
2022-06-20T01:40:02,cont,SELL,19737.68,19836.58,19658.56,98.9,41.0,2022-06-20T01:50:16,19658.56,tp,1.5824,0.8,2022-06
2022-06-20T02:07:01,flip,BUY,20071.6,19833.21,20262.31,238.39,0.0,2022-06-20T02:18:14,19832.29,sl,-4.7862,-1.0039,2022-06
2022-06-20T03:44:01,cont,BUY,20123.89,19669.64,20487.29,454.25,97.0,2022-06-20T08:36:27,20487.29,tp,7.268,0.8,2022-06
2022-06-20T16:50:01,flip,SELL,20316.7,21018.22,19755.48,701.52,0.0,2022-06-21T06:05:15,21018.42,sl,-14.0344,-1.0003,2022-06
2022-06-21T09:45:01,flip,SELL,21147.08,21234.47,21077.17,87.39,0.0,2022-06-21T10:23:40,21077.17,tp,1.3982,0.8,2022-06
2022-06-21T10:36:01,flip,BUY,21220.94,21156.12,21272.8,64.82,0.0,2022-06-21T10:41:03,21272.8,tp,1.0371,0.8,2022-06
2022-06-21T11:04:01,cont,BUY,21297.73,21206.65,21370.59,91.08,28.0,2022-06-21T11:09:02,21204.7,sl,-1.8606,-1.0214,2022-06
2022-06-21T11:24:01,flip,SELL,21162.27,21305.29,21047.85,143.02,0.0,2022-06-21T11:36:35,21047.85,tp,2.2883,0.8,2022-06
2022-06-21T11:49:01,cont,SELL,20980.82,21035.27,20937.26,54.45,25.0,2022-06-21T11:54:01,20937.26,tp,0.8712,0.8,2022-06
2022-06-21T12:06:01,cont,SELL,20871.07,20954.96,20803.96,83.89,42.0,2022-06-21T12:14:13,20956.82,sl,-1.715,-1.0222,2022-06
2022-06-21T12:48:01,flip,BUY,21063.16,20859.77,21225.87,203.39,0.0,2022-06-21T13:32:09,21225.87,tp,3.2542,0.8,2022-06
2022-06-21T14:43:01,cont,BUY,21634.27,21434.85,21793.81,199.42,115.0,2022-06-21T15:39:58,21434.32,sl,-3.999,-1.0027,2022-06
2022-06-21T15:40:01,cont,SELL,21417.35,21556.7,21305.87,139.35,16.0,2022-06-21T17:37:00,21305.87,tp,2.2296,0.8,2022-06
2022-06-21T19:35:01,flip,BUY,21202.23,21121.19,21267.06,81.04,0.0,2022-06-21T19:36:21,21267.06,tp,1.2966,0.8,2022-06
2022-06-21T20:11:01,flip,SELL,20832.83,20944.32,20743.64,111.49,0.0,2022-06-21T20:13:33,20743.64,tp,1.7838,0.8,2022-06
2022-06-22T05:34:01,flip,BUY,20564.98,20487.33,20627.1,77.65,0.0,2022-06-22T05:35:11,20486.89,sl,-1.5618,-1.0057,2022-06
2022-06-22T06:16:01,flip,SELL,20270.99,20407.45,20161.82,136.46,0.0,2022-06-22T06:18:32,20161.82,tp,2.1834,0.8,2022-06
2022-06-22T07:10:01,cont,SELL,19961.46,20144.57,19814.97,183.11,54.0,2022-06-22T07:11:37,20144.95,sl,-3.6698,-1.0021,2022-06
2022-06-22T07:32:01,flip,BUY,20199.76,20089.07,20288.31,110.69,0.0,2022-06-22T07:45:31,20086.89,sl,-2.2574,-1.0197,2022-06
2022-06-22T08:04:01,flip,SELL,20010.2,20136.56,19909.11,126.36,0.0,2022-06-22T08:10:07,20137.98,sl,-2.5556,-1.0112,2022-06
2022-06-22T09:02:01,flip,BUY,20240.2,20080.81,20367.71,159.39,0.0,2022-06-22T09:35:16,20367.71,tp,2.5502,0.8,2022-06
2022-06-22T15:42:01,flip,SELL,20387.14,20521.58,20279.59,134.44,0.0,2022-06-22T15:44:47,20279.59,tp,2.151,0.8,2022-06
2022-06-23T01:28:01,flip,BUY,20457.97,20309.63,20576.64,148.34,0.0,2022-06-23T03:01:53,20308.62,sl,-2.987,-1.0068,2022-06
2022-06-23T03:43:01,flip,SELL,20235.54,20333.37,20157.28,97.83,0.0,2022-06-23T04:10:33,20157.28,tp,1.5653,0.8,2022-06
2022-06-23T05:29:01,flip,BUY,20373.66,20246.25,20475.59,127.41,0.0,2022-06-23T06:32:29,20475.59,tp,2.0386,0.8,2022-06
2022-06-23T08:14:01,flip,BUY,20623.34,20405.5,20797.61,217.84,0.0,2022-06-23T13:53:47,20404.98,sl,-4.3672,-1.0024,2022-06
2022-06-23T16:49:01,flip,BUY,20337.78,20253.76,20405.0,84.02,0.0,2022-06-23T16:59:31,20253.13,sl,-1.693,-1.0075,2022-06
2022-06-23T18:13:01,cont,BUY,20356.88,20146.65,20525.06,210.23,84.0,2022-06-23T19:10:02,20525.06,tp,3.3637,0.8,2022-06
2022-06-24T06:46:01,flip,SELL,20808.46,20937.41,20705.3,128.95,0.0,2022-06-24T07:42:14,20937.82,sl,-2.5872,-1.0032,2022-06
2022-06-24T08:18:01,flip,BUY,20984.49,20841.26,21099.07,143.23,0.0,2022-06-24T09:46:27,20841.05,sl,-2.8688,-1.0015,2022-06
2022-06-24T10:51:01,flip,BUY,20941.7,20872.32,20997.2,69.38,0.0,2022-06-24T11:09:24,20997.2,tp,1.1101,0.8,2022-06
2022-06-24T12:22:01,cont,BUY,21317.56,21062.58,21521.54,254.98,91.0,2022-06-24T14:45:32,21060.28,sl,-5.1456,-1.009,2022-06
2022-06-24T15:11:01,cont,SELL,20996.37,21109.51,20905.86,113.14,28.0,2022-06-24T15:19:58,20905.86,tp,1.8102,0.8,2022-06
2022-06-24T19:42:01,flip,BUY,21197.01,20903.01,21432.21,294.0,0.0,2022-06-24T22:08:23,21432.21,tp,4.704,0.8,2022-06
2022-06-24T23:55:01,flip,SELL,21186.58,21365.81,21043.2,179.23,0.0,2022-06-25T02:07:37,21366.5,sl,-3.5984,-1.0038,2022-06
2022-06-25T02:34:02,flip,SELL,21205.06,21241.2,21176.15,36.14,0.0,2022-06-25T02:38:24,21242.43,sl,-0.7474,-1.034,2022-06
2022-06-25T02:45:01,cont,SELL,21202.27,21228.87,21180.99,26.6,11.0,2022-06-25T02:47:12,21230.45,sl,-0.5636,-1.0594,2022-06
2022-06-25T02:53:01,cont,SELL,21179.48,21218.43,21148.32,38.95,19.0,2022-06-25T03:03:41,21148.32,tp,0.6232,0.8,2022-06
2022-06-25T03:48:01,flip,BUY,21307.51,21175.91,21412.79,131.6,0.0,2022-06-25T06:01:19,21175.18,sl,-2.6466,-1.0055,2022-06
2022-06-25T08:14:01,flip,SELL,21444.62,21476.35,21419.24,31.73,0.0,2022-06-25T08:22:25,21419.24,tp,0.5077,0.8,2022-06
2022-06-25T08:33:01,cont,SELL,21386.2,21467.48,21321.18,81.28,19.0,2022-06-25T09:24:42,21467.88,sl,-1.6336,-1.0049,2022-06
2022-06-25T19:14:01,flip,BUY,21240.25,21183.04,21286.02,57.21,0.0,2022-06-25T19:18:24,21182.13,sl,-1.1624,-1.0159,2022-06
2022-06-25T20:12:01,flip,SELL,21144.63,21208.84,21093.26,64.21,0.0,2022-06-25T20:46:26,21209.6,sl,-1.2994,-1.0118,2022-06
2022-06-25T21:11:01,flip,BUY,21342.93,21189.35,21465.79,153.58,0.0,2022-06-25T21:39:46,21465.79,tp,2.4573,0.8,2022-06
2022-06-25T21:40:01,cont,BUY,21469.79,21386.57,21536.37,83.22,29.0,2022-06-25T22:20:41,21386.22,sl,-1.6714,-1.0042,2022-06
2022-06-26T02:49:01,flip,SELL,21272.62,21395.54,21174.28,122.92,0.0,2022-06-26T03:26:02,21395.6,sl,-2.4596,-1.0005,2022-06
2022-06-26T04:46:01,flip,BUY,21437.85,21342.17,21514.39,95.68,0.0,2022-06-26T06:16:12,21341.91,sl,-1.9188,-1.0027,2022-06
2022-06-26T06:38:01,cont,BUY,21486.89,21318.09,21621.93,168.8,112.0,2022-06-26T11:55:01,21621.93,tp,2.7008,0.8,2022-06
2022-06-26T15:07:01,flip,SELL,21250.17,21467.69,21076.15,217.52,0.0,2022-06-26T22:30:29,21076.15,tp,3.4803,0.8,2022-06
2022-06-27T07:07:01,flip,BUY,21294.8,21132.84,21424.37,161.96,0.0,2022-06-27T08:37:18,21424.37,tp,2.5914,0.8,2022-06
2022-06-27T08:38:01,cont,BUY,21451.88,21283.31,21586.74,168.57,91.0,2022-06-27T11:54:42,21279.18,sl,-3.454,-1.0245,2022-06
2022-06-27T12:12:01,flip,SELL,21250.14,21317.77,21196.04,67.63,0.0,2022-06-27T12:41:05,21196.04,tp,1.0821,0.8,2022-06
2022-06-27T12:46:01,cont,SELL,21157.35,21219.95,21107.27,62.6,34.0,2022-06-27T12:59:20,21223.82,sl,-1.3294,-1.0618,2022-06
2022-06-27T13:34:01,cont,SELL,21062.53,21247.97,20914.18,185.44,82.0,2022-06-27T13:43:19,20914.18,tp,2.967,0.8,2022-06
2022-06-27T14:01:01,cont,SELL,20672.46,20830.26,20546.22,157.8,109.0,2022-06-27T14:57:33,20830.42,sl,-3.1592,-1.001,2022-06
2022-06-27T20:09:01,flip,BUY,20919.11,20703.08,21091.93,216.03,0.0,2022-06-27T23:42:59,20702.39,sl,-4.3344,-1.0032,2022-06
2022-06-28T00:41:01,flip,SELL,20671.69,20848.28,20530.42,176.59,0.0,2022-06-28T02:14:24,20530.42,tp,2.8254,0.8,2022-06
2022-06-28T04:55:01,flip,BUY,20772.89,20685.0,20843.2,87.89,0.0,2022-06-28T06:25:44,20843.2,tp,1.4062,0.8,2022-06
2022-06-28T06:26:01,cont,BUY,20851.31,20795.23,20896.17,56.08,91.0,2022-06-28T06:37:03,20792.37,sl,-1.1788,-1.051,2022-06
2022-06-28T07:34:01,flip,SELL,20833.78,20869.33,20805.34,35.55,0.0,2022-06-28T07:34:19,20869.76,sl,-0.7196,-1.0121,2022-06
2022-06-28T07:49:01,cont,SELL,20835.73,20890.77,20791.7,55.04,15.0,2022-06-28T08:00:48,20893.29,sl,-1.1512,-1.0458,2022-06
2022-06-28T08:40:01,flip,BUY,20932.13,20845.7,21001.27,86.43,0.0,2022-06-28T08:46:06,21001.27,tp,1.3829,0.8,2022-06
2022-06-28T15:21:01,flip,SELL,20704.77,20815.51,20616.18,110.74,0.0,2022-06-28T15:42:49,20616.18,tp,1.7718,0.8,2022-06
2022-06-28T15:51:01,cont,SELL,20593.28,20645.2,20551.74,51.92,30.0,2022-06-28T16:05:55,20551.74,tp,0.8307,0.8,2022-06
2022-06-28T16:37:01,flip,BUY,20718.88,20594.74,20818.19,124.14,0.0,2022-06-28T17:09:48,20594.16,sl,-2.4944,-1.0047,2022-06
2022-06-28T18:04:01,flip,SELL,20567.9,20656.11,20497.33,88.21,0.0,2022-06-28T18:09:25,20497.33,tp,1.4114,0.8,2022-06
2022-06-28T19:48:01,cont,SELL,20210.36,20381.35,20073.57,170.99,104.0,2022-06-28T21:53:45,20381.38,sl,-3.4204,-1.0002,2022-06
2022-06-28T22:06:01,cont,BUY,20398.04,20351.34,20435.4,46.7,54.0,2022-06-28T22:07:09,20350.21,sl,-0.9566,-1.0242,2022-06
2022-06-28T22:21:01,cont,BUY,20445.36,20311.5,20552.45,133.86,69.0,2022-06-28T22:33:04,20311.08,sl,-2.6856,-1.0031,2022-06
2022-06-28T23:38:01,flip,SELL,20226.95,20340.01,20136.5,113.06,0.0,2022-06-29T00:29:55,20340.87,sl,-2.2784,-1.0076,2022-06
2022-06-29T00:54:01,flip,SELL,20223.69,20301.27,20161.63,77.58,0.0,2022-06-29T01:10:35,20302.48,sl,-1.5758,-1.0156,2022-06
2022-06-29T01:35:01,flip,BUY,20341.7,20279.36,20391.57,62.34,0.0,2022-06-29T02:21:29,20277.76,sl,-1.2788,-1.0257,2022-06
2022-06-29T03:50:01,flip,SELL,20238.3,20358.97,20141.76,120.67,0.0,2022-06-29T05:49:28,20141.76,tp,1.9307,0.8,2022-06
2022-06-30T12:31:01,flip,BUY,19202.51,18967.68,19390.37,234.83,0.0,2022-06-30T13:42:23,18966.37,sl,-4.7228,-1.0056,2022-06
2022-06-30T16:32:01,flip,BUY,19237.2,19051.61,19385.67,185.59,0.0,2022-06-30T17:13:51,19049.99,sl,-3.7442,-1.0087,2022-06
2022-06-30T18:25:01,flip,SELL,19032.23,19200.03,18897.99,167.8,0.0,2022-06-30T19:17:30,18897.99,tp,2.6848,0.8,2022-06
2022-06-30T19:54:01,cont,SELL,18849.68,19003.59,18726.55,153.91,89.0,2022-06-30T20:16:06,19009.4,sl,-3.1944,-1.0377,2022-06
2022-06-30T23:46:01,flip,BUY,19129.99,19026.47,19212.81,103.52,0.0,2022-06-30T23:47:04,19212.81,tp,1.6563,0.8,2022-06
2022-07-01T00:29:01,cont,BUY,20183.32,19651.08,20609.11,532.24,43.0,2022-07-01T00:29:27,20609.11,tp,8.5158,0.8,2022-07
2022-07-01T04:48:01,flip,SELL,19397.35,19698.18,19156.69,300.83,0.0,2022-07-01T08:14:29,19700.45,sl,-6.062,-1.0075,2022-07
2022-07-01T08:15:01,cont,BUY,19714.65,19459.11,19919.08,255.54,40.0,2022-07-01T09:10:09,19458.62,sl,-5.1206,-1.0019,2022-07
2022-07-01T09:54:02,flip,SELL,19370.16,19520.33,19250.02,150.17,0.0,2022-07-01T10:38:48,19250.02,tp,2.4027,0.8,2022-07
2022-07-01T10:39:01,cont,SELL,19175.35,19430.03,18971.61,254.68,45.0,2022-07-01T11:02:47,18971.61,tp,4.0749,0.8,2022-07
2022-07-04T15:06:01,flip,BUY,20008.34,19502.64,20412.9,505.7,0.0,2022-07-05T00:47:12,20412.9,tp,8.0912,0.8,2022-07
2022-07-05T01:18:01,flip,SELL,20312.75,20366.14,20270.04,53.39,0.0,2022-07-05T01:25:50,20270.04,tp,0.8542,0.8,2022-07
2022-07-05T02:07:01,cont,SELL,20230.43,20285.07,20186.72,54.64,49.0,2022-07-05T02:23:31,20186.72,tp,0.8742,0.8,2022-07
2022-07-05T02:57:01,cont,SELL,20142.53,20198.42,20097.82,55.89,99.0,2022-07-05T03:04:20,20199.34,sl,-1.1362,-1.0165,2022-07
2022-07-05T03:36:01,flip,BUY,20250.25,20184.88,20302.55,65.37,0.0,2022-07-05T04:17:51,20184.53,sl,-1.3144,-1.0054,2022-07
2022-07-05T05:10:08,cont,BUY,20303.1,20161.17,20416.64,141.93,94.0,2022-07-05T05:23:32,20416.64,tp,2.2709,0.8,2022-07
2022-07-05T08:04:01,flip,SELL,20145.52,20238.79,20070.9,93.27,0.0,2022-07-05T08:06:22,20070.9,tp,1.4923,0.8,2022-07
2022-07-05T08:24:01,cont,SELL,20033.88,20110.8,19972.34,76.92,20.0,2022-07-05T08:26:11,19972.34,tp,1.2307,0.8,2022-07
2022-07-05T08:51:01,cont,SELL,19821.42,19863.56,19787.71,42.14,47.0,2022-07-05T08:53:55,19865.28,sl,-0.8772,-1.0408,2022-07
2022-07-05T09:05:01,cont,SELL,19812.44,19888.59,19751.52,76.15,61.0,2022-07-05T09:10:50,19888.7,sl,-1.5252,-1.0014,2022-07
2022-07-05T09:34:01,cont,SELL,19794.36,19899.74,19710.06,105.38,90.0,2022-07-05T09:44:37,19710.06,tp,1.6861,0.8,2022-07
2022-07-05T14:29:01,flip,BUY,19494.93,19346.2,19613.91,148.73,0.0,2022-07-05T15:11:42,19345.9,sl,-2.9806,-1.002,2022-07
2022-07-05T16:19:01,cont,BUY,19582.69,19315.71,19796.27,266.98,110.0,2022-07-05T18:31:21,19796.27,tp,4.2717,0.8,2022-07
2022-07-05T21:24:01,flip,SELL,20222.07,20313.09,20149.25,91.02,0.0,2022-07-05T21:41:05,20313.74,sl,-1.8334,-1.0071,2022-07
2022-07-06T00:37:01,flip,BUY,20264.65,20103.97,20393.19,160.68,0.0,2022-07-06T01:39:26,20100.9,sl,-3.275,-1.0191,2022-07
2022-07-06T03:13:01,flip,SELL,19771.26,19928.19,19645.72,156.93,0.0,2022-07-06T03:51:41,19930.77,sl,-3.1902,-1.0164,2022-07
2022-07-06T04:10:01,flip,BUY,20109.77,19873.95,20298.43,235.82,0.0,2022-07-06T06:27:20,19870.77,sl,-4.78,-1.0135,2022-07
2022-07-06T18:04:01,flip,SELL,20195.48,20300.73,20111.28,105.25,0.0,2022-07-06T18:06:36,20304.19,sl,-2.1742,-1.0329,2022-07
2022-07-06T18:41:01,flip,BUY,20377.26,20167.71,20544.9,209.55,0.0,2022-07-06T22:10:03,20544.9,tp,3.3528,0.8,2022-07
2022-07-06T23:07:02,flip,BUY,20620.46,20439.72,20765.05,180.74,0.0,2022-07-07T02:17:58,20438.59,sl,-3.6374,-1.0063,2022-07
2022-07-07T02:27:01,flip,SELL,20390.88,20434.72,20355.81,43.84,0.0,2022-07-07T03:42:11,20435.04,sl,-0.8832,-1.0073,2022-07
2022-07-07T08:48:01,flip,BUY,20486.47,20380.55,20571.21,105.92,0.0,2022-07-07T09:47:25,20571.21,tp,1.6947,0.8,2022-07
2022-07-07T09:48:01,cont,BUY,20581.39,20454.83,20682.64,126.56,60.0,2022-07-07T10:49:37,20451.09,sl,-2.606,-1.0296,2022-07
2022-07-07T11:30:01,flip,SELL,20424.84,20498.09,20366.24,73.25,0.0,2022-07-07T11:56:19,20498.84,sl,-1.48,-1.0102,2022-07
2022-07-07T12:38:01,flip,SELL,20383.1,20421.82,20352.12,38.72,0.0,2022-07-07T12:40:28,20422.69,sl,-0.7918,-1.0225,2022-07
2022-07-07T13:21:01,cont,SELL,20363.92,20440.43,20302.71,76.51,43.0,2022-07-07T13:34:57,20442.4,sl,-1.5696,-1.0257,2022-07
2022-07-07T14:09:01,flip,BUY,20543.81,20474.66,20599.13,69.15,0.0,2022-07-07T14:09:25,20599.13,tp,1.1064,0.8,2022-07
2022-07-07T14:53:01,cont,BUY,20931.89,20823.47,21018.63,108.42,44.0,2022-07-07T15:34:09,20822.72,sl,-2.1834,-1.0069,2022-07
2022-07-07T15:36:01,flip,SELL,20824.11,20900.2,20763.24,76.09,0.0,2022-07-07T16:03:54,20900.73,sl,-1.5324,-1.007,2022-07
2022-07-07T16:36:01,flip,BUY,20964.38,20844.71,21060.12,119.67,0.0,2022-07-07T16:42:36,21060.12,tp,1.9147,0.8,2022-07
2022-07-07T20:25:01,flip,SELL,21547.01,21698.14,21426.11,151.13,0.0,2022-07-07T21:14:50,21699.47,sl,-3.0492,-1.0088,2022-07
2022-07-07T22:16:02,flip,BUY,21712.6,21559.78,21834.86,152.82,0.0,2022-07-07T23:13:02,21558.16,sl,-3.0888,-1.0106,2022-07
2022-07-08T09:04:01,flip,SELL,21372.57,21480.0,21286.63,107.43,0.0,2022-07-08T09:27:22,21482.34,sl,-2.1954,-1.0218,2022-07
2022-07-08T09:59:01,flip,BUY,21551.98,21433.18,21647.02,118.8,0.0,2022-07-08T10:21:38,21647.02,tp,1.9008,0.8,2022-07
2022-07-08T12:44:01,flip,SELL,21344.62,21667.6,21086.24,322.98,0.0,2022-07-08T14:42:35,21670.19,sl,-6.5114,-1.008,2022-07
2022-07-08T15:11:01,flip,BUY,21884.36,21695.94,22035.1,188.42,0.0,2022-07-08T15:40:02,22035.1,tp,3.0147,0.8,2022-07
2022-07-08T16:23:01,flip,SELL,21721.54,21847.03,21621.15,125.49,0.0,2022-07-08T16:42:47,21621.15,tp,2.0078,0.8,2022-07
2022-07-08T16:43:01,cont,SELL,21604.68,21702.86,21526.14,98.18,20.0,2022-07-08T16:49:12,21704.24,sl,-1.9912,-1.0141,2022-07
2022-07-08T17:11:01,flip,BUY,21778.65,21663.85,21870.49,114.8,0.0,2022-07-08T17:19:15,21662.79,sl,-2.3172,-1.0092,2022-07
2022-07-08T17:54:01,cont,BUY,21816.18,21642.11,21955.44,174.07,43.0,2022-07-08T20:33:03,21955.44,tp,2.7851,0.8,2022-07
2022-07-08T23:58:01,flip,SELL,21631.85,21940.18,21385.19,308.33,0.0,2022-07-09T11:57:19,21385.19,tp,4.9333,0.8,2022-07
2022-07-10T13:33:02,flip,SELL,21012.74,21359.47,20735.36,346.73,0.0,2022-07-10T16:11:10,20735.36,tp,5.5477,0.8,2022-07
2022-07-10T20:27:01,flip,BUY,21000.03,20730.67,21215.52,269.36,0.0,2022-07-10T22:17:50,20730.31,sl,-5.3944,-1.0013,2022-07
2022-07-11T00:19:01,flip,SELL,20674.12,20868.89,20518.3,194.77,0.0,2022-07-11T02:04:52,20518.3,tp,3.1163,0.8,2022-07
2022-07-11T02:05:01,cont,SELL,20503.16,20608.0,20419.29,104.84,106.0,2022-07-11T03:10:29,20608.56,sl,-2.108,-1.0053,2022-07
2022-07-11T03:11:01,flip,BUY,20614.39,20479.95,20721.94,134.44,0.0,2022-07-11T03:57:01,20478.63,sl,-2.7152,-1.0098,2022-07
2022-07-11T04:25:01,flip,SELL,20474.02,20574.19,20393.88,100.17,0.0,2022-07-11T05:43:22,20576.58,sl,-2.0512,-1.0239,2022-07
2022-07-11T21:50:01,flip,SELL,20212.53,20678.45,19839.79,465.92,0.0,2022-07-12T00:28:22,19839.79,tp,7.4547,0.8,2022-07
2022-07-12T02:25:01,flip,BUY,19960.63,19834.16,20061.81,126.47,0.0,2022-07-12T06:08:21,19832.94,sl,-2.5538,-1.0096,2022-07
2022-07-12T06:09:01,flip,SELL,19826.65,19910.29,19759.74,83.64,0.0,2022-07-12T06:21:33,19911.05,sl,-1.688,-1.0091,2022-07
2022-07-12T06:53:01,cont,SELL,19814.06,19906.32,19740.25,92.26,44.0,2022-07-12T07:04:47,19740.25,tp,1.4762,0.8,2022-07
2022-07-12T07:05:02,cont,SELL,19725.73,19840.54,19633.88,114.81,56.0,2022-07-12T07:16:42,19633.88,tp,1.837,0.8,2022-07
2022-07-12T10:08:01,flip,BUY,19639.67,19566.83,19697.94,72.84,0.0,2022-07-12T11:16:34,19697.94,tp,1.1654,0.8,2022-07
2022-07-12T11:17:01,cont,BUY,19715.66,19580.42,19823.85,135.24,69.0,2022-07-12T12:06:40,19823.85,tp,2.1638,0.8,2022-07
2022-07-12T19:02:01,flip,SELL,19659.11,19971.02,19409.58,311.91,0.0,2022-07-12T19:19:49,19409.58,tp,4.9906,0.8,2022-07
2022-07-13T03:10:01,flip,BUY,19528.66,19459.0,19584.39,69.66,0.0,2022-07-13T03:41:53,19457.48,sl,-1.4236,-1.0218,2022-07
2022-07-13T04:37:01,flip,SELL,19437.72,19503.97,19384.72,66.25,0.0,2022-07-13T05:24:59,19506.11,sl,-1.3678,-1.0323,2022-07
2022-07-13T05:50:01,flip,BUY,19556.87,19512.44,19592.41,44.43,0.0,2022-07-13T05:54:24,19511.24,sl,-0.9126,-1.027,2022-07
2022-07-13T06:03:01,flip,SELL,19490.14,19515.73,19469.67,25.59,0.0,2022-07-13T06:15:31,19469.67,tp,0.4094,0.8,2022-07
2022-07-13T06:16:01,cont,SELL,19459.71,19480.67,19442.94,20.96,13.0,2022-07-13T06:16:45,19483.04,sl,-0.4666,-1.1131,2022-07
2022-07-13T06:41:01,flip,BUY,19496.92,19459.86,19526.57,37.06,0.0,2022-07-13T06:44:04,19526.57,tp,0.593,0.8,2022-07
2022-07-13T07:02:01,cont,BUY,19550.13,19488.48,19599.45,61.65,21.0,2022-07-13T07:16:06,19487.51,sl,-1.2524,-1.0157,2022-07
2022-07-13T07:41:01,cont,BUY,19688.36,19479.52,19855.43,208.84,60.0,2022-07-13T08:38:50,19855.43,tp,3.3414,0.8,2022-07
2022-07-13T13:32:01,flip,SELL,18921.74,19217.13,18685.43,295.39,0.0,2022-07-13T13:39:25,19221.91,sl,-6.0034,-1.0162,2022-07
2022-07-13T14:35:01,flip,BUY,19385.96,19182.24,19548.94,203.72,0.0,2022-07-13T14:45:03,19548.94,tp,3.2595,0.8,2022-07
2022-07-13T16:16:01,flip,SELL,19302.08,19404.12,19220.45,102.04,0.0,2022-07-13T16:33:18,19405.29,sl,-2.0642,-1.0115,2022-07
2022-07-13T16:40:01,flip,BUY,19427.82,19363.35,19479.4,64.47,0.0,2022-07-13T16:51:46,19479.4,tp,1.0315,0.8,2022-07
2022-07-14T04:54:01,flip,SELL,20074.55,20166.34,20001.12,91.79,0.0,2022-07-14T05:16:06,20168.38,sl,-1.8766,-1.0222,2022-07
2022-07-14T05:52:01,cont,SELL,20042.72,20190.97,19924.12,148.25,58.0,2022-07-14T06:31:15,19924.12,tp,2.372,0.8,2022-07
2022-07-14T09:59:01,flip,BUY,19823.1,19764.72,19869.8,58.38,0.0,2022-07-14T10:15:24,19763.54,sl,-1.1912,-1.0202,2022-07
2022-07-14T10:16:01,flip,SELL,19750.42,19791.66,19717.43,41.24,0.0,2022-07-14T10:17:50,19791.93,sl,-0.8302,-1.0065,2022-07
2022-07-14T10:40:01,flip,BUY,19818.64,19746.22,19876.58,72.42,0.0,2022-07-14T10:49:24,19745.19,sl,-1.469,-1.0142,2022-07
2022-07-14T11:11:01,flip,SELL,19694.0,19794.53,19613.58,100.53,0.0,2022-07-14T12:15:43,19795.72,sl,-2.0344,-1.0118,2022-07
2022-07-14T12:37:01,flip,BUY,19821.74,19622.48,19981.15,199.26,0.0,2022-07-14T15:07:34,19981.15,tp,3.1882,0.8,2022-07
2022-07-14T16:28:01,flip,SELL,20241.76,20345.25,20158.97,103.49,0.0,2022-07-14T16:52:07,20158.97,tp,1.6558,0.8,2022-07
2022-07-14T17:55:01,flip,BUY,20663.2,20481.01,20808.95,182.19,0.0,2022-07-14T19:30:05,20808.95,tp,2.915,0.8,2022-07
2022-07-14T21:51:01,flip,SELL,20505.66,20697.2,20352.43,191.54,0.0,2022-07-15T02:00:35,20699.7,sl,-3.8808,-1.0131,2022-07
2022-07-15T10:34:01,flip,SELL,20808.01,20861.46,20765.25,53.45,0.0,2022-07-15T10:47:25,20863.2,sl,-1.1038,-1.0326,2022-07
2022-07-15T11:14:01,flip,BUY,20913.5,20814.57,20992.64,98.93,0.0,2022-07-15T11:39:14,20813.14,sl,-2.0072,-1.0145,2022-07
2022-07-15T11:58:01,flip,SELL,20758.65,20812.92,20715.23,54.27,0.0,2022-07-15T12:17:26,20815.38,sl,-1.1346,-1.0453,2022-07
2022-07-15T12:37:01,flip,BUY,20900.05,20784.14,20992.78,115.91,0.0,2022-07-15T12:47:37,20992.78,tp,1.8546,0.8,2022-07
2022-07-15T13:07:01,cont,BUY,21072.76,20923.19,21192.42,149.57,30.0,2022-07-15T13:23:24,20923.12,sl,-2.9928,-1.0005,2022-07
2022-07-15T13:40:01,flip,SELL,20884.38,21031.96,20766.32,147.58,0.0,2022-07-15T16:01:54,20766.32,tp,2.3613,0.8,2022-07
2022-07-15T18:43:01,flip,BUY,20932.31,20763.17,21067.62,169.14,0.0,2022-07-15T19:42:43,21067.62,tp,2.7062,0.8,2022-07
2022-07-15T19:43:01,cont,BUY,21076.28,20935.94,21188.55,140.34,60.0,2022-07-15T20:38:27,20934.27,sl,-2.8402,-1.0119,2022-07
2022-07-15T21:16:01,flip,SELL,20867.15,21009.99,20752.88,142.84,0.0,2022-07-16T00:33:22,20752.88,tp,2.2854,0.8,2022-07
2022-07-16T03:50:01,flip,BUY,20768.67,20623.73,20884.62,144.94,0.0,2022-07-16T05:59:16,20621.37,sl,-2.946,-1.0163,2022-07
2022-07-16T06:36:01,flip,SELL,20503.08,20575.47,20445.17,72.39,0.0,2022-07-16T07:08:45,20577.44,sl,-1.4872,-1.0272,2022-07
2022-07-16T08:04:01,flip,BUY,20621.8,20481.01,20734.43,140.79,0.0,2022-07-16T12:55:26,20734.43,tp,2.2526,0.8,2022-07
2022-07-16T19:49:01,flip,SELL,21210.04,21385.43,21069.73,175.39,0.0,2022-07-16T20:14:02,21069.73,tp,2.8062,0.8,2022-07
2022-07-17T01:04:01,flip,BUY,21351.97,21136.44,21524.39,215.53,0.0,2022-07-17T01:18:58,21134.31,sl,-4.3532,-1.0099,2022-07
2022-07-17T01:38:01,flip,SELL,21090.8,21193.72,21008.46,102.92,0.0,2022-07-17T02:14:07,21193.96,sl,-2.0632,-1.0023,2022-07
2022-07-17T03:09:01,flip,BUY,21247.41,21145.48,21328.95,101.93,0.0,2022-07-17T03:27:29,21328.95,tp,1.6309,0.8,2022-07
2022-07-17T04:20:01,cont,BUY,21459.94,21318.81,21572.84,141.13,71.0,2022-07-17T04:33:01,21316.74,sl,-2.864,-1.0147,2022-07
2022-07-17T04:51:01,flip,SELL,21260.99,21298.1,21231.3,37.11,0.0,2022-07-17T05:06:17,21298.32,sl,-0.7466,-1.0059,2022-07
2022-07-17T05:30:01,flip,BUY,21367.85,21289.68,21430.39,78.17,0.0,2022-07-17T06:32:33,21430.39,tp,1.2507,0.8,2022-07
2022-07-17T06:38:01,cont,BUY,21443.41,21386.19,21489.19,57.22,68.0,2022-07-17T06:40:15,21489.19,tp,0.9155,0.8,2022-07
2022-07-17T06:53:01,cont,BUY,21535.14,21438.02,21612.84,97.12,83.0,2022-07-17T07:11:26,21612.84,tp,1.5539,0.8,2022-07
2022-07-17T08:21:01,flip,SELL,21401.44,21496.38,21325.49,94.94,0.0,2022-07-17T09:06:14,21496.59,sl,-1.903,-1.0022,2022-07
2022-07-17T09:24:01,cont,SELL,21367.28,21529.99,21237.11,162.71,63.0,2022-07-17T10:18:21,21237.11,tp,2.6034,0.8,2022-07
2022-07-17T11:59:01,flip,BUY,21450.82,21293.55,21576.64,157.27,0.0,2022-07-17T13:03:11,21292.76,sl,-3.1612,-1.005,2022-07
2022-07-17T13:59:01,flip,SELL,21135.32,21300.49,21003.18,165.17,0.0,2022-07-17T17:18:00,21301.25,sl,-3.3186,-1.0046,2022-07
2022-07-17T17:24:01,flip,BUY,21344.36,21260.16,21411.72,84.2,0.0,2022-07-17T17:29:29,21257.68,sl,-1.7336,-1.0295,2022-07
2022-07-17T23:28:01,flip,SELL,20832.0,21072.36,20639.71,240.36,0.0,2022-07-18T02:43:06,21074.9,sl,-4.858,-1.0106,2022-07
2022-07-18T02:53:01,flip,BUY,21244.76,21177.88,21298.26,66.88,0.0,2022-07-18T02:54:40,21298.26,tp,1.0701,0.8,2022-07
2022-07-18T03:27:01,cont,BUY,21363.85,21186.52,21505.71,177.33,34.0,2022-07-18T04:22:12,21185.7,sl,-3.563,-1.0046,2022-07
2022-07-18T08:38:01,flip,SELL,22224.46,22298.21,22165.46,73.75,0.0,2022-07-18T08:39:41,22165.46,tp,1.18,0.8,2022-07
2022-07-18T09:25:01,flip,BUY,22327.81,22219.63,22414.35,108.18,0.0,2022-07-18T09:46:45,22219.4,sl,-2.1682,-1.0021,2022-07
2022-07-18T11:42:01,flip,SELL,22115.83,22353.62,21925.6,237.79,0.0,2022-07-18T12:22:38,21925.6,tp,3.8046,0.8,2022-07
2022-07-18T15:40:01,flip,BUY,22364.96,21987.36,22667.04,377.6,0.0,2022-07-18T15:56:42,22667.04,tp,6.0416,0.8,2022-07
2022-07-18T16:41:01,flip,SELL,22255.56,22349.05,22180.77,93.49,0.0,2022-07-18T16:44:17,22180.77,tp,1.4958,0.8,2022-07
2022-07-18T17:07:01,cont,SELL,22104.66,22220.89,22011.68,116.23,26.0,2022-07-18T17:43:45,22011.68,tp,1.8597,0.8,2022-07
2022-07-18T17:44:01,cont,SELL,22005.09,22056.52,21963.95,51.43,63.0,2022-07-18T17:48:04,21963.95,tp,0.8229,0.8,2022-07
2022-07-18T17:56:01,cont,SELL,21947.71,22053.06,21863.43,105.35,75.0,2022-07-18T17:58:15,21863.43,tp,1.6856,0.8,2022-07
2022-07-18T22:15:01,flip,BUY,21776.43,21605.12,21913.48,171.31,0.0,2022-07-18T22:21:41,21604.7,sl,-3.4346,-1.0025,2022-07
2022-07-18T22:54:01,cont,BUY,21824.68,21566.34,22031.35,258.34,39.0,2022-07-18T23:11:50,22031.35,tp,4.1334,0.8,2022-07
2022-07-18T23:22:01,cont,BUY,22182.78,22105.92,22244.27,76.86,67.0,2022-07-18T23:37:46,22244.27,tp,1.2298,0.8,2022-07
2022-07-18T23:38:01,cont,BUY,22256.5,22157.12,22336.0,99.38,83.0,2022-07-18T23:50:45,22336.0,tp,1.5901,0.8,2022-07
2022-07-18T23:52:01,cont,BUY,22374.28,22258.26,22467.1,116.02,97.0,2022-07-18T23:57:17,22467.1,tp,1.8563,0.8,2022-07
2022-07-19T00:10:01,cont,BUY,22613.23,22242.28,22909.99,370.95,115.0,2022-07-19T00:37:29,22240.4,sl,-7.4566,-1.0051,2022-07
2022-07-19T01:12:01,flip,SELL,22159.14,22433.18,21939.91,274.04,0.0,2022-07-19T02:06:19,21939.91,tp,4.3846,0.8,2022-07
2022-07-19T05:15:01,flip,BUY,21987.34,21829.69,22113.46,157.65,0.0,2022-07-19T06:32:53,22113.46,tp,2.5224,0.8,2022-07
2022-07-19T06:33:01,cont,BUY,22118.27,21902.85,22290.61,215.42,78.0,2022-07-19T06:42:59,21898.52,sl,-4.395,-1.0201,2022-07
2022-07-19T22:13:01,flip,SELL,23489.04,23584.66,23412.54,95.62,0.0,2022-07-19T22:22:55,23412.54,tp,1.5299,0.8,2022-07
2022-07-19T22:32:01,cont,SELL,23395.56,23460.44,23343.66,64.88,19.0,2022-07-19T22:36:38,23461.19,sl,-1.3126,-1.0116,2022-07
2022-07-19T22:43:01,cont,SELL,23353.67,23511.41,23227.48,157.74,30.0,2022-07-19T22:55:51,23514.25,sl,-3.2116,-1.018,2022-07
2022-07-19T23:11:01,flip,BUY,23585.03,23494.06,23657.81,90.97,0.0,2022-07-19T23:16:27,23493.74,sl,-1.8258,-1.0035,2022-07
2022-07-19T23:20:01,flip,SELL,23383.91,23501.58,23289.77,117.67,0.0,2022-07-19T23:36:53,23289.77,tp,1.8827,0.8,2022-07
2022-07-19T23:37:01,cont,SELL,23265.08,23411.61,23147.86,146.53,17.0,2022-07-19T23:58:39,23412.81,sl,-2.9546,-1.0082,2022-07
2022-07-20T00:39:01,cont,SELL,23212.31,23405.13,23058.05,192.82,79.0,2022-07-20T00:41:11,23058.05,tp,3.0851,0.8,2022-07
2022-07-20T00:56:01,cont,SELL,22962.01,23118.59,22836.75,156.58,96.0,2022-07-20T01:16:53,23122.09,sl,-3.2016,-1.0224,2022-07
2022-07-20T01:45:01,flip,BUY,23246.19,23129.83,23339.28,116.36,0.0,2022-07-20T02:22:16,23339.28,tp,1.8618,0.8,2022-07
2022-07-20T02:23:01,cont,BUY,23351.76,23238.83,23442.1,112.93,38.0,2022-07-20T02:34:19,23442.1,tp,1.8069,0.8,2022-07
2022-07-20T02:35:01,cont,BUY,23472.59,23345.2,23574.5,127.39,50.0,2022-07-20T02:54:07,23343.46,sl,-2.5826,-1.0137,2022-07
2022-07-20T03:06:01,flip,SELL,23301.31,23420.41,23206.03,119.1,0.0,2022-07-20T03:29:01,23423.92,sl,-2.4522,-1.0295,2022-07
2022-07-20T07:33:01,flip,SELL,23637.34,23715.54,23574.78,78.2,0.0,2022-07-20T07:38:55,23574.78,tp,1.2512,0.8,2022-07
2022-07-20T07:45:01,cont,SELL,23464.27,23587.7,23365.53,123.43,12.0,2022-07-20T08:00:46,23365.53,tp,1.9749,0.8,2022-07
2022-07-20T08:53:01,cont,SELL,23321.82,23506.87,23173.78,185.05,80.0,2022-07-20T09:26:44,23527.82,sl,-4.12,-1.1132,2022-07
2022-07-20T10:07:01,flip,BUY,23602.12,23483.48,23697.03,118.64,0.0,2022-07-20T10:21:53,23697.03,tp,1.8982,0.8,2022-07
2022-07-20T15:16:01,flip,SELL,24103.13,24169.81,24049.79,66.68,0.0,2022-07-20T15:26:33,24169.88,sl,-1.335,-1.001,2022-07
2022-07-20T16:16:01,cont,SELL,23999.36,24262.62,23788.75,263.26,60.0,2022-07-20T16:34:22,23788.75,tp,4.2122,0.8,2022-07
2022-07-20T16:42:01,cont,SELL,23724.4,23846.94,23626.37,122.54,86.0,2022-07-20T16:44:00,23626.37,tp,1.9606,0.8,2022-07
2022-07-20T17:11:01,cont,SELL,23467.7,23749.05,23242.62,281.35,115.0,2022-07-20T18:17:39,23752.83,sl,-5.7026,-1.0134,2022-07
2022-07-20T19:04:01,flip,BUY,23893.74,23636.68,24099.39,257.06,0.0,2022-07-20T19:31:00,23627.85,sl,-5.3178,-1.0343,2022-07
2022-07-20T19:46:01,flip,SELL,23566.97,23633.35,23513.87,66.38,0.0,2022-07-20T19:48:21,23633.67,sl,-1.334,-1.0048,2022-07
2022-07-20T19:58:01,flip,BUY,23685.91,23630.55,23730.2,55.36,0.0,2022-07-20T19:58:14,23625.45,sl,-1.2092,-1.0921,2022-07
2022-07-20T20:03:02,cont,BUY,23717.5,23614.67,23799.76,102.83,5.0,2022-07-20T20:05:37,23613.81,sl,-2.0738,-1.0084,2022-07
2022-07-20T20:18:01,flip,SELL,23050.8,23169.73,22955.66,118.93,0.0,2022-07-20T20:22:59,22955.66,tp,1.9029,0.8,2022-07
2022-07-20T20:23:01,cont,SELL,22904.38,23115.12,22735.79,210.74,5.0,2022-07-20T20:24:07,23115.12,sl,-4.2148,-1.0,2022-07
2022-07-20T20:49:01,flip,BUY,23282.64,22987.14,23519.04,295.5,0.0,2022-07-20T21:43:13,23519.04,tp,4.728,0.8,2022-07
2022-07-20T23:17:01,flip,SELL,23181.13,23303.88,23082.93,122.75,0.0,2022-07-20T23:33:40,23304.45,sl,-2.4664,-1.0046,2022-07
2022-07-21T00:35:01,cont,SELL,23125.9,23384.26,22919.21,258.36,78.0,2022-07-21T01:12:47,23387.51,sl,-5.2322,-1.0126,2022-07
2022-07-21T01:13:01,flip,BUY,23374.15,23227.22,23491.69,146.93,0.0,2022-07-21T01:50:17,23220.41,sl,-3.0748,-1.0463,2022-07
2022-07-21T02:25:01,flip,SELL,23139.74,23307.02,23005.92,167.28,0.0,2022-07-21T02:44:51,23005.92,tp,2.6765,0.8,2022-07
2022-07-21T02:45:01,cont,SELL,22982.34,23127.54,22866.18,145.2,20.0,2022-07-21T02:49:00,22866.18,tp,2.3232,0.8,2022-07
2022-07-21T02:56:01,cont,SELL,22713.76,22867.18,22591.02,153.42,31.0,2022-07-21T04:41:29,22872.4,sl,-3.1728,-1.034,2022-07
2022-07-21T04:48:02,flip,BUY,22882.28,22835.41,22919.78,46.87,0.0,2022-07-21T05:19:14,22919.78,tp,0.7499,0.8,2022-07
2022-07-21T05:20:01,cont,BUY,22954.23,22852.87,23035.32,101.36,32.0,2022-07-21T05:32:37,22851.55,sl,-2.0536,-1.013,2022-07
2022-07-21T05:41:01,cont,BUY,22967.03,22809.54,23093.02,157.49,53.0,2022-07-21T06:32:22,22806.04,sl,-3.2198,-1.0222,2022-07
2022-07-21T14:12:01,flip,SELL,22522.96,22830.17,22277.19,307.21,0.0,2022-07-21T16:05:46,22831.39,sl,-6.1686,-1.004,2022-07
2022-07-21T16:29:01,cont,BUY,23057.8,22915.56,23171.59,142.24,28.0,2022-07-21T17:06:03,23171.59,tp,2.2758,0.8,2022-07
2022-07-21T17:50:01,flip,SELL,22812.33,22933.15,22715.67,120.82,0.0,2022-07-21T18:06:48,22938.06,sl,-2.5146,-1.0406,2022-07
2022-07-21T19:04:01,flip,BUY,23001.72,22809.97,23155.12,191.75,0.0,2022-07-21T19:15:03,23155.12,tp,3.068,0.8,2022-07
2022-07-21T19:51:01,cont,BUY,23191.15,22965.44,23371.72,225.71,47.0,2022-07-21T22:25:26,22960.13,sl,-4.6204,-1.0235,2022-07
2022-07-21T23:26:01,flip,BUY,23208.11,23106.53,23289.37,101.58,0.0,2022-07-21T23:42:43,23105.9,sl,-2.0442,-1.0062,2022-07
2022-07-22T00:08:02,flip,SELL,23091.75,23193.78,23010.13,102.03,0.0,2022-07-22T00:14:54,23194.1,sl,-2.047,-1.0031,2022-07
2022-07-22T01:52:01,cont,SELL,23088.48,23341.31,22886.22,252.83,104.0,2022-07-22T03:31:00,22886.22,tp,4.0453,0.8,2022-07
2022-07-22T05:32:01,flip,BUY,23080.36,23023.62,23125.75,56.74,0.0,2022-07-22T05:34:26,23125.75,tp,0.9078,0.8,2022-07
2022-07-22T05:58:01,cont,BUY,23151.96,23043.27,23238.91,108.69,26.0,2022-07-22T07:26:27,23238.91,tp,1.739,0.8,2022-07
2022-07-22T07:51:01,flip,SELL,23018.92,23108.54,22947.22,89.62,0.0,2022-07-22T07:55:00,23109.48,sl,-1.8112,-1.0105,2022-07
2022-07-22T08:08:01,flip,BUY,23150.15,23062.83,23220.01,87.32,0.0,2022-07-22T08:29:19,23220.01,tp,1.3971,0.8,2022-07
2022-07-22T08:30:01,cont,BUY,23273.37,23141.17,23379.13,132.2,22.0,2022-07-22T09:05:38,23379.13,tp,2.1152,0.8,2022-07
2022-07-22T09:24:01,cont,BUY,23485.33,23407.38,23547.69,77.95,76.0,2022-07-22T09:37:53,23402.47,sl,-1.6572,-1.063,2022-07
2022-07-22T09:51:01,cont,BUY,23505.83,23397.91,23592.17,107.92,103.0,2022-07-22T11:54:03,23592.17,tp,1.7267,0.8,2022-07
2022-07-22T13:25:01,flip,SELL,23557.52,23693.6,23448.66,136.08,0.0,2022-07-22T13:34:24,23448.66,tp,2.1773,0.8,2022-07
2022-07-22T13:50:01,flip,BUY,23628.6,23508.16,23724.95,120.44,0.0,2022-07-22T13:50:56,23724.95,tp,1.927,0.8,2022-07
2022-07-22T14:06:01,flip,SELL,23367.69,23457.85,23295.56,90.16,0.0,2022-07-22T14:11:23,23459.02,sl,-1.8266,-1.013,2022-07
2022-07-22T14:32:01,flip,BUY,23568.76,23439.74,23671.98,129.02,0.0,2022-07-22T14:53:31,23671.98,tp,2.0643,0.8,2022-07
2022-07-22T15:44:01,flip,SELL,23235.77,23298.73,23185.4,62.96,0.0,2022-07-22T15:46:29,23299.45,sl,-1.2736,-1.0114,2022-07
2022-07-22T15:53:01,flip,BUY,23315.31,23262.55,23357.52,52.76,0.0,2022-07-22T15:55:42,23261.99,sl,-1.0664,-1.0106,2022-07
2022-07-22T16:11:01,flip,SELL,23207.6,23313.99,23122.49,106.39,0.0,2022-07-22T16:16:46,23122.49,tp,1.7022,0.8,2022-07
2022-07-22T17:02:01,cont,SELL,23071.43,23207.22,22962.8,135.79,51.0,2022-07-22T17:25:41,22962.8,tp,2.1726,0.8,2022-07
2022-07-22T21:54:01,flip,BUY,22760.29,22683.46,22821.75,76.83,0.0,2022-07-22T22:01:05,22682.98,sl,-1.5462,-1.0062,2022-07
2022-07-22T22:04:01,cont,BUY,22775.55,22679.35,22852.51,96.2,10.0,2022-07-22T22:09:06,22675.83,sl,-1.9944,-1.0366,2022-07
2022-07-23T00:07:01,flip,SELL,22576.11,22761.76,22427.59,185.65,0.0,2022-07-23T00:30:26,22764.85,sl,-3.7748,-1.0166,2022-07
2022-07-23T01:41:01,flip,BUY,22823.4,22719.36,22906.63,104.04,0.0,2022-07-23T04:17:28,22718.07,sl,-2.1066,-1.0124,2022-07
2022-07-23T06:41:01,flip,SELL,22810.18,22929.34,22714.85,119.16,0.0,2022-07-23T07:08:52,22714.85,tp,1.9066,0.8,2022-07
2022-07-23T12:24:01,flip,BUY,22312.38,22234.33,22374.82,78.05,0.0,2022-07-23T14:32:03,22234.02,sl,-1.5672,-1.004,2022-07
2022-07-23T14:51:01,cont,SELL,22235.7,22288.77,22193.24,53.07,21.0,2022-07-23T14:52:50,22193.24,tp,0.8491,0.8,2022-07
2022-07-23T19:46:01,flip,BUY,22260.17,22047.8,22430.07,212.37,0.0,2022-07-23T22:23:16,22430.07,tp,3.3979,0.8,2022-07
2022-07-24T02:13:01,flip,SELL,22369.82,22424.13,22326.37,54.31,0.0,2022-07-24T02:29:21,22424.75,sl,-1.0986,-1.0114,2022-07
2022-07-24T03:00:01,flip,BUY,22471.47,22384.64,22540.93,86.83,0.0,2022-07-24T03:16:23,22383.11,sl,-1.7672,-1.0176,2022-07
2022-07-24T04:12:01,flip,SELL,22284.63,22373.1,22213.85,88.47,0.0,2022-07-24T04:31:21,22374.23,sl,-1.792,-1.0128,2022-07
2022-07-24T05:03:01,flip,BUY,22440.11,22351.83,22510.73,88.28,0.0,2022-07-24T05:14:43,22510.73,tp,1.4125,0.8,2022-07
2022-07-24T05:15:01,cont,BUY,22579.54,22410.72,22714.6,168.82,12.0,2022-07-24T05:40:52,22714.6,tp,2.7011,0.8,2022-07
2022-07-24T05:41:01,cont,BUY,22755.87,22595.44,22884.21,160.43,38.0,2022-07-24T08:22:58,22595.19,sl,-3.2136,-1.0016,2022-07
2022-07-24T08:35:01,flip,SELL,22577.31,22632.54,22533.13,55.23,0.0,2022-07-24T08:44:06,22633.24,sl,-1.1186,-1.0127,2022-07
2022-07-24T09:22:01,flip,BUY,22704.63,22655.45,22743.97,49.18,0.0,2022-07-24T09:22:56,22743.97,tp,0.7869,0.8,2022-07
2022-07-24T10:36:01,flip,SELL,22566.72,22671.22,22483.12,104.5,0.0,2022-07-24T11:12:57,22672.76,sl,-2.1208,-1.0147,2022-07
2022-07-24T22:40:01,flip,BUY,22922.13,22632.4,23153.91,289.73,0.0,2022-07-24T22:54:12,22631.18,sl,-5.819,-1.0042,2022-07
2022-07-25T00:26:01,flip,SELL,22467.79,22752.97,22239.65,285.18,0.0,2022-07-25T01:28:59,22239.65,tp,4.5629,0.8,2022-07
2022-07-25T01:29:01,cont,SELL,22231.95,22317.53,22163.49,85.58,63.0,2022-07-25T01:41:23,22163.49,tp,1.3693,0.8,2022-07
2022-07-25T01:42:01,cont,SELL,22151.81,22268.68,22058.31,116.87,76.0,2022-07-25T02:22:39,22058.31,tp,1.8699,0.8,2022-07
2022-07-25T05:07:01,flip,BUY,21933.33,21854.73,21996.21,78.6,0.0,2022-07-25T05:26:26,21853.79,sl,-1.5908,-1.012,2022-07
2022-07-25T06:16:01,cont,BUY,21951.8,21806.87,22067.74,144.93,69.0,2022-07-25T08:50:51,22067.74,tp,2.3189,0.8,2022-07
2022-07-25T08:51:01,flip,BUY,22084.1,22014.7,22139.62,69.4,0.0,2022-07-25T09:28:39,22012.23,sl,-1.4374,-1.0356,2022-07
2022-07-25T09:53:01,flip,SELL,21990.92,22078.4,21920.94,87.48,0.0,2022-07-25T10:45:22,22079.03,sl,-1.7622,-1.0072,2022-07
2022-07-25T10:46:01,flip,BUY,22087.34,21999.26,22157.8,88.08,0.0,2022-07-25T11:14:32,21996.81,sl,-1.8106,-1.0278,2022-07
2022-07-25T12:00:02,flip,SELL,21951.36,22028.04,21890.02,76.68,0.0,2022-07-25T12:08:38,21890.02,tp,1.2269,0.8,2022-07
2022-07-25T13:38:01,cont,SELL,21805.38,21994.55,21654.04,189.17,98.0,2022-07-25T17:09:47,21995.37,sl,-3.7998,-1.0043,2022-07
2022-07-25T17:10:01,cont,BUY,21989.3,21839.5,22109.14,149.8,67.0,2022-07-25T17:55:13,21838.2,sl,-3.022,-1.0087,2022-07
2022-07-25T18:04:01,flip,SELL,21826.05,21887.31,21777.04,61.26,0.0,2022-07-25T18:13:32,21887.66,sl,-1.2322,-1.0057,2022-07
2022-07-25T19:08:01,cont,SELL,21714.07,21930.22,21541.15,216.15,64.0,2022-07-25T20:01:45,21933.81,sl,-4.3948,-1.0166,2022-07
2022-07-25T20:41:01,cont,BUY,22195.12,22057.25,22305.42,137.87,41.0,2022-07-25T21:42:42,22052.68,sl,-2.8488,-1.0331,2022-07
2022-07-25T22:04:01,flip,SELL,21976.28,22050.48,21916.92,74.2,0.0,2022-07-25T22:14:41,21916.92,tp,1.1872,0.8,2022-07
2022-07-25T23:49:01,cont,SELL,21468.55,21750.69,21242.84,282.14,105.0,2022-07-26T00:04:05,21242.84,tp,4.5142,0.8,2022-07
2022-07-26T16:28:01,flip,BUY,20843.17,20727.48,20935.72,115.69,0.0,2022-07-26T16:59:00,20935.72,tp,1.851,0.8,2022-07
2022-07-27T02:04:01,flip,SELL,21127.92,21237.56,21040.21,109.64,0.0,2022-07-27T05:31:29,21242.34,sl,-2.2884,-1.0436,2022-07
2022-07-27T05:32:01,flip,BUY,21244.96,21169.71,21305.16,75.25,0.0,2022-07-27T06:39:45,21169.11,sl,-1.517,-1.008,2022-07
2022-07-27T06:40:01,cont,SELL,21163.11,21213.87,21122.5,50.76,9.0,2022-07-27T06:52:14,21214.17,sl,-1.0212,-1.0059,2022-07
2022-07-27T07:10:01,flip,BUY,21429.17,21338.05,21502.07,91.12,0.0,2022-07-27T07:53:42,21336.82,sl,-1.847,-1.0135,2022-07
2022-07-27T07:54:01,flip,SELL,21329.19,21386.21,21283.57,57.02,0.0,2022-07-27T08:04:52,21386.47,sl,-1.1456,-1.0046,2022-07
2022-07-27T08:23:01,flip,BUY,21420.25,21359.82,21468.59,60.43,0.0,2022-07-27T08:45:35,21358.55,sl,-1.234,-1.021,2022-07
2022-07-27T08:46:01,flip,SELL,21357.57,21382.1,21337.95,24.53,0.0,2022-07-27T08:53:23,21382.72,sl,-0.503,-1.0253,2022-07
2022-07-27T09:06:01,cont,SELL,21333.26,21376.23,21298.88,42.97,20.0,2022-07-27T09:14:35,21298.88,tp,0.6875,0.8,2022-07
2022-07-27T09:56:01,cont,SELL,21264.26,21331.8,21210.23,67.54,70.0,2022-07-27T10:22:47,21333.07,sl,-1.3762,-1.0188,2022-07
2022-07-27T11:48:01,flip,BUY,21336.36,21258.86,21398.36,77.5,0.0,2022-07-27T11:56:32,21258.45,sl,-1.5582,-1.0053,2022-07
2022-07-27T12:43:01,cont,BUY,21377.28,21156.5,21553.9,220.78,55.0,2022-07-27T15:59:01,21553.9,tp,3.5325,0.8,2022-07
2022-07-27T21:32:01,flip,SELL,22639.92,22890.6,22439.38,250.68,0.0,2022-07-27T22:52:42,22892.32,sl,-5.048,-1.0069,2022-07
2022-07-27T23:53:01,flip,BUY,22962.82,22806.01,23088.27,156.81,0.0,2022-07-28T00:29:54,22805.21,sl,-3.1522,-1.0051,2022-07
2022-07-28T00:42:01,flip,SELL,22784.76,22850.97,22731.79,66.21,0.0,2022-07-28T01:12:14,22731.79,tp,1.0594,0.8,2022-07
2022-07-28T02:36:01,flip,BUY,22831.22,22715.39,22923.88,115.83,0.0,2022-07-28T02:44:27,22923.88,tp,1.8533,0.8,2022-07
2022-07-28T18:27:01,flip,SELL,23792.4,23844.58,23750.66,52.18,0.0,2022-07-28T18:36:03,23847.89,sl,-1.1098,-1.0634,2022-07
2022-07-28T18:58:01,cont,SELL,23761.49,23848.66,23691.75,87.17,31.0,2022-07-28T19:03:08,23852.34,sl,-1.817,-1.0422,2022-07
2022-07-28T19:54:01,cont,SELL,23712.86,23881.28,23578.12,168.42,87.0,2022-07-28T20:03:31,23884.71,sl,-3.437,-1.0204,2022-07
2022-07-28T20:30:01,flip,BUY,23873.92,23836.47,23903.88,37.45,0.0,2022-07-28T20:30:18,23903.88,tp,0.5992,0.8,2022-07
2022-07-28T23:33:01,flip,SELL,23780.12,24170.64,23467.7,390.52,0.0,2022-07-29T06:36:43,24175.83,sl,-7.9142,-1.0133,2022-07
2022-07-29T07:21:01,flip,SELL,23878.79,23992.45,23787.86,113.66,0.0,2022-07-29T07:37:29,23995.86,sl,-2.3414,-1.03,2022-07
2022-07-29T08:11:02,cont,SELL,23818.44,23980.44,23688.84,162.0,50.0,2022-07-29T08:18:42,23982.5,sl,-3.2812,-1.0127,2022-07
2022-07-29T09:34:01,flip,BUY,24005.4,23860.29,24121.49,145.11,0.0,2022-07-29T10:16:11,24121.49,tp,2.3218,0.8,2022-07
2022-07-29T11:07:01,flip,SELL,23980.25,24067.0,23910.85,86.75,0.0,2022-07-29T11:15:20,23910.85,tp,1.388,0.8,2022-07
2022-07-29T11:23:01,cont,SELL,23868.62,23936.14,23814.6,67.52,16.0,2022-07-29T11:30:40,23814.6,tp,1.0803,0.8,2022-07
2022-07-29T12:35:01,cont,SELL,23556.8,23763.58,23391.38,206.78,88.0,2022-07-29T13:48:33,23763.65,sl,-4.137,-1.0003,2022-07
2022-07-29T14:27:01,flip,BUY,24202.7,24076.32,24303.8,126.38,0.0,2022-07-29T14:32:40,24075.02,sl,-2.5536,-1.0103,2022-07
2022-07-29T15:17:01,flip,SELL,23963.47,24069.43,23878.7,105.96,0.0,2022-07-29T15:53:20,24072.13,sl,-2.1732,-1.0255,2022-07
2022-07-29T16:15:01,flip,SELL,23677.5,23761.78,23610.08,84.28,0.0,2022-07-29T16:16:30,23761.84,sl,-1.6868,-1.0007,2022-07
2022-07-29T16:24:01,cont,SELL,23676.07,23770.99,23600.13,94.92,9.0,2022-07-29T16:48:25,23774.06,sl,-1.9598,-1.0323,2022-07
2022-07-29T17:29:01,cont,SELL,23651.35,23867.62,23478.33,216.27,74.0,2022-07-29T17:46:36,23870.92,sl,-4.3914,-1.0153,2022-07
2022-07-29T23:10:01,flip,BUY,24063.96,23715.74,24342.54,348.22,0.0,2022-07-29T23:54:59,23711.09,sl,-7.0574,-1.0134,2022-07
2022-07-30T01:56:01,flip,SELL,23705.04,23977.64,23486.96,272.6,0.0,2022-07-30T01:58:12,23980.09,sl,-5.501,-1.009,2022-07
2022-07-30T12:21:01,flip,BUY,24041.27,23940.46,24121.92,100.81,0.0,2022-07-30T12:29:31,24121.92,tp,1.613,0.8,2022-07
2022-07-30T12:35:01,cont,BUY,24262.71,24114.58,24381.21,148.13,14.0,2022-07-30T13:03:42,24381.21,tp,2.3701,0.8,2022-07
2022-07-30T19:54:01,flip,SELL,23981.39,24108.58,23879.64,127.19,0.0,2022-07-30T20:08:45,23879.64,tp,2.035,0.8,2022-07
2022-08-01T11:29:01,flip,BUY,23165.74,23106.64,23213.02,59.1,0.0,2022-08-01T11:42:40,23213.02,tp,0.9456,0.8,2022-08
2022-08-01T12:32:01,cont,BUY,23288.68,23154.93,23395.68,133.75,63.0,2022-08-01T12:47:28,23153.66,sl,-2.7004,-1.0095,2022-08
2022-08-01T13:01:01,flip,SELL,23121.81,23178.38,23076.55,56.57,0.0,2022-08-01T13:08:29,23076.55,tp,0.9051,0.8,2022-08
2022-08-01T13:32:01,cont,SELL,23044.02,23146.46,22962.07,102.44,31.0,2022-08-01T13:41:58,23150.02,sl,-2.12,-1.0348,2022-08
2022-08-01T13:53:01,flip,BUY,23226.08,23117.89,23312.63,108.19,0.0,2022-08-01T13:56:51,23312.63,tp,1.731,0.8,2022-08
2022-08-01T17:41:01,flip,SELL,22925.79,23010.37,22858.13,84.58,0.0,2022-08-01T18:14:58,23012.11,sl,-1.7264,-1.0206,2022-08
2022-08-01T18:48:01,cont,SELL,22876.68,22997.88,22779.72,121.2,67.0,2022-08-01T19:09:54,23001.19,sl,-2.4902,-1.0273,2022-08
2022-08-01T20:26:01,flip,BUY,23079.02,22888.15,23231.72,190.87,0.0,2022-08-01T23:01:15,23231.72,tp,3.0539,0.8,2022-08
2022-08-02T00:01:01,flip,SELL,23243.38,23327.5,23176.08,84.12,0.0,2022-08-02T00:06:51,23328.1,sl,-1.6944,-1.0071,2022-08
2022-08-02T00:48:01,cont,SELL,23198.91,23441.23,23005.05,242.32,47.0,2022-08-02T01:48:51,23005.05,tp,3.8771,0.8,2022-08
2022-08-02T01:54:01,cont,SELL,22961.26,23024.84,22910.4,63.58,113.0,2022-08-02T01:56:43,23025.82,sl,-1.2912,-1.0154,2022-08
2022-08-02T11:35:01,flip,BUY,22953.67,22889.72,23004.83,63.95,0.0,2022-08-02T11:55:52,22888.85,sl,-1.2964,-1.0136,2022-08
2022-08-02T12:08:01,flip,SELL,22878.35,22916.61,22847.74,38.26,0.0,2022-08-02T12:20:00,22847.74,tp,0.6122,0.8,2022-08
2022-08-02T12:34:01,cont,SELL,22799.33,22877.75,22736.59,78.42,26.0,2022-08-02T12:50:08,22736.59,tp,1.2547,0.8,2022-08
2022-08-02T14:29:01,flip,BUY,22908.25,22689.78,23083.03,218.47,0.0,2022-08-02T14:30:02,23083.03,tp,3.4955,0.8,2022-08
2022-08-02T14:51:01,cont,BUY,23112.59,22721.1,23425.78,391.49,22.0,2022-08-02T17:04:34,23425.78,tp,6.2638,0.8,2022-08
2022-08-02T17:44:01,flip,SELL,23206.18,23253.79,23168.09,47.61,0.0,2022-08-02T17:50:59,23168.09,tp,0.7618,0.8,2022-08
2022-08-02T18:38:01,cont,SELL,23127.52,23274.71,23009.77,147.19,54.0,2022-08-02T18:57:02,23009.77,tp,2.355,0.8,2022-08
2022-08-03T02:04:01,flip,BUY,22846.62,22747.41,22925.99,99.21,0.0,2022-08-03T02:27:21,22744.47,sl,-2.043,-1.0296,2022-08
2022-08-03T03:15:01,cont,BUY,22868.02,22726.38,22981.33,141.64,71.0,2022-08-03T06:05:37,22981.33,tp,2.2662,0.8,2022-08
2022-08-03T11:18:01,flip,SELL,23324.18,23449.27,23224.11,125.09,0.0,2022-08-03T12:09:19,23453.05,sl,-2.5774,-1.0302,2022-08
2022-08-03T12:50:01,cont,SELL,23274.6,23613.97,23003.1,339.37,92.0,2022-08-03T22:43:51,23003.1,tp,5.4299,0.8,2022-08
2022-08-04T00:20:01,flip,BUY,22900.03,22804.09,22976.78,95.94,0.0,2022-08-04T00:28:35,22976.78,tp,1.535,0.8,2022-08
2022-08-04T01:02:01,cont,BUY,23040.05,22917.06,23138.44,122.99,42.0,2022-08-04T01:28:41,23138.44,tp,1.9678,0.8,2022-08
2022-08-04T01:29:01,cont,BUY,23149.76,23052.33,23227.7,97.43,69.0,2022-08-04T03:28:03,23049.08,sl,-2.0136,-1.0334,2022-08
2022-08-04T06:17:01,flip,SELL,22995.75,23186.09,22843.48,190.34,0.0,2022-08-04T06:30:24,22843.48,tp,3.0454,0.8,2022-08
2022-08-04T10:05:01,flip,BUY,22925.96,22794.15,23031.41,131.81,0.0,2022-08-04T12:23:16,22793.12,sl,-2.6568,-1.0078,2022-08
2022-08-04T12:24:01,cont,SELL,22785.28,22842.17,22739.77,56.89,9.0,2022-08-04T12:28:13,22843.01,sl,-1.1546,-1.0148,2022-08
2022-08-04T12:50:01,flip,BUY,22920.37,22866.97,22963.09,53.4,0.0,2022-08-04T13:04:16,22865.92,sl,-1.089,-1.0197,2022-08
2022-08-04T13:12:01,cont,BUY,22949.74,22843.63,23034.63,106.11,22.0,2022-08-04T13:42:15,23034.63,tp,1.6978,0.8,2022-08
2022-08-04T13:43:01,cont,BUY,23042.39,22892.02,23162.69,150.37,53.0,2022-08-04T14:17:13,22889.32,sl,-3.0614,-1.018,2022-08
2022-08-04T16:48:01,flip,SELL,22657.67,22973.86,22404.72,316.19,0.0,2022-08-05T02:04:10,22974.0,sl,-6.3266,-1.0004,2022-08
2022-08-05T02:29:01,cont,BUY,22977.64,22873.41,23061.02,104.23,47.0,2022-08-05T02:30:49,23061.02,tp,1.6677,0.8,2022-08
2022-08-05T02:42:01,cont,BUY,23101.11,23007.69,23175.85,93.42,60.0,2022-08-05T03:26:38,23175.85,tp,1.4947,0.8,2022-08
2022-08-05T03:27:01,cont,BUY,23188.78,23039.7,23308.04,149.08,105.0,2022-08-05T06:04:30,23308.04,tp,2.3853,0.8,2022-08
2022-08-05T13:13:01,flip,SELL,22909.04,23071.03,22779.45,161.99,0.0,2022-08-05T13:35:13,23074.45,sl,-3.3082,-1.0211,2022-08
2022-08-05T14:03:01,flip,BUY,23110.55,22990.03,23206.97,120.52,0.0,2022-08-05T14:08:02,23206.97,tp,1.9283,0.8,2022-08
2022-08-05T16:14:01,flip,SELL,22972.0,23054.91,22905.67,82.91,0.0,2022-08-05T16:16:12,23054.92,sl,-1.6584,-1.0001,2022-08
2022-08-05T16:32:01,cont,SELL,22947.52,23073.32,22846.88,125.8,18.0,2022-08-05T17:07:25,23076.64,sl,-2.5824,-1.0264,2022-08
2022-08-05T17:50:01,cont,SELL,22910.6,23080.76,22774.47,170.16,96.0,2022-08-05T18:55:43,22774.47,tp,2.7226,0.8,2022-08
2022-08-05T19:36:01,flip,BUY,22939.95,22862.14,23002.2,77.81,0.0,2022-08-05T20:08:26,22861.2,sl,-1.575,-1.0121,2022-08
2022-08-05T20:25:01,cont,BUY,22969.66,22847.68,23067.24,121.98,49.0,2022-08-05T21:07:03,23067.24,tp,1.9517,0.8,2022-08
2022-08-05T21:09:01,cont,BUY,23092.18,23014.74,23154.13,77.44,93.0,2022-08-05T21:15:01,23154.13,tp,1.239,0.8,2022-08
2022-08-06T02:05:01,flip,SELL,23203.28,23264.67,23154.17,61.39,0.0,2022-08-06T02:17:05,23267.58,sl,-1.286,-1.0474,2022-08
2022-08-06T03:17:01,cont,SELL,23193.04,23287.73,23117.29,94.69,72.0,2022-08-06T17:00:38,23117.29,tp,1.515,0.8,2022-08
2022-08-06T17:01:01,flip,SELL,23108.48,23244.44,22999.71,135.96,0.0,2022-08-06T17:34:36,23245.04,sl,-2.7312,-1.0044,2022-08
2022-08-07T00:43:01,flip,BUY,23066.28,23013.84,23108.23,52.44,0.0,2022-08-07T00:47:29,23013.66,sl,-1.0524,-1.0034,2022-08
2022-08-07T15:59:01,flip,SELL,23021.82,23087.27,22969.46,65.45,0.0,2022-08-07T16:12:42,23089.09,sl,-1.3454,-1.0278,2022-08
2022-08-07T17:14:01,flip,BUY,23298.75,23093.63,23462.85,205.12,0.0,2022-08-07T23:19:07,23089.82,sl,-4.1786,-1.0186,2022-08
2022-08-08T15:39:01,flip,SELL,23934.05,24016.35,23868.21,82.3,0.0,2022-08-08T15:54:48,24017.27,sl,-1.6644,-1.0112,2022-08
2022-08-08T16:10:01,cont,SELL,23913.19,24013.34,23833.07,100.15,31.0,2022-08-08T19:17:22,23833.07,tp,1.6024,0.8,2022-08
2022-08-10T12:46:01,flip,BUY,23796.59,23675.51,23893.45,121.08,0.0,2022-08-10T12:47:45,23893.45,tp,1.9373,0.8,2022-08
2022-08-10T13:24:02,cont,BUY,24134.03,23883.37,24334.56,250.66,38.0,2022-08-10T14:14:15,23881.26,sl,-5.0554,-1.0084,2022-08
2022-08-10T18:18:01,flip,SELL,23830.52,24079.84,23631.06,249.32,0.0,2022-08-10T18:46:27,23631.06,tp,3.9891,0.8,2022-08
2022-08-10T20:48:01,flip,BUY,23778.29,23707.37,23835.03,70.92,0.0,2022-08-10T20:57:54,23835.03,tp,1.1347,0.8,2022-08
2022-08-10T21:21:01,cont,BUY,23930.05,23776.52,24052.87,153.53,33.0,2022-08-10T21:28:57,24052.87,tp,2.4565,0.8,2022-08
2022-08-11T08:06:01,flip,SELL,24355.31,24438.59,24288.69,83.28,0.0,2022-08-11T08:10:18,24439.14,sl,-1.6766,-1.0066,2022-08
2022-08-11T08:57:01,flip,BUY,24550.47,24435.77,24642.23,114.7,0.0,2022-08-11T10:00:05,24435.75,sl,-2.2944,-1.0002,2022-08
2022-08-11T13:35:01,flip,SELL,24563.6,24634.05,24507.24,70.45,0.0,2022-08-11T13:40:33,24634.85,sl,-1.425,-1.0114,2022-08
2022-08-11T13:54:01,flip,BUY,24717.73,24653.98,24768.73,63.75,0.0,2022-08-11T14:05:47,24768.73,tp,1.02,0.8,2022-08
2022-08-11T14:06:01,cont,BUY,24790.18,24707.91,24856.0,82.27,12.0,2022-08-11T14:21:21,24706.17,sl,-1.6802,-1.0211,2022-08
2022-08-11T14:35:01,flip,SELL,24614.4,24684.09,24558.65,69.69,0.0,2022-08-11T14:41:24,24558.65,tp,1.115,0.8,2022-08
2022-08-11T15:12:01,cont,SELL,24434.48,24591.22,24309.09,156.74,37.0,2022-08-11T15:46:37,24309.09,tp,2.5078,0.8,2022-08
2022-08-11T21:33:01,flip,BUY,24307.85,24164.24,24422.74,143.61,0.0,2022-08-11T21:40:13,24161.37,sl,-2.9296,-1.02,2022-08
2022-08-11T22:53:01,flip,SELL,24060.82,24233.88,23922.37,173.06,0.0,2022-08-11T22:57:14,23922.37,tp,2.769,0.8,2022-08
2022-08-11T23:04:01,cont,SELL,23887.07,23938.73,23845.74,51.66,11.0,2022-08-11T23:13:38,23939.26,sl,-1.0438,-1.0103,2022-08
2022-08-11T23:48:01,flip,BUY,23967.94,23867.68,24048.15,100.26,0.0,2022-08-12T00:12:46,23866.47,sl,-2.0294,-1.0121,2022-08
2022-08-12T00:38:01,cont,BUY,23985.74,23770.07,24158.28,215.67,50.0,2022-08-12T10:58:23,23769.81,sl,-4.3186,-1.0012,2022-08
2022-08-12T11:31:01,cont,SELL,23727.1,23812.63,23658.68,85.53,42.0,2022-08-12T11:33:53,23658.68,tp,1.3685,0.8,2022-08
2022-08-12T14:33:01,flip,BUY,23872.46,23703.7,24007.47,168.76,0.0,2022-08-12T15:50:50,24007.47,tp,2.7002,0.8,2022-08
2022-08-12T15:51:02,cont,BUY,24012.32,23957.44,24056.22,54.88,78.0,2022-08-12T16:04:44,24056.22,tp,0.8781,0.8,2022-08
2022-08-13T05:09:01,flip,SELL,24677.35,24738.65,24628.31,61.3,0.0,2022-08-13T06:01:08,24739.4,sl,-1.241,-1.0122,2022-08
2022-08-13T06:54:01,cont,SELL,24590.38,24863.94,24371.53,273.56,105.0,2022-08-13T08:56:59,24371.53,tp,4.377,0.8,2022-08
2022-08-13T09:33:01,flip,BUY,24515.74,24451.17,24567.4,64.57,0.0,2022-08-13T09:52:41,24567.4,tp,1.0331,0.8,2022-08
2022-08-13T09:53:01,cont,BUY,24586.03,24534.83,24626.99,51.2,20.0,2022-08-13T09:55:06,24626.99,tp,0.8192,0.8,2022-08
2022-08-13T11:22:01,flip,SELL,24420.37,24545.64,24320.15,125.27,0.0,2022-08-13T11:40:42,24320.15,tp,2.0043,0.8,2022-08
2022-08-13T12:05:01,flip,BUY,24449.53,24423.33,24470.49,26.2,0.0,2022-08-13T12:11:49,24422.57,sl,-0.5392,-1.029,2022-08
2022-08-13T12:35:01,flip,SELL,24328.32,24397.44,24273.02,69.12,0.0,2022-08-13T12:40:13,24398.38,sl,-1.4012,-1.0136,2022-08
2022-08-13T13:22:01,flip,BUY,24495.0,24423.64,24552.09,71.36,0.0,2022-08-13T15:06:20,24552.09,tp,1.1418,0.8,2022-08
2022-08-13T19:28:01,flip,SELL,24376.76,24467.5,24304.17,90.74,0.0,2022-08-13T19:39:39,24468.98,sl,-1.8444,-1.0163,2022-08
2022-08-13T19:47:01,flip,BUY,24488.93,24450.16,24519.95,38.77,0.0,2022-08-13T19:54:10,24450.04,sl,-0.7778,-1.0031,2022-08
2022-08-13T20:57:01,cont,BUY,24503.98,24317.51,24653.16,186.47,70.0,2022-08-14T06:57:41,24653.16,tp,2.9835,0.8,2022-08
2022-08-14T08:02:01,flip,SELL,24779.44,24872.4,24705.07,92.96,0.0,2022-08-14T08:45:19,24705.07,tp,1.4874,0.8,2022-08
2022-08-14T08:53:01,cont,SELL,24611.03,24676.8,24558.41,65.77,51.0,2022-08-14T09:08:06,24677.04,sl,-1.3202,-1.0036,2022-08
2022-08-14T09:23:01,flip,BUY,24702.04,24655.37,24739.38,46.67,0.0,2022-08-14T09:35:35,24739.38,tp,0.7467,0.8,2022-08
2022-08-14T09:48:02,cont,BUY,24746.47,24688.62,24792.75,57.85,25.0,2022-08-14T10:06:03,24687.19,sl,-1.1856,-1.0247,2022-08
2022-08-14T10:18:01,flip,SELL,24662.87,24703.62,24630.27,40.75,0.0,2022-08-14T10:23:00,24705.88,sl,-0.8602,-1.0555,2022-08
2022-08-14T10:45:01,cont,SELL,24639.92,24724.55,24572.22,84.63,27.0,2022-08-14T11:37:20,24572.22,tp,1.3541,0.8,2022-08
2022-08-14T12:14:01,cont,SELL,24476.45,24584.24,24390.22,107.79,116.0,2022-08-14T16:48:47,24390.22,tp,1.7246,0.8,2022-08
2022-08-14T16:59:01,flip,SELL,24333.33,24404.47,24276.42,71.14,0.0,2022-08-14T17:00:43,24276.42,tp,1.1382,0.8,2022-08
2022-08-14T17:10:01,cont,SELL,24201.77,24294.5,24127.59,92.73,11.0,2022-08-14T17:15:57,24298.22,sl,-1.929,-1.0401,2022-08
2022-08-14T17:40:01,flip,BUY,24325.76,24219.94,24410.42,105.82,0.0,2022-08-14T17:55:33,24219.52,sl,-2.1248,-1.004,2022-08
2022-08-14T19:15:01,cont,BUY,24334.11,24163.04,24470.97,171.07,95.0,2022-08-15T01:31:36,24470.97,tp,2.7371,0.8,2022-08
2022-08-15T01:32:01,flip,BUY,24502.89,24349.78,24625.38,153.11,0.0,2022-08-15T01:59:29,24625.38,tp,2.4498,0.8,2022-08
2022-08-15T02:54:01,cont,BUY,24882.74,24735.37,25000.64,147.37,82.0,2022-08-15T03:11:48,25000.64,tp,2.3579,0.8,2022-08
2022-08-15T03:12:01,cont,BUY,25024.78,24893.49,25129.81,131.29,100.0,2022-08-15T03:14:45,25129.81,tp,2.1006,0.8,2022-08
2022-08-15T06:08:01,flip,SELL,24641.46,24914.45,24423.07,272.99,0.0,2022-08-15T06:26:02,24423.07,tp,4.3678,0.8,2022-08
2022-08-15T06:48:01,cont,SELL,24299.33,24403.67,24215.86,104.34,40.0,2022-08-15T06:53:34,24215.86,tp,1.6694,0.8,2022-08
2022-08-15T07:10:01,cont,SELL,24101.39,24221.19,24005.55,119.8,62.0,2022-08-15T07:39:37,24005.55,tp,1.9168,0.8,2022-08
2022-08-15T08:37:01,flip,BUY,24069.76,24008.03,24119.14,61.73,0.0,2022-08-15T08:48:29,24007.82,sl,-1.2388,-1.0034,2022-08
2022-08-15T09:02:01,cont,BUY,24088.39,24005.57,24154.65,82.82,25.0,2022-08-15T09:29:06,24004.42,sl,-1.6794,-1.0139,2022-08
2022-08-15T09:35:01,cont,SELL,24003.92,24056.51,23961.85,52.59,18.0,2022-08-15T09:36:38,24058.54,sl,-1.0924,-1.0386,2022-08
2022-08-15T10:24:01,flip,BUY,24206.91,24127.95,24270.08,78.96,0.0,2022-08-15T10:54:17,24270.08,tp,1.2634,0.8,2022-08
2022-08-15T12:54:01,flip,SELL,23979.58,24193.55,23808.4,213.97,0.0,2022-08-15T13:56:53,24194.9,sl,-4.3064,-1.0063,2022-08
2022-08-15T15:55:01,flip,BUY,24255.44,24194.73,24304.01,60.71,0.0,2022-08-15T16:15:12,24194.26,sl,-1.2236,-1.0077,2022-08
2022-08-15T16:38:01,flip,SELL,24182.22,24240.39,24135.68,58.17,0.0,2022-08-15T16:55:35,24242.99,sl,-1.2154,-1.0447,2022-08
2022-08-15T17:22:01,cont,SELL,24159.76,24283.74,24060.58,123.98,44.0,2022-08-15T18:09:38,24060.58,tp,1.9837,0.8,2022-08
2022-08-15T21:24:01,flip,BUY,24146.72,23995.01,24268.09,151.71,0.0,2022-08-15T22:03:02,23994.29,sl,-3.0486,-1.0047,2022-08
2022-08-15T23:02:01,flip,SELL,23940.74,24143.75,23778.33,203.01,0.0,2022-08-15T23:36:39,24145.5,sl,-4.0952,-1.0086,2022-08
2022-08-16T01:04:01,flip,BUY,24195.04,23974.89,24371.16,220.15,0.0,2022-08-16T03:07:51,23971.4,sl,-4.4728,-1.0159,2022-08
2022-08-16T15:32:01,flip,BUY,23860.41,23759.51,23941.13,100.9,0.0,2022-08-16T16:42:31,23758.6,sl,-2.0362,-1.009,2022-08
2022-08-16T16:49:01,cont,SELL,23713.7,23753.63,23681.76,39.93,31.0,2022-08-16T16:51:09,23754.39,sl,-0.8138,-1.019,2022-08
2022-08-16T17:02:01,flip,BUY,23841.67,23794.35,23879.53,47.32,0.0,2022-08-16T17:08:58,23879.53,tp,0.7571,0.8,2022-08
2022-08-16T17:39:01,cont,BUY,23899.87,23792.95,23985.41,106.92,37.0,2022-08-16T18:10:05,23985.41,tp,1.7107,0.8,2022-08
2022-08-16T18:17:01,cont,BUY,24042.57,23967.04,24102.99,75.53,75.0,2022-08-16T18:29:19,23963.99,sl,-1.5716,-1.0404,2022-08
2022-08-16T18:46:01,flip,SELL,23765.02,23821.53,23719.81,56.51,0.0,2022-08-16T18:52:10,23822.92,sl,-1.158,-1.0246,2022-08
2022-08-16T19:07:02,flip,BUY,23905.54,23805.93,23985.23,99.61,0.0,2022-08-16T20:12:39,23985.23,tp,1.5938,0.8,2022-08
2022-08-16T20:56:01,cont,BUY,24005.15,23906.54,24084.04,98.61,109.0,2022-08-16T21:19:46,23906.43,sl,-1.9744,-1.0011,2022-08
2022-08-16T22:33:01,flip,SELL,23838.97,23971.22,23733.17,132.25,0.0,2022-08-17T00:11:29,23973.04,sl,-2.6814,-1.0138,2022-08
2022-08-17T01:25:01,flip,BUY,24045.23,23872.36,24183.53,172.87,0.0,2022-08-17T06:00:30,24183.53,tp,2.7659,0.8,2022-08
2022-08-17T07:24:01,flip,SELL,24314.5,24370.27,24269.88,55.77,0.0,2022-08-17T07:25:41,24269.88,tp,0.8923,0.8,2022-08
2022-08-17T07:49:01,cont,SELL,23822.14,23941.97,23726.28,119.83,25.0,2022-08-17T09:33:06,23944.18,sl,-2.4408,-1.0184,2022-08
2022-08-17T11:56:01,flip,SELL,23708.46,23828.37,23612.53,119.91,0.0,2022-08-17T12:17:10,23612.53,tp,1.9186,0.8,2022-08
2022-08-17T13:42:01,cont,SELL,23509.0,23733.09,23329.73,224.09,106.0,2022-08-17T19:13:24,23329.73,tp,3.5854,0.8,2022-08
2022-08-17T20:03:01,flip,SELL,23222.12,23315.19,23147.66,93.07,0.0,2022-08-17T20:12:01,23317.38,sl,-1.9052,-1.0235,2022-08
2022-08-18T00:17:01,flip,BUY,23455.13,23250.85,23618.55,204.28,0.0,2022-08-18T16:45:06,23248.19,sl,-4.1388,-1.013,2022-08
2022-08-18T19:34:01,flip,BUY,23441.67,23382.69,23488.85,58.98,0.0,2022-08-18T19:48:35,23381.19,sl,-1.2096,-1.0254,2022-08
2022-08-18T20:08:01,flip,SELL,23321.63,23375.83,23278.27,54.2,0.0,2022-08-18T20:13:10,23376.75,sl,-1.1024,-1.017,2022-08
2022-08-18T20:39:01,flip,BUY,23456.46,23341.18,23548.68,115.28,0.0,2022-08-18T22:15:48,23340.9,sl,-2.3112,-1.0024,2022-08
2022-08-18T23:13:01,flip,SELL,23299.97,23394.3,23224.51,94.33,0.0,2022-08-18T23:21:41,23224.51,tp,1.5093,0.8,2022-08
2022-08-19T00:09:01,cont,SELL,23121.15,23266.57,23004.81,145.42,56.0,2022-08-19T00:20:43,23004.81,tp,2.3267,0.8,2022-08
2022-08-19T00:21:01,cont,SELL,22953.57,23090.23,22844.24,136.66,68.0,2022-08-19T01:21:55,22844.24,tp,2.1866,0.8,2022-08
2022-08-19T11:59:01,flip,BUY,21482.76,21397.88,21550.66,84.88,0.0,2022-08-19T12:12:43,21395.58,sl,-1.7436,-1.0271,2022-08
2022-08-19T12:25:01,flip,SELL,21337.86,21441.17,21255.21,103.31,0.0,2022-08-19T12:39:21,21445.0,sl,-2.1428,-1.0371,2022-08
2022-08-20T00:35:01,flip,BUY,21078.82,20991.82,21148.42,87.0,0.0,2022-08-20T00:40:27,21148.42,tp,1.392,0.8,2022-08
2022-08-20T00:41:01,cont,BUY,21199.28,21049.17,21319.37,150.11,6.0,2022-08-20T00:52:12,21046.43,sl,-3.057,-1.0183,2022-08
2022-08-20T08:13:01,flip,SELL,21262.62,21364.83,21180.85,102.21,0.0,2022-08-20T09:13:37,21180.85,tp,1.6354,0.8,2022-08
2022-08-20T09:14:01,cont,SELL,21164.19,21229.62,21111.85,65.43,61.0,2022-08-20T09:43:46,21230.76,sl,-1.3314,-1.0174,2022-08
2022-08-20T11:45:01,flip,BUY,21276.26,21190.68,21344.72,85.58,0.0,2022-08-20T16:08:32,21344.72,tp,1.3693,0.8,2022-08
2022-08-20T18:54:01,flip,SELL,21130.51,21316.99,20981.33,186.48,0.0,2022-08-20T19:41:19,20981.33,tp,2.9837,0.8,2022-08
2022-08-20T20:53:01,cont,SELL,20909.38,21141.87,20723.39,232.49,119.0,2022-08-20T22:00:22,21145.08,sl,-4.714,-1.0138,2022-08
2022-08-21T00:21:01,flip,BUY,21222.52,21050.77,21359.92,171.75,0.0,2022-08-21T07:19:22,21048.99,sl,-3.4706,-1.0104,2022-08
2022-08-21T13:26:01,flip,SELL,21397.65,21431.14,21370.86,33.49,0.0,2022-08-21T13:26:11,21433.75,sl,-0.722,-1.0779,2022-08
2022-08-21T14:06:01,cont,SELL,21380.69,21415.26,21353.03,34.57,40.0,2022-08-21T14:06:58,21353.03,tp,0.5531,0.8,2022-08
2022-08-21T15:02:01,flip,BUY,21433.09,21383.63,21472.66,49.46,0.0,2022-08-21T15:27:30,21382.2,sl,-1.0178,-1.0289,2022-08
2022-08-21T15:45:01,cont,BUY,21442.99,21363.18,21506.84,79.81,43.0,2022-08-21T16:14:12,21359.62,sl,-1.6674,-1.0446,2022-08
2022-08-21T16:45:01,cont,BUY,21485.74,21332.24,21608.54,153.5,103.0,2022-08-21T20:52:46,21608.54,tp,2.456,0.8,2022-08
2022-08-22T07:28:01,flip,SELL,21214.54,21646.77,20868.76,432.23,0.0,2022-08-23T14:06:51,21649.84,sl,-8.706,-1.0071,2022-08
2022-08-24T01:26:01,flip,SELL,21323.65,21422.01,21244.96,98.36,0.0,2022-08-24T01:45:22,21244.96,tp,1.5738,0.8,2022-08
2022-08-24T02:43:01,cont,SELL,21179.34,21345.2,21046.65,165.86,77.0,2022-08-24T04:56:53,21345.69,sl,-3.327,-1.003,2022-08
2022-08-24T05:20:01,flip,BUY,21365.88,21319.09,21403.31,46.79,0.0,2022-08-24T05:24:17,21403.31,tp,0.7486,0.8,2022-08
2022-08-24T05:25:01,cont,BUY,21415.19,21363.78,21456.32,51.41,5.0,2022-08-24T05:33:33,21456.32,tp,0.8226,0.8,2022-08
2022-08-24T05:44:01,cont,BUY,21495.21,21451.23,21530.39,43.98,24.0,2022-08-24T05:45:37,21450.17,sl,-0.9008,-1.0241,2022-08
2022-08-24T05:53:01,flip,SELL,21425.94,21486.74,21377.3,60.8,0.0,2022-08-24T06:18:48,21377.3,tp,0.9728,0.8,2022-08
2022-08-24T07:32:01,cont,SELL,21316.16,21436.03,21220.26,119.87,99.0,2022-08-24T08:31:38,21438.23,sl,-2.4414,-1.0184,2022-08
2022-08-24T11:49:01,flip,BUY,21453.78,21399.45,21497.24,54.33,0.0,2022-08-24T12:15:54,21497.24,tp,0.8693,0.8,2022-08
2022-08-24T13:09:01,cont,BUY,21517.9,21415.54,21599.79,102.36,80.0,2022-08-24T13:32:17,21415.12,sl,-2.0556,-1.0041,2022-08
2022-08-24T22:18:01,flip,SELL,21527.74,21573.68,21490.99,45.94,0.0,2022-08-24T22:25:22,21490.99,tp,0.735,0.8,2022-08
2022-08-24T23:26:01,cont,SELL,21463.62,21531.51,21409.31,67.89,68.0,2022-08-24T23:44:27,21409.31,tp,1.0862,0.8,2022-08
2022-08-25T00:14:01,cont,SELL,21333.66,21393.23,21286.0,59.57,116.0,2022-08-25T00:31:54,21394.69,sl,-1.2206,-1.0245,2022-08
2022-08-25T01:18:01,flip,BUY,21549.04,21494.76,21592.46,54.28,0.0,2022-08-25T01:32:02,21592.46,tp,0.8685,0.8,2022-08
2022-08-25T02:24:01,flip,SELL,21516.43,21546.45,21492.41,30.02,0.0,2022-08-25T02:32:17,21547.73,sl,-0.626,-1.0426,2022-08
2022-08-25T02:36:02,cont,SELL,21511.42,21541.47,21487.38,30.05,12.0,2022-08-25T02:42:50,21541.66,sl,-0.6048,-1.0063,2022-08
2022-08-25T03:06:01,cont,SELL,21507.89,21548.38,21475.5,40.49,42.0,2022-08-25T03:08:43,21549.17,sl,-0.8256,-1.0195,2022-08
2022-08-25T03:33:01,cont,SELL,21496.75,21587.48,21424.17,90.73,69.0,2022-08-25T05:52:14,21588.32,sl,-1.8314,-1.0093,2022-08
2022-08-25T07:09:01,flip,BUY,21755.88,21640.11,21848.5,115.77,0.0,2022-08-25T09:31:32,21639.21,sl,-2.3334,-1.0078,2022-08
2022-08-25T09:53:01,flip,BUY,21701.94,21653.92,21740.36,48.02,0.0,2022-08-25T10:49:30,21652.89,sl,-0.981,-1.0214,2022-08
2022-08-25T11:16:01,cont,BUY,21719.01,21609.3,21806.78,109.71,83.0,2022-08-25T13:09:03,21606.26,sl,-2.255,-1.0277,2022-08
2022-08-25T14:40:01,flip,BUY,21765.29,21662.35,21847.64,102.94,0.0,2022-08-25T14:55:42,21662.11,sl,-2.0636,-1.0023,2022-08
2022-08-25T15:15:01,flip,SELL,21627.26,21646.58,21611.8,19.32,0.0,2022-08-25T15:16:30,21611.8,tp,0.3091,0.8,2022-08
2022-08-25T16:48:01,cont,SELL,21441.35,21571.11,21337.54,129.76,93.0,2022-08-25T17:35:04,21572.28,sl,-2.6186,-1.009,2022-08
2022-08-25T19:22:01,flip,BUY,21607.79,21489.49,21702.43,118.3,0.0,2022-08-26T00:07:19,21489.25,sl,-2.3708,-1.002,2022-08
2022-08-26T02:19:01,flip,BUY,21596.21,21527.56,21651.13,68.65,0.0,2022-08-26T04:21:01,21524.59,sl,-1.4324,-1.0433,2022-08
2022-08-26T05:04:01,flip,SELL,21488.65,21544.02,21444.35,55.37,0.0,2022-08-26T05:25:06,21444.35,tp,0.8859,0.8,2022-08
2022-08-29T16:05:01,flip,BUY,20413.72,20144.79,20628.86,268.93,0.0,2022-08-29T18:19:53,20142.8,sl,-5.4184,-1.0074,2022-08
2022-08-29T19:26:01,flip,SELL,20119.33,20225.48,20034.41,106.15,0.0,2022-08-29T21:45:17,20228.82,sl,-2.1898,-1.0315,2022-08
2022-08-29T21:46:01,cont,BUY,20218.49,20137.68,20283.14,80.81,35.0,2022-08-29T23:06:20,20136.89,sl,-1.632,-1.0098,2022-08
2022-08-29T23:33:02,flip,BUY,20280.48,20231.52,20319.65,48.96,0.0,2022-08-29T23:40:20,20319.65,tp,0.7834,0.8,2022-08
2022-08-29T23:42:01,cont,BUY,20327.57,20282.65,20363.51,44.92,9.0,2022-08-29T23:51:20,20279.28,sl,-0.9658,-1.075,2022-08
2022-08-30T00:04:01,flip,SELL,20263.85,20307.07,20229.27,43.22,0.0,2022-08-30T00:18:57,20229.27,tp,0.6915,0.8,2022-08
2022-08-30T01:33:01,cont,SELL,20166.68,20281.34,20074.95,114.66,89.0,2022-08-30T03:45:33,20281.84,sl,-2.3032,-1.0044,2022-08
2022-08-30T07:31:01,flip,BUY,20541.72,20356.33,20690.03,185.39,0.0,2022-08-30T10:47:33,20356.31,sl,-3.7082,-1.0001,2022-08
2022-08-30T12:31:01,flip,SELL,20311.92,20434.57,20213.8,122.65,0.0,2022-08-30T13:32:44,20438.91,sl,-2.5398,-1.0354,2022-08
2022-08-30T13:57:01,cont,SELL,20280.46,20437.07,20155.17,156.61,86.0,2022-08-30T14:07:49,20155.17,tp,2.5058,0.8,2022-08
2022-08-30T14:16:01,cont,SELL,20112.81,20148.28,20084.43,35.47,105.0,2022-08-30T14:31:51,20084.43,tp,0.5675,0.8,2022-08
2022-08-31T01:37:01,flip,BUY,20122.54,19751.0,20419.77,371.54,0.0,2022-08-31T03:24:18,20419.77,tp,5.9446,0.8,2022-08
2022-08-31T03:25:01,cont,BUY,20441.47,20303.05,20552.21,138.42,108.0,2022-08-31T06:19:04,20300.66,sl,-2.8162,-1.0173,2022-08
2022-08-31T06:31:01,flip,SELL,20250.95,20336.66,20182.38,85.71,0.0,2022-08-31T08:10:35,20336.81,sl,-1.7172,-1.0018,2022-08
2022-08-31T08:34:01,flip,SELL,20146.77,20208.9,20097.07,62.13,0.0,2022-08-31T08:39:27,20209.67,sl,-1.258,-1.0124,2022-08
2022-08-31T10:26:01,flip,BUY,20300.8,20168.77,20406.42,132.03,0.0,2022-08-31T13:48:41,20406.42,tp,2.1125,0.8,2022-08
2022-08-31T14:38:01,cont,SELL,20219.2,20417.6,20060.48,198.4,64.0,2022-08-31T15:01:40,20060.48,tp,3.1744,0.8,2022-08
2022-08-31T19:45:01,flip,BUY,20250.78,20149.3,20331.96,101.48,0.0,2022-08-31T22:14:01,20148.32,sl,-2.0492,-1.0097,2022-08
2022-08-31T22:39:01,cont,SELL,20101.59,20159.72,20055.09,58.13,53.0,2022-08-31T22:46:06,20162.73,sl,-1.2228,-1.0518,2022-08
2022-08-31T23:07:01,cont,SELL,20087.13,20165.47,20024.46,78.34,81.0,2022-08-31T23:30:54,20024.46,tp,1.2534,0.8,2022-08
2022-09-01T02:09:01,flip,BUY,20170.63,20116.12,20214.24,54.51,0.0,2022-09-01T02:47:17,20115.62,sl,-1.1002,-1.0092,2022-09
2022-09-01T03:43:01,flip,SELL,20074.98,20179.44,19991.41,104.46,0.0,2022-09-01T03:48:14,19991.41,tp,1.6714,0.8,2022-09
2022-09-01T10:21:01,flip,BUY,20000.01,19830.92,20135.28,169.09,0.0,2022-09-01T14:16:12,19830.43,sl,-3.3916,-1.0029,2022-09
2022-09-01T17:14:01,flip,BUY,19734.82,19682.46,19776.71,52.36,0.0,2022-09-01T17:21:41,19776.71,tp,0.8378,0.8,2022-09
2022-09-02T02:12:01,flip,SELL,20006.41,20078.34,19948.87,71.93,0.0,2022-09-02T03:00:29,20080.35,sl,-1.4788,-1.0279,2022-09
2022-09-02T04:21:01,flip,BUY,20238.3,20134.81,20321.09,103.49,0.0,2022-09-02T05:16:13,20132.83,sl,-2.1094,-1.0191,2022-09
2022-09-02T05:33:01,flip,SELL,20099.89,20135.63,20071.3,35.74,0.0,2022-09-02T05:41:13,20136.12,sl,-0.7246,-1.0137,2022-09
2022-09-02T05:43:01,cont,SELL,20092.25,20132.09,20060.38,39.84,10.0,2022-09-02T05:52:45,20134.05,sl,-0.836,-1.0492,2022-09
2022-09-02T06:06:01,cont,SELL,20071.04,20135.54,20019.44,64.5,33.0,2022-09-02T08:03:26,20135.65,sl,-1.2922,-1.0017,2022-09
2022-09-02T08:04:01,flip,BUY,20133.66,20105.82,20155.93,27.84,0.0,2022-09-02T08:07:16,20104.73,sl,-0.5786,-1.0392,2022-09
2022-09-02T08:47:01,flip,SELL,20069.27,20107.7,20038.53,38.43,0.0,2022-09-02T08:49:25,20108.01,sl,-0.7748,-1.0081,2022-09
2022-09-02T09:26:01,flip,BUY,20130.2,20104.79,20150.53,25.41,0.0,2022-09-02T09:26:46,20150.53,tp,0.4066,0.8,2022-09
2022-09-02T10:22:01,cont,BUY,20174.13,20115.76,20220.83,58.37,56.0,2022-09-02T10:25:34,20115.42,sl,-1.1742,-1.0058,2022-09
2022-09-02T11:12:01,flip,SELL,20020.84,20085.17,19969.38,64.33,0.0,2022-09-02T11:48:24,20085.62,sl,-1.2956,-1.007,2022-09
2022-09-02T12:01:05,cont,BUY,20111.8,20082.74,20135.05,29.06,22.0,2022-09-02T12:04:34,20082.68,sl,-0.5824,-1.0021,2022-09
2022-09-02T12:07:01,cont,BUY,20118.93,20077.96,20151.71,40.97,28.0,2022-09-02T12:14:08,20077.71,sl,-0.8244,-1.0061,2022-09
2022-09-02T12:25:01,cont,BUY,20117.26,20037.83,20180.8,79.43,46.0,2022-09-02T12:30:04,20180.8,tp,1.2709,0.8,2022-09
2022-09-02T12:31:01,cont,BUY,20241.88,20041.99,20401.79,199.89,52.0,2022-09-02T14:37:49,20401.79,tp,3.1982,0.8,2022-09
2022-09-02T14:38:01,flip,BUY,20408.18,20345.62,20458.23,62.56,0.0,2022-09-02T14:56:04,20344.79,sl,-1.2678,-1.0133,2022-09
2022-09-02T15:43:01,flip,SELL,20283.11,20321.79,20252.17,38.68,0.0,2022-09-02T15:46:59,20321.83,sl,-0.7744,-1.001,2022-09
2022-09-02T16:23:01,cont,SELL,20269.78,20379.42,20182.07,109.64,40.0,2022-09-02T16:38:12,20182.07,tp,1.7542,0.8,2022-09
2022-09-02T17:02:01,cont,SELL,20091.84,20136.3,20056.27,44.46,79.0,2022-09-02T17:10:22,20056.27,tp,0.7114,0.8,2022-09
2022-09-02T17:22:01,cont,SELL,20028.84,20108.29,19965.28,79.45,99.0,2022-09-02T17:23:21,19965.28,tp,1.2712,0.8,2022-09
2022-09-02T17:37:01,cont,SELL,19848.45,19876.76,19825.8,28.31,114.0,2022-09-02T17:41:31,19825.8,tp,0.453,0.8,2022-09
2022-09-02T18:38:01,flip,BUY,19951.67,19870.22,20016.83,81.45,0.0,2022-09-02T18:40:10,20016.83,tp,1.3032,0.8,2022-09
2022-09-02T19:36:01,flip,SELL,19806.08,19861.32,19761.89,55.24,0.0,2022-09-02T19:45:21,19861.39,sl,-1.1062,-1.0013,2022-09
2022-09-02T20:13:01,flip,BUY,19929.48,19868.92,19977.93,60.56,0.0,2022-09-02T21:00:03,19977.93,tp,0.969,0.8,2022-09
2022-09-02T21:15:01,cont,BUY,20014.93,19955.27,20062.66,59.66,62.0,2022-09-02T21:29:11,19955.21,sl,-1.1944,-1.001,2022-09
2022-09-02T21:49:01,cont,BUY,20016.47,19935.11,20081.56,81.36,96.0,2022-09-02T22:27:12,19931.68,sl,-1.6958,-1.0422,2022-09
2022-09-02T22:36:01,flip,SELL,19902.76,19953.01,19862.56,50.25,0.0,2022-09-02T22:49:36,19955.36,sl,-1.052,-1.0468,2022-09
2022-09-03T00:40:01,flip,BUY,20029.69,19920.25,20117.24,109.44,0.0,2022-09-03T02:12:10,19919.77,sl,-2.1984,-1.0044,2022-09
2022-09-03T03:10:01,flip,SELL,19902.44,19971.98,19846.81,69.54,0.0,2022-09-03T05:32:12,19972.85,sl,-1.4082,-1.0125,2022-09
2022-09-03T05:49:01,cont,BUY,19976.27,19946.21,20000.32,30.06,47.0,2022-09-03T05:51:24,19944.81,sl,-0.6292,-1.0466,2022-09
2022-09-03T06:02:01,flip,SELL,19941.32,19954.2,19931.02,12.88,0.0,2022-09-03T06:02:06,19954.46,sl,-0.2628,-1.0202,2022-09
2022-09-03T06:05:01,cont,SELL,19935.16,19954.14,19919.98,18.98,3.0,2022-09-03T06:07:03,19954.28,sl,-0.3824,-1.0074,2022-09
2022-09-03T06:09:01,cont,SELL,19925.2,19943.81,19910.31,18.61,7.0,2022-09-03T06:22:03,19910.31,tp,0.2978,0.8,2022-09
2022-09-03T07:50:01,cont,SELL,19811.45,19914.56,19728.96,103.11,108.0,2022-09-03T13:46:21,19914.94,sl,-2.0698,-1.0037,2022-09
2022-09-03T18:53:01,flip,SELL,19747.71,19836.51,19676.67,88.8,0.0,2022-09-03T19:11:25,19676.67,tp,1.4208,0.8,2022-09
2022-09-03T22:16:01,flip,BUY,19831.16,19691.82,19942.63,139.34,0.0,2022-09-04T06:38:03,19691.06,sl,-2.802,-1.0055,2022-09
2022-09-04T09:04:01,flip,BUY,19789.53,19723.14,19842.64,66.39,0.0,2022-09-04T11:18:14,19720.77,sl,-1.3752,-1.0357,2022-09
2022-09-05T10:42:01,flip,SELL,19668.26,19800.92,19562.13,132.66,0.0,2022-09-05T14:11:34,19802.45,sl,-2.6838,-1.0115,2022-09
2022-09-05T14:57:01,cont,BUY,19814.38,19761.55,19856.64,52.83,110.0,2022-09-05T14:58:11,19856.64,tp,0.8453,0.8,2022-09
2022-09-05T15:45:01,flip,SELL,19846.4,19876.59,19822.25,30.19,0.0,2022-09-05T15:46:21,19877.5,sl,-0.622,-1.0301,2022-09
2022-09-05T16:10:02,flip,BUY,19895.84,19871.08,19915.65,24.76,0.0,2022-09-05T16:17:58,19870.33,sl,-0.5102,-1.0303,2022-09
2022-09-05T16:44:01,flip,SELL,19824.7,19879.26,19781.05,54.56,0.0,2022-09-05T18:13:15,19781.05,tp,0.873,0.8,2022-09
2022-09-05T18:18:01,cont,SELL,19739.62,19765.87,19718.62,26.25,94.0,2022-09-05T18:20:08,19718.62,tp,0.42,0.8,2022-09
2022-09-05T18:27:01,cont,SELL,19693.67,19727.65,19666.49,33.98,103.0,2022-09-05T18:39:06,19729.46,sl,-0.7158,-1.0533,2022-09
2022-09-05T19:23:01,flip,BUY,19764.36,19726.6,19794.57,37.76,0.0,2022-09-05T19:44:13,19726.42,sl,-0.7588,-1.0048,2022-09
2022-09-05T20:28:01,cont,BUY,19783.66,19696.33,19853.52,87.33,65.0,2022-09-05T23:43:04,19853.52,tp,1.3973,0.8,2022-09
2022-09-06T01:39:02,flip,SELL,19999.12,20036.91,19968.89,37.79,0.0,2022-09-06T01:41:33,19968.89,tp,0.6046,0.8,2022-09
2022-09-06T21:33:01,flip,BUY,19054.05,18965.99,19124.5,88.06,0.0,2022-09-06T21:45:23,18964.62,sl,-1.7886,-1.0156,2022-09
2022-09-06T22:31:01,flip,SELL,18901.81,19000.53,18822.83,98.72,0.0,2022-09-06T23:53:51,18822.83,tp,1.5795,0.8,2022-09
2022-09-06T23:54:01,cont,SELL,18809.48,18859.13,18769.76,49.65,83.0,2022-09-07T00:02:20,18769.76,tp,0.7944,0.8,2022-09
2022-09-07T00:20:01,cont,SELL,18732.07,18867.48,18623.74,135.41,109.0,2022-09-07T01:35:23,18868.24,sl,-2.7234,-1.0056,2022-09
2022-09-07T13:36:01,flip,BUY,18912.49,18804.41,18998.95,108.08,0.0,2022-09-07T17:49:56,18998.95,tp,1.7293,0.8,2022-09
2022-09-07T18:02:01,cont,BUY,19048.56,18986.16,19098.48,62.4,20.0,2022-09-07T18:10:53,18983.27,sl,-1.3058,-1.0463,2022-09
2022-09-07T18:18:01,flip,SELL,18978.16,19003.11,18958.2,24.95,0.0,2022-09-07T18:21:22,19003.68,sl,-0.5104,-1.0228,2022-09
2022-09-07T20:22:03,flip,BUY,19207.92,18992.19,19380.5,215.73,0.0,2022-09-07T20:45:32,19380.5,tp,3.4517,0.8,2022-09
2022-09-07T20:55:01,cont,BUY,19452.31,19367.08,19520.49,85.23,33.0,2022-09-07T21:15:40,19365.7,sl,-1.7322,-1.0162,2022-09
2022-09-07T21:39:01,flip,SELL,19309.6,19414.13,19225.98,104.53,0.0,2022-09-07T22:01:44,19414.81,sl,-2.1042,-1.0065,2022-09
2022-09-09T03:26:01,flip,BUY,19684.67,19263.27,20021.79,421.4,0.0,2022-09-09T04:01:51,20021.79,tp,6.7424,0.8,2022-09
2022-09-09T04:16:01,cont,BUY,20279.12,20122.7,20404.26,156.42,50.0,2022-09-09T04:56:51,20404.26,tp,2.5027,0.8,2022-09
2022-09-09T04:57:01,cont,BUY,20431.59,20247.3,20579.02,184.29,91.0,2022-09-09T05:32:09,20579.02,tp,2.9486,0.8,2022-09
2022-09-09T18:10:01,flip,SELL,21162.01,21199.13,21132.31,37.12,0.0,2022-09-09T18:24:11,21199.77,sl,-0.7552,-1.0172,2022-09
2022-09-09T18:27:01,cont,SELL,21149.94,21216.27,21096.88,66.33,17.0,2022-09-09T19:12:50,21216.73,sl,-1.3358,-1.0069,2022-09
2022-09-09T20:38:01,flip,BUY,21317.15,21201.95,21409.31,115.2,0.0,2022-09-09T21:33:39,21200.54,sl,-2.3322,-1.0122,2022-09
2022-09-09T23:29:01,flip,SELL,21244.77,21309.87,21192.69,65.1,0.0,2022-09-09T23:32:27,21310.34,sl,-1.3114,-1.0072,2022-09
2022-09-10T00:26:01,cont,SELL,21221.58,21394.0,21083.64,172.42,57.0,2022-09-10T04:45:30,21395.97,sl,-3.4878,-1.0114,2022-09
2022-09-10T04:46:01,cont,BUY,21403.21,21325.68,21465.23,77.53,111.0,2022-09-10T05:03:39,21465.23,tp,1.2405,0.8,2022-09
2022-09-10T05:58:01,flip,SELL,21533.55,21573.47,21501.61,39.92,0.0,2022-09-10T06:08:46,21574.86,sl,-0.8262,-1.0348,2022-09
2022-09-10T06:23:01,cont,SELL,21501.64,21582.42,21437.02,80.78,25.0,2022-09-10T07:42:39,21437.02,tp,1.2925,0.8,2022-09
2022-09-10T14:39:01,flip,BUY,21282.04,21252.52,21305.66,29.52,0.0,2022-09-10T14:39:43,21251.3,sl,-0.6148,-1.0413,2022-09
2022-09-10T15:04:01,flip,SELL,21237.21,21283.25,21200.38,46.04,0.0,2022-09-10T15:24:42,21285.59,sl,-0.9676,-1.0508,2022-09
2022-09-10T16:05:01,cont,SELL,21201.69,21288.98,21131.86,87.29,61.0,2022-09-10T16:42:12,21291.8,sl,-1.8022,-1.0323,2022-09
2022-09-10T18:46:01,flip,BUY,21480.38,21281.33,21639.62,199.05,0.0,2022-09-10T19:51:12,21639.62,tp,3.1848,0.8,2022-09
2022-09-10T20:45:01,flip,SELL,21422.89,21534.15,21333.88,111.26,0.0,2022-09-10T21:04:28,21535.06,sl,-2.2434,-1.0082,2022-09
2022-09-10T22:58:01,flip,BUY,21793.89,21707.04,21863.37,86.85,0.0,2022-09-10T23:48:44,21703.72,sl,-1.8034,-1.0382,2022-09
2022-09-11T00:12:01,flip,SELL,21620.18,21685.55,21567.88,65.37,0.0,2022-09-11T00:40:43,21567.88,tp,1.0459,0.8,2022-09
2022-09-11T00:41:01,cont,SELL,21572.72,21592.95,21556.54,20.23,29.0,2022-09-11T00:41:14,21593.18,sl,-0.4092,-1.0114,2022-09
2022-09-11T01:18:01,flip,BUY,21625.47,21589.33,21654.38,36.14,0.0,2022-09-11T01:25:29,21588.87,sl,-0.732,-1.0127,2022-09
2022-09-11T01:43:01,cont,BUY,21655.85,21551.59,21739.26,104.26,25.0,2022-09-11T02:32:38,21551.04,sl,-2.0962,-1.0053,2022-09
2022-09-11T02:54:01,flip,SELL,21459.67,21513.68,21416.46,54.01,0.0,2022-09-11T02:58:31,21513.78,sl,-1.0822,-1.0019,2022-09
2022-09-11T03:14:01,flip,BUY,21554.44,21531.68,21572.65,22.76,0.0,2022-09-11T03:21:31,21531.14,sl,-0.466,-1.0237,2022-09
2022-09-11T04:04:02,cont,BUY,21573.06,21513.72,21620.53,59.34,50.0,2022-09-11T04:14:09,21620.53,tp,0.9494,0.8,2022-09
2022-09-11T04:50:01,flip,SELL,21581.38,21614.89,21554.57,33.51,0.0,2022-09-11T05:01:51,21554.57,tp,0.5362,0.8,2022-09
2022-09-11T06:30:01,cont,SELL,21523.48,21628.91,21439.14,105.43,100.0,2022-09-11T06:31:55,21439.14,tp,1.6869,0.8,2022-09
2022-09-11T17:29:01,flip,BUY,21733.09,21455.21,21955.39,277.88,0.0,2022-09-11T20:35:28,21452.99,sl,-5.602,-1.008,2022-09
2022-09-11T23:43:01,flip,BUY,21732.56,21475.71,21938.04,256.85,0.0,2022-09-12T01:39:21,21938.04,tp,4.1096,0.8,2022-09
2022-09-12T01:40:01,flip,BUY,21963.66,21787.17,22104.85,176.49,0.0,2022-09-12T01:44:59,22104.85,tp,2.8238,0.8,2022-09
2022-09-12T02:50:01,flip,SELL,21711.66,21856.47,21595.81,144.81,0.0,2022-09-12T03:32:22,21595.81,tp,2.317,0.8,2022-09
2022-09-12T07:04:01,flip,BUY,21852.41,21785.08,21906.27,67.33,0.0,2022-09-12T07:13:57,21906.27,tp,1.0773,0.8,2022-09
2022-09-12T07:14:01,cont,BUY,21906.03,21829.27,21967.44,76.76,10.0,2022-09-12T07:24:09,21967.44,tp,1.2282,0.8,2022-09
2022-09-12T07:43:01,cont,BUY,22119.38,22028.44,22192.13,90.94,39.0,2022-09-12T07:49:31,22192.13,tp,1.455,0.8,2022-09
2022-09-12T07:54:01,cont,BUY,22224.68,22168.97,22269.25,55.71,50.0,2022-09-12T08:05:17,22168.95,sl,-1.1146,-1.0004,2022-09
2022-09-12T08:12:01,cont,BUY,22281.24,22120.26,22410.02,160.98,68.0,2022-09-12T10:02:53,22119.97,sl,-3.2254,-1.0018,2022-09
2022-09-12T10:03:01,flip,SELL,22129.16,22197.66,22074.36,68.5,0.0,2022-09-12T10:08:53,22074.36,tp,1.096,0.8,2022-09
2022-09-12T10:09:01,cont,SELL,22061.77,22117.47,22017.21,55.7,6.0,2022-09-12T10:10:10,22017.21,tp,0.8912,0.8,2022-09
2022-09-12T10:32:01,flip,BUY,22191.81,22084.91,22277.33,106.9,0.0,2022-09-12T11:34:10,22277.33,tp,1.7104,0.8,2022-09
2022-09-12T15:49:01,flip,SELL,22158.07,22204.03,22121.3,45.96,0.0,2022-09-12T15:51:28,22121.3,tp,0.7354,0.8,2022-09
2022-09-12T16:12:01,cont,SELL,22020.42,22195.61,21880.27,175.19,23.0,2022-09-12T16:28:10,22198.23,sl,-3.5562,-1.015,2022-09
2022-09-12T17:13:01,flip,BUY,22266.83,22173.0,22341.89,93.83,0.0,2022-09-12T17:54:31,22341.89,tp,1.5013,0.8,2022-09
2022-09-12T18:50:01,cont,BUY,22401.3,22281.74,22496.95,119.56,97.0,2022-09-12T21:20:41,22276.65,sl,-2.493,-1.0426,2022-09
2022-09-13T00:10:01,flip,BUY,22448.59,22281.11,22582.57,167.48,0.0,2022-09-13T00:21:46,22277.95,sl,-3.4128,-1.0189,2022-09
2022-09-13T00:28:01,flip,SELL,22156.89,22203.47,22119.63,46.58,0.0,2022-09-13T00:37:45,22119.63,tp,0.7453,0.8,2022-09
2022-09-13T01:10:01,flip,BUY,22290.31,22189.15,22371.24,101.16,0.0,2022-09-13T01:34:45,22189.13,sl,-2.0236,-1.0002,2022-09
2022-09-13T02:13:01,flip,SELL,22107.71,22264.73,21982.09,157.02,0.0,2022-09-13T02:53:21,22264.81,sl,-3.142,-1.0005,2022-09
2022-09-13T04:25:01,flip,BUY,22323.61,22182.0,22436.9,141.61,0.0,2022-09-13T05:46:12,22436.9,tp,2.2658,0.8,2022-09
2022-09-13T06:10:01,cont,BUY,22448.65,22388.51,22496.76,60.14,105.0,2022-09-13T06:40:37,22496.76,tp,0.9622,0.8,2022-09
2022-09-13T08:06:01,flip,SELL,22263.92,22432.55,22129.02,168.63,0.0,2022-09-13T09:37:06,22436.91,sl,-3.4598,-1.0259,2022-09
2022-09-13T10:22:01,cont,BUY,22458.5,22367.8,22531.06,90.7,83.0,2022-09-13T10:41:51,22531.06,tp,1.4512,0.8,2022-09
2022-09-13T10:42:01,cont,BUY,22531.39,22469.64,22580.79,61.75,103.0,2022-09-13T10:45:04,22580.79,tp,0.988,0.8,2022-09
2022-09-13T11:53:01,flip,SELL,22535.31,22632.99,22457.17,97.68,0.0,2022-09-13T12:04:09,22637.16,sl,-2.037,-1.0427,2022-09
2022-09-13T12:19:01,flip,BUY,22665.18,22602.44,22715.37,62.74,0.0,2022-09-13T12:25:10,22715.37,tp,1.0038,0.8,2022-09
2022-09-13T12:29:01,cont,BUY,22727.36,22562.64,22859.14,164.72,10.0,2022-09-13T12:30:12,22500.64,sl,-4.5344,-1.3764,2022-09
2022-09-13T13:16:01,flip,SELL,21376.32,21477.24,21295.58,100.92,0.0,2022-09-13T13:18:01,21295.58,tp,1.6147,0.8,2022-09
2022-09-13T13:46:01,cont,SELL,21291.43,21471.25,21147.57,179.82,30.0,2022-09-13T14:01:30,21147.57,tp,2.8771,0.8,2022-09
2022-09-13T14:43:01,cont,SELL,21080.77,21254.22,20942.01,173.45,87.0,2022-09-13T14:49:12,20942.01,tp,2.7752,0.8,2022-09
2022-09-17T00:08:01,flip,BUY,19818.8,19706.33,19908.78,112.47,0.0,2022-09-17T00:28:14,19908.78,tp,1.7995,0.8,2022-09
2022-09-17T19:06:01,flip,SELL,20018.8,20087.24,19964.05,68.44,0.0,2022-09-17T21:04:27,20087.39,sl,-1.3718,-1.0022,2022-09
2022-09-17T22:39:02,flip,BUY,20114.61,20057.3,20160.46,57.31,0.0,2022-09-18T00:04:06,20055.91,sl,-1.174,-1.0243,2022-09
2022-09-18T03:48:01,flip,SELL,19943.04,20046.75,19860.07,103.71,0.0,2022-09-18T05:30:55,20047.25,sl,-2.0842,-1.0048,2022-09
2022-09-18T06:07:01,flip,BUY,20084.04,20052.49,20109.28,31.55,0.0,2022-09-18T06:21:03,20050.19,sl,-0.677,-1.0729,2022-09
2022-09-18T06:41:01,flip,SELL,20024.04,20048.52,20004.46,24.48,0.0,2022-09-18T06:42:20,20049.85,sl,-0.5162,-1.0543,2022-09
2022-09-18T07:25:02,flip,BUY,20075.5,20053.98,20092.72,21.52,0.0,2022-09-18T07:31:21,20052.1,sl,-0.468,-1.0874,2022-09
2022-09-18T07:58:01,flip,SELL,20030.61,20074.74,19995.31,44.13,0.0,2022-09-18T08:13:34,20075.07,sl,-0.8892,-1.0075,2022-09
2022-09-18T09:21:01,cont,SELL,20028.2,20084.85,19982.88,56.65,83.0,2022-09-18T09:46:18,19982.88,tp,0.9064,0.8,2022-09
2022-09-18T09:47:01,cont,SELL,19891.8,19993.67,19810.3,101.87,109.0,2022-09-18T10:04:07,19810.3,tp,1.6299,0.8,2022-09
2022-09-18T19:57:01,flip,BUY,19736.12,19692.43,19771.07,43.69,0.0,2022-09-18T20:05:17,19692.39,sl,-0.8746,-1.0009,2022-09
2022-09-18T20:36:01,cont,BUY,19745.06,19694.21,19785.74,50.85,39.0,2022-09-18T20:48:37,19693.56,sl,-1.03,-1.0128,2022-09
2022-09-18T21:07:01,flip,SELL,19668.56,19715.24,19631.22,46.68,0.0,2022-09-18T21:09:32,19631.22,tp,0.7469,0.8,2022-09
2022-09-18T22:04:01,cont,SELL,19403.36,19565.1,19273.97,161.74,57.0,2022-09-19T02:16:36,19273.97,tp,2.5878,0.8,2022-09
2022-09-19T10:27:01,flip,BUY,18508.92,18346.93,18638.51,161.99,0.0,2022-09-19T10:40:24,18638.51,tp,2.5918,0.8,2022-09
2022-09-19T11:01:01,cont,BUY,18784.24,18747.85,18813.35,36.39,34.0,2022-09-19T11:01:49,18746.62,sl,-0.7524,-1.0338,2022-09
2022-09-19T11:04:01,cont,BUY,18803.96,18736.86,18857.64,67.1,37.0,2022-09-19T11:09:35,18735.35,sl,-1.3722,-1.0225,2022-09
2022-09-19T11:26:01,flip,SELL,18648.9,18686.82,18618.56,37.92,0.0,2022-09-19T11:40:04,18687.2,sl,-0.766,-1.01,2022-09
2022-09-19T12:09:01,flip,BUY,18732.73,18655.71,18794.35,77.02,0.0,2022-09-19T12:48:05,18794.35,tp,1.2323,0.8,2022-09
2022-09-19T13:41:01,cont,BUY,18976.99,18736.75,19169.18,240.24,92.0,2022-09-19T13:51:09,19169.18,tp,3.8438,0.8,2022-09
2022-09-19T15:57:01,flip,SELL,19068.45,19185.68,18974.67,117.23,0.0,2022-09-19T16:08:57,19188.65,sl,-2.404,-1.0253,2022-09
2022-09-19T16:37:01,flip,BUY,19220.52,19118.33,19302.27,102.19,0.0,2022-09-19T17:18:18,19118.17,sl,-2.047,-1.0016,2022-09
2022-09-19T17:34:01,flip,SELL,19027.43,19123.86,18950.29,96.43,0.0,2022-09-19T17:39:59,18950.29,tp,1.5429,0.8,2022-09
2022-09-19T18:11:01,cont,SELL,18934.92,19000.05,18882.82,65.13,37.0,2022-09-19T18:16:55,19001.52,sl,-1.332,-1.0226,2022-09
2022-09-19T18:24:01,cont,SELL,18904.55,18987.93,18837.85,83.38,50.0,2022-09-19T18:31:58,18988.06,sl,-1.6702,-1.0016,2022-09
2022-09-19T19:36:01,flip,BUY,19415.17,19293.69,19512.35,121.48,0.0,2022-09-19T19:40:20,19512.35,tp,1.9437,0.8,2022-09
2022-09-19T20:01:01,cont,BUY,19566.15,19419.02,19683.85,147.13,25.0,2022-09-20T01:21:35,19416.36,sl,-2.9958,-1.0181,2022-09
2022-09-20T01:22:01,cont,SELL,19414.06,19448.47,19386.53,34.41,35.0,2022-09-20T01:25:34,19451.19,sl,-0.7426,-1.079,2022-09
2022-09-20T01:56:01,flip,BUY,19487.89,19443.25,19523.6,44.64,0.0,2022-09-20T02:05:59,19441.55,sl,-0.9268,-1.0381,2022-09
2022-09-20T03:17:01,flip,SELL,19398.64,19484.52,19329.94,85.88,0.0,2022-09-20T03:17:53,19329.94,tp,1.3741,0.8,2022-09
2022-09-20T07:21:01,flip,BUY,19555.94,19499.96,19600.72,55.98,0.0,2022-09-20T07:27:09,19497.7,sl,-1.1648,-1.0404,2022-09
2022-09-20T09:26:01,flip,SELL,19244.2,19418.46,19104.79,174.26,0.0,2022-09-20T12:07:49,19104.79,tp,2.7882,0.8,2022-09
2022-09-20T12:27:01,cont,SELL,19080.88,19177.14,19003.87,96.26,22.0,2022-09-20T13:16:34,19003.87,tp,1.5402,0.8,2022-09
2022-09-20T13:41:01,cont,SELL,18818.59,18982.53,18687.44,163.94,96.0,2022-09-20T14:26:14,18982.83,sl,-3.2848,-1.0018,2022-09
2022-09-20T14:50:01,flip,BUY,19039.96,18884.12,19164.63,155.84,0.0,2022-09-20T15:54:04,19164.63,tp,2.4934,0.8,2022-09
2022-09-20T17:32:01,flip,SELL,18898.82,19032.93,18791.53,134.11,0.0,2022-09-20T17:59:18,18791.53,tp,2.1458,0.8,2022-09
2022-09-20T18:21:01,flip,BUY,18913.25,18825.19,18983.7,88.06,0.0,2022-09-20T18:46:59,18983.7,tp,1.409,0.8,2022-09
2022-09-20T18:47:01,cont,BUY,18991.34,18832.57,19118.36,158.77,26.0,2022-09-20T23:08:59,18830.42,sl,-3.2184,-1.0135,2022-09
2022-09-20T23:55:01,flip,BUY,18919.01,18842.31,18980.37,76.7,0.0,2022-09-21T00:01:53,18840.99,sl,-1.5604,-1.0172,2022-09
2022-09-21T00:05:01,cont,BUY,18926.8,18828.2,19005.68,98.6,10.0,2022-09-21T02:19:33,19005.68,tp,1.5776,0.8,2022-09
2022-09-21T02:30:01,cont,BUY,19020.67,18977.47,19055.23,43.2,23.0,2022-09-21T04:31:11,18975.78,sl,-0.8978,-1.0391,2022-09
2022-09-21T06:16:01,flip,SELL,18890.89,18965.84,18830.93,74.95,0.0,2022-09-21T06:39:11,18830.93,tp,1.1992,0.8,2022-09
2022-09-21T06:40:01,cont,SELL,18797.16,18872.16,18737.16,75.0,24.0,2022-09-21T06:48:15,18872.32,sl,-1.5032,-1.0021,2022-09
2022-09-21T07:26:01,flip,BUY,18914.25,18806.59,19000.38,107.66,0.0,2022-09-21T09:49:25,19000.38,tp,1.7226,0.8,2022-09
2022-09-21T10:42:01,flip,BUY,19037.64,18949.07,19108.5,88.57,0.0,2022-09-21T10:51:16,19108.5,tp,1.4171,0.8,2022-09
2022-09-21T11:39:01,cont,BUY,19144.81,19079.12,19197.36,65.69,57.0,2022-09-21T12:33:02,19197.36,tp,1.051,0.8,2022-09
2022-09-21T15:04:01,flip,SELL,19191.55,19293.5,19109.99,101.95,0.0,2022-09-21T15:42:30,19294.16,sl,-2.0522,-1.0065,2022-09
2022-09-21T16:41:01,flip,BUY,19334.57,19162.15,19472.51,172.42,0.0,2022-09-21T17:43:37,19472.51,tp,2.7587,0.8,2022-09
2022-09-21T21:28:01,flip,SELL,18511.86,18689.63,18369.64,177.77,0.0,2022-09-21T21:33:24,18369.64,tp,2.8443,0.8,2022-09
2022-09-21T22:09:01,cont,SELL,18358.23,18538.43,18214.07,180.2,41.0,2022-09-21T22:17:50,18214.07,tp,2.8832,0.8,2022-09
2022-09-22T02:42:01,flip,BUY,18581.07,18357.97,18759.55,223.1,0.0,2022-09-22T03:27:35,18759.55,tp,3.5696,0.8,2022-09
2022-09-22T03:28:01,cont,BUY,18766.6,18638.47,18869.1,128.13,46.0,2022-09-22T05:19:18,18635.68,sl,-2.6184,-1.0218,2022-09
2022-09-22T05:20:01,cont,SELL,18631.35,18710.17,18568.29,78.82,32.0,2022-09-22T05:38:53,18710.24,sl,-1.5778,-1.0009,2022-09
2022-09-22T06:18:01,flip,BUY,18803.17,18724.52,18866.09,78.65,0.0,2022-09-22T06:27:50,18866.09,tp,1.2584,0.8,2022-09
2022-09-22T06:29:01,cont,BUY,18849.43,18809.24,18881.58,40.19,11.0,2022-09-22T06:30:18,18809.23,sl,-0.804,-1.0002,2022-09
2022-09-22T07:23:01,cont,BUY,18867.17,18690.55,19008.47,176.62,65.0,2022-09-22T08:24:16,19008.47,tp,2.8259,0.8,2022-09
2022-09-22T13:38:01,flip,SELL,19089.29,19181.14,19015.81,91.85,0.0,2022-09-22T13:43:19,19015.81,tp,1.4696,0.8,2022-09
2022-09-22T13:58:01,cont,SELL,18924.07,18971.62,18886.03,47.55,20.0,2022-09-22T14:00:37,18886.03,tp,0.7608,0.8,2022-09
2022-09-22T14:14:01,flip,BUY,19054.44,18959.07,19130.74,95.37,0.0,2022-09-22T14:51:28,18958.64,sl,-1.916,-1.0045,2022-09
2022-09-22T20:25:01,flip,SELL,19288.43,19318.52,19264.36,30.09,0.0,2022-09-22T20:25:45,19319.21,sl,-0.6156,-1.0229,2022-09
2022-09-22T20:28:01,cont,SELL,19279.34,19311.42,19253.68,32.08,3.0,2022-09-22T20:40:30,19311.42,sl,-0.6416,-1.0,2022-09
2022-09-22T20:59:02,cont,SELL,19257.2,19312.76,19212.75,55.56,34.0,2022-09-22T21:24:59,19212.75,tp,0.889,0.8,2022-09
2022-09-22T21:25:01,cont,SELL,19202.62,19254.48,19161.13,51.86,60.0,2022-09-22T22:10:18,19256.98,sl,-1.0872,-1.0482,2022-09
2022-09-22T22:15:01,flip,BUY,19281.07,19250.53,19305.5,30.54,0.0,2022-09-22T22:16:42,19250.1,sl,-0.6194,-1.0141,2022-09
2022-09-22T22:19:01,cont,BUY,19312.04,19245.64,19365.16,66.4,4.0,2022-09-22T22:22:45,19365.16,tp,1.0624,0.8,2022-09
2022-09-22T22:31:01,cont,BUY,19416.78,19376.01,19449.4,40.77,16.0,2022-09-22T22:35:26,19373.87,sl,-0.8582,-1.0525,2022-09
2022-09-22T23:06:01,cont,BUY,19439.38,19341.99,19517.29,97.39,51.0,2022-09-23T00:35:53,19341.94,sl,-1.9488,-1.0005,2022-09
2022-09-23T00:58:01,flip,SELL,19321.96,19359.23,19292.14,37.27,0.0,2022-09-23T01:19:29,19359.24,sl,-0.7456,-1.0003,2022-09
2022-09-23T01:31:01,cont,SELL,19287.19,19367.58,19222.88,80.39,33.0,2022-09-23T01:59:19,19367.67,sl,-1.6096,-1.0011,2022-09
2022-09-23T02:33:01,cont,SELL,19257.58,19364.48,19172.06,106.9,95.0,2022-09-23T03:04:48,19365.48,sl,-2.158,-1.0094,2022-09
2022-09-23T04:33:01,flip,BUY,19461.34,19321.47,19573.24,139.87,0.0,2022-09-23T06:58:10,19320.05,sl,-2.8258,-1.0102,2022-09
2022-09-23T07:01:01,cont,SELL,19276.98,19349.16,19219.24,72.18,76.0,2022-09-23T08:15:23,19219.24,tp,1.1549,0.8,2022-09
2022-09-23T12:15:01,flip,BUY,18953.59,18880.64,19011.95,72.95,0.0,2022-09-23T12:33:10,18878.59,sl,-1.5,-1.0281,2022-09
2022-09-23T12:39:01,flip,SELL,18854.82,18900.1,18818.6,45.28,0.0,2022-09-23T12:46:19,18900.26,sl,-0.9088,-1.0035,2022-09
2022-09-23T13:03:01,flip,BUY,18943.76,18848.29,19020.14,95.47,0.0,2022-09-23T13:09:50,19020.14,tp,1.5275,0.8,2022-09
2022-09-23T14:25:01,flip,SELL,18557.79,18651.18,18483.08,93.39,0.0,2022-09-23T14:29:00,18652.16,sl,-1.8874,-1.0105,2022-09
2022-09-23T14:42:01,flip,BUY,18684.38,18623.68,18732.94,60.7,0.0,2022-09-23T14:48:28,18732.94,tp,0.9712,0.8,2022-09
2022-09-23T15:24:01,cont,BUY,18759.61,18585.72,18898.72,173.89,42.0,2022-09-23T16:29:15,18585.34,sl,-3.4854,-1.0022,2022-09
2022-09-23T23:46:01,flip,SELL,19326.19,19393.12,19272.65,66.93,0.0,2022-09-23T23:53:20,19272.65,tp,1.0709,0.8,2022-09
2022-09-24T00:15:01,cont,SELL,19240.01,19312.85,19181.74,72.84,29.0,2022-09-24T00:19:01,19181.74,tp,1.1654,0.8,2022-09
2022-09-24T00:40:02,cont,SELL,19135.08,19227.53,19061.12,92.45,54.0,2022-09-24T01:14:59,19227.79,sl,-1.8542,-1.0028,2022-09
2022-09-24T01:39:01,cont,SELL,19079.02,19221.68,18964.89,142.66,113.0,2022-09-24T07:12:50,18964.89,tp,2.2826,0.8,2022-09
2022-09-24T13:06:01,flip,BUY,19205.71,19130.66,19265.75,75.05,0.0,2022-09-24T13:21:29,19130.11,sl,-1.512,-1.0073,2022-09
2022-09-24T13:31:01,flip,SELL,19118.34,19149.5,19093.41,31.16,0.0,2022-09-24T13:33:23,19150.5,sl,-0.6432,-1.0321,2022-09
2022-09-24T14:03:01,cont,SELL,19106.56,19175.76,19051.2,69.2,32.0,2022-09-24T15:19:21,19051.2,tp,1.1072,0.8,2022-09
2022-09-24T16:03:01,flip,BUY,19130.14,19101.05,19153.41,29.09,0.0,2022-09-24T16:04:53,19153.41,tp,0.4654,0.8,2022-09
2022-09-24T16:45:01,flip,SELL,19096.13,19142.61,19058.95,46.48,0.0,2022-09-24T17:09:19,19144.23,sl,-0.962,-1.0349,2022-09
2022-09-24T17:43:01,cont,SELL,19085.76,19174.04,19015.14,88.28,58.0,2022-09-24T21:18:20,19015.14,tp,1.4125,0.8,2022-09
2022-09-24T22:13:01,flip,SELL,18874.14,19005.27,18769.24,131.13,0.0,2022-09-25T03:18:04,19007.95,sl,-2.6762,-1.0204,2022-09
2022-09-25T03:44:01,cont,BUY,19050.27,19000.75,19089.89,49.52,39.0,2022-09-25T05:01:54,19000.45,sl,-0.9964,-1.0061,2022-09
2022-09-25T05:23:01,flip,SELL,18987.81,19032.32,18952.2,44.51,0.0,2022-09-25T05:27:05,18952.2,tp,0.7122,0.8,2022-09
2022-09-25T07:16:01,flip,BUY,19059.45,19022.35,19089.13,37.1,0.0,2022-09-25T07:17:27,19089.13,tp,0.5936,0.8,2022-09
2022-09-25T14:11:01,flip,SELL,18854.32,18938.05,18787.34,83.73,0.0,2022-09-25T14:47:56,18938.45,sl,-1.6826,-1.0048,2022-09
2022-09-25T15:17:01,flip,BUY,18966.36,18909.08,19012.18,57.28,0.0,2022-09-25T16:05:31,19012.18,tp,0.9165,0.8,2022-09
2022-09-25T19:50:01,flip,SELL,18874.95,19030.9,18750.19,155.95,0.0,2022-09-25T21:57:24,18750.19,tp,2.4952,0.8,2022-09
2022-09-26T08:26:01,flip,BUY,19081.04,19015.06,19133.82,65.98,0.0,2022-09-26T08:30:57,19133.82,tp,1.0557,0.8,2022-09
2022-09-26T12:03:01,flip,SELL,18828.68,18880.31,18787.38,51.63,0.0,2022-09-26T12:18:01,18880.86,sl,-1.0436,-1.0107,2022-09
2022-09-26T12:46:01,flip,BUY,18961.09,18865.35,19037.68,95.74,0.0,2022-09-26T12:48:56,19037.68,tp,1.5318,0.8,2022-09
2022-09-26T13:34:01,cont,BUY,19179.27,19040.99,19289.89,138.28,48.0,2022-09-26T15:29:45,19039.95,sl,-2.7864,-1.0075,2022-09
2022-09-26T16:36:01,cont,SELL,18982.34,19120.12,18872.12,137.78,99.0,2022-09-26T16:48:19,19121.06,sl,-2.7744,-1.0068,2022-09
2022-09-26T18:03:02,flip,BUY,19180.09,19116.89,19230.65,63.2,0.0,2022-09-26T18:36:25,19115.78,sl,-1.2862,-1.0176,2022-09
2022-09-26T18:50:01,cont,BUY,19208.92,19075.83,19315.39,133.09,47.0,2022-09-27T00:14:06,19315.39,tp,2.1294,0.8,2022-09
2022-09-27T15:31:01,flip,SELL,20091.43,20331.29,19899.54,239.86,0.0,2022-09-27T15:59:32,19899.54,tp,3.8378,0.8,2022-09
2022-09-27T16:25:01,cont,SELL,19494.66,19548.8,19451.35,54.14,54.0,2022-09-27T16:26:02,19451.35,tp,0.8662,0.8,2022-09
2022-09-27T16:32:01,cont,SELL,19405.26,19514.91,19317.54,109.65,61.0,2022-09-27T16:40:58,19317.54,tp,1.7544,0.8,2022-09
2022-09-27T17:12:01,cont,SELL,18936.43,19187.98,18735.19,251.55,101.0,2022-09-28T00:12:27,19189.99,sl,-5.0712,-1.008,2022-09
2022-09-28T00:14:01,flip,BUY,19202.94,18934.77,19417.48,268.17,0.0,2022-09-28T02:06:11,18933.42,sl,-5.3904,-1.005,2022-09
2022-09-28T02:07:01,cont,SELL,18896.42,19017.23,18799.77,120.81,68.0,2022-09-28T02:17:19,18799.77,tp,1.933,0.8,2022-09
2022-09-28T13:17:01,flip,BUY,19152.53,18862.6,19384.47,289.93,0.0,2022-09-28T14:37:11,19384.47,tp,4.6389,0.8,2022-09
2022-09-28T15:22:01,cont,BUY,19498.6,19346.42,19620.34,152.18,53.0,2022-09-28T16:01:42,19620.34,tp,2.4349,0.8,2022-09
2022-09-29T13:42:01,flip,SELL,19122.83,19358.99,18933.9,236.16,0.0,2022-09-29T13:50:43,18933.9,tp,3.7786,0.8,2022-09
2022-09-29T14:15:01,cont,SELL,18923.42,19067.25,18808.36,143.83,33.0,2022-09-29T14:41:01,19067.9,sl,-2.8896,-1.0045,2022-09
2022-09-29T15:12:01,flip,BUY,19274.11,19181.21,19348.43,92.9,0.0,2022-09-29T16:22:09,19181.01,sl,-1.862,-1.0022,2022-09
2022-09-29T16:23:01,flip,SELL,19168.32,19214.76,19131.17,46.44,0.0,2022-09-29T16:30:29,19216.77,sl,-0.969,-1.0433,2022-09
2022-09-29T18:03:01,cont,SELL,19137.04,19633.07,18740.22,496.03,100.0,2022-09-30T00:32:39,19634.92,sl,-9.9576,-1.0037,2022-09
2022-09-30T14:36:01,flip,BUY,19692.13,19169.61,20110.15,522.52,0.0,2022-09-30T15:06:42,20110.15,tp,8.3603,0.8,2022-09
2022-09-30T16:22:01,flip,SELL,19605.63,19694.09,19534.86,88.46,0.0,2022-09-30T16:24:57,19694.42,sl,-1.7758,-1.0037,2022-09
2022-09-30T23:34:01,flip,BUY,19474.47,19436.9,19504.53,37.57,0.0,2022-09-30T23:42:00,19435.86,sl,-0.7722,-1.0277,2022-09
2022-09-30T23:57:01,flip,SELL,19423.78,19471.53,19385.58,47.75,0.0,2022-10-01T00:07:16,19474.21,sl,-1.0086,-1.0561,2022-09
2022-10-01T00:33:01,cont,SELL,19403.42,19495.56,19329.71,92.14,36.0,2022-10-01T05:26:05,19329.71,tp,1.4742,0.8,2022-10
2022-10-01T08:32:01,flip,BUY,19355.76,19307.0,19394.77,48.76,0.0,2022-10-01T10:18:58,19306.66,sl,-0.982,-1.007,2022-10
2022-10-01T10:19:01,flip,SELL,19296.44,19358.18,19247.05,61.74,0.0,2022-10-01T10:36:26,19361.69,sl,-1.305,-1.0569,2022-10
2022-10-01T11:25:01,cont,SELL,19297.93,19365.66,19243.75,67.73,66.0,2022-10-01T11:29:33,19243.75,tp,1.0837,0.8,2022-10
2022-10-03T15:11:01,flip,BUY,19501.32,19398.16,19583.85,103.16,0.0,2022-10-03T15:34:09,19398.11,sl,-2.0642,-1.0005,2022-10
2022-10-03T16:22:01,flip,SELL,19342.93,19424.94,19277.32,82.01,0.0,2022-10-03T16:46:24,19425.33,sl,-1.648,-1.0048,2022-10
2022-10-03T17:23:01,flip,BUY,19564.92,19444.48,19661.27,120.44,0.0,2022-10-03T23:16:39,19661.27,tp,1.927,0.8,2022-10
2022-10-04T00:16:01,flip,BUY,19712.71,19604.06,19799.63,108.65,0.0,2022-10-04T00:38:24,19604.01,sl,-2.174,-1.0005,2022-10
2022-10-04T00:53:01,flip,SELL,19586.64,19615.69,19563.4,29.05,0.0,2022-10-04T00:53:59,19563.4,tp,0.4648,0.8,2022-10
2022-10-04T05:16:01,flip,BUY,19664.81,19591.84,19723.19,72.97,0.0,2022-10-04T06:30:04,19723.19,tp,1.1675,0.8,2022-10
2022-10-04T07:01:01,cont,BUY,19871.25,19796.75,19930.85,74.5,105.0,2022-10-04T07:22:06,19930.85,tp,1.192,0.8,2022-10
2022-10-04T08:47:01,flip,SELL,19902.38,19985.98,19835.5,83.6,0.0,2022-10-04T09:13:36,19835.5,tp,1.3376,0.8,2022-10
2022-10-04T10:29:01,flip,BUY,19988.6,19893.82,20064.42,94.78,0.0,2022-10-04T11:32:58,19893.07,sl,-1.9106,-1.0079,2022-10
2022-10-04T11:33:01,cont,SELL,19897.14,19925.97,19874.08,28.83,10.0,2022-10-04T11:38:58,19927.5,sl,-0.6072,-1.0531,2022-10
2022-10-04T11:54:01,flip,BUY,19946.84,19925.28,19964.09,21.56,0.0,2022-10-04T11:57:32,19924.5,sl,-0.4468,-1.0362,2022-10
2022-10-04T12:07:01,cont,BUY,19954.39,19918.13,19983.4,36.26,13.0,2022-10-04T12:21:28,19917.72,sl,-0.7334,-1.0113,2022-10
2022-10-04T12:45:01,flip,SELL,19906.41,19956.35,19866.46,49.94,0.0,2022-10-04T12:51:11,19956.65,sl,-1.0048,-1.006,2022-10
2022-10-04T13:00:01,flip,BUY,19994.2,19921.5,20052.36,72.7,0.0,2022-10-04T13:32:00,20052.36,tp,1.1632,0.8,2022-10
2022-10-04T13:32:01,cont,BUY,20070.48,19966.05,20154.02,104.43,32.0,2022-10-04T14:01:15,20154.02,tp,1.6709,0.8,2022-10
2022-10-04T14:02:01,cont,BUY,20211.1,20008.33,20373.32,202.77,62.0,2022-10-04T16:13:20,20005.77,sl,-4.1066,-1.0126,2022-10
2022-10-04T16:21:01,flip,SELL,19968.89,20033.69,19917.05,64.8,0.0,2022-10-04T16:26:39,20034.84,sl,-1.319,-1.0177,2022-10
2022-10-04T17:08:01,cont,SELL,19936.8,20066.04,19833.41,129.24,47.0,2022-10-04T18:01:47,20068.75,sl,-2.639,-1.021,2022-10
2022-10-04T19:53:01,flip,BUY,20201.5,20053.18,20320.16,148.32,0.0,2022-10-04T20:29:52,20320.16,tp,2.3731,0.8,2022-10
2022-10-05T08:23:01,flip,SELL,20050.78,20292.5,19857.4,241.72,0.0,2022-10-05T13:41:03,19857.4,tp,3.8675,0.8,2022-10
2022-10-05T14:17:01,cont,SELL,19823.97,19929.57,19739.49,105.6,66.0,2022-10-05T15:18:45,19930.88,sl,-2.1382,-1.0124,2022-10
2022-10-05T15:39:01,flip,BUY,19990.3,19909.69,20054.79,80.61,0.0,2022-10-05T16:08:48,20054.79,tp,1.2898,0.8,2022-10
2022-10-05T16:48:01,cont,BUY,20192.3,20068.15,20291.62,124.15,69.0,2022-10-05T17:18:28,20291.62,tp,1.9864,0.8,2022-10
2022-10-05T17:19:01,cont,BUY,20282.17,20178.97,20364.73,103.2,100.0,2022-10-05T17:34:32,20178.8,sl,-2.0674,-1.0016,2022-10
2022-10-05T18:08:01,flip,SELL,20095.31,20218.38,19996.85,123.07,0.0,2022-10-05T18:47:44,20218.4,sl,-2.4618,-1.0002,2022-10
2022-10-05T22:48:01,flip,BUY,20172.01,20098.3,20230.98,73.71,0.0,2022-10-06T00:06:17,20230.98,tp,1.1794,0.8,2022-10
2022-10-06T00:20:01,cont,BUY,20281.75,20236.09,20318.28,45.66,92.0,2022-10-06T00:37:13,20235.49,sl,-0.9252,-1.0131,2022-10
2022-10-06T06:24:01,flip,SELL,20215.77,20244.5,20192.79,28.73,0.0,2022-10-06T06:34:11,20246.96,sl,-0.6238,-1.0856,2022-10
2022-10-06T06:57:01,cont,SELL,20198.45,20253.36,20154.52,54.91,33.0,2022-10-06T07:53:44,20256.05,sl,-1.152,-1.049,2022-10
2022-10-06T08:23:01,cont,SELL,20153.07,20257.68,20069.38,104.61,119.0,2022-10-06T11:56:29,20258.52,sl,-2.109,-1.008,2022-10
2022-10-06T11:57:01,flip,BUY,20252.4,20192.84,20300.05,59.56,0.0,2022-10-06T12:19:52,20190.67,sl,-1.2346,-1.0364,2022-10
2022-10-06T12:33:01,cont,BUY,20316.93,20167.51,20436.47,149.42,36.0,2022-10-06T13:01:16,20166.53,sl,-3.008,-1.0066,2022-10
2022-10-06T14:02:01,flip,SELL,20021.19,20287.77,19807.93,266.58,0.0,2022-10-07T12:30:08,19807.93,tp,4.2653,0.8,2022-10
2022-10-07T13:06:01,flip,SELL,19540.82,19655.33,19449.21,114.51,0.0,2022-10-07T13:17:18,19656.35,sl,-2.3106,-1.0089,2022-10
2022-10-13T16:42:01,flip,BUY,19143.25,18893.65,19342.93,249.6,0.0,2022-10-13T18:48:15,19342.93,tp,3.9936,0.8,2022-10
2022-10-14T18:37:01,flip,SELL,19243.25,19391.77,19124.43,148.52,0.0,2022-10-14T21:58:52,19124.43,tp,2.3763,0.8,2022-10
2022-10-16T00:48:01,flip,BUY,19142.76,19045.45,19220.61,97.31,0.0,2022-10-16T19:31:48,19220.61,tp,1.557,0.8,2022-10
2022-10-17T15:19:01,flip,SELL,19445.92,19506.78,19397.23,60.86,0.0,2022-10-17T15:23:06,19507.64,sl,-1.2344,-1.0141,2022-10
2022-10-17T15:41:01,flip,BUY,19569.24,19527.11,19602.94,42.13,0.0,2022-10-17T16:12:40,19526.03,sl,-0.8642,-1.0256,2022-10
2022-10-17T16:20:01,flip,SELL,19525.59,19561.77,19496.65,36.18,0.0,2022-10-17T16:29:09,19563.6,sl,-0.7602,-1.0506,2022-10
2022-10-17T16:44:01,cont,SELL,19509.84,19570.77,19461.1,60.93,24.0,2022-10-17T19:46:40,19571.4,sl,-1.2312,-1.0103,2022-10
2022-10-18T14:31:01,flip,SELL,19450.16,19504.6,19406.61,54.44,0.0,2022-10-18T14:37:13,19406.61,tp,0.871,0.8,2022-10
2022-10-18T15:13:01,cont,SELL,19361.65,19472.29,19273.14,110.64,42.0,2022-10-18T18:46:10,19273.14,tp,1.7702,0.8,2022-10
2022-10-18T19:01:01,flip,SELL,19179.74,19229.83,19139.67,50.09,0.0,2022-10-18T19:12:17,19139.67,tp,0.8014,0.8,2022-10
2022-10-18T19:13:01,cont,SELL,19134.31,19195.16,19085.63,60.85,12.0,2022-10-18T19:31:32,19195.9,sl,-1.2318,-1.0122,2022-10
2022-10-18T19:43:01,flip,BUY,19222.07,19155.88,19275.02,66.19,0.0,2022-10-18T20:03:29,19275.02,tp,1.059,0.8,2022-10
2022-10-18T20:41:01,cont,BUY,19349.1,19294.23,19393.0,54.87,58.0,2022-10-18T20:41:52,19393.0,tp,0.8779,0.8,2022-10
2022-10-19T01:00:01,flip,SELL,19238.38,19380.65,19124.56,142.27,0.0,2022-10-19T12:32:56,19124.56,tp,2.2763,0.8,2022-10
2022-10-19T13:50:01,cont,SELL,19093.73,19234.19,18981.36,140.46,102.0,2022-10-19T14:23:10,19234.62,sl,-2.8178,-1.0031,2022-10
2022-10-23T21:23:01,flip,BUY,19583.88,19436.43,19701.84,147.45,0.0,2022-10-24T01:16:19,19436.35,sl,-2.9506,-1.0005,2022-10
2022-10-24T03:15:01,flip,SELL,19364.19,19475.11,19275.45,110.92,0.0,2022-10-24T14:17:37,19275.45,tp,1.7747,0.8,2022-10
2022-10-25T13:34:01,flip,BUY,19445.49,19242.23,19608.1,203.26,0.0,2022-10-25T15:10:44,19608.1,tp,3.2522,0.8,2022-10
2022-10-26T17:02:01,flip,SELL,20711.34,20796.97,20642.84,85.63,0.0,2022-10-26T17:13:46,20797.01,sl,-1.7134,-1.0005,2022-10
2022-10-26T17:33:01,cont,SELL,20671.47,20787.58,20578.58,116.11,31.0,2022-10-26T17:52:44,20787.96,sl,-2.3298,-1.0033,2022-10
2022-10-26T17:59:01,flip,BUY,20825.01,20770.49,20868.63,54.52,0.0,2022-10-26T18:20:00,20768.59,sl,-1.1284,-1.0348,2022-10
2022-10-26T18:44:01,flip,SELL,20735.43,20803.42,20681.04,67.99,0.0,2022-10-26T18:57:15,20681.04,tp,1.0878,0.8,2022-10
2022-10-26T19:03:01,cont,SELL,20657.5,20700.96,20622.73,43.46,19.0,2022-10-26T19:14:09,20701.4,sl,-0.878,-1.0101,2022-10
2022-10-26T19:33:02,flip,BUY,20746.87,20696.91,20786.84,49.96,0.0,2022-10-26T19:46:17,20786.84,tp,0.7994,0.8,2022-10
2022-10-26T20:06:01,cont,BUY,20824.88,20730.64,20900.27,94.24,33.0,2022-10-26T20:09:00,20729.87,sl,-1.9002,-1.0082,2022-10
2022-10-27T09:18:01,flip,SELL,20603.38,20871.06,20389.24,267.68,0.0,2022-10-27T20:19:00,20389.24,tp,4.2829,0.8,2022-10
2022-10-28T00:36:01,flip,BUY,20340.82,20312.88,20363.17,27.94,0.0,2022-10-28T00:40:27,20311.33,sl,-0.5898,-1.0555,2022-10
2022-10-28T01:27:01,flip,SELL,20226.03,20281.36,20181.77,55.33,0.0,2022-10-28T01:37:23,20282.6,sl,-1.1314,-1.0224,2022-10
2022-10-28T01:57:01,flip,BUY,20319.47,20283.3,20348.41,36.17,0.0,2022-10-28T02:12:06,20280.84,sl,-0.7726,-1.068,2022-10
2022-10-28T02:55:01,flip,SELL,20204.42,20284.18,20140.61,79.76,0.0,2022-10-28T03:42:09,20284.22,sl,-1.596,-1.0005,2022-10
2022-10-28T04:11:01,flip,BUY,20305.69,20289.67,20318.51,16.02,0.0,2022-10-28T04:11:21,20287.53,sl,-0.3632,-1.1336,2022-10
2022-10-28T04:47:01,flip,SELL,20276.41,20296.03,20260.71,19.62,0.0,2022-10-28T04:58:41,20260.71,tp,0.3139,0.8,2022-10
2022-10-28T04:59:02,cont,SELL,20251.25,20282.39,20226.34,31.14,12.0,2022-10-28T05:15:18,20226.34,tp,0.4982,0.8,2022-10
2022-10-28T05:53:01,flip,BUY,20288.75,20237.35,20329.87,51.4,0.0,2022-10-28T07:18:37,20236.85,sl,-1.038,-1.0097,2022-10
2022-10-28T07:49:01,flip,SELL,20111.36,20200.66,20039.92,89.3,0.0,2022-10-28T08:40:51,20202.7,sl,-1.8268,-1.0228,2022-10
2022-10-28T09:24:01,flip,BUY,20224.48,20152.56,20282.02,71.92,0.0,2022-10-28T10:48:25,20151.35,sl,-1.4626,-1.0168,2022-10
2022-10-28T11:07:01,flip,SELL,20133.35,20193.35,20085.35,60.0,0.0,2022-10-28T11:28:15,20194.27,sl,-1.2184,-1.0153,2022-10
2022-10-28T12:31:01,flip,BUY,20239.41,20121.75,20333.54,117.66,0.0,2022-10-28T13:18:19,20333.54,tp,1.8826,0.8,2022-10
2022-10-28T13:32:01,cont,BUY,20415.05,20321.21,20490.12,93.84,61.0,2022-10-28T13:34:49,20490.12,tp,1.5014,0.8,2022-10
2022-10-28T18:04:01,flip,SELL,20608.53,20655.67,20570.82,47.14,0.0,2022-10-28T18:15:44,20660.48,sl,-1.039,-1.102,2022-10
2022-10-28T18:54:01,cont,SELL,20596.93,20660.32,20546.22,63.39,50.0,2022-10-28T20:09:03,20660.5,sl,-1.2714,-1.0028,2022-10
2022-10-28T20:19:01,flip,BUY,20668.91,20624.77,20704.22,44.14,0.0,2022-10-28T20:41:51,20704.22,tp,0.7062,0.8,2022-10
2022-10-28T21:32:01,flip,SELL,20618.3,20669.84,20577.07,51.54,0.0,2022-10-28T21:53:19,20577.07,tp,0.8246,0.8,2022-10
2022-10-29T02:20:01,flip,BUY,20677.56,20640.46,20707.24,37.1,0.0,2022-10-29T02:27:56,20707.24,tp,0.5936,0.8,2022-10
2022-10-29T02:36:01,cont,BUY,20738.1,20683.06,20782.13,55.04,16.0,2022-10-29T03:16:19,20782.13,tp,0.8806,0.8,2022-10
2022-10-29T03:22:01,cont,BUY,20810.95,20706.64,20894.4,104.31,62.0,2022-10-29T04:25:07,20706.63,sl,-2.0864,-1.0001,2022-10
2022-10-29T05:18:01,flip,SELL,20659.95,20689.35,20636.43,29.4,0.0,2022-10-29T05:26:07,20691.56,sl,-0.6322,-1.0752,2022-10
2022-10-29T05:51:01,cont,SELL,20640.12,20741.83,20558.75,101.71,33.0,2022-10-29T07:29:20,20742.13,sl,-2.0402,-1.0029,2022-10
2022-10-29T07:34:01,flip,BUY,20760.69,20731.32,20784.19,29.37,0.0,2022-10-29T07:41:24,20731.3,sl,-0.5878,-1.0007,2022-10
2022-10-29T08:15:01,cont,BUY,20796.37,20717.56,20859.42,78.81,41.0,2022-10-29T08:18:32,20859.42,tp,1.261,0.8,2022-10
2022-10-29T08:33:01,cont,BUY,20974.71,20898.55,21035.64,76.16,59.0,2022-10-29T08:38:26,20897.92,sl,-1.5358,-1.0083,2022-10
2022-10-29T08:48:01,flip,SELL,20862.51,20908.27,20825.9,45.76,0.0,2022-10-29T08:52:44,20912.02,sl,-0.9902,-1.0819,2022-10
2022-10-29T09:08:01,flip,BUY,20949.23,20896.72,20991.24,52.51,0.0,2022-10-29T09:10:11,20895.37,sl,-1.0772,-1.0257,2022-10
2022-10-29T09:21:01,flip,SELL,20885.64,20928.11,20851.66,42.47,0.0,2022-10-29T09:35:15,20929.54,sl,-0.878,-1.0337,2022-10
2022-10-29T09:56:01,flip,BUY,20957.32,20897.51,21005.17,59.81,0.0,2022-10-29T10:22:56,21005.17,tp,0.957,0.8,2022-10
2022-10-29T10:23:01,cont,BUY,21059.05,20946.16,21149.36,112.89,27.0,2022-10-29T10:25:22,20943.64,sl,-2.3082,-1.0223,2022-10
2022-10-29T10:56:01,flip,SELL,20761.98,20879.72,20667.79,117.74,0.0,2022-10-29T11:39:51,20667.79,tp,1.8838,0.8,2022-10
2022-10-29T13:02:01,flip,BUY,20786.84,20721.38,20839.21,65.46,0.0,2022-10-29T13:20:47,20719.16,sl,-1.3536,-1.0339,2022-10
2022-10-29T14:03:01,cont,BUY,20801.41,20694.86,20886.65,106.55,61.0,2022-10-29T14:16:38,20886.65,tp,1.7048,0.8,2022-10
2022-10-29T22:24:01,flip,SELL,20757.16,20900.05,20642.85,142.89,0.0,2022-10-30T06:16:00,20900.75,sl,-2.8718,-1.0049,2022-10
2022-10-30T07:32:01,flip,SELL,20860.48,20876.2,20847.9,15.72,0.0,2022-10-30T07:33:21,20847.9,tp,0.2515,0.8,2022-10
2022-10-30T08:23:01,cont,SELL,20825.4,20878.89,20782.61,53.49,51.0,2022-10-30T08:28:45,20782.61,tp,0.8558,0.8,2022-10
2022-10-30T11:42:01,flip,BUY,20738.6,20661.19,20800.53,77.41,0.0,2022-10-30T13:32:12,20658.27,sl,-1.6066,-1.0377,2022-10
2022-10-30T13:33:01,cont,SELL,20664.45,20748.79,20596.98,84.34,61.0,2022-10-30T14:38:04,20749.88,sl,-1.7086,-1.0129,2022-10
2022-10-31T03:18:01,flip,BUY,20505.82,20477.28,20528.65,28.54,0.0,2022-10-31T03:29:47,20475.55,sl,-0.6054,-1.0606,2022-10
2022-10-31T03:49:01,cont,BUY,20517.19,20466.24,20557.95,50.95,31.0,2022-10-31T04:45:19,20557.95,tp,0.8152,0.8,2022-10
2022-10-31T05:09:01,cont,BUY,20594.37,20546.81,20632.42,47.56,111.0,2022-10-31T05:48:06,20545.71,sl,-0.9732,-1.0231,2022-10
2022-10-31T06:06:01,flip,SELL,20529.49,20560.99,20504.29,31.5,0.0,2022-10-31T06:12:13,20504.29,tp,0.504,0.8,2022-10
2022-10-31T06:18:01,cont,SELL,20495.77,20512.36,20482.5,16.59,12.0,2022-10-31T06:30:22,20482.5,tp,0.2654,0.8,2022-10
2022-10-31T07:45:01,flip,BUY,20536.79,20476.87,20584.73,59.92,0.0,2022-10-31T08:08:48,20476.35,sl,-1.2088,-1.0087,2022-10
2022-10-31T08:33:02,flip,SELL,20471.67,20516.45,20435.85,44.78,0.0,2022-10-31T09:13:13,20517.69,sl,-0.9204,-1.0277,2022-10
2022-10-31T09:31:01,cont,BUY,20537.33,20496.25,20570.19,41.08,18.0,2022-10-31T09:40:41,20570.19,tp,0.6573,0.8,2022-10
2022-10-31T10:01:01,cont,BUY,20728.56,20697.7,20753.25,30.86,48.0,2022-10-31T10:02:15,20753.25,tp,0.4938,0.8,2022-10
2022-10-31T12:08:01,flip,SELL,20687.82,20799.68,20598.33,111.86,0.0,2022-10-31T13:50:00,20598.33,tp,1.7898,0.8,2022-10
2022-10-31T13:50:01,cont,SELL,20589.28,20697.67,20502.57,108.39,52.0,2022-10-31T13:56:02,20502.57,tp,1.7342,0.8,2022-10
2022-10-31T14:35:01,cont,SELL,20285.57,20393.24,20199.43,107.67,97.0,2022-10-31T15:28:17,20395.57,sl,-2.2,-1.0216,2022-10
2022-10-31T16:17:01,flip,BUY,20476.91,20354.9,20574.52,122.01,0.0,2022-10-31T16:42:10,20353.46,sl,-2.469,-1.0118,2022-10
2022-11-01T04:09:01,flip,SELL,20457.19,20493.0,20428.54,35.81,0.0,2022-11-01T04:20:37,20493.32,sl,-0.7226,-1.0089,2022-11
2022-11-01T04:39:01,flip,BUY,20507.53,20464.8,20541.71,42.73,0.0,2022-11-01T06:05:57,20541.71,tp,0.6837,0.8,2022-11
2022-11-01T12:07:01,flip,SELL,20472.33,20539.69,20418.44,67.36,0.0,2022-11-01T12:19:24,20540.84,sl,-1.3702,-1.0171,2022-11
2022-11-01T12:49:01,flip,BUY,20563.8,20533.09,20588.37,30.71,0.0,2022-11-01T12:52:27,20532.07,sl,-0.6346,-1.0332,2022-11
2022-11-01T13:39:01,flip,SELL,20498.18,20542.44,20462.77,44.26,0.0,2022-11-01T13:42:15,20462.77,tp,0.7082,0.8,2022-11
2022-11-01T14:13:01,cont,SELL,20343.33,20423.3,20279.35,79.97,34.0,2022-11-01T14:16:51,20423.79,sl,-1.6092,-1.0061,2022-11
2022-11-01T14:35:01,flip,BUY,20477.63,20420.61,20523.25,57.02,0.0,2022-11-01T14:40:04,20418.87,sl,-1.1752,-1.0305,2022-11
2022-11-01T16:07:01,cont,BUY,20487.8,20378.08,20575.58,109.72,92.0,2022-11-01T16:51:29,20376.66,sl,-2.2228,-1.0129,2022-11
2022-11-02T18:54:01,flip,SELL,20403.18,20664.13,20194.42,260.95,0.0,2022-11-02T19:27:59,20194.42,tp,4.1752,0.8,2022-11
2022-11-02T19:33:01,cont,SELL,20157.6,20261.31,20074.63,103.71,39.0,2022-11-02T19:36:58,20262.03,sl,-2.0886,-1.0069,2022-11
2022-11-02T20:18:01,cont,SELL,20149.16,20297.82,20030.23,148.66,84.0,2022-11-03T01:42:25,20298.23,sl,-2.9814,-1.0028,2022-11
2022-11-03T08:33:01,flip,SELL,20259.58,20276.93,20245.7,17.35,0.0,2022-11-03T08:34:23,20277.02,sl,-0.3488,-1.0052,2022-11
2022-11-03T08:47:01,flip,BUY,20304.66,20268.75,20333.39,35.91,0.0,2022-11-03T10:04:41,20333.39,tp,0.5746,0.8,2022-11
2022-11-03T10:05:01,cont,BUY,20336.68,20280.85,20381.34,55.83,78.0,2022-11-03T10:23:36,20280.37,sl,-1.1262,-1.0086,2022-11
2022-11-03T10:44:01,flip,SELL,20262.32,20285.76,20243.57,23.44,0.0,2022-11-03T11:11:32,20243.57,tp,0.375,0.8,2022-11
2022-11-03T11:16:01,cont,SELL,20245.94,20268.11,20228.2,22.17,32.0,2022-11-03T11:19:24,20228.2,tp,0.3547,0.8,2022-11
2022-11-03T11:24:01,cont,SELL,20195.3,20232.06,20165.89,36.76,40.0,2022-11-03T11:29:22,20234.64,sl,-0.7868,-1.0702,2022-11
2022-11-03T11:34:01,cont,SELL,20189.66,20239.77,20149.57,50.11,50.0,2022-11-03T11:38:50,20149.57,tp,0.8018,0.8,2022-11
2022-11-03T14:42:01,flip,BUY,20326.95,20233.41,20401.78,93.54,0.0,2022-11-03T15:31:21,20232.97,sl,-1.8796,-1.0047,2022-11
2022-11-03T18:05:01,flip,SELL,20204.94,20306.53,20123.67,101.59,0.0,2022-11-04T00:23:41,20307.09,sl,-2.043,-1.0055,2022-11
2022-11-04T01:05:01,flip,BUY,20309.7,20252.55,20355.42,57.15,0.0,2022-11-04T01:27:08,20252.42,sl,-1.1456,-1.0023,2022-11
2022-11-04T02:16:01,cont,BUY,20317.55,20242.83,20377.33,74.72,71.0,2022-11-04T05:26:26,20377.33,tp,1.1955,0.8,2022-11
2022-11-04T06:50:01,flip,SELL,20577.83,20601.15,20559.17,23.32,0.0,2022-11-04T06:51:17,20601.96,sl,-0.4826,-1.0347,2022-11
2022-11-04T07:18:01,cont,SELL,20567.9,20621.41,20525.09,53.51,28.0,2022-11-04T07:51:19,20621.49,sl,-1.0718,-1.0015,2022-11
2022-11-04T08:12:01,cont,BUY,20642.04,20599.12,20676.38,42.92,31.0,2022-11-04T08:21:13,20598.44,sl,-0.872,-1.0158,2022-11
2022-11-04T09:55:01,flip,SELL,20575.56,20626.08,20535.14,50.52,0.0,2022-11-04T10:57:33,20628.21,sl,-1.053,-1.0422,2022-11
2022-11-04T11:51:01,flip,SELL,20566.18,20592.45,20545.16,26.27,0.0,2022-11-04T12:04:41,20545.16,tp,0.4203,0.8,2022-11
2022-11-04T12:05:01,cont,SELL,20529.31,20579.78,20488.93,50.47,14.0,2022-11-04T12:09:21,20488.93,tp,0.8075,0.8,2022-11
2022-11-04T12:26:01,cont,SELL,20486.84,20529.44,20452.76,42.6,35.0,2022-11-04T12:29:39,20529.5,sl,-0.8532,-1.0014,2022-11
2022-11-04T12:31:01,cont,SELL,20425.85,20535.58,20338.07,109.73,40.0,2022-11-04T12:32:28,20535.91,sl,-2.2012,-1.003,2022-11
2022-11-04T12:59:01,flip,BUY,20739.81,20645.19,20815.51,94.62,0.0,2022-11-04T13:16:16,20815.51,tp,1.5139,0.8,2022-11
2022-11-04T13:17:01,cont,BUY,20855.0,20729.03,20955.78,125.97,18.0,2022-11-04T13:49:24,20728.23,sl,-2.5354,-1.0064,2022-11
2022-11-04T14:15:01,cont,BUY,20922.58,20684.27,21113.23,238.31,76.0,2022-11-04T14:23:13,21113.23,tp,3.813,0.8,2022-11
2022-11-05T08:47:01,flip,SELL,21247.34,21348.84,21166.14,101.5,0.0,2022-11-05T11:01:45,21352.86,sl,-2.1104,-1.0396,2022-11
2022-11-07T01:44:01,flip,BUY,20974.47,20911.18,21025.1,63.29,0.0,2022-11-07T02:10:30,21025.1,tp,1.0126,0.8,2022-11
2022-11-07T03:18:01,flip,SELL,20887.52,20912.64,20867.42,25.12,0.0,2022-11-07T03:26:31,20912.76,sl,-0.5048,-1.0048,2022-11
2022-11-07T03:53:01,flip,BUY,20931.11,20884.26,20968.59,46.85,0.0,2022-11-07T04:02:49,20883.31,sl,-0.956,-1.0203,2022-11
2022-11-07T06:17:01,flip,SELL,20823.32,20900.29,20761.74,76.97,0.0,2022-11-07T06:36:51,20900.35,sl,-1.5406,-1.0008,2022-11
2022-11-07T07:08:01,cont,SELL,20772.12,20900.61,20669.33,128.49,51.0,2022-11-07T07:52:21,20669.33,tp,2.0558,0.8,2022-11
2022-11-07T19:36:01,flip,BUY,20840.85,20635.2,21005.37,205.65,0.0,2022-11-07T21:41:59,20633.2,sl,-4.153,-1.0097,2022-11
2022-11-07T22:20:01,cont,SELL,20604.78,20692.42,20534.67,87.64,72.0,2022-11-07T22:23:41,20534.67,tp,1.4022,0.8,2022-11
2022-11-08T06:45:01,flip,BUY,19868.12,19750.11,19962.53,118.01,0.0,2022-11-08T07:15:33,19749.05,sl,-2.3814,-1.009,2022-11
2022-11-08T07:21:01,flip,SELL,19731.94,19761.09,19708.62,29.15,0.0,2022-11-08T07:21:16,19761.79,sl,-0.597,-1.024,2022-11
2022-11-08T07:29:01,flip,BUY,19784.04,19753.46,19808.5,30.58,0.0,2022-11-08T07:37:53,19808.5,tp,0.4893,0.8,2022-11
2022-11-08T11:04:01,flip,SELL,19657.39,19796.94,19545.75,139.55,0.0,2022-11-08T14:01:18,19545.75,tp,2.2328,0.8,2022-11
2022-11-08T16:32:01,flip,BUY,20334.32,20029.78,20577.95,304.54,0.0,2022-11-08T16:33:17,20577.95,tp,4.8726,0.8,2022-11
2022-11-08T17:52:01,flip,SELL,19638.2,19977.8,19366.52,339.6,0.0,2022-11-08T17:59:38,19366.52,tp,5.4336,0.8,2022-11
2022-11-08T18:05:01,cont,SELL,19322.45,19527.2,19158.65,204.75,13.0,2022-11-08T18:05:52,19158.65,tp,3.276,0.8,2022-11
2022-11-08T18:19:01,cont,SELL,18814.07,19081.26,18600.32,267.19,27.0,2022-11-08T18:20:51,18600.32,tp,4.275,0.8,2022-11
2022-11-08T19:11:01,cont,SELL,18507.81,18971.99,18136.47,464.18,79.0,2022-11-08T19:23:57,18136.47,tp,7.4269,0.8,2022-11
2022-11-08T21:51:01,flip,BUY,18631.44,18490.15,18744.47,141.29,0.0,2022-11-08T22:40:21,18489.64,sl,-2.836,-1.0036,2022-11
2022-11-08T22:41:01,cont,SELL,18494.34,18707.0,18324.21,212.66,28.0,2022-11-09T01:00:54,18324.21,tp,3.4026,0.8,2022-11
2022-11-09T02:32:01,flip,SELL,18278.8,18483.53,18115.02,204.73,0.0,2022-11-09T03:00:40,18115.02,tp,3.2757,0.8,2022-11
2022-11-09T03:12:01,cont,SELL,18102.9,18192.44,18031.27,89.54,40.0,2022-11-09T03:14:21,18031.27,tp,1.4326,0.8,2022-11
2022-11-09T03:50:01,flip,BUY,18289.91,18099.95,18441.88,189.96,0.0,2022-11-09T05:43:07,18441.88,tp,3.0394,0.8,2022-11
2022-11-09T07:17:01,flip,SELL,18273.78,18348.55,18213.96,74.77,0.0,2022-11-09T07:30:25,18349.92,sl,-1.5228,-1.0183,2022-11
2022-11-09T07:37:01,cont,SELL,18248.07,18350.89,18165.81,102.82,20.0,2022-11-09T08:09:48,18165.81,tp,1.6451,0.8,2022-11
2022-11-09T08:24:01,cont,SELL,18075.46,18180.24,17991.64,104.78,67.0,2022-11-09T08:30:31,18181.81,sl,-2.127,-1.015,2022-11
2022-11-09T09:07:01,cont,SELL,18030.39,18190.7,17902.14,160.31,110.0,2022-11-09T09:12:28,17902.14,tp,2.565,0.8,2022-11
2022-11-09T11:21:01,flip,BUY,17834.73,17541.97,18068.94,292.76,0.0,2022-11-09T12:56:39,17540.83,sl,-5.878,-1.0039,2022-11
2022-11-09T13:09:01,cont,SELL,17432.03,17664.85,17245.77,232.82,13.0,2022-11-09T14:45:00,17666.37,sl,-4.6868,-1.0065,2022-11
2022-11-09T15:05:01,flip,BUY,17765.22,17581.19,17912.44,184.03,0.0,2022-11-09T15:32:55,17579.09,sl,-3.7226,-1.0114,2022-11
2022-11-09T15:44:01,flip,SELL,16984.76,17340.87,16699.87,356.11,0.0,2022-11-09T18:30:17,16699.87,tp,5.6978,0.8,2022-11
2022-11-09T22:26:01,flip,BUY,16055.2,15928.49,16156.57,126.71,0.0,2022-11-09T22:31:43,15928.03,sl,-2.5434,-1.0036,2022-11
2022-11-09T22:59:01,flip,SELL,15855.13,16022.33,15721.37,167.2,0.0,2022-11-09T23:04:26,15721.37,tp,2.6752,0.8,2022-11
2022-11-10T01:02:01,flip,BUY,16319.65,15912.29,16645.54,407.36,0.0,2022-11-10T05:02:57,16645.54,tp,6.5178,0.8,2022-11
2022-11-10T05:57:01,flip,BUY,16771.88,16543.17,16954.85,228.71,0.0,2022-11-10T08:19:52,16542.68,sl,-4.584,-1.0021,2022-11
2022-11-10T08:24:01,flip,SELL,16496.12,16566.28,16439.99,70.16,0.0,2022-11-10T08:36:02,16567.66,sl,-1.4308,-1.0197,2022-11
2022-11-10T08:51:01,flip,BUY,16806.06,16675.5,16910.51,130.56,0.0,2022-11-10T09:03:08,16675.35,sl,-2.6142,-1.0011,2022-11
2022-11-10T10:11:01,flip,SELL,16554.24,16712.72,16427.46,158.48,0.0,2022-11-10T10:34:01,16427.46,tp,2.5357,0.8,2022-11
2022-11-10T10:59:01,cont,SELL,16280.1,16484.91,16116.25,204.81,48.0,2022-11-10T12:04:45,16486.23,sl,-4.1226,-1.0064,2022-11
2022-11-10T12:15:01,flip,BUY,16473.48,16248.44,16653.51,225.04,0.0,2022-11-10T12:16:01,16653.51,tp,3.6006,0.8,2022-11
2022-11-10T13:31:01,cont,BUY,17154.23,16373.1,17779.13,781.13,76.0,2022-11-10T15:03:16,17779.13,tp,12.4981,0.8,2022-11
2022-11-10T17:06:01,flip,SELL,17724.25,17777.4,17681.73,53.15,0.0,2022-11-10T17:21:18,17779.37,sl,-1.1024,-1.0371,2022-11
2022-11-10T17:28:01,cont,SELL,17684.85,17769.59,17617.06,84.74,22.0,2022-11-10T17:33:10,17617.06,tp,1.3558,0.8,2022-11
2022-11-10T17:47:01,cont,SELL,17166.0,17323.91,17039.67,157.91,41.0,2022-11-10T18:03:27,17325.38,sl,-3.1876,-1.0093,2022-11
2022-11-10T19:54:01,flip,BUY,17456.22,17196.88,17663.69,259.34,0.0,2022-11-10T20:53:58,17663.69,tp,4.1494,0.8,2022-11
2022-11-10T20:54:01,cont,BUY,17787.4,17468.31,18042.67,319.09,60.0,2022-11-10T20:55:22,18042.67,tp,5.1054,0.8,2022-11
2022-11-11T00:20:01,flip,SELL,17417.91,17609.75,17264.44,191.84,0.0,2022-11-11T01:08:44,17609.93,sl,-3.8404,-1.0009,2022-11
2022-11-11T01:34:01,cont,SELL,17352.45,17639.54,17122.78,287.09,74.0,2022-11-11T02:13:30,17122.78,tp,4.5934,0.8,2022-11
2022-11-11T05:08:01,flip,BUY,17137.4,16966.03,17274.5,171.37,0.0,2022-11-11T05:47:11,17274.5,tp,2.7419,0.8,2022-11
2022-11-11T14:15:01,flip,SELL,17049.91,17216.94,16916.29,167.03,0.0,2022-11-11T14:17:48,16916.29,tp,2.6725,0.8,2022-11
2022-11-14T07:28:01,flip,BUY,16666.39,16382.31,16893.65,284.08,0.0,2022-11-14T08:04:38,16893.65,tp,4.5453,0.8,2022-11
2022-11-14T08:05:01,cont,BUY,16911.02,16763.67,17028.9,147.35,37.0,2022-11-14T08:36:45,16760.13,sl,-3.0178,-1.024,2022-11
2022-11-14T09:03:01,flip,SELL,16711.02,16803.8,16636.8,92.78,0.0,2022-11-14T10:38:06,16805.36,sl,-1.8868,-1.0168,2022-11
2022-11-14T13:14:01,flip,BUY,17036.41,16659.6,17337.86,376.81,0.0,2022-11-14T13:50:42,16659.51,sl,-7.538,-1.0002,2022-11
2022-11-14T14:38:01,flip,SELL,16486.88,16858.88,16189.28,372.0,0.0,2022-11-14T19:56:21,16189.28,tp,5.952,0.8,2022-11
2022-11-15T01:49:01,flip,BUY,16774.56,16525.32,16973.95,249.24,0.0,2022-11-15T13:30:07,16973.95,tp,3.9878,0.8,2022-11
2022-11-15T19:57:01,flip,BUY,16840.1,16734.44,16924.63,105.66,0.0,2022-11-15T20:34:20,16733.74,sl,-2.1272,-1.0066,2022-11
2022-11-15T21:37:02,flip,BUY,16862.4,16768.81,16937.27,93.59,0.0,2022-11-16T00:56:31,16767.65,sl,-1.895,-1.0124,2022-11
2022-11-16T00:57:01,flip,SELL,16749.07,16821.88,16690.82,72.81,0.0,2022-11-16T01:38:14,16821.98,sl,-1.4582,-1.0014,2022-11
2022-11-16T02:19:01,flip,BUY,16872.58,16805.55,16926.2,67.03,0.0,2022-11-16T02:32:30,16926.2,tp,1.0725,0.8,2022-11
2022-11-16T06:37:01,flip,SELL,16791.76,16827.53,16763.14,35.77,0.0,2022-11-16T06:39:01,16827.59,sl,-0.7166,-1.0017,2022-11
2022-11-16T08:01:01,cont,SELL,16767.98,16889.1,16671.08,121.12,84.0,2022-11-16T09:31:54,16671.08,tp,1.9379,0.8,2022-11
2022-11-16T18:11:01,flip,BUY,16612.1,16525.8,16681.14,86.3,0.0,2022-11-16T18:37:24,16525.8,sl,-1.726,-1.0,2022-11
2022-11-16T19:06:01,flip,SELL,16486.06,16540.14,16442.8,54.08,0.0,2022-11-16T19:38:53,16541.14,sl,-1.1016,-1.0185,2022-11
2022-11-16T20:31:01,flip,BUY,16557.54,16507.95,16597.21,49.59,0.0,2022-11-16T22:22:05,16507.41,sl,-1.0026,-1.0109,2022-11
2022-11-21T20:19:01,flip,BUY,15828.28,15760.8,15882.26,67.48,0.0,2022-11-21T20:26:47,15760.61,sl,-1.3534,-1.0028,2022-11
2022-11-22T17:34:01,flip,SELL,16128.41,16159.9,16103.22,31.49,0.0,2022-11-22T17:57:57,16103.22,tp,0.5038,0.8,2022-11
2022-11-22T17:58:01,cont,SELL,16092.55,16139.29,16055.16,46.74,24.0,2022-11-22T18:10:21,16139.81,sl,-0.9452,-1.0111,2022-11
2022-11-22T19:23:01,flip,BUY,16186.63,16093.09,16261.46,93.54,0.0,2022-11-22T21:06:39,16090.22,sl,-1.9282,-1.0307,2022-11
2022-11-23T04:44:01,flip,SELL,16503.68,16525.67,16486.09,21.99,0.0,2022-11-23T04:52:47,16526.5,sl,-0.4564,-1.0377,2022-11
2022-11-23T05:05:01,cont,SELL,16498.45,16526.59,16475.94,28.14,21.0,2022-11-23T05:08:06,16526.75,sl,-0.566,-1.0057,2022-11
2022-11-23T05:25:01,cont,SELL,16497.1,16522.91,16476.45,25.81,41.0,2022-11-23T05:41:44,16524.07,sl,-0.5394,-1.0449,2022-11
2022-11-23T05:57:01,cont,SELL,16484.45,16542.85,16437.73,58.4,73.0,2022-11-23T07:33:37,16543.76,sl,-1.1862,-1.0156,2022-11
2022-11-23T15:03:01,flip,BUY,16504.22,16451.41,16546.47,52.81,0.0,2022-11-23T15:41:56,16448.82,sl,-1.108,-1.049,2022-11
2022-11-23T15:42:01,cont,SELL,16451.62,16470.09,16436.84,18.47,15.0,2022-11-23T15:46:48,16436.84,tp,0.2955,0.8,2022-11
2022-11-23T15:47:01,cont,SELL,16423.89,16459.38,16395.5,35.49,20.0,2022-11-23T16:06:39,16459.55,sl,-0.7132,-1.0048,2022-11
2022-11-23T16:26:01,cont,SELL,16407.64,16461.04,16364.92,53.4,59.0,2022-11-23T16:59:39,16364.92,tp,0.8544,0.8,2022-11
2022-11-23T18:25:01,flip,BUY,16450.63,16422.85,16472.85,27.78,0.0,2022-11-23T18:28:22,16472.85,tp,0.4445,0.8,2022-11
2022-11-23T19:00:01,cont,BUY,16526.59,16446.35,16590.78,80.24,35.0,2022-11-23T19:03:17,16590.78,tp,1.2838,0.8,2022-11
2022-11-24T02:44:01,flip,SELL,16701.35,16722.55,16684.39,21.2,0.0,2022-11-24T02:52:21,16722.85,sl,-0.43,-1.0142,2022-11
2022-11-24T04:28:01,cont,SELL,16683.59,16775.44,16610.11,91.85,104.0,2022-11-24T08:05:44,16610.11,tp,1.4696,0.8,2022-11
2022-11-24T08:24:01,flip,SELL,16572.94,16600.2,16551.13,27.26,0.0,2022-11-24T08:27:54,16551.13,tp,0.4362,0.8,2022-11
2022-11-24T09:28:01,flip,BUY,16612.17,16564.26,16650.5,47.91,0.0,2022-11-24T10:32:53,16563.95,sl,-0.9644,-1.0065,2022-11
2022-11-24T10:38:01,flip,SELL,16552.85,16564.51,16543.52,11.66,0.0,2022-11-24T10:39:18,16564.57,sl,-0.2344,-1.0051,2022-11
2022-11-24T11:49:01,flip,BUY,16574.6,16541.61,16600.99,32.99,0.0,2022-11-24T12:14:58,16541.4,sl,-0.664,-1.0064,2022-11
2022-11-24T12:43:01,flip,SELL,16535.84,16582.84,16498.24,47.0,0.0,2022-11-24T13:42:49,16582.84,sl,-0.94,-1.0,2022-11
2022-11-24T14:18:01,cont,SELL,16479.92,16598.48,16385.07,118.56,95.0,2022-11-24T16:08:28,16598.67,sl,-2.375,-1.0016,2022-11
2022-11-25T07:36:02,flip,BUY,16466.29,16407.17,16513.59,59.12,0.0,2022-11-25T10:37:17,16513.59,tp,0.9459,0.8,2022-11
2022-11-25T11:15:01,flip,BUY,16536.53,16475.09,16585.68,61.44,0.0,2022-11-25T12:34:13,16585.68,tp,0.983,0.8,2022-11
2022-11-26T06:56:01,flip,SELL,16558.12,16588.94,16533.46,30.82,0.0,2022-11-26T07:47:49,16589.52,sl,-0.628,-1.0188,2022-11
2022-11-26T09:13:01,flip,BUY,16615.12,16582.39,16641.3,32.73,0.0,2022-11-26T11:11:39,16580.96,sl,-0.6832,-1.0437,2022-11
2022-11-26T18:54:01,flip,SELL,16474.81,16541.45,16421.5,66.64,0.0,2022-11-26T21:18:57,16541.59,sl,-1.3356,-1.0021,2022-11
2022-11-27T04:43:01,flip,BUY,16606.36,16572.12,16633.75,34.24,0.0,2022-11-27T04:51:07,16571.84,sl,-0.6904,-1.0082,2022-11
2022-11-27T05:37:01,flip,SELL,16567.13,16584.3,16553.39,17.17,0.0,2022-11-27T05:47:21,16584.5,sl,-0.3474,-1.0116,2022-11
2022-11-27T05:56:01,cont,SELL,16548.36,16580.77,16522.43,32.41,19.0,2022-11-27T06:10:31,16582.01,sl,-0.673,-1.0383,2022-11
2022-11-27T06:21:01,flip,BUY,16601.26,16580.65,16617.75,20.61,0.0,2022-11-27T06:25:57,16579.98,sl,-0.4256,-1.0325,2022-11
2022-11-27T08:26:01,flip,SELL,16552.47,16587.74,16524.25,35.27,0.0,2022-11-27T10:43:26,16590.32,sl,-0.757,-1.0731,2022-11
2022-11-27T11:42:01,flip,SELL,16545.35,16569.32,16526.17,23.97,0.0,2022-11-27T11:59:56,16569.71,sl,-0.4872,-1.0163,2022-11
2022-11-27T15:37:01,flip,BUY,16584.89,16560.92,16604.07,23.97,0.0,2022-11-27T16:52:33,16560.65,sl,-0.4848,-1.0113,2022-11
2022-11-27T17:06:01,flip,SELL,16543.68,16558.76,16531.62,15.08,0.0,2022-11-27T17:11:52,16560.34,sl,-0.3332,-1.1048,2022-11
2022-11-27T17:23:01,cont,SELL,16541.72,16557.56,16529.05,15.84,17.0,2022-11-27T18:01:37,16557.78,sl,-0.3212,-1.0139,2022-11
2022-11-27T18:57:01,flip,BUY,16577.48,16563.58,16588.6,13.9,0.0,2022-11-27T19:39:17,16562.39,sl,-0.3018,-1.0856,2022-11
2022-11-27T20:36:01,cont,BUY,16586.41,16549.78,16615.71,36.63,99.0,2022-11-27T23:02:57,16546.71,sl,-0.794,-1.0838,2022-11
2022-11-28T03:43:01,flip,BUY,16192.89,16106.41,16262.07,86.48,0.0,2022-11-28T08:30:51,16262.07,tp,1.3837,0.8,2022-11
2022-11-28T08:31:01,cont,BUY,16261.91,16197.83,16313.17,64.08,35.0,2022-11-28T09:33:45,16197.1,sl,-1.2962,-1.0114,2022-11
2022-11-28T10:57:01,flip,SELL,16190.88,16228.1,16161.1,37.22,0.0,2022-11-28T11:09:07,16228.41,sl,-0.7506,-1.0083,2022-11
2022-11-28T12:43:01,cont,SELL,16181.73,16235.8,16138.47,54.07,106.0,2022-11-28T14:32:16,16237.16,sl,-1.1086,-1.0252,2022-11
2022-11-28T14:33:01,cont,BUY,16251.71,16181.04,16308.25,70.67,56.0,2022-11-28T15:08:49,16180.48,sl,-1.4246,-1.0079,2022-11
2022-11-28T16:03:01,flip,SELL,16127.75,16175.85,16089.27,48.1,0.0,2022-11-28T16:14:58,16089.27,tp,0.7696,0.8,2022-11
2022-11-28T16:56:01,flip,BUY,16255.74,16185.96,16311.56,69.78,0.0,2022-11-28T16:56:23,16311.56,tp,1.1165,0.8,2022-11
2022-11-29T00:15:01,flip,SELL,16153.04,16267.91,16061.14,114.87,0.0,2022-11-29T01:46:23,16269.34,sl,-2.326,-1.0124,2022-11
2022-11-29T04:25:01,flip,BUY,16384.24,16311.3,16442.59,72.94,0.0,2022-11-29T04:34:41,16442.59,tp,1.167,0.8,2022-11
2022-11-29T04:50:01,cont,BUY,16486.89,16452.14,16514.69,34.75,25.0,2022-11-29T05:04:38,16514.69,tp,0.556,0.8,2022-11
2022-11-29T05:05:01,cont,BUY,16524.3,16453.61,16580.85,70.69,40.0,2022-11-29T08:07:43,16452.5,sl,-1.436,-1.0157,2022-11
2022-11-29T13:39:01,flip,SELL,16428.14,16537.39,16340.74,109.25,0.0,2022-11-29T23:00:21,16537.95,sl,-2.1962,-1.0051,2022-11
2022-11-30T00:40:01,cont,BUY,16594.96,16437.84,16720.66,157.12,100.0,2022-11-30T00:40:52,16720.66,tp,2.5139,0.8,2022-11
2022-11-30T03:48:01,flip,SELL,16893.17,16905.88,16883.0,12.71,0.0,2022-11-30T03:52:21,16883.0,tp,0.2034,0.8,2022-11
2022-11-30T04:50:01,cont,SELL,16834.6,16889.29,16790.85,54.69,62.0,2022-11-30T05:14:09,16890.81,sl,-1.1242,-1.0278,2022-11
2022-11-30T05:34:01,flip,BUY,16916.33,16889.77,16937.58,26.56,0.0,2022-11-30T05:41:06,16889.65,sl,-0.5336,-1.0045,2022-11
2022-11-30T06:01:01,flip,SELL,16866.37,16888.79,16848.43,22.42,0.0,2022-11-30T06:07:33,16848.43,tp,0.3587,0.8,2022-11
2022-11-30T06:08:01,cont,SELL,16841.59,16867.69,16820.71,26.1,7.0,2022-11-30T06:13:41,16867.73,sl,-0.5228,-1.0015,2022-11
2022-11-30T06:45:02,flip,BUY,16878.77,16854.27,16898.37,24.5,0.0,2022-11-30T07:12:39,16898.37,tp,0.392,0.8,2022-11
2022-11-30T08:15:01,cont,BUY,16917.99,16884.71,16944.61,33.28,90.0,2022-11-30T08:20:38,16884.51,sl,-0.6696,-1.006,2022-11
2022-11-30T09:26:01,flip,SELL,16875.13,16907.98,16848.85,32.85,0.0,2022-11-30T12:38:57,16848.85,tp,0.5256,0.8,2022-11
2022-11-30T16:17:01,flip,BUY,16904.66,16787.9,16998.07,116.76,0.0,2022-11-30T17:23:47,16786.41,sl,-2.365,-1.0128,2022-11
2022-12-01T15:14:01,flip,SELL,17012.63,17133.57,16915.88,120.94,0.0,2022-12-01T15:31:20,16915.88,tp,1.935,0.8,2022-12
2022-12-02T13:02:01,flip,BUY,17053.88,16866.71,17203.62,187.17,0.0,2022-12-02T13:30:42,16864.51,sl,-3.7874,-1.0118,2022-12
2022-12-03T00:19:01,flip,SELL,17050.04,17077.37,17028.18,27.33,0.0,2022-12-03T00:22:23,17078.32,sl,-0.5656,-1.0348,2022-12
2022-12-03T01:06:01,cont,SELL,17042.92,17081.03,17012.43,38.11,47.0,2022-12-03T06:05:34,17012.43,tp,0.6098,0.8,2022-12
2022-12-04T05:07:01,flip,BUY,17061.03,16952.7,17147.69,108.33,0.0,2022-12-04T11:30:52,16948.04,sl,-2.2598,-1.043,2022-12
2022-12-04T16:43:01,flip,SELL,17026.36,17042.28,17013.62,15.92,0.0,2022-12-04T16:47:13,17042.99,sl,-0.3326,-1.0446,2022-12
2022-12-04T17:08:01,cont,SELL,17006.26,17026.67,16989.93,20.41,25.0,2022-12-04T17:46:39,17026.72,sl,-0.4092,-1.0024,2022-12
2022-12-04T23:35:01,flip,BUY,17179.44,17047.44,17285.04,132.0,0.0,2022-12-05T01:52:14,17285.04,tp,2.112,0.8,2022-12
2022-12-05T15:01:01,flip,SELL,17139.96,17239.94,17059.98,99.98,0.0,2022-12-05T15:15:05,17059.98,tp,1.5997,0.8,2022-12
2022-12-08T20:05:01,flip,BUY,17307.47,17204.13,17390.14,103.34,0.0,2022-12-08T20:49:32,17201.52,sl,-2.119,-1.0253,2022-12
2022-12-09T13:31:01,flip,SELL,17103.01,17347.7,16907.26,244.69,0.0,2022-12-12T02:54:34,16907.26,tp,3.915,0.8,2022-12
2022-12-12T10:28:01,flip,BUY,16997.0,16964.69,17022.85,32.31,0.0,2022-12-12T12:22:41,16962.98,sl,-0.6804,-1.0529,2022-12
2022-12-12T12:31:01,flip,SELL,16954.95,16994.21,16923.54,39.26,0.0,2022-12-12T12:50:01,16994.44,sl,-0.7898,-1.0059,2022-12
2022-12-12T13:50:01,flip,BUY,17012.22,16988.44,17031.24,23.78,0.0,2022-12-12T13:54:54,16988.09,sl,-0.4826,-1.0147,2022-12
2022-12-12T14:11:01,cont,BUY,17015.92,16979.12,17045.36,36.8,21.0,2022-12-12T14:19:37,17045.36,tp,0.5888,0.8,2022-12
2022-12-13T01:22:01,flip,SELL,17152.75,17176.94,17133.4,24.19,0.0,2022-12-13T01:27:15,17177.59,sl,-0.4968,-1.0269,2022-12
2022-12-13T01:56:01,cont,SELL,17146.59,17175.85,17123.18,29.26,34.0,2022-12-13T03:20:28,17176.02,sl,-0.5886,-1.0058,2022-12
2022-12-13T03:35:01,flip,BUY,17177.62,17150.9,17199.0,26.72,0.0,2022-12-13T04:01:06,17150.82,sl,-0.536,-1.003,2022-12
2022-12-13T04:12:02,cont,BUY,17184.64,17144.0,17217.15,40.64,37.0,2022-12-13T06:35:04,17217.15,tp,0.6502,0.8,2022-12
2022-12-13T07:04:01,flip,SELL,17148.91,17177.98,17125.65,29.07,0.0,2022-12-13T07:15:14,17125.65,tp,0.4651,0.8,2022-12
2022-12-13T08:28:01,flip,BUY,17197.69,17160.29,17227.61,37.4,0.0,2022-12-13T09:58:30,17227.61,tp,0.5984,0.8,2022-12
2022-12-13T09:59:01,cont,BUY,17333.91,17187.37,17451.14,146.54,91.0,2022-12-13T09:59:27,17451.14,tp,2.3446,0.8,2022-12
2022-12-14T20:34:01,flip,SELL,17721.26,17939.67,17546.53,218.41,0.0,2022-12-15T13:20:52,17546.53,tp,3.4946,0.8,2022-12
2022-12-15T17:17:01,flip,BUY,17424.83,17381.15,17459.77,43.68,0.0,2022-12-15T18:46:23,17381.06,sl,-0.8754,-1.0021,2022-12
2022-12-15T21:10:01,flip,SELL,17413.8,17438.75,17393.84,24.95,0.0,2022-12-15T21:44:43,17393.84,tp,0.3992,0.8,2022-12
2022-12-15T22:21:01,cont,SELL,17335.01,17406.86,17277.53,71.85,71.0,2022-12-16T00:34:04,17409.7,sl,-1.4938,-1.0395,2022-12
2022-12-16T00:58:01,flip,BUY,17430.07,17384.73,17466.34,45.34,0.0,2022-12-16T01:31:25,17383.41,sl,-0.9332,-1.0291,2022-12
2022-12-16T09:41:01,flip,SELL,16988.07,17115.5,16886.13,127.43,0.0,2022-12-16T16:09:00,16886.13,tp,2.0389,0.8,2022-12
2022-12-16T16:09:01,cont,SELL,16858.09,16976.24,16763.57,118.15,39.0,2022-12-16T16:54:29,16763.57,tp,1.8904,0.8,2022-12
2022-12-16T16:55:01,cont,SELL,16800.3,16854.94,16756.59,54.64,85.0,2022-12-16T19:49:50,16854.96,sl,-1.0932,-1.0004,2022-12
2022-12-16T20:17:01,flip,BUY,16894.4,16853.32,16927.26,41.08,0.0,2022-12-16T20:26:16,16927.26,tp,0.6573,0.8,2022-12
2022-12-16T21:34:01,flip,SELL,16820.47,16858.44,16790.09,37.97,0.0,2022-12-16T21:46:57,16861.36,sl,-0.8178,-1.0769,2022-12
2022-12-16T22:38:01,cont,SELL,16754.15,16859.34,16670.0,105.19,64.0,2022-12-16T23:02:17,16670.0,tp,1.683,0.8,2022-12
2022-12-16T23:14:01,cont,SELL,16596.63,16652.53,16551.91,55.9,100.0,2022-12-16T23:16:37,16653.41,sl,-1.1356,-1.0157,2022-12
2022-12-16T23:34:01,cont,SELL,16555.26,16629.12,16496.17,73.86,120.0,2022-12-16T23:44:55,16631.5,sl,-1.5248,-1.0322,2022-12
2022-12-16T23:58:01,flip,BUY,16645.15,16597.81,16683.02,47.34,0.0,2022-12-17T00:11:05,16683.02,tp,0.7574,0.8,2022-12
2022-12-17T00:23:01,cont,BUY,16714.28,16667.23,16751.92,47.05,25.0,2022-12-17T01:30:50,16666.93,sl,-0.947,-1.0064,2022-12
2022-12-17T01:49:01,cont,SELL,16655.81,16699.3,16621.02,43.49,21.0,2022-12-17T01:55:36,16699.98,sl,-0.8834,-1.0156,2022-12
2022-12-17T02:04:01,cont,SELL,16659.79,16690.73,16635.04,30.94,36.0,2022-12-17T02:17:13,16635.04,tp,0.495,0.8,2022-12
2022-12-17T04:29:01,flip,BUY,16711.16,16661.55,16750.85,49.61,0.0,2022-12-17T06:36:03,16750.85,tp,0.7938,0.8,2022-12
2022-12-17T23:51:01,flip,BUY,16804.26,16738.04,16857.24,66.22,0.0,2022-12-18T00:24:29,16737.9,sl,-1.3272,-1.0021,2022-12
2022-12-18T01:22:01,flip,SELL,16728.15,16752.05,16709.03,23.9,0.0,2022-12-18T03:58:18,16752.62,sl,-0.4894,-1.0238,2022-12
2022-12-18T04:23:01,flip,BUY,16794.14,16757.8,16823.21,36.34,0.0,2022-12-18T05:04:24,16757.1,sl,-0.7408,-1.0193,2022-12
2022-12-18T05:58:01,flip,SELL,16742.56,16761.75,16727.21,19.19,0.0,2022-12-18T07:28:38,16763.05,sl,-0.4098,-1.0677,2022-12
2022-12-18T07:35:01,flip,BUY,16766.13,16740.05,16786.99,26.08,0.0,2022-12-18T07:47:32,16739.82,sl,-0.5262,-1.0088,2022-12
2022-12-18T08:07:01,cont,BUY,16774.19,16739.35,16802.06,34.84,32.0,2022-12-18T09:15:09,16738.74,sl,-0.709,-1.0175,2022-12
2022-12-18T09:26:01,flip,SELL,16731.96,16746.73,16720.14,14.77,0.0,2022-12-18T09:27:40,16720.14,tp,0.2363,0.8,2022-12
2022-12-18T22:37:01,flip,BUY,16829.24,16719.45,16917.07,109.79,0.0,2022-12-19T03:00:02,16719.35,sl,-2.1978,-1.0009,2022-12
2022-12-19T16:24:01,flip,SELL,16641.35,16777.06,16532.78,135.71,0.0,2022-12-19T17:40:14,16532.78,tp,2.1714,0.8,2022-12
2022-12-20T04:41:01,flip,BUY,16853.43,16677.77,16993.96,175.66,0.0,2022-12-20T15:21:51,16993.96,tp,2.8106,0.8,2022-12
2022-12-20T16:29:02,flip,SELL,16811.94,16849.49,16781.9,37.55,0.0,2022-12-20T16:51:29,16849.95,sl,-0.7602,-1.0123,2022-12
2022-12-20T19:23:01,flip,BUY,16885.06,16856.73,16907.72,28.33,0.0,2022-12-20T19:34:12,16907.72,tp,0.4533,0.8,2022-12
2022-12-20T20:30:01,cont,BUY,16934.6,16871.49,16985.09,63.11,67.0,2022-12-20T20:54:22,16871.12,sl,-1.2696,-1.0059,2022-12
2022-12-20T21:14:02,flip,SELL,16848.26,16888.79,16815.84,40.53,0.0,2022-12-20T21:41:53,16890.22,sl,-0.8392,-1.0353,2022-12
2022-12-20T22:14:01,flip,BUY,16912.84,16863.87,16952.02,48.97,0.0,2022-12-20T22:27:12,16862.71,sl,-1.0026,-1.0237,2022-12
2022-12-20T23:17:01,cont,BUY,16919.7,16862.71,16965.29,56.99,63.0,2022-12-21T00:15:24,16860.29,sl,-1.1882,-1.0425,2022-12
2022-12-21T00:51:01,flip,SELL,16846.0,16910.25,16794.6,64.25,0.0,2022-12-21T05:01:13,16794.6,tp,1.028,0.8,2022-12
2022-12-21T05:37:01,flip,BUY,16840.07,16821.1,16855.25,18.97,0.0,2022-12-21T06:27:17,16855.25,tp,0.3035,0.8,2022-12
2022-12-21T06:37:01,cont,BUY,16865.21,16839.36,16885.89,25.85,60.0,2022-12-21T07:03:42,16838.06,sl,-0.543,-1.0503,2022-12
2022-12-21T07:34:01,flip,SELL,16836.21,16857.67,16819.04,21.46,0.0,2022-12-21T08:08:34,16819.04,tp,0.3434,0.8,2022-12
2022-12-21T08:53:01,flip,BUY,16867.3,16837.26,16891.33,30.04,0.0,2022-12-21T08:54:03,16891.33,tp,0.4806,0.8,2022-12
2022-12-21T14:56:01,flip,SELL,16805.86,16917.18,16716.8,111.32,0.0,2022-12-22T14:32:31,16716.8,tp,1.7811,0.8,2022-12
2022-12-22T19:01:01,flip,BUY,16626.85,16608.03,16641.91,18.82,0.0,2022-12-22T19:12:43,16641.91,tp,0.3011,0.8,2022-12
2022-12-22T19:33:01,cont,BUY,16660.29,16631.28,16683.5,29.01,32.0,2022-12-22T20:21:19,16683.5,tp,0.4642,0.8,2022-12
2022-12-28T03:15:01,flip,SELL,16592.38,16742.87,16471.99,150.49,0.0,2022-12-28T14:32:50,16745.88,sl,-3.07,-1.02,2022-12
2022-12-28T15:02:01,flip,BUY,16784.7,16722.14,16834.75,62.56,0.0,2022-12-28T15:25:16,16721.52,sl,-1.2636,-1.0099,2022-12
2022-12-28T15:53:01,flip,SELL,16591.14,16629.08,16560.79,37.94,0.0,2022-12-28T17:25:46,16630.55,sl,-0.7882,-1.0387,2022-12
2022-12-28T18:02:01,flip,BUY,16656.31,16624.29,16681.93,32.02,0.0,2022-12-28T18:31:57,16623.98,sl,-0.6466,-1.0097,2022-12
2022-12-28T19:23:01,flip,SELL,16612.53,16642.53,16588.53,30.0,0.0,2022-12-28T20:04:19,16588.53,tp,0.48,0.8,2022-12
2022-12-28T21:05:01,cont,SELL,16580.1,16609.54,16556.55,29.44,102.0,2022-12-28T21:25:30,16556.55,tp,0.471,0.8,2022-12
2022-12-29T09:52:01,flip,BUY,16610.95,16570.58,16643.25,40.37,0.0,2022-12-29T13:30:21,16643.25,tp,0.6459,0.8,2022-12
2022-12-29T20:37:01,flip,SELL,16563.67,16603.62,16531.71,39.95,0.0,2022-12-29T20:49:22,16604.21,sl,-0.8108,-1.0148,2022-12
2022-12-29T21:41:01,flip,BUY,16618.93,16589.82,16642.22,29.11,0.0,2022-12-29T23:12:01,16642.22,tp,0.4658,0.8,2022-12
2022-12-29T23:34:01,cont,BUY,16653.11,16620.59,16679.13,32.52,113.0,2022-12-30T00:17:06,16619.47,sl,-0.6728,-1.0344,2022-12
2022-12-30T02:16:01,cont,SELL,16601.29,16614.11,16591.03,12.82,47.0,2022-12-30T02:37:15,16614.5,sl,-0.2642,-1.0304,2022-12
2022-12-30T16:04:01,flip,BUY,16578.2,16541.47,16607.58,36.73,0.0,2022-12-30T16:12:20,16541.02,sl,-0.7436,-1.0123,2022-12
2022-12-30T17:54:01,flip,SELL,16516.81,16548.12,16491.76,31.31,0.0,2022-12-30T18:35:08,16549.07,sl,-0.6452,-1.0303,2022-12
2022-12-30T21:01:01,flip,BUY,16602.32,16523.04,16665.74,79.28,0.0,2022-12-31T05:58:07,16522.88,sl,-1.5888,-1.002,2022-12
2022-12-31T22:51:01,flip,SELL,16476.2,16544.19,16421.81,67.99,0.0,2022-12-31T23:35:50,16544.33,sl,-1.3626,-1.0021,2022-12
