entry_time_utc,kind,dir,entry,sl,tp,stop_dist,age_min,exit_time_utc,exit,why,pnl_002,R,month
2023-01-01T03:01:01,flip,SELL,16527.66,16540.81,16517.14,13.15,0.0,2023-01-01T03:18:27,16517.14,tp,0.2104,0.8,2023-01
2023-01-01T06:10:01,flip,BUY,16539.69,16518.05,16557.0,21.64,0.0,2023-01-01T07:05:33,16516.78,sl,-0.4582,-1.0587,2023-01
2023-01-01T07:06:01,cont,SELL,16517.42,16534.25,16503.96,16.83,12.0,2023-01-01T07:08:34,16535.55,sl,-0.3626,-1.0772,2023-01
2023-01-01T11:58:01,flip,BUY,16553.94,16527.76,16574.88,26.18,0.0,2023-01-01T13:37:10,16526.85,sl,-0.5418,-1.0348,2023-01
2023-01-01T14:15:01,flip,BUY,16553.84,16534.79,16569.08,19.05,0.0,2023-01-01T14:45:04,16534.77,sl,-0.3814,-1.001,2023-01
2023-01-01T16:02:01,flip,BUY,16561.96,16530.67,16586.99,31.29,0.0,2023-01-01T18:09:06,16586.99,tp,0.5006,0.8,2023-01
2023-01-02T01:07:01,flip,SELL,16548.02,16574.73,16526.65,26.71,0.0,2023-01-02T01:07:03,16575.76,sl,-0.5548,-1.0386,2023-01
2023-01-02T03:11:01,flip,BUY,16594.1,16572.43,16611.44,21.67,0.0,2023-01-02T03:25:00,16571.71,sl,-0.4478,-1.0332,2023-01
2023-01-02T03:36:01,cont,BUY,16601.96,16567.56,16629.48,34.4,25.0,2023-01-02T03:53:32,16629.48,tp,0.5504,0.8,2023-01
2023-01-03T15:19:01,flip,SELL,16633.84,16773.61,16522.02,139.77,0.0,2023-01-04T03:06:56,16774.25,sl,-2.8082,-1.0046,2023-01
2023-01-04T03:07:01,cont,BUY,16777.94,16715.32,16828.04,62.62,95.0,2023-01-04T03:14:25,16828.04,tp,1.0019,0.8,2023-01
2023-01-04T14:31:01,flip,SELL,16788.0,16806.83,16772.94,18.83,0.0,2023-01-04T14:31:14,16806.93,sl,-0.3786,-1.0053,2023-01
2023-01-04T15:12:01,cont,SELL,16764.21,16838.81,16704.53,74.6,41.0,2023-01-04T15:46:49,16839.02,sl,-1.4962,-1.0028,2023-01
2023-01-04T17:31:01,flip,BUY,16876.81,16835.06,16910.21,41.75,0.0,2023-01-04T17:33:08,16910.21,tp,0.668,0.8,2023-01
2023-01-04T18:35:01,cont,BUY,16940.96,16864.87,17001.83,76.09,64.0,2023-01-04T19:10:25,16862.37,sl,-1.5718,-1.0329,2023-01
2023-01-04T19:24:01,flip,SELL,16852.35,16893.38,16819.53,41.03,0.0,2023-01-04T19:29:01,16819.53,tp,0.6565,0.8,2023-01
2023-01-04T20:47:01,cont,SELL,16775.87,16839.63,16724.86,63.76,83.0,2023-01-04T22:38:35,16840.31,sl,-1.2888,-1.0107,2023-01
2023-01-04T22:39:01,cont,BUY,16838.14,16801.32,16867.6,36.82,42.0,2023-01-05T01:09:34,16799.42,sl,-0.7744,-1.0516,2023-01
2023-01-05T07:19:01,flip,SELL,16797.87,16842.23,16762.38,44.36,0.0,2023-01-05T14:00:09,16762.38,tp,0.7098,0.8,2023-01
2023-01-05T14:47:02,flip,SELL,16760.9,16805.61,16725.13,44.71,0.0,2023-01-05T14:57:07,16807.88,sl,-0.9396,-1.0508,2023-01
2023-01-05T15:44:01,flip,BUY,16864.93,16824.46,16897.31,40.47,0.0,2023-01-05T16:01:27,16824.2,sl,-0.8146,-1.0064,2023-01
2023-01-05T16:36:01,flip,SELL,16815.09,16831.41,16802.03,16.32,0.0,2023-01-05T16:36:26,16831.57,sl,-0.3296,-1.0098,2023-01
2023-01-05T17:39:01,cont,SELL,16806.63,16833.02,16785.52,26.39,63.0,2023-01-05T18:20:42,16834.23,sl,-0.552,-1.0459,2023-01
2023-01-05T18:35:01,flip,BUY,16843.84,16817.3,16865.07,26.54,0.0,2023-01-05T18:46:54,16817.02,sl,-0.5364,-1.0106,2023-01
2023-01-05T19:20:01,cont,BUY,16846.08,16816.3,16869.9,29.78,45.0,2023-01-05T19:31:43,16815.51,sl,-0.6114,-1.0265,2023-01
2023-01-05T19:49:01,cont,BUY,16848.97,16811.38,16879.04,37.59,74.0,2023-01-05T23:25:19,16809.09,sl,-0.7976,-1.0609,2023-01
2023-01-06T02:04:01,flip,SELL,16800.76,16855.49,16756.98,54.73,0.0,2023-01-06T09:21:55,16756.98,tp,0.8757,0.8,2023-01
2023-01-06T10:34:01,flip,BUY,16797.28,16768.11,16820.62,29.17,0.0,2023-01-06T10:53:00,16767.94,sl,-0.5868,-1.0058,2023-01
2023-01-06T13:03:01,flip,SELL,16698.05,16726.64,16675.18,28.59,0.0,2023-01-06T13:16:03,16728.0,sl,-0.599,-1.0476,2023-01
2023-01-06T13:30:01,cont,SELL,16660.95,16731.2,16604.75,70.25,27.0,2023-01-06T13:30:24,16731.33,sl,-1.4076,-1.0019,2023-01
2023-01-06T15:41:01,flip,BUY,16820.12,16709.97,16908.24,110.15,0.0,2023-01-06T19:39:50,16908.24,tp,1.7624,0.8,2023-01
2023-01-09T03:33:01,flip,BUY,17201.25,17169.17,17226.91,32.08,0.0,2023-01-09T04:28:26,17226.91,tp,0.5133,0.8,2023-01
2023-01-09T04:29:01,cont,BUY,17234.59,17193.01,17267.85,41.58,56.0,2023-01-09T06:13:56,17192.6,sl,-0.8398,-1.0099,2023-01
2023-01-09T06:14:01,flip,SELL,17187.36,17215.13,17165.14,27.77,0.0,2023-01-09T06:24:51,17215.24,sl,-0.5576,-1.004,2023-01
2023-01-09T06:46:01,cont,SELL,17191.16,17211.46,17174.92,20.3,32.0,2023-01-09T07:26:25,17212.17,sl,-0.4202,-1.035,2023-01
2023-01-09T08:43:01,flip,BUY,17217.96,17183.86,17245.24,34.1,0.0,2023-01-09T08:59:58,17183.54,sl,-0.6884,-1.0094,2023-01
2023-01-09T09:31:01,cont,BUY,17244.55,17183.54,17293.36,61.01,48.0,2023-01-09T15:06:56,17293.36,tp,0.9762,0.8,2023-01
2023-01-09T15:07:01,cont,BUY,17295.93,17184.57,17385.02,111.36,113.0,2023-01-09T18:17:05,17385.02,tp,1.7818,0.8,2023-01
2023-01-09T18:53:01,flip,SELL,17324.14,17350.62,17302.96,26.48,0.0,2023-01-09T18:55:55,17351.18,sl,-0.5408,-1.0211,2023-01
2023-01-09T19:06:01,cont,SELL,17302.98,17344.58,17269.7,41.6,13.0,2023-01-09T19:16:39,17345.63,sl,-0.853,-1.0252,2023-01
2023-01-09T19:59:02,cont,SELL,17296.17,17339.35,17261.63,43.18,66.0,2023-01-09T20:08:38,17261.63,tp,0.6909,0.8,2023-01
2023-01-09T20:31:01,cont,SELL,17225.84,17254.93,17202.57,29.09,98.0,2023-01-09T20:49:24,17202.57,tp,0.4654,0.8,2023-01
2023-01-09T20:50:01,cont,SELL,17193.26,17225.53,17167.44,32.27,117.0,2023-01-09T21:15:48,17225.53,sl,-0.6454,-1.0,2023-01
2023-01-09T22:24:01,flip,BUY,17199.48,17178.88,17215.96,20.6,0.0,2023-01-09T22:56:26,17177.99,sl,-0.4298,-1.0432,2023-01
2023-01-10T12:03:01,cont,SELL,17235.72,17249.79,17224.46,14.07,8.0,2023-01-10T12:04:24,17249.91,sl,-0.2838,-1.0085,2023-01
2023-01-10T12:51:01,cont,SELL,17206.64,17234.13,17184.65,27.49,56.0,2023-01-10T13:07:10,17234.87,sl,-0.5646,-1.0269,2023-01
2023-01-10T13:38:01,cont,SELL,17206.12,17234.46,17183.45,28.34,103.0,2023-01-10T13:46:03,17234.69,sl,-0.5714,-1.0081,2023-01
2023-01-10T14:38:01,flip,BUY,17305.7,17233.09,17363.79,72.61,0.0,2023-01-10T14:47:27,17231.38,sl,-1.4864,-1.0236,2023-01
2023-01-10T15:11:01,cont,BUY,17320.44,17211.81,17407.34,108.63,33.0,2023-01-10T18:31:55,17407.34,tp,1.7381,0.8,2023-01
2023-01-11T15:35:01,flip,SELL,17370.43,17466.84,17293.3,96.41,0.0,2023-01-11T18:09:44,17466.94,sl,-1.9302,-1.001,2023-01
2023-01-12T05:28:01,flip,SELL,18160.91,18224.14,18110.33,63.23,0.0,2023-01-12T05:49:11,18110.33,tp,1.0117,0.8,2023-01
2023-01-12T12:15:01,flip,BUY,18213.03,18174.45,18243.89,38.58,0.0,2023-01-12T12:23:50,18173.5,sl,-0.7906,-1.0246,2023-01
2023-01-12T12:31:01,cont,BUY,18217.69,18170.49,18255.45,47.2,16.0,2023-01-12T12:33:29,18255.45,tp,0.7552,0.8,2023-01
2023-01-12T13:09:01,cont,BUY,18277.04,18159.79,18370.84,117.25,54.0,2023-01-12T13:29:58,18157.56,sl,-2.3896,-1.019,2023-01
2023-01-12T14:04:01,cont,BUY,18341.64,17994.51,18619.34,347.13,109.0,2023-01-12T14:43:12,17993.97,sl,-6.9534,-1.0016,2023-01
2023-01-13T00:41:01,flip,SELL,18750.65,18912.4,18621.25,161.75,0.0,2023-01-13T09:48:13,18913.46,sl,-3.2562,-1.0066,2023-01
2023-01-13T10:12:01,flip,BUY,18945.11,18905.23,18977.01,39.88,0.0,2023-01-13T10:19:08,18977.01,tp,0.6381,0.8,2023-01
2023-01-13T10:50:01,cont,BUY,19019.09,18861.2,19145.4,157.89,38.0,2023-01-13T12:31:17,18858.28,sl,-3.2162,-1.0185,2023-01
2023-01-13T12:43:01,flip,SELL,18855.16,18886.53,18830.06,31.37,0.0,2023-01-13T12:47:39,18886.72,sl,-0.6312,-1.0061,2023-01
2023-01-13T12:51:01,cont,SELL,18849.21,18873.89,18829.47,24.68,8.0,2023-01-13T12:53:28,18829.47,tp,0.3949,0.8,2023-01
2023-01-13T13:08:01,cont,SELL,18816.1,18861.75,18779.58,45.65,25.0,2023-01-13T13:17:07,18863.61,sl,-0.9502,-1.0407,2023-01
2023-01-13T13:40:01,flip,BUY,18885.34,18852.54,18911.58,32.8,0.0,2023-01-13T13:56:47,18850.13,sl,-0.7042,-1.0735,2023-01
2023-01-13T14:12:01,cont,BUY,18914.34,18826.88,18984.31,87.46,32.0,2023-01-13T14:48:38,18984.31,tp,1.3994,0.8,2023-01
2023-01-13T15:08:01,cont,BUY,19096.29,18985.83,19184.66,110.46,88.0,2023-01-13T15:20:13,19184.66,tp,1.7674,0.8,2023-01
2023-01-13T15:25:01,cont,BUY,19195.77,19078.05,19289.95,117.72,105.0,2023-01-13T16:16:06,19078.01,sl,-2.3552,-1.0003,2023-01
2023-01-13T20:38:01,flip,BUY,19390.44,19209.06,19535.54,181.38,0.0,2023-01-13T21:37:10,19535.54,tp,2.9021,0.8,2023-01
2023-01-13T22:12:01,cont,BUY,19877.92,19779.76,19956.45,98.16,94.0,2023-01-13T22:39:29,19956.45,tp,1.5706,0.8,2023-01
2023-01-13T23:21:02,flip,SELL,19756.03,19861.44,19671.7,105.41,0.0,2023-01-13T23:51:14,19862.11,sl,-2.1216,-1.0064,2023-01
2023-01-14T00:05:01,flip,BUY,19935.84,19864.72,19992.74,71.12,0.0,2023-01-14T00:06:46,19992.74,tp,1.1379,0.8,2023-01
2023-01-18T16:13:01,flip,SELL,20836.02,21024.09,20685.56,188.07,0.0,2023-01-18T16:21:43,20685.56,tp,3.0091,0.8,2023-01
2023-01-18T16:45:01,cont,SELL,20468.75,20639.93,20331.81,171.18,32.0,2023-01-18T16:58:38,20640.37,sl,-3.4324,-1.0026,2023-01
2023-01-18T17:10:01,flip,BUY,20974.53,20882.98,21047.77,91.55,0.0,2023-01-18T17:13:08,21047.77,tp,1.4648,0.8,2023-01
2023-01-18T20:26:01,flip,SELL,20833.33,21034.29,20672.56,200.96,0.0,2023-01-18T20:38:30,20672.56,tp,3.2154,0.8,2023-01
2023-01-18T22:19:01,cont,SELL,20657.37,20823.86,20524.18,166.49,113.0,2023-01-19T04:25:28,20824.15,sl,-3.3356,-1.0017,2023-01
2023-01-19T15:07:01,flip,BUY,20870.4,20657.06,21041.07,213.34,0.0,2023-01-19T19:21:07,21041.07,tp,3.4134,0.8,2023-01
2023-01-19T21:11:01,flip,SELL,21031.67,21103.13,20974.5,71.46,0.0,2023-01-19T21:49:26,20974.5,tp,1.1434,0.8,2023-01
2023-01-19T21:50:01,cont,SELL,20955.79,20984.32,20932.97,28.53,39.0,2023-01-19T21:59:41,20932.97,tp,0.4565,0.8,2023-01
2023-01-19T22:15:01,flip,BUY,21011.21,20973.45,21041.42,37.76,0.0,2023-01-19T22:15:46,20973.13,sl,-0.7616,-1.0085,2023-01
2023-01-19T22:20:01,cont,BUY,21012.66,20972.28,21044.96,40.38,5.0,2023-01-19T22:26:42,20971.85,sl,-0.8162,-1.0106,2023-01
2023-01-19T22:33:01,cont,BUY,21025.45,20959.51,21078.2,65.94,18.0,2023-01-19T23:34:37,21078.2,tp,1.055,0.8,2023-01
2023-01-19T23:35:01,cont,BUY,21090.57,21005.86,21158.34,84.71,80.0,2023-01-20T01:05:11,21005.36,sl,-1.7042,-1.0059,2023-01
2023-01-20T02:20:01,flip,BUY,21165.27,21076.67,21236.15,88.6,0.0,2023-01-20T02:54:20,21074.84,sl,-1.8086,-1.0207,2023-01
2023-01-20T04:42:01,flip,SELL,21042.67,21112.36,20986.92,69.69,0.0,2023-01-20T04:53:08,20986.92,tp,1.115,0.8,2023-01
2023-01-20T05:41:01,cont,SELL,20947.59,21020.43,20889.32,72.84,59.0,2023-01-20T07:15:55,20889.32,tp,1.1654,0.8,2023-01
2023-01-20T13:07:01,flip,BUY,21124.41,21053.68,21180.99,70.73,0.0,2023-01-20T13:27:47,21053.21,sl,-1.424,-1.0066,2023-01
2023-01-20T13:56:01,flip,SELL,21028.57,21093.02,20977.01,64.45,0.0,2023-01-20T14:06:26,21094.92,sl,-1.327,-1.0295,2023-01
2023-01-20T14:33:01,cont,SELL,21003.09,21082.87,20939.27,79.78,37.0,2023-01-20T14:40:55,21083.87,sl,-1.6156,-1.0125,2023-01
2023-01-20T15:04:01,flip,BUY,21175.33,21072.59,21257.52,102.74,0.0,2023-01-20T16:31:49,21257.52,tp,1.6438,0.8,2023-01
2023-01-20T16:52:01,cont,BUY,21382.02,21324.59,21427.96,57.43,23.0,2023-01-20T16:58:06,21323.15,sl,-1.1774,-1.0251,2023-01
2023-01-20T17:38:01,flip,SELL,21281.48,21390.35,21194.38,108.87,0.0,2023-01-20T17:54:19,21390.91,sl,-2.1886,-1.0051,2023-01
2023-01-20T18:17:01,flip,BUY,21428.18,21312.01,21521.12,116.17,0.0,2023-01-20T18:22:00,21311.46,sl,-2.3344,-1.0047,2023-01
2023-01-20T19:53:01,cont,BUY,21453.44,21289.18,21584.85,164.26,96.0,2023-01-20T20:02:04,21584.85,tp,2.6282,0.8,2023-01
2023-01-22T20:06:01,flip,SELL,22548.67,22941.04,22234.77,392.37,0.0,2023-01-23T10:53:15,22943.26,sl,-7.8918,-1.0057,2023-01
2023-01-23T11:29:01,flip,SELL,22830.64,22878.76,22792.14,48.12,0.0,2023-01-23T11:34:51,22879.15,sl,-0.9702,-1.0081,2023-01
2023-01-23T12:01:01,flip,BUY,22905.16,22836.71,22959.92,68.45,0.0,2023-01-23T12:09:10,22833.08,sl,-1.4416,-1.053,2023-01
2023-01-23T12:47:01,cont,BUY,22916.38,22819.52,22993.87,96.86,46.0,2023-01-23T13:47:36,22817.63,sl,-1.975,-1.0195,2023-01
2023-01-25T01:25:01,flip,SELL,22464.36,22703.39,22273.14,239.03,0.0,2023-01-25T05:30:59,22707.22,sl,-4.8572,-1.016,2023-01
2023-01-25T07:46:01,flip,BUY,22738.79,22691.24,22776.83,47.55,0.0,2023-01-25T08:12:46,22691.2,sl,-0.9518,-1.0008,2023-01
2023-01-25T08:57:01,flip,SELL,22654.89,22701.48,22617.62,46.59,0.0,2023-01-25T09:18:56,22617.62,tp,0.7454,0.8,2023-01
2023-01-25T09:19:01,cont,SELL,22605.27,22643.29,22574.85,38.02,22.0,2023-01-25T09:26:54,22646.75,sl,-0.8296,-1.091,2023-01
2023-01-25T09:41:01,flip,BUY,22689.32,22654.04,22717.54,35.28,0.0,2023-01-25T09:47:24,22651.99,sl,-0.7466,-1.0581,2023-01
2023-01-25T13:48:01,flip,SELL,22608.31,22643.29,22580.33,34.98,0.0,2023-01-25T14:04:54,22580.33,tp,0.5597,0.8,2023-01
2023-01-25T14:05:01,cont,SELL,22564.07,22610.89,22526.61,46.82,17.0,2023-01-25T14:09:10,22610.97,sl,-0.938,-1.0017,2023-01
2023-01-25T14:31:01,cont,SELL,22514.83,22606.69,22441.34,91.86,43.0,2023-01-25T14:59:48,22441.34,tp,1.4698,0.8,2023-01
2023-01-25T16:14:01,flip,BUY,22605.26,22524.29,22670.04,80.97,0.0,2023-01-25T16:21:50,22670.04,tp,1.2955,0.8,2023-01
2023-01-25T17:23:01,flip,SELL,22564.23,22653.91,22492.49,89.68,0.0,2023-01-25T18:10:22,22655.81,sl,-1.8316,-1.0212,2023-01
2023-01-25T19:53:01,flip,BUY,22755.73,22658.68,22833.37,97.05,0.0,2023-01-25T20:01:38,22833.37,tp,1.5528,0.8,2023-01
2023-01-25T21:00:01,cont,BUY,22941.12,22796.99,23056.42,144.13,67.0,2023-01-25T21:32:52,23056.42,tp,2.3061,0.8,2023-01
2023-01-25T21:33:01,cont,BUY,23081.36,22867.93,23252.1,213.43,100.0,2023-01-25T21:36:25,23252.1,tp,3.4149,0.8,2023-01
2023-01-27T01:37:01,flip,SELL,22689.59,23254.39,22237.75,564.8,0.0,2023-01-27T19:54:23,23257.21,sl,-11.3524,-1.005,2023-01
2023-01-29T10:21:01,flip,BUY,23497.57,22875.93,23994.88,621.64,0.0,2023-01-30T19:10:05,22873.01,sl,-12.4912,-1.0047,2023-01
2023-01-30T23:53:01,flip,BUY,22812.75,22758.61,22856.06,54.14,0.0,2023-01-31T00:13:23,22758.05,sl,-1.094,-1.0103,2023-01
2023-01-31T00:32:01,flip,SELL,22738.92,22803.79,22687.02,64.87,0.0,2023-01-31T00:50:03,22805.36,sl,-1.3288,-1.0242,2023-01
2023-01-31T02:11:01,flip,BUY,22870.71,22754.31,22963.83,116.4,0.0,2023-01-31T05:58:24,22753.57,sl,-2.3428,-1.0064,2023-01
2023-01-31T07:09:02,flip,BUY,22867.39,22797.68,22923.16,69.71,0.0,2023-01-31T07:46:20,22923.16,tp,1.1154,0.8,2023-01
2023-01-31T11:35:01,flip,SELL,22801.8,22846.47,22766.06,44.67,0.0,2023-01-31T11:36:53,22846.81,sl,-0.9002,-1.0076,2023-01
2023-01-31T12:03:01,flip,BUY,22886.64,22845.7,22919.39,40.94,0.0,2023-01-31T12:09:23,22844.79,sl,-0.837,-1.0222,2023-01
2023-01-31T12:33:01,cont,BUY,22901.31,22839.46,22950.79,61.85,30.0,2023-01-31T13:30:13,22950.79,tp,0.9896,0.8,2023-01
2023-01-31T13:31:01,cont,BUY,22994.84,22882.19,23084.96,112.65,88.0,2023-01-31T13:54:20,23084.96,tp,1.8024,0.8,2023-01
2023-01-31T21:18:01,flip,SELL,22889.89,23130.85,22697.12,240.96,0.0,2023-01-31T22:49:15,23132.9,sl,-4.8602,-1.0085,2023-01
2023-02-01T20:29:01,flip,BUY,23517.66,23319.44,23676.24,198.22,0.0,2023-02-01T21:06:26,23676.24,tp,3.1715,0.8,2023-02
2023-02-01T21:07:01,cont,BUY,23672.64,23474.05,23831.51,198.59,38.0,2023-02-02T00:38:09,23831.51,tp,3.1774,0.8,2023-02
2023-02-02T21:57:01,flip,SELL,23554.04,24134.11,23089.98,580.07,0.0,2023-02-05T12:57:00,23089.98,tp,9.2811,0.8,2023-02
2023-02-07T17:47:01,flip,BUY,23166.34,22674.1,23560.13,492.24,0.0,2023-02-09T03:05:08,22669.19,sl,-9.943,-1.01,2023-02
2023-02-09T08:24:01,flip,BUY,22752.72,22654.16,22831.57,98.56,0.0,2023-02-09T12:32:31,22652.4,sl,-2.0064,-1.0179,2023-02
2023-02-09T17:37:01,flip,SELL,22471.27,22600.26,22368.08,128.99,0.0,2023-02-09T18:22:11,22601.38,sl,-2.6022,-1.0087,2023-02
2023-02-09T19:11:01,cont,SELL,22449.46,22599.32,22329.57,149.86,94.0,2023-02-09T19:24:22,22329.57,tp,2.3978,0.8,2023-02
2023-02-11T23:31:01,flip,BUY,21888.29,21804.39,21955.41,83.9,0.0,2023-02-12T00:55:30,21803.18,sl,-1.7022,-1.0144,2023-02
2023-02-12T01:20:01,flip,SELL,21788.69,21843.7,21744.68,55.01,0.0,2023-02-12T08:44:27,21845.83,sl,-1.1428,-1.0387,2023-02
2023-02-12T09:23:01,cont,BUY,21854.15,21793.3,21902.83,60.85,39.0,2023-02-12T09:53:34,21902.83,tp,0.9736,0.8,2023-02
2023-02-12T13:01:01,flip,SELL,21807.36,21824.38,21793.74,17.02,0.0,2023-02-12T13:01:26,21824.53,sl,-0.3434,-1.0088,2023-02
2023-02-12T13:25:01,cont,SELL,21797.05,21826.97,21773.11,29.92,24.0,2023-02-12T13:43:01,21773.11,tp,0.4787,0.8,2023-02
2023-02-12T14:33:01,flip,BUY,21864.39,21809.42,21908.37,54.97,0.0,2023-02-12T14:39:09,21908.37,tp,0.8795,0.8,2023-02
2023-02-12T21:50:01,flip,SELL,21778.67,21823.23,21743.02,44.56,0.0,2023-02-12T21:50:23,21743.02,tp,0.713,0.8,2023-02
2023-02-12T22:06:01,cont,SELL,21693.48,21756.3,21643.22,62.82,16.0,2023-02-12T22:26:29,21758.42,sl,-1.2988,-1.0337,2023-02
2023-02-12T22:43:01,flip,BUY,21821.21,21774.49,21858.59,46.72,0.0,2023-02-12T23:00:32,21774.47,sl,-0.9348,-1.0004,2023-02
2023-02-13T00:20:01,flip,SELL,21735.33,21798.82,21684.54,63.49,0.0,2023-02-13T00:46:33,21802.08,sl,-1.335,-1.0513,2023-02
2023-02-13T01:33:01,cont,SELL,21678.84,21867.36,21528.02,188.52,73.0,2023-02-13T04:23:10,21868.07,sl,-3.7846,-1.0038,2023-02
2023-02-13T06:46:01,flip,SELL,21818.49,21849.19,21793.93,30.7,0.0,2023-02-13T07:19:31,21852.31,sl,-0.6764,-1.1016,2023-02
2023-02-13T07:20:01,flip,BUY,21858.48,21820.61,21888.78,37.87,0.0,2023-02-13T08:04:45,21819.01,sl,-0.7894,-1.0422,2023-02
2023-02-13T08:19:01,flip,SELL,21799.41,21850.65,21758.42,51.24,0.0,2023-02-13T08:41:54,21758.42,tp,0.8198,0.8,2023-02
2023-02-13T12:51:01,flip,BUY,21714.35,21661.38,21756.73,52.97,0.0,2023-02-13T13:06:13,21661.29,sl,-1.0612,-1.0017,2023-02
2023-02-13T13:12:01,flip,SELL,21644.37,21664.62,21628.17,20.25,0.0,2023-02-13T13:22:06,21665.19,sl,-0.4164,-1.0281,2023-02
2023-02-13T13:24:01,cont,SELL,21625.06,21648.73,21606.12,23.67,12.0,2023-02-13T13:24:23,21649.25,sl,-0.4838,-1.022,2023-02
2023-02-13T13:28:01,cont,SELL,21624.71,21641.85,21611.0,17.14,16.0,2023-02-13T13:28:27,21643.12,sl,-0.3682,-1.0741,2023-02
2023-02-13T13:54:01,cont,SELL,21600.39,21639.12,21569.41,38.73,42.0,2023-02-13T14:32:11,21642.21,sl,-0.8364,-1.0798,2023-02
2023-02-13T14:59:01,flip,BUY,21695.58,21635.2,21743.88,60.38,0.0,2023-02-13T15:06:21,21635.19,sl,-1.2078,-1.0002,2023-02
2023-02-13T15:49:01,flip,SELL,21605.3,21678.29,21546.91,72.99,0.0,2023-02-13T16:28:05,21546.91,tp,1.1678,0.8,2023-02
2023-02-13T16:37:02,flip,SELL,21475.85,21527.17,21434.79,51.32,0.0,2023-02-13T16:38:15,21434.79,tp,0.8211,0.8,2023-02
2023-02-13T17:44:01,cont,SELL,21430.22,21571.61,21317.11,141.39,67.0,2023-02-13T18:12:01,21574.93,sl,-2.8942,-1.0235,2023-02
2023-02-13T18:26:01,flip,BUY,21574.91,21540.86,21602.15,34.05,0.0,2023-02-13T18:32:01,21602.15,tp,0.5448,0.8,2023-02
2023-02-13T18:52:02,cont,BUY,21666.86,21581.83,21734.88,85.03,26.0,2023-02-13T19:37:42,21581.51,sl,-1.707,-1.0038,2023-02
2023-02-14T13:31:01,flip,SELL,21659.71,21853.0,21505.08,193.29,0.0,2023-02-14T14:50:00,21855.08,sl,-3.9074,-1.0108,2023-02
2023-02-15T11:40:01,flip,BUY,22388.87,21924.43,22760.42,464.44,0.0,2023-02-15T12:23:17,22760.42,tp,7.431,0.8,2023-02
2023-02-16T22:40:01,flip,SELL,24002.23,24154.33,23880.55,152.1,0.0,2023-02-16T23:23:02,23880.55,tp,2.4336,0.8,2023-02
2023-02-16T23:25:01,cont,SELL,23879.37,24053.64,23739.95,174.27,45.0,2023-02-16T23:42:03,23739.95,tp,2.7883,0.8,2023-02
2023-02-17T14:34:01,flip,BUY,23978.61,23855.68,24076.95,122.93,0.0,2023-02-17T14:35:01,24076.95,tp,1.9669,0.8,2023-02
2023-02-17T15:42:01,cont,BUY,24238.56,23768.86,24614.32,469.7,68.0,2023-02-17T20:05:36,24614.32,tp,7.5152,0.8,2023-02
2023-02-19T17:58:01,flip,SELL,24339.82,24661.25,24082.68,321.43,0.0,2023-02-20T01:09:04,24082.68,tp,5.1429,0.8,2023-02
2023-02-20T04:13:01,flip,BUY,24474.5,24375.39,24553.79,99.11,0.0,2023-02-20T09:19:15,24374.31,sl,-2.0038,-1.0109,2023-02
2023-02-20T12:49:01,flip,SELL,24739.44,24923.61,24592.1,184.17,0.0,2023-02-20T14:21:24,24924.09,sl,-3.693,-1.0026,2023-02
2023-02-20T14:42:01,flip,BUY,25046.55,24763.31,25273.14,283.24,0.0,2023-02-20T16:19:51,24762.0,sl,-5.691,-1.0046,2023-02
2023-02-20T16:39:01,flip,SELL,24709.75,24819.6,24621.87,109.85,0.0,2023-02-20T16:46:45,24823.03,sl,-2.2656,-1.0312,2023-02
2023-02-21T02:32:01,flip,BUY,24943.88,24781.91,25073.46,161.97,0.0,2023-02-21T08:18:39,25073.46,tp,2.5915,0.8,2023-02
2023-02-21T09:11:01,flip,SELL,24599.43,24723.41,24500.25,123.98,0.0,2023-02-21T09:26:53,24723.6,sl,-2.4834,-1.0015,2023-02
2023-02-21T09:40:01,flip,BUY,24812.34,24747.01,24864.6,65.33,0.0,2023-02-21T09:47:42,24746.68,sl,-1.3132,-1.0051,2023-02
2023-02-21T10:13:01,flip,SELL,24723.77,24790.8,24670.15,67.03,0.0,2023-02-21T10:48:47,24670.15,tp,1.0725,0.8,2023-02
2023-02-21T11:12:01,cont,SELL,24644.48,24697.12,24602.37,52.64,59.0,2023-02-21T11:17:04,24698.56,sl,-1.0816,-1.0274,2023-02
2023-02-21T11:32:01,flip,BUY,24738.71,24698.96,24770.51,39.75,0.0,2023-02-21T11:32:59,24697.22,sl,-0.8298,-1.0438,2023-02
2023-02-21T11:57:01,flip,SELL,24567.4,24641.89,24507.81,74.49,0.0,2023-02-21T12:07:10,24507.81,tp,1.1918,0.8,2023-02
2023-02-21T13:13:01,flip,BUY,24647.63,24558.12,24719.24,89.51,0.0,2023-02-21T13:53:40,24557.85,sl,-1.7956,-1.003,2023-02
2023-02-21T14:35:01,cont,BUY,24727.35,24506.71,24903.86,220.64,82.0,2023-02-21T15:15:41,24505.54,sl,-4.4362,-1.0053,2023-02
2023-02-21T16:14:01,cont,SELL,24375.18,24596.01,24198.52,220.83,61.0,2023-02-21T17:56:23,24596.74,sl,-4.4312,-1.0033,2023-02
2023-02-22T03:05:01,flip,BUY,24233.65,24121.52,24323.35,112.13,0.0,2023-02-22T04:33:54,24121.35,sl,-2.246,-1.0015,2023-02
2023-02-22T05:25:02,flip,SELL,24031.27,24161.46,23927.12,130.19,0.0,2023-02-22T08:36:58,23927.12,tp,2.083,0.8,2023-02
2023-02-22T09:44:01,cont,BUY,24117.48,23867.5,24317.46,249.98,113.0,2023-02-22T15:04:57,23863.7,sl,-5.0756,-1.0152,2023-02
2023-02-22T18:28:01,flip,BUY,23825.57,23752.57,23883.97,73.0,0.0,2023-02-22T18:51:05,23751.15,sl,-1.4884,-1.0195,2023-02
2023-02-22T19:02:01,flip,SELL,23650.73,23765.49,23558.92,114.76,0.0,2023-02-22T19:03:30,23767.56,sl,-2.3366,-1.018,2023-02
2023-02-22T22:28:01,flip,BUY,23974.37,23717.15,24180.15,257.22,0.0,2023-02-22T23:10:53,24180.15,tp,4.1155,0.8,2023-02
2023-02-23T00:18:01,cont,BUY,24208.19,24096.56,24297.49,111.63,110.0,2023-02-23T02:32:49,24297.49,tp,1.7861,0.8,2023-02
2023-02-23T11:49:01,flip,SELL,23637.72,23809.6,23500.22,171.88,0.0,2023-02-23T12:19:53,23811.92,sl,-3.484,-1.0135,2023-02
2023-02-23T12:49:01,flip,BUY,23870.3,23773.58,23947.68,96.72,0.0,2023-02-23T12:52:35,23947.68,tp,1.5475,0.8,2023-02
2023-02-23T13:13:01,cont,BUY,24044.94,23900.45,24160.53,144.49,24.0,2023-02-23T13:19:09,24160.53,tp,2.3118,0.8,2023-02
2023-02-23T13:20:01,cont,BUY,24201.48,24055.79,24318.03,145.69,31.0,2023-02-23T13:30:43,24055.77,sl,-2.9142,-1.0001,2023-02
2023-02-23T15:08:01,flip,SELL,23865.48,24147.01,23640.26,281.53,0.0,2023-02-24T15:17:01,23640.26,tp,4.5045,0.8,2023-02
2023-02-24T15:29:01,flip,SELL,23548.01,23668.36,23451.73,120.35,0.0,2023-02-24T15:39:46,23451.73,tp,1.9256,0.8,2023-02
2023-02-24T15:56:01,cont,SELL,23335.62,23445.51,23247.71,109.89,27.0,2023-02-24T16:01:43,23247.71,tp,1.7582,0.8,2023-02
2023-02-24T20:26:01,flip,BUY,23324.21,23168.62,23448.68,155.59,0.0,2023-02-24T20:50:20,23168.54,sl,-3.1134,-1.0005,2023-02
2023-02-24T21:26:01,flip,SELL,23155.03,23247.81,23080.81,92.78,0.0,2023-02-24T21:51:00,23080.81,tp,1.4845,0.8,2023-02
2023-02-24T22:02:01,cont,SELL,23041.29,23103.91,22991.19,62.62,36.0,2023-02-24T22:08:49,23108.13,sl,-1.3368,-1.0674,2023-02
2023-02-24T22:36:01,cont,SELL,23030.78,23146.65,22938.08,115.87,70.0,2023-02-24T23:12:46,23149.45,sl,-2.3734,-1.0242,2023-02
2023-02-24T23:21:01,flip,BUY,23164.57,23130.42,23191.89,34.15,0.0,2023-02-24T23:33:59,23191.89,tp,0.5464,0.8,2023-02
2023-02-24T23:34:01,cont,BUY,23206.61,23154.68,23248.15,51.93,13.0,2023-02-24T23:41:38,23153.92,sl,-1.0538,-1.0146,2023-02
2023-02-24T23:56:01,cont,BUY,23212.87,23137.37,23273.27,75.5,35.0,2023-02-25T00:37:07,23137.06,sl,-1.5162,-1.0041,2023-02
2023-02-25T00:50:01,flip,SELL,23106.21,23141.32,23078.12,35.11,0.0,2023-02-25T00:50:34,23142.37,sl,-0.7232,-1.0299,2023-02
2023-02-25T01:13:01,flip,BUY,23182.25,23126.29,23227.02,55.96,0.0,2023-02-25T02:26:00,23122.61,sl,-1.1928,-1.0658,2023-02
2023-02-25T02:48:01,cont,SELL,23057.66,23090.43,23031.44,32.77,26.0,2023-02-25T02:51:02,23091.23,sl,-0.6714,-1.0244,2023-02
2023-02-25T03:19:01,flip,BUY,23127.26,23035.57,23200.61,91.69,0.0,2023-02-25T05:25:08,23034.98,sl,-1.8456,-1.0064,2023-02
2023-02-25T05:37:01,cont,SELL,23010.09,23061.83,22968.7,51.74,16.0,2023-02-25T06:05:52,23062.17,sl,-1.0416,-1.0066,2023-02
2023-02-25T06:24:01,flip,BUY,23095.68,23046.74,23134.83,48.94,0.0,2023-02-25T08:14:54,23134.83,tp,0.783,0.8,2023-02
2023-02-25T09:50:01,flip,SELL,23007.57,23052.26,22971.82,44.69,0.0,2023-02-25T09:53:30,23052.29,sl,-0.8944,-1.0007,2023-02
2023-02-25T10:23:01,cont,SELL,23007.46,23049.17,22974.09,41.71,33.0,2023-02-25T10:33:17,22974.09,tp,0.6674,0.8,2023-02
2023-02-25T10:45:01,cont,SELL,22929.05,22987.96,22881.92,58.91,55.0,2023-02-25T10:48:01,22988.49,sl,-1.1888,-1.009,2023-02
2023-02-25T11:00:01,cont,SELL,22912.86,22971.11,22866.26,58.25,70.0,2023-02-25T11:08:39,22972.18,sl,-1.1864,-1.0184,2023-02
2023-02-25T11:30:01,flip,BUY,23001.81,22921.76,23065.85,80.05,0.0,2023-02-25T12:23:42,22921.3,sl,-1.6102,-1.0057,2023-02
2023-02-25T12:47:01,flip,SELL,22871.64,22905.45,22844.59,33.81,0.0,2023-02-25T12:49:32,22908.87,sl,-0.7446,-1.1012,2023-02
2023-02-25T13:35:01,flip,BUY,23054.76,22978.12,23116.07,76.64,0.0,2023-02-25T13:59:26,22977.92,sl,-1.5368,-1.0026,2023-02
2023-02-25T14:46:01,flip,SELL,22970.09,23029.32,22922.71,59.23,0.0,2023-02-25T15:02:10,23030.6,sl,-1.2102,-1.0216,2023-02
2023-02-25T15:41:01,cont,SELL,22965.14,23016.54,22924.02,51.4,55.0,2023-02-25T16:06:15,23018.21,sl,-1.0614,-1.0325,2023-02
2023-02-25T16:41:02,flip,BUY,23076.07,23001.75,23135.53,74.32,0.0,2023-02-25T16:49:56,23000.6,sl,-1.5094,-1.0155,2023-02
2023-02-25T18:33:01,flip,SELL,22980.33,23036.34,22935.52,56.01,0.0,2023-02-25T19:29:19,22935.52,tp,0.8962,0.8,2023-02
2023-02-25T20:30:01,cont,SELL,22898.03,22981.37,22831.36,83.34,117.0,2023-02-25T20:45:30,22831.36,tp,1.3334,0.8,2023-02
2023-02-25T21:02:01,flip,BUY,22943.37,22866.18,23005.12,77.19,0.0,2023-02-25T21:17:12,22865.36,sl,-1.5602,-1.0106,2023-02
2023-02-25T22:10:01,cont,BUY,22963.27,22838.2,23063.33,125.07,68.0,2023-02-25T22:33:14,23063.33,tp,2.0011,0.8,2023-02
2023-02-25T22:54:01,cont,BUY,23171.79,23046.37,23272.13,125.42,112.0,2023-02-26T09:49:07,23272.13,tp,2.0067,0.8,2023-02
2023-02-26T12:40:04,flip,SELL,23182.0,23253.29,23124.97,71.29,0.0,2023-02-26T14:07:57,23255.19,sl,-1.4638,-1.0267,2023-02
2023-02-26T14:11:01,flip,BUY,23262.45,23232.08,23286.75,30.37,0.0,2023-02-26T14:12:03,23229.29,sl,-0.6632,-1.0919,2023-02
2023-02-26T14:30:01,flip,SELL,23219.08,23266.47,23181.17,47.39,0.0,2023-02-26T14:36:16,23181.17,tp,0.7582,0.8,2023-02
2023-02-26T15:19:02,cont,SELL,23171.76,23271.38,23092.06,99.62,49.0,2023-02-26T16:15:13,23271.66,sl,-1.998,-1.0028,2023-02
2023-02-26T18:37:01,flip,BUY,23281.44,23213.24,23336.0,68.2,0.0,2023-02-26T18:41:43,23336.0,tp,1.0912,0.8,2023-02
2023-02-26T18:53:01,cont,BUY,23517.77,23413.24,23601.39,104.53,16.0,2023-02-26T19:07:33,23412.74,sl,-2.1006,-1.0048,2023-02
2023-02-26T19:49:01,cont,BUY,23541.13,23353.72,23691.06,187.41,72.0,2023-02-26T22:28:27,23352.18,sl,-3.779,-1.0082,2023-02
2023-02-27T16:12:01,flip,SELL,23470.54,23615.77,23354.36,145.23,0.0,2023-02-27T16:13:03,23354.36,tp,2.3237,0.8,2023-02
2023-02-28T14:47:01,flip,BUY,23570.85,23194.62,23871.83,376.23,0.0,2023-02-28T20:03:13,23189.87,sl,-7.6196,-1.0126,2023-02
2023-02-28T21:11:01,cont,SELL,23167.4,23343.48,23026.54,176.08,68.0,2023-03-01T02:59:06,23344.52,sl,-3.5424,-1.0059,2023-02
2023-03-01T03:07:01,cont,BUY,23360.88,23307.62,23403.49,53.26,74.0,2023-03-01T03:10:50,23307.48,sl,-1.068,-1.0026,2023-03
2023-03-01T03:14:01,cont,BUY,23392.92,23306.71,23461.89,86.21,81.0,2023-03-01T03:15:26,23461.89,tp,1.3794,0.8,2023-03
2023-03-01T14:38:01,flip,SELL,23580.21,23705.96,23479.61,125.75,0.0,2023-03-01T14:42:05,23707.11,sl,-2.538,-1.0091,2023-03
2023-03-01T16:13:01,cont,SELL,23555.54,23867.35,23306.09,311.81,95.0,2023-03-02T13:14:51,23306.09,tp,4.989,0.8,2023-03
2023-03-02T18:58:01,flip,BUY,23435.18,23375.31,23483.08,59.87,0.0,2023-03-02T19:01:15,23483.08,tp,0.9579,0.8,2023-03
2023-03-02T20:42:01,cont,BUY,23536.63,23394.26,23650.53,142.37,104.0,2023-03-03T01:18:10,23392.33,sl,-2.886,-1.0136,2023-03
2023-03-07T15:08:01,flip,SELL,22047.72,22626.8,21584.46,579.08,0.0,2023-03-09T10:47:07,21584.46,tp,9.2653,0.8,2023-03
2023-03-09T13:52:01,flip,BUY,21695.99,21619.19,21757.43,76.8,0.0,2023-03-09T14:15:08,21757.43,tp,1.2288,0.8,2023-03
2023-03-09T14:53:01,flip,SELL,21705.16,21773.97,21650.11,68.81,0.0,2023-03-09T15:03:32,21774.16,sl,-1.38,-1.0028,2023-03
2023-03-09T15:19:01,cont,SELL,21666.86,21784.24,21572.96,117.38,26.0,2023-03-09T16:09:16,21572.96,tp,1.8781,0.8,2023-03
2023-03-09T16:39:01,cont,SELL,21582.3,21658.09,21521.67,75.79,106.0,2023-03-09T16:44:54,21521.67,tp,1.2126,0.8,2023-03
2023-03-10T02:10:01,flip,BUY,20120.34,20024.77,20196.8,95.57,0.0,2023-03-10T02:29:58,20022.34,sl,-1.96,-1.0254,2023-03
2023-03-10T02:52:01,flip,SELL,20023.44,20071.49,19985.0,48.05,0.0,2023-03-10T03:20:16,20077.03,sl,-1.0718,-1.1153,2023-03
2023-03-10T04:06:01,cont,SELL,19966.67,20113.57,19849.15,146.9,74.0,2023-03-10T04:56:19,19849.15,tp,2.3504,0.8,2023-03
2023-03-10T05:31:01,flip,BUY,19980.3,19934.16,20017.21,46.14,0.0,2023-03-10T05:32:58,20017.21,tp,0.7382,0.8,2023-03
2023-03-10T06:37:01,flip,SELL,19904.41,19965.84,19855.27,61.43,0.0,2023-03-10T06:37:52,19967.72,sl,-1.2662,-1.0306,2023-03
2023-03-10T06:53:01,cont,SELL,19874.78,19960.14,19806.49,85.36,16.0,2023-03-10T07:06:59,19806.49,tp,1.3658,0.8,2023-03
2023-03-10T07:07:01,cont,SELL,19788.52,19887.65,19709.22,99.13,30.0,2023-03-10T07:07:34,19888.25,sl,-1.9946,-1.0061,2023-03
2023-03-10T07:21:01,flip,BUY,19905.12,19798.44,19990.46,106.68,0.0,2023-03-10T07:36:57,19990.46,tp,1.7069,0.8,2023-03
2023-03-10T08:45:01,flip,SELL,19873.56,19930.67,19827.87,57.11,0.0,2023-03-10T08:49:43,19932.29,sl,-1.1746,-1.0284,2023-03
2023-03-10T08:55:01,flip,BUY,19952.01,19925.23,19973.43,26.78,0.0,2023-03-10T09:03:55,19921.52,sl,-0.6098,-1.1385,2023-03
2023-03-10T09:14:01,flip,SELL,19894.34,19940.02,19857.8,45.68,0.0,2023-03-10T09:43:09,19857.8,tp,0.7309,0.8,2023-03
2023-03-10T09:48:01,cont,SELL,19826.21,19863.79,19796.15,37.58,34.0,2023-03-10T09:49:05,19866.84,sl,-0.8126,-1.0812,2023-03
2023-03-10T10:28:01,cont,SELL,19808.17,19909.25,19727.31,101.08,74.0,2023-03-10T10:40:35,19727.31,tp,1.6173,0.8,2023-03
2023-03-10T10:48:01,cont,SELL,19628.49,19713.72,19560.31,85.23,94.0,2023-03-10T11:50:01,19716.08,sl,-1.7518,-1.0277,2023-03
2023-03-10T12:26:01,flip,BUY,19881.13,19773.65,19967.11,107.48,0.0,2023-03-10T12:56:37,19967.11,tp,1.7197,0.8,2023-03
2023-03-10T13:31:01,cont,BUY,20165.44,19883.09,20391.32,282.35,65.0,2023-03-10T14:15:15,19879.05,sl,-5.7278,-1.0143,2023-03
2023-03-10T14:42:01,flip,SELL,19838.62,20035.99,19680.72,197.37,0.0,2023-03-10T14:47:55,19680.72,tp,3.1579,0.8,2023-03
2023-03-10T23:49:01,flip,BUY,20299.77,19802.53,20697.56,497.24,0.0,2023-03-11T01:41:37,20697.56,tp,7.9558,0.8,2023-03
2023-03-11T02:28:01,flip,SELL,20567.89,20639.33,20510.74,71.44,0.0,2023-03-11T02:38:36,20643.54,sl,-1.513,-1.0589,2023-03
2023-03-11T02:53:01,flip,BUY,20712.2,20647.0,20764.36,65.2,0.0,2023-03-11T02:55:16,20645.1,sl,-1.342,-1.0291,2023-03
2023-03-11T03:23:01,flip,SELL,20429.12,20479.91,20388.49,50.79,0.0,2023-03-11T03:27:25,20481.01,sl,-1.0378,-1.0217,2023-03
2023-03-11T04:11:01,cont,SELL,20416.52,20579.87,20285.84,163.35,48.0,2023-03-11T07:17:47,20285.84,tp,2.6136,0.8,2023-03
2023-03-11T14:33:01,flip,BUY,20306.99,20062.84,20502.31,244.15,0.0,2023-03-11T20:32:32,20502.31,tp,3.9064,0.8,2023-03
2023-03-13T10:19:01,flip,SELL,21886.22,22106.88,21709.69,220.66,0.0,2023-03-13T10:33:01,22108.76,sl,-4.4508,-1.0085,2023-03
2023-03-13T10:58:01,flip,BUY,22170.67,22058.17,22260.67,112.5,0.0,2023-03-13T11:43:40,22057.55,sl,-2.2624,-1.0055,2023-03
2023-03-13T16:33:01,flip,SELL,24034.13,24299.25,23822.03,265.12,0.0,2023-03-13T18:02:24,24301.27,sl,-5.3428,-1.0076,2023-03
2023-03-13T19:06:01,flip,BUY,24466.2,24384.69,24531.41,81.51,0.0,2023-03-13T19:09:40,24382.0,sl,-1.684,-1.033,2023-03
2023-03-13T19:21:01,flip,SELL,24280.45,24372.25,24207.01,91.8,0.0,2023-03-13T19:42:16,24375.79,sl,-1.9068,-1.0386,2023-03
2023-03-13T20:31:01,cont,SELL,24168.14,24399.27,23983.24,231.13,70.0,2023-03-14T01:48:31,24401.15,sl,-4.6602,-1.0081,2023-03
2023-03-14T01:49:01,cont,BUY,24401.36,24275.81,24501.8,125.55,20.0,2023-03-14T01:59:04,24501.8,tp,2.0088,0.8,2023-03
2023-03-14T07:31:01,flip,SELL,24312.51,24543.16,24127.99,230.65,0.0,2023-03-14T10:49:26,24545.43,sl,-4.6584,-1.0098,2023-03
2023-03-14T10:56:01,flip,BUY,24610.15,24510.26,24690.06,99.89,0.0,2023-03-14T10:57:58,24690.06,tp,1.5982,0.8,2023-03
2023-03-14T11:14:01,cont,BUY,24755.31,24591.63,24886.25,163.68,18.0,2023-03-14T11:55:00,24886.25,tp,2.6189,0.8,2023-03
2023-03-14T12:01:01,cont,BUY,24893.68,24677.28,25066.8,216.4,65.0,2023-03-14T12:30:57,25066.8,tp,3.4624,0.8,2023-03
2023-03-14T12:31:01,cont,BUY,25101.18,24740.5,25389.72,360.68,95.0,2023-03-14T12:32:02,25389.72,tp,5.7709,0.8,2023-03
2023-03-14T12:45:01,cont,BUY,25627.25,24876.58,26227.79,750.67,109.0,2023-03-14T13:00:58,26227.79,tp,12.0107,0.8,2023-03
2023-03-14T21:08:01,flip,SELL,24114.8,25210.45,23238.28,1095.65,0.0,2023-03-15T12:31:38,25214.43,sl,-21.9926,-1.0036,2023-03
2023-03-15T15:40:01,flip,SELL,24496.85,24869.54,24198.7,372.69,0.0,2023-03-15T16:12:29,24198.7,tp,5.963,0.8,2023-03
2023-03-15T16:43:01,cont,SELL,24182.16,24443.4,23973.17,261.24,63.0,2023-03-15T17:03:56,23973.17,tp,4.1798,0.8,2023-03
2023-03-15T18:28:02,flip,BUY,24431.99,24161.47,24648.41,270.52,0.0,2023-03-15T22:10:46,24648.41,tp,4.3283,0.8,2023-03
2023-03-15T23:42:01,flip,SELL,24340.78,24494.02,24218.19,153.24,0.0,2023-03-16T01:17:33,24218.19,tp,2.4518,0.8,2023-03
2023-03-16T01:18:01,cont,SELL,24212.63,24334.83,24114.87,122.2,96.0,2023-03-16T01:22:06,24337.5,sl,-2.4974,-1.0218,2023-03
2023-03-16T02:00:01,flip,BUY,24402.57,24311.7,24475.27,90.87,0.0,2023-03-16T02:23:58,24475.27,tp,1.4539,0.8,2023-03
2023-03-16T03:56:01,flip,SELL,24287.0,24366.97,24223.02,79.97,0.0,2023-03-16T04:07:55,24368.84,sl,-1.6368,-1.0234,2023-03
2023-03-16T04:41:01,cont,SELL,24281.55,24361.54,24217.56,79.99,45.0,2023-03-16T05:21:13,24366.3,sl,-1.695,-1.0595,2023-03
2023-03-16T06:05:01,flip,BUY,24520.44,24393.63,24621.89,126.81,0.0,2023-03-16T06:56:33,24621.89,tp,2.029,0.8,2023-03
2023-03-16T06:57:01,cont,BUY,24648.39,24459.51,24799.49,188.88,52.0,2023-03-16T09:14:40,24458.37,sl,-3.8004,-1.006,2023-03
2023-03-16T11:39:01,flip,SELL,24858.01,24951.82,24782.96,93.81,0.0,2023-03-16T12:08:59,24782.96,tp,1.501,0.8,2023-03
2023-03-16T12:49:01,cont,SELL,24745.36,24981.82,24556.19,236.46,70.0,2023-03-16T14:46:54,24981.97,sl,-4.7322,-1.0006,2023-03
2023-03-16T14:47:02,cont,BUY,24984.11,24846.49,25094.21,137.62,15.0,2023-03-16T15:03:11,24845.74,sl,-2.7674,-1.0054,2023-03
2023-03-16T16:31:01,flip,SELL,24762.0,24971.5,24594.4,209.5,0.0,2023-03-16T19:16:20,24973.24,sl,-4.2248,-1.0083,2023-03
2023-03-17T07:19:01,flip,SELL,25979.49,26084.28,25895.66,104.79,0.0,2023-03-17T07:33:38,26091.77,sl,-2.2456,-1.0715,2023-03
2023-03-17T07:58:01,flip,BUY,26143.28,26035.15,26229.78,108.13,0.0,2023-03-17T08:14:20,26229.78,tp,1.7301,0.8,2023-03
2023-03-17T09:54:01,cont,BUY,26329.55,25994.22,26597.81,335.33,116.0,2023-03-17T10:27:43,26597.81,tp,5.3653,0.8,2023-03
2023-03-17T13:54:01,flip,SELL,26411.4,26780.34,26116.25,368.94,0.0,2023-03-17T19:06:10,26783.3,sl,-7.438,-1.008,2023-03
2023-03-17T19:23:01,cont,BUY,26888.06,26683.54,27051.68,204.52,18.0,2023-03-17T20:42:26,26682.61,sl,-4.109,-1.0045,2023-03
2023-03-17T23:42:01,flip,SELL,27302.64,27467.68,27170.61,165.04,0.0,2023-03-18T00:00:20,27469.64,sl,-3.34,-1.0119,2023-03
2023-03-18T00:20:01,cont,SELL,27130.79,27432.46,26889.45,301.67,38.0,2023-03-18T00:37:11,27433.67,sl,-6.0576,-1.004,2023-03
2023-03-18T00:55:01,flip,BUY,27507.1,27409.55,27585.14,97.55,0.0,2023-03-18T00:56:00,27585.14,tp,1.5608,0.8,2023-03
2023-03-18T01:33:01,flip,SELL,27329.61,27486.34,27204.23,156.73,0.0,2023-03-18T02:21:42,27491.72,sl,-3.2422,-1.0343,2023-03
2023-03-18T02:49:01,cont,SELL,27268.91,27505.4,27079.72,236.49,76.0,2023-03-18T05:33:17,27505.77,sl,-4.7372,-1.0016,2023-03
2023-03-19T16:33:01,flip,BUY,27729.02,27567.07,27858.58,161.95,0.0,2023-03-19T16:34:00,27858.58,tp,2.5912,0.8,2023-03
2023-03-20T01:03:01,flip,SELL,27670.62,28335.25,27138.92,664.63,0.0,2023-03-20T08:01:08,28335.55,sl,-13.2986,-1.0005,2023-03
2023-03-20T08:38:01,cont,BUY,28443.97,28049.35,28759.67,394.62,89.0,2023-03-20T10:14:20,28047.46,sl,-7.9302,-1.0048,2023-03
2023-03-20T10:21:01,flip,SELL,28090.0,28279.43,27938.46,189.43,0.0,2023-03-20T11:21:46,28284.76,sl,-3.8952,-1.0281,2023-03
2023-03-20T17:16:01,flip,BUY,27769.82,27528.2,27963.12,241.62,0.0,2023-03-20T18:30:59,27963.12,tp,3.8659,0.8,2023-03
2023-03-20T23:13:01,flip,SELL,27900.93,28097.72,27743.5,196.79,0.0,2023-03-20T23:41:37,27743.5,tp,3.1486,0.8,2023-03
2023-03-21T04:34:01,flip,BUY,28014.34,27757.81,28219.56,256.53,0.0,2023-03-21T06:03:29,27755.57,sl,-5.1754,-1.0087,2023-03
2023-03-21T11:09:01,flip,SELL,27988.13,28058.41,27931.91,70.28,0.0,2023-03-21T11:42:08,28061.27,sl,-1.4628,-1.0407,2023-03
2023-03-21T11:50:01,flip,BUY,28095.76,28026.82,28150.91,68.94,0.0,2023-03-21T12:08:57,28024.73,sl,-1.4206,-1.0303,2023-03
2023-03-21T12:17:01,cont,BUY,28141.08,28024.17,28234.61,116.91,27.0,2023-03-21T12:19:12,28021.6,sl,-2.3896,-1.022,2023-03
2023-03-21T12:44:01,cont,BUY,28183.76,27971.43,28353.62,212.33,54.0,2023-03-21T13:44:31,27969.56,sl,-4.284,-1.0088,2023-03
2023-03-21T14:11:01,cont,SELL,27945.48,28151.68,27780.52,206.2,31.0,2023-03-21T16:11:34,28153.15,sl,-4.1534,-1.0071,2023-03
2023-03-21T16:12:01,cont,BUY,28162.18,28069.02,28236.71,93.16,54.0,2023-03-21T16:15:48,28067.42,sl,-1.8952,-1.0172,2023-03
2023-03-21T16:33:01,cont,BUY,28197.45,28073.26,28296.8,124.19,75.0,2023-03-21T16:35:59,28296.8,tp,1.987,0.8,2023-03
2023-03-21T21:38:01,flip,SELL,27966.3,28268.19,27724.79,301.89,0.0,2023-03-22T03:17:06,28269.88,sl,-6.0716,-1.0056,2023-03
2023-03-22T05:37:01,flip,BUY,28326.42,28152.93,28465.21,173.49,0.0,2023-03-22T07:32:24,28149.02,sl,-3.548,-1.0225,2023-03
2023-03-22T09:17:01,flip,SELL,28058.22,28229.98,27920.81,171.76,0.0,2023-03-22T11:27:59,28230.55,sl,-3.4466,-1.0033,2023-03
2023-03-22T12:51:01,flip,BUY,28285.44,28210.92,28345.06,74.52,0.0,2023-03-22T13:05:58,28210.4,sl,-1.5008,-1.007,2023-03
2023-03-22T13:17:01,cont,BUY,28313.66,28210.4,28396.27,103.26,26.0,2023-03-22T13:37:18,28396.27,tp,1.6522,0.8,2023-03
2023-03-22T14:18:02,cont,BUY,28414.92,28286.56,28517.61,128.36,87.0,2023-03-22T14:45:14,28517.61,tp,2.0538,0.8,2023-03
2023-03-22T14:46:01,cont,BUY,28681.71,28364.6,28935.4,317.11,115.0,2023-03-22T17:26:07,28362.92,sl,-6.3758,-1.0053,2023-03
2023-03-22T19:02:01,flip,SELL,27854.73,28469.5,27362.91,614.77,0.0,2023-03-22T19:08:52,27362.91,tp,9.8363,0.8,2023-03
2023-03-22T19:39:01,cont,SELL,27190.45,27642.98,26828.43,452.53,37.0,2023-03-22T19:48:39,26828.43,tp,7.2405,0.8,2023-03
2023-03-22T19:54:01,cont,SELL,26737.98,26952.29,26566.53,214.31,52.0,2023-03-22T20:08:22,26955.62,sl,-4.3528,-1.0155,2023-03
2023-03-22T20:18:01,flip,BUY,27194.73,26903.37,27427.82,291.36,0.0,2023-03-22T21:07:26,27427.82,tp,4.6618,0.8,2023-03
2023-03-22T22:43:01,flip,SELL,27006.1,27236.88,26821.48,230.78,0.0,2023-03-22T22:55:56,27239.69,sl,-4.6718,-1.0122,2023-03
2023-03-22T23:28:01,flip,BUY,27356.49,27254.81,27437.83,101.68,0.0,2023-03-23T00:06:29,27253.32,sl,-2.0634,-1.0147,2023-03
2023-03-23T00:19:01,cont,BUY,27369.28,27226.49,27483.51,142.79,51.0,2023-03-23T01:40:44,27222.88,sl,-2.928,-1.0253,2023-03
2023-03-23T11:21:01,flip,SELL,27505.45,27581.32,27444.75,75.87,0.0,2023-03-23T11:22:22,27582.26,sl,-1.5362,-1.0124,2023-03
2023-03-23T11:56:01,flip,BUY,27607.08,27512.46,27682.78,94.62,0.0,2023-03-23T12:59:23,27512.02,sl,-1.9012,-1.0047,2023-03
2023-03-23T13:00:01,cont,SELL,27509.34,27600.42,27436.48,91.08,22.0,2023-03-23T13:15:24,27436.48,tp,1.4573,0.8,2023-03
2023-03-23T13:49:01,cont,SELL,27342.8,27500.88,27216.34,158.08,71.0,2023-03-23T14:46:02,27504.02,sl,-3.2244,-1.0199,2023-03
2023-03-24T21:46:01,flip,BUY,27343.68,27254.74,27414.83,88.94,0.0,2023-03-24T22:13:54,27414.83,tp,1.423,0.8,2023-03
2023-03-24T22:14:01,cont,BUY,27427.13,27285.9,27540.11,141.23,28.0,2023-03-24T23:00:06,27281.14,sl,-2.9198,-1.0337,2023-03
2023-03-24T23:22:01,cont,BUY,27469.32,27302.75,27602.58,166.57,96.0,2023-03-25T02:25:37,27602.58,tp,2.6651,0.8,2023-03
2023-03-25T13:44:01,flip,BUY,27569.05,27360.84,27735.62,208.21,0.0,2023-03-25T15:47:04,27735.62,tp,3.3314,0.8,2023-03
2023-03-25T19:02:01,flip,SELL,27277.95,27540.76,27067.7,262.81,0.0,2023-03-25T22:14:28,27542.43,sl,-5.2896,-1.0064,2023-03
2023-03-26T01:34:01,flip,BUY,27648.79,27530.43,27743.48,118.36,0.0,2023-03-26T03:33:58,27530.04,sl,-2.375,-1.0033,2023-03
2023-03-26T04:09:01,flip,SELL,27500.59,27574.89,27441.15,74.3,0.0,2023-03-26T05:54:10,27577.44,sl,-1.537,-1.0343,2023-03
2023-03-26T14:53:01,flip,SELL,27723.55,27869.48,27606.81,145.93,0.0,2023-03-26T15:08:44,27870.2,sl,-2.933,-1.0049,2023-03
2023-03-26T22:14:01,flip,BUY,27990.45,27690.89,28230.1,299.56,0.0,2023-03-27T05:55:31,27687.58,sl,-6.0574,-1.011,2023-03
2023-03-27T11:12:01,flip,BUY,27992.58,27874.92,28086.71,117.66,0.0,2023-03-27T11:49:02,27874.04,sl,-2.3708,-1.0075,2023-03
2023-03-27T12:21:01,flip,SELL,27837.78,27939.52,27756.39,101.74,0.0,2023-03-27T12:46:21,27756.39,tp,1.6278,0.8,2023-03
2023-03-27T12:50:01,cont,SELL,27734.88,27776.75,27701.38,41.87,29.0,2023-03-27T12:51:10,27701.38,tp,0.6699,0.8,2023-03
2023-03-27T13:36:01,flip,BUY,27801.79,27755.12,27839.13,46.67,0.0,2023-03-27T13:36:11,27750.87,sl,-1.0184,-1.0911,2023-03
2023-03-27T13:46:01,cont,BUY,27836.88,27635.38,27998.08,201.5,10.0,2023-03-27T14:14:39,27631.89,sl,-4.0998,-1.0173,2023-03
2023-03-27T14:59:01,flip,SELL,27089.11,27418.62,26825.5,329.51,0.0,2023-03-27T15:01:22,26825.5,tp,5.2722,0.8,2023-03
2023-03-27T15:10:01,cont,SELL,26672.06,26847.75,26531.51,175.69,11.0,2023-03-27T15:12:14,26531.51,tp,2.811,0.8,2023-03
2023-03-27T15:30:01,flip,BUY,26951.56,26804.02,27069.59,147.54,0.0,2023-03-27T16:04:51,27069.59,tp,2.3606,0.8,2023-03
2023-03-27T16:05:01,cont,BUY,27071.63,26822.06,27271.29,249.57,35.0,2023-03-27T16:17:19,27271.29,tp,3.9931,0.8,2023-03
2023-03-28T10:54:01,flip,SELL,26655.41,26738.54,26588.91,83.13,0.0,2023-03-28T10:57:54,26740.61,sl,-1.704,-1.0249,2023-03
2023-03-28T11:13:01,flip,BUY,26808.41,26720.01,26879.13,88.4,0.0,2023-03-28T11:21:02,26879.13,tp,1.4144,0.8,2023-03
2023-03-28T11:49:01,cont,BUY,26996.92,26868.16,27099.93,128.76,36.0,2023-03-28T11:51:08,27099.93,tp,2.0602,0.8,2023-03
2023-03-28T12:02:01,cont,BUY,27171.61,27049.06,27269.65,122.55,49.0,2023-03-28T12:17:17,27048.27,sl,-2.4668,-1.0064,2023-03
2023-03-28T12:23:01,flip,SELL,26965.74,27049.66,26898.6,83.92,0.0,2023-03-28T12:27:59,26898.6,tp,1.3427,0.8,2023-03
2023-03-28T19:53:01,flip,BUY,27489.16,27145.39,27764.18,343.77,0.0,2023-03-28T21:49:17,27142.78,sl,-6.9276,-1.0076,2023-03
2023-03-29T09:47:01,flip,SELL,28373.7,28453.13,28310.16,79.43,0.0,2023-03-29T10:14:24,28310.16,tp,1.2709,0.8,2023-03
2023-03-29T10:15:01,cont,SELL,28308.41,28383.36,28248.45,74.95,28.0,2023-03-29T10:22:39,28385.03,sl,-1.5324,-1.0223,2023-03
2023-03-29T10:39:01,flip,BUY,28447.06,28389.35,28493.23,57.71,0.0,2023-03-29T10:42:46,28387.38,sl,-1.1936,-1.0341,2023-03
2023-03-29T11:02:01,flip,SELL,28311.07,28389.49,28248.33,78.42,0.0,2023-03-29T12:07:30,28390.45,sl,-1.5876,-1.0122,2023-03
2023-03-29T12:08:01,cont,BUY,28396.84,28290.69,28481.76,106.15,6.0,2023-03-29T12:11:36,28290.64,sl,-2.124,-1.0005,2023-03
2023-03-29T12:56:01,cont,BUY,28422.41,28248.9,28561.22,173.51,54.0,2023-03-29T14:18:49,28561.22,tp,2.7762,0.8,2023-03
2023-03-29T14:50:01,flip,SELL,28282.99,28362.14,28219.67,79.15,0.0,2023-03-29T15:09:47,28364.76,sl,-1.6354,-1.0331,2023-03
2023-03-29T16:48:01,cont,SELL,28232.34,28490.09,28026.14,257.75,118.0,2023-03-29T21:26:18,28496.5,sl,-5.2832,-1.0249,2023-03
2023-03-30T16:14:01,flip,SELL,28142.74,28233.92,28069.8,91.18,0.0,2023-03-30T16:19:09,28069.8,tp,1.4589,0.8,2023-03
2023-03-30T16:43:01,flip,BUY,28279.33,28228.35,28320.11,50.98,0.0,2023-03-30T16:46:15,28227.27,sl,-1.0412,-1.0212,2023-03
2023-03-30T16:56:01,flip,SELL,28226.77,28272.24,28190.39,45.47,0.0,2023-03-30T17:04:07,28275.21,sl,-0.9688,-1.0653,2023-03
2023-03-30T17:12:01,cont,SELL,28206.9,28267.18,28158.68,60.28,16.0,2023-03-30T17:18:55,28158.68,tp,0.9645,0.8,2023-03
2023-03-30T17:56:01,cont,SELL,27730.75,27886.37,27606.25,155.62,60.0,2023-03-30T18:29:53,27887.3,sl,-3.131,-1.006,2023-03
2023-03-30T18:37:01,flip,BUY,27909.33,27868.21,27942.23,41.12,0.0,2023-03-30T18:38:50,27867.31,sl,-0.8404,-1.0219,2023-03
2023-03-30T19:08:01,cont,BUY,27938.84,27826.01,28029.1,112.83,31.0,2023-03-30T19:27:14,28029.1,tp,1.8053,0.8,2023-03
2023-03-30T21:42:01,flip,SELL,28032.2,28089.7,27986.2,57.5,0.0,2023-03-30T21:47:10,28090.07,sl,-1.1574,-1.0064,2023-03
2023-03-30T22:45:01,cont,SELL,28004.82,28124.65,27908.96,119.83,63.0,2023-03-30T22:49:30,27908.96,tp,1.9173,0.8,2023-03
2023-03-31T00:29:01,flip,BUY,28069.98,27908.49,28199.17,161.49,0.0,2023-03-31T00:53:32,28199.17,tp,2.5838,0.8,2023-03
2023-03-31T01:11:01,cont,BUY,28380.23,28207.23,28518.63,173.0,42.0,2023-03-31T01:30:56,28202.36,sl,-3.5574,-1.0282,2023-03
2023-03-31T01:39:01,flip,SELL,28147.07,28209.21,28097.36,62.14,0.0,2023-03-31T02:13:09,28097.36,tp,0.9942,0.8,2023-03
2023-03-31T02:36:01,flip,BUY,28185.89,28146.0,28217.8,39.89,0.0,2023-03-31T02:51:08,28142.96,sl,-0.8586,-1.0762,2023-03
2023-03-31T03:30:01,cont,BUY,28235.66,28103.58,28341.32,132.08,54.0,2023-03-31T04:12:58,28103.49,sl,-2.6434,-1.0007,2023-03
2023-03-31T07:12:01,flip,SELL,27944.48,28106.51,27814.86,162.03,0.0,2023-03-31T07:21:51,27814.86,tp,2.5925,0.8,2023-03
2023-03-31T07:39:01,cont,SELL,27685.25,27811.43,27584.31,126.18,27.0,2023-03-31T07:39:59,27584.31,tp,2.0189,0.8,2023-03
2023-03-31T08:50:01,flip,BUY,27843.51,27691.21,27965.35,152.3,0.0,2023-03-31T10:33:21,27965.35,tp,2.4368,0.8,2023-03
2023-03-31T18:23:01,flip,SELL,28248.18,28280.3,28222.48,32.12,0.0,2023-03-31T18:23:08,28283.17,sl,-0.6998,-1.0894,2023-03
2023-03-31T18:44:01,flip,BUY,28359.56,28307.61,28401.12,51.95,0.0,2023-03-31T18:49:50,28401.12,tp,0.8312,0.8,2023-03
2023-03-31T19:31:01,cont,BUY,28438.71,28267.59,28575.61,171.12,47.0,2023-03-31T21:50:43,28575.61,tp,2.7379,0.8,2023-03
2023-04-01T00:47:01,flip,SELL,28408.39,28450.94,28374.35,42.55,0.0,2023-04-01T01:01:01,28453.44,sl,-0.901,-1.0588,2023-04
2023-04-01T01:48:01,flip,BUY,28504.88,28423.97,28569.61,80.91,0.0,2023-04-01T01:52:14,28569.61,tp,1.2946,0.8,2023-04
2023-04-01T07:18:01,flip,SELL,28358.15,28488.58,28253.81,130.43,0.0,2023-04-01T08:29:59,28489.09,sl,-2.6188,-1.0039,2023-04
2023-04-01T16:09:01,flip,BUY,28423.37,28378.4,28459.35,44.97,0.0,2023-04-01T16:48:16,28373.94,sl,-0.9886,-1.0992,2023-04
2023-04-02T12:29:01,flip,SELL,28284.74,28352.16,28230.8,67.42,0.0,2023-04-02T13:03:29,28230.8,tp,1.0787,0.8,2023-04
2023-04-02T13:04:01,cont,SELL,28222.36,28267.26,28186.44,44.9,35.0,2023-04-02T13:06:16,28269.53,sl,-0.9434,-1.0506,2023-04
2023-04-02T13:11:01,cont,SELL,28204.56,28244.38,28172.7,39.82,42.0,2023-04-02T13:11:40,28172.7,tp,0.6371,0.8,2023-04
2023-04-02T17:49:01,flip,BUY,28249.67,28193.41,28294.68,56.26,0.0,2023-04-02T17:53:13,28189.13,sl,-1.2108,-1.0761,2023-04
2023-04-02T18:18:01,flip,SELL,28167.99,28218.17,28127.85,50.18,0.0,2023-04-02T18:35:29,28218.63,sl,-1.0128,-1.0092,2023-04
2023-04-02T19:05:01,cont,SELL,28150.23,28199.92,28110.48,49.69,47.0,2023-04-02T19:33:21,28110.48,tp,0.795,0.8,2023-04
2023-04-02T19:34:01,cont,SELL,28080.77,28136.58,28036.12,55.81,76.0,2023-04-02T19:40:40,28036.12,tp,0.893,0.8,2023-04
2023-04-02T23:36:01,flip,BUY,28154.8,28112.9,28188.32,41.9,0.0,2023-04-02T23:53:11,28188.32,tp,0.6704,0.8,2023-04
2023-04-03T00:39:01,flip,SELL,28088.17,28154.18,28035.36,66.01,0.0,2023-04-03T01:01:02,28156.05,sl,-1.3576,-1.0283,2023-04
2023-04-03T01:18:01,cont,SELL,28081.17,28144.59,28030.43,63.42,39.0,2023-04-03T01:31:47,28030.43,tp,1.0147,0.8,2023-04
2023-04-03T01:37:01,cont,SELL,27995.2,28050.51,27950.95,55.31,58.0,2023-04-03T01:42:28,27950.95,tp,0.885,0.8,2023-04
2023-04-03T10:31:01,flip,BUY,28486.54,28276.32,28654.72,210.22,0.0,2023-04-03T11:01:33,28275.48,sl,-4.2212,-1.004,2023-04
2023-04-03T11:33:01,flip,SELL,28204.37,28293.77,28132.85,89.4,0.0,2023-04-03T11:39:23,28294.11,sl,-1.7948,-1.0038,2023-04
2023-04-03T12:22:01,cont,SELL,28186.93,28283.43,28109.73,96.5,49.0,2023-04-03T12:41:50,28109.73,tp,1.544,0.8,2023-04
2023-04-03T12:48:01,cont,SELL,28071.78,28130.58,28024.74,58.8,75.0,2023-04-03T12:51:16,28130.79,sl,-1.1802,-1.0036,2023-04
2023-04-03T12:59:01,flip,BUY,28161.18,28108.9,28203.0,52.28,0.0,2023-04-03T13:23:37,28105.65,sl,-1.1106,-1.0622,2023-04
2023-04-03T13:27:01,cont,BUY,28191.82,28123.89,28246.16,67.93,28.0,2023-04-03T13:46:56,28246.16,tp,1.0869,0.8,2023-04
2023-04-03T13:47:01,cont,BUY,28263.93,28129.95,28371.11,133.98,48.0,2023-04-03T14:37:51,28128.64,sl,-2.7058,-1.0098,2023-04
2023-04-03T14:48:01,flip,SELL,28007.91,28095.06,27938.19,87.15,0.0,2023-04-03T15:23:37,28097.82,sl,-1.7982,-1.0317,2023-04
2023-04-03T19:02:01,flip,BUY,28246.16,28109.82,28355.23,136.34,0.0,2023-04-03T19:13:37,28106.34,sl,-2.7964,-1.0255,2023-04
2023-04-03T19:54:01,flip,SELL,28052.53,28156.12,27969.66,103.59,0.0,2023-04-03T20:10:53,27969.66,tp,1.6574,0.8,2023-04
2023-04-03T20:56:01,cont,SELL,27610.77,27815.23,27447.2,204.46,62.0,2023-04-03T21:00:31,27447.2,tp,3.2714,0.8,2023-04
2023-04-03T23:05:01,flip,BUY,28013.47,27787.73,28194.06,225.74,0.0,2023-04-03T23:53:28,27784.76,sl,-4.5742,-1.0132,2023-04
2023-04-04T00:37:01,flip,SELL,27727.28,27872.2,27611.34,144.92,0.0,2023-04-04T01:25:53,27876.28,sl,-2.98,-1.0282,2023-04
2023-04-04T02:26:01,flip,BUY,27896.85,27785.4,27986.01,111.45,0.0,2023-04-04T06:36:21,27986.01,tp,1.7832,0.8,2023-04
2023-04-04T06:37:01,flip,BUY,28017.4,27871.88,28133.82,145.52,0.0,2023-04-04T06:50:04,28133.82,tp,2.3283,0.8,2023-04
2023-04-04T07:09:01,cont,BUY,28166.04,28036.04,28270.04,130.0,32.0,2023-04-04T07:29:18,28035.82,sl,-2.6044,-1.0017,2023-04
2023-04-04T08:21:01,flip,SELL,27940.78,28057.12,27847.71,116.34,0.0,2023-04-04T08:39:41,28058.28,sl,-2.35,-1.01,2023-04
2023-04-04T08:51:01,flip,BUY,28127.68,28068.37,28175.13,59.31,0.0,2023-04-04T09:13:03,28067.2,sl,-1.2096,-1.0197,2023-04
2023-04-04T09:43:01,cont,BUY,28178.32,28050.75,28280.38,127.57,52.0,2023-04-04T10:04:22,28280.38,tp,2.0411,0.8,2023-04
2023-04-04T10:17:01,cont,BUY,28337.94,28165.7,28475.73,172.24,86.0,2023-04-04T13:52:26,28163.48,sl,-3.4892,-1.0129,2023-04
2023-04-04T13:53:01,flip,SELL,28120.28,28228.65,28033.58,108.37,0.0,2023-04-04T14:33:06,28231.66,sl,-2.2276,-1.0278,2023-04
2023-04-04T15:12:01,cont,SELL,28068.55,28266.36,27910.3,197.81,79.0,2023-04-04T18:05:47,28267.25,sl,-3.974,-1.0045,2023-04
2023-04-04T18:58:01,flip,SELL,28106.08,28212.49,28020.95,106.41,0.0,2023-04-04T19:59:47,28212.53,sl,-2.129,-1.0004,2023-04
2023-04-04T20:40:01,flip,BUY,28267.81,28185.93,28333.31,81.88,0.0,2023-04-04T21:36:16,28184.88,sl,-1.6586,-1.0128,2023-04
2023-04-04T21:55:01,cont,SELL,28167.03,28209.42,28133.12,42.39,43.0,2023-04-04T21:55:37,28211.02,sl,-0.8798,-1.0377,2023-04
2023-04-04T22:07:01,flip,BUY,28270.4,28200.82,28326.06,69.58,0.0,2023-04-04T22:43:21,28200.63,sl,-1.3954,-1.0027,2023-04
2023-04-04T23:09:01,flip,SELL,28175.78,28217.32,28142.55,41.54,0.0,2023-04-04T23:20:45,28142.55,tp,0.6646,0.8,2023-04
2023-04-05T00:47:01,flip,BUY,28497.61,28370.69,28599.15,126.92,0.0,2023-04-05T00:55:23,28599.15,tp,2.0307,0.8,2023-04
2023-04-05T00:56:01,cont,BUY,28636.38,28422.74,28807.29,213.64,9.0,2023-04-05T12:34:30,28420.21,sl,-4.3234,-1.0118,2023-04
2023-04-05T14:05:01,flip,SELL,28274.5,28735.92,27905.36,461.42,0.0,2023-04-05T15:04:13,27905.36,tp,7.3827,0.8,2023-04
2023-04-09T22:01:02,flip,BUY,28496.02,28371.05,28596.0,124.97,0.0,2023-04-09T22:48:00,28367.26,sl,-2.5752,-1.0303,2023-04
2023-04-09T23:03:01,flip,SELL,28358.95,28392.37,28332.21,33.42,0.0,2023-04-09T23:11:51,28392.47,sl,-0.6704,-1.003,2023-04
2023-04-09T23:38:01,cont,SELL,28334.17,28429.35,28258.03,95.18,35.0,2023-04-10T00:41:24,28429.65,sl,-1.9096,-1.0032,2023-04
2023-04-10T00:42:01,cont,BUY,28418.3,28344.15,28477.62,74.15,13.0,2023-04-10T01:08:52,28341.87,sl,-1.5286,-1.0307,2023-04
2023-04-10T01:19:01,flip,SELL,28307.84,28347.93,28275.77,40.09,0.0,2023-04-10T01:19:14,28351.5,sl,-0.8732,-1.089,2023-04
2023-04-10T08:12:02,flip,BUY,28351.83,28225.12,28453.2,126.71,0.0,2023-04-10T13:32:58,28223.2,sl,-2.5726,-1.0152,2023-04
2023-04-10T14:36:01,flip,BUY,28281.19,28217.07,28332.49,64.12,0.0,2023-04-10T15:02:28,28332.49,tp,1.0259,0.8,2023-04
2023-04-10T15:04:01,cont,BUY,28350.73,28290.89,28398.6,59.84,28.0,2023-04-10T15:13:40,28398.6,tp,0.9574,0.8,2023-04
2023-04-10T15:41:01,cont,BUY,28482.17,28371.09,28571.03,111.08,65.0,2023-04-10T16:40:51,28571.03,tp,1.7773,0.8,2023-04
2023-04-14T08:26:01,flip,SELL,30738.79,30804.98,30685.84,66.19,0.0,2023-04-14T08:48:25,30685.84,tp,1.059,0.8,2023-04
2023-04-14T09:39:01,flip,BUY,30808.63,30738.69,30864.58,69.94,0.0,2023-04-14T12:45:29,30736.45,sl,-1.4436,-1.032,2023-04
2023-04-14T12:46:01,flip,SELL,30700.49,30860.56,30572.43,160.07,0.0,2023-04-14T14:22:44,30572.43,tp,2.5611,0.8,2023-04
2023-04-14T14:23:01,flip,SELL,30564.26,30686.83,30466.2,122.57,0.0,2023-04-14T15:04:19,30466.2,tp,1.9611,0.8,2023-04
2023-04-14T15:05:01,cont,SELL,30382.02,30633.82,30180.58,251.8,42.0,2023-04-14T15:32:28,30180.58,tp,4.0288,0.8,2023-04
2023-04-14T18:14:01,flip,BUY,30365.29,30294.02,30422.31,71.27,0.0,2023-04-14T18:21:42,30293.65,sl,-1.4328,-1.0052,2023-04
2023-04-14T19:04:01,flip,SELL,30248.87,30314.3,30196.53,65.43,0.0,2023-04-14T19:33:59,30317.12,sl,-1.365,-1.0431,2023-04
2023-04-14T20:27:01,flip,BUY,30388.19,30285.18,30470.6,103.01,0.0,2023-04-14T20:31:41,30470.6,tp,1.6482,0.8,2023-04
2023-04-14T21:51:01,cont,BUY,30544.23,30410.43,30651.27,133.8,84.0,2023-04-14T23:16:40,30408.57,sl,-2.7132,-1.0139,2023-04
2023-04-15T01:24:01,flip,SELL,30317.61,30380.84,30267.03,63.23,0.0,2023-04-15T01:34:24,30384.12,sl,-1.3302,-1.0519,2023-04
2023-04-15T01:47:01,flip,BUY,30405.62,30373.29,30431.48,32.33,0.0,2023-04-15T02:02:45,30431.48,tp,0.5173,0.8,2023-04
2023-04-15T02:03:01,cont,BUY,30458.59,30382.55,30519.42,76.04,16.0,2023-04-15T02:12:37,30381.59,sl,-1.54,-1.0126,2023-04
2023-04-15T04:25:01,flip,SELL,30348.46,30434.51,30279.62,86.05,0.0,2023-04-15T05:27:09,30435.05,sl,-1.7318,-1.0063,2023-04
2023-04-15T07:28:01,flip,BUY,30472.75,30374.79,30551.12,97.96,0.0,2023-04-15T08:51:07,30374.38,sl,-1.9674,-1.0042,2023-04
2023-04-15T13:39:01,flip,SELL,30367.17,30476.94,30279.35,109.77,0.0,2023-04-15T17:20:54,30279.35,tp,1.7563,0.8,2023-04
2023-04-15T23:10:01,flip,BUY,30376.99,30339.23,30407.2,37.76,0.0,2023-04-15T23:15:28,30338.35,sl,-0.7728,-1.0233,2023-04
2023-04-15T23:44:01,flip,SELL,30309.84,30358.82,30270.66,48.98,0.0,2023-04-16T01:11:45,30270.66,tp,0.7837,0.8,2023-04
2023-04-16T06:40:01,flip,BUY,30367.08,30302.1,30419.06,64.98,0.0,2023-04-16T07:15:41,30301.52,sl,-1.3112,-1.0089,2023-04
2023-04-16T07:36:01,cont,BUY,30395.79,30301.52,30471.21,94.27,56.0,2023-04-16T09:22:19,30301.12,sl,-1.8934,-1.0042,2023-04
2023-04-16T09:51:01,flip,SELL,30283.18,30310.02,30261.71,26.84,0.0,2023-04-16T10:24:50,30310.06,sl,-0.5376,-1.0015,2023-04
2023-04-16T11:42:01,cont,SELL,30253.11,30339.37,30184.1,86.26,111.0,2023-04-16T14:39:19,30341.5,sl,-1.7678,-1.0247,2023-04
2023-04-16T15:22:01,cont,BUY,30355.01,30310.84,30390.35,44.17,59.0,2023-04-16T16:26:28,30310.64,sl,-0.8874,-1.0045,2023-04
2023-04-17T00:24:01,flip,SELL,30208.99,30412.77,30045.97,203.78,0.0,2023-04-17T00:30:09,30045.97,tp,3.2605,0.8,2023-04
2023-04-17T01:01:01,cont,SELL,29781.89,29883.86,29700.31,101.97,37.0,2023-04-17T01:02:14,29883.93,sl,-2.0408,-1.0007,2023-04
2023-04-17T01:10:01,flip,BUY,29919.08,29846.65,29977.02,72.43,0.0,2023-04-17T01:25:31,29977.02,tp,1.1589,0.8,2023-04
2023-04-17T01:33:01,cont,BUY,30004.53,29953.1,30045.67,51.43,23.0,2023-04-17T01:48:43,29952.85,sl,-1.0336,-1.0049,2023-04
2023-04-17T02:13:01,flip,SELL,29925.32,29968.01,29891.17,42.69,0.0,2023-04-17T02:20:08,29968.8,sl,-0.8696,-1.0185,2023-04
2023-04-17T08:42:01,flip,BUY,29937.53,29857.47,30001.58,80.06,0.0,2023-04-17T10:20:16,29857.12,sl,-1.6082,-1.0044,2023-04
2023-04-17T10:28:01,cont,SELL,29831.04,29856.34,29810.8,25.3,31.0,2023-04-17T10:28:07,29861.28,sl,-0.6048,-1.1953,2023-04
2023-04-17T10:37:01,cont,SELL,29823.05,29876.2,29780.53,53.15,40.0,2023-04-17T10:38:48,29878.66,sl,-1.1122,-1.0463,2023-04
2023-04-17T10:53:01,flip,BUY,29917.85,29870.07,29956.07,47.78,0.0,2023-04-17T11:08:42,29869.53,sl,-0.9664,-1.0113,2023-04
2023-04-17T11:26:01,flip,SELL,29822.81,29882.04,29775.43,59.23,0.0,2023-04-17T11:34:36,29775.43,tp,0.9477,0.8,2023-04
2023-04-17T11:35:01,cont,SELL,29434.26,29808.23,29135.08,373.97,9.0,2023-04-18T07:52:38,29809.52,sl,-7.5052,-1.0034,2023-04
2023-04-18T08:38:01,flip,SELL,29711.14,29746.41,29682.92,35.27,0.0,2023-04-18T08:41:11,29746.45,sl,-0.7062,-1.0011,2023-04
2023-04-18T10:21:01,flip,BUY,29950.76,29876.14,30010.46,74.62,0.0,2023-04-18T11:23:00,30010.46,tp,1.1939,0.8,2023-04
2023-04-18T11:54:01,cont,BUY,30383.79,30289.58,30459.16,94.21,93.0,2023-04-18T12:02:09,30459.16,tp,1.5074,0.8,2023-04
2023-04-18T13:07:01,flip,SELL,30297.83,30389.62,30224.4,91.79,0.0,2023-04-18T13:36:32,30395.22,sl,-1.9478,-1.061,2023-04
2023-04-18T14:05:01,cont,SELL,30279.75,30446.13,30146.65,166.38,58.0,2023-04-18T14:32:04,30146.65,tp,2.6621,0.8,2023-04
2023-04-18T20:40:01,flip,BUY,30285.37,30239.57,30322.01,45.8,0.0,2023-04-18T20:44:51,30322.01,tp,0.7328,0.8,2023-04
2023-04-19T02:06:01,flip,SELL,30224.55,30256.23,30199.21,31.68,0.0,2023-04-19T02:07:01,30199.21,tp,0.5069,0.8,2023-04
2023-04-19T02:17:01,cont,SELL,30137.17,30207.46,30080.94,70.29,11.0,2023-04-19T02:22:35,30207.57,sl,-1.408,-1.0016,2023-04
2023-04-19T03:26:01,flip,BUY,30275.22,30170.77,30358.78,104.45,0.0,2023-04-19T04:12:27,30169.63,sl,-2.1118,-1.0109,2023-04
2023-04-19T06:58:01,flip,SELL,30064.49,30140.25,30003.88,75.76,0.0,2023-04-19T08:09:13,30003.88,tp,1.2122,0.8,2023-04
2023-04-20T12:31:01,flip,BUY,28799.61,28694.79,28883.47,104.82,0.0,2023-04-20T12:38:58,28883.47,tp,1.6771,0.8,2023-04
2023-04-20T12:51:01,cont,BUY,28936.56,28791.56,29052.56,145.0,20.0,2023-04-20T13:16:45,28790.17,sl,-2.9278,-1.0096,2023-04
2023-04-20T14:39:01,flip,SELL,28708.71,28860.9,28586.96,152.19,0.0,2023-04-20T15:35:39,28586.96,tp,2.435,0.8,2023-04
2023-04-20T15:59:01,cont,SELL,28501.71,28625.73,28402.49,124.02,80.0,2023-04-20T16:03:04,28402.49,tp,1.9843,0.8,2023-04
2023-04-20T22:09:01,flip,BUY,28338.99,28153.72,28487.21,185.27,0.0,2023-04-21T00:26:31,28151.84,sl,-3.743,-1.0101,2023-04
2023-04-21T08:02:01,flip,BUY,28192.23,28138.7,28235.05,53.53,0.0,2023-04-21T08:07:52,28136.39,sl,-1.1168,-1.0432,2023-04
2023-04-21T08:34:01,flip,SELL,28051.26,28145.97,27975.49,94.71,0.0,2023-04-21T10:19:30,28148.42,sl,-1.9432,-1.0259,2023-04
2023-04-21T11:33:01,flip,BUY,28028.64,27966.84,28078.08,61.8,0.0,2023-04-21T11:47:11,27965.82,sl,-1.2564,-1.0165,2023-04
2023-04-21T11:53:01,cont,BUY,28056.03,27954.77,28137.04,101.26,20.0,2023-04-21T12:06:45,27954.7,sl,-2.0266,-1.0007,2023-04
2023-04-21T12:15:01,cont,BUY,28092.79,27947.3,28209.18,145.49,42.0,2023-04-21T13:02:15,28209.18,tp,2.3278,0.8,2023-04
2023-04-21T13:33:01,cont,BUY,28254.77,28134.73,28350.8,120.04,120.0,2023-04-21T13:50:53,28133.33,sl,-2.4288,-1.0117,2023-04
2023-04-21T14:04:01,flip,SELL,28067.37,28120.91,28024.54,53.54,0.0,2023-04-21T14:18:08,28120.98,sl,-1.0722,-1.0013,2023-04
2023-04-21T14:58:01,cont,SELL,28001.9,28188.64,27852.51,186.74,54.0,2023-04-21T17:25:23,27852.51,tp,2.9878,0.8,2023-04
2023-04-22T01:36:01,flip,BUY,27221.83,27179.76,27255.49,42.07,0.0,2023-04-22T01:48:41,27255.49,tp,0.6731,0.8,2023-04
2023-04-22T01:53:01,cont,BUY,27293.78,27249.55,27329.16,44.23,17.0,2023-04-22T02:04:19,27249.51,sl,-0.8854,-1.0009,2023-04
2023-04-22T02:24:01,flip,SELL,27242.91,27283.97,27210.06,41.06,0.0,2023-04-22T03:30:13,27284.73,sl,-0.8364,-1.0185,2023-04
2023-04-22T03:36:01,flip,BUY,27289.46,27242.0,27327.43,47.46,0.0,2023-04-22T03:51:48,27327.43,tp,0.7594,0.8,2023-04
2023-04-22T04:50:01,cont,BUY,27362.43,27278.91,27429.25,83.52,74.0,2023-04-22T05:14:53,27278.02,sl,-1.6882,-1.0107,2023-04
2023-04-22T07:44:01,flip,SELL,27283.5,27333.64,27243.39,50.14,0.0,2023-04-22T07:48:37,27243.39,tp,0.8022,0.8,2023-04
2023-04-22T08:56:01,cont,SELL,27199.97,27289.15,27128.63,89.18,72.0,2023-04-22T11:46:20,27292.7,sl,-1.8546,-1.0398,2023-04
2023-04-22T12:37:01,cont,BUY,27321.45,27256.18,27373.67,65.27,53.0,2023-04-22T13:34:58,27254.95,sl,-1.33,-1.0188,2023-04
2023-04-23T15:20:01,flip,SELL,27346.4,27751.25,27022.52,404.85,0.0,2023-04-24T00:53:35,27755.31,sl,-8.1782,-1.01,2023-04
2023-04-24T01:19:01,flip,BUY,28004.19,27821.22,28150.57,182.97,0.0,2023-04-24T01:28:10,27819.61,sl,-3.6916,-1.0088,2023-04
2023-04-24T02:45:01,flip,SELL,27670.87,27848.33,27528.9,177.46,0.0,2023-04-24T06:53:39,27528.9,tp,2.8394,0.8,2023-04
2023-04-24T13:38:01,flip,BUY,27630.93,27373.04,27837.24,257.89,0.0,2023-04-24T14:41:14,27369.28,sl,-5.233,-1.0146,2023-04
2023-04-24T15:25:01,flip,SELL,27260.25,27425.76,27127.84,165.51,0.0,2023-04-24T16:55:30,27127.84,tp,2.6482,0.8,2023-04
2023-04-24T17:53:01,cont,BUY,27399.43,27005.85,27714.29,393.58,90.0,2023-04-25T18:16:30,27714.29,tp,6.2973,0.8,2023-04
2023-04-25T19:14:01,flip,SELL,27480.77,27545.12,27429.29,64.35,0.0,2023-04-25T19:26:16,27546.71,sl,-1.3188,-1.0247,2023-04
2023-04-25T19:44:01,flip,BUY,27589.28,27545.94,27623.95,43.34,0.0,2023-04-25T19:44:36,27545.79,sl,-0.8698,-1.0035,2023-04
2023-04-25T19:50:01,cont,BUY,27606.47,27519.12,27676.35,87.35,6.0,2023-04-25T20:01:29,27676.35,tp,1.3976,0.8,2023-04
2023-04-25T20:34:01,cont,BUY,27974.49,27892.13,28040.38,82.36,50.0,2023-04-25T20:51:28,28040.38,tp,1.3178,0.8,2023-04
2023-04-25T21:02:01,cont,BUY,28058.09,27971.11,28127.67,86.98,78.0,2023-04-25T21:02:21,28127.67,tp,1.3917,0.8,2023-04
2023-04-25T21:22:01,cont,BUY,28228.03,28125.35,28310.17,102.68,98.0,2023-04-25T22:00:11,28310.17,tp,1.6429,0.8,2023-04
2023-05-08T20:10:01,flip,SELL,27303.79,29951.22,25185.85,2647.43,0.0,2023-06-14T20:32:13,25185.85,tp,42.3589,0.8,2023-05
2023-06-15T19:00:01,flip,BUY,25391.12,25278.85,25480.94,112.27,0.0,2023-06-15T19:09:54,25480.94,tp,1.7963,0.8,2023-06
2023-06-15T19:10:01,cont,BUY,25496.17,25384.41,25585.58,111.76,10.0,2023-06-15T19:16:39,25384.22,sl,-2.239,-1.0017,2023-06
2023-06-15T20:28:01,flip,SELL,25328.34,25488.8,25199.97,160.46,0.0,2023-06-15T20:58:24,25488.87,sl,-3.2106,-1.0004,2023-06
2023-06-15T21:34:01,flip,BUY,25764.82,25612.45,25886.72,152.37,0.0,2023-06-15T21:47:22,25610.32,sl,-3.09,-1.014,2023-06
2023-06-15T22:10:01,flip,SELL,25557.79,25596.48,25526.84,38.69,0.0,2023-06-15T22:25:31,25597.03,sl,-0.7848,-1.0142,2023-06
2023-06-15T22:36:01,flip,BUY,25626.07,25560.14,25678.81,65.93,0.0,2023-06-15T23:12:04,25559.79,sl,-1.3256,-1.0053,2023-06
2023-06-16T00:02:01,flip,SELL,25533.5,25606.19,25475.35,72.69,0.0,2023-06-16T00:20:26,25475.35,tp,1.163,0.8,2023-06
2023-06-16T16:56:01,flip,BUY,25949.38,25760.23,26100.7,189.15,0.0,2023-06-16T17:20:27,26100.7,tp,3.0264,0.8,2023-06
2023-06-16T17:21:01,cont,BUY,26092.38,25968.84,26191.21,123.54,25.0,2023-06-16T17:23:04,26191.21,tp,1.9766,0.8,2023-06
2023-06-16T17:53:01,cont,BUY,26265.36,26177.4,26335.73,87.96,57.0,2023-06-16T18:00:05,26335.73,tp,1.4074,0.8,2023-06
2023-06-17T01:59:01,flip,SELL,26204.98,26264.9,26157.04,59.92,0.0,2023-06-17T02:20:22,26265.58,sl,-1.212,-1.0113,2023-06
2023-06-17T02:44:01,flip,BUY,26281.24,26252.17,26304.5,29.07,0.0,2023-06-17T03:27:15,26251.77,sl,-0.5894,-1.0138,2023-06
2023-06-17T04:02:01,flip,SELL,26246.97,26270.28,26228.32,23.31,0.0,2023-06-17T04:16:37,26271.95,sl,-0.4996,-1.0716,2023-06
2023-06-19T18:05:01,flip,BUY,26832.26,26252.08,27296.4,580.18,0.0,2023-06-20T16:35:44,27296.4,tp,9.2829,0.8,2023-06
2023-06-20T16:42:01,cont,BUY,27321.01,27163.15,27447.3,157.86,102.0,2023-06-20T17:03:04,27447.3,tp,2.5258,0.8,2023-06
2023-06-20T19:11:01,flip,SELL,27803.57,27911.61,27717.14,108.04,0.0,2023-06-20T19:14:38,27912.92,sl,-2.187,-1.0121,2023-06
2023-06-20T20:02:01,flip,BUY,28054.19,27892.41,28183.61,161.78,0.0,2023-06-20T20:09:32,27892.25,sl,-3.2388,-1.001,2023-06
2023-06-20T20:44:01,cont,BUY,28167.53,27873.29,28402.92,294.24,42.0,2023-06-20T23:53:59,28402.92,tp,4.7078,0.8,2023-06
2023-06-21T21:42:01,flip,SELL,29855.33,30288.28,29508.97,432.95,0.0,2023-06-22T02:29:56,30288.31,sl,-8.6596,-1.0001,2023-06
2023-06-22T04:29:01,flip,SELL,30200.16,30256.2,30155.33,56.04,0.0,2023-06-22T04:32:37,30256.41,sl,-1.125,-1.0037,2023-06
2023-06-22T06:05:01,cont,SELL,30141.7,30353.25,29972.46,211.55,96.0,2023-06-22T11:08:27,29972.46,tp,3.3848,0.8,2023-06
2023-06-23T15:17:01,flip,BUY,30612.26,30395.21,30785.9,217.05,0.0,2023-06-23T15:23:02,30785.9,tp,3.4728,0.8,2023-06
2023-06-23T15:43:01,cont,BUY,30998.43,30573.95,31338.01,424.48,26.0,2023-06-23T15:53:42,31338.01,tp,6.7917,0.8,2023-06
2023-06-23T21:49:01,flip,SELL,30615.33,30966.61,30334.31,351.28,0.0,2023-06-24T16:03:48,30334.31,tp,5.6205,0.8,2023-06
2023-06-24T16:52:01,flip,BUY,30527.63,30421.03,30612.91,106.6,0.0,2023-06-24T17:04:05,30612.91,tp,1.7056,0.8,2023-06
2023-06-24T18:09:01,cont,BUY,30690.38,30542.43,30808.74,147.95,77.0,2023-06-24T20:48:58,30542.33,sl,-2.961,-1.0007,2023-06
2023-06-24T20:49:01,cont,SELL,30542.01,30633.67,30468.68,91.66,61.0,2023-06-24T21:13:36,30468.68,tp,1.4666,0.8,2023-06
2023-06-25T02:34:01,flip,BUY,30689.45,30638.61,30730.12,50.84,0.0,2023-06-25T02:57:51,30638.11,sl,-1.0268,-1.0098,2023-06
2023-06-25T03:15:01,cont,BUY,30714.29,30638.11,30775.23,76.18,41.0,2023-06-25T03:52:13,30775.23,tp,1.2189,0.8,2023-06
2023-06-25T04:03:01,cont,BUY,30864.41,30749.6,30956.26,114.81,89.0,2023-06-25T04:18:37,30956.26,tp,1.837,0.8,2023-06
2023-06-25T04:31:01,cont,BUY,30978.34,30874.26,31061.6,104.08,117.0,2023-06-25T04:53:20,30871.76,sl,-2.1316,-1.024,2023-06
2023-06-25T06:05:01,flip,SELL,30791.97,30958.96,30658.38,166.99,0.0,2023-06-25T06:23:46,30960.3,sl,-3.3666,-1.008,2023-06
2023-06-25T07:21:01,cont,SELL,30732.58,30987.22,30528.87,254.64,76.0,2023-06-25T15:02:02,30528.87,tp,4.0742,0.8,2023-06
2023-06-25T16:08:01,flip,BUY,30670.17,30532.18,30780.56,137.99,0.0,2023-06-25T16:15:48,30530.96,sl,-2.7842,-1.0088,2023-06
2023-06-25T18:01:01,flip,SELL,30512.27,30628.23,30419.5,115.96,0.0,2023-06-25T18:10:53,30419.5,tp,1.8554,0.8,2023-06
2023-06-25T18:11:01,cont,SELL,30429.6,30500.31,30373.03,70.71,10.0,2023-06-25T18:13:09,30373.03,tp,1.1314,0.8,2023-06
2023-06-25T19:37:01,cont,SELL,30344.09,30471.46,30242.19,127.37,96.0,2023-06-25T20:03:15,30473.38,sl,-2.5858,-1.0151,2023-06
2023-06-26T18:47:01,flip,BUY,30235.67,30133.76,30317.2,101.91,0.0,2023-06-26T19:07:23,30132.09,sl,-2.0716,-1.0164,2023-06
2023-06-26T19:49:01,cont,BUY,30283.81,30063.86,30459.77,219.95,62.0,2023-06-27T02:47:00,30459.77,tp,3.5192,0.8,2023-06
2023-06-27T04:00:01,flip,SELL,30367.22,30445.94,30304.24,78.72,0.0,2023-06-27T05:34:31,30304.24,tp,1.2595,0.8,2023-06
2023-06-27T07:45:02,flip,BUY,30406.07,30336.34,30461.85,69.73,0.0,2023-06-27T07:51:17,30461.85,tp,1.1157,0.8,2023-06
2023-06-27T09:10:01,flip,SELL,30343.0,30398.92,30298.26,55.92,0.0,2023-06-27T09:33:03,30400.18,sl,-1.1436,-1.0225,2023-06
2023-06-27T09:54:01,cont,SELL,30333.51,30399.32,30280.86,65.81,44.0,2023-06-27T10:01:06,30400.59,sl,-1.3416,-1.0193,2023-06
2023-06-27T11:51:01,flip,BUY,30776.1,30500.82,30996.32,275.28,0.0,2023-06-27T14:07:50,30996.32,tp,4.4045,0.8,2023-06
2023-06-28T02:52:01,flip,SELL,30396.28,30788.29,30082.67,392.01,0.0,2023-06-28T12:56:07,30082.67,tp,6.2722,0.8,2023-06
2023-06-28T14:02:01,flip,BUY,30283.48,30051.92,30468.73,231.56,0.0,2023-06-28T14:41:58,30468.73,tp,3.705,0.8,2023-06
2023-06-28T17:17:01,flip,SELL,30058.96,30127.12,30004.43,68.16,0.0,2023-06-28T17:17:36,30128.05,sl,-1.3818,-1.0136,2023-06
2023-06-28T18:26:01,flip,BUY,30232.76,30074.36,30359.48,158.4,0.0,2023-06-28T19:29:28,30072.33,sl,-3.2086,-1.0128,2023-06
2023-06-29T11:40:01,flip,SELL,30596.06,30658.71,30545.94,62.65,0.0,2023-06-29T11:45:40,30659.52,sl,-1.2692,-1.0129,2023-06
2023-06-29T12:08:01,flip,BUY,30694.51,30653.87,30727.02,40.64,0.0,2023-06-29T12:08:59,30652.71,sl,-0.836,-1.0285,2023-06
2023-06-29T12:14:01,cont,BUY,30710.71,30652.71,30757.11,58.0,6.0,2023-06-29T12:22:21,30652.53,sl,-1.1636,-1.0031,2023-06
2023-06-29T12:56:01,flip,SELL,30630.91,30705.35,30571.36,74.44,0.0,2023-06-29T13:08:39,30707.18,sl,-1.5254,-1.0246,2023-06
2023-06-29T13:59:01,cont,SELL,30521.55,30833.26,30272.18,311.71,63.0,2023-06-29T20:24:47,30272.18,tp,4.9874,0.8,2023-06
2023-06-30T04:35:01,flip,BUY,30887.95,30672.75,31060.11,215.2,0.0,2023-06-30T04:41:02,31060.11,tp,3.4432,0.8,2023-06
2023-06-30T06:20:01,flip,SELL,30637.82,30759.98,30540.09,122.16,0.0,2023-06-30T07:07:57,30760.16,sl,-2.4468,-1.0015,2023-06
2023-06-30T07:52:01,cont,BUY,30854.21,30654.62,31013.88,199.59,48.0,2023-06-30T12:06:47,31013.88,tp,3.1934,0.8,2023-06
2023-06-30T12:32:01,cont,BUY,31121.12,30914.6,31286.34,206.52,51.0,2023-06-30T13:09:09,30913.91,sl,-4.1442,-1.0033,2023-06
2023-06-30T13:48:01,flip,SELL,29581.37,30315.19,28994.31,733.82,0.0,2023-06-30T16:39:02,30317.71,sl,-14.7268,-1.0034,2023-06
2023-06-30T17:16:01,flip,BUY,30517.27,30380.23,30626.9,137.04,0.0,2023-06-30T17:20:03,30626.9,tp,2.1926,0.8,2023-06
2023-06-30T18:38:01,flip,SELL,30330.85,30450.14,30235.42,119.29,0.0,2023-06-30T19:16:33,30451.28,sl,-2.4086,-1.0096,2023-06
2023-06-30T20:28:01,flip,BUY,30496.45,30366.81,30600.16,129.64,0.0,2023-06-30T21:10:55,30365.2,sl,-2.625,-1.0124,2023-06
2023-06-30T22:07:01,cont,BUY,30507.84,30336.01,30645.3,171.83,99.0,2023-07-01T04:16:57,30335.71,sl,-3.4426,-1.0017,2023-06
2023-07-01T04:23:01,cont,SELL,30325.88,30390.79,30273.95,64.91,68.0,2023-07-01T04:36:31,30390.8,sl,-1.2984,-1.0002,2023-07
2023-07-01T04:53:01,flip,BUY,30415.83,30350.58,30468.03,65.25,0.0,2023-07-01T06:54:22,30468.03,tp,1.044,0.8,2023-07
2023-07-01T14:08:01,flip,SELL,30531.17,30597.2,30478.35,66.03,0.0,2023-07-01T14:23:02,30597.29,sl,-1.3224,-1.0014,2023-07
2023-07-01T15:02:01,flip,BUY,30667.34,30600.54,30720.78,66.8,0.0,2023-07-01T15:03:53,30599.69,sl,-1.353,-1.0127,2023-07
2023-07-01T16:36:01,flip,SELL,30543.33,30592.02,30504.38,48.69,0.0,2023-07-01T17:07:26,30592.4,sl,-0.9814,-1.0078,2023-07
2023-07-01T18:35:01,flip,BUY,30604.8,30543.88,30653.54,60.92,0.0,2023-07-02T00:24:27,30542.7,sl,-1.242,-1.0194,2023-07
2023-07-02T22:28:01,flip,BUY,30762.13,30362.93,31081.49,399.2,0.0,2023-07-03T15:35:05,31081.49,tp,6.3872,0.8,2023-07
2023-07-03T15:48:01,cont,BUY,31111.35,30984.79,31212.6,126.56,104.0,2023-07-03T16:06:45,30984.37,sl,-2.5396,-1.0033,2023-07
2023-07-03T20:16:01,flip,SELL,31202.3,31298.3,31125.5,96.0,0.0,2023-07-03T20:54:08,31125.5,tp,1.536,0.8,2023-07
2023-07-03T21:23:01,cont,SELL,31053.86,31134.0,30989.75,80.14,67.0,2023-07-03T21:25:35,30989.75,tp,1.2822,0.8,2023-07
2023-07-03T23:53:01,flip,BUY,31160.14,31093.48,31213.47,66.66,0.0,2023-07-04T01:29:20,31213.47,tp,1.0666,0.8,2023-07
2023-07-04T01:37:01,cont,BUY,31237.34,31100.71,31346.64,136.63,104.0,2023-07-04T04:21:19,31100.33,sl,-2.7402,-1.0028,2023-07
2023-07-04T04:37:01,cont,SELL,31079.52,31148.54,31024.3,69.02,77.0,2023-07-04T04:52:13,31024.3,tp,1.1043,0.8,2023-07
2023-07-04T20:38:01,flip,BUY,30807.4,30656.71,30927.95,150.69,0.0,2023-07-05T08:18:31,30654.73,sl,-3.0534,-1.0131,2023-07
2023-07-05T08:56:01,flip,BUY,30818.4,30751.75,30871.72,66.65,0.0,2023-07-05T09:19:27,30751.53,sl,-1.3374,-1.0033,2023-07
2023-07-05T09:43:01,flip,SELL,30717.92,30751.88,30690.75,33.96,0.0,2023-07-05T09:45:58,30752.74,sl,-0.6964,-1.0253,2023-07
2023-07-05T09:53:01,cont,SELL,30687.93,30743.04,30643.84,55.11,10.0,2023-07-05T10:16:07,30643.84,tp,0.8818,0.8,2023-07
2023-07-05T10:34:01,cont,SELL,30621.57,30711.56,30549.58,89.99,51.0,2023-07-05T10:37:35,30549.58,tp,1.4398,0.8,2023-07
2023-07-05T13:55:01,flip,BUY,30403.63,30308.78,30479.51,94.85,0.0,2023-07-05T15:16:44,30306.95,sl,-1.9336,-1.0193,2023-07
2023-07-05T15:39:01,cont,SELL,30237.87,30376.96,30126.6,139.09,24.0,2023-07-05T15:45:28,30377.34,sl,-2.7894,-1.0027,2023-07
2023-07-05T16:27:01,flip,BUY,30483.9,30415.75,30538.42,68.15,0.0,2023-07-05T16:33:43,30415.28,sl,-1.3724,-1.0069,2023-07
2023-07-05T17:04:01,cont,BUY,30505.83,30420.86,30573.81,84.97,37.0,2023-07-05T17:28:10,30573.81,tp,1.3595,0.8,2023-07
2023-07-05T20:00:01,flip,SELL,30437.76,30540.65,30355.45,102.89,0.0,2023-07-05T23:39:33,30541.21,sl,-2.069,-1.0054,2023-07
2023-07-06T05:39:01,flip,BUY,30594.49,30441.03,30717.26,153.46,0.0,2023-07-06T06:48:14,30717.26,tp,2.4554,0.8,2023-07
2023-07-06T07:11:01,cont,BUY,30765.13,30689.44,30825.68,75.69,92.0,2023-07-06T07:30:15,30825.68,tp,1.211,0.8,2023-07
2023-07-06T11:53:01,flip,SELL,30944.18,31284.94,30671.57,340.76,0.0,2023-07-06T12:09:23,30671.57,tp,5.4522,0.8,2023-07
2023-07-06T12:33:01,cont,SELL,30673.94,30792.97,30578.72,119.03,40.0,2023-07-06T12:34:10,30578.72,tp,1.9045,0.8,2023-07
2023-07-06T13:37:01,cont,SELL,30539.36,30680.87,30426.15,141.51,104.0,2023-07-06T13:54:55,30426.15,tp,2.2642,0.8,2023-07
2023-07-06T15:00:01,flip,BUY,30238.24,30084.12,30361.54,154.12,0.0,2023-07-06T15:11:22,30083.91,sl,-3.0866,-1.0014,2023-07
2023-07-06T15:23:01,cont,BUY,30270.06,30088.47,30415.33,181.59,23.0,2023-07-06T15:44:01,30415.33,tp,2.9054,0.8,2023-07
2023-07-06T15:45:01,cont,BUY,30441.54,30325.32,30534.52,116.22,45.0,2023-07-06T16:22:20,30325.19,sl,-2.327,-1.0011,2023-07
2023-07-06T16:43:01,flip,SELL,30271.11,30337.42,30218.06,66.31,0.0,2023-07-06T16:47:28,30218.06,tp,1.061,0.8,2023-07
2023-07-06T18:59:01,flip,BUY,30408.25,30212.6,30564.77,195.65,0.0,2023-07-06T21:21:44,30211.46,sl,-3.9358,-1.0058,2023-07
2023-07-06T22:53:01,flip,SELL,30124.7,30271.78,30007.04,147.08,0.0,2023-07-06T23:08:29,30007.04,tp,2.3533,0.8,2023-07
2023-07-06T23:19:01,cont,SELL,29951.39,30107.91,29826.17,156.52,26.0,2023-07-07T00:02:14,29826.17,tp,2.5043,0.8,2023-07
2023-07-07T01:39:01,flip,BUY,30123.53,29984.75,30234.55,138.78,0.0,2023-07-07T05:24:54,30234.55,tp,2.2205,0.8,2023-07
2023-07-07T06:11:01,flip,SELL,30206.12,30260.24,30162.82,54.12,0.0,2023-07-07T06:22:41,30162.82,tp,0.8659,0.8,2023-07
2023-07-07T06:23:01,cont,SELL,30135.46,30219.19,30068.48,83.73,12.0,2023-07-07T07:48:40,30068.48,tp,1.3397,0.8,2023-07
2023-07-07T09:41:01,flip,BUY,30175.99,30123.07,30218.33,52.92,0.0,2023-07-07T09:58:22,30122.34,sl,-1.073,-1.0138,2023-07
2023-07-07T10:22:01,flip,SELL,30095.4,30127.83,30069.46,32.43,0.0,2023-07-07T10:24:21,30129.0,sl,-0.672,-1.0361,2023-07
2023-07-07T11:01:01,flip,BUY,30193.64,30164.57,30216.9,29.07,0.0,2023-07-07T11:02:02,30164.38,sl,-0.5852,-1.0065,2023-07
2023-07-07T11:35:01,cont,BUY,30207.6,30118.64,30278.77,88.96,34.0,2023-07-07T11:52:30,30117.77,sl,-1.7966,-1.0098,2023-07
2023-07-07T12:30:02,flip,SELL,30095.8,30179.7,30028.68,83.9,0.0,2023-07-07T12:30:13,30181.05,sl,-1.705,-1.0161,2023-07
2023-07-07T13:54:01,flip,BUY,30368.77,30057.77,30617.57,311.0,0.0,2023-07-08T19:24:05,30055.86,sl,-6.2582,-1.0061,2023-07
2023-07-14T17:17:01,flip,SELL,31016.82,31361.66,30740.95,344.84,0.0,2023-07-14T17:58:53,30740.95,tp,5.5174,0.8,2023-07
2023-07-14T18:22:01,cont,SELL,30562.63,30781.05,30387.89,218.42,65.0,2023-07-14T18:29:36,30387.89,tp,3.4947,0.8,2023-07
2023-07-14T19:01:01,cont,SELL,30017.58,30243.18,29837.1,225.6,104.0,2023-07-14T19:14:56,30244.64,sl,-4.5412,-1.0065,2023-07
2023-07-14T20:16:01,flip,SELL,30039.11,30118.54,29975.57,79.43,0.0,2023-07-14T20:33:27,29975.57,tp,1.2709,0.8,2023-07
2023-07-14T21:04:02,flip,BUY,30246.75,30152.39,30322.24,94.36,0.0,2023-07-14T21:45:11,30152.08,sl,-1.8934,-1.0033,2023-07
2023-07-15T02:58:01,flip,SELL,30298.13,30336.51,30267.43,38.38,0.0,2023-07-15T03:37:21,30336.69,sl,-0.7712,-1.0047,2023-07
2023-07-15T07:45:01,flip,BUY,30367.02,30297.69,30422.48,69.33,0.0,2023-07-15T08:18:05,30296.08,sl,-1.4188,-1.0232,2023-07
2023-07-15T15:06:01,flip,SELL,30258.62,30326.47,30204.34,67.85,0.0,2023-07-15T18:32:04,30327.98,sl,-1.3872,-1.0223,2023-07
2023-07-16T14:26:01,flip,BUY,30425.02,30315.41,30512.71,109.61,0.0,2023-07-16T18:39:12,30315.01,sl,-2.2002,-1.0036,2023-07
2023-07-16T23:32:01,flip,SELL,30158.58,30353.65,30002.52,195.07,0.0,2023-07-17T10:25:13,30002.52,tp,3.1211,0.8,2023-07
2023-07-17T21:51:01,flip,BUY,30261.12,30140.74,30357.42,120.38,0.0,2023-07-17T22:39:58,30140.64,sl,-2.4096,-1.0008,2023-07
2023-07-17T22:49:01,flip,SELL,30133.92,30169.43,30105.51,35.51,0.0,2023-07-17T23:00:11,30105.51,tp,0.5682,0.8,2023-07
2023-07-18T00:29:01,flip,BUY,30183.16,30104.83,30245.82,78.33,0.0,2023-07-18T01:57:34,30245.82,tp,1.2533,0.8,2023-07
2023-07-18T03:42:01,flip,SELL,30077.94,30156.25,30015.29,78.31,0.0,2023-07-18T06:18:18,30015.29,tp,1.253,0.8,2023-07
2023-07-18T06:19:01,flip,SELL,30024.69,30089.65,29972.72,64.96,0.0,2023-07-18T06:23:30,30089.97,sl,-1.3056,-1.0049,2023-07
2023-07-18T06:38:01,cont,SELL,29979.58,30091.69,29889.89,112.11,19.0,2023-07-18T08:18:23,29889.89,tp,1.7938,0.8,2023-07
2023-07-18T08:19:01,cont,SELL,29900.88,30031.31,29796.54,130.43,120.0,2023-07-18T08:26:05,30032.82,sl,-2.6388,-1.0116,2023-07
2023-07-18T14:02:01,flip,BUY,29887.9,29773.19,29979.67,114.71,0.0,2023-07-18T14:24:27,29979.67,tp,1.8354,0.8,2023-07
2023-07-18T16:47:01,flip,SELL,29783.16,29968.29,29635.06,185.13,0.0,2023-07-18T16:48:42,29635.06,tp,2.9621,0.8,2023-07
2023-07-19T00:56:01,flip,BUY,30067.21,29958.77,30153.96,108.44,0.0,2023-07-19T01:23:12,29956.78,sl,-2.2086,-1.0184,2023-07
2023-07-19T06:42:01,flip,SELL,30031.23,30060.81,30007.57,29.58,0.0,2023-07-19T07:01:19,30062.37,sl,-0.6228,-1.0527,2023-07
2023-07-19T07:43:01,cont,SELL,30001.29,30057.41,29956.39,56.12,61.0,2023-07-19T08:47:19,29956.39,tp,0.8979,0.8,2023-07
2023-07-19T15:34:01,flip,BUY,29907.88,29842.1,29960.5,65.78,0.0,2023-07-19T15:50:50,29960.5,tp,1.0525,0.8,2023-07
2023-07-19T17:15:01,cont,BUY,29987.33,29853.62,30094.3,133.71,101.0,2023-07-19T21:18:05,29853.35,sl,-2.6796,-1.002,2023-07
2023-07-20T01:08:01,flip,BUY,30021.6,29978.76,30055.87,42.84,0.0,2023-07-20T01:17:27,29978.71,sl,-0.8578,-1.0012,2023-07
2023-07-20T02:09:01,cont,BUY,30036.58,29951.27,30104.83,85.31,61.0,2023-07-20T03:07:20,29950.74,sl,-1.7168,-1.0062,2023-07
2023-07-20T03:26:01,flip,SELL,29917.43,29968.93,29876.23,51.5,0.0,2023-07-20T04:13:18,29968.93,sl,-1.03,-1.0,2023-07
2023-07-20T05:16:01,flip,BUY,30026.3,29937.0,30097.74,89.3,0.0,2023-07-20T05:38:49,30097.74,tp,1.4288,0.8,2023-07
2023-07-20T06:30:01,cont,BUY,30189.51,30081.07,30276.26,108.44,74.0,2023-07-20T08:47:26,30276.26,tp,1.735,0.8,2023-07
2023-07-20T11:03:01,flip,SELL,30246.3,30296.01,30206.53,49.71,0.0,2023-07-20T11:06:28,30296.42,sl,-1.0024,-1.0082,2023-07
2023-07-20T12:30:01,cont,SELL,30234.55,30310.61,30173.7,76.06,87.0,2023-07-20T13:16:11,30173.7,tp,1.217,0.8,2023-07
2023-07-20T13:51:01,flip,BUY,30270.97,30213.0,30317.35,57.97,0.0,2023-07-20T13:59:23,30212.26,sl,-1.1742,-1.0128,2023-07
2023-07-20T14:17:01,flip,SELL,30152.68,30216.32,30101.77,63.64,0.0,2023-07-20T14:30:13,30101.77,tp,1.0182,0.8,2023-07
2023-07-20T14:33:01,cont,SELL,30077.78,30138.6,30029.12,60.82,16.0,2023-07-20T14:35:44,30029.12,tp,0.9731,0.8,2023-07
2023-07-21T02:11:01,flip,BUY,29922.32,29726.74,30078.78,195.58,0.0,2023-07-21T11:23:12,29725.83,sl,-3.9298,-1.0047,2023-07
2023-07-23T21:36:01,flip,SELL,29999.13,30138.13,29887.93,139.0,0.0,2023-07-24T01:39:22,29887.93,tp,2.224,0.8,2023-07
2023-07-24T04:24:01,flip,BUY,29783.98,29719.24,29835.77,64.74,0.0,2023-07-24T07:13:24,29718.46,sl,-1.3104,-1.012,2023-07
2023-07-24T08:32:01,flip,SELL,29778.59,29804.93,29757.52,26.34,0.0,2023-07-24T08:33:08,29805.94,sl,-0.547,-1.0383,2023-07
2023-07-24T09:04:01,cont,SELL,29723.82,29750.41,29702.55,26.59,32.0,2023-07-24T09:06:43,29750.78,sl,-0.5392,-1.0139,2023-07
2023-07-24T09:36:01,cont,SELL,29713.94,29747.21,29687.32,33.27,64.0,2023-07-24T09:45:56,29687.32,tp,0.5323,0.8,2023-07
2023-07-24T16:38:01,flip,BUY,29146.38,29024.3,29244.04,122.08,0.0,2023-07-24T17:43:01,29023.65,sl,-2.4546,-1.0053,2023-07
2023-07-25T01:27:02,flip,SELL,29061.72,29097.93,29032.75,36.21,0.0,2023-07-25T01:48:30,29098.82,sl,-0.742,-1.0246,2023-07
2023-07-25T02:16:01,cont,BUY,29125.22,29064.1,29174.12,61.12,28.0,2023-07-25T02:41:09,29174.12,tp,0.9779,0.8,2023-07
2023-07-25T11:20:01,flip,SELL,29142.32,29193.53,29101.35,51.21,0.0,2023-07-25T13:04:23,29101.35,tp,0.8194,0.8,2023-07
2023-07-25T13:09:01,cont,BUY,29147.43,29093.71,29190.41,53.72,44.0,2023-07-25T13:13:06,29092.81,sl,-1.0924,-1.0168,2023-07
2023-07-25T13:27:01,cont,BUY,29156.55,29097.02,29204.17,59.53,62.0,2023-07-25T13:34:05,29204.17,tp,0.9525,0.8,2023-07
2023-07-25T14:16:01,cont,BUY,29336.93,29223.57,29427.62,113.36,111.0,2023-07-25T14:32:11,29223.57,sl,-2.2672,-1.0,2023-07
2023-07-26T01:07:01,flip,SELL,29132.74,29189.76,29087.12,57.02,0.0,2023-07-26T02:28:08,29189.83,sl,-1.1418,-1.0012,2023-07
2023-07-26T02:58:01,flip,BUY,29257.88,29190.08,29312.12,67.8,0.0,2023-07-26T03:08:45,29312.12,tp,1.0848,0.8,2023-07
2023-07-26T03:09:01,cont,BUY,29325.71,29246.33,29389.21,79.38,11.0,2023-07-26T03:10:18,29389.21,tp,1.2701,0.8,2023-07
2023-07-26T04:38:01,flip,SELL,29208.2,29261.81,29165.31,53.61,0.0,2023-07-26T05:17:53,29262.66,sl,-1.0892,-1.0159,2023-07
2023-07-26T05:42:01,flip,BUY,29266.03,29212.04,29309.22,53.99,0.0,2023-07-26T06:41:52,29309.22,tp,0.8638,0.8,2023-07
2023-07-26T09:33:01,flip,SELL,29186.58,29250.62,29135.35,64.04,0.0,2023-07-26T12:30:02,29252.16,sl,-1.3116,-1.024,2023-07
2023-07-26T13:04:01,flip,BUY,29260.59,29209.62,29301.37,50.97,0.0,2023-07-26T13:11:52,29301.37,tp,0.8155,0.8,2023-07
2023-07-26T14:02:01,cont,BUY,29340.74,29227.78,29431.11,112.96,58.0,2023-07-26T14:04:13,29227.45,sl,-2.2658,-1.0029,2023-07
2023-07-26T21:29:01,flip,SELL,29445.53,29593.92,29326.82,148.39,0.0,2023-07-26T23:43:18,29326.82,tp,2.3742,0.8,2023-07
2023-07-28T14:11:01,flip,BUY,29339.06,29243.95,29415.15,95.11,0.0,2023-07-28T14:29:43,29415.15,tp,1.5218,0.8,2023-07
2023-07-28T14:30:01,cont,BUY,29446.1,29363.46,29512.21,82.64,19.0,2023-07-28T15:11:23,29512.21,tp,1.3222,0.8,2023-07
2023-07-28T15:21:01,cont,BUY,29512.77,29401.48,29601.8,111.29,70.0,2023-07-28T15:36:10,29400.79,sl,-2.2396,-1.0062,2023-07
2023-07-28T16:10:01,flip,SELL,29330.01,29394.85,29278.14,64.84,0.0,2023-07-28T16:36:43,29396.66,sl,-1.333,-1.0279,2023-07
2023-07-28T16:37:01,flip,BUY,29395.29,29342.74,29437.33,52.55,0.0,2023-07-28T16:52:04,29341.6,sl,-1.0738,-1.0217,2023-07
2023-08-02T03:07:01,flip,SELL,29757.79,29863.1,29673.54,105.31,0.0,2023-08-02T03:36:07,29673.54,tp,1.685,0.8,2023-08
2023-08-02T04:10:01,cont,SELL,29577.09,29607.33,29552.9,30.24,63.0,2023-08-02T04:26:00,29609.03,sl,-0.6388,-1.0562,2023-08
2023-08-02T11:41:01,flip,BUY,29540.37,29472.82,29594.41,67.55,0.0,2023-08-02T12:41:05,29472.65,sl,-1.3544,-1.0025,2023-08
2023-08-02T12:58:01,cont,SELL,29445.67,29499.02,29402.99,53.35,23.0,2023-08-02T13:13:31,29402.99,tp,0.8536,0.8,2023-08
2023-08-02T13:28:01,cont,SELL,29382.37,29436.05,29339.43,53.68,53.0,2023-08-02T13:44:32,29437.66,sl,-1.1058,-1.03,2023-08
2023-08-02T14:09:01,cont,SELL,29276.07,29424.66,29157.2,148.59,94.0,2023-08-02T16:51:47,29157.2,tp,2.3774,0.8,2023-08
2023-08-03T15:24:01,flip,SELL,29208.91,29287.39,29146.13,78.48,0.0,2023-08-03T16:29:31,29287.5,sl,-1.5718,-1.0014,2023-08
2023-08-03T17:04:01,flip,BUY,29322.46,29247.69,29382.28,74.77,0.0,2023-08-03T17:31:27,29247.68,sl,-1.4956,-1.0001,2023-08
2023-08-03T17:44:01,flip,SELL,29233.0,29256.45,29214.24,23.45,0.0,2023-08-03T18:01:12,29214.24,tp,0.3752,0.8,2023-08
2023-08-03T18:06:01,cont,SELL,29200.98,29211.0,29192.96,10.02,22.0,2023-08-03T18:06:02,29213.03,sl,-0.241,-1.2026,2023-08
2023-08-03T18:09:01,cont,SELL,29197.65,29209.45,29188.21,11.8,25.0,2023-08-03T18:09:58,29188.21,tp,0.1888,0.8,2023-08
2023-08-03T18:55:01,flip,BUY,29242.13,29202.05,29274.19,40.08,0.0,2023-08-03T19:14:32,29200.83,sl,-0.826,-1.0304,2023-08
2023-08-03T19:39:01,cont,BUY,29254.09,29179.86,29313.47,74.23,44.0,2023-08-03T20:27:05,29313.47,tp,1.1877,0.8,2023-08
2023-08-03T21:58:01,flip,SELL,29224.16,29305.97,29158.71,81.81,0.0,2023-08-03T22:21:38,29158.71,tp,1.309,0.8,2023-08
2023-08-04T05:11:01,flip,BUY,29198.62,29164.24,29226.12,34.38,0.0,2023-08-04T05:14:24,29163.41,sl,-0.7042,-1.0241,2023-08
2023-08-04T05:41:01,cont,BUY,29196.41,29168.04,29219.11,28.37,30.0,2023-08-04T06:50:47,29167.23,sl,-0.5836,-1.0286,2023-08
2023-08-04T07:13:01,cont,SELL,29137.72,29165.41,29115.57,27.69,31.0,2023-08-04T07:14:12,29165.71,sl,-0.5598,-1.0108,2023-08
2023-08-04T07:39:01,cont,SELL,29135.65,29162.75,29113.97,27.1,57.0,2023-08-04T07:43:08,29163.16,sl,-0.5502,-1.0151,2023-08
2023-08-04T08:19:01,flip,BUY,29227.84,29182.31,29264.26,45.53,0.0,2023-08-04T08:24:11,29181.18,sl,-0.9332,-1.0248,2023-08
2023-08-04T09:06:01,cont,SELL,29138.63,29159.39,29122.02,20.76,18.0,2023-08-04T09:08:15,29159.83,sl,-0.424,-1.0212,2023-08
2023-08-04T09:21:01,flip,BUY,29179.08,29155.48,29197.96,23.6,0.0,2023-08-04T09:41:08,29155.39,sl,-0.4738,-1.0038,2023-08
2023-08-04T10:08:01,flip,SELL,29152.15,29168.74,29138.88,16.59,0.0,2023-08-04T10:25:15,29138.88,tp,0.2654,0.8,2023-08
2023-08-04T10:50:01,cont,SELL,29115.59,29144.52,29092.45,28.93,42.0,2023-08-04T11:32:02,29144.87,sl,-0.5856,-1.0121,2023-08
2023-08-04T12:05:01,cont,SELL,29105.89,29148.8,29071.56,42.91,117.0,2023-08-04T12:09:07,29148.92,sl,-0.8606,-1.0028,2023-08
2023-08-04T13:47:01,flip,BUY,29288.92,29238.14,29329.54,50.78,0.0,2023-08-04T13:54:26,29237.4,sl,-1.0304,-1.0146,2023-08
2023-08-04T14:04:01,flip,SELL,29177.43,29202.91,29157.05,25.48,0.0,2023-08-04T14:04:33,29157.05,tp,0.4077,0.8,2023-08
2023-08-04T14:33:01,flip,BUY,29242.53,29193.59,29281.68,48.94,0.0,2023-08-04T14:47:06,29193.55,sl,-0.9796,-1.0008,2023-08
2023-08-04T14:54:01,cont,BUY,29262.76,29193.57,29318.11,69.19,21.0,2023-08-04T17:53:52,29193.36,sl,-1.388,-1.003,2023-08
2023-08-04T18:16:01,cont,SELL,29151.91,29170.51,29137.03,18.6,55.0,2023-08-04T18:19:06,29137.03,tp,0.2976,0.8,2023-08
2023-08-04T18:37:01,cont,SELL,29069.38,29122.58,29026.82,53.2,76.0,2023-08-04T18:41:13,29026.82,tp,0.8512,0.8,2023-08
2023-08-04T18:46:01,cont,SELL,28978.77,29031.97,28936.21,53.2,85.0,2023-08-04T18:50:56,29031.98,sl,-1.0642,-1.0002,2023-08
2023-08-04T19:19:01,flip,BUY,29089.2,29009.51,29152.95,79.69,0.0,2023-08-04T19:39:02,29009.4,sl,-1.596,-1.0014,2023-08
2023-08-04T20:01:01,flip,SELL,28994.12,29013.66,28978.49,19.54,0.0,2023-08-04T20:01:12,29013.83,sl,-0.3942,-1.0087,2023-08
2023-08-04T20:18:01,flip,BUY,29059.45,29030.72,29082.43,28.73,0.0,2023-08-04T20:37:23,29030.45,sl,-0.58,-1.0094,2023-08
2023-08-05T01:26:01,flip,SELL,29050.68,29070.03,29035.2,19.35,0.0,2023-08-05T01:31:56,29071.06,sl,-0.4076,-1.0532,2023-08
2023-08-05T05:59:01,flip,BUY,29080.74,29060.88,29096.63,19.86,0.0,2023-08-05T06:05:10,29060.3,sl,-0.4088,-1.0292,2023-08
2023-08-05T07:18:01,flip,SELL,29030.29,29054.2,29011.16,23.91,0.0,2023-08-05T08:43:56,29054.71,sl,-0.4884,-1.0213,2023-08
2023-08-05T13:58:01,flip,BUY,29016.08,28968.68,29054.0,47.4,0.0,2023-08-05T14:55:26,29054.0,tp,0.7584,0.8,2023-08
2023-08-05T16:13:01,flip,BUY,29027.43,28999.92,29049.44,27.51,0.0,2023-08-05T16:22:31,28999.32,sl,-0.5622,-1.0218,2023-08
2023-08-05T16:34:01,cont,SELL,28985.18,28996.75,28975.92,11.57,5.0,2023-08-05T16:34:26,28996.9,sl,-0.2344,-1.013,2023-08
2023-08-05T17:16:01,flip,BUY,29026.06,29008.28,29040.28,17.78,0.0,2023-08-05T18:16:19,29040.28,tp,0.2845,0.8,2023-08
2023-08-05T18:17:01,cont,BUY,29053.11,29020.57,29079.14,32.54,61.0,2023-08-06T01:52:05,29019.94,sl,-0.6634,-1.0194,2023-08
2023-08-06T02:24:01,flip,BUY,29051.12,29028.36,29069.33,22.76,0.0,2023-08-06T03:08:16,29027.95,sl,-0.4634,-1.018,2023-08
2023-08-06T10:13:01,cont,SELL,29032.95,29054.76,29015.5,21.81,49.0,2023-08-06T11:40:45,29055.63,sl,-0.4536,-1.0399,2023-08
2023-08-06T16:46:01,flip,BUY,29046.01,28969.93,29106.87,76.08,0.0,2023-08-06T20:54:49,29106.87,tp,1.2173,0.8,2023-08
2023-08-06T21:04:01,flip,BUY,29170.04,29088.45,29235.31,81.59,0.0,2023-08-06T21:51:00,29087.4,sl,-1.6528,-1.0129,2023-08
2023-08-07T00:36:01,flip,SELL,28980.29,29127.07,28862.87,146.78,0.0,2023-08-07T01:18:43,29127.92,sl,-2.9526,-1.0058,2023-08
2023-08-07T02:53:01,flip,BUY,29199.81,29096.46,29282.49,103.35,0.0,2023-08-07T06:01:37,29096.4,sl,-2.0682,-1.0006,2023-08
2023-08-07T09:03:01,flip,SELL,29010.09,29073.61,28959.27,63.52,0.0,2023-08-07T10:38:22,29074.85,sl,-1.2952,-1.0195,2023-08
2023-08-07T10:39:01,cont,BUY,29077.37,29038.28,29108.64,39.09,77.0,2023-08-07T10:47:01,29108.64,tp,0.6254,0.8,2023-08
2023-08-07T11:17:01,flip,SELL,29079.89,29110.55,29055.36,30.66,0.0,2023-08-07T12:03:23,29055.36,tp,0.4906,0.8,2023-08
2023-08-07T12:10:02,cont,SELL,29042.06,29056.6,29030.43,14.54,53.0,2023-08-07T12:26:25,29030.43,tp,0.2326,0.8,2023-08
2023-08-07T12:27:01,cont,SELL,29018.52,29035.5,29004.94,16.98,70.0,2023-08-07T12:49:05,29036.24,sl,-0.3544,-1.0436,2023-08
2023-08-07T16:54:01,flip,BUY,28943.49,28830.88,29033.58,112.61,0.0,2023-08-07T18:05:09,29033.58,tp,1.8018,0.8,2023-08
2023-08-07T18:20:01,cont,BUY,29154.43,29091.56,29204.73,62.87,86.0,2023-08-07T18:47:13,29091.39,sl,-1.2608,-1.0027,2023-08
2023-08-08T13:50:01,flip,SELL,29341.03,29369.43,29318.31,28.4,0.0,2023-08-08T13:57:04,29369.86,sl,-0.5766,-1.0151,2023-08
2023-08-08T14:21:01,flip,BUY,29405.16,29343.22,29454.71,61.94,0.0,2023-08-08T14:41:48,29454.71,tp,0.991,0.8,2023-08
2023-08-08T15:38:02,cont,BUY,29523.26,29395.75,29625.27,127.51,77.0,2023-08-08T16:37:09,29625.27,tp,2.0402,0.8,2023-08
2023-08-08T21:58:01,flip,SELL,29820.7,29932.65,29731.14,111.95,0.0,2023-08-08T22:08:59,29731.14,tp,1.7912,0.8,2023-08
2023-08-08T22:39:01,cont,SELL,29681.24,29797.62,29588.14,116.38,41.0,2023-08-08T23:10:48,29797.7,sl,-2.3292,-1.0007,2023-08
2023-08-09T01:52:01,flip,BUY,29852.22,29734.22,29946.62,118.0,0.0,2023-08-09T02:23:39,29733.21,sl,-2.3802,-1.0086,2023-08
2023-08-09T02:41:01,flip,SELL,29643.63,29675.57,29618.08,31.94,0.0,2023-08-09T02:45:39,29675.69,sl,-0.6412,-1.0038,2023-08
2023-08-09T03:02:01,cont,SELL,29637.65,29673.03,29609.35,35.38,21.0,2023-08-09T03:05:18,29673.12,sl,-0.7094,-1.0025,2023-08
2023-08-09T04:11:01,flip,BUY,29720.5,29662.85,29766.62,57.65,0.0,2023-08-09T06:18:10,29662.42,sl,-1.1616,-1.0075,2023-08
2023-08-09T07:24:01,flip,BUY,29754.56,29725.64,29777.7,28.92,0.0,2023-08-09T07:39:48,29777.7,tp,0.4627,0.8,2023-08
2023-08-09T07:40:01,cont,BUY,29783.04,29745.98,29812.69,37.06,16.0,2023-08-09T08:46:21,29812.69,tp,0.593,0.8,2023-08
2023-08-09T13:53:01,flip,SELL,29851.29,29913.01,29801.91,61.72,0.0,2023-08-09T14:04:45,29913.12,sl,-1.2366,-1.0018,2023-08
2023-08-09T14:09:01,cont,SELL,29842.13,29911.02,29787.02,68.89,16.0,2023-08-09T14:14:48,29787.02,tp,1.1022,0.8,2023-08
2023-08-09T14:55:01,cont,SELL,29762.05,29928.08,29629.23,166.03,62.0,2023-08-09T16:44:02,29629.23,tp,2.6565,0.8,2023-08
2023-08-09T18:27:01,flip,BUY,29501.4,29406.62,29577.22,94.78,0.0,2023-08-09T19:51:23,29405.08,sl,-1.9264,-1.0162,2023-08
2023-08-09T20:06:01,flip,SELL,29339.04,29423.04,29271.84,84.0,0.0,2023-08-09T20:20:23,29423.38,sl,-1.6868,-1.004,2023-08
2023-08-09T20:44:01,flip,BUY,29476.53,29434.37,29510.26,42.16,0.0,2023-08-09T21:13:07,29433.25,sl,-0.8656,-1.0266,2023-08
2023-08-09T21:46:01,flip,BUY,29517.53,29470.45,29555.19,47.08,0.0,2023-08-09T21:52:28,29469.31,sl,-0.9644,-1.0242,2023-08
2023-08-09T22:24:01,cont,BUY,29545.51,29455.21,29617.75,90.3,38.0,2023-08-10T01:36:31,29617.75,tp,1.4448,0.8,2023-08
2023-08-10T05:02:01,flip,SELL,29505.3,29538.98,29478.36,33.68,0.0,2023-08-10T05:54:42,29540.19,sl,-0.6978,-1.0359,2023-08
2023-08-10T10:01:01,flip,BUY,29517.93,29487.53,29542.25,30.4,0.0,2023-08-10T10:17:37,29487.3,sl,-0.6126,-1.0076,2023-08
2023-08-10T10:53:01,cont,BUY,29525.06,29471.41,29567.98,53.65,52.0,2023-08-10T11:32:15,29470.94,sl,-1.0824,-1.0088,2023-08
2023-08-10T14:36:01,flip,SELL,29533.11,29605.04,29475.57,71.93,0.0,2023-08-10T14:40:06,29475.57,tp,1.1509,0.8,2023-08
2023-08-10T16:18:01,cont,SELL,29364.92,29480.69,29272.3,115.77,102.0,2023-08-11T14:12:18,29481.92,sl,-2.34,-1.0106,2023-08
2023-08-11T14:13:01,cont,BUY,29491.9,29413.96,29554.25,77.94,24.0,2023-08-11T15:05:25,29413.86,sl,-1.5608,-1.0013,2023-08
2023-08-11T15:34:01,flip,SELL,29313.52,29364.7,29272.58,51.18,0.0,2023-08-11T16:01:19,29365.16,sl,-1.0328,-1.009,2023-08
2023-08-11T16:02:01,flip,BUY,29374.89,29340.81,29402.15,34.08,0.0,2023-08-11T16:26:18,29340.76,sl,-0.6826,-1.0015,2023-08
2023-08-11T16:42:01,flip,SELL,29311.09,29359.46,29272.39,48.37,0.0,2023-08-11T16:44:24,29272.39,tp,0.7739,0.8,2023-08
2023-08-11T21:06:01,flip,BUY,29388.93,29352.45,29418.11,36.48,0.0,2023-08-12T01:00:04,29418.11,tp,0.5837,0.8,2023-08
2023-08-12T02:48:01,flip,SELL,29359.75,29384.32,29340.09,24.57,0.0,2023-08-12T04:08:18,29384.88,sl,-0.5026,-1.0228,2023-08
2023-08-12T08:05:01,flip,BUY,29403.35,29343.65,29451.11,59.7,0.0,2023-08-12T16:21:54,29451.11,tp,0.9552,0.8,2023-08
2023-08-12T16:29:01,cont,BUY,29463.77,29448.05,29476.35,15.72,107.0,2023-08-12T16:31:00,29447.08,sl,-0.3338,-1.0617,2023-08
2023-08-12T17:40:01,flip,SELL,29416.07,29431.49,29403.73,15.42,0.0,2023-08-12T18:01:24,29403.73,tp,0.2467,0.8,2023-08
2023-08-13T01:15:01,flip,BUY,29425.9,29411.4,29437.5,14.5,0.0,2023-08-13T01:21:00,29411.1,sl,-0.296,-1.0207,2023-08
2023-08-13T02:02:01,cont,BUY,29424.98,29406.6,29439.68,18.38,47.0,2023-08-13T03:05:39,29405.86,sl,-0.3824,-1.0403,2023-08
2023-08-13T04:16:01,cont,SELL,29366.03,29387.22,29349.08,21.19,79.0,2023-08-13T04:53:46,29387.43,sl,-0.428,-1.0099,2023-08
2023-08-13T10:04:01,flip,BUY,29393.57,29365.04,29416.39,28.53,0.0,2023-08-13T11:25:08,29364.56,sl,-0.5802,-1.0168,2023-08
2023-08-13T11:42:01,cont,SELL,29355.32,29376.04,29338.74,20.72,38.0,2023-08-13T12:48:42,29376.12,sl,-0.416,-1.0039,2023-08
2023-08-13T12:50:01,flip,BUY,29379.11,29346.63,29405.09,32.48,0.0,2023-08-13T13:04:35,29346.49,sl,-0.6524,-1.0043,2023-08
2023-08-13T14:57:01,flip,SELL,29337.87,29359.77,29320.35,21.9,0.0,2023-08-13T15:01:06,29359.97,sl,-0.442,-1.0091,2023-08
2023-08-13T16:01:01,cont,SELL,29315.98,29347.07,29291.11,31.09,64.0,2023-08-13T17:09:32,29347.09,sl,-0.6222,-1.0006,2023-08
2023-08-13T17:20:01,flip,BUY,29371.74,29328.25,29406.53,43.49,0.0,2023-08-13T19:40:56,29406.53,tp,0.6958,0.8,2023-08
2023-08-13T21:32:01,flip,SELL,29369.71,29402.06,29343.83,32.35,0.0,2023-08-13T22:07:10,29343.83,tp,0.5176,0.8,2023-08
2023-08-13T22:41:01,cont,SELL,29251.54,29335.72,29184.2,84.18,69.0,2023-08-14T02:06:40,29184.2,tp,1.3469,0.8,2023-08
2023-08-14T03:04:01,flip,BUY,29329.54,29271.12,29376.28,58.42,0.0,2023-08-14T03:35:49,29376.28,tp,0.9347,0.8,2023-08
2023-08-14T04:19:01,cont,BUY,29389.86,29306.94,29456.2,82.92,75.0,2023-08-14T12:30:46,29305.47,sl,-1.6878,-1.0177,2023-08
2023-08-14T14:07:01,flip,BUY,29364.16,29313.2,29404.93,50.96,0.0,2023-08-14T14:27:02,29404.93,tp,0.8154,0.8,2023-08
2023-08-14T15:27:01,cont,BUY,29599.7,29423.66,29740.53,176.04,80.0,2023-08-14T18:00:22,29423.56,sl,-3.5228,-1.0006,2023-08
2023-08-14T18:01:01,cont,SELL,29436.52,29476.97,29404.16,40.45,32.0,2023-08-14T18:02:35,29404.16,tp,0.6472,0.8,2023-08
2023-08-16T17:22:01,flip,BUY,29062.79,29013.62,29102.13,49.17,0.0,2023-08-16T17:26:31,29102.13,tp,0.7867,0.8,2023-08
2023-08-16T17:58:01,cont,BUY,29136.56,29086.62,29176.51,49.94,36.0,2023-08-16T18:12:25,29084.58,sl,-1.0396,-1.0408,2023-08
2023-08-16T18:22:01,cont,BUY,29178.48,29072.82,29263.01,105.66,60.0,2023-08-16T19:25:54,29071.5,sl,-2.1396,-1.0125,2023-08
2023-08-16T23:06:01,flip,SELL,28810.54,28943.95,28703.81,133.41,0.0,2023-08-16T23:53:29,28703.81,tp,2.1346,0.8,2023-08
2023-08-17T00:01:01,cont,SELL,28681.41,28718.56,28651.69,37.15,55.0,2023-08-17T00:02:40,28651.69,tp,0.5944,0.8,2023-08
2023-08-17T00:38:01,cont,SELL,28580.59,28738.49,28454.27,157.9,92.0,2023-08-17T00:44:37,28454.27,tp,2.5264,0.8,2023-08
2023-08-23T16:50:01,flip,BUY,26475.32,26330.26,26591.37,145.06,0.0,2023-08-23T17:43:50,26591.37,tp,2.321,0.8,2023-08
2023-08-23T17:44:01,cont,BUY,26596.74,26466.07,26701.28,130.67,54.0,2023-08-23T18:38:20,26465.9,sl,-2.6168,-1.0013,2023-08
2023-08-23T18:39:01,cont,SELL,26466.39,26498.34,26440.83,31.95,5.0,2023-08-23T19:04:31,26499.41,sl,-0.6604,-1.0335,2023-08
2023-08-23T19:26:01,flip,BUY,26522.67,26471.09,26563.93,51.58,0.0,2023-08-23T19:40:05,26563.93,tp,0.8253,0.8,2023-08
2023-08-24T14:28:01,flip,SELL,26210.56,26580.03,25914.98,369.47,0.0,2023-08-24T17:38:51,25914.98,tp,5.9115,0.8,2023-08
2023-08-24T23:43:01,flip,BUY,26143.59,25925.1,26318.38,218.49,0.0,2023-08-25T14:44:07,25924.97,sl,-4.3724,-1.0006,2023-08
2023-08-25T14:54:01,cont,SELL,25825.28,25913.3,25754.86,88.02,47.0,2023-08-25T15:05:51,25913.47,sl,-1.7638,-1.0019,2023-08
2023-08-25T16:29:01,flip,BUY,26016.38,25884.36,26122.0,132.02,0.0,2023-08-25T17:33:03,25883.14,sl,-2.6648,-1.0092,2023-08
2023-08-25T17:46:01,flip,SELL,25833.17,25874.94,25799.75,41.77,0.0,2023-08-25T17:50:23,25875.01,sl,-0.8368,-1.0017,2023-08
2023-08-25T18:18:01,flip,BUY,25935.51,25863.93,25992.77,71.58,0.0,2023-08-25T18:36:48,25992.77,tp,1.1453,0.8,2023-08
2023-08-25T18:51:01,cont,BUY,26010.23,25965.13,26046.31,45.1,33.0,2023-08-25T18:55:50,26046.31,tp,0.7216,0.8,2023-08
2023-08-25T23:27:01,flip,SELL,26004.79,26039.86,25976.73,35.07,0.0,2023-08-25T23:53:56,26039.98,sl,-0.7038,-1.0034,2023-08
2023-08-26T02:17:01,flip,BUY,26101.95,26000.92,26182.77,101.03,0.0,2023-08-26T08:31:31,25999.79,sl,-2.0432,-1.0112,2023-08
2023-08-26T12:42:01,flip,SELL,25968.57,26016.63,25930.12,48.06,0.0,2023-08-26T13:32:07,26016.67,sl,-0.962,-1.0008,2023-08
2023-08-26T14:37:01,flip,BUY,26035.69,25995.79,26067.61,39.9,0.0,2023-08-26T16:41:12,25995.29,sl,-0.808,-1.0125,2023-08
2023-08-26T17:30:01,flip,SELL,25979.45,26018.56,25948.16,39.11,0.0,2023-08-26T17:58:10,26018.72,sl,-0.7854,-1.0041,2023-08
2023-08-26T21:29:01,flip,BUY,26030.1,25984.06,26066.93,46.04,0.0,2023-08-26T23:12:39,25983.62,sl,-0.9296,-1.0096,2023-08
2023-08-27T01:07:01,cont,SELL,25964.92,26008.25,25930.26,43.33,118.0,2023-08-27T04:27:00,26008.29,sl,-0.8674,-1.0009,2023-08
2023-08-27T04:33:01,cont,BUY,26008.78,25996.46,26018.64,12.32,45.0,2023-08-27T04:42:07,25996.17,sl,-0.2522,-1.0235,2023-08
2023-08-27T04:58:02,cont,BUY,26013.83,25996.13,26027.99,17.7,70.0,2023-08-27T06:44:51,25995.65,sl,-0.3636,-1.0271,2023-08
2023-08-27T11:43:01,flip,SELL,26027.78,26046.28,26012.98,18.5,0.0,2023-08-27T12:47:03,26046.28,sl,-0.37,-1.0,2023-08
2023-08-27T13:29:01,flip,BUY,26058.88,26042.2,26072.22,16.68,0.0,2023-08-27T13:37:37,26042.08,sl,-0.336,-1.0072,2023-08
2023-08-27T14:05:01,cont,BUY,26063.81,26031.45,26089.7,32.36,36.0,2023-08-27T14:14:27,26089.7,tp,0.5178,0.8,2023-08
2023-08-27T14:31:01,cont,BUY,26152.64,26085.97,26205.98,66.67,62.0,2023-08-27T15:58:00,26085.84,sl,-1.336,-1.0019,2023-08
2023-08-27T21:51:01,flip,SELL,26020.29,26143.13,25922.02,122.84,0.0,2023-08-28T05:32:02,25922.02,tp,1.9654,0.8,2023-08
2023-08-28T12:24:01,flip,BUY,26077.04,26038.07,26108.22,38.97,0.0,2023-08-28T12:25:41,26108.22,tp,0.6235,0.8,2023-08
2023-08-30T14:42:01,flip,SELL,27227.42,27429.0,27066.16,201.58,0.0,2023-08-30T14:50:35,27066.16,tp,3.2253,0.8,2023-08
2023-08-30T14:51:01,cont,SELL,27115.83,27281.37,26983.4,165.54,9.0,2023-08-30T15:37:25,27282.93,sl,-3.342,-1.0094,2023-08
2023-08-30T19:05:01,flip,BUY,27307.57,27087.15,27483.91,220.42,0.0,2023-08-31T11:42:27,27483.91,tp,3.5267,0.8,2023-08
2023-08-31T15:42:01,flip,SELL,26912.2,27203.6,26679.08,291.4,0.0,2023-08-31T16:30:39,26679.08,tp,4.6624,0.8,2023-08
2023-08-31T16:47:01,cont,SELL,26424.05,26574.7,26303.53,150.65,65.0,2023-08-31T16:51:32,26303.53,tp,2.4104,0.8,2023-08
2023-09-01T20:32:01,flip,BUY,25784.49,25552.8,25969.84,231.69,0.0,2023-09-02T15:26:38,25969.84,tp,3.707,0.8,2023-09
2023-09-02T16:04:01,flip,SELL,25908.2,25923.62,25895.86,15.42,0.0,2023-09-02T16:05:12,25924.43,sl,-0.3246,-1.0525,2023-09
2023-09-02T16:25:01,cont,SELL,25904.09,25950.49,25866.97,46.4,21.0,2023-09-02T16:39:23,25866.97,tp,0.7424,0.8,2023-09
2023-09-02T17:35:01,cont,SELL,25847.61,25881.69,25820.35,34.08,91.0,2023-09-02T17:51:17,25820.35,tp,0.5453,0.8,2023-09
2023-09-02T18:38:01,flip,BUY,25817.08,25784.92,25842.81,32.16,0.0,2023-09-02T18:52:35,25783.78,sl,-0.666,-1.0354,2023-09
2023-09-02T19:24:01,cont,BUY,25836.02,25785.95,25876.08,50.07,46.0,2023-09-02T21:19:10,25876.08,tp,0.8011,0.8,2023-09
2023-09-03T08:28:01,flip,SELL,25890.53,25901.73,25881.57,11.2,0.0,2023-09-03T08:28:39,25901.8,sl,-0.2254,-1.0063,2023-09
2023-09-03T08:43:01,cont,SELL,25887.45,25903.26,25874.8,15.81,15.0,2023-09-03T08:45:29,25874.8,tp,0.253,0.8,2023-09
2023-09-03T11:46:01,flip,BUY,25946.61,25884.52,25996.28,62.09,0.0,2023-09-03T12:36:53,25996.28,tp,0.9934,0.8,2023-09
2023-09-03T12:37:01,cont,BUY,26051.18,25897.57,26174.07,153.61,51.0,2023-09-03T12:58:45,25897.05,sl,-3.0826,-1.0034,2023-09
2023-09-04T21:17:01,flip,SELL,25668.77,25946.68,25446.44,277.91,0.0,2023-09-06T17:05:08,25446.44,tp,4.4466,0.8,2023-09
2023-09-06T17:54:01,flip,BUY,25741.02,25641.8,25820.4,99.22,0.0,2023-09-06T17:55:49,25820.4,tp,1.5875,0.8,2023-09
2023-09-06T19:00:01,flip,SELL,25614.24,25727.45,25523.67,113.21,0.0,2023-09-06T21:23:54,25728.64,sl,-2.288,-1.0105,2023-09
2023-09-06T22:06:01,flip,BUY,25764.73,25694.26,25821.11,70.47,0.0,2023-09-07T03:50:46,25821.11,tp,1.1275,0.8,2023-09
2023-09-07T04:22:01,flip,SELL,25796.01,25838.17,25762.28,42.16,0.0,2023-09-07T06:10:15,25762.28,tp,0.6746,0.8,2023-09
2023-09-07T06:11:01,cont,SELL,25754.66,25776.17,25737.45,21.51,109.0,2023-09-07T06:12:34,25776.69,sl,-0.4406,-1.0242,2023-09
2023-09-07T06:30:01,flip,BUY,25794.3,25757.55,25823.7,36.75,0.0,2023-09-07T06:39:55,25757.51,sl,-0.7358,-1.0011,2023-09
2023-09-07T07:23:01,flip,SELL,25732.06,25750.75,25717.11,18.69,0.0,2023-09-07T07:37:39,25750.92,sl,-0.3772,-1.0091,2023-09
2023-09-07T08:13:01,cont,SELL,25718.45,25760.41,25684.88,41.96,50.0,2023-09-07T11:50:47,25684.88,tp,0.6714,0.8,2023-09
2023-09-07T11:51:01,flip,SELL,25670.98,25702.09,25646.09,31.11,0.0,2023-09-07T11:57:21,25703.75,sl,-0.6554,-1.0534,2023-09
2023-09-07T12:38:02,cont,SELL,25662.97,25707.14,25627.63,44.17,47.0,2023-09-07T12:50:51,25627.63,tp,0.7067,0.8,2023-09
2023-09-07T15:08:01,flip,BUY,25791.41,25724.86,25844.65,66.55,0.0,2023-09-07T15:29:11,25724.26,sl,-1.343,-1.009,2023-09
2023-09-07T16:27:02,cont,BUY,25842.3,25714.88,25944.24,127.42,79.0,2023-09-07T16:47:08,25944.24,tp,2.0387,0.8,2023-09
2023-09-07T17:08:01,flip,SELL,25788.97,25811.9,25770.63,22.93,0.0,2023-09-07T17:10:32,25812.52,sl,-0.471,-1.027,2023-09
2023-09-07T17:15:01,flip,BUY,25826.3,25802.07,25845.68,24.23,0.0,2023-09-07T17:15:11,25801.43,sl,-0.4974,-1.0264,2023-09
2023-09-07T17:22:01,cont,BUY,25832.3,25789.63,25866.44,42.67,7.0,2023-09-07T17:30:38,25866.44,tp,0.6827,0.8,2023-09
2023-09-07T17:38:01,cont,BUY,25886.24,25840.44,25922.88,45.8,23.0,2023-09-07T17:50:52,25922.88,tp,0.7328,0.8,2023-09
2023-09-07T17:56:01,cont,BUY,25951.79,25879.28,26009.8,72.51,41.0,2023-09-07T18:09:14,25878.12,sl,-1.4734,-1.016,2023-09
2023-09-07T19:07:01,flip,SELL,25828.01,25910.77,25761.8,82.76,0.0,2023-09-07T20:23:40,25912.12,sl,-1.6822,-1.0163,2023-09
2023-09-07T20:37:01,flip,BUY,25953.57,25897.03,25998.8,56.54,0.0,2023-09-07T20:53:16,25998.8,tp,0.9046,0.8,2023-09
2023-09-07T20:54:01,cont,BUY,25986.09,25939.81,26023.11,46.28,17.0,2023-09-07T20:59:06,26023.11,tp,0.7405,0.8,2023-09
2023-09-07T21:17:01,cont,BUY,26339.07,26164.57,26478.67,174.5,40.0,2023-09-07T21:30:39,26163.26,sl,-3.5162,-1.0075,2023-09
2023-09-08T09:59:01,flip,SELL,26043.31,26133.36,25971.27,90.05,0.0,2023-09-08T10:00:19,25971.27,tp,1.4408,0.8,2023-09
2023-09-12T04:03:01,flip,BUY,25964.1,25731.73,26150.0,232.37,0.0,2023-09-12T04:59:00,25731.35,sl,-4.655,-1.0016,2023-09
2023-09-12T05:06:01,flip,SELL,25653.93,25689.83,25625.21,35.9,0.0,2023-09-12T05:18:08,25625.21,tp,0.5744,0.8,2023-09
2023-09-12T05:50:01,flip,BUY,25762.42,25663.98,25841.17,98.44,0.0,2023-09-12T07:49:16,25841.17,tp,1.575,0.8,2023-09
2023-09-12T09:13:01,flip,SELL,25742.66,25796.79,25699.36,54.13,0.0,2023-09-12T09:16:58,25797.44,sl,-1.0956,-1.012,2023-09
2023-09-12T09:46:01,flip,BUY,25834.42,25761.84,25892.48,72.58,0.0,2023-09-12T10:18:48,25892.48,tp,1.1613,0.8,2023-09
2023-09-12T10:19:01,cont,BUY,25901.54,25829.61,25959.08,71.93,33.0,2023-09-12T10:21:37,25959.08,tp,1.1509,0.8,2023-09
2023-09-12T18:00:01,flip,SELL,25914.29,26057.36,25799.83,143.07,0.0,2023-09-12T19:08:27,26058.93,sl,-2.8928,-1.011,2023-09
2023-09-13T07:03:01,flip,BUY,26003.71,25834.84,26138.81,168.87,0.0,2023-09-13T09:41:59,26138.81,tp,2.7019,0.8,2023-09
2023-09-13T09:42:01,cont,BUY,26152.03,26054.53,26230.03,97.5,7.0,2023-09-13T11:55:44,26230.03,tp,1.56,0.8,2023-09
2023-09-13T17:57:01,flip,SELL,26098.34,26185.24,26028.82,86.9,0.0,2023-09-13T19:32:06,26186.25,sl,-1.7582,-1.0116,2023-09
2023-09-13T20:36:01,flip,BUY,26214.5,26138.57,26275.24,75.93,0.0,2023-09-13T21:30:10,26275.24,tp,1.2149,0.8,2023-09
2023-09-13T21:31:01,cont,BUY,26292.07,26207.0,26360.13,85.07,55.0,2023-09-13T23:31:38,26206.71,sl,-1.7072,-1.0034,2023-09
2023-09-14T00:08:01,flip,SELL,26193.99,26232.55,26163.14,38.56,0.0,2023-09-14T00:15:04,26232.63,sl,-0.7728,-1.0021,2023-09
2023-09-14T00:30:01,cont,SELL,26183.61,26220.59,26154.03,36.98,22.0,2023-09-14T00:34:58,26221.42,sl,-0.7562,-1.0224,2023-09
2023-09-14T00:47:01,flip,BUY,26319.04,26250.7,26373.71,68.34,0.0,2023-09-14T00:51:54,26373.71,tp,1.0934,0.8,2023-09
2023-09-14T01:05:01,cont,BUY,26549.23,26464.98,26616.63,84.25,18.0,2023-09-14T01:06:44,26464.16,sl,-1.7014,-1.0097,2023-09
2023-09-15T00:25:01,flip,SELL,26482.42,26635.5,26359.96,153.08,0.0,2023-09-15T04:07:54,26635.75,sl,-3.0666,-1.0016,2023-09
2023-09-15T05:42:01,flip,SELL,26599.68,26654.7,26555.66,55.02,0.0,2023-09-15T09:00:55,26655.78,sl,-1.122,-1.0196,2023-09
2023-09-15T11:40:01,flip,SELL,26481.4,26536.56,26437.27,55.16,0.0,2023-09-15T11:58:09,26437.27,tp,0.8826,0.8,2023-09
2023-09-15T12:33:01,cont,SELL,26417.19,26471.5,26373.74,54.31,53.0,2023-09-15T12:38:40,26373.74,tp,0.869,0.8,2023-09
2023-09-15T22:31:01,flip,BUY,26519.87,26493.1,26541.29,26.77,0.0,2023-09-15T22:36:19,26541.29,tp,0.4283,0.8,2023-09
2023-09-15T22:37:01,cont,BUY,26581.58,26506.29,26641.81,75.29,6.0,2023-09-15T22:39:51,26641.81,tp,1.2046,0.8,2023-09
2023-09-15T23:08:01,cont,BUY,26848.18,26737.12,26937.03,111.06,37.0,2023-09-15T23:16:10,26736.22,sl,-2.2392,-1.0081,2023-09
2023-09-15T23:29:02,flip,SELL,26672.69,26734.44,26623.29,61.75,0.0,2023-09-15T23:32:58,26735.51,sl,-1.2564,-1.0173,2023-09
2023-09-15T23:46:01,cont,SELL,26661.72,26729.08,26607.83,67.36,17.0,2023-09-15T23:58:04,26607.83,tp,1.0778,0.8,2023-09
2023-09-16T00:04:01,cont,SELL,26588.88,26625.72,26559.41,36.84,35.0,2023-09-16T00:07:07,26626.48,sl,-0.752,-1.0206,2023-09
2023-09-16T00:20:01,flip,BUY,26658.29,26592.43,26710.98,65.86,0.0,2023-09-16T02:10:40,26710.98,tp,1.0538,0.8,2023-09
2023-09-16T08:40:01,flip,BUY,26541.26,26505.5,26569.87,35.76,0.0,2023-09-16T08:56:16,26504.51,sl,-0.735,-1.0277,2023-09
2023-09-16T09:33:01,cont,BUY,26556.9,26500.75,26601.82,56.15,53.0,2023-09-16T10:00:22,26499.6,sl,-1.146,-1.0205,2023-09
2023-09-16T12:46:01,flip,BUY,26568.01,26502.22,26620.64,65.79,0.0,2023-09-16T14:47:44,26501.43,sl,-1.3316,-1.012,2023-09
2023-09-16T15:01:01,flip,SELL,26482.62,26519.21,26453.35,36.59,0.0,2023-09-16T15:03:03,26519.69,sl,-0.7414,-1.0131,2023-09
2023-09-16T15:23:01,flip,BUY,26547.5,26509.53,26577.88,37.97,0.0,2023-09-16T16:02:32,26509.51,sl,-0.7598,-1.0005,2023-09
2023-09-16T16:27:01,flip,SELL,26506.27,26528.24,26488.69,21.97,0.0,2023-09-16T16:33:19,26528.4,sl,-0.4426,-1.0073,2023-09
2023-09-16T16:42:01,flip,BUY,26541.43,26519.05,26559.33,22.38,0.0,2023-09-16T17:07:20,26518.57,sl,-0.4572,-1.0214,2023-09
2023-09-16T17:26:01,cont,BUY,26551.65,26511.55,26583.73,40.1,44.0,2023-09-16T17:42:26,26583.73,tp,0.6416,0.8,2023-09
2023-09-16T17:43:01,cont,BUY,26615.35,26548.18,26669.09,67.17,61.0,2023-09-16T19:07:48,26547.33,sl,-1.3604,-1.0127,2023-09
2023-09-16T19:46:02,flip,SELL,26517.97,26548.18,26493.8,30.21,0.0,2023-09-16T19:54:41,26548.36,sl,-0.6078,-1.006,2023-09
2023-09-16T20:17:01,flip,BUY,26560.04,26529.74,26584.28,30.3,0.0,2023-09-16T20:20:41,26529.07,sl,-0.6194,-1.0221,2023-09
2023-09-16T20:41:02,cont,BUY,26563.56,26521.92,26596.87,41.64,24.0,2023-09-16T20:50:12,26521.26,sl,-0.846,-1.0159,2023-09
2023-09-16T21:24:01,cont,BUY,26574.11,26520.85,26616.72,53.26,67.0,2023-09-16T23:20:46,26520.23,sl,-1.0776,-1.0116,2023-09
2023-09-17T00:16:01,cont,SELL,26501.18,26562.21,26452.36,61.03,58.0,2023-09-17T01:09:01,26452.36,tp,0.9765,0.8,2023-09
2023-09-17T04:47:01,flip,BUY,26547.63,26508.93,26578.59,38.7,0.0,2023-09-17T07:45:57,26508.23,sl,-0.788,-1.0181,2023-09
2023-09-17T07:50:01,flip,SELL,26506.48,26518.49,26496.87,12.01,0.0,2023-09-17T08:07:52,26518.85,sl,-0.2474,-1.03,2023-09
2023-09-17T08:46:01,flip,BUY,26548.75,26526.16,26566.82,22.59,0.0,2023-09-17T09:52:22,26566.82,tp,0.3614,0.8,2023-09
2023-09-17T09:53:01,cont,BUY,26573.1,26538.08,26601.12,35.02,67.0,2023-09-17T10:47:28,26601.12,tp,0.5603,0.8,2023-09
2023-09-17T11:51:01,flip,SELL,26575.56,26614.09,26544.74,38.53,0.0,2023-09-17T13:54:19,26544.74,tp,0.6165,0.8,2023-09
2023-09-17T18:15:01,flip,BUY,26518.15,26492.83,26538.41,25.32,0.0,2023-09-17T20:29:14,26492.08,sl,-0.5214,-1.0296,2023-09
2023-09-17T20:30:02,cont,SELL,26491.53,26518.15,26470.23,26.62,68.0,2023-09-17T20:33:05,26518.17,sl,-0.5328,-1.0008,2023-09
2023-09-17T20:42:01,cont,SELL,26482.27,26513.55,26457.25,31.28,80.0,2023-09-17T20:58:57,26457.25,tp,0.5005,0.8,2023-09
2023-09-17T20:59:01,cont,SELL,26432.49,26472.55,26400.44,40.06,97.0,2023-09-17T21:18:08,26473.25,sl,-0.8152,-1.0175,2023-09
2023-09-17T21:42:01,flip,BUY,26501.82,26458.48,26536.49,43.34,0.0,2023-09-17T22:07:53,26458.14,sl,-0.8736,-1.0078,2023-09
2023-09-17T23:46:01,flip,BUY,26509.39,26449.4,26557.38,59.99,0.0,2023-09-18T00:30:35,26448.15,sl,-1.2248,-1.0208,2023-09
2023-09-18T13:25:01,flip,SELL,27299.28,27356.12,27253.81,56.84,0.0,2023-09-18T13:39:34,27356.53,sl,-1.145,-1.0072,2023-09
2023-09-18T13:43:01,cont,SELL,27266.47,27345.17,27203.51,78.7,18.0,2023-09-18T14:08:20,27203.51,tp,1.2592,0.8,2023-09
2023-09-18T14:09:01,cont,SELL,27156.68,27291.95,27048.46,135.27,44.0,2023-09-18T14:27:51,27293.21,sl,-2.7306,-1.0093,2023-09
2023-09-18T15:15:01,flip,BUY,27325.99,27274.69,27367.03,51.3,0.0,2023-09-18T15:45:22,27367.03,tp,0.8208,0.8,2023-09
2023-09-18T15:52:01,flip,SELL,27273.15,27375.95,27190.91,102.8,0.0,2023-09-18T17:10:45,27190.91,tp,1.6448,0.8,2023-09
2023-09-18T17:11:01,cont,SELL,27187.15,27281.75,27111.47,94.6,79.0,2023-09-18T17:19:50,27111.47,tp,1.5136,0.8,2023-09
2023-09-19T08:40:01,flip,BUY,26986.04,26678.51,27232.06,307.53,0.0,2023-09-19T09:26:11,27232.06,tp,4.9205,0.8,2023-09
2023-09-19T09:35:01,cont,BUY,27357.88,27298.98,27405.0,58.9,55.0,2023-09-19T09:41:51,27405.0,tp,0.9424,0.8,2023-09
2023-09-19T10:09:01,flip,SELL,27220.36,27338.17,27126.11,117.81,0.0,2023-09-19T10:28:16,27126.11,tp,1.885,0.8,2023-09
2023-09-21T14:18:01,flip,BUY,26525.62,26473.62,26567.22,52.0,0.0,2023-09-21T14:37:30,26567.22,tp,0.832,0.8,2023-09
2023-09-21T14:53:01,cont,BUY,26586.82,26546.58,26619.01,40.24,35.0,2023-09-21T15:35:00,26545.83,sl,-0.8198,-1.0186,2023-09
2023-09-21T15:48:01,cont,BUY,26624.87,26539.22,26693.39,85.65,90.0,2023-09-21T17:54:58,26693.39,tp,1.3704,0.8,2023-09
2023-09-21T19:13:01,flip,SELL,26568.67,26597.39,26545.69,28.72,0.0,2023-09-21T19:13:45,26599.08,sl,-0.6082,-1.0588,2023-09
2023-09-21T19:48:01,flip,BUY,26619.61,26572.16,26657.57,47.45,0.0,2023-09-21T20:08:14,26572.12,sl,-0.9498,-1.0008,2023-09
2023-09-22T00:28:01,flip,SELL,26508.72,26634.22,26408.32,125.5,0.0,2023-09-22T00:33:56,26635.09,sl,-2.5274,-1.0069,2023-09
2023-09-22T00:54:01,flip,BUY,26665.23,26605.7,26712.85,59.53,0.0,2023-09-22T01:07:08,26605.24,sl,-1.1998,-1.0077,2023-09
2023-09-22T02:37:01,flip,SELL,26577.44,26676.43,26498.25,98.99,0.0,2023-09-22T04:38:21,26676.73,sl,-1.9858,-1.003,2023-09
2023-09-22T07:56:01,flip,BUY,26701.98,26575.26,26803.36,126.72,0.0,2023-09-22T13:04:00,26575.22,sl,-2.5352,-1.0003,2023-09
2023-09-22T19:03:01,flip,BUY,26628.97,26576.15,26671.23,52.82,0.0,2023-09-22T19:42:36,26575.74,sl,-1.0646,-1.0078,2023-09
2023-09-22T19:51:01,flip,SELL,26559.57,26572.66,26549.1,13.09,0.0,2023-09-22T19:51:01,26572.66,sl,-0.2618,-1.0,2023-09
2023-09-22T20:46:01,cont,SELL,26520.23,26571.28,26479.39,51.05,55.0,2023-09-22T21:43:54,26571.94,sl,-1.0342,-1.0129,2023-09
2023-09-22T22:02:01,cont,BUY,26588.85,26559.98,26611.95,28.87,29.0,2023-09-22T22:08:16,26558.88,sl,-0.5994,-1.0381,2023-09
2023-09-22T23:24:01,cont,BUY,26598.33,26540.72,26644.42,57.61,111.0,2023-09-23T02:30:42,26539.5,sl,-1.1766,-1.0212,2023-09
2023-09-23T03:04:01,cont,SELL,26535.95,26570.53,26508.29,34.58,48.0,2023-09-23T04:29:34,26571.19,sl,-0.7048,-1.0191,2023-09
2023-09-23T05:37:01,flip,BUY,26573.09,26541.47,26598.39,31.62,0.0,2023-09-23T05:53:02,26540.87,sl,-0.6444,-1.019,2023-09
2023-09-23T07:09:01,flip,BUY,26591.61,26564.07,26613.64,27.54,0.0,2023-09-23T07:50:52,26563.11,sl,-0.57,-1.0349,2023-09
2023-09-23T08:01:01,cont,BUY,26604.32,26538.42,26657.04,65.9,52.0,2023-09-24T17:50:31,26657.04,tp,1.0544,0.8,2023-09
2023-09-24T18:06:01,cont,BUY,26736.58,26662.76,26795.64,73.82,21.0,2023-09-24T18:15:58,26661.71,sl,-1.4974,-1.0142,2023-09
2023-09-24T19:28:01,flip,SELL,26433.17,26641.39,26266.59,208.22,0.0,2023-09-24T23:27:58,26266.59,tp,3.3315,0.8,2023-09
2023-09-27T10:36:01,flip,BUY,26450.43,26082.93,26744.43,367.5,0.0,2023-09-27T11:49:02,26744.43,tp,5.88,0.8,2023-09
2023-09-27T14:09:01,flip,SELL,26577.67,26619.0,26544.61,41.33,0.0,2023-09-27T14:15:16,26544.61,tp,0.6613,0.8,2023-09
2023-09-27T18:44:01,flip,BUY,26275.18,26250.37,26295.03,24.81,0.0,2023-09-27T18:47:27,26249.42,sl,-0.5152,-1.0383,2023-09
2023-09-27T19:08:01,cont,BUY,26282.68,26227.04,26327.19,55.64,24.0,2023-09-27T19:46:23,26225.55,sl,-1.1426,-1.0268,2023-09
2023-09-29T02:42:01,flip,SELL,26888.3,27171.92,26661.4,283.62,0.0,2023-09-29T07:36:32,27173.25,sl,-5.699,-1.0047,2023-09
2023-10-01T22:16:01,flip,BUY,27426.96,27043.57,27733.67,383.39,0.0,2023-10-01T22:17:49,27733.67,tp,6.1342,0.8,2023-10
2023-10-02T15:49:01,flip,SELL,28190.6,28410.99,28014.29,220.39,0.0,2023-10-02T15:57:45,28014.29,tp,3.5262,0.8,2023-10
2023-10-02T16:08:01,cont,SELL,27859.49,27965.97,27774.31,106.48,19.0,2023-10-02T16:12:10,27966.64,sl,-2.143,-1.0063,2023-10
2023-10-02T23:49:01,flip,BUY,27616.53,27577.83,27647.49,38.7,0.0,2023-10-02T23:55:13,27577.74,sl,-0.7758,-1.0023,2023-10
2023-10-03T00:16:01,flip,SELL,27488.6,27545.66,27442.95,57.06,0.0,2023-10-03T00:25:59,27546.82,sl,-1.1644,-1.0203,2023-10
2023-10-03T00:37:01,cont,SELL,27465.48,27565.74,27385.27,100.26,21.0,2023-10-03T01:10:27,27385.27,tp,1.6042,0.8,2023-10
2023-10-03T01:29:01,flip,BUY,27482.36,27419.77,27532.43,62.59,0.0,2023-10-03T01:36:58,27532.43,tp,1.0014,0.8,2023-10
2023-10-03T02:35:02,cont,BUY,27570.89,27519.18,27612.26,51.71,66.0,2023-10-03T03:33:59,27612.26,tp,0.8274,0.8,2023-10
2023-10-03T04:13:01,flip,SELL,27569.85,27612.2,27535.97,42.35,0.0,2023-10-03T04:58:11,27612.32,sl,-0.8494,-1.0028,2023-10
2023-10-03T06:47:01,flip,BUY,27653.87,27560.38,27728.66,93.49,0.0,2023-10-03T07:31:01,27559.41,sl,-1.8892,-1.0104,2023-10
2023-10-03T11:26:01,flip,SELL,27496.92,27636.37,27385.36,139.45,0.0,2023-10-03T13:02:52,27385.36,tp,2.2312,0.8,2023-10
2023-10-03T13:03:01,cont,SELL,27383.21,27514.14,27278.47,130.93,97.0,2023-10-03T13:21:26,27514.26,sl,-2.621,-1.0009,2023-10
2023-10-03T13:33:01,flip,BUY,27537.98,27500.38,27568.06,37.6,0.0,2023-10-03T13:34:13,27500.04,sl,-0.7588,-1.009,2023-10
2023-10-03T13:52:01,cont,BUY,27569.36,27523.77,27605.83,45.59,19.0,2023-10-03T14:00:02,27523.26,sl,-0.922,-1.0112,2023-10
2023-10-03T14:20:01,flip,SELL,27345.83,27436.97,27272.92,91.14,0.0,2023-10-03T14:35:20,27437.55,sl,-1.8344,-1.0064,2023-10
2023-10-03T14:47:01,cont,SELL,27307.14,27448.31,27194.2,141.17,27.0,2023-10-03T17:09:13,27448.61,sl,-2.8294,-1.0021,2023-10
2023-10-03T17:24:01,cont,BUY,27461.86,27381.08,27526.48,80.78,46.0,2023-10-03T18:11:40,27380.31,sl,-1.631,-1.0095,2023-10
2023-10-03T18:17:01,flip,SELL,27375.97,27415.22,27344.57,39.25,0.0,2023-10-03T18:35:24,27344.57,tp,0.628,0.8,2023-10
2023-10-03T18:53:01,cont,SELL,27307.94,27333.51,27287.48,25.57,36.0,2023-10-03T18:58:01,27287.48,tp,0.4091,0.8,2023-10
2023-10-03T19:02:01,cont,SELL,27256.15,27297.65,27222.95,41.5,45.0,2023-10-03T19:04:08,27298.49,sl,-0.8468,-1.0202,2023-10
2023-10-03T20:06:01,cont,SELL,27230.79,27407.98,27089.04,177.19,109.0,2023-10-03T21:26:19,27408.16,sl,-3.5474,-1.001,2023-10
2023-10-03T23:30:01,flip,BUY,27447.95,27254.76,27602.5,193.19,0.0,2023-10-04T00:31:49,27252.91,sl,-3.9008,-1.0096,2023-10
2023-10-04T00:32:01,cont,SELL,27277.13,27375.85,27198.15,98.72,28.0,2023-10-04T02:08:49,27376.68,sl,-1.991,-1.0084,2023-10
2023-10-04T02:24:01,flip,BUY,27484.47,27416.29,27539.01,68.18,0.0,2023-10-04T02:36:00,27415.88,sl,-1.3718,-1.006,2023-10
2023-10-04T04:43:01,flip,SELL,27367.2,27453.1,27298.48,85.9,0.0,2023-10-04T08:04:13,27453.52,sl,-1.7264,-1.0049,2023-10
2023-10-04T08:24:01,cont,BUY,27459.11,27416.15,27493.48,42.96,98.0,2023-10-04T08:43:50,27493.48,tp,0.6874,0.8,2023-10
2023-10-04T10:48:01,flip,SELL,27509.46,27545.37,27480.73,35.91,0.0,2023-10-04T11:12:32,27546.11,sl,-0.733,-1.0206,2023-10
2023-10-04T11:26:03,flip,BUY,27572.55,27541.75,27597.19,30.8,0.0,2023-10-04T11:55:23,27541.22,sl,-0.6266,-1.0172,2023-10
2023-10-04T12:09:01,flip,SELL,27539.81,27588.63,27500.75,48.82,0.0,2023-10-04T12:15:17,27589.27,sl,-0.9892,-1.0131,2023-10
2023-10-04T12:38:01,flip,BUY,27604.85,27568.86,27633.64,35.99,0.0,2023-10-04T12:55:30,27567.5,sl,-0.747,-1.0378,2023-10
2023-10-04T13:04:01,flip,SELL,27533.1,27568.23,27505.0,35.13,0.0,2023-10-04T13:08:31,27568.52,sl,-0.7084,-1.0083,2023-10
2023-10-04T13:17:01,cont,SELL,27512.95,27562.53,27473.29,49.58,13.0,2023-10-04T13:43:06,27473.29,tp,0.7933,0.8,2023-10
2023-10-04T13:59:01,cont,SELL,27396.28,27492.13,27319.6,95.85,55.0,2023-10-04T14:48:50,27319.6,tp,1.5336,0.8,2023-10
2023-10-04T14:49:01,cont,SELL,27314.68,27405.94,27241.67,91.26,105.0,2023-10-04T15:11:24,27406.6,sl,-1.8384,-1.0072,2023-10
2023-10-04T15:27:01,flip,BUY,27438.68,27402.5,27467.62,36.18,0.0,2023-10-04T15:45:17,27401.87,sl,-0.7362,-1.0174,2023-10
2023-10-04T15:57:01,flip,SELL,27396.22,27446.05,27356.36,49.83,0.0,2023-10-04T16:27:33,27446.34,sl,-1.0024,-1.0058,2023-10
2023-10-04T18:58:01,flip,BUY,27611.37,27495.63,27703.96,115.74,0.0,2023-10-04T19:01:35,27703.96,tp,1.8518,0.8,2023-10
2023-10-05T15:05:01,flip,SELL,27785.99,28111.5,27525.58,325.51,0.0,2023-10-05T15:36:42,27525.58,tp,5.2082,0.8,2023-10
2023-10-05T16:45:01,cont,SELL,27407.79,27618.51,27239.21,210.72,100.0,2023-10-06T07:45:16,27618.95,sl,-4.2232,-1.0021,2023-10
2023-10-06T12:31:01,flip,SELL,27575.79,27772.41,27418.49,196.62,0.0,2023-10-06T12:55:26,27418.49,tp,3.1459,0.8,2023-10
2023-10-06T15:41:01,flip,BUY,27976.06,27910.19,28028.76,65.87,0.0,2023-10-06T15:50:35,28028.76,tp,1.0539,0.8,2023-10
2023-10-06T15:51:01,cont,BUY,28051.12,27945.1,28135.94,106.02,10.0,2023-10-06T15:54:18,27944.71,sl,-2.1282,-1.0037,2023-10
2023-10-06T16:16:01,flip,SELL,27895.84,28035.32,27784.26,139.48,0.0,2023-10-06T19:28:46,28036.65,sl,-2.8162,-1.0095,2023-10
2023-10-06T19:29:01,flip,BUY,28024.78,27864.36,28153.12,160.42,0.0,2023-10-06T21:38:51,28153.12,tp,2.5667,0.8,2023-10
2023-10-07T00:24:01,flip,SELL,27857.05,27950.78,27782.07,93.73,0.0,2023-10-07T01:04:04,27952.44,sl,-1.9078,-1.0177,2023-10
2023-10-08T02:17:01,flip,BUY,28041.07,27981.59,28088.65,59.48,0.0,2023-10-08T02:46:47,27980.79,sl,-1.2056,-1.0134,2023-10
2023-10-08T03:35:01,cont,BUY,28090.54,27966.65,28189.65,123.89,78.0,2023-10-08T04:13:55,27966.58,sl,-2.4792,-1.0006,2023-10
2023-10-08T04:44:01,flip,SELL,27947.95,27987.63,27916.21,39.68,0.0,2023-10-08T04:53:53,27916.21,tp,0.6349,0.8,2023-10
2023-10-08T05:27:01,cont,SELL,27908.68,27935.4,27887.3,26.72,43.0,2023-10-08T05:33:06,27887.3,tp,0.4275,0.8,2023-10
2023-10-08T13:42:01,flip,BUY,27916.16,27836.44,27979.94,79.72,0.0,2023-10-08T18:07:40,27836.15,sl,-1.6002,-1.0036,2023-10
2023-10-09T00:52:01,flip,SELL,27792.16,27974.47,27646.31,182.31,0.0,2023-10-09T01:48:23,27975.07,sl,-3.6582,-1.0033,2023-10
2023-10-09T07:57:01,flip,SELL,27807.73,27833.69,27786.96,25.96,0.0,2023-10-09T08:34:30,27786.96,tp,0.4154,0.8,2023-10
2023-10-09T09:40:01,cont,SELL,27687.06,27823.44,27577.96,136.38,103.0,2023-10-09T09:49:42,27577.96,tp,2.1821,0.8,2023-10
2023-10-09T11:32:01,flip,BUY,27521.69,27480.86,27554.35,40.83,0.0,2023-10-09T11:41:23,27479.64,sl,-0.841,-1.0299,2023-10
2023-10-09T12:01:01,flip,SELL,27429.34,27488.78,27381.79,59.44,0.0,2023-10-09T12:17:19,27489.38,sl,-1.2008,-1.0101,2023-10
2023-10-09T12:29:01,flip,BUY,27522.96,27436.62,27592.03,86.34,0.0,2023-10-09T12:59:20,27435.63,sl,-1.7466,-1.0115,2023-10
2023-10-09T14:23:01,cont,BUY,27563.06,27386.88,27704.0,176.18,114.0,2023-10-09T16:29:19,27386.21,sl,-3.537,-1.0038,2023-10
2023-10-09T18:58:01,flip,SELL,27572.56,27605.3,27546.37,32.74,0.0,2023-10-09T19:04:39,27546.37,tp,0.5238,0.8,2023-10
2023-10-09T20:06:01,flip,BUY,27640.1,27556.73,27706.8,83.37,0.0,2023-10-09T20:54:29,27556.25,sl,-1.677,-1.0058,2023-10
2023-10-10T01:00:01,flip,SELL,27545.43,27627.39,27479.86,81.96,0.0,2023-10-10T02:54:13,27627.52,sl,-1.6418,-1.0016,2023-10
2023-10-10T08:22:01,flip,BUY,27689.08,27568.02,27785.93,121.06,0.0,2023-10-10T11:09:35,27566.97,sl,-2.4422,-1.0087,2023-10
2023-10-10T11:20:01,flip,SELL,27562.59,27587.61,27542.57,25.02,0.0,2023-10-10T11:25:53,27542.57,tp,0.4003,0.8,2023-10
2023-10-10T11:35:01,cont,SELL,27533.23,27563.98,27508.63,30.75,15.0,2023-10-10T11:36:57,27563.98,sl,-0.615,-1.0,2023-10
2023-10-10T11:55:01,cont,SELL,27518.44,27560.14,27485.08,41.7,35.0,2023-10-10T12:40:26,27485.08,tp,0.6672,0.8,2023-10
2023-10-10T12:48:01,cont,SELL,27468.3,27527.03,27421.32,58.73,88.0,2023-10-10T12:57:28,27421.32,tp,0.9397,0.8,2023-10
2023-10-10T13:16:01,cont,SELL,27404.66,27427.65,27386.27,22.99,116.0,2023-10-10T13:16:56,27427.86,sl,-0.464,-1.0091,2023-10
2023-10-10T20:03:01,flip,BUY,27423.3,27307.45,27515.98,115.85,0.0,2023-10-11T02:32:14,27307.2,sl,-2.322,-1.0022,2023-10
2023-10-11T03:33:01,cont,SELL,27053.35,27114.79,27004.2,61.44,87.0,2023-10-11T04:00:09,27004.2,tp,0.983,0.8,2023-10
2023-10-11T04:25:01,flip,BUY,27119.38,27070.19,27158.73,49.19,0.0,2023-10-11T05:22:19,27069.69,sl,-0.9938,-1.0102,2023-10
2023-10-11T05:23:01,flip,SELL,27062.18,27104.38,27028.42,42.2,0.0,2023-10-11T05:27:09,27105.55,sl,-0.8674,-1.0277,2023-10
2023-10-11T05:42:01,flip,BUY,27119.09,27075.92,27153.63,43.17,0.0,2023-10-11T06:12:41,27075.73,sl,-0.8672,-1.0044,2023-10
2023-10-11T06:50:01,flip,SELL,27060.84,27113.62,27018.62,52.78,0.0,2023-10-11T07:56:35,27018.62,tp,0.8445,0.8,2023-10
2023-10-11T08:40:01,flip,BUY,27101.52,27008.27,27176.12,93.25,0.0,2023-10-11T09:37:45,27176.12,tp,1.492,0.8,2023-10
2023-10-11T09:48:01,cont,BUY,27212.66,27159.28,27255.36,53.38,68.0,2023-10-11T09:49:06,27255.36,tp,0.8541,0.8,2023-10
2023-10-11T10:01:01,cont,BUY,27294.05,27243.31,27334.64,50.74,81.0,2023-10-11T10:03:38,27243.22,sl,-1.0166,-1.0018,2023-10
2023-10-11T10:26:01,cont,BUY,27318.46,27213.87,27402.13,104.59,106.0,2023-10-11T11:37:39,27213.37,sl,-2.1018,-1.0048,2023-10
2023-10-11T11:46:01,flip,SELL,27189.34,27226.67,27159.48,37.33,0.0,2023-10-11T12:05:04,27227.54,sl,-0.764,-1.0233,2023-10
2023-10-11T12:32:01,cont,SELL,27159.18,27259.17,27079.19,99.99,46.0,2023-10-11T12:37:58,27079.19,tp,1.5998,0.8,2023-10
2023-10-11T19:17:01,flip,BUY,26725.52,26690.27,26753.72,35.25,0.0,2023-10-11T19:18:47,26689.67,sl,-0.717,-1.017,2023-10
2023-10-11T19:43:01,cont,BUY,26749.97,26674.83,26810.08,75.14,26.0,2023-10-11T21:38:59,26674.14,sl,-1.5166,-1.0092,2023-10
2023-10-12T00:18:01,flip,SELL,26823.43,26846.82,26804.72,23.39,0.0,2023-10-12T00:40:59,26804.72,tp,0.3742,0.8,2023-10
2023-10-12T01:03:01,cont,SELL,26773.85,26809.59,26745.26,35.74,45.0,2023-10-12T01:22:07,26745.26,tp,0.5718,0.8,2023-10
2023-10-12T01:40:01,cont,SELL,26727.17,26757.62,26702.81,30.45,82.0,2023-10-12T01:55:02,26758.5,sl,-0.6266,-1.0289,2023-10
2023-10-12T02:13:01,flip,BUY,26778.08,26742.98,26806.16,35.1,0.0,2023-10-12T02:34:03,26806.16,tp,0.5616,0.8,2023-10
2023-10-12T02:43:01,cont,BUY,26866.76,26846.56,26882.92,20.2,30.0,2023-10-12T02:48:25,26882.92,tp,0.3232,0.8,2023-10
2023-10-12T03:27:01,flip,SELL,26833.12,26854.54,26815.98,21.42,0.0,2023-10-12T04:05:13,26815.98,tp,0.3427,0.8,2023-10
2023-10-12T04:11:01,cont,SELL,26808.94,26823.96,26796.92,15.02,44.0,2023-10-12T04:14:46,26824.15,sl,-0.3042,-1.0126,2023-10
2023-10-12T04:59:01,cont,SELL,26804.86,26837.27,26778.93,32.41,92.0,2023-10-12T05:40:16,26837.3,sl,-0.6488,-1.0009,2023-10
2023-10-12T06:27:01,flip,BUY,26872.46,26827.89,26908.12,44.57,0.0,2023-10-12T07:06:35,26827.27,sl,-0.9038,-1.0139,2023-10
2023-10-12T07:18:01,flip,SELL,26824.83,26856.42,26799.56,31.59,0.0,2023-10-12T07:52:59,26799.56,tp,0.5054,0.8,2023-10
2023-10-12T08:02:01,cont,SELL,26786.03,26810.43,26766.51,24.4,44.0,2023-10-12T08:15:19,26766.51,tp,0.3904,0.8,2023-10
2023-10-12T08:40:01,flip,BUY,26812.47,26776.83,26840.98,35.64,0.0,2023-10-12T08:51:11,26776.72,sl,-0.715,-1.0031,2023-10
2023-10-12T09:24:01,flip,SELL,26761.65,26807.89,26724.66,46.24,0.0,2023-10-12T09:28:55,26724.66,tp,0.7398,0.8,2023-10
2023-10-12T09:38:01,cont,SELL,26698.14,26742.16,26662.92,44.02,14.0,2023-10-12T09:55:42,26743.29,sl,-0.903,-1.0257,2023-10
2023-10-12T11:47:01,flip,BUY,26775.55,26705.48,26831.61,70.07,0.0,2023-10-12T11:52:44,26831.61,tp,1.1211,0.8,2023-10
2023-10-12T12:02:01,cont,BUY,26846.16,26816.18,26870.14,29.98,15.0,2023-10-12T12:02:47,26816.05,sl,-0.6022,-1.0043,2023-10
2023-10-12T12:31:01,flip,SELL,26781.51,26822.9,26748.4,41.39,0.0,2023-10-12T12:31:33,26822.93,sl,-0.8284,-1.0007,2023-10
2023-10-12T13:04:01,flip,BUY,26836.06,26738.81,26913.86,97.25,0.0,2023-10-12T13:28:01,26738.64,sl,-1.9484,-1.0017,2023-10
2023-10-12T13:32:01,flip,SELL,26709.29,26748.02,26678.31,38.73,0.0,2023-10-12T13:37:16,26748.84,sl,-0.791,-1.0212,2023-10
2023-10-12T14:30:01,cont,SELL,26672.99,26758.98,26604.2,85.99,58.0,2023-10-12T16:26:31,26604.2,tp,1.3758,0.8,2023-10
2023-10-12T17:57:01,flip,BUY,26632.42,26595.14,26662.24,37.28,0.0,2023-10-12T18:23:50,26662.24,tp,0.5965,0.8,2023-10
2023-10-12T19:39:01,cont,BUY,26720.69,26616.13,26804.34,104.56,102.0,2023-10-13T00:15:10,26804.34,tp,1.673,0.8,2023-10
2023-10-13T01:07:01,cont,BUY,26861.0,26801.12,26908.9,59.88,59.0,2023-10-13T01:26:52,26800.72,sl,-1.2056,-1.0067,2023-10
2023-10-13T01:58:01,flip,SELL,26794.18,26837.57,26759.47,43.39,0.0,2023-10-13T06:41:00,26838.09,sl,-0.8782,-1.012,2023-10
2023-10-13T07:12:01,cont,BUY,26865.87,26798.66,26919.64,67.21,35.0,2023-10-13T08:51:43,26798.05,sl,-1.3564,-1.0091,2023-10
2023-10-13T09:08:01,cont,SELL,26778.65,26795.05,26765.53,16.4,46.0,2023-10-13T09:12:32,26795.47,sl,-0.3364,-1.0256,2023-10
2023-10-13T09:37:01,cont,SELL,26764.44,26809.69,26728.24,45.25,75.0,2023-10-13T11:12:57,26809.79,sl,-0.907,-1.0022,2023-10
2023-10-13T11:31:01,cont,BUY,26831.69,26807.51,26851.03,24.18,56.0,2023-10-13T11:32:45,26807.4,sl,-0.4858,-1.0045,2023-10
2023-10-13T11:35:01,cont,BUY,26833.42,26806.08,26855.29,27.34,60.0,2023-10-13T11:45:45,26805.39,sl,-0.5606,-1.0252,2023-10
2023-10-13T12:04:01,flip,SELL,26788.52,26814.06,26768.09,25.54,0.0,2023-10-13T12:06:48,26768.09,tp,0.4086,0.8,2023-10
2023-10-13T12:33:01,flip,BUY,26875.58,26837.05,26906.4,38.53,0.0,2023-10-13T12:53:50,26906.4,tp,0.6165,0.8,2023-10
2023-10-13T13:01:01,cont,BUY,26927.02,26906.08,26943.77,20.94,28.0,2023-10-13T13:01:56,26904.94,sl,-0.4416,-1.0544,2023-10
2023-10-13T13:34:01,flip,SELL,26839.51,26879.83,26807.25,40.32,0.0,2023-10-13T14:03:00,26807.25,tp,0.6451,0.8,2023-10
2023-10-13T14:03:01,cont,SELL,26796.44,26860.8,26744.95,64.36,29.0,2023-10-13T14:53:22,26744.95,tp,1.0298,0.8,2023-10
2023-10-13T14:58:01,cont,SELL,26720.79,26757.51,26691.41,36.72,84.0,2023-10-13T15:04:18,26757.65,sl,-0.7372,-1.0038,2023-10
2023-10-13T15:24:01,cont,SELL,26696.26,26750.43,26652.92,54.17,110.0,2023-10-13T16:22:57,26751.25,sl,-1.0998,-1.0151,2023-10
2023-10-13T16:28:01,flip,BUY,26761.04,26734.52,26782.26,26.52,0.0,2023-10-13T16:31:14,26733.54,sl,-0.55,-1.037,2023-10
2023-10-13T16:34:01,cont,BUY,26781.64,26722.13,26829.25,59.51,6.0,2023-10-13T17:15:51,26721.92,sl,-1.1944,-1.0035,2023-10
2023-10-13T17:29:01,flip,SELL,26707.77,26763.77,26662.97,56.0,0.0,2023-10-13T17:58:46,26764.06,sl,-1.1258,-1.0052,2023-10
2023-10-13T18:19:01,flip,BUY,26777.92,26747.43,26802.31,30.49,0.0,2023-10-13T18:24:50,26747.43,sl,-0.6098,-1.0,2023-10
2023-10-13T18:36:01,flip,SELL,26737.56,26760.19,26719.46,22.63,0.0,2023-10-13T19:06:25,26719.46,tp,0.3621,0.8,2023-10
2023-10-13T19:07:01,cont,SELL,26710.42,26747.7,26680.6,37.28,31.0,2023-10-13T19:12:11,26748.5,sl,-0.7616,-1.0215,2023-10
2023-10-13T19:53:01,flip,BUY,26772.45,26724.47,26810.83,47.98,0.0,2023-10-13T20:52:08,26810.83,tp,0.7677,0.8,2023-10
2023-10-13T20:53:01,cont,BUY,26911.96,26735.05,27053.49,176.91,60.0,2023-10-13T21:01:47,27053.49,tp,2.8306,0.8,2023-10
2023-10-13T21:02:01,cont,BUY,27084.07,26866.85,27257.85,217.22,69.0,2023-10-13T21:12:05,26866.02,sl,-4.361,-1.0038,2023-10
2023-10-13T22:51:01,flip,SELL,26815.52,27062.43,26617.99,246.91,0.0,2023-10-15T19:07:16,27062.59,sl,-4.9414,-1.0006,2023-10
2023-10-15T19:45:01,flip,SELL,27001.83,27016.21,26990.33,14.38,0.0,2023-10-15T19:46:01,26990.33,tp,0.2301,0.8,2023-10
2023-10-15T20:25:01,flip,BUY,27042.38,27002.41,27074.36,39.97,0.0,2023-10-15T20:30:24,27074.36,tp,0.6395,0.8,2023-10
2023-10-15T20:41:01,cont,BUY,27107.16,27078.14,27130.38,29.02,16.0,2023-10-15T20:41:42,27130.38,tp,0.4643,0.8,2023-10
2023-10-15T21:04:01,cont,BUY,27216.14,27125.7,27288.49,90.44,39.0,2023-10-15T21:09:19,27124.0,sl,-1.8428,-1.0188,2023-10
2023-10-15T22:06:01,cont,BUY,27217.34,27069.89,27335.3,147.45,101.0,2023-10-15T22:55:09,27069.2,sl,-2.9628,-1.0047,2023-10
2023-10-15T23:10:01,flip,SELL,27046.36,27084.74,27015.66,38.38,0.0,2023-10-15T23:40:51,27085.52,sl,-0.7832,-1.0203,2023-10
2023-10-16T00:00:01,flip,BUY,27143.14,27115.37,27165.36,27.77,0.0,2023-10-16T00:00:53,27115.21,sl,-0.5586,-1.0058,2023-10
2023-10-16T00:04:02,cont,BUY,27151.42,27115.21,27180.39,36.21,4.0,2023-10-16T00:18:14,27115.18,sl,-0.7248,-1.0008,2023-10
2023-10-16T00:43:01,flip,SELL,27104.34,27163.02,27057.4,58.68,0.0,2023-10-16T01:05:52,27163.31,sl,-1.1794,-1.0049,2023-10
2023-10-16T01:29:02,flip,BUY,27228.37,27174.56,27271.42,53.81,0.0,2023-10-16T01:58:02,27173.97,sl,-1.088,-1.011,2023-10
2023-10-16T02:26:01,flip,BUY,27250.58,27228.94,27267.89,21.64,0.0,2023-10-16T02:27:52,27267.89,tp,0.3462,0.8,2023-10
2023-10-16T02:58:01,cont,SELL,27160.18,27179.45,27144.76,19.27,10.0,2023-10-16T03:00:33,27179.61,sl,-0.3886,-1.0083,2023-10
2023-10-16T03:02:01,cont,SELL,27157.75,27172.78,27145.73,15.03,14.0,2023-10-16T03:21:30,27173.63,sl,-0.3176,-1.0566,2023-10
2023-10-16T03:36:02,flip,BUY,27215.41,27200.04,27227.71,15.37,0.0,2023-10-16T03:36:56,27198.94,sl,-0.3294,-1.0716,2023-10
2023-10-16T03:43:01,cont,BUY,27216.16,27185.6,27240.61,30.56,7.0,2023-10-16T04:36:58,27185.09,sl,-0.6214,-1.0167,2023-10
2023-10-16T04:37:01,flip,SELL,27184.17,27200.89,27170.79,16.72,0.0,2023-10-16T04:42:33,27201.22,sl,-0.341,-1.0197,2023-10
2023-10-16T05:02:01,flip,BUY,27264.74,27230.77,27291.92,33.97,0.0,2023-10-16T05:16:41,27291.92,tp,0.5435,0.8,2023-10
2023-10-16T05:31:01,cont,BUY,27827.72,27687.59,27939.82,140.13,29.0,2023-10-16T05:39:08,27939.82,tp,2.2421,0.8,2023-10
2023-10-20T12:24:01,flip,SELL,29784.6,30031.72,29586.9,247.12,0.0,2023-10-20T12:29:14,29586.9,tp,3.9539,0.8,2023-10
2023-10-20T12:47:01,cont,SELL,29476.83,29692.87,29304.0,216.04,23.0,2023-10-20T14:01:31,29693.85,sl,-4.3404,-1.0045,2023-10
2023-10-21T09:54:01,flip,BUY,29777.98,29435.99,30051.57,341.99,0.0,2023-10-21T17:42:07,30051.57,tp,5.4718,0.8,2023-10
2023-10-21T23:08:01,flip,SELL,29930.51,29983.05,29888.48,52.54,0.0,2023-10-21T23:36:56,29888.48,tp,0.8406,0.8,2023-10
2023-10-21T23:37:01,cont,SELL,29867.29,29917.79,29826.89,50.5,29.0,2023-10-22T00:14:21,29918.77,sl,-1.0296,-1.0194,2023-10
2023-10-22T00:30:01,flip,BUY,29943.34,29920.2,29961.85,23.14,0.0,2023-10-22T00:33:30,29919.89,sl,-0.469,-1.0134,2023-10
2023-10-22T00:40:01,flip,SELL,29913.64,29925.21,29904.38,11.57,0.0,2023-10-22T00:42:00,29925.36,sl,-0.2344,-1.013,2023-10
2023-10-22T00:50:01,flip,BUY,29948.33,29923.51,29968.19,24.82,0.0,2023-10-22T00:51:34,29968.19,tp,0.3971,0.8,2023-10
2023-10-22T01:04:01,cont,BUY,29984.14,29928.25,30028.85,55.89,14.0,2023-10-22T01:14:56,30028.85,tp,0.8942,0.8,2023-10
2023-10-22T02:22:01,flip,SELL,29844.36,29912.9,29789.53,68.54,0.0,2023-10-22T04:10:43,29913.58,sl,-1.3844,-1.0099,2023-10
2023-10-22T04:11:01,flip,BUY,29905.73,29872.88,29932.01,32.85,0.0,2023-10-22T04:11:25,29872.25,sl,-0.6696,-1.0192,2023-10
2023-10-22T04:22:01,cont,BUY,29921.31,29871.61,29961.07,49.7,11.0,2023-10-22T04:45:58,29961.07,tp,0.7952,0.8,2023-10
2023-10-22T04:46:01,cont,BUY,29977.25,29941.76,30005.64,35.49,35.0,2023-10-22T04:52:56,29941.32,sl,-0.7186,-1.0124,2023-10
2023-10-22T04:58:01,flip,SELL,29928.25,29944.79,29915.02,16.54,0.0,2023-10-22T04:58:32,29945.11,sl,-0.3372,-1.0193,2023-10
2023-10-22T05:56:01,flip,BUY,30173.06,29965.0,30339.51,208.06,0.0,2023-10-22T07:12:52,29964.57,sl,-4.1698,-1.0021,2023-10
2023-10-22T07:32:01,flip,SELL,29901.87,29938.41,29872.64,36.54,0.0,2023-10-22T07:39:20,29872.64,tp,0.5846,0.8,2023-10
2023-10-22T23:00:01,flip,BUY,30040.72,29706.2,30308.34,334.52,0.0,2023-10-23T01:26:30,30308.34,tp,5.3523,0.8,2023-10
2023-10-23T05:56:01,flip,SELL,30767.37,30824.74,30721.47,57.37,0.0,2023-10-23T06:05:57,30824.85,sl,-1.1496,-1.0019,2023-10
2023-10-23T06:21:01,cont,SELL,30746.92,30967.16,30570.73,220.24,25.0,2023-10-23T07:53:15,30570.73,tp,3.5238,0.8,2023-10
2023-10-23T11:49:01,flip,BUY,30717.4,30689.77,30739.5,27.63,0.0,2023-10-23T11:50:55,30739.5,tp,0.4421,0.8,2023-10
2023-10-23T12:39:01,flip,SELL,30617.21,30756.67,30505.64,139.46,0.0,2023-10-23T13:32:33,30505.64,tp,2.2314,0.8,2023-10
2023-10-23T14:47:01,flip,BUY,30764.53,30647.31,30858.31,117.22,0.0,2023-10-23T15:08:54,30858.31,tp,1.8755,0.8,2023-10
2023-10-23T15:11:01,cont,BUY,30869.89,30706.78,31000.38,163.11,24.0,2023-10-23T16:40:01,31000.38,tp,2.6098,0.8,2023-10
2023-10-23T16:44:01,flip,BUY,31071.45,30889.99,31216.62,181.46,0.0,2023-10-23T16:55:31,31216.62,tp,2.9034,0.8,2023-10
2023-10-23T21:00:01,flip,SELL,31502.87,31579.82,31441.31,76.95,0.0,2023-10-23T21:02:23,31580.25,sl,-1.5476,-1.0056,2023-10
2023-10-23T21:10:01,cont,SELL,31478.78,31589.31,31390.36,110.53,10.0,2023-10-23T21:34:55,31590.86,sl,-2.2416,-1.014,2023-10
2023-10-23T22:10:01,flip,BUY,31679.34,31556.15,31777.89,123.19,0.0,2023-10-23T22:12:47,31777.89,tp,1.971,0.8,2023-10
2023-10-23T22:27:01,cont,BUY,31975.44,31855.08,32071.73,120.36,17.0,2023-10-23T22:28:42,32071.73,tp,1.9258,0.8,2023-10
2023-10-24T05:54:01,flip,SELL,33991.16,34528.13,33561.58,536.97,0.0,2023-10-24T11:09:46,34529.0,sl,-10.7568,-1.0016,2023-10
2023-10-24T13:52:02,flip,SELL,34213.14,34482.46,33997.68,269.32,0.0,2023-10-24T15:06:32,34484.39,sl,-5.425,-1.0072,2023-10
2023-10-24T15:20:01,cont,SELL,34021.49,34530.74,33614.09,509.25,88.0,2023-10-24T15:29:55,33614.09,tp,8.148,0.8,2023-10
2023-10-24T15:40:01,cont,SELL,33262.97,33764.11,32862.06,501.14,108.0,2023-10-24T15:48:12,33764.22,sl,-10.025,-1.0002,2023-10
2023-10-24T16:11:01,flip,BUY,33909.78,33470.47,34261.23,439.31,0.0,2023-10-24T16:33:29,34261.23,tp,7.029,0.8,2023-10
2023-10-25T02:11:01,flip,SELL,34133.49,34167.61,34106.19,34.12,0.0,2023-10-25T02:21:12,34106.19,tp,0.5459,0.8,2023-10
2023-10-25T02:28:02,cont,SELL,34051.84,34095.24,34017.12,43.4,17.0,2023-10-25T02:30:52,34095.28,sl,-0.8688,-1.0009,2023-10
2023-10-25T02:36:01,cont,SELL,34010.16,34111.22,33929.31,101.06,25.0,2023-10-25T04:47:14,34111.72,sl,-2.0312,-1.0049,2023-10
2023-10-25T05:48:01,flip,SELL,33959.05,34040.08,33894.23,81.03,0.0,2023-10-25T06:06:37,34040.76,sl,-1.6342,-1.0084,2023-10
2023-10-25T06:23:01,flip,BUY,34137.75,34092.88,34173.65,44.87,0.0,2023-10-25T06:40:38,34173.65,tp,0.7179,0.8,2023-10
2023-10-25T06:41:01,cont,BUY,34189.58,34128.36,34238.56,61.22,18.0,2023-10-25T06:42:24,34128.2,sl,-1.2276,-1.0026,2023-10
2023-10-25T06:59:01,flip,SELL,34110.54,34176.5,34057.77,65.96,0.0,2023-10-25T07:02:52,34176.86,sl,-1.3264,-1.0055,2023-10
2023-10-25T07:22:01,cont,SELL,34062.88,34195.8,33956.54,132.92,23.0,2023-10-25T07:28:25,33956.54,tp,2.1267,0.8,2023-10
2023-10-25T07:44:01,cont,SELL,33782.57,33921.97,33671.05,139.4,45.0,2023-10-25T08:24:56,33922.52,sl,-2.799,-1.0039,2023-10
2023-10-25T08:32:01,flip,BUY,33945.79,33876.75,34001.02,69.04,0.0,2023-10-25T08:40:15,34001.02,tp,1.1046,0.8,2023-10
2023-10-25T09:12:01,cont,BUY,34002.32,33842.16,34130.45,160.16,40.0,2023-10-25T09:25:39,34130.45,tp,2.5626,0.8,2023-10
2023-10-25T11:45:01,flip,SELL,34179.29,34287.64,34092.61,108.35,0.0,2023-10-25T12:01:56,34287.66,sl,-2.1674,-1.0002,2023-10
2023-10-25T12:14:01,flip,BUY,34374.19,34262.91,34463.21,111.28,0.0,2023-10-25T13:09:01,34463.21,tp,1.7805,0.8,2023-10
2023-10-25T13:22:01,cont,BUY,34553.54,34442.57,34642.32,110.97,68.0,2023-10-25T13:22:44,34642.32,tp,1.7755,0.8,2023-10
2023-10-25T13:42:01,flip,SELL,34323.66,34436.8,34233.15,113.14,0.0,2023-10-25T13:54:40,34436.95,sl,-2.2658,-1.0013,2023-10
2023-10-25T14:26:01,flip,BUY,34518.03,34338.6,34661.57,179.43,0.0,2023-10-25T14:34:20,34661.57,tp,2.8709,0.8,2023-10
2023-10-25T14:49:01,cont,BUY,34739.33,34577.82,34868.54,161.51,23.0,2023-10-25T15:32:09,34868.54,tp,2.5842,0.8,2023-10
2023-10-25T16:11:01,cont,BUY,34987.37,34737.34,35187.39,250.03,105.0,2023-10-25T16:22:57,34735.49,sl,-5.0376,-1.0074,2023-10
2023-10-25T16:40:01,flip,SELL,34579.77,34783.38,34416.88,203.61,0.0,2023-10-25T17:02:00,34416.88,tp,3.2578,0.8,2023-10
2023-10-25T17:02:01,cont,SELL,34407.9,34648.14,34215.71,240.24,22.0,2023-10-25T17:33:49,34648.96,sl,-4.8212,-1.0034,2023-10
2023-10-25T18:02:01,flip,BUY,34706.11,34520.0,34855.0,186.11,0.0,2023-10-25T18:23:07,34519.02,sl,-3.7418,-1.0053,2023-10
2023-10-25T19:59:01,cont,BUY,34742.23,34396.72,35018.64,345.51,117.0,2023-10-25T23:04:00,34395.37,sl,-6.9372,-1.0039,2023-10
2023-10-25T23:04:01,cont,SELL,34391.71,34628.49,34202.29,236.78,76.0,2023-10-26T00:59:17,34628.89,sl,-4.7436,-1.0017,2023-10
2023-10-26T01:19:01,flip,BUY,34696.64,34640.6,34741.47,56.04,0.0,2023-10-26T01:37:30,34741.47,tp,0.8966,0.8,2023-10
2023-10-26T02:03:01,flip,SELL,34644.71,34694.02,34605.26,49.31,0.0,2023-10-26T02:05:15,34695.63,sl,-1.0184,-1.0327,2023-10
2023-10-26T02:32:02,flip,BUY,34716.91,34643.14,34775.93,73.77,0.0,2023-10-26T03:36:27,34775.93,tp,1.1803,0.8,2023-10
2023-10-26T04:09:01,flip,SELL,34701.03,34793.89,34626.74,92.86,0.0,2023-10-26T05:18:05,34626.74,tp,1.4858,0.8,2023-10
2023-10-26T05:26:01,cont,SELL,34592.49,34631.47,34561.31,38.98,77.0,2023-10-26T05:31:42,34631.58,sl,-0.7818,-1.0028,2023-10
2023-10-26T05:38:01,cont,SELL,34565.83,34600.61,34538.01,34.78,89.0,2023-10-26T05:48:31,34538.01,tp,0.5565,0.8,2023-10
2023-10-26T06:02:02,cont,SELL,34465.18,34531.17,34412.39,65.99,113.0,2023-10-26T06:05:18,34412.39,tp,1.0558,0.8,2023-10
2023-10-26T06:48:01,flip,BUY,34563.46,34517.66,34600.1,45.8,0.0,2023-10-26T06:54:17,34600.1,tp,0.7328,0.8,2023-10
2023-10-26T07:14:01,cont,BUY,34660.32,34536.08,34759.71,124.24,26.0,2023-10-26T08:12:01,34535.12,sl,-2.504,-1.0077,2023-10
2023-10-26T08:30:01,cont,SELL,34485.86,34585.72,34405.97,99.86,31.0,2023-10-26T08:46:37,34585.97,sl,-2.0022,-1.0025,2023-10
2023-10-26T09:13:01,cont,SELL,34473.7,34590.75,34380.06,117.05,74.0,2023-10-26T10:02:36,34380.06,tp,1.8728,0.8,2023-10
2023-10-26T13:16:01,flip,BUY,34318.22,34208.57,34405.94,109.65,0.0,2023-10-26T13:39:10,34207.82,sl,-2.208,-1.0068,2023-10
2023-10-26T14:33:01,flip,SELL,34132.59,34345.02,33962.65,212.43,0.0,2023-10-26T14:38:25,33962.65,tp,3.3989,0.8,2023-10
2023-10-26T15:28:01,cont,SELL,33853.43,34239.69,33544.42,386.26,55.0,2023-10-26T22:58:18,34240.1,sl,-7.7334,-1.0011,2023-10
2023-10-27T00:01:01,flip,SELL,34127.01,34163.24,34098.03,36.23,0.0,2023-10-27T00:01:55,34163.65,sl,-0.7328,-1.0113,2023-10
2023-10-27T00:04:01,cont,SELL,34116.78,34157.11,34084.52,40.33,3.0,2023-10-27T00:13:18,34084.52,tp,0.6453,0.8,2023-10
2023-10-27T00:32:01,cont,SELL,34043.97,34111.82,33989.69,67.85,31.0,2023-10-27T00:35:14,34112.13,sl,-1.3632,-1.0046,2023-10
2023-10-27T01:06:01,cont,SELL,33954.9,34043.83,33883.76,88.93,65.0,2023-10-27T01:47:20,33883.76,tp,1.4229,0.8,2023-10
2023-10-27T02:31:01,flip,BUY,34107.79,34054.38,34150.52,53.41,0.0,2023-10-27T03:07:31,34053.25,sl,-1.0908,-1.0212,2023-10
2023-10-27T03:24:01,cont,BUY,34141.84,34043.39,34220.6,98.45,53.0,2023-10-27T04:19:28,34042.78,sl,-1.9812,-1.0062,2023-10
2023-10-27T04:24:01,cont,SELL,34024.49,34059.27,33996.67,34.78,6.0,2023-10-27T04:38:44,34059.93,sl,-0.7088,-1.019,2023-10
2023-10-27T05:21:01,cont,SELL,33992.14,34170.03,33849.83,177.89,63.0,2023-10-27T06:42:01,34170.51,sl,-3.5674,-1.0027,2023-10
2023-10-27T06:47:01,cont,BUY,34169.43,34134.13,34197.67,35.3,64.0,2023-10-27T06:54:23,34197.67,tp,0.5648,0.8,2023-10
2023-10-27T07:25:01,flip,SELL,34111.94,34161.27,34072.48,49.33,0.0,2023-10-27T07:41:40,34072.48,tp,0.7893,0.8,2023-10
2023-10-27T07:52:01,cont,SELL,33980.85,34025.41,33945.2,44.56,27.0,2023-10-27T07:59:39,33945.2,tp,0.713,0.8,2023-10
2023-10-27T08:14:01,flip,BUY,34033.92,33991.83,34067.59,42.09,0.0,2023-10-27T08:14:36,33991.62,sl,-0.846,-1.005,2023-10
2023-10-27T08:38:01,cont,BUY,34043.75,33981.09,34093.88,62.66,24.0,2023-10-27T08:48:03,34093.88,tp,1.0026,0.8,2023-10
2023-10-27T09:06:01,cont,BUY,34125.54,34049.46,34186.4,76.08,52.0,2023-10-27T11:08:18,34049.08,sl,-1.5292,-1.005,2023-10
2023-10-27T11:23:01,cont,SELL,34019.76,34063.74,33984.58,43.98,24.0,2023-10-27T11:33:04,33984.58,tp,0.7037,0.8,2023-10
2023-10-27T11:44:01,cont,SELL,33967.09,34027.74,33918.57,60.65,45.0,2023-10-27T11:52:23,34027.74,sl,-1.213,-1.0,2023-10
2023-10-27T12:20:01,flip,BUY,34065.71,33976.4,34137.16,89.31,0.0,2023-10-27T12:28:04,33976.22,sl,-1.7898,-1.002,2023-10
2023-10-27T12:49:01,cont,BUY,34117.89,33920.14,34276.09,197.75,29.0,2023-10-27T14:29:12,33919.49,sl,-3.968,-1.0033,2023-10
2023-10-27T16:56:01,flip,SELL,33848.75,34111.37,33638.65,262.62,0.0,2023-10-27T17:07:23,33638.65,tp,4.2019,0.8,2023-10
2023-10-28T05:12:01,flip,BUY,34139.41,34124.43,34151.39,14.98,0.0,2023-10-28T05:16:37,34124.09,sl,-0.3064,-1.0227,2023-10
2023-10-28T05:19:01,cont,BUY,34152.92,34115.34,34182.98,37.58,7.0,2023-10-28T05:30:34,34115.14,sl,-0.7556,-1.0053,2023-10
2023-10-28T06:33:01,flip,SELL,34076.52,34120.07,34041.68,43.55,0.0,2023-10-28T08:06:35,34041.68,tp,0.6968,0.8,2023-10
2023-10-28T08:07:01,cont,SELL,34032.05,34060.34,34009.42,28.29,94.0,2023-10-28T08:14:47,34060.55,sl,-0.57,-1.0074,2023-10
2023-10-28T08:24:01,flip,BUY,34080.69,34052.28,34103.42,28.41,0.0,2023-10-28T09:06:23,34051.8,sl,-0.5778,-1.0169,2023-10
2023-10-28T09:22:01,cont,BUY,34101.42,34047.51,34144.55,53.91,58.0,2023-10-28T11:08:34,34144.55,tp,0.8626,0.8,2023-10
2023-10-29T04:05:01,flip,SELL,33930.88,34230.12,33691.49,299.24,0.0,2023-10-29T08:54:13,34230.34,sl,-5.9892,-1.0007,2023-10
2023-10-29T11:28:01,flip,BUY,34322.06,34146.69,34462.36,175.37,0.0,2023-10-29T13:07:13,34462.36,tp,2.8059,0.8,2023-10
2023-10-29T13:38:01,flip,SELL,34343.26,34421.44,34280.72,78.18,0.0,2023-10-29T14:23:54,34422.06,sl,-1.576,-1.0079,2023-10
2023-10-29T14:33:01,flip,BUY,34440.92,34398.49,34474.86,42.43,0.0,2023-10-29T14:43:34,34474.86,tp,0.6789,0.8,2023-10
2023-10-29T14:44:01,cont,BUY,34504.19,34424.04,34568.31,80.15,11.0,2023-10-29T15:53:07,34423.01,sl,-1.6236,-1.0129,2023-10
2023-10-29T19:28:01,flip,SELL,34554.12,34731.17,34412.48,177.05,0.0,2023-10-29T21:59:02,34412.48,tp,2.8328,0.8,2023-10
2023-10-30T09:06:01,flip,BUY,34449.81,34305.13,34565.55,144.68,0.0,2023-10-30T09:28:50,34565.55,tp,2.3149,0.8,2023-10
2023-10-30T09:29:01,cont,BUY,34615.72,34544.42,34672.76,71.3,23.0,2023-10-30T09:55:18,34544.15,sl,-1.4314,-1.0038,2023-10
2023-10-30T10:06:01,flip,SELL,34506.01,34545.84,34474.15,39.83,0.0,2023-10-30T10:13:25,34474.15,tp,0.6373,0.8,2023-10
2023-10-30T10:23:01,cont,SELL,34440.75,34508.94,34386.2,68.19,17.0,2023-10-30T10:35:26,34510.2,sl,-1.389,-1.0185,2023-10
2023-10-30T10:42:01,flip,BUY,34539.02,34493.9,34575.12,45.12,0.0,2023-10-30T11:26:31,34493.61,sl,-0.9082,-1.0064,2023-10
2023-10-30T12:15:01,flip,BUY,34670.76,34569.42,34751.83,101.34,0.0,2023-10-30T12:26:44,34751.83,tp,1.6214,0.8,2023-10
2023-10-30T13:02:01,flip,SELL,34519.56,34616.27,34442.19,96.71,0.0,2023-10-30T13:17:29,34617.44,sl,-1.9576,-1.0121,2023-10
2023-10-30T13:42:02,flip,BUY,34715.39,34653.38,34765.0,62.01,0.0,2023-10-30T13:50:53,34652.53,sl,-1.2572,-1.0137,2023-10
2023-10-30T14:05:01,cont,BUY,34758.78,34640.19,34853.65,118.59,23.0,2023-10-30T14:26:41,34639.28,sl,-2.39,-1.0077,2023-10
2023-10-30T14:45:01,flip,SELL,34546.25,34650.15,34463.13,103.9,0.0,2023-10-30T15:04:17,34651.24,sl,-2.0998,-1.0105,2023-10
2023-10-30T15:20:01,flip,BUY,34732.81,34655.69,34794.51,77.12,0.0,2023-10-30T15:27:28,34655.68,sl,-1.5426,-1.0001,2023-10
2023-10-30T16:06:01,flip,SELL,34584.32,34664.28,34520.35,79.96,0.0,2023-10-30T16:22:13,34520.35,tp,1.2794,0.8,2023-10
2023-10-30T16:28:01,cont,SELL,34472.76,34513.86,34439.88,41.1,22.0,2023-10-30T16:31:26,34514.35,sl,-0.8318,-1.0119,2023-10
2023-10-30T16:40:01,cont,SELL,34466.68,34519.82,34424.17,53.14,34.0,2023-10-30T16:44:00,34424.17,tp,0.8502,0.8,2023-10
2023-10-30T17:11:01,cont,SELL,34349.53,34444.8,34273.31,95.27,65.0,2023-10-30T17:12:23,34273.31,tp,1.5243,0.8,2023-10
2023-10-31T00:42:01,flip,BUY,34574.57,34436.23,34685.24,138.34,0.0,2023-10-31T01:16:51,34435.91,sl,-2.7732,-1.0023,2023-10
2023-10-31T02:18:01,flip,SELL,34378.21,34446.05,34323.94,67.84,0.0,2023-10-31T02:38:40,34323.94,tp,1.0854,0.8,2023-10
2023-10-31T02:49:01,cont,SELL,34296.68,34327.35,34272.14,30.67,31.0,2023-10-31T02:55:19,34327.35,sl,-0.6134,-1.0,2023-10
2023-10-31T03:36:01,cont,SELL,34274.39,34376.02,34193.09,101.63,78.0,2023-10-31T04:07:28,34193.09,tp,1.6261,0.8,2023-10
2023-10-31T04:24:01,flip,BUY,34269.58,34239.24,34293.85,30.34,0.0,2023-10-31T04:37:13,34238.62,sl,-0.6192,-1.0204,2023-10
2023-10-31T04:50:01,flip,SELL,34223.93,34267.77,34188.86,43.84,0.0,2023-10-31T05:22:53,34268.41,sl,-0.8896,-1.0146,2023-10
2023-10-31T05:49:01,flip,BUY,34327.24,34267.23,34375.25,60.01,0.0,2023-10-31T06:01:26,34266.9,sl,-1.2068,-1.0055,2023-10
2023-10-31T06:10:01,cont,BUY,34331.81,34258.29,34390.63,73.52,21.0,2023-10-31T06:31:40,34258.28,sl,-1.4706,-1.0001,2023-10
2023-10-31T07:31:01,flip,SELL,34118.47,34312.85,33962.97,194.38,0.0,2023-10-31T08:28:47,34313.86,sl,-3.9078,-1.0052,2023-10
2023-10-31T08:36:01,flip,BUY,34332.59,34289.46,34367.09,43.13,0.0,2023-10-31T08:38:04,34367.09,tp,0.6901,0.8,2023-10
2023-10-31T08:49:01,cont,BUY,34405.17,34332.58,34463.24,72.59,13.0,2023-10-31T09:55:49,34463.24,tp,1.1614,0.8,2023-10
2023-10-31T12:29:01,flip,SELL,34416.25,34457.38,34383.35,41.13,0.0,2023-10-31T12:30:57,34383.35,tp,0.6581,0.8,2023-10
2023-10-31T12:44:01,cont,SELL,34365.19,34421.37,34320.25,56.18,15.0,2023-10-31T12:47:53,34320.25,tp,0.8989,0.8,2023-10
2023-10-31T12:57:01,cont,SELL,34275.47,34347.77,34217.63,72.3,28.0,2023-10-31T13:03:46,34349.05,sl,-1.4716,-1.0177,2023-10
2023-10-31T13:14:01,cont,SELL,34272.76,34340.49,34218.58,67.73,45.0,2023-10-31T13:30:13,34341.49,sl,-1.3746,-1.0148,2023-10
2023-10-31T13:37:01,cont,SELL,34238.08,34332.28,34162.72,94.2,68.0,2023-10-31T13:53:17,34162.72,tp,1.5072,0.8,2023-10
2023-10-31T14:06:01,cont,SELL,34152.98,34211.43,34106.22,58.45,97.0,2023-10-31T14:09:09,34212.54,sl,-1.1912,-1.019,2023-10
2023-10-31T15:01:02,flip,BUY,34371.41,34166.58,34535.27,204.83,0.0,2023-10-31T15:17:34,34164.57,sl,-4.1368,-1.0098,2023-10
2023-10-31T16:41:01,cont,BUY,34395.83,34180.63,34567.99,215.2,100.0,2023-10-31T20:04:47,34567.99,tp,3.4432,0.8,2023-10
2023-10-31T21:40:01,flip,SELL,34536.61,34563.48,34515.11,26.87,0.0,2023-10-31T21:45:57,34515.11,tp,0.4299,0.8,2023-10
2023-10-31T23:50:01,flip,BUY,34628.85,34506.99,34726.34,121.86,0.0,2023-11-01T00:27:04,34506.04,sl,-2.4562,-1.0078,2023-10
2023-11-01T00:54:01,flip,SELL,34501.37,34535.61,34473.98,34.24,0.0,2023-11-01T01:06:57,34473.98,tp,0.5478,0.8,2023-11
2023-11-01T01:22:05,flip,BUY,34527.97,34482.11,34564.66,45.86,0.0,2023-11-01T01:41:01,34481.91,sl,-0.9212,-1.0044,2023-11
2023-11-01T01:55:01,flip,SELL,34471.54,34506.28,34443.75,34.74,0.0,2023-11-01T02:01:21,34443.75,tp,0.5558,0.8,2023-11
2023-11-01T03:24:02,cont,SELL,34414.25,34488.21,34355.08,73.96,89.0,2023-11-01T05:55:03,34355.08,tp,1.1834,0.8,2023-11
2023-11-01T05:56:01,cont,SELL,34332.62,34389.7,34286.96,57.08,51.0,2023-11-01T06:33:59,34390.14,sl,-1.1504,-1.0077,2023-11
2023-11-01T06:34:01,cont,BUY,34387.1,34349.9,34416.86,37.2,15.0,2023-11-01T07:07:54,34416.86,tp,0.5952,0.8,2023-11
2023-11-01T07:08:01,cont,BUY,34424.14,34385.3,34455.21,38.84,49.0,2023-11-01T07:21:21,34455.21,tp,0.6214,0.8,2023-11
2023-11-01T07:22:01,cont,BUY,34471.34,34430.21,34504.24,41.13,63.0,2023-11-01T07:38:32,34429.95,sl,-0.8278,-1.0063,2023-11
2023-11-01T07:48:01,cont,BUY,34485.42,34422.8,34535.52,62.62,89.0,2023-11-01T08:07:35,34422.7,sl,-1.2544,-1.0016,2023-11
2023-11-01T08:12:01,flip,SELL,34416.18,34436.72,34399.75,20.54,0.0,2023-11-01T08:12:47,34437.05,sl,-0.4174,-1.0161,2023-11
2023-11-01T08:18:01,cont,SELL,34414.99,34436.57,34397.73,21.58,6.0,2023-11-01T08:23:29,34437.21,sl,-0.4444,-1.0297,2023-11
2023-11-01T08:40:01,flip,BUY,34466.6,34445.75,34483.28,20.85,0.0,2023-11-01T08:45:26,34445.74,sl,-0.4172,-1.0005,2023-11
2023-11-01T09:02:01,flip,SELL,34416.59,34443.07,34395.41,26.48,0.0,2023-11-01T09:12:52,34443.14,sl,-0.531,-1.0026,2023-11
2023-11-01T09:34:01,flip,BUY,34458.41,34414.78,34493.31,43.63,0.0,2023-11-01T10:30:37,34413.94,sl,-0.8894,-1.0193,2023-11
2023-11-01T10:54:01,flip,SELL,34358.96,34399.86,34326.24,40.9,0.0,2023-11-01T11:08:25,34400.97,sl,-0.8402,-1.0271,2023-11
2023-11-01T11:55:01,flip,BUY,34410.19,34341.0,34465.54,69.19,0.0,2023-11-01T12:22:53,34339.52,sl,-1.4134,-1.0214,2023-11
2023-11-01T12:38:01,cont,BUY,34438.38,34333.08,34522.62,105.3,43.0,2023-11-01T12:49:44,34522.62,tp,1.6848,0.8,2023-11
2023-11-01T13:18:01,cont,BUY,34908.04,34702.62,35072.38,205.42,83.0,2023-11-01T13:21:44,35072.38,tp,3.2867,0.8,2023-11
2023-11-01T14:50:01,flip,SELL,34330.03,34634.49,34086.46,304.46,0.0,2023-11-01T18:34:08,34635.24,sl,-6.1042,-1.0025,2023-11
2023-11-01T20:19:01,flip,BUY,34689.88,34429.91,34897.86,259.97,0.0,2023-11-01T20:37:38,34897.86,tp,4.1595,0.8,2023-11
2023-11-01T20:47:01,cont,BUY,35037.68,34916.51,35134.62,121.17,28.0,2023-11-01T20:57:20,35134.62,tp,1.9387,0.8,2023-11
2023-11-02T05:25:01,flip,SELL,35277.12,35350.9,35218.1,73.78,0.0,2023-11-02T05:27:17,35218.1,tp,1.1805,0.8,2023-11
2023-11-02T05:56:01,cont,SELL,35167.11,35292.19,35067.05,125.08,31.0,2023-11-02T07:09:42,35292.97,sl,-2.5172,-1.0062,2023-11
2023-11-02T07:36:01,cont,BUY,35325.58,35234.3,35398.6,91.28,27.0,2023-11-02T07:47:08,35233.99,sl,-1.8318,-1.0034,2023-11
2023-11-02T08:02:01,flip,SELL,35205.84,35279.47,35146.94,73.63,0.0,2023-11-02T08:05:25,35146.94,tp,1.1781,0.8,2023-11
2023-11-02T09:28:02,flip,BUY,35334.89,35244.5,35407.2,90.39,0.0,2023-11-02T10:15:58,35407.2,tp,1.4462,0.8,2023-11
2023-11-02T10:16:01,cont,BUY,35417.44,35378.1,35448.91,39.34,48.0,2023-11-02T10:21:52,35448.91,tp,0.6294,0.8,2023-11
2023-11-02T10:27:01,cont,BUY,35479.04,35434.85,35514.39,44.19,59.0,2023-11-02T10:31:20,35434.81,sl,-0.8846,-1.0009,2023-11
2023-11-02T11:08:01,flip,SELL,35355.32,35392.54,35325.54,37.22,0.0,2023-11-02T11:09:49,35325.54,tp,0.5955,0.8,2023-11
2023-11-02T12:48:01,flip,BUY,35450.56,35311.06,35562.16,139.5,0.0,2023-11-02T13:06:58,35310.17,sl,-2.8078,-1.0064,2023-11
2023-11-02T13:31:01,flip,SELL,35139.29,35246.38,35053.62,107.09,0.0,2023-11-02T13:44:13,35053.62,tp,1.7134,0.8,2023-11
2023-11-02T16:47:01,flip,BUY,34615.89,34526.74,34687.21,89.15,0.0,2023-11-02T17:48:05,34687.21,tp,1.4264,0.8,2023-11
2023-11-02T18:00:01,cont,BUY,34762.87,34716.34,34800.09,46.53,73.0,2023-11-02T18:06:24,34714.97,sl,-0.958,-1.0294,2023-11
2023-11-02T18:13:01,cont,BUY,34789.69,34703.39,34858.73,86.3,86.0,2023-11-02T19:23:33,34858.73,tp,1.3808,0.8,2023-11
2023-11-02T20:51:01,flip,SELL,34810.44,34864.27,34767.38,53.83,0.0,2023-11-02T20:53:23,34864.76,sl,-1.0864,-1.0091,2023-11
2023-11-02T21:07:01,flip,BUY,34918.25,34821.98,34995.27,96.27,0.0,2023-11-02T22:16:43,34820.7,sl,-1.951,-1.0133,2023-11
2023-11-02T22:17:01,flip,SELL,34835.58,34897.6,34785.96,62.02,0.0,2023-11-02T22:42:03,34785.96,tp,0.9923,0.8,2023-11
2023-11-02T23:02:01,cont,SELL,34743.79,34772.56,34720.77,28.77,45.0,2023-11-02T23:11:59,34720.77,tp,0.4603,0.8,2023-11
2023-11-02T23:12:01,cont,SELL,34708.58,34750.95,34674.68,42.37,55.0,2023-11-02T23:13:32,34751.2,sl,-0.8524,-1.0059,2023-11
2023-11-02T23:32:01,flip,BUY,34859.95,34805.38,34903.61,54.57,0.0,2023-11-02T23:35:37,34804.75,sl,-1.104,-1.0115,2023-11
2023-11-02T23:48:01,cont,BUY,34875.52,34768.86,34960.85,106.66,16.0,2023-11-03T00:27:32,34768.08,sl,-2.1488,-1.0073,2023-11
2023-11-03T00:53:01,flip,SELL,34596.64,34745.88,34477.25,149.24,0.0,2023-11-03T00:55:42,34477.25,tp,2.3878,0.8,2023-11
2023-11-03T01:16:01,cont,SELL,34434.49,34549.19,34342.73,114.7,23.0,2023-11-03T01:27:04,34550.16,sl,-2.3134,-1.0085,2023-11
2023-11-03T02:04:01,flip,BUY,34629.98,34491.96,34740.4,138.02,0.0,2023-11-03T04:46:34,34491.63,sl,-2.767,-1.0024,2023-11
2023-11-03T04:57:01,cont,SELL,34325.98,34484.83,34198.9,158.85,37.0,2023-11-03T05:30:47,34485.26,sl,-3.1856,-1.0027,2023-11
2023-11-03T05:42:01,flip,BUY,34500.38,34461.66,34531.36,38.72,0.0,2023-11-03T05:42:49,34460.7,sl,-0.7936,-1.0248,2023-11
2023-11-03T05:51:01,cont,BUY,34509.88,34406.51,34592.58,103.37,9.0,2023-11-03T07:01:38,34405.93,sl,-2.079,-1.0056,2023-11
2023-11-03T07:02:01,flip,SELL,34401.13,34455.29,34357.8,54.16,0.0,2023-11-03T07:05:08,34456.26,sl,-1.1026,-1.0179,2023-11
2023-11-03T07:40:01,cont,SELL,34396.28,34496.61,34316.02,100.33,38.0,2023-11-03T08:06:49,34496.98,sl,-2.014,-1.0037,2023-11
2023-11-03T08:42:01,cont,SELL,34332.74,34599.39,34119.42,266.65,100.0,2023-11-03T14:01:54,34599.87,sl,-5.3426,-1.0018,2023-11
2023-11-03T16:08:01,flip,SELL,34722.3,34806.51,34654.93,84.21,0.0,2023-11-03T16:10:52,34806.51,sl,-1.6842,-1.0,2023-11
2023-11-03T16:17:01,cont,SELL,34722.25,34832.49,34634.06,110.24,9.0,2023-11-03T16:53:21,34634.06,tp,1.7638,0.8,2023-11
2023-11-03T16:54:01,cont,SELL,34584.37,34667.78,34517.64,83.41,46.0,2023-11-03T16:59:57,34668.71,sl,-1.6868,-1.0111,2023-11
2023-11-03T17:20:01,cont,SELL,34572.79,34669.43,34495.48,96.64,72.0,2023-11-03T17:31:58,34495.48,tp,1.5462,0.8,2023-11
2023-11-03T17:32:01,cont,SELL,34477.49,34544.05,34424.24,66.56,84.0,2023-11-03T17:34:40,34424.24,tp,1.065,0.8,2023-11
2023-11-03T20:19:01,flip,BUY,34638.52,34415.01,34817.33,223.51,0.0,2023-11-04T06:04:15,34817.33,tp,3.5762,0.8,2023-11
2023-11-05T00:53:01,flip,SELL,34952.17,35020.32,34897.65,68.15,0.0,2023-11-05T01:10:05,35021.23,sl,-1.3812,-1.0134,2023-11
2023-11-05T01:55:01,flip,BUY,35036.88,34962.77,35096.17,74.11,0.0,2023-11-05T02:21:00,34962.27,sl,-1.4922,-1.0067,2023-11
2023-11-05T03:14:01,cont,BUY,35088.94,34946.12,35203.2,142.82,79.0,2023-11-05T03:54:51,35203.2,tp,2.2851,0.8,2023-11
2023-11-05T04:21:01,flip,SELL,35213.27,35283.34,35157.21,70.07,0.0,2023-11-05T04:42:20,35157.21,tp,1.1211,0.8,2023-11
2023-11-05T05:04:01,cont,SELL,35137.47,35173.47,35108.67,36.0,43.0,2023-11-05T05:05:37,35174.0,sl,-0.7306,-1.0147,2023-11
2023-11-05T06:11:01,cont,SELL,35134.83,35248.72,35043.72,113.89,110.0,2023-11-05T08:49:12,35043.72,tp,1.8222,0.8,2023-11
2023-11-05T13:56:01,flip,SELL,34998.76,35185.31,34849.52,186.55,0.0,2023-11-05T13:56:53,34849.52,tp,2.9848,0.8,2023-11
2023-11-07T18:16:01,flip,BUY,35395.8,34515.71,36099.87,880.09,0.0,2023-11-09T02:23:41,36099.87,tp,14.0814,0.8,2023-11
2023-11-09T04:25:02,flip,SELL,36421.08,36479.01,36374.74,57.93,0.0,2023-11-09T04:25:21,36479.6,sl,-1.1704,-1.0102,2023-11
2023-11-09T06:23:01,flip,BUY,36781.1,36472.06,37028.33,309.04,0.0,2023-11-09T13:49:10,37028.33,tp,4.9446,0.8,2023-11
2023-11-09T15:22:01,flip,SELL,37563.15,37831.15,37348.75,268.0,0.0,2023-11-09T15:26:43,37348.75,tp,4.288,0.8,2023-11
2023-11-09T15:58:01,cont,SELL,37140.42,37474.31,36873.31,333.89,36.0,2023-11-09T16:07:53,36873.31,tp,5.3422,0.8,2023-11
2023-11-09T16:37:01,cont,SELL,35773.93,36646.26,35076.07,872.33,75.0,2023-11-09T17:58:19,36646.44,sl,-17.4502,-1.0002,2023-11
2023-11-09T21:26:01,flip,BUY,36711.15,36494.84,36884.2,216.31,0.0,2023-11-09T21:41:11,36494.24,sl,-4.3382,-1.0028,2023-11
2023-11-09T21:54:01,flip,SELL,36440.89,36504.77,36389.79,63.88,0.0,2023-11-09T21:56:35,36505.02,sl,-1.2826,-1.0039,2023-11
2023-11-09T22:08:02,flip,BUY,36594.28,36531.48,36644.52,62.8,0.0,2023-11-09T22:12:03,36644.52,tp,1.0048,0.8,2023-11
2023-11-09T22:34:01,flip,SELL,36515.05,36562.91,36476.76,47.86,0.0,2023-11-09T22:34:45,36564.54,sl,-0.9898,-1.0341,2023-11
2023-11-09T22:44:01,cont,SELL,36495.89,36573.22,36434.03,77.33,10.0,2023-11-09T22:48:26,36573.28,sl,-1.5478,-1.0008,2023-11
2023-11-09T23:33:01,flip,BUY,36651.21,36490.77,36779.56,160.44,0.0,2023-11-10T00:43:29,36489.33,sl,-3.2376,-1.009,2023-11
2023-11-10T00:55:01,cont,SELL,36468.37,36538.45,36412.31,70.08,44.0,2023-11-10T01:17:08,36538.52,sl,-1.403,-1.001,2023-11
2023-11-10T01:22:01,flip,BUY,36588.61,36548.65,36620.58,39.96,0.0,2023-11-10T01:36:14,36620.58,tp,0.6394,0.8,2023-11
2023-11-10T01:41:01,cont,BUY,36636.27,36611.36,36656.2,24.91,19.0,2023-11-10T01:49:41,36656.2,tp,0.3986,0.8,2023-11
2023-11-10T02:30:01,cont,BUY,36698.99,36586.13,36789.28,112.86,68.0,2023-11-10T02:51:57,36789.28,tp,1.8058,0.8,2023-11
2023-11-10T03:10:01,cont,BUY,36839.71,36755.92,36906.74,83.79,108.0,2023-11-10T03:24:29,36754.8,sl,-1.6982,-1.0134,2023-11
2023-11-10T03:32:01,flip,SELL,36698.59,36760.28,36649.24,61.69,0.0,2023-11-10T03:38:12,36760.72,sl,-1.2426,-1.0071,2023-11
2023-11-10T04:04:01,cont,SELL,36674.7,36769.46,36598.89,94.76,32.0,2023-11-10T04:55:43,36769.98,sl,-1.9056,-1.0055,2023-11
2023-11-10T09:07:01,flip,BUY,36514.12,36460.12,36557.32,54.0,0.0,2023-11-10T09:13:29,36458.93,sl,-1.1038,-1.022,2023-11
2023-11-10T10:07:01,cont,BUY,36538.18,36426.63,36627.42,111.55,60.0,2023-11-10T10:56:15,36627.42,tp,1.7848,0.8,2023-11
2023-11-10T13:56:01,flip,SELL,37019.08,37203.32,36871.69,184.24,0.0,2023-11-10T14:10:20,36871.69,tp,2.9478,0.8,2023-11
2023-11-10T14:11:01,cont,SELL,36855.1,37032.96,36712.81,177.86,15.0,2023-11-10T14:19:09,37033.01,sl,-3.5582,-1.0003,2023-11
2023-11-10T15:08:01,flip,BUY,37136.31,37009.09,37238.09,127.22,0.0,2023-11-10T15:40:19,37008.28,sl,-2.5606,-1.0064,2023-11
2023-11-10T16:06:01,cont,BUY,37193.69,36931.43,37403.5,262.26,58.0,2023-11-10T16:29:44,37403.5,tp,4.1962,0.8,2023-11
2023-11-10T20:08:01,flip,SELL,37121.83,37370.47,36922.92,248.64,0.0,2023-11-10T22:48:44,37370.93,sl,-4.982,-1.0019,2023-11
2023-11-11T02:57:01,flip,BUY,37077.91,37049.19,37100.89,28.72,0.0,2023-11-11T03:03:23,37049.05,sl,-0.5772,-1.0049,2023-11
2023-11-11T03:06:01,flip,SELL,37044.43,37068.27,37025.36,23.84,0.0,2023-11-11T03:09:36,37069.92,sl,-0.5098,-1.0692,2023-11
2023-11-11T03:13:01,cont,SELL,37030.18,37071.65,36997.0,41.47,7.0,2023-11-11T03:13:48,37072.79,sl,-0.8522,-1.0275,2023-11
2023-11-11T03:43:01,flip,BUY,37083.71,37017.17,37136.94,66.54,0.0,2023-11-11T03:52:09,37014.96,sl,-1.375,-1.0332,2023-11
2023-11-11T04:22:01,flip,SELL,36977.7,37047.43,36921.92,69.73,0.0,2023-11-11T04:29:31,36921.92,tp,1.1157,0.8,2023-11
2023-11-11T05:15:01,flip,BUY,37071.66,37041.04,37096.16,30.62,0.0,2023-11-11T05:24:59,37096.16,tp,0.4899,0.8,2023-11
2023-11-11T05:25:01,cont,BUY,37107.12,37044.81,37156.97,62.31,10.0,2023-11-11T05:58:43,37043.88,sl,-1.2648,-1.0149,2023-11
2023-11-11T06:14:01,flip,SELL,37004.47,37028.52,36985.23,24.05,0.0,2023-11-11T06:24:43,37029.02,sl,-0.491,-1.0208,2023-11
2023-11-11T06:39:01,flip,BUY,37069.21,37034.92,37096.64,34.29,0.0,2023-11-11T06:42:23,37096.64,tp,0.5486,0.8,2023-11
2023-11-11T07:46:01,flip,SELL,36974.23,37060.32,36905.36,86.09,0.0,2023-11-11T11:18:02,36905.36,tp,1.3774,0.8,2023-11
2023-11-11T13:26:02,flip,SELL,37042.2,37088.04,37005.53,45.84,0.0,2023-11-11T13:30:58,37088.63,sl,-0.9286,-1.0129,2023-11
2023-11-11T14:16:01,flip,BUY,37184.05,37092.03,37257.67,92.02,0.0,2023-11-11T15:46:09,37091.26,sl,-1.8558,-1.0084,2023-11
2023-11-12T00:02:01,flip,BUY,37146.53,37094.1,37188.47,52.43,0.0,2023-11-12T00:05:03,37093.19,sl,-1.0668,-1.0174,2023-11
2023-11-12T00:40:01,flip,SELL,36901.5,36999.11,36823.41,97.61,0.0,2023-11-12T00:48:33,36823.41,tp,1.5618,0.8,2023-11
2023-11-12T05:59:01,flip,BUY,37083.91,37051.79,37109.61,32.12,0.0,2023-11-12T06:17:25,37049.72,sl,-0.6838,-1.0644,2023-11
2023-11-12T06:26:01,cont,BUY,37098.49,37048.8,37138.24,49.69,27.0,2023-11-12T07:06:08,37138.24,tp,0.795,0.8,2023-11
2023-11-12T08:17:01,flip,SELL,37031.78,37060.73,37008.62,28.95,0.0,2023-11-12T08:26:15,37060.95,sl,-0.5834,-1.0076,2023-11
2023-11-12T09:35:02,cont,SELL,37021.81,37097.57,36961.2,75.76,78.0,2023-11-12T12:26:46,36961.2,tp,1.2122,0.8,2023-11
2023-11-12T13:04:01,cont,SELL,36928.42,37001.83,36869.69,73.41,90.0,2023-11-12T13:13:53,37002.04,sl,-1.4724,-1.0029,2023-11
2023-11-12T14:23:01,flip,BUY,37102.11,37003.45,37181.04,98.66,0.0,2023-11-12T23:19:40,37000.9,sl,-2.0242,-1.0258,2023-11
2023-11-13T06:50:01,flip,BUY,36928.95,36875.87,36971.41,53.08,0.0,2023-11-13T06:57:10,36875.57,sl,-1.0676,-1.0057,2023-11
2023-11-13T06:59:01,cont,BUY,36936.72,36871.83,36988.63,64.89,9.0,2023-11-13T07:14:28,36988.63,tp,1.0382,0.8,2023-11
2023-11-13T07:23:01,cont,BUY,37015.61,36964.57,37056.44,51.04,33.0,2023-11-13T07:41:20,36963.83,sl,-1.0356,-1.0145,2023-11
2023-11-13T07:48:01,flip,SELL,36950.07,36997.09,36912.45,47.02,0.0,2023-11-13T08:09:07,36912.45,tp,0.7523,0.8,2023-11
2023-11-13T08:24:02,cont,SELL,36895.64,36926.3,36871.11,30.66,36.0,2023-11-13T08:25:35,36926.82,sl,-0.6236,-1.017,2023-11
2023-11-13T08:41:01,flip,BUY,36989.81,36944.35,37026.18,45.46,0.0,2023-11-13T09:16:26,36943.7,sl,-0.9222,-1.0143,2023-11
2023-11-13T10:10:01,flip,SELL,36938.21,37002.49,36886.79,64.28,0.0,2023-11-13T11:11:29,36886.79,tp,1.0285,0.8,2023-11
2023-11-13T11:31:01,cont,SELL,36806.68,36871.77,36754.61,65.09,81.0,2023-11-13T11:46:04,36754.61,tp,1.0414,0.8,2023-11
2023-11-13T11:49:01,cont,SELL,36747.14,36803.37,36702.16,56.23,99.0,2023-11-13T11:57:43,36803.78,sl,-1.1328,-1.0073,2023-11
2023-11-13T12:06:01,cont,SELL,36705.13,36796.22,36632.26,91.09,116.0,2023-11-13T12:23:58,36632.26,tp,1.4574,0.8,2023-11
2023-11-13T12:40:01,flip,BUY,36809.62,36758.75,36850.32,50.87,0.0,2023-11-13T12:46:52,36850.32,tp,0.8139,0.8,2023-11
2023-11-13T12:55:01,cont,BUY,36908.0,36879.14,36931.09,28.86,15.0,2023-11-13T13:06:06,36877.92,sl,-0.6016,-1.0423,2023-11
2023-11-13T13:13:01,flip,SELL,36849.1,36900.47,36808.0,51.37,0.0,2023-11-13T13:15:39,36808.0,tp,0.8219,0.8,2023-11
2023-11-13T13:24:01,cont,SELL,36792.45,36858.28,36739.79,65.83,11.0,2023-11-13T13:26:04,36858.93,sl,-1.3296,-1.0099,2023-11
2023-11-13T14:38:01,cont,SELL,36743.01,36891.12,36624.52,148.11,85.0,2023-11-13T14:46:07,36624.52,tp,2.3698,0.8,2023-11
2023-11-14T02:50:01,flip,BUY,36443.09,36331.46,36532.39,111.63,0.0,2023-11-14T05:20:36,36532.39,tp,1.7861,0.8,2023-11
2023-11-14T09:49:01,flip,SELL,36492.96,36591.79,36413.9,98.83,0.0,2023-11-14T10:03:49,36413.9,tp,1.5813,0.8,2023-11
2023-11-14T10:26:01,flip,BUY,36516.92,36470.98,36553.67,45.94,0.0,2023-11-14T10:27:34,36470.1,sl,-0.9364,-1.0192,2023-11
2023-11-14T10:39:01,flip,SELL,36435.71,36505.35,36380.0,69.64,0.0,2023-11-14T11:05:12,36380.0,tp,1.1142,0.8,2023-11
2023-11-14T11:06:01,cont,SELL,36367.34,36475.23,36281.03,107.89,27.0,2023-11-14T11:27:42,36281.03,tp,1.7262,0.8,2023-11
2023-11-14T11:44:01,cont,SELL,36219.97,36322.55,36137.91,102.58,65.0,2023-11-14T12:20:05,36323.67,sl,-2.074,-1.0109,2023-11
2023-11-14T13:04:01,flip,BUY,36401.25,36271.85,36504.77,129.4,0.0,2023-11-14T13:30:14,36504.77,tp,2.0704,0.8,2023-11
2023-11-14T14:47:01,flip,BUY,36662.67,36412.84,36862.53,249.83,0.0,2023-11-14T15:18:41,36412.36,sl,-5.0062,-1.0019,2023-11
2023-11-14T15:30:01,flip,SELL,36231.76,36327.62,36155.07,95.86,0.0,2023-11-14T15:33:16,36155.07,tp,1.5338,0.8,2023-11
2023-11-15T18:11:01,flip,BUY,36616.76,36254.27,36906.75,362.49,0.0,2023-11-15T18:11:58,36906.75,tp,5.7998,0.8,2023-11
2023-11-15T18:56:01,cont,BUY,37407.95,36727.79,37952.08,680.16,45.0,2023-11-16T13:46:23,36727.21,sl,-13.6148,-1.0009,2023-11
2023-11-16T14:10:01,cont,SELL,36633.96,36860.48,36452.74,226.52,72.0,2023-11-16T14:30:24,36452.74,tp,3.6243,0.8,2023-11
2023-11-16T20:00:01,flip,BUY,35904.42,35784.3,36000.52,120.12,0.0,2023-11-16T20:07:20,36000.52,tp,1.9219,0.8,2023-11
2023-11-16T20:36:01,cont,BUY,36044.49,35655.52,36355.67,388.97,36.0,2023-11-17T01:01:02,36355.67,tp,6.2235,0.8,2023-11
2023-11-17T01:13:01,cont,BUY,36403.59,36291.57,36493.21,112.02,38.0,2023-11-17T01:19:02,36291.22,sl,-2.2474,-1.0031,2023-11
2023-11-17T01:37:01,cont,BUY,36428.52,36290.07,36539.28,138.45,62.0,2023-11-17T01:56:35,36539.28,tp,2.2152,0.8,2023-11
2023-11-17T02:26:01,cont,BUY,36555.51,36448.63,36641.01,106.88,111.0,2023-11-17T02:30:04,36641.01,tp,1.7101,0.8,2023-11
2023-11-17T03:09:01,flip,SELL,36353.52,36448.35,36277.66,94.83,0.0,2023-11-17T03:38:21,36448.44,sl,-1.8984,-1.0009,2023-11
2023-11-17T03:48:01,flip,BUY,36474.17,36432.28,36507.68,41.89,0.0,2023-11-17T03:53:33,36431.72,sl,-0.849,-1.0134,2023-11
2023-11-17T03:58:01,cont,BUY,36492.47,36423.24,36547.85,69.23,10.0,2023-11-17T04:06:46,36422.37,sl,-1.402,-1.0126,2023-11
2023-11-17T05:09:01,flip,SELL,36339.09,36504.51,36206.75,165.42,0.0,2023-11-17T05:15:28,36206.75,tp,2.6467,0.8,2023-11
2023-11-17T13:07:01,flip,BUY,36567.38,36435.06,36673.24,132.32,0.0,2023-11-17T13:33:09,36434.27,sl,-2.6622,-1.006,2023-11
2023-11-17T13:46:01,flip,SELL,36353.02,36418.37,36300.74,65.35,0.0,2023-11-17T13:51:05,36300.74,tp,1.0456,0.8,2023-11
2023-11-17T14:10:01,cont,SELL,36295.25,36434.0,36184.25,138.75,24.0,2023-11-17T14:41:52,36184.25,tp,2.22,0.8,2023-11
2023-11-18T16:13:01,flip,BUY,36858.81,36213.39,37375.15,645.42,0.0,2023-11-19T23:08:06,37375.15,tp,10.3267,0.8,2023-11
2023-11-20T03:43:01,flip,SELL,37128.2,37363.01,36940.35,234.81,0.0,2023-11-20T10:46:26,37364.69,sl,-4.7298,-1.0072,2023-11
2023-11-20T16:01:01,flip,BUY,37520.34,37239.7,37744.85,280.64,0.0,2023-11-20T16:52:27,37238.48,sl,-5.6372,-1.0043,2023-11
2023-11-20T17:22:01,flip,SELL,37180.96,37283.64,37098.82,102.68,0.0,2023-11-20T17:28:40,37098.82,tp,1.6429,0.8,2023-11
2023-11-20T17:47:01,flip,BUY,37517.72,37340.66,37659.37,177.06,0.0,2023-11-20T17:47:46,37659.37,tp,2.833,0.8,2023-11
2023-11-21T07:11:01,flip,SELL,37275.09,37645.35,36978.88,370.26,0.0,2023-11-21T14:01:55,36978.88,tp,5.9242,0.8,2023-11
2023-11-21T16:53:01,flip,BUY,37266.37,36795.68,37642.92,470.69,0.0,2023-11-21T17:45:30,36795.59,sl,-9.4156,-1.0002,2023-11
2023-11-21T22:30:01,flip,SELL,36582.22,37176.28,36106.97,594.06,0.0,2023-11-21T23:30:16,36106.97,tp,9.505,0.8,2023-11
2023-11-21T23:47:01,cont,SELL,35955.03,36197.68,35760.91,242.65,77.0,2023-11-21T23:59:56,35760.91,tp,3.8824,0.8,2023-11
2023-11-22T02:52:01,flip,BUY,36253.61,36147.65,36338.38,105.96,0.0,2023-11-22T03:14:20,36338.38,tp,1.6954,0.8,2023-11
2023-11-22T03:27:01,cont,BUY,36377.01,36285.36,36450.33,91.65,35.0,2023-11-22T04:37:11,36450.33,tp,1.4664,0.8,2023-11
2023-11-22T04:45:01,cont,BUY,36477.75,36417.02,36526.33,60.73,113.0,2023-11-22T04:46:59,36415.5,sl,-1.245,-1.025,2023-11
2023-11-22T05:39:01,flip,SELL,36372.79,36404.3,36347.58,31.51,0.0,2023-11-22T05:39:16,36404.6,sl,-0.6362,-1.0095,2023-11
2023-11-22T05:48:01,cont,SELL,36365.5,36411.8,36328.46,46.3,9.0,2023-11-22T06:01:30,36412.15,sl,-0.933,-1.0076,2023-11
2023-11-22T06:34:01,flip,BUY,36509.62,36417.47,36583.34,92.15,0.0,2023-11-22T08:29:33,36417.34,sl,-1.8456,-1.0014,2023-11
2023-11-22T08:51:01,flip,BUY,36513.73,36456.03,36559.89,57.7,0.0,2023-11-22T08:59:48,36559.89,tp,0.9232,0.8,2023-11
2023-11-22T09:00:01,cont,BUY,36567.89,36503.56,36619.35,64.33,9.0,2023-11-22T09:39:13,36619.35,tp,1.0293,0.8,2023-11
2023-11-22T10:01:01,cont,BUY,36708.39,36618.3,36780.46,90.09,70.0,2023-11-22T10:17:31,36616.9,sl,-1.8298,-1.0155,2023-11
2023-11-22T10:23:01,flip,SELL,36583.05,36622.99,36551.1,39.94,0.0,2023-11-22T10:37:45,36623.33,sl,-0.8056,-1.0085,2023-11
2023-11-22T10:54:01,flip,BUY,36702.56,36593.38,36789.9,109.18,0.0,2023-11-22T11:06:59,36591.49,sl,-2.2214,-1.0173,2023-11
2023-11-22T11:18:01,flip,SELL,36560.22,36636.48,36499.21,76.26,0.0,2023-11-22T11:48:11,36499.21,tp,1.2202,0.8,2023-11
2023-11-22T11:49:01,cont,SELL,36494.77,36530.52,36466.17,35.75,31.0,2023-11-22T11:51:52,36466.17,tp,0.572,0.8,2023-11
2023-11-22T12:24:01,flip,BUY,36559.33,36513.2,36596.23,46.13,0.0,2023-11-22T12:27:22,36505.21,sl,-1.0824,-1.1732,2023-11
2023-11-22T12:42:01,flip,SELL,36465.86,36513.83,36427.48,47.97,0.0,2023-11-22T12:42:25,36515.94,sl,-1.0016,-1.044,2023-11
2023-11-22T13:03:01,flip,BUY,36632.44,36545.06,36702.34,87.38,0.0,2023-11-22T13:09:21,36544.37,sl,-1.7614,-1.0079,2023-11
2023-11-22T14:12:01,cont,BUY,36658.1,36462.64,36814.47,195.46,69.0,2023-11-22T14:46:25,36460.11,sl,-3.9598,-1.0129,2023-11
2023-11-22T15:03:01,flip,SELL,36304.06,36406.05,36222.47,101.99,0.0,2023-11-22T15:23:44,36406.56,sl,-2.05,-1.005,2023-11
2023-11-22T17:36:01,flip,BUY,36648.33,36344.22,36891.62,304.11,0.0,2023-11-22T18:16:06,36891.62,tp,4.8658,0.8,2023-11
2023-11-22T19:01:01,cont,BUY,37259.71,37067.34,37413.61,192.37,85.0,2023-11-22T19:08:37,37413.61,tp,3.0779,0.8,2023-11
2023-11-22T21:58:01,flip,SELL,37524.82,37588.29,37474.04,63.47,0.0,2023-11-22T21:58:24,37588.99,sl,-1.2834,-1.011,2023-11
2023-11-22T22:07:01,flip,BUY,37678.63,37587.67,37751.4,90.96,0.0,2023-11-22T22:10:33,37751.4,tp,1.4554,0.8,2023-11
2023-11-22T22:40:01,flip,SELL,37426.66,37504.42,37364.45,77.76,0.0,2023-11-22T22:43:55,37504.89,sl,-1.5646,-1.006,2023-11
2023-11-22T22:49:01,cont,SELL,37394.53,37498.81,37311.11,104.28,9.0,2023-11-22T23:08:15,37311.11,tp,1.6685,0.8,2023-11
2023-11-22T23:23:01,cont,SELL,37249.81,37340.98,37176.87,91.17,43.0,2023-11-22T23:31:35,37341.93,sl,-1.8424,-1.0104,2023-11
2023-11-23T00:11:01,flip,BUY,37503.89,37370.68,37610.46,133.21,0.0,2023-11-23T00:28:09,37370.27,sl,-2.6724,-1.0031,2023-11
2023-11-23T03:09:01,flip,SELL,37266.17,37494.8,37083.27,228.63,0.0,2023-11-23T08:36:53,37496.91,sl,-4.6148,-1.0092,2023-11
2023-11-23T08:59:01,cont,BUY,37506.06,37411.93,37581.36,94.13,39.0,2023-11-23T09:53:35,37581.36,tp,1.5061,0.8,2023-11
2023-11-23T14:22:01,flip,SELL,37161.43,37505.19,36886.42,343.76,0.0,2023-11-23T15:55:12,36886.42,tp,5.5002,0.8,2023-11
2023-11-23T16:22:01,flip,BUY,37118.77,37039.92,37181.85,78.85,0.0,2023-11-23T16:32:14,37039.05,sl,-1.5944,-1.011,2023-11
2023-11-23T17:07:01,cont,BUY,37160.68,37021.54,37271.99,139.14,45.0,2023-11-23T18:17:29,37271.99,tp,2.2262,0.8,2023-11
2023-11-23T22:24:01,flip,SELL,37196.39,37236.34,37164.43,39.95,0.0,2023-11-23T22:31:29,37237.79,sl,-0.828,-1.0363,2023-11
2023-11-23T22:56:01,flip,BUY,37257.95,37192.05,37310.67,65.9,0.0,2023-11-23T23:00:49,37310.67,tp,1.0544,0.8,2023-11
2023-11-23T23:07:01,cont,BUY,37376.17,37302.92,37434.77,73.25,11.0,2023-11-23T23:19:21,37301.05,sl,-1.5024,-1.0255,2023-11
2023-11-24T00:14:01,flip,SELL,37220.92,37290.33,37165.39,69.41,0.0,2023-11-24T00:18:28,37291.52,sl,-1.412,-1.0171,2023-11
2023-11-24T01:05:01,flip,BUY,37343.27,37251.28,37416.86,91.99,0.0,2023-11-24T01:08:58,37416.86,tp,1.4718,0.8,2023-11
2023-11-24T01:30:01,cont,BUY,37481.47,37402.55,37544.61,78.92,25.0,2023-11-24T01:40:54,37400.82,sl,-1.613,-1.0219,2023-11
2023-11-24T01:53:01,flip,SELL,37370.78,37423.7,37328.44,52.92,0.0,2023-11-24T02:01:45,37423.77,sl,-1.0598,-1.0013,2023-11
2023-11-24T02:05:01,cont,SELL,37352.63,37414.29,37303.3,61.66,12.0,2023-11-24T02:21:23,37414.42,sl,-1.2358,-1.0021,2023-11
2023-11-24T03:33:01,cont,SELL,37321.77,37421.88,37241.68,100.11,100.0,2023-11-24T05:57:40,37422.47,sl,-2.014,-1.0059,2023-11
2023-11-24T09:30:01,flip,BUY,37546.93,37398.78,37665.45,148.15,0.0,2023-11-24T09:43:04,37665.45,tp,2.3704,0.8,2023-11
2023-11-24T10:24:01,cont,BUY,37729.15,37532.27,37886.65,196.88,54.0,2023-11-24T10:33:45,37886.65,tp,3.1501,0.8,2023-11
2023-11-24T23:07:01,flip,SELL,37576.08,37988.51,37246.14,412.43,0.0,2023-11-26T16:28:20,37246.14,tp,6.5989,0.8,2023-11
2023-11-26T17:39:01,flip,BUY,37333.74,37252.99,37398.34,80.75,0.0,2023-11-26T17:51:42,37250.25,sl,-1.6698,-1.0339,2023-11
2023-11-26T18:26:01,flip,SELL,37236.06,37302.9,37182.59,66.84,0.0,2023-11-26T18:29:13,37182.59,tp,1.0694,0.8,2023-11
2023-11-26T19:28:01,flip,BUY,37347.92,37271.55,37409.02,76.37,0.0,2023-11-26T20:05:36,37409.02,tp,1.2219,0.8,2023-11
2023-11-26T20:16:01,cont,BUY,37426.3,37364.11,37476.05,62.19,48.0,2023-11-26T20:30:53,37476.05,tp,0.995,0.8,2023-11
2023-11-26T20:33:01,cont,BUY,37488.89,37414.78,37548.18,74.11,65.0,2023-11-26T20:46:29,37548.18,tp,1.1858,0.8,2023-11
2023-11-27T02:36:01,flip,SELL,37313.33,37557.62,37117.9,244.29,0.0,2023-11-27T07:33:58,37117.9,tp,3.9086,0.8,2023-11
2023-11-27T08:41:01,flip,BUY,37389.66,37322.19,37443.64,67.47,0.0,2023-11-27T08:43:42,37321.81,sl,-1.357,-1.0056,2023-11
2023-11-27T09:12:01,cont,BUY,37423.74,37300.55,37522.29,123.19,31.0,2023-11-27T10:02:15,37300.35,sl,-2.4678,-1.0016,2023-11
2023-11-27T10:58:01,flip,SELL,37026.12,37139.0,36935.82,112.88,0.0,2023-11-27T11:04:25,37139.22,sl,-2.262,-1.0019,2023-11
2023-11-27T11:07:01,cont,SELL,37000.88,37129.98,36897.6,129.1,9.0,2023-11-27T11:35:30,36897.6,tp,2.0656,0.8,2023-11
2023-11-27T12:27:01,cont,SELL,36943.96,37140.71,36786.56,196.75,89.0,2023-11-27T13:52:15,36786.56,tp,3.148,0.8,2023-11
2023-11-27T15:17:01,flip,BUY,37033.72,36716.91,37287.17,316.81,0.0,2023-11-27T16:00:13,36716.16,sl,-6.3512,-1.0024,2023-11
2023-11-27T16:45:01,cont,BUY,37016.4,36714.73,37257.74,301.67,88.0,2023-11-27T23:31:40,37257.74,tp,4.8267,0.8,2023-11
2023-11-28T01:39:01,flip,SELL,37169.7,37227.81,37123.21,58.11,0.0,2023-11-28T01:43:24,37228.35,sl,-1.173,-1.0093,2023-11
2023-11-28T02:03:01,cont,SELL,37161.1,37221.88,37112.48,60.78,24.0,2023-11-28T02:33:47,37112.48,tp,0.9725,0.8,2023-11
2023-11-28T02:34:01,cont,SELL,37099.03,37169.34,37042.78,70.31,55.0,2023-11-28T02:37:25,37171.02,sl,-1.4398,-1.0239,2023-11
2023-11-28T06:35:01,flip,BUY,37049.4,36942.21,37135.15,107.19,0.0,2023-11-28T07:53:54,37135.15,tp,1.715,0.8,2023-11
2023-11-28T07:54:01,cont,BUY,37160.01,36979.35,37304.54,180.66,79.0,2023-11-28T08:28:24,36978.63,sl,-3.6276,-1.004,2023-11
2023-11-28T08:50:01,flip,SELL,36927.86,37043.28,36835.52,115.42,0.0,2023-11-28T09:28:54,37043.45,sl,-2.3118,-1.0015,2023-11
2023-11-28T11:17:01,flip,BUY,37139.87,36994.33,37256.3,145.54,0.0,2023-11-28T11:59:09,37256.3,tp,2.3286,0.8,2023-11
2023-11-28T12:34:01,cont,BUY,37269.2,37159.45,37357.0,109.75,77.0,2023-11-28T13:03:18,37159.08,sl,-2.2024,-1.0034,2023-11
2023-11-28T18:51:01,flip,SELL,37956.9,38191.53,37769.2,234.63,0.0,2023-11-28T19:36:48,38192.11,sl,-4.7042,-1.0025,2023-11
2023-11-29T06:35:07,flip,BUY,38101.11,37831.06,38317.15,270.05,0.0,2023-11-29T08:51:00,38317.15,tp,4.3208,0.8,2023-11
2023-11-29T14:46:01,flip,SELL,37866.17,38274.59,37539.43,408.42,0.0,2023-11-30T14:03:29,37539.43,tp,6.5347,0.8,2023-11
2023-12-01T12:22:01,flip,SELL,38476.52,38663.11,38327.25,186.59,0.0,2023-12-01T12:50:32,38327.25,tp,2.9854,0.8,2023-12
2023-12-01T12:51:01,cont,SELL,38327.13,38404.59,38265.16,77.46,29.0,2023-12-01T13:03:15,38406.06,sl,-1.5786,-1.019,2023-12
2023-12-01T14:07:01,cont,SELL,38287.99,38428.68,38175.44,140.69,105.0,2023-12-01T15:02:41,38429.15,sl,-2.8232,-1.0033,2023-12
2023-12-01T16:09:01,flip,BUY,38475.96,38396.7,38539.37,79.26,0.0,2023-12-01T16:18:28,38539.37,tp,1.2682,0.8,2023-12
2023-12-01T16:34:01,cont,BUY,38873.2,38692.15,39018.04,181.05,25.0,2023-12-01T16:45:19,38690.52,sl,-3.6536,-1.009,2023-12
2023-12-01T19:12:01,flip,SELL,38642.05,38884.87,38447.79,242.82,0.0,2023-12-01T20:41:20,38886.6,sl,-4.891,-1.0071,2023-12
2023-12-01T21:38:01,cont,BUY,38861.94,38708.99,38984.3,152.95,65.0,2023-12-01T22:34:02,38708.43,sl,-3.0702,-1.0037,2023-12
2023-12-01T22:52:02,flip,SELL,38700.84,38750.01,38661.5,49.17,0.0,2023-12-02T00:11:57,38661.5,tp,0.7867,0.8,2023-12
2023-12-02T00:34:01,cont,SELL,38647.66,38708.29,38599.16,60.63,102.0,2023-12-02T00:38:10,38708.72,sl,-1.2212,-1.0071,2023-12
2023-12-02T01:12:01,flip,BUY,38748.99,38684.27,38800.77,64.72,0.0,2023-12-02T02:23:28,38683.46,sl,-1.3106,-1.0125,2023-12
2023-12-03T17:06:01,flip,SELL,39585.23,39758.27,39446.8,173.04,0.0,2023-12-03T17:45:55,39446.8,tp,2.7686,0.8,2023-12
2023-12-03T17:46:01,cont,SELL,39454.85,39559.02,39371.51,104.17,40.0,2023-12-03T17:49:06,39559.67,sl,-2.0964,-1.0062,2023-12
2023-12-03T20:02:01,flip,BUY,39617.78,39420.75,39775.4,197.03,0.0,2023-12-03T22:07:03,39775.4,tp,3.1525,0.8,2023-12
2023-12-03T22:21:01,cont,BUY,39871.44,39735.75,39979.99,135.69,68.0,2023-12-03T22:33:05,39979.99,tp,2.171,0.8,2023-12
2023-12-03T23:11:01,cont,BUY,40160.9,39879.91,40385.69,280.99,118.0,2023-12-03T23:26:37,39879.58,sl,-5.6264,-1.0012,2023-12
2023-12-04T11:21:01,flip,SELL,41357.37,41679.09,41099.99,321.72,0.0,2023-12-04T12:22:40,41680.68,sl,-6.4662,-1.0049,2023-12
2023-12-04T13:02:01,flip,BUY,41817.37,41479.37,42087.77,338.0,0.0,2023-12-04T14:15:28,41479.31,sl,-6.7612,-1.0002,2023-12
2023-12-04T15:30:01,flip,SELL,41375.12,41612.28,41185.39,237.16,0.0,2023-12-04T15:34:07,41185.39,tp,3.7946,0.8,2023-12
2023-12-04T18:56:01,flip,BUY,41734.85,41460.03,41954.71,274.82,0.0,2023-12-04T19:56:53,41954.71,tp,4.3971,0.8,2023-12
2023-12-04T19:57:01,cont,BUY,42006.13,41739.32,42219.58,266.81,61.0,2023-12-04T20:12:39,41738.44,sl,-5.3538,-1.0033,2023-12
2023-12-04T20:55:01,flip,SELL,41690.7,41868.07,41548.8,177.37,0.0,2023-12-04T21:50:01,41868.31,sl,-3.5522,-1.0014,2023-12
2023-12-04T22:10:01,flip,BUY,42046.67,41846.5,42206.81,200.17,0.0,2023-12-04T22:13:32,42206.81,tp,3.2027,0.8,2023-12
2023-12-04T23:02:01,flip,SELL,41776.41,41922.35,41659.66,145.94,0.0,2023-12-04T23:52:03,41923.63,sl,-2.9444,-1.0088,2023-12
2023-12-04T23:54:02,cont,BUY,41940.22,41870.83,41995.73,69.39,2.0,2023-12-05T00:00:14,41869.36,sl,-1.4172,-1.0212,2023-12
2023-12-05T00:20:01,flip,SELL,41684.02,41782.43,41605.29,98.41,0.0,2023-12-05T00:27:37,41782.65,sl,-1.9726,-1.0022,2023-12
2023-12-05T00:55:01,flip,BUY,41860.69,41769.27,41933.83,91.42,0.0,2023-12-05T01:05:55,41764.7,sl,-1.9198,-1.05,2023-12
2023-12-05T01:19:01,flip,SELL,41654.66,41801.71,41537.02,147.05,0.0,2023-12-05T03:23:57,41801.92,sl,-2.9452,-1.0014,2023-12
2023-12-05T05:29:01,flip,BUY,41852.37,41786.43,41905.12,65.94,0.0,2023-12-05T05:31:33,41785.6,sl,-1.3354,-1.0126,2023-12
2023-12-05T05:40:01,cont,BUY,41877.97,41780.37,41956.05,97.6,11.0,2023-12-05T06:23:17,41779.52,sl,-1.969,-1.0087,2023-12
2023-12-05T07:20:01,flip,SELL,41486.6,41581.41,41410.75,94.81,0.0,2023-12-05T07:39:35,41410.75,tp,1.517,0.8,2023-12
2023-12-05T09:08:01,flip,BUY,41605.51,41401.06,41769.07,204.45,0.0,2023-12-05T12:15:15,41769.07,tp,3.2712,0.8,2023-12
2023-12-05T13:00:01,cont,BUY,41816.92,41701.32,41909.4,115.6,51.0,2023-12-05T13:11:57,41909.4,tp,1.8496,0.8,2023-12
2023-12-06T02:18:01,flip,SELL,43773.56,43913.43,43661.66,139.87,0.0,2023-12-06T02:33:26,43661.66,tp,2.2379,0.8,2023-12
2023-12-06T02:34:01,cont,SELL,43632.12,43729.95,43553.86,97.83,16.0,2023-12-06T02:38:07,43731.48,sl,-1.9872,-1.0156,2023-12
2023-12-06T08:09:01,flip,BUY,43775.62,43446.44,44038.96,329.18,0.0,2023-12-06T10:08:55,44038.96,tp,5.2669,0.8,2023-12
2023-12-06T10:09:01,cont,BUY,44044.82,43800.48,44240.29,244.34,120.0,2023-12-06T10:29:08,44240.29,tp,3.9094,0.8,2023-12
2023-12-06T11:13:01,flip,SELL,43887.15,44117.14,43703.16,229.99,0.0,2023-12-06T11:15:29,43703.16,tp,3.6798,0.8,2023-12
2023-12-06T11:20:01,cont,SELL,43509.55,43806.38,43272.09,296.83,7.0,2023-12-06T11:56:41,43806.59,sl,-5.9408,-1.0007,2023-12
2023-12-06T12:04:01,flip,BUY,43879.37,43776.32,43961.81,103.05,0.0,2023-12-06T12:06:41,43961.81,tp,1.6488,0.8,2023-12
2023-12-06T12:14:01,cont,BUY,44071.0,43904.04,44204.57,166.96,10.0,2023-12-06T12:20:41,43903.14,sl,-3.3572,-1.0054,2023-12
2023-12-06T12:43:01,cont,BUY,44083.98,43825.8,44290.52,258.18,39.0,2023-12-06T14:28:15,44290.52,tp,4.1309,0.8,2023-12
2023-12-06T17:14:01,flip,BUY,44122.85,43761.11,44412.24,361.74,0.0,2023-12-06T20:59:57,43758.35,sl,-7.29,-1.0076,2023-12
2023-12-06T21:33:01,cont,SELL,43699.54,43855.58,43574.71,156.04,34.0,2023-12-06T22:00:28,43855.98,sl,-3.1288,-1.0026,2023-12
2023-12-06T22:31:01,flip,BUY,43961.97,43896.02,44014.73,65.95,0.0,2023-12-06T22:37:18,43893.73,sl,-1.3648,-1.0347,2023-12
2023-12-06T23:08:01,flip,SELL,43613.25,43796.17,43466.91,182.92,0.0,2023-12-06T23:44:26,43797.65,sl,-3.688,-1.0081,2023-12
2023-12-07T00:36:01,flip,BUY,43893.11,43828.55,43944.76,64.56,0.0,2023-12-07T00:39:15,43828.07,sl,-1.3008,-1.0074,2023-12
2023-12-07T00:45:01,cont,BUY,43898.42,43819.63,43961.45,78.79,9.0,2023-12-07T00:58:15,43817.69,sl,-1.6146,-1.0246,2023-12
2023-12-07T01:07:01,cont,BUY,43915.11,43801.2,44006.24,113.91,31.0,2023-12-07T02:36:09,44006.24,tp,1.8226,0.8,2023-12
2023-12-07T05:02:01,flip,SELL,43936.68,44018.33,43871.36,81.65,0.0,2023-12-07T05:07:12,44018.95,sl,-1.6454,-1.0076,2023-12
2023-12-07T06:38:01,cont,SELL,43907.07,44049.67,43792.99,142.6,96.0,2023-12-07T08:13:57,43792.99,tp,2.2816,0.8,2023-12
2023-12-07T15:03:01,flip,BUY,43543.98,42947.23,44021.38,596.75,0.0,2023-12-08T14:50:50,44021.38,tp,9.548,0.8,2023-12
2023-12-08T15:54:01,flip,SELL,43766.59,43971.64,43602.55,205.05,0.0,2023-12-08T16:35:46,43971.73,sl,-4.1028,-1.0004,2023-12
2023-12-08T17:08:01,cont,SELL,43699.23,43948.66,43499.69,249.43,74.0,2023-12-08T19:45:37,43949.81,sl,-5.0116,-1.0046,2023-12
2023-12-08T20:10:01,flip,BUY,44021.33,43954.06,44075.15,67.27,0.0,2023-12-08T20:12:23,43953.97,sl,-1.3472,-1.0013,2023-12
2023-12-08T20:27:01,cont,BUY,44051.4,43935.59,44144.05,115.81,17.0,2023-12-08T20:33:46,44144.05,tp,1.853,0.8,2023-12
2023-12-08T21:18:01,cont,BUY,44439.7,44251.9,44589.94,187.8,68.0,2023-12-08T21:23:49,44589.94,tp,3.0048,0.8,2023-12
2023-12-09T01:09:01,flip,SELL,44096.45,44276.81,43952.16,180.36,0.0,2023-12-09T04:26:32,44283.41,sl,-3.7392,-1.0366,2023-12
2023-12-09T05:23:01,flip,BUY,44351.16,44195.02,44476.07,156.14,0.0,2023-12-09T06:52:26,44194.65,sl,-3.1302,-1.0024,2023-12
2023-12-09T07:02:01,flip,SELL,44147.85,44212.29,44096.3,64.44,0.0,2023-12-09T07:04:10,44214.73,sl,-1.3376,-1.0379,2023-12
2023-12-09T07:40:01,cont,SELL,44136.93,44265.52,44034.06,128.59,38.0,2023-12-09T08:36:24,44034.06,tp,2.0574,0.8,2023-12
2023-12-11T22:18:01,flip,BUY,41264.86,41001.17,41475.81,263.69,0.0,2023-12-12T00:22:42,41475.81,tp,4.219,0.8,2023-12
2023-12-12T01:45:01,flip,SELL,41573.78,41719.73,41457.02,145.95,0.0,2023-12-12T02:10:53,41722.42,sl,-2.9728,-1.0184,2023-12
2023-12-12T06:55:01,flip,BUY,41665.3,41393.14,41883.03,272.16,0.0,2023-12-12T07:45:14,41883.03,tp,4.3546,0.8,2023-12
2023-12-12T07:46:01,cont,BUY,41898.56,41719.55,42041.77,179.01,51.0,2023-12-12T07:54:13,42041.77,tp,2.8642,0.8,2023-12
2023-12-12T08:48:01,cont,BUY,42077.1,41760.69,42330.23,316.41,113.0,2023-12-12T10:06:36,41759.55,sl,-6.351,-1.0036,2023-12
2023-12-12T10:33:01,flip,SELL,41723.02,41827.78,41639.21,104.76,0.0,2023-12-12T11:41:48,41639.21,tp,1.6762,0.8,2023-12
2023-12-12T12:44:01,flip,BUY,41865.01,41714.09,41985.75,150.92,0.0,2023-12-12T13:31:16,41985.75,tp,2.4147,0.8,2023-12
2023-12-12T14:13:01,flip,SELL,41719.39,42027.85,41472.62,308.46,0.0,2023-12-12T14:45:29,41472.62,tp,4.9354,0.8,2023-12
2023-12-12T15:24:01,cont,SELL,41275.04,41554.8,41051.23,279.76,71.0,2023-12-12T17:23:30,41051.23,tp,4.4762,0.8,2023-12
2023-12-12T23:19:01,flip,BUY,41440.02,41006.05,41787.2,433.97,0.0,2023-12-13T01:26:54,41005.41,sl,-8.6922,-1.0015,2023-12
2023-12-13T04:20:01,flip,SELL,40654.83,41051.11,40337.81,396.28,0.0,2023-12-13T05:58:31,41052.24,sl,-7.9482,-1.0029,2023-12
2023-12-13T07:09:01,flip,BUY,41149.49,40834.61,41401.39,314.88,0.0,2023-12-13T13:30:33,41401.39,tp,5.0381,0.8,2023-12
2023-12-13T13:31:01,cont,BUY,41401.4,41266.54,41509.29,134.86,22.0,2023-12-13T15:01:47,41509.29,tp,2.1578,0.8,2023-12
2023-12-13T15:02:01,cont,BUY,41553.28,41288.16,41765.38,265.12,113.0,2023-12-13T15:04:48,41765.38,tp,4.2419,0.8,2023-12
2023-12-14T03:39:01,flip,SELL,42641.5,42879.58,42451.04,238.08,0.0,2023-12-14T06:13:47,42880.8,sl,-4.786,-1.0051,2023-12
2023-12-14T06:22:01,flip,BUY,42986.39,42903.41,43052.77,82.98,0.0,2023-12-14T06:22:11,43052.77,tp,1.3277,0.8,2023-12
2023-12-14T07:09:01,flip,SELL,42827.93,42942.97,42735.9,115.04,0.0,2023-12-14T08:12:13,42943.14,sl,-2.3042,-1.0015,2023-12
2023-12-14T08:25:01,flip,BUY,42990.83,42873.84,43084.42,116.99,0.0,2023-12-14T08:42:38,42870.98,sl,-2.397,-1.0244,2023-12
2023-12-14T09:00:02,flip,SELL,42737.22,42801.73,42685.61,64.51,0.0,2023-12-14T09:01:03,42685.61,tp,1.0322,0.8,2023-12
2023-12-14T09:58:01,flip,BUY,42925.74,42788.43,43035.59,137.31,0.0,2023-12-14T10:11:20,42787.08,sl,-2.7732,-1.0098,2023-12
2023-12-14T10:20:01,flip,SELL,42776.72,42832.82,42731.84,56.1,0.0,2023-12-14T10:21:11,42834.19,sl,-1.1494,-1.0244,2023-12
2023-12-14T10:49:01,flip,BUY,42964.79,42844.98,43060.64,119.81,0.0,2023-12-14T11:35:07,43060.64,tp,1.917,0.8,2023-12
2023-12-14T11:36:01,cont,BUY,43118.47,42944.54,43257.61,173.93,47.0,2023-12-14T11:39:13,43257.61,tp,2.7829,0.8,2023-12
2023-12-14T12:01:01,cont,BUY,43336.05,43135.5,43496.49,200.55,72.0,2023-12-14T12:08:37,43135.02,sl,-4.0206,-1.0024,2023-12
2023-12-14T13:05:01,flip,SELL,42996.69,43231.09,42809.17,234.4,0.0,2023-12-14T13:15:03,42809.17,tp,3.7504,0.8,2023-12
2023-12-14T13:28:01,cont,SELL,42751.14,42895.1,42635.97,143.96,23.0,2023-12-14T13:29:31,42635.97,tp,2.3034,0.8,2023-12
2023-12-14T17:39:01,flip,BUY,43212.96,42980.8,43398.69,232.16,0.0,2023-12-14T17:48:58,43398.69,tp,3.7146,0.8,2023-12
2023-12-14T17:49:01,cont,BUY,43369.0,43125.53,43563.78,243.47,10.0,2023-12-14T18:01:54,43122.72,sl,-4.9256,-1.0115,2023-12
2023-12-14T18:48:02,flip,SELL,42995.95,43178.39,42850.0,182.44,0.0,2023-12-14T18:54:14,42850.0,tp,2.919,0.8,2023-12
2023-12-14T19:39:01,cont,SELL,42804.41,42909.56,42720.29,105.15,51.0,2023-12-14T19:47:30,42910.37,sl,-2.1192,-1.0077,2023-12
2023-12-14T22:16:01,flip,BUY,43107.59,42832.66,43327.53,274.93,0.0,2023-12-15T00:59:21,42830.78,sl,-5.5362,-1.0068,2023-12
2023-12-15T02:12:01,cont,SELL,42842.69,43030.78,42692.22,188.09,92.0,2023-12-15T03:16:17,42692.22,tp,3.0094,0.8,2023-12
2023-12-15T09:15:01,flip,BUY,42999.25,42886.31,43089.6,112.94,0.0,2023-12-15T09:23:25,42885.96,sl,-2.2658,-1.0031,2023-12
2023-12-15T09:51:01,flip,SELL,42791.13,42916.53,42690.81,125.4,0.0,2023-12-15T11:19:39,42690.81,tp,2.0064,0.8,2023-12
2023-12-15T11:20:01,cont,SELL,42689.83,42758.96,42634.53,69.13,89.0,2023-12-15T11:34:41,42761.18,sl,-1.427,-1.0321,2023-12
2023-12-15T16:03:01,flip,BUY,41941.73,41838.43,42024.37,103.3,0.0,2023-12-15T16:09:29,41836.17,sl,-2.1112,-1.0219,2023-12
2023-12-15T16:19:01,cont,BUY,41996.82,41808.88,42147.17,187.94,16.0,2023-12-15T16:46:22,41807.76,sl,-3.7812,-1.006,2023-12
2023-12-15T16:54:01,flip,SELL,41701.5,41767.42,41648.76,65.92,0.0,2023-12-15T16:54:33,41767.46,sl,-1.3192,-1.0006,2023-12
2023-12-15T17:14:01,flip,BUY,41941.29,41812.24,42044.53,129.05,0.0,2023-12-15T17:34:22,42044.53,tp,2.0648,0.8,2023-12
2023-12-15T18:50:01,cont,BUY,42080.01,41802.72,42301.84,277.29,96.0,2023-12-16T00:35:36,41788.23,sl,-5.8356,-1.0523,2023-12
2023-12-16T02:13:01,flip,BUY,42168.4,42034.42,42275.58,133.98,0.0,2023-12-16T03:46:16,42275.58,tp,2.1437,0.8,2023-12
2023-12-16T18:28:01,flip,SELL,42342.59,42410.14,42288.55,67.55,0.0,2023-12-16T18:31:35,42410.61,sl,-1.3604,-1.007,2023-12
2023-12-16T19:03:01,flip,BUY,42454.24,42321.31,42560.58,132.93,0.0,2023-12-16T19:33:48,42320.89,sl,-2.667,-1.0032,2023-12
2023-12-16T20:49:01,flip,SELL,42258.13,42357.94,42178.28,99.81,0.0,2023-12-16T22:06:16,42178.28,tp,1.597,0.8,2023-12
2023-12-16T22:07:01,cont,SELL,42158.12,42259.78,42076.79,101.66,78.0,2023-12-16T22:20:19,42260.85,sl,-2.0546,-1.0105,2023-12
2023-12-17T17:13:01,flip,BUY,42229.14,42131.63,42307.15,97.51,0.0,2023-12-17T17:13:36,42307.15,tp,1.5602,0.8,2023-12
2023-12-17T18:04:01,flip,SELL,41993.72,42065.01,41936.69,71.29,0.0,2023-12-17T18:08:28,41936.69,tp,1.1406,0.8,2023-12
2023-12-17T22:50:01,flip,BUY,41665.82,41580.32,41734.22,85.5,0.0,2023-12-17T22:53:20,41734.22,tp,1.368,0.8,2023-12
2023-12-17T23:33:01,flip,SELL,41418.53,41656.07,41228.5,237.54,0.0,2023-12-18T00:11:57,41228.5,tp,3.8006,0.8,2023-12
2023-12-18T00:12:01,cont,SELL,41185.28,41436.76,40984.1,251.48,39.0,2023-12-18T01:36:07,40984.1,tp,4.0237,0.8,2023-12
2023-12-18T04:54:01,flip,BUY,41196.86,41057.37,41308.45,139.49,0.0,2023-12-18T05:09:25,41054.91,sl,-2.839,-1.0176,2023-12
2023-12-18T05:57:01,flip,SELL,41004.29,41093.7,40932.76,89.41,0.0,2023-12-18T06:17:24,41094.77,sl,-1.8096,-1.012,2023-12
2023-12-18T13:31:01,flip,BUY,41205.99,40869.11,41475.49,336.88,0.0,2023-12-18T14:30:37,41475.49,tp,5.3901,0.8,2023-12
2023-12-18T14:39:01,cont,BUY,41651.24,41538.64,41741.32,112.6,68.0,2023-12-18T14:52:33,41537.15,sl,-2.2818,-1.0132,2023-12
2023-12-18T15:25:01,flip,SELL,41377.29,41497.48,41281.14,120.19,0.0,2023-12-18T15:33:04,41281.14,tp,1.923,0.8,2023-12
2023-12-18T15:54:01,cont,SELL,41242.0,41467.09,41061.93,225.09,29.0,2023-12-18T16:51:15,41468.36,sl,-4.5272,-1.0056,2023-12
2023-12-18T17:19:01,cont,BUY,41548.94,41378.72,41685.12,170.22,28.0,2023-12-18T17:59:05,41376.25,sl,-3.4538,-1.0145,2023-12
2023-12-19T00:26:01,flip,SELL,42545.39,42603.23,42499.12,57.84,0.0,2023-12-19T00:26:38,42603.65,sl,-1.1652,-1.0073,2023-12
2023-12-19T01:26:01,flip,BUY,42779.58,42595.77,42926.63,183.81,0.0,2023-12-19T01:46:34,42926.63,tp,2.941,0.8,2023-12
2023-12-19T01:55:01,cont,BUY,43225.63,42907.01,43480.53,318.62,29.0,2023-12-19T04:33:53,42905.76,sl,-6.3974,-1.0039,2023-12
2023-12-19T06:16:01,flip,SELL,42788.97,42969.86,42644.26,180.89,0.0,2023-12-19T07:14:24,42971.1,sl,-3.6426,-1.0069,2023-12
2023-12-19T07:41:01,flip,BUY,43006.92,42899.22,43093.08,107.7,0.0,2023-12-19T08:06:59,43093.08,tp,1.7232,0.8,2023-12
2023-12-19T08:07:01,cont,BUY,43121.48,42980.56,43234.22,140.92,26.0,2023-12-19T09:34:36,42979.37,sl,-2.8422,-1.0084,2023-12
2023-12-19T10:23:01,cont,SELL,42934.58,43091.86,42808.76,157.28,80.0,2023-12-19T10:37:47,43091.91,sl,-3.1466,-1.0003,2023-12
2023-12-19T10:49:01,flip,BUY,43240.2,43130.66,43327.83,109.54,0.0,2023-12-19T10:57:11,43130.34,sl,-2.1972,-1.0029,2023-12
2023-12-19T11:20:01,flip,SELL,43080.89,43184.04,42998.37,103.15,0.0,2023-12-19T11:55:30,42998.37,tp,1.6504,0.8,2023-12
2023-12-19T12:21:01,cont,SELL,42925.74,42999.69,42866.58,73.95,61.0,2023-12-19T12:52:12,42866.58,tp,1.1832,0.8,2023-12
2023-12-19T19:19:01,flip,BUY,42259.73,42093.77,42392.5,165.96,0.0,2023-12-19T19:33:46,42392.5,tp,2.6554,0.8,2023-12
2023-12-20T20:07:01,flip,SELL,43408.5,44289.63,42703.6,881.13,0.0,2023-12-22T01:49:09,44290.64,sl,-17.6428,-1.0011,2023-12
2023-12-26T22:20:01,flip,BUY,42541.03,42411.3,42644.81,129.73,0.0,2023-12-26T22:31:26,42409.9,sl,-2.6226,-1.0108,2023-12
2023-12-26T23:26:01,flip,SELL,42387.66,42519.48,42282.2,131.82,0.0,2023-12-26T23:47:34,42520.45,sl,-2.6558,-1.0074,2023-12
2023-12-27T00:02:01,flip,BUY,42552.77,42480.33,42610.72,72.44,0.0,2023-12-27T00:04:06,42480.32,sl,-1.449,-1.0001,2023-12
2023-12-27T00:24:01,flip,SELL,42407.01,42466.28,42359.59,59.27,0.0,2023-12-27T00:24:56,42467.9,sl,-1.2178,-1.0273,2023-12
2023-12-27T00:37:01,cont,SELL,42401.41,42476.82,42341.08,75.41,13.0,2023-12-27T00:58:49,42341.08,tp,1.2066,0.8,2023-12
2023-12-27T00:59:01,cont,SELL,42327.51,42435.83,42240.85,108.32,35.0,2023-12-27T01:07:22,42437.6,sl,-2.2018,-1.0163,2023-12
2023-12-27T01:45:01,flip,BUY,42473.94,42310.31,42604.84,163.63,0.0,2023-12-27T02:25:37,42308.86,sl,-3.3016,-1.0089,2023-12
2023-12-27T02:53:01,flip,SELL,42206.86,42315.56,42119.9,108.7,0.0,2023-12-27T03:07:02,42317.58,sl,-2.2144,-1.0186,2023-12
2023-12-27T03:32:01,cont,SELL,42142.57,42323.47,41997.85,180.9,39.0,2023-12-27T04:15:10,42332.41,sl,-3.7968,-1.0494,2023-12
2023-12-27T05:12:01,flip,BUY,42381.43,42227.17,42504.84,154.26,0.0,2023-12-27T06:35:07,42504.84,tp,2.4682,0.8,2023-12
2023-12-27T11:51:03,flip,SELL,43022.26,43153.59,42917.2,131.33,0.0,2023-12-27T12:41:41,42917.2,tp,2.1013,0.8,2023-12
2023-12-27T12:42:01,cont,SELL,42910.13,43070.39,42781.92,160.26,51.0,2023-12-27T13:02:50,42781.92,tp,2.5642,0.8,2023-12
2023-12-27T13:24:01,flip,BUY,42964.81,42744.96,43140.69,219.85,0.0,2023-12-27T14:46:47,43140.69,tp,3.5176,0.8,2023-12
2023-12-27T14:47:01,cont,BUY,43162.95,43025.62,43272.81,137.33,83.0,2023-12-27T14:51:37,43019.25,sl,-2.874,-1.0464,2023-12
2023-12-27T15:17:01,flip,SELL,42819.08,42907.26,42748.54,88.18,0.0,2023-12-27T15:18:28,42909.45,sl,-1.8074,-1.0248,2023-12
2023-12-27T15:39:01,flip,BUY,43021.12,42872.14,43140.3,148.98,0.0,2023-12-27T16:28:29,43140.3,tp,2.3837,0.8,2023-12
2023-12-28T05:11:01,flip,SELL,43269.59,43391.36,43172.17,121.77,0.0,2023-12-28T05:26:43,43172.17,tp,1.9483,0.8,2023-12
2023-12-28T06:25:01,cont,SELL,43117.25,43173.42,43072.31,56.17,74.0,2023-12-28T06:29:16,43072.31,tp,0.8987,0.8,2023-12
2023-12-28T07:03:01,cont,SELL,43004.25,43147.69,42889.5,143.44,112.0,2023-12-28T07:28:45,42889.5,tp,2.295,0.8,2023-12
2023-12-28T08:04:01,flip,BUY,43110.61,43023.89,43179.99,86.72,0.0,2023-12-28T08:05:32,43020.53,sl,-1.8016,-1.0387,2023-12
2023-12-28T08:56:01,flip,SELL,42952.04,43095.67,42837.14,143.63,0.0,2023-12-28T09:37:51,43097.2,sl,-2.9032,-1.0107,2023-12
2023-12-28T10:09:01,cont,BUY,43142.76,43028.92,43233.83,113.84,32.0,2023-12-28T12:22:49,43026.93,sl,-2.3166,-1.0175,2023-12
2023-12-28T12:23:01,cont,SELL,43011.07,43147.79,42901.69,136.72,66.0,2023-12-28T12:33:48,42901.69,tp,2.1875,0.8,2023-12
2023-12-28T12:54:01,cont,SELL,42882.73,42986.95,42799.35,104.22,97.0,2023-12-28T12:59:22,42799.35,tp,1.6675,0.8,2023-12
2023-12-28T16:49:01,flip,BUY,42588.16,42433.38,42711.98,154.78,0.0,2023-12-28T16:56:37,42431.07,sl,-3.1418,-1.0149,2023-12
2023-12-28T17:19:01,cont,BUY,42619.19,42422.02,42776.93,197.17,30.0,2023-12-28T18:09:56,42417.01,sl,-4.0436,-1.0254,2023-12
2023-12-28T18:32:01,cont,BUY,42666.06,42410.41,42870.58,255.65,103.0,2023-12-28T18:40:18,42407.98,sl,-5.1616,-1.0095,2023-12
2023-12-28T21:50:01,flip,SELL,42321.33,42607.14,42092.68,285.81,0.0,2023-12-28T22:14:43,42617.82,sl,-5.9298,-1.0374,2023-12
2023-12-28T22:59:01,flip,BUY,42660.5,42486.16,42799.97,174.34,0.0,2023-12-29T00:52:26,42480.99,sl,-3.5902,-1.0297,2023-12
2023-12-29T10:32:01,flip,BUY,42818.34,42215.15,43300.89,603.19,0.0,2023-12-29T15:52:04,42212.91,sl,-12.1086,-1.0037,2023-12
2023-12-29T16:18:01,cont,SELL,42127.21,42337.81,41958.73,210.6,36.0,2023-12-29T17:05:58,41958.73,tp,3.3696,0.8,2023-12
2023-12-29T17:06:01,cont,SELL,41920.55,42047.72,41818.81,127.17,84.0,2023-12-29T17:08:44,41818.81,tp,2.0347,0.8,2023-12
2023-12-29T19:39:01,flip,BUY,42164.7,41933.24,42349.87,231.46,0.0,2023-12-29T20:43:31,41933.18,sl,-4.6304,-1.0003,2023-12
2023-12-29T21:14:01,flip,BUY,42214.47,41975.88,42405.34,238.59,0.0,2023-12-29T21:22:50,41975.24,sl,-4.7846,-1.0027,2023-12
2023-12-29T21:32:01,flip,SELL,41878.05,41984.81,41792.64,106.76,0.0,2023-12-29T21:44:24,41985.41,sl,-2.1472,-1.0056,2023-12
2023-12-29T22:07:01,cont,SELL,41811.19,41983.32,41673.49,172.13,35.0,2023-12-29T22:20:15,41673.49,tp,2.7541,0.8,2023-12
2023-12-29T23:47:01,flip,BUY,42056.71,41955.24,42137.89,101.47,0.0,2023-12-30T00:19:19,42137.89,tp,1.6235,0.8,2023-12
2023-12-30T03:19:01,flip,SELL,41839.44,41979.21,41727.62,139.77,0.0,2023-12-30T03:56:17,41979.7,sl,-2.8052,-1.0035,2023-12
2023-12-30T04:04:01,cont,BUY,41973.37,41923.8,42013.03,49.57,9.0,2023-12-30T04:05:44,42013.03,tp,0.7931,0.8,2023-12
2023-12-30T05:18:01,cont,BUY,42098.62,41935.81,42228.87,162.81,83.0,2023-12-30T07:32:28,41934.72,sl,-3.278,-1.0067,2023-12
2023-12-30T08:05:01,flip,SELL,41884.85,41919.92,41856.79,35.07,0.0,2023-12-30T08:07:31,41924.97,sl,-0.8024,-1.144,2023-12
2023-12-30T08:23:01,cont,SELL,41827.04,41957.92,41722.34,130.88,18.0,2023-12-30T08:45:22,41722.34,tp,2.0941,0.8,2023-12
2023-12-30T09:00:01,cont,SELL,41555.35,41687.74,41449.44,132.39,55.0,2023-12-30T09:04:13,41689.71,sl,-2.6872,-1.0149,2023-12
2023-12-30T10:04:01,flip,BUY,41726.35,41485.97,41918.65,240.38,0.0,2023-12-30T11:13:57,41918.65,tp,3.8461,0.8,2023-12
2023-12-30T13:16:01,flip,SELL,41873.23,41985.02,41783.8,111.79,0.0,2023-12-30T13:58:21,41985.42,sl,-2.2438,-1.0036,2023-12
2023-12-30T15:07:01,flip,BUY,42285.04,42013.71,42502.1,271.33,0.0,2023-12-30T16:13:14,42502.1,tp,4.3413,0.8,2023-12
2023-12-30T16:18:01,cont,BUY,42612.87,42492.77,42708.95,120.1,71.0,2023-12-30T16:25:23,42491.93,sl,-2.4188,-1.007,2023-12
2023-12-30T16:37:01,cont,BUY,42627.99,42462.75,42760.18,165.24,90.0,2023-12-30T16:44:10,42461.14,sl,-3.337,-1.0097,2023-12
2023-12-30T17:09:01,flip,SELL,42391.0,42465.58,42331.34,74.58,0.0,2023-12-30T17:12:16,42331.34,tp,1.1933,0.8,2023-12
2023-12-31T00:39:01,flip,BUY,42395.45,42195.38,42555.51,200.07,0.0,2023-12-31T01:39:20,42194.88,sl,-4.0114,-1.0025,2023-12
2023-12-31T02:34:01,flip,SELL,42106.91,42212.3,42022.6,105.39,0.0,2023-12-31T02:39:53,42022.6,tp,1.6862,0.8,2023-12
2023-12-31T07:05:01,flip,BUY,42300.75,42148.75,42422.35,152.0,0.0,2023-12-31T07:21:39,42422.35,tp,2.432,0.8,2023-12
2023-12-31T10:27:01,flip,SELL,42619.64,42681.03,42570.53,61.39,0.0,2023-12-31T10:33:58,42681.78,sl,-1.2428,-1.0122,2023-12
2023-12-31T11:09:01,cont,SELL,42565.7,42695.33,42462.0,129.63,42.0,2023-12-31T12:02:58,42462.0,tp,2.0741,0.8,2023-12
2023-12-31T12:03:01,cont,SELL,42441.88,42509.46,42387.82,67.58,96.0,2023-12-31T12:07:23,42511.56,sl,-1.3936,-1.0311,2023-12
2023-12-31T12:22:01,flip,BUY,42559.5,42454.49,42643.51,105.01,0.0,2023-12-31T12:50:35,42453.2,sl,-2.126,-1.0123,2023-12
