entry_time_utc,kind,dir,entry,sl,tp,stop_dist,age_min,exit_time_utc,exit,why,pnl_002,R,month
2024-01-01T11:33:01,flip,SELL,42588.5,42641.85,42545.82,53.35,0.0,2024-01-01T11:55:48,42643.61,sl,-1.1022,-1.033,2024-01
2024-01-01T12:40:01,flip,BUY,42740.28,42560.73,42883.92,179.55,0.0,2024-01-01T13:03:01,42558.3,sl,-3.6396,-1.0135,2024-01
2024-01-01T22:20:01,flip,SELL,43446.41,43673.51,43264.73,227.1,0.0,2024-01-01T23:02:33,43674.06,sl,-4.553,-1.0024,2024-01
2024-01-01T23:39:01,flip,BUY,44155.12,43981.61,44293.93,173.51,0.0,2024-01-02T00:01:23,44293.93,tp,2.7762,0.8,2024-01
2024-01-02T00:19:01,cont,BUY,44761.84,44538.3,44940.67,223.54,40.0,2024-01-02T00:56:13,44940.67,tp,3.5766,0.8,2024-01
2024-01-02T10:47:01,flip,SELL,45565.6,45757.55,45412.04,191.95,0.0,2024-01-02T11:07:14,45760.73,sl,-3.9026,-1.0166,2024-01
2024-01-02T11:38:01,cont,SELL,45452.59,45707.64,45248.55,255.05,51.0,2024-01-02T13:40:27,45708.64,sl,-5.121,-1.0039,2024-01
2024-01-02T14:09:01,flip,BUY,45792.28,45623.58,45927.24,168.7,0.0,2024-01-02T14:25:38,45622.52,sl,-3.3952,-1.0063,2024-01
2024-01-02T14:34:01,flip,SELL,45537.26,45716.79,45393.64,179.53,0.0,2024-01-02T14:40:10,45393.64,tp,2.8725,0.8,2024-01
2024-01-02T14:48:01,cont,SELL,45410.76,45587.09,45269.7,176.33,14.0,2024-01-02T14:49:47,45269.7,tp,2.8213,0.8,2024-01
2024-01-02T15:18:01,cont,SELL,45010.2,45353.51,44735.55,343.31,44.0,2024-01-02T15:43:42,45354.53,sl,-6.8866,-1.003,2024-01
2024-01-02T21:42:01,flip,BUY,44977.82,44809.59,45112.4,168.23,0.0,2024-01-02T21:59:51,45112.4,tp,2.6917,0.8,2024-01
2024-01-03T11:24:02,flip,SELL,44705.4,44870.82,44573.06,165.42,0.0,2024-01-03T11:25:39,44573.06,tp,2.6467,0.8,2024-01
2024-01-08T12:13:02,flip,BUY,45073.64,44819.58,45276.89,254.06,0.0,2024-01-08T12:19:04,44817.27,sl,-5.1274,-1.0091,2024-01
2024-01-09T00:38:01,flip,SELL,46446.44,47250.25,45803.39,803.81,0.0,2024-01-09T12:56:40,45803.39,tp,12.861,0.8,2024-01
2024-01-10T12:54:01,flip,SELL,44835.89,46250.96,43703.83,1415.07,0.0,2024-01-10T17:43:35,46255.23,sl,-28.3868,-1.003,2024-01
2024-01-10T17:57:01,flip,BUY,46349.61,46016.59,46616.03,333.02,0.0,2024-01-10T18:03:58,46616.03,tp,5.3283,0.8,2024-01
2024-01-11T15:42:01,flip,SELL,47147.15,47370.53,46968.45,223.38,0.0,2024-01-11T15:42:30,46968.45,tp,3.5741,0.8,2024-01
2024-01-11T16:08:01,cont,SELL,46324.96,46882.24,45879.14,557.28,26.0,2024-01-11T16:16:16,45879.14,tp,8.9165,0.8,2024-01
2024-01-12T09:03:01,flip,BUY,45888.89,45785.08,45971.94,103.81,0.0,2024-01-12T09:05:22,45776.63,sl,-2.2452,-1.0814,2024-01
2024-01-12T09:23:01,flip,SELL,45600.15,45753.52,45477.45,153.37,0.0,2024-01-12T09:32:30,45762.14,sl,-3.2398,-1.0562,2024-01
2024-01-12T09:40:01,flip,BUY,45858.81,45709.94,45977.91,148.87,0.0,2024-01-12T09:44:04,45977.91,tp,2.3819,0.8,2024-01
2024-01-12T10:55:01,cont,BUY,46089.04,45773.76,46341.26,315.28,75.0,2024-01-12T12:42:45,45773.37,sl,-6.3134,-1.0012,2024-01
2024-01-12T13:42:01,flip,SELL,45607.06,45906.23,45367.72,299.17,0.0,2024-01-12T14:31:04,45906.27,sl,-5.9842,-1.0001,2024-01
2024-01-12T14:35:01,cont,SELL,45569.8,45852.87,45343.34,283.07,53.0,2024-01-12T14:40:12,45343.34,tp,4.5291,0.8,2024-01
2024-01-12T15:13:01,cont,SELL,45147.95,45534.96,44838.34,387.01,91.0,2024-01-12T15:23:27,44838.34,tp,6.1922,0.8,2024-01
2024-01-12T15:40:01,cont,SELL,44436.06,44943.83,44029.84,507.77,118.0,2024-01-12T16:16:40,44029.84,tp,8.1243,0.8,2024-01
2024-01-12T20:36:01,flip,BUY,43909.16,43745.44,44040.14,163.72,0.0,2024-01-12T20:56:07,43744.69,sl,-3.2894,-1.0046,2024-01
2024-01-12T21:18:01,cont,SELL,43594.05,43853.4,43386.57,259.35,25.0,2024-01-12T21:41:38,43386.57,tp,4.1496,0.8,2024-01
2024-01-12T22:04:01,cont,SELL,42890.85,43470.54,42427.1,579.69,71.0,2024-01-12T22:04:42,42427.1,tp,9.275,0.8,2024-01
2024-01-15T00:36:01,flip,BUY,42288.53,42028.66,42496.43,259.87,0.0,2024-01-15T03:22:50,42496.43,tp,4.1579,0.8,2024-01
2024-01-15T14:53:01,flip,SELL,42195.33,42437.24,42001.8,241.91,0.0,2024-01-15T15:15:47,42438.37,sl,-4.8608,-1.0047,2024-01
2024-01-15T16:32:01,flip,BUY,42475.65,42169.74,42720.38,305.91,0.0,2024-01-15T17:36:47,42720.38,tp,4.8946,0.8,2024-01
2024-01-15T17:54:01,cont,BUY,42785.23,42583.23,42946.83,202.0,82.0,2024-01-15T18:25:28,42946.83,tp,3.232,0.8,2024-01
2024-01-16T14:39:01,flip,SELL,42327.7,43142.0,41676.26,814.3,0.0,2024-01-16T15:33:22,43143.34,sl,-16.3128,-1.0016,2024-01
2024-01-16T16:02:01,flip,BUY,43390.23,42990.63,43709.91,399.6,0.0,2024-01-16T18:27:05,42989.42,sl,-8.0162,-1.003,2024-01
2024-01-16T22:36:01,flip,SELL,43293.81,43389.14,43217.55,95.33,0.0,2024-01-16T22:58:42,43217.55,tp,1.5253,0.8,2024-01
2024-01-16T22:59:01,cont,SELL,43196.56,43291.61,43120.52,95.05,23.0,2024-01-16T23:02:21,43293.46,sl,-1.938,-1.0195,2024-01
2024-01-16T23:34:02,cont,SELL,43149.37,43282.97,43042.49,133.6,58.0,2024-01-17T01:50:35,43042.49,tp,2.1376,0.8,2024-01
2024-01-17T05:23:01,flip,BUY,42920.13,42794.8,43020.39,125.33,0.0,2024-01-17T05:49:00,42788.55,sl,-2.6316,-1.0499,2024-01
2024-01-17T07:05:01,flip,SELL,42735.58,42857.98,42637.66,122.4,0.0,2024-01-17T07:18:54,42858.95,sl,-2.4674,-1.0079,2024-01
2024-01-17T07:48:01,cont,SELL,42683.03,42839.95,42557.49,156.92,43.0,2024-01-17T08:07:47,42557.49,tp,2.5107,0.8,2024-01
2024-01-17T18:40:01,flip,BUY,42465.63,42228.76,42655.13,236.87,0.0,2024-01-17T19:24:29,42655.13,tp,3.7899,0.8,2024-01
2024-01-17T19:25:01,cont,BUY,42666.64,42515.22,42787.78,151.42,45.0,2024-01-17T20:31:43,42787.78,tp,2.4227,0.8,2024-01
2024-01-17T22:23:01,flip,SELL,42488.93,42788.53,42249.25,299.6,0.0,2024-01-17T23:50:05,42790.4,sl,-6.0294,-1.0062,2024-01
2024-01-18T07:03:01,flip,BUY,42867.85,42708.19,42995.58,159.66,0.0,2024-01-18T08:51:03,42707.98,sl,-3.1974,-1.0013,2024-01
2024-01-18T09:03:01,cont,SELL,42689.68,42747.42,42643.49,57.74,31.0,2024-01-18T09:04:30,42748.82,sl,-1.1828,-1.0242,2024-01
2024-01-18T09:12:01,flip,BUY,42814.5,42720.49,42889.71,94.01,0.0,2024-01-18T09:16:05,42720.08,sl,-1.8884,-1.0044,2024-01
2024-01-18T09:33:01,cont,BUY,42832.9,42665.85,42966.54,167.05,21.0,2024-01-18T10:02:46,42664.27,sl,-3.3726,-1.0095,2024-01
2024-01-18T11:33:01,flip,SELL,42351.56,42498.65,42233.89,147.09,0.0,2024-01-18T11:40:07,42500.55,sl,-2.9798,-1.0129,2024-01
2024-01-18T13:07:01,cont,SELL,42341.12,42533.46,42187.25,192.34,94.0,2024-01-18T13:42:07,42534.96,sl,-3.8768,-1.0078,2024-01
2024-01-18T14:51:01,flip,BUY,42661.75,42379.7,42887.39,282.05,0.0,2024-01-18T16:32:51,42379.65,sl,-5.642,-1.0002,2024-01
2024-01-18T17:15:01,cont,SELL,41629.36,41892.77,41418.63,263.41,77.0,2024-01-18T17:20:15,41894.39,sl,-5.3006,-1.0062,2024-01
2024-01-18T17:53:01,cont,SELL,41555.1,42117.49,41105.19,562.39,115.0,2024-01-18T19:55:05,41105.19,tp,8.9982,0.8,2024-01
2024-01-18T22:12:01,flip,BUY,41262.04,40662.42,41741.74,599.62,0.0,2024-01-19T15:36:47,40661.17,sl,-12.0174,-1.0021,2024-01
2024-01-19T17:36:01,flip,BUY,40900.86,40584.37,41154.05,316.49,0.0,2024-01-19T17:37:51,41154.05,tp,5.0638,0.8,2024-01
2024-01-19T18:00:01,cont,BUY,41202.59,40902.66,41442.53,299.93,24.0,2024-01-19T18:45:49,41442.53,tp,4.7989,0.8,2024-01
2024-01-22T01:23:01,flip,SELL,41302.18,41886.09,40835.05,583.91,0.0,2024-01-22T04:57:44,40835.05,tp,9.3426,0.8,2024-01
2024-01-22T06:09:01,flip,BUY,41173.75,41059.93,41264.81,113.82,0.0,2024-01-22T06:15:39,41059.22,sl,-2.2906,-1.0062,2024-01
2024-01-22T06:39:01,cont,BUY,41187.26,40985.72,41348.49,201.54,30.0,2024-01-22T07:54:30,40976.12,sl,-4.2228,-1.0476,2024-01
2024-01-22T08:02:01,flip,SELL,40953.83,41022.05,40899.25,68.22,0.0,2024-01-22T08:07:30,40899.25,tp,1.0915,0.8,2024-01
2024-01-22T08:40:01,cont,SELL,40798.48,41000.64,40636.75,202.16,38.0,2024-01-22T09:09:42,41000.82,sl,-4.0468,-1.0009,2024-01
2024-01-22T09:10:01,flip,BUY,41009.09,40836.89,41146.85,172.2,0.0,2024-01-22T09:37:32,40836.43,sl,-3.4532,-1.0027,2024-01
2024-01-22T09:52:02,flip,SELL,40792.34,40986.07,40637.36,193.73,0.0,2024-01-22T09:57:59,40637.36,tp,3.0997,0.8,2024-01
2024-01-22T09:58:01,cont,SELL,40628.62,40818.28,40476.89,189.66,6.0,2024-01-22T10:03:01,40819.25,sl,-3.8126,-1.0051,2024-01
2024-01-22T10:26:01,cont,SELL,40569.23,40819.81,40368.77,250.58,34.0,2024-01-22T10:29:48,40368.77,tp,4.0093,0.8,2024-01
2024-01-22T13:04:01,flip,BUY,40933.47,40656.92,41154.71,276.55,0.0,2024-01-22T13:11:33,41154.71,tp,4.4248,0.8,2024-01
2024-01-22T14:50:01,flip,SELL,40486.34,40782.26,40249.6,295.92,0.0,2024-01-22T15:52:29,40784.13,sl,-5.9558,-1.0063,2024-01
2024-01-22T20:26:01,flip,BUY,40180.49,40050.71,40284.31,129.78,0.0,2024-01-22T20:28:35,40284.31,tp,2.0765,0.8,2024-01
2024-01-22T20:38:01,cont,BUY,40330.92,40165.4,40463.34,165.52,12.0,2024-01-22T20:53:33,40164.11,sl,-3.3362,-1.0078,2024-01
2024-01-22T21:04:01,flip,SELL,39992.43,40204.26,39822.97,211.83,0.0,2024-01-22T21:59:56,39822.97,tp,3.3893,0.8,2024-01
2024-01-22T22:47:01,cont,SELL,39620.06,40061.73,39266.72,441.67,103.0,2024-01-23T02:56:56,40063.26,sl,-8.864,-1.0035,2024-01
2024-01-23T04:18:01,flip,BUY,40137.88,39934.2,40300.82,203.68,0.0,2024-01-23T06:13:00,39933.96,sl,-4.0784,-1.0012,2024-01
2024-01-23T07:22:01,flip,SELL,39840.62,39903.69,39790.16,63.07,0.0,2024-01-23T07:28:06,39790.16,tp,1.0091,0.8,2024-01
2024-01-23T07:44:01,cont,SELL,39689.25,39858.68,39553.71,169.43,22.0,2024-01-23T08:06:10,39859.35,sl,-3.402,-1.004,2024-01
2024-01-23T08:12:01,cont,SELL,39601.87,39820.3,39427.13,218.43,50.0,2024-01-23T08:49:34,39427.13,tp,3.4949,0.8,2024-01
2024-01-23T09:02:01,cont,SELL,39384.95,39548.29,39254.28,163.34,100.0,2024-01-23T09:09:37,39254.28,tp,2.6134,0.8,2024-01
2024-01-23T12:58:01,flip,BUY,39010.05,38716.52,39244.87,293.53,0.0,2024-01-23T14:03:31,38716.12,sl,-5.8786,-1.0014,2024-01
2024-01-23T18:57:01,flip,SELL,39175.12,39300.97,39074.44,125.85,0.0,2024-01-23T19:03:43,39074.44,tp,2.0136,0.8,2024-01
2024-01-23T20:49:01,flip,BUY,39364.41,39205.85,39491.26,158.56,0.0,2024-01-23T20:53:07,39203.69,sl,-3.2144,-1.0136,2024-01
2024-01-23T22:21:01,cont,BUY,39406.19,38978.08,39748.68,428.11,92.0,2024-01-23T23:26:49,39748.68,tp,6.8498,0.8,2024-01
2024-01-24T03:23:01,flip,SELL,39625.41,39879.19,39422.39,253.78,0.0,2024-01-24T06:34:00,39886.55,sl,-5.2228,-1.029,2024-01
2024-01-24T11:18:01,flip,SELL,40163.9,40263.41,40084.29,99.51,0.0,2024-01-24T11:24:52,40264.06,sl,-2.0032,-1.0065,2024-01
2024-01-24T11:36:01,cont,SELL,40149.84,40247.73,40071.53,97.89,18.0,2024-01-24T11:50:56,40249.34,sl,-1.99,-1.0164,2024-01
2024-01-24T12:38:01,cont,SELL,40132.02,40286.28,40008.61,154.26,80.0,2024-01-24T12:56:56,40008.61,tp,2.4682,0.8,2024-01
2024-01-24T21:45:01,flip,BUY,39739.17,39596.05,39853.67,143.12,0.0,2024-01-24T22:13:40,39853.67,tp,2.2899,0.8,2024-01
2024-01-24T22:14:01,cont,BUY,39877.08,39790.95,39945.98,86.13,29.0,2024-01-24T22:41:28,39790.13,sl,-1.739,-1.0095,2024-01
2024-01-24T23:07:01,cont,BUY,39962.16,39763.03,40121.46,199.13,82.0,2024-01-24T23:21:07,40121.46,tp,3.1861,0.8,2024-01
2024-01-24T23:27:01,cont,BUY,40167.64,40075.3,40241.51,92.34,102.0,2024-01-24T23:57:39,40074.05,sl,-1.8718,-1.0135,2024-01
2024-01-25T00:29:01,flip,SELL,40013.37,40105.73,39939.48,92.36,0.0,2024-01-25T00:38:50,40105.87,sl,-1.85,-1.0015,2024-01
2024-01-25T00:56:01,flip,BUY,40206.61,40092.72,40297.72,113.89,0.0,2024-01-25T01:01:29,40088.42,sl,-2.3638,-1.0378,2024-01
2024-01-25T01:31:01,flip,SELL,40046.27,40153.06,39960.84,106.79,0.0,2024-01-25T01:51:27,39960.84,tp,1.7086,0.8,2024-01
2024-01-25T01:56:01,cont,SELL,39941.06,40058.85,39846.83,117.79,25.0,2024-01-25T02:02:05,40059.46,sl,-2.368,-1.0052,2024-01
2024-01-25T02:57:01,cont,SELL,39923.59,40068.47,39807.69,144.88,86.0,2024-01-25T03:22:06,40069.77,sl,-2.9236,-1.009,2024-01
2024-01-25T06:40:01,flip,BUY,39988.5,39885.35,40071.02,103.15,0.0,2024-01-25T07:26:31,40071.02,tp,1.6504,0.8,2024-01
2024-01-25T08:10:01,cont,BUY,40183.38,40073.51,40271.28,109.87,90.0,2024-01-25T08:23:58,40072.42,sl,-2.2192,-1.0099,2024-01
2024-01-25T10:07:01,flip,SELL,39940.19,40129.2,39788.98,189.01,0.0,2024-01-25T10:55:27,40130.74,sl,-3.811,-1.0081,2024-01
2024-01-25T11:29:01,flip,BUY,40280.12,40133.8,40397.18,146.32,0.0,2024-01-25T11:52:09,40133.62,sl,-2.93,-1.0012,2024-01
2024-01-25T13:04:01,flip,SELL,39786.06,39899.61,39695.22,113.55,0.0,2024-01-25T13:06:36,39901.36,sl,-2.306,-1.0154,2024-01
2024-01-25T14:16:01,flip,BUY,39993.51,39765.35,40176.04,228.16,0.0,2024-01-25T15:27:02,39763.25,sl,-4.6052,-1.0092,2024-01
2024-01-25T17:02:01,cont,SELL,39606.41,39855.42,39407.2,249.01,95.0,2024-01-25T18:02:59,39855.93,sl,-4.9904,-1.002,2024-01
2024-01-25T18:14:01,flip,BUY,39934.97,39828.33,40020.28,106.64,0.0,2024-01-25T18:32:31,39828.27,sl,-2.134,-1.0006,2024-01
2024-01-25T20:45:01,flip,SELL,39713.4,39976.83,39502.66,263.43,0.0,2024-01-25T22:37:53,39979.11,sl,-5.3142,-1.0087,2024-01
2024-01-26T02:18:01,flip,BUY,40107.6,40033.23,40167.1,74.37,0.0,2024-01-26T02:30:11,40167.1,tp,1.1899,0.8,2024-01
2024-01-26T06:50:01,flip,SELL,40015.69,40183.92,39881.11,168.23,0.0,2024-01-26T09:07:55,40184.45,sl,-3.3752,-1.0032,2024-01
2024-01-26T09:08:01,flip,BUY,40179.8,40078.8,40260.6,101.0,0.0,2024-01-26T09:42:37,40260.6,tp,1.616,0.8,2024-01
2024-01-26T10:38:01,cont,BUY,40504.86,40017.61,40894.66,487.25,90.0,2024-01-26T11:28:10,40894.66,tp,7.796,0.8,2024-01
2024-01-26T12:51:02,flip,SELL,41151.39,41290.94,41039.75,139.55,0.0,2024-01-26T13:49:19,41039.75,tp,2.2328,0.8,2024-01
2024-01-26T14:14:01,flip,BUY,41171.26,41053.71,41265.3,117.55,0.0,2024-01-26T14:40:33,41265.3,tp,1.8808,0.8,2024-01
2024-01-26T14:41:01,cont,BUY,41265.05,41099.06,41397.84,165.99,27.0,2024-01-26T14:54:51,41397.84,tp,2.6558,0.8,2024-01
2024-01-26T14:55:01,cont,BUY,41402.49,41259.67,41516.75,142.82,41.0,2024-01-26T14:59:29,41516.75,tp,2.2851,0.8,2024-01
2024-01-26T16:07:01,cont,BUY,41645.35,41169.68,42025.89,475.67,113.0,2024-01-26T18:08:47,42025.89,tp,7.6107,0.8,2024-01
2024-01-26T20:54:01,flip,SELL,41846.35,41980.48,41739.05,134.13,0.0,2024-01-26T20:58:48,41981.84,sl,-2.7098,-1.0101,2024-01
2024-01-26T21:47:01,flip,BUY,42056.93,41900.31,42182.23,156.62,0.0,2024-01-26T22:09:39,41900.22,sl,-3.1342,-1.0006,2024-01
2024-01-27T00:00:00,flip,SELL,41818.08,41986.66,41683.22,168.58,0.0,2024-01-27T07:00:50,41683.22,tp,2.6973,0.8,2024-01
2024-01-27T07:19:01,cont,SELL,41639.34,41713.91,41579.68,74.57,97.0,2024-01-27T08:12:52,41579.68,tp,1.1931,0.8,2024-01
2024-01-27T10:12:01,flip,BUY,41751.6,41631.14,41847.97,120.46,0.0,2024-01-27T15:29:48,41847.97,tp,1.9274,0.8,2024-01
2024-01-27T22:48:01,flip,SELL,42129.1,42156.71,42107.01,27.61,0.0,2024-01-27T22:50:43,42157.39,sl,-0.5658,-1.0246,2024-01
2024-01-28T00:10:01,cont,SELL,42108.62,42186.55,42046.28,77.93,82.0,2024-01-28T00:19:03,42046.28,tp,1.2469,0.8,2024-01
2024-01-28T01:27:01,flip,BUY,42244.3,42142.48,42325.76,101.82,0.0,2024-01-28T01:35:34,42141.49,sl,-2.0562,-1.0097,2024-01
2024-01-28T06:13:01,flip,SELL,42418.52,42553.62,42310.44,135.1,0.0,2024-01-28T06:45:05,42310.44,tp,2.1616,0.8,2024-01
2024-01-28T08:25:01,flip,BUY,42539.74,42317.09,42717.86,222.65,0.0,2024-01-28T12:18:25,42310.24,sl,-4.59,-1.0308,2024-01
2024-01-28T13:18:01,cont,SELL,42270.94,42445.79,42131.06,174.85,105.0,2024-01-28T13:49:43,42447.39,sl,-3.529,-1.0092,2024-01
2024-01-28T21:02:01,flip,BUY,41981.6,41882.12,42061.18,99.48,0.0,2024-01-28T21:15:54,41881.81,sl,-1.9958,-1.0031,2024-01
2024-01-28T21:24:01,flip,SELL,41863.24,41924.2,41814.47,60.96,0.0,2024-01-28T21:32:45,41814.47,tp,0.9754,0.8,2024-01
2024-01-28T22:39:01,cont,SELL,41753.46,42025.8,41535.59,272.34,75.0,2024-01-28T23:34:39,42026.1,sl,-5.4528,-1.0011,2024-01
2024-01-29T01:23:01,flip,BUY,42150.77,41876.12,42370.49,274.65,0.0,2024-01-29T03:15:51,42370.49,tp,4.3944,0.8,2024-01
2024-01-29T03:16:01,flip,BUY,42389.68,42309.59,42453.75,80.09,0.0,2024-01-29T03:24:09,42453.75,tp,1.2814,0.8,2024-01
2024-01-29T04:15:01,flip,SELL,42283.86,42344.62,42235.25,60.76,0.0,2024-01-29T04:40:54,42235.25,tp,0.9722,0.8,2024-01
2024-01-29T04:41:01,cont,SELL,42205.77,42273.68,42151.44,67.91,26.0,2024-01-29T04:48:56,42274.6,sl,-1.3766,-1.0135,2024-01
2024-01-29T05:32:01,cont,SELL,42173.54,42290.0,42080.37,116.46,77.0,2024-01-29T07:42:42,42080.37,tp,1.8634,0.8,2024-01
2024-01-29T08:56:01,flip,BUY,42164.34,42108.04,42209.38,56.3,0.0,2024-01-29T08:57:40,42107.16,sl,-1.1436,-1.0156,2024-01
2024-01-29T09:24:01,cont,BUY,42179.35,41951.87,42361.33,227.48,28.0,2024-01-29T10:45:07,42361.33,tp,3.6397,0.8,2024-01
2024-01-29T13:32:01,flip,SELL,41941.38,42140.56,41782.04,199.18,0.0,2024-01-29T15:23:20,42143.34,sl,-4.0392,-1.014,2024-01
2024-01-29T15:47:01,flip,BUY,42195.43,41934.72,42404.0,260.71,0.0,2024-01-29T15:50:47,42404.0,tp,4.1714,0.8,2024-01
2024-01-29T16:20:01,cont,BUY,42833.08,42549.91,43059.62,283.17,33.0,2024-01-29T16:33:49,43059.62,tp,4.5307,0.8,2024-01
2024-01-29T16:52:01,cont,BUY,43285.68,43129.83,43410.36,155.85,65.0,2024-01-29T16:57:07,43128.07,sl,-3.1522,-1.0113,2024-01
2024-01-29T17:20:01,flip,SELL,42995.18,43158.26,42864.72,163.08,0.0,2024-01-29T17:25:21,43159.78,sl,-3.292,-1.0093,2024-01
2024-01-29T17:49:01,cont,SELL,42939.58,43191.17,42738.31,251.59,29.0,2024-01-29T20:50:54,43191.66,sl,-5.0416,-1.0019,2024-01
2024-01-29T20:51:01,flip,BUY,43199.93,42977.44,43377.92,222.49,0.0,2024-01-30T01:14:36,43377.92,tp,3.5598,0.8,2024-01
2024-01-30T01:49:01,flip,SELL,43410.98,43479.47,43356.19,68.49,0.0,2024-01-30T01:50:12,43480.67,sl,-1.3938,-1.0175,2024-01
2024-01-30T02:11:01,flip,BUY,43559.44,43461.85,43637.51,97.59,0.0,2024-01-30T02:37:51,43637.51,tp,1.5614,0.8,2024-01
2024-01-30T02:38:01,cont,BUY,43677.36,43496.87,43821.75,180.49,27.0,2024-01-30T03:28:08,43493.02,sl,-3.6868,-1.0213,2024-01
2024-01-30T04:21:01,flip,SELL,43483.5,43553.41,43427.57,69.91,0.0,2024-01-30T04:37:20,43427.57,tp,1.1186,0.8,2024-01
2024-01-30T04:38:01,cont,SELL,43417.16,43460.91,43382.16,43.75,17.0,2024-01-30T04:46:22,43463.15,sl,-0.9198,-1.0512,2024-01
2024-01-30T05:26:01,cont,SELL,43412.86,43480.25,43358.95,67.39,65.0,2024-01-30T06:29:09,43358.95,tp,1.0782,0.8,2024-01
2024-01-30T07:17:02,flip,BUY,43411.03,43333.83,43472.79,77.2,0.0,2024-01-30T08:01:04,43330.22,sl,-1.6162,-1.0468,2024-01
2024-01-30T08:35:01,cont,BUY,43478.97,43214.0,43690.95,264.97,78.0,2024-01-30T12:18:45,43690.95,tp,4.2395,0.8,2024-01
2024-01-30T12:47:01,flip,SELL,43294.99,43486.08,43142.12,191.09,0.0,2024-01-30T14:10:49,43142.12,tp,3.0574,0.8,2024-01
2024-01-30T14:11:01,cont,SELL,43115.56,43318.84,42952.94,203.28,84.0,2024-01-30T14:18:31,43321.12,sl,-4.1112,-1.0112,2024-01
2024-01-30T14:27:01,flip,BUY,43451.78,43260.43,43604.86,191.35,0.0,2024-01-30T16:17:00,43259.51,sl,-3.8454,-1.0048,2024-01
2024-01-30T23:24:01,flip,SELL,43154.04,43260.85,43068.59,106.81,0.0,2024-01-30T23:28:11,43068.59,tp,1.709,0.8,2024-01
2024-01-31T12:21:02,flip,BUY,42699.6,42522.89,42840.97,176.71,0.0,2024-01-31T13:10:53,42520.91,sl,-3.5738,-1.0112,2024-01
2024-01-31T13:36:01,cont,BUY,42765.06,42480.77,42992.49,284.29,75.0,2024-01-31T15:29:24,42992.49,tp,4.5486,0.8,2024-01
2024-01-31T18:43:01,flip,SELL,43448.72,43657.14,43281.98,208.42,0.0,2024-01-31T19:17:49,43281.98,tp,3.3347,0.8,2024-01
2024-01-31T20:42:01,cont,SELL,42774.53,43481.37,42209.06,706.84,119.0,2024-02-01T01:15:23,42209.06,tp,11.3094,0.8,2024-01
2024-02-01T14:49:01,flip,BUY,42579.39,42455.37,42678.61,124.02,0.0,2024-02-01T14:59:28,42678.61,tp,1.9843,0.8,2024-02
2024-02-01T15:00:02,cont,BUY,42666.16,42554.6,42755.41,111.56,11.0,2024-02-01T15:04:34,42755.41,tp,1.785,0.8,2024-02
2024-02-01T15:27:01,cont,BUY,42840.46,42707.29,42947.0,133.17,38.0,2024-02-01T15:29:08,42947.0,tp,2.1307,0.8,2024-02
2024-02-01T15:55:01,flip,SELL,42648.11,42753.51,42563.79,105.4,0.0,2024-02-01T15:55:49,42563.79,tp,1.6864,0.8,2024-02
2024-02-01T16:07:01,cont,SELL,42499.87,42585.96,42431.0,86.09,12.0,2024-02-01T16:11:43,42587.42,sl,-1.751,-1.017,2024-02
2024-02-01T16:36:01,cont,SELL,42388.41,42678.25,42156.54,289.84,41.0,2024-02-01T16:50:50,42678.89,sl,-5.8096,-1.0022,2024-02
2024-02-01T17:28:01,flip,BUY,43178.96,42962.62,43352.03,216.34,0.0,2024-02-01T17:44:15,42959.71,sl,-4.385,-1.0135,2024-02
2024-02-01T18:01:01,flip,SELL,42932.86,43036.73,42849.76,103.87,0.0,2024-02-01T18:09:25,42849.76,tp,1.6619,0.8,2024-02
2024-02-01T19:47:01,flip,BUY,43146.09,42789.29,43431.53,356.8,0.0,2024-02-02T13:45:46,42788.42,sl,-7.1534,-1.0024,2024-02
2024-02-04T22:40:01,flip,SELL,42424.89,42935.34,42016.53,510.45,0.0,2024-02-05T07:31:53,42941.93,sl,-10.3408,-1.0129,2024-02
2024-02-05T08:06:01,cont,BUY,43155.69,43004.26,43276.83,151.43,46.0,2024-02-05T08:20:52,43002.25,sl,-3.0688,-1.0133,2024-02
2024-02-05T08:45:01,flip,SELL,42958.4,43042.59,42891.05,84.19,0.0,2024-02-05T08:55:43,43044.96,sl,-1.7312,-1.0282,2024-02
2024-02-05T09:13:01,cont,SELL,42931.82,43029.13,42853.97,97.31,28.0,2024-02-05T09:18:23,43029.2,sl,-1.9476,-1.0007,2024-02
2024-02-05T09:36:01,cont,SELL,42912.17,43005.69,42837.35,93.52,51.0,2024-02-05T09:52:08,43007.12,sl,-1.899,-1.0153,2024-02
2024-02-05T10:01:01,flip,BUY,43055.92,42971.27,43123.64,84.65,0.0,2024-02-05T10:03:24,43123.64,tp,1.3544,0.8,2024-02
2024-02-05T10:21:01,cont,BUY,43247.98,43085.01,43378.36,162.97,20.0,2024-02-05T10:51:44,43084.49,sl,-3.2698,-1.0032,2024-02
2024-02-05T14:39:01,flip,SELL,43288.16,43399.19,43199.34,111.03,0.0,2024-02-05T14:52:24,43199.34,tp,1.7765,0.8,2024-02
2024-02-05T15:44:01,cont,SELL,42694.88,42880.58,42546.32,185.7,65.0,2024-02-05T16:06:16,42546.32,tp,2.9712,0.8,2024-02
2024-02-05T16:07:01,cont,SELL,42530.4,42693.65,42399.8,163.25,88.0,2024-02-05T16:18:00,42696.18,sl,-3.3156,-1.0155,2024-02
2024-02-05T17:41:01,flip,BUY,42768.72,42619.79,42887.86,148.93,0.0,2024-02-05T18:07:18,42618.6,sl,-3.0024,-1.008,2024-02
2024-02-05T19:23:01,cont,BUY,42830.16,42564.04,43043.06,266.12,102.0,2024-02-05T20:11:11,42561.41,sl,-5.375,-1.0099,2024-02
2024-02-06T05:33:02,flip,SELL,42720.68,42889.57,42585.57,168.89,0.0,2024-02-06T07:55:10,42890.53,sl,-3.397,-1.0057,2024-02
2024-02-06T08:01:01,cont,BUY,42890.41,42835.08,42934.67,55.33,10.0,2024-02-06T08:02:01,42833.95,sl,-1.1292,-1.0204,2024-02
2024-02-06T08:07:01,cont,BUY,42902.39,42824.13,42965.0,78.26,16.0,2024-02-06T08:16:12,42965.0,tp,1.2522,0.8,2024-02
2024-02-06T08:43:01,cont,BUY,43037.68,42861.66,43178.5,176.02,52.0,2024-02-06T10:15:39,42861.35,sl,-3.5266,-1.0018,2024-02
2024-02-06T10:45:01,cont,SELL,42803.86,43069.37,42591.45,265.51,41.0,2024-02-06T14:40:34,43069.41,sl,-5.311,-1.0002,2024-02
2024-02-06T15:21:01,cont,BUY,43119.75,42858.52,43328.73,261.23,45.0,2024-02-06T16:23:29,43328.73,tp,4.1797,0.8,2024-02
2024-02-06T17:01:01,flip,SELL,43094.7,43187.68,43020.32,92.98,0.0,2024-02-06T17:04:57,43187.71,sl,-1.8602,-1.0003,2024-02
2024-02-06T17:09:01,flip,BUY,43235.54,43115.99,43331.18,119.55,0.0,2024-02-06T17:14:16,43114.9,sl,-2.4128,-1.0091,2024-02
2024-02-06T17:18:01,cont,BUY,43231.26,43091.2,43343.31,140.06,9.0,2024-02-06T18:27:34,43090.83,sl,-2.8086,-1.0026,2024-02
2024-02-07T03:26:01,flip,SELL,42936.04,42995.79,42888.24,59.75,0.0,2024-02-07T03:31:21,42888.24,tp,0.956,0.8,2024-02
2024-02-07T03:51:01,cont,SELL,42799.41,42864.33,42747.47,64.92,25.0,2024-02-07T04:15:03,42865.41,sl,-1.32,-1.0166,2024-02
2024-02-07T04:54:01,flip,BUY,42917.01,42855.64,42966.11,61.37,0.0,2024-02-07T05:05:29,42854.26,sl,-1.255,-1.0225,2024-02
2024-02-07T05:10:01,cont,BUY,42927.12,42834.26,43001.41,92.86,16.0,2024-02-07T05:51:17,43001.41,tp,1.4858,0.8,2024-02
2024-02-07T05:57:01,cont,BUY,43027.4,42969.64,43073.61,57.76,63.0,2024-02-07T06:00:47,42969.37,sl,-1.1606,-1.0047,2024-02
2024-02-07T06:31:01,flip,SELL,42869.09,42885.8,42855.72,16.71,0.0,2024-02-07T06:31:03,42888.1,sl,-0.3802,-1.1376,2024-02
2024-02-07T06:46:01,flip,BUY,42940.97,42859.69,43005.99,81.28,0.0,2024-02-07T07:56:30,42859.28,sl,-1.6338,-1.005,2024-02
2024-02-08T12:38:01,flip,SELL,44613.02,44819.61,44447.75,206.59,0.0,2024-02-08T13:41:11,44820.04,sl,-4.1404,-1.0021,2024-02
2024-02-08T13:52:01,flip,BUY,44914.47,44804.68,45002.3,109.79,0.0,2024-02-08T14:02:48,45002.3,tp,1.7566,0.8,2024-02
2024-02-08T15:21:01,cont,BUY,45219.58,44867.83,45500.98,351.75,89.0,2024-02-08T16:03:17,45500.98,tp,5.628,0.8,2024-02
2024-02-08T16:35:02,flip,SELL,45188.24,45322.64,45080.72,134.4,0.0,2024-02-08T16:50:15,45080.72,tp,2.1504,0.8,2024-02
2024-02-08T19:21:01,flip,BUY,45362.65,45216.73,45479.39,145.92,0.0,2024-02-08T20:14:33,45479.39,tp,2.3347,0.8,2024-02
2024-02-09T19:03:01,flip,SELL,47465.83,47605.34,47354.22,139.51,0.0,2024-02-09T19:10:07,47354.22,tp,2.2322,0.8,2024-02
2024-02-10T03:25:01,flip,BUY,47483.86,47380.21,47566.78,103.65,0.0,2024-02-10T03:48:48,47380.03,sl,-2.0766,-1.0017,2024-02
2024-02-10T03:53:01,flip,SELL,47356.94,47399.44,47322.94,42.5,0.0,2024-02-10T03:55:39,47408.13,sl,-1.0238,-1.2045,2024-02
2024-02-10T04:22:01,cont,SELL,47329.37,47419.81,47257.02,90.44,29.0,2024-02-10T04:49:30,47420.5,sl,-1.8226,-1.0076,2024-02
2024-02-10T12:15:01,flip,BUY,47277.97,47206.16,47335.42,71.81,0.0,2024-02-10T12:31:01,47205.93,sl,-1.4408,-1.0032,2024-02
2024-02-10T13:26:01,flip,SELL,47124.84,47259.09,47017.44,134.25,0.0,2024-02-10T13:35:14,47260.98,sl,-2.7228,-1.0141,2024-02
2024-02-10T19:17:01,flip,BUY,47410.54,47135.04,47630.94,275.5,0.0,2024-02-10T19:41:25,47630.94,tp,4.408,0.8,2024-02
2024-02-10T20:38:01,cont,BUY,47689.79,47445.64,47885.11,244.15,81.0,2024-02-10T20:44:27,47885.11,tp,3.9064,0.8,2024-02
2024-02-12T11:34:01,flip,SELL,47714.92,48370.79,47190.22,655.87,0.0,2024-02-12T14:34:37,48373.74,sl,-13.1764,-1.0045,2024-02
2024-02-12T14:57:01,flip,BUY,48745.59,48550.77,48901.45,194.82,0.0,2024-02-12T15:05:34,48901.45,tp,3.1171,0.8,2024-02
2024-02-12T15:14:01,cont,BUY,49020.45,48809.59,49189.14,210.86,17.0,2024-02-12T15:18:41,48800.87,sl,-4.3916,-1.0414,2024-02
2024-02-12T15:33:01,cont,BUY,49186.49,48751.24,49534.69,435.25,36.0,2024-02-12T15:40:28,49534.69,tp,6.964,0.8,2024-02
2024-02-12T19:50:01,flip,SELL,49638.59,49916.53,49416.24,277.94,0.0,2024-02-12T20:16:10,49927.62,sl,-5.7806,-1.0399,2024-02
2024-02-12T20:38:02,flip,BUY,49954.87,49811.15,50069.85,143.72,0.0,2024-02-12T20:46:58,50069.85,tp,2.2995,0.8,2024-02
2024-02-12T21:14:01,cont,BUY,50254.63,50066.12,50405.44,188.51,36.0,2024-02-12T21:30:08,50062.47,sl,-3.8432,-1.0194,2024-02
2024-02-12T21:47:01,flip,SELL,49980.1,50066.88,49910.68,86.78,0.0,2024-02-12T21:48:22,49910.68,tp,1.3885,0.8,2024-02
2024-02-13T01:04:01,flip,BUY,50161.09,49986.71,50300.59,174.38,0.0,2024-02-13T01:36:29,50300.59,tp,2.7901,0.8,2024-02
2024-02-13T01:37:01,cont,BUY,50306.46,50027.48,50529.64,278.98,33.0,2024-02-13T01:41:08,50024.4,sl,-5.6412,-1.011,2024-02
2024-02-13T02:42:01,flip,SELL,49918.57,50112.63,49763.32,194.06,0.0,2024-02-13T03:41:14,49763.32,tp,3.105,0.8,2024-02
2024-02-13T03:53:01,cont,SELL,49714.64,49788.7,49655.39,74.06,71.0,2024-02-13T03:56:40,49790.31,sl,-1.5134,-1.0217,2024-02
2024-02-13T04:12:01,flip,BUY,49859.54,49779.65,49923.45,79.89,0.0,2024-02-13T04:17:52,49778.66,sl,-1.6176,-1.0124,2024-02
2024-02-13T04:33:01,cont,BUY,49905.75,49760.22,50022.17,145.53,21.0,2024-02-13T05:52:47,50022.17,tp,2.3285,0.8,2024-02
2024-02-13T05:53:01,cont,BUY,50020.29,49922.72,50098.35,97.57,101.0,2024-02-13T07:16:20,50098.35,tp,1.5611,0.8,2024-02
2024-02-13T11:07:01,flip,SELL,49791.08,49966.66,49650.62,175.58,0.0,2024-02-13T11:15:37,49650.62,tp,2.8093,0.8,2024-02
2024-02-13T11:42:01,flip,BUY,49933.34,49830.05,50015.97,103.29,0.0,2024-02-13T11:53:19,50015.97,tp,1.6526,0.8,2024-02
2024-02-13T11:55:01,cont,BUY,50018.98,49889.1,50122.88,129.88,13.0,2024-02-13T12:03:43,49889.08,sl,-2.598,-1.0002,2024-02
2024-02-13T12:52:01,flip,SELL,49771.92,49950.91,49628.73,178.99,0.0,2024-02-13T13:30:13,49628.73,tp,2.8638,0.8,2024-02
2024-02-13T14:14:01,cont,SELL,49015.69,49833.35,48361.56,817.66,82.0,2024-02-13T17:12:06,48361.56,tp,13.0826,0.8,2024-02
2024-02-13T18:24:01,flip,BUY,49162.9,48897.79,49374.99,265.11,0.0,2024-02-13T19:16:43,48897.69,sl,-5.3042,-1.0004,2024-02
2024-02-13T19:17:01,flip,SELL,48909.63,49079.54,48773.7,169.91,0.0,2024-02-13T19:19:12,49080.67,sl,-3.4208,-1.0067,2024-02
2024-02-13T20:37:01,flip,BUY,49310.58,49002.93,49556.7,307.65,0.0,2024-02-13T21:08:29,49556.7,tp,4.9224,0.8,2024-02
2024-02-13T21:09:01,cont,BUY,49576.1,49343.48,49762.2,232.62,32.0,2024-02-13T22:17:16,49341.76,sl,-4.6868,-1.0074,2024-02
2024-02-14T07:29:01,flip,BUY,49800.87,49240.63,50249.06,560.24,0.0,2024-02-14T08:54:49,50249.06,tp,8.9638,0.8,2024-02
2024-02-14T11:03:01,flip,SELL,51208.3,51513.07,50964.48,304.77,0.0,2024-02-14T11:51:59,51522.74,sl,-6.2888,-1.0317,2024-02
2024-02-14T11:52:01,cont,BUY,51521.63,51213.53,51768.11,308.1,31.0,2024-02-14T12:03:22,51768.11,tp,4.9296,0.8,2024-02
2024-02-14T12:28:01,cont,BUY,51727.96,51353.7,52027.37,374.26,67.0,2024-02-14T15:15:39,51351.07,sl,-7.5378,-1.007,2024-02
2024-02-14T19:17:01,flip,SELL,51278.71,51990.56,50709.23,711.85,0.0,2024-02-15T00:21:05,52002.8,sl,-14.4818,-1.0172,2024-02
2024-02-15T11:35:01,flip,BUY,52445.12,51614.13,53109.91,830.99,0.0,2024-02-15T20:17:18,51595.4,sl,-16.9944,-1.0225,2024-02
2024-02-15T23:12:01,flip,BUY,51830.34,51493.22,52100.04,337.12,0.0,2024-02-16T01:25:03,52100.04,tp,5.3939,0.8,2024-02
2024-02-16T05:47:01,flip,SELL,51991.93,52153.28,51862.85,161.35,0.0,2024-02-16T06:29:59,52153.92,sl,-3.2398,-1.004,2024-02
2024-02-16T06:44:01,cont,SELL,51925.12,52132.69,51759.06,207.57,57.0,2024-02-16T07:52:34,51759.06,tp,3.3211,0.8,2024-02
2024-02-16T10:42:01,flip,BUY,52065.07,51841.42,52243.99,223.65,0.0,2024-02-16T10:56:59,52243.99,tp,3.5784,0.8,2024-02
2024-02-16T11:00:01,cont,BUY,52306.57,52186.37,52402.73,120.2,18.0,2024-02-16T11:06:15,52184.88,sl,-2.4338,-1.0124,2024-02
2024-02-16T11:39:01,cont,BUY,52376.72,52195.82,52521.44,180.9,57.0,2024-02-16T11:50:37,52191.07,sl,-3.713,-1.0263,2024-02
2024-02-16T12:04:01,flip,SELL,52107.12,52243.27,51998.2,136.15,0.0,2024-02-16T12:12:17,52245.53,sl,-2.7682,-1.0166,2024-02
2024-02-16T12:33:01,flip,BUY,52314.46,52170.98,52429.24,143.48,0.0,2024-02-16T13:00:55,52429.24,tp,2.2957,0.8,2024-02
2024-02-16T14:00:01,cont,BUY,52479.84,52121.28,52766.69,358.56,87.0,2024-02-16T14:17:55,52119.65,sl,-7.2038,-1.0045,2024-02
2024-02-16T14:48:01,flip,SELL,51960.69,52412.49,51599.25,451.8,0.0,2024-02-17T10:11:38,51599.25,tp,7.2288,0.8,2024-02
2024-02-17T11:34:01,flip,BUY,51744.54,51633.23,51833.59,111.31,0.0,2024-02-17T11:55:59,51631.53,sl,-2.2602,-1.0153,2024-02
2024-02-17T12:28:01,flip,SELL,51588.41,51667.39,51525.23,78.98,0.0,2024-02-17T12:36:23,51525.23,tp,1.2637,0.8,2024-02
2024-02-17T13:15:01,cont,SELL,51503.06,51693.93,51350.36,190.87,47.0,2024-02-17T13:29:25,51350.36,tp,3.0539,0.8,2024-02
2024-02-18T10:08:01,flip,BUY,52063.5,51160.16,52786.17,903.34,0.0,2024-02-20T13:36:34,52786.17,tp,14.4534,0.8,2024-02
2024-02-20T14:40:01,flip,SELL,51943.56,52322.38,51640.5,378.82,0.0,2024-02-20T15:22:06,51640.5,tp,6.0611,0.8,2024-02
2024-02-20T15:30:01,cont,SELL,51429.89,51739.61,51182.11,309.72,50.0,2024-02-20T15:52:41,51742.47,sl,-6.2516,-1.0092,2024-02
2024-02-20T19:46:01,flip,BUY,51828.6,51685.72,51942.9,142.88,0.0,2024-02-20T19:50:12,51942.9,tp,2.2861,0.8,2024-02
2024-02-20T19:51:01,cont,BUY,52031.05,51803.21,52213.32,227.84,5.0,2024-02-20T22:45:38,52213.32,tp,3.6454,0.8,2024-02
2024-02-20T23:37:01,flip,SELL,52147.59,52261.66,52056.33,114.07,0.0,2024-02-20T23:48:15,52262.44,sl,-2.297,-1.0068,2024-02
2024-02-21T00:42:01,cont,SELL,52126.4,52328.11,51965.03,201.71,65.0,2024-02-21T03:11:41,51965.03,tp,3.2274,0.8,2024-02
2024-02-21T05:02:01,flip,BUY,51993.44,51898.59,52069.32,94.85,0.0,2024-02-21T05:06:50,52069.32,tp,1.5176,0.8,2024-02
2024-02-21T06:04:01,flip,SELL,51753.13,51823.15,51697.11,70.02,0.0,2024-02-21T06:06:44,51697.11,tp,1.1203,0.8,2024-02
2024-02-21T07:04:01,cont,SELL,51623.64,51853.87,51439.46,230.23,60.0,2024-02-21T09:11:16,51439.46,tp,3.6837,0.8,2024-02
2024-02-21T10:30:01,flip,BUY,51257.47,51081.84,51397.97,175.63,0.0,2024-02-21T11:25:32,51080.0,sl,-3.5494,-1.0105,2024-02
2024-02-21T11:57:01,flip,SELL,50790.08,51062.8,50571.9,272.72,0.0,2024-02-21T12:10:55,51066.1,sl,-5.5204,-1.0121,2024-02
2024-02-21T12:20:01,flip,BUY,51193.93,51063.15,51298.55,130.78,0.0,2024-02-21T12:23:19,51062.39,sl,-2.6308,-1.0058,2024-02
2024-02-21T12:27:01,cont,BUY,51238.91,51027.4,51408.12,211.51,7.0,2024-02-21T13:09:18,51408.12,tp,3.3842,0.8,2024-02
2024-02-21T13:10:01,cont,BUY,51425.13,51220.72,51588.66,204.41,50.0,2024-02-21T13:16:18,51219.42,sl,-4.1142,-1.0064,2024-02
2024-02-21T14:36:01,flip,SELL,50764.35,51173.71,50436.86,409.36,0.0,2024-02-21T15:20:42,51175.0,sl,-8.213,-1.0032,2024-02
2024-02-21T15:37:01,flip,BUY,51274.08,51121.78,51395.92,152.3,0.0,2024-02-21T15:44:10,51120.09,sl,-3.0798,-1.0111,2024-02
2024-02-21T16:06:01,flip,SELL,51003.31,51145.39,50889.65,142.08,0.0,2024-02-21T16:09:12,51147.58,sl,-2.8854,-1.0154,2024-02
2024-02-21T16:43:01,flip,BUY,51250.8,51000.51,51451.03,250.29,0.0,2024-02-21T17:37:43,50999.77,sl,-5.0206,-1.003,2024-02
2024-02-21T18:03:01,flip,SELL,50842.33,51021.89,50698.68,179.56,0.0,2024-02-21T18:08:22,51024.53,sl,-3.644,-1.0147,2024-02
2024-02-21T18:29:01,cont,SELL,50808.13,51062.18,50604.89,254.05,26.0,2024-02-21T19:55:58,51066.31,sl,-5.1636,-1.0163,2024-02
2024-02-21T20:02:01,flip,BUY,51056.3,50851.42,51220.2,204.88,0.0,2024-02-21T20:48:43,50850.92,sl,-4.1076,-1.0024,2024-02
2024-02-21T21:21:01,cont,BUY,51171.74,50813.4,51458.41,358.34,79.0,2024-02-21T22:57:12,51458.41,tp,5.7334,0.8,2024-02
2024-02-22T00:48:01,flip,SELL,51490.87,51569.51,51427.96,78.64,0.0,2024-02-22T00:50:43,51570.45,sl,-1.5916,-1.012,2024-02
2024-02-22T01:33:01,cont,SELL,51370.79,51602.09,51185.75,231.3,45.0,2024-02-22T01:52:52,51185.75,tp,3.7008,0.8,2024-02
2024-02-22T02:34:01,flip,BUY,51446.46,51356.04,51518.8,90.42,0.0,2024-02-22T02:37:14,51355.85,sl,-1.8122,-1.0021,2024-02
2024-02-22T03:15:01,cont,BUY,51456.27,51310.42,51572.95,145.85,41.0,2024-02-22T03:47:25,51572.95,tp,2.3336,0.8,2024-02
2024-02-22T03:48:01,cont,BUY,51604.27,51459.33,51720.22,144.94,74.0,2024-02-22T04:34:13,51457.4,sl,-2.9374,-1.0133,2024-02
2024-02-22T11:42:01,flip,SELL,51519.3,51672.78,51396.52,153.48,0.0,2024-02-22T12:09:06,51673.71,sl,-3.0882,-1.0061,2024-02
2024-02-22T12:40:01,cont,SELL,51436.45,51696.82,51228.15,260.37,58.0,2024-02-22T13:16:43,51228.15,tp,4.1659,0.8,2024-02
2024-02-22T13:42:01,cont,SELL,51076.39,51306.4,50892.38,230.01,120.0,2024-02-22T14:43:35,51310.12,sl,-4.6746,-1.0162,2024-02
2024-02-22T15:32:01,flip,BUY,51448.1,51217.29,51632.75,230.81,0.0,2024-02-22T16:06:21,51632.75,tp,3.693,0.8,2024-02
2024-02-22T16:07:01,cont,BUY,51686.28,51440.98,51882.52,245.3,35.0,2024-02-22T16:23:11,51439.85,sl,-4.9286,-1.0046,2024-02
2024-02-23T02:54:01,flip,SELL,51149.09,51516.95,50854.8,367.86,0.0,2024-02-23T08:36:40,50854.8,tp,5.8858,0.8,2024-02
2024-02-23T11:04:01,flip,BUY,51203.7,51053.3,51324.02,150.4,0.0,2024-02-23T12:04:17,51051.05,sl,-3.053,-1.015,2024-02
2024-02-23T12:11:01,flip,SELL,51015.85,51112.38,50938.63,96.53,0.0,2024-02-23T12:24:19,50938.63,tp,1.5445,0.8,2024-02
2024-02-24T17:31:01,flip,BUY,51358.5,51239.06,51454.05,119.44,0.0,2024-02-24T17:36:43,51454.05,tp,1.911,0.8,2024-02
2024-02-26T09:34:01,flip,SELL,50971.23,51136.92,50838.68,165.69,0.0,2024-02-26T10:18:05,51138.8,sl,-3.3514,-1.0113,2024-02
2024-02-26T10:55:01,cont,BUY,51229.17,51117.68,51318.36,111.49,41.0,2024-02-26T10:57:28,51117.24,sl,-2.2386,-1.0039,2024-02
2024-02-26T12:19:01,flip,SELL,50932.97,51158.04,50752.91,225.07,0.0,2024-02-26T12:44:56,51159.5,sl,-4.5306,-1.0065,2024-02
2024-02-26T12:59:01,flip,BUY,51205.48,51100.3,51289.62,105.18,0.0,2024-02-26T13:11:10,51289.62,tp,1.6829,0.8,2024-02
2024-02-26T13:12:01,cont,BUY,51370.27,51155.89,51541.77,214.38,13.0,2024-02-26T14:45:46,51541.77,tp,3.4301,0.8,2024-02
2024-02-26T16:32:01,flip,SELL,53099.48,53315.87,52926.37,216.39,0.0,2024-02-26T16:41:25,53315.96,sl,-4.3296,-1.0004,2024-02
2024-02-26T17:18:01,flip,BUY,53435.35,53221.2,53606.67,214.15,0.0,2024-02-26T17:29:12,53220.01,sl,-4.3068,-1.0056,2024-02
2024-02-26T17:59:01,cont,BUY,53474.49,53185.39,53705.77,289.1,41.0,2024-02-26T19:13:55,53705.77,tp,4.6256,0.8,2024-02
2024-02-27T16:09:01,flip,SELL,56562.77,57367.49,55918.99,804.72,0.0,2024-02-27T19:47:59,57369.6,sl,-16.1366,-1.0026,2024-02
2024-02-28T07:36:01,flip,BUY,57709.77,56572.45,58619.63,1137.32,0.0,2024-02-28T08:04:20,58619.63,tp,18.1971,0.8,2024-02
2024-02-28T08:23:01,cont,BUY,58691.45,58152.11,59122.92,539.34,47.0,2024-02-28T08:53:39,59122.92,tp,8.6294,0.8,2024-02
2024-03-04T18:26:01,flip,SELL,66386.28,66843.69,66020.35,457.41,0.0,2024-03-04T19:21:42,66845.51,sl,-9.1846,-1.004,2024-03
2024-03-04T19:52:01,flip,BUY,67310.72,67032.78,67533.07,277.94,0.0,2024-03-04T20:25:15,67533.07,tp,4.447,0.8,2024-03
2024-03-04T20:26:01,cont,BUY,67559.05,67096.65,67928.97,462.4,34.0,2024-03-04T21:13:41,67094.22,sl,-9.2966,-1.0053,2024-03
2024-03-04T21:14:01,flip,SELL,67146.3,67829.14,66600.03,682.84,0.0,2024-03-04T22:11:24,67834.3,sl,-13.76,-1.0076,2024-03
2024-03-04T22:59:01,flip,BUY,67935.07,67718.95,68107.97,216.12,0.0,2024-03-04T23:03:41,68107.97,tp,3.4579,0.8,2024-03
2024-03-05T05:03:01,flip,SELL,66530.84,67510.36,65747.22,979.52,0.0,2024-03-05T05:03:35,65747.22,tp,15.6723,0.8,2024-03
2024-03-05T14:43:01,flip,BUY,68068.73,67253.86,68720.63,814.87,0.0,2024-03-05T14:54:43,68720.63,tp,13.0379,0.8,2024-03
2024-03-05T16:07:01,flip,SELL,65944.36,67379.0,64796.65,1434.64,0.0,2024-03-05T16:12:45,64796.65,tp,22.9542,0.8,2024-03
2024-03-05T16:13:01,cont,SELL,64751.95,65865.97,63860.73,1114.02,6.0,2024-03-05T16:30:17,65866.63,sl,-22.2936,-1.0006,2024-03
2024-03-05T17:08:01,cont,SELL,64234.84,65896.17,62905.78,1661.33,61.0,2024-03-05T19:17:50,62905.78,tp,26.5813,0.8,2024-03
2024-03-05T20:10:01,flip,BUY,62817.23,62049.24,63431.62,767.99,0.0,2024-03-05T20:37:42,62044.9,sl,-15.4466,-1.0057,2024-03
2024-03-05T21:13:01,cont,BUY,63271.73,61634.42,64581.58,1637.31,63.0,2024-03-06T04:57:33,64581.58,tp,26.197,0.8,2024-03
2024-03-06T05:09:01,cont,BUY,64772.85,64270.19,65174.98,502.66,28.0,2024-03-06T05:11:28,65174.98,tp,8.0426,0.8,2024-03
2024-03-06T05:28:01,cont,BUY,65756.0,65472.89,65982.49,283.11,47.0,2024-03-06T05:31:59,65982.49,tp,4.5298,0.8,2024-03
2024-03-06T05:38:01,cont,BUY,66209.71,65564.09,66726.21,645.62,57.0,2024-03-06T07:02:42,65563.85,sl,-12.9172,-1.0004,2024-03
2024-03-06T07:56:01,flip,BUY,66407.17,65905.43,66808.56,501.74,0.0,2024-03-06T08:01:25,66808.56,tp,8.0278,0.8,2024-03
2024-03-06T08:11:01,cont,BUY,67075.33,66540.22,67503.42,535.11,15.0,2024-03-06T08:17:06,67503.42,tp,8.5618,0.8,2024-03
2024-03-06T08:34:01,cont,BUY,67654.94,67074.29,68119.46,580.65,38.0,2024-03-06T08:41:10,67070.62,sl,-11.6864,-1.0063,2024-03
2024-03-06T08:48:01,flip,SELL,66736.71,67049.33,66486.61,312.62,0.0,2024-03-06T08:55:12,67052.82,sl,-6.3222,-1.0112,2024-03
2024-03-06T09:40:01,cont,SELL,66630.0,67293.7,66099.04,663.7,52.0,2024-03-06T09:58:34,66099.04,tp,10.6192,0.8,2024-03
2024-03-06T11:51:04,flip,BUY,67279.83,66767.85,67689.41,511.98,0.0,2024-03-06T12:21:08,66766.9,sl,-10.2586,-1.0019,2024-03
2024-03-08T16:12:01,flip,SELL,66477.05,67165.67,65926.15,688.62,0.0,2024-03-08T16:22:26,67168.21,sl,-13.8232,-1.0037,2024-03
2024-03-08T16:45:01,flip,BUY,67371.68,66679.45,67925.46,692.23,0.0,2024-03-08T16:48:19,67925.46,tp,11.0757,0.8,2024-03
2024-03-08T17:03:01,cont,BUY,68236.1,67758.85,68617.9,477.25,18.0,2024-03-08T17:46:13,68617.9,tp,7.636,0.8,2024-03
2024-03-08T17:47:01,cont,BUY,68759.0,68361.7,69076.84,397.3,62.0,2024-03-08T18:00:01,68360.72,sl,-7.9656,-1.0025,2024-03
2024-03-09T02:16:01,flip,SELL,67972.56,68572.02,67492.99,599.46,0.0,2024-03-09T06:47:19,68572.69,sl,-12.0026,-1.0011,2024-03
2024-03-09T07:51:01,flip,BUY,68673.96,68539.9,68781.21,134.06,0.0,2024-03-09T07:54:51,68538.97,sl,-2.6998,-1.0069,2024-03
2024-03-09T09:08:01,flip,SELL,68337.36,68561.03,68158.42,223.67,0.0,2024-03-09T10:22:05,68158.42,tp,3.5787,0.8,2024-03
2024-03-09T12:56:01,flip,BUY,68606.34,68454.53,68727.79,151.81,0.0,2024-03-09T13:12:42,68449.95,sl,-3.1278,-1.0302,2024-03
2024-03-09T14:19:01,flip,SELL,68382.8,68521.57,68271.78,138.77,0.0,2024-03-09T14:47:55,68271.78,tp,2.2203,0.8,2024-03
2024-03-09T18:11:01,flip,BUY,68401.58,68175.0,68582.84,226.58,0.0,2024-03-10T01:01:28,68582.84,tp,3.6253,0.8,2024-03
2024-03-10T05:49:01,flip,SELL,69277.49,69638.29,68988.85,360.8,0.0,2024-03-10T08:35:46,69638.69,sl,-7.224,-1.0011,2024-03
2024-03-10T08:57:01,cont,BUY,69736.53,69513.01,69915.35,223.52,31.0,2024-03-10T09:16:16,69510.95,sl,-4.5116,-1.0092,2024-03
2024-03-10T09:34:01,flip,SELL,69238.52,69521.42,69012.2,282.9,0.0,2024-03-10T09:40:53,69521.94,sl,-5.6684,-1.0018,2024-03
2024-03-10T09:52:01,flip,BUY,69913.09,69688.43,70092.82,224.66,0.0,2024-03-10T09:54:36,69658.71,sl,-5.0876,-1.1323,2024-03
2024-03-10T10:14:01,cont,BUY,69941.11,69523.88,70274.89,417.23,22.0,2024-03-10T11:34:46,69519.35,sl,-8.4352,-1.0109,2024-03
2024-03-10T14:41:01,flip,SELL,68962.51,69529.28,68509.09,566.77,0.0,2024-03-10T15:03:42,69535.63,sl,-11.4624,-1.0112,2024-03
2024-03-10T16:31:02,flip,BUY,69772.37,69514.57,69978.61,257.8,0.0,2024-03-10T16:48:45,69508.63,sl,-5.2748,-1.023,2024-03
2024-03-10T18:03:01,flip,SELL,69406.33,69621.61,69234.11,215.28,0.0,2024-03-10T19:05:20,69234.11,tp,3.4445,0.8,2024-03
2024-03-11T07:24:01,flip,BUY,70627.22,69937.11,71179.31,690.11,0.0,2024-03-11T07:39:47,71179.31,tp,11.0418,0.8,2024-03
2024-03-11T08:07:01,cont,BUY,71379.6,70530.28,72059.06,849.32,43.0,2024-03-11T11:44:53,72059.06,tp,13.5891,0.8,2024-03
2024-03-11T16:04:01,flip,SELL,71814.53,72307.21,71420.39,492.68,0.0,2024-03-11T16:11:09,72309.45,sl,-9.8984,-1.0045,2024-03
2024-03-11T16:28:01,flip,BUY,72461.55,72123.22,72732.21,338.33,0.0,2024-03-11T19:18:37,72732.21,tp,5.4133,0.8,2024-03
2024-03-12T01:02:01,flip,SELL,71867.7,72677.6,71219.78,809.9,0.0,2024-03-12T14:05:18,72680.33,sl,-16.2526,-1.0034,2024-03
2024-03-12T16:21:01,flip,SELL,70793.14,71991.44,69834.5,1198.3,0.0,2024-03-12T17:06:32,69834.5,tp,19.1728,0.8,2024-03
2024-03-12T17:09:01,cont,SELL,69804.89,70699.26,69089.39,894.37,48.0,2024-03-12T17:21:20,69089.39,tp,14.3099,0.8,2024-03
2024-03-12T18:48:01,flip,BUY,71160.48,70479.2,71705.5,681.28,0.0,2024-03-13T01:29:42,71705.5,tp,10.9005,0.8,2024-03
2024-03-13T01:30:01,cont,BUY,71799.39,71212.58,72268.84,586.81,82.0,2024-03-13T06:14:52,72268.84,tp,9.389,0.8,2024-03
2024-03-13T12:30:01,flip,SELL,72985.9,73184.45,72827.06,198.55,0.0,2024-03-13T12:35:05,72827.06,tp,3.1768,0.8,2024-03
2024-03-13T13:38:01,cont,SELL,72386.56,73015.98,71883.02,629.42,68.0,2024-03-13T13:55:13,71883.02,tp,10.0707,0.8,2024-03
2024-03-13T15:17:01,flip,BUY,73119.42,72185.04,73866.92,934.38,0.0,2024-03-14T13:34:14,72179.09,sl,-18.8066,-1.0064,2024-03
2024-03-14T16:46:01,flip,BUY,70887.74,70501.22,71196.96,386.52,0.0,2024-03-14T16:47:15,71196.96,tp,6.1843,0.8,2024-03
2024-03-14T18:47:01,flip,SELL,70166.58,70631.19,69794.89,464.61,0.0,2024-03-14T18:51:44,69794.89,tp,7.4338,0.8,2024-03
2024-03-14T19:31:01,cont,SELL,69327.5,70264.47,68577.92,936.97,44.0,2024-03-14T19:43:44,68577.92,tp,14.9915,0.8,2024-03
2024-03-14T22:01:01,flip,BUY,71233.99,70231.91,72035.65,1002.08,0.0,2024-03-15T00:29:36,72035.65,tp,16.0333,0.8,2024-03
2024-03-15T02:13:01,flip,SELL,71435.58,71659.29,71256.61,223.71,0.0,2024-03-15T02:21:14,71256.61,tp,3.5794,0.8,2024-03
2024-03-15T03:24:01,cont,SELL,67665.74,69359.92,66310.4,1694.18,71.0,2024-03-15T09:07:40,66310.4,tp,27.1069,0.8,2024-03
2024-03-17T08:29:01,flip,BUY,65748.36,65198.2,66188.49,550.16,0.0,2024-03-17T08:39:32,66188.49,tp,8.8026,0.8,2024-03
2024-03-17T09:14:01,cont,BUY,66712.17,66282.86,67055.62,429.31,45.0,2024-03-17T09:32:20,66278.48,sl,-8.6738,-1.0102,2024-03
2024-03-17T09:48:01,flip,SELL,66211.06,66296.15,66142.99,85.09,0.0,2024-03-17T09:48:12,66297.7,sl,-1.7328,-1.0182,2024-03
2024-03-17T10:16:01,flip,BUY,66832.0,66525.16,67077.47,306.84,0.0,2024-03-17T10:22:50,67077.47,tp,4.9094,0.8,2024-03
2024-03-17T10:28:01,cont,BUY,67181.22,66956.28,67361.17,224.94,12.0,2024-03-17T10:37:08,66955.51,sl,-4.5142,-1.0034,2024-03
2024-03-17T10:46:01,flip,SELL,66735.39,66967.42,66549.77,232.03,0.0,2024-03-17T10:48:10,66968.5,sl,-4.6622,-1.0047,2024-03
2024-03-17T11:07:01,flip,BUY,67242.96,67008.18,67430.78,234.78,0.0,2024-03-17T11:14:32,67430.78,tp,3.7565,0.8,2024-03
2024-03-17T11:48:01,flip,SELL,66884.87,67171.65,66655.45,286.78,0.0,2024-03-17T12:05:16,67174.6,sl,-5.7946,-1.0103,2024-03
2024-03-17T12:31:01,cont,SELL,66755.75,67362.07,66270.69,606.32,43.0,2024-03-17T13:16:30,67364.37,sl,-12.1724,-1.0038,2024-03
2024-03-17T14:44:01,flip,BUY,67411.44,66748.18,67942.05,663.26,0.0,2024-03-17T15:46:50,67942.05,tp,10.6122,0.8,2024-03
2024-03-17T15:47:01,cont,BUY,67954.18,67701.65,68156.2,252.53,63.0,2024-03-17T16:30:04,68156.2,tp,4.0405,0.8,2024-03
2024-03-17T16:32:01,cont,BUY,68172.59,67731.61,68525.37,440.98,108.0,2024-03-17T17:54:29,68525.37,tp,7.0557,0.8,2024-03
2024-03-18T00:34:01,flip,SELL,67779.15,68138.62,67491.57,359.47,0.0,2024-03-18T00:38:36,67491.57,tp,5.7515,0.8,2024-03
2024-03-18T01:01:01,cont,SELL,67231.64,67602.35,66935.07,370.71,27.0,2024-03-18T01:03:20,66935.07,tp,5.9314,0.8,2024-03
2024-03-18T02:49:01,flip,BUY,67921.49,67335.85,68390.0,585.64,0.0,2024-03-18T04:38:18,68390.0,tp,9.3702,0.8,2024-03
2024-03-18T06:06:01,flip,SELL,68433.56,68767.09,68166.74,333.53,0.0,2024-03-18T07:22:02,68166.74,tp,5.3365,0.8,2024-03
2024-03-18T08:06:01,cont,SELL,68056.16,68308.84,67854.02,252.68,65.0,2024-03-18T08:22:06,67854.02,tp,4.0429,0.8,2024-03
2024-03-18T11:35:01,flip,BUY,68475.92,68273.62,68637.76,202.3,0.0,2024-03-18T11:38:14,68273.39,sl,-4.0506,-1.0011,2024-03
2024-03-18T11:53:01,flip,SELL,68183.16,68370.74,68033.1,187.58,0.0,2024-03-18T12:06:30,68375.3,sl,-3.8428,-1.0243,2024-03
2024-03-18T12:17:01,cont,SELL,68066.14,68427.28,67777.23,361.14,24.0,2024-03-18T12:30:21,68436.34,sl,-7.404,-1.0251,2024-03
2024-03-18T13:21:01,cont,SELL,67948.81,68550.94,67467.11,602.13,88.0,2024-03-18T13:37:13,68553.32,sl,-12.0902,-1.004,2024-03
2024-03-18T13:44:01,cont,SELL,67656.33,68468.9,67006.27,812.57,111.0,2024-03-18T14:32:36,67006.27,tp,13.0011,0.8,2024-03
2024-03-18T16:15:01,flip,BUY,67636.93,67269.63,67930.77,367.3,0.0,2024-03-18T16:19:40,67930.77,tp,5.8768,0.8,2024-03
2024-03-19T01:27:01,flip,SELL,66350.3,66696.48,66073.36,346.18,0.0,2024-03-19T01:33:17,66073.36,tp,5.5389,0.8,2024-03
2024-03-19T02:05:01,cont,SELL,65626.66,66206.74,65162.6,580.08,38.0,2024-03-19T02:18:14,66210.27,sl,-11.6722,-1.0061,2024-03
2024-03-19T02:35:01,flip,BUY,66378.91,66039.41,66650.51,339.5,0.0,2024-03-19T02:45:51,66034.75,sl,-6.8832,-1.0137,2024-03
2024-03-19T03:16:01,flip,SELL,65471.39,65958.56,65081.65,487.17,0.0,2024-03-19T03:39:42,65081.65,tp,7.7947,0.8,2024-03
2024-03-19T06:11:01,flip,BUY,65309.71,64992.47,65563.5,317.24,0.0,2024-03-19T06:20:35,64989.86,sl,-6.397,-1.0082,2024-03
2024-03-19T07:03:01,flip,SELL,64612.0,64914.46,64370.03,302.46,0.0,2024-03-19T07:03:45,64370.03,tp,4.8394,0.8,2024-03
2024-03-19T08:28:01,cont,SELL,63636.6,64691.04,62793.05,1054.44,85.0,2024-03-19T10:48:09,62793.05,tp,16.871,0.8,2024-03
2024-03-19T11:11:01,cont,SELL,62645.1,63398.47,62042.4,753.37,30.0,2024-03-19T12:02:22,63414.04,sl,-15.3788,-1.0207,2024-03
2024-03-19T12:43:01,flip,BUY,63712.24,62974.28,64302.61,737.96,0.0,2024-03-19T14:09:51,62973.64,sl,-14.772,-1.0009,2024-03
2024-03-19T14:19:01,flip,SELL,62604.54,62925.42,62347.84,320.88,0.0,2024-03-19T14:42:20,62930.45,sl,-6.5182,-1.0157,2024-03
2024-03-19T15:33:01,flip,BUY,63189.48,62501.44,63739.91,688.04,0.0,2024-03-19T15:41:56,63739.91,tp,11.0086,0.8,2024-03
2024-03-19T15:49:01,cont,BUY,64020.73,63650.93,64316.57,369.8,16.0,2024-03-19T16:07:51,64316.57,tp,5.9168,0.8,2024-03
2024-03-19T16:40:01,cont,BUY,64628.24,64125.17,65030.7,503.07,67.0,2024-03-19T16:52:46,65030.7,tp,8.0491,0.8,2024-03
2024-03-19T16:53:03,cont,BUY,64969.19,64577.5,65282.54,391.69,80.0,2024-03-19T17:03:49,65282.54,tp,6.267,0.8,2024-03
2024-03-19T17:14:01,cont,BUY,65483.12,65119.56,65773.97,363.56,101.0,2024-03-19T17:36:04,65117.77,sl,-7.307,-1.0049,2024-03
2024-03-19T17:51:01,flip,SELL,64618.07,65038.5,64281.73,420.43,0.0,2024-03-19T18:12:29,64281.73,tp,6.7269,0.8,2024-03
2024-03-20T00:19:01,flip,BUY,62461.53,61752.47,63028.78,709.06,0.0,2024-03-20T00:36:56,63028.78,tp,11.345,0.8,2024-03
2024-03-20T00:37:01,cont,BUY,63105.39,62373.72,63690.73,731.67,18.0,2024-03-20T01:19:11,62372.98,sl,-14.6482,-1.001,2024-03
2024-03-20T02:30:01,flip,BUY,62984.76,62652.25,63250.77,332.51,0.0,2024-03-20T03:23:41,63250.77,tp,5.3202,0.8,2024-03
2024-03-20T04:31:01,flip,SELL,61647.43,62324.21,61106.01,676.78,0.0,2024-03-20T05:12:47,61106.01,tp,10.8285,0.8,2024-03
2024-03-20T05:13:01,cont,SELL,61070.79,61759.97,60519.45,689.18,42.0,2024-03-20T06:06:10,61763.83,sl,-13.8608,-1.0056,2024-03
2024-03-20T06:12:01,cont,BUY,61839.16,61507.92,62104.15,331.24,16.0,2024-03-20T07:05:53,62104.15,tp,5.2998,0.8,2024-03
2024-03-20T07:06:01,cont,BUY,62104.56,61632.93,62481.86,471.63,70.0,2024-03-20T07:24:59,62481.86,tp,7.5461,0.8,2024-03
2024-03-20T07:43:01,cont,BUY,62910.38,62467.38,63264.78,443.0,107.0,2024-03-20T08:33:48,63264.78,tp,7.088,0.8,2024-03
2024-03-20T13:20:01,flip,SELL,63511.87,63714.67,63349.63,202.8,0.0,2024-03-20T13:30:48,63349.63,tp,3.2448,0.8,2024-03
2024-03-20T13:46:01,flip,BUY,63833.5,63544.16,64064.97,289.34,0.0,2024-03-20T13:46:38,63540.78,sl,-5.8544,-1.0117,2024-03
2024-03-20T14:08:01,cont,BUY,63912.83,63352.24,64361.3,560.59,22.0,2024-03-20T15:01:36,64361.3,tp,8.9694,0.8,2024-03
2024-03-20T15:02:01,cont,BUY,64370.59,63959.39,64699.55,411.2,76.0,2024-03-20T15:08:22,63957.79,sl,-8.256,-1.0039,2024-03
2024-03-20T15:33:01,flip,SELL,63752.78,64184.44,63407.45,431.66,0.0,2024-03-20T16:01:13,63407.45,tp,6.9066,0.8,2024-03
2024-03-20T16:02:01,cont,SELL,63434.97,63722.82,63204.69,287.85,29.0,2024-03-20T16:04:41,63724.63,sl,-5.7932,-1.0063,2024-03
2024-03-20T16:24:01,cont,SELL,63172.73,63773.31,62692.27,600.58,51.0,2024-03-20T16:27:53,62692.27,tp,9.6093,0.8,2024-03
2024-03-20T18:06:01,flip,BUY,64677.48,63845.54,65343.03,831.94,0.0,2024-03-20T18:54:55,65343.03,tp,13.311,0.8,2024-03
2024-03-20T19:48:01,cont,BUY,65815.62,65168.22,66333.54,647.4,102.0,2024-03-20T20:06:22,66333.54,tp,10.3584,0.8,2024-03
2024-03-20T22:33:01,flip,SELL,67600.52,67859.11,67393.65,258.59,0.0,2024-03-20T22:51:23,67393.65,tp,4.1374,0.8,2024-03
2024-03-20T23:15:01,flip,BUY,67882.54,67622.22,68090.8,260.32,0.0,2024-03-20T23:41:29,68090.8,tp,4.1651,0.8,2024-03
2024-03-21T00:26:01,flip,SELL,67608.73,67923.8,67356.67,315.07,0.0,2024-03-21T00:40:16,67924.44,sl,-6.3142,-1.002,2024-03
2024-03-21T05:55:01,flip,BUY,66844.57,66393.73,67205.24,450.84,0.0,2024-03-21T06:01:38,67205.24,tp,7.2134,0.8,2024-03
2024-03-21T14:01:01,flip,SELL,66549.66,67716.28,65616.36,1166.62,0.0,2024-03-21T18:03:26,65616.36,tp,18.6659,0.8,2024-03
2024-03-21T18:04:01,cont,SELL,65573.44,65834.38,65364.69,260.94,38.0,2024-03-21T18:11:49,65364.69,tp,4.175,0.8,2024-03
2024-03-21T18:12:01,cont,SELL,65354.88,65672.49,65100.79,317.61,46.0,2024-03-21T18:16:38,65100.79,tp,5.0818,0.8,2024-03
2024-03-21T18:44:01,cont,SELL,64987.59,65529.38,64554.16,541.79,78.0,2024-03-21T19:34:10,65530.62,sl,-10.8606,-1.0023,2024-03
2024-03-22T00:20:01,flip,BUY,66007.2,64957.55,66846.92,1049.65,0.0,2024-03-22T10:25:42,64954.71,sl,-21.0498,-1.0027,2024-03
2024-03-22T11:18:01,flip,BUY,64924.25,64696.44,65106.5,227.81,0.0,2024-03-22T11:24:58,64694.05,sl,-4.604,-1.0105,2024-03
2024-03-22T11:49:01,flip,SELL,64543.41,64750.95,64377.38,207.54,0.0,2024-03-22T11:50:28,64377.38,tp,3.3206,0.8,2024-03
2024-03-22T12:03:01,cont,SELL,64042.48,64347.62,63798.37,305.14,14.0,2024-03-22T12:05:15,64350.81,sl,-6.1666,-1.0105,2024-03
2024-03-22T13:23:01,cont,SELL,63857.54,64574.75,63283.77,717.21,94.0,2024-03-22T13:49:29,63283.77,tp,11.4754,0.8,2024-03
2024-03-22T15:22:01,flip,BUY,63646.98,63112.64,64074.45,534.34,0.0,2024-03-22T15:30:00,64074.45,tp,8.5494,0.8,2024-03
2024-03-22T16:51:01,flip,SELL,62872.64,63196.02,62613.94,323.38,0.0,2024-03-22T16:55:11,63197.23,sl,-6.4918,-1.0037,2024-03
2024-03-22T17:04:01,flip,BUY,63443.55,63194.44,63642.84,249.11,0.0,2024-03-22T17:06:37,63642.84,tp,3.9858,0.8,2024-03
2024-03-22T18:05:01,cont,BUY,63884.88,63304.85,64348.9,580.03,61.0,2024-03-22T20:50:37,63301.96,sl,-11.6584,-1.005,2024-03
2024-03-22T21:09:01,flip,SELL,63188.69,63519.99,62923.65,331.3,0.0,2024-03-22T21:20:53,62923.65,tp,5.3008,0.8,2024-03
2024-03-22T21:34:01,cont,SELL,62789.17,63206.44,62455.35,417.27,25.0,2024-03-22T21:36:53,62455.35,tp,6.6763,0.8,2024-03
2024-03-22T23:23:01,flip,BUY,63449.79,63171.77,63672.21,278.02,0.0,2024-03-22T23:58:39,63672.21,tp,4.4483,0.8,2024-03
2024-03-23T00:44:01,cont,BUY,63843.58,63520.89,64101.73,322.69,81.0,2024-03-23T00:49:21,63520.74,sl,-6.4568,-1.0005,2024-03
2024-03-23T01:14:01,cont,BUY,63850.37,63504.89,64126.75,345.48,111.0,2024-03-23T01:34:57,64126.75,tp,5.5277,0.8,2024-03
2024-03-23T02:31:01,flip,SELL,63857.4,64043.65,63708.4,186.25,0.0,2024-03-23T03:04:14,63708.4,tp,2.98,0.8,2024-03
2024-03-23T03:05:01,cont,SELL,63620.64,63894.63,63401.45,273.99,34.0,2024-03-23T03:30:23,63401.45,tp,4.3838,0.8,2024-03
2024-03-23T05:43:01,flip,BUY,64113.13,63763.24,64393.04,349.89,0.0,2024-03-23T07:08:01,64393.04,tp,5.5982,0.8,2024-03
2024-03-23T07:19:01,cont,BUY,64715.68,64409.65,64960.5,306.03,96.0,2024-03-23T08:24:35,64409.15,sl,-6.1306,-1.0016,2024-03
2024-03-23T17:14:01,flip,SELL,65550.08,65820.21,65333.98,270.13,0.0,2024-03-23T17:30:43,65822.67,sl,-5.4518,-1.0091,2024-03
2024-03-23T18:34:01,cont,SELL,65482.9,66039.4,65037.7,556.5,80.0,2024-03-23T19:38:42,65037.7,tp,8.904,0.8,2024-03
2024-03-24T00:43:01,flip,BUY,64526.58,64405.83,64623.18,120.75,0.0,2024-03-24T01:13:18,64405.0,sl,-2.4316,-1.0069,2024-03
2024-03-24T01:27:01,cont,BUY,64694.09,64382.88,64943.06,311.21,44.0,2024-03-24T02:01:11,64382.73,sl,-6.2272,-1.0005,2024-03
2024-03-24T02:49:01,flip,SELL,64259.38,64555.07,64022.83,295.69,0.0,2024-03-24T03:10:33,64022.83,tp,4.731,0.8,2024-03
2024-03-24T04:24:01,cont,SELL,63903.63,64250.66,63626.01,347.03,95.0,2024-03-24T04:56:49,64252.29,sl,-6.9732,-1.0047,2024-03
2024-03-24T04:57:01,flip,BUY,64234.24,64010.01,64413.62,224.23,0.0,2024-03-24T06:15:48,64413.62,tp,3.5877,0.8,2024-03
2024-03-24T06:16:01,cont,BUY,64427.67,64224.48,64590.22,203.19,79.0,2024-03-24T06:32:38,64222.56,sl,-4.1022,-1.0094,2024-03
2024-03-24T07:29:01,flip,SELL,64112.79,64287.19,63973.27,174.4,0.0,2024-03-24T07:41:58,64293.06,sl,-3.6054,-1.0337,2024-03
2024-03-24T07:58:01,flip,BUY,64533.21,64275.24,64739.59,257.97,0.0,2024-03-24T08:09:40,64739.59,tp,4.1275,0.8,2024-03
2024-03-24T08:54:01,cont,BUY,65114.82,64635.99,65497.88,478.83,56.0,2024-03-24T12:03:36,65497.88,tp,7.6613,0.8,2024-03
2024-03-24T13:29:01,flip,SELL,65476.24,65773.23,65238.65,296.99,0.0,2024-03-24T14:18:57,65791.23,sl,-6.2998,-1.0606,2024-03
2024-03-24T20:11:01,flip,BUY,66068.57,65563.0,66473.03,505.57,0.0,2024-03-24T21:20:14,66473.03,tp,8.0891,0.8,2024-03
2024-03-24T21:30:01,cont,BUY,66488.54,66144.74,66763.58,343.8,79.0,2024-03-24T22:01:47,66763.58,tp,5.5008,0.8,2024-03
2024-03-25T00:34:01,flip,SELL,66727.6,67012.74,66499.49,285.14,0.0,2024-03-25T01:16:23,67014.05,sl,-5.729,-1.0046,2024-03
2024-03-25T01:52:01,cont,SELL,66539.22,66939.4,66219.08,400.18,78.0,2024-03-25T03:09:46,66942.68,sl,-8.0692,-1.0082,2024-03
2024-03-25T03:38:01,cont,BUY,67037.65,66797.61,67229.68,240.04,30.0,2024-03-25T03:56:14,67229.68,tp,3.8406,0.8,2024-03
2024-03-25T03:57:01,cont,BUY,67248.17,66953.73,67483.72,294.44,49.0,2024-03-25T04:51:44,67483.72,tp,4.711,0.8,2024-03
2024-03-25T06:03:01,flip,SELL,67253.41,67459.23,67088.75,205.82,0.0,2024-03-25T06:36:12,67088.75,tp,3.2931,0.8,2024-03
2024-03-25T06:37:01,cont,SELL,67038.33,67264.95,66857.03,226.62,34.0,2024-03-25T07:04:17,67267.96,sl,-4.5926,-1.0133,2024-03
2024-03-25T07:49:01,cont,SELL,66906.96,67290.63,66600.02,383.67,106.0,2024-03-25T08:41:38,67294.52,sl,-7.7512,-1.0101,2024-03
2024-03-25T10:05:01,flip,BUY,67229.39,66803.08,67570.44,426.31,0.0,2024-03-25T11:35:50,66801.06,sl,-8.5666,-1.0047,2024-03
2024-03-25T17:47:01,flip,SELL,70309.29,70522.58,70138.66,213.29,0.0,2024-03-25T17:54:40,70524.38,sl,-4.3018,-1.0084,2024-03
2024-03-25T18:25:01,flip,BUY,70776.6,70432.8,71051.64,343.8,0.0,2024-03-25T18:32:47,70431.99,sl,-6.8922,-1.0024,2024-03
2024-03-25T18:56:01,cont,BUY,70889.61,70365.58,71308.83,524.03,31.0,2024-03-25T21:15:26,70359.95,sl,-10.5932,-1.0107,2024-03
2024-03-25T21:27:01,flip,SELL,69802.1,70198.47,69485.0,396.37,0.0,2024-03-25T21:38:49,70200.3,sl,-7.964,-1.0046,2024-03
2024-03-25T22:43:01,flip,BUY,70604.97,70317.94,70834.59,287.03,0.0,2024-03-25T22:51:02,70317.59,sl,-5.7476,-1.0012,2024-03
2024-03-25T23:27:01,flip,SELL,70232.11,70460.55,70049.36,228.44,0.0,2024-03-25T23:37:36,70049.36,tp,3.655,0.8,2024-03
2024-03-26T04:04:01,flip,BUY,70618.33,70376.34,70811.92,241.99,0.0,2024-03-26T05:26:34,70363.67,sl,-5.0932,-1.0524,2024-03
2024-03-26T05:37:01,flip,SELL,70278.79,70433.29,70155.19,154.5,0.0,2024-03-26T05:51:42,70437.67,sl,-3.1776,-1.0283,2024-03
2024-03-26T06:59:01,flip,BUY,70633.61,70383.54,70833.67,250.07,0.0,2024-03-26T07:02:42,70833.67,tp,4.0011,0.8,2024-03
2024-03-26T14:23:01,flip,SELL,70005.38,70951.3,69248.64,945.92,0.0,2024-03-27T13:05:09,70971.49,sl,-19.3222,-1.0213,2024-03
2024-03-27T13:29:01,flip,BUY,71467.39,71034.18,71813.96,433.21,0.0,2024-03-27T13:35:23,71032.68,sl,-8.6942,-1.0035,2024-03
2024-03-27T13:46:01,flip,SELL,69665.43,70575.76,68937.17,910.33,0.0,2024-03-27T13:50:40,70577.29,sl,-18.2372,-1.0017,2024-03
2024-03-28T07:07:02,flip,BUY,70427.59,70215.2,70597.5,212.39,0.0,2024-03-28T07:08:04,70212.8,sl,-4.2958,-1.0113,2024-03
2024-03-28T08:06:01,cont,BUY,70518.98,70176.97,70792.59,342.01,59.0,2024-03-28T08:47:10,70792.59,tp,5.4722,0.8,2024-03
2024-03-28T09:07:01,cont,BUY,70863.78,70457.5,71188.8,406.28,120.0,2024-03-28T09:57:52,70455.35,sl,-8.1686,-1.0053,2024-03
2024-03-28T15:37:01,flip,SELL,70966.46,71211.49,70770.44,245.03,0.0,2024-03-28T15:42:04,71212.48,sl,-4.9204,-1.004,2024-03
2024-03-28T16:07:01,cont,SELL,70893.16,71472.59,70429.62,579.43,30.0,2024-03-28T18:50:54,70429.62,tp,9.2709,0.8,2024-03
2024-03-29T07:05:01,flip,BUY,70520.59,70387.1,70627.38,133.49,0.0,2024-03-29T07:07:08,70384.07,sl,-2.7304,-1.0227,2024-03
2024-03-29T07:18:01,flip,SELL,70307.28,70390.11,70241.02,82.83,0.0,2024-03-29T07:31:46,70241.02,tp,1.3253,0.8,2024-03
2024-03-29T08:00:01,cont,SELL,69792.32,70066.33,69573.11,274.01,42.0,2024-03-29T08:06:31,70089.09,sl,-5.9354,-1.0831,2024-03
2024-03-29T08:15:01,cont,SELL,69698.88,70076.06,69397.14,377.18,57.0,2024-03-29T08:35:19,70076.37,sl,-7.5498,-1.0008,2024-03
2024-03-29T11:24:01,flip,BUY,70334.09,70086.2,70532.4,247.89,0.0,2024-03-29T12:07:15,70082.88,sl,-5.0242,-1.0134,2024-03
2024-03-29T15:34:01,flip,SELL,69724.53,69949.3,69544.71,224.77,0.0,2024-03-29T15:39:04,69544.71,tp,3.5963,0.8,2024-03
2024-03-29T22:56:01,flip,BUY,69904.38,69721.46,70050.72,182.92,0.0,2024-03-30T01:19:19,70050.72,tp,2.9267,0.8,2024-03
2024-03-30T01:49:01,flip,SELL,70039.11,70081.78,70004.97,42.67,0.0,2024-03-30T01:49:02,70093.28,sl,-1.0834,-1.2695,2024-03
2024-03-30T02:03:01,cont,SELL,69980.68,70065.25,69913.02,84.57,14.0,2024-03-30T02:15:08,70065.63,sl,-1.699,-1.0045,2024-03
2024-03-30T02:17:01,cont,SELL,69960.54,70021.61,69911.68,61.07,28.0,2024-03-30T02:18:20,70028.27,sl,-1.3546,-1.1091,2024-03
2024-03-30T03:23:01,cont,SELL,69888.39,70099.26,69719.69,210.87,94.0,2024-03-30T04:52:34,70110.28,sl,-4.4378,-1.0523,2024-03
2024-03-31T02:29:01,flip,BUY,70162.83,69945.19,70336.94,217.64,0.0,2024-03-31T03:08:27,69944.11,sl,-4.3744,-1.005,2024-03
2024-03-31T13:52:01,flip,SELL,70588.11,70724.74,70478.81,136.63,0.0,2024-03-31T15:02:25,70478.81,tp,2.1861,0.8,2024-03
2024-03-31T15:03:01,cont,SELL,70436.54,70666.5,70252.57,229.96,71.0,2024-03-31T16:17:19,70669.61,sl,-4.6614,-1.0135,2024-03
2024-03-31T16:18:01,cont,BUY,70674.01,70539.12,70781.92,134.89,8.0,2024-03-31T16:23:06,70536.32,sl,-2.7538,-1.0208,2024-03
2024-03-31T16:52:01,flip,SELL,70471.73,70582.79,70382.88,111.06,0.0,2024-03-31T17:12:42,70585.56,sl,-2.2766,-1.0249,2024-03
2024-03-31T18:39:01,flip,BUY,70891.21,70507.74,71197.99,383.47,0.0,2024-03-31T18:50:32,71197.99,tp,6.1355,0.8,2024-03
2024-03-31T21:42:01,flip,SELL,70691.03,71109.64,70356.14,418.61,0.0,2024-03-31T22:33:02,71117.38,sl,-8.527,-1.0185,2024-03
2024-04-01T06:36:01,flip,BUY,69600.28,69319.56,69824.86,280.72,0.0,2024-04-01T07:08:06,69824.86,tp,4.4915,0.8,2024-04
2024-04-01T08:23:01,flip,SELL,69394.08,69582.36,69243.46,188.28,0.0,2024-04-01T08:32:27,69243.46,tp,3.0125,0.8,2024-04
2024-04-01T11:03:01,flip,BUY,69697.83,69262.37,70046.2,435.46,0.0,2024-04-01T13:32:26,70046.2,tp,6.9674,0.8,2024-04
2024-04-01T14:53:01,flip,SELL,68816.15,69196.76,68511.66,380.61,0.0,2024-04-01T15:12:04,68511.66,tp,6.0898,0.8,2024-04
2024-04-01T16:00:01,cont,SELL,68200.26,68883.81,67653.42,683.55,67.0,2024-04-01T18:35:14,68890.25,sl,-13.7998,-1.0094,2024-04
2024-04-01T19:06:01,flip,BUY,69121.89,68883.27,69312.79,238.62,0.0,2024-04-01T19:19:51,69312.79,tp,3.8179,0.8,2024-04
2024-04-01T19:57:01,cont,BUY,69647.41,69255.88,69960.63,391.53,51.0,2024-04-02T00:32:35,69252.36,sl,-7.901,-1.009,2024-04
2024-04-02T00:33:01,cont,SELL,69244.48,69519.47,69024.49,274.99,13.0,2024-04-02T01:02:48,69523.35,sl,-5.5774,-1.0141,2024-04
2024-04-02T14:44:01,flip,BUY,66266.48,65981.67,66494.33,284.81,0.0,2024-04-02T14:46:21,65981.46,sl,-5.7004,-1.0007,2024-04
2024-04-02T15:39:01,flip,SELL,65544.27,66121.14,65082.77,576.87,0.0,2024-04-02T15:53:45,65082.77,tp,9.2299,0.8,2024-04
2024-04-02T18:47:01,flip,BUY,65928.12,65351.66,66389.29,576.46,0.0,2024-04-03T00:04:05,65350.75,sl,-11.5474,-1.0016,2024-04
2024-04-03T00:22:01,flip,SELL,65266.52,65546.07,65042.88,279.55,0.0,2024-04-03T00:33:01,65042.88,tp,4.4728,0.8,2024-04
2024-04-03T01:51:01,flip,BUY,65677.74,65408.51,65893.12,269.23,0.0,2024-04-03T01:57:08,65893.12,tp,4.3077,0.8,2024-04
2024-04-03T03:18:01,cont,BUY,66052.41,65638.73,66383.35,413.68,87.0,2024-04-03T04:30:53,66383.35,tp,6.6189,0.8,2024-04
2024-04-03T05:39:01,flip,SELL,65988.16,66186.97,65829.11,198.81,0.0,2024-04-03T06:01:57,66188.0,sl,-3.9968,-1.0052,2024-04
2024-04-03T06:02:01,cont,BUY,66179.86,66030.76,66299.14,149.1,7.0,2024-04-03T06:24:43,66299.14,tp,2.3856,0.8,2024-04
2024-04-03T06:25:01,cont,BUY,66361.37,66082.73,66584.28,278.64,30.0,2024-04-03T07:59:04,66078.6,sl,-5.6554,-1.0148,2024-04
2024-04-04T04:09:01,flip,SELL,65493.71,66359.98,64800.69,866.27,0.0,2024-04-04T08:14:46,66364.22,sl,-17.4102,-1.0049,2024-04
2024-04-04T10:23:01,flip,BUY,66467.58,66086.11,66772.76,381.47,0.0,2024-04-04T11:14:30,66083.83,sl,-7.675,-1.006,2024-04
2024-04-04T12:12:01,cont,BUY,66555.6,66079.94,66936.13,475.66,109.0,2024-04-04T13:11:31,66936.13,tp,7.6106,0.8,2024-04
2024-04-05T05:18:01,flip,SELL,67221.11,68768.77,65982.98,1547.66,0.0,2024-04-07T00:00:00,68944.18,sl,-34.4614,-1.1133,2024-04
2024-04-07T03:08:01,flip,SELL,69312.5,69415.72,69229.92,103.22,0.0,2024-04-07T03:11:14,69417.23,sl,-2.0946,-1.0146,2024-04
2024-04-07T04:05:01,flip,BUY,69527.5,69312.48,69699.52,215.02,0.0,2024-04-07T04:12:55,69305.42,sl,-4.4416,-1.0328,2024-04
2024-04-07T04:23:01,flip,SELL,69209.18,69359.98,69088.54,150.8,0.0,2024-04-07T04:46:11,69361.55,sl,-3.0474,-1.0104,2024-04
2024-04-07T08:45:01,flip,BUY,69556.69,69106.53,69916.82,450.16,0.0,2024-04-07T16:10:32,69916.82,tp,7.2026,0.8,2024-04
2024-04-07T16:41:01,flip,BUY,70246.88,69875.96,70543.62,370.92,0.0,2024-04-07T17:02:27,69874.22,sl,-7.4532,-1.0047,2024-04
2024-04-07T17:43:01,flip,SELL,69685.28,69953.48,69470.72,268.2,0.0,2024-04-07T18:35:14,69470.72,tp,4.2912,0.8,2024-04
2024-04-08T05:54:01,flip,BUY,69800.46,69092.58,70366.76,707.88,0.0,2024-04-08T07:35:06,70366.76,tp,11.3261,0.8,2024-04
2024-04-08T13:03:01,flip,SELL,72054.31,72334.7,71830.0,280.39,0.0,2024-04-08T13:05:45,72337.7,sl,-5.6678,-1.0107,2024-04
2024-04-08T13:13:01,cont,SELL,72005.45,72290.63,71777.31,285.18,10.0,2024-04-08T13:37:20,71777.31,tp,4.5629,0.8,2024-04
2024-04-08T14:08:01,cont,SELL,71569.57,72099.64,71145.51,530.07,65.0,2024-04-09T01:06:26,71145.51,tp,8.4811,0.8,2024-04
2024-04-09T03:16:01,flip,BUY,71676.98,71361.29,71929.53,315.69,0.0,2024-04-09T03:32:10,71361.29,sl,-6.3138,-1.0,2024-04
2024-04-09T04:04:01,flip,SELL,71160.11,71329.58,71024.53,169.47,0.0,2024-04-09T04:16:22,71024.53,tp,2.7115,0.8,2024-04
2024-04-09T09:14:01,flip,BUY,70743.22,70499.8,70937.96,243.42,0.0,2024-04-09T09:30:56,70498.88,sl,-4.8868,-1.0038,2024-04
2024-04-09T13:22:01,flip,SELL,70438.41,70710.44,70220.79,272.03,0.0,2024-04-09T13:30:04,70714.18,sl,-5.5154,-1.0137,2024-04
2024-04-09T13:47:01,cont,SELL,70332.61,70906.15,69873.78,573.54,25.0,2024-04-09T14:00:14,69873.78,tp,9.1766,0.8,2024-04
2024-04-09T14:31:01,cont,SELL,69699.56,70409.34,69131.74,709.78,69.0,2024-04-09T14:42:03,69131.74,tp,11.3565,0.8,2024-04
2024-04-09T14:49:01,cont,SELL,68728.56,69298.66,68272.48,570.1,87.0,2024-04-09T14:54:01,69299.47,sl,-11.4182,-1.0014,2024-04
2024-04-09T15:12:01,cont,SELL,68539.06,69347.47,67892.33,808.41,110.0,2024-04-10T00:16:15,69348.95,sl,-16.1978,-1.0018,2024-04
2024-04-10T01:18:01,flip,SELL,68692.27,68849.4,68566.57,157.13,0.0,2024-04-10T01:19:44,68850.83,sl,-3.1712,-1.0091,2024-04
2024-04-10T01:52:01,flip,BUY,68996.72,68644.77,69278.28,351.95,0.0,2024-04-10T02:00:43,69278.28,tp,5.6312,0.8,2024-04
2024-04-10T12:32:01,flip,SELL,68228.37,69503.38,67208.36,1275.01,0.0,2024-04-10T16:51:44,69504.41,sl,-25.5208,-1.0008,2024-04
2024-04-10T17:22:01,flip,BUY,69850.18,69174.81,70390.48,675.37,0.0,2024-04-10T17:45:36,69170.54,sl,-13.5928,-1.0063,2024-04
2024-04-10T18:18:01,flip,SELL,69127.4,69445.56,68872.87,318.16,0.0,2024-04-10T18:42:46,69448.29,sl,-6.4178,-1.0086,2024-04
2024-04-10T19:37:01,flip,BUY,69781.53,69447.96,70048.39,333.57,0.0,2024-04-10T19:52:50,70048.39,tp,5.3371,0.8,2024-04
2024-04-10T20:21:01,cont,BUY,70166.44,69757.01,70493.98,409.43,44.0,2024-04-10T20:58:11,69752.3,sl,-8.2828,-1.0115,2024-04
2024-04-11T00:31:01,flip,SELL,70264.61,70556.71,70030.93,292.1,0.0,2024-04-11T00:58:02,70562.27,sl,-5.9532,-1.019,2024-04
2024-04-11T02:09:01,flip,BUY,70863.13,70448.15,71195.11,414.98,0.0,2024-04-11T04:16:46,70447.12,sl,-8.3202,-1.0025,2024-04
2024-04-11T04:17:01,flip,SELL,70439.05,70670.93,70253.55,231.88,0.0,2024-04-11T04:53:49,70671.21,sl,-4.6432,-1.0012,2024-04
2024-04-11T05:15:01,flip,BUY,70709.85,70558.08,70831.27,151.77,0.0,2024-04-11T05:16:54,70554.11,sl,-3.1148,-1.0262,2024-04
2024-04-11T05:48:01,flip,SELL,70403.03,70604.1,70242.17,201.07,0.0,2024-04-11T05:51:50,70609.45,sl,-4.1284,-1.0266,2024-04
2024-04-11T07:10:01,flip,BUY,70992.14,70593.21,71311.28,398.93,0.0,2024-04-11T08:05:06,70593.09,sl,-7.981,-1.0003,2024-04
2024-04-11T10:14:01,flip,SELL,70548.63,70757.8,70381.29,209.17,0.0,2024-04-11T10:16:12,70759.16,sl,-4.2106,-1.0065,2024-04
2024-04-11T10:38:01,cont,SELL,70518.62,70798.19,70294.96,279.57,24.0,2024-04-11T11:40:02,70294.96,tp,4.4731,0.8,2024-04
2024-04-11T11:56:01,cont,SELL,70042.85,70360.95,69788.37,318.1,102.0,2024-04-11T12:17:41,70364.77,sl,-6.4384,-1.012,2024-04
2024-04-11T17:05:01,flip,BUY,70254.71,69617.27,70764.66,637.44,0.0,2024-04-11T20:23:49,70764.66,tp,10.199,0.8,2024-04
2024-04-11T21:02:01,flip,SELL,70413.68,70550.66,70304.1,136.98,0.0,2024-04-11T21:10:32,70554.8,sl,-2.8224,-1.0302,2024-04
2024-04-11T21:17:01,cont,SELL,70276.92,70524.92,70078.52,248.0,15.0,2024-04-12T00:00:00,70078.52,tp,3.968,0.8,2024-04
2024-04-12T02:06:01,flip,BUY,70428.47,70097.19,70693.49,331.28,0.0,2024-04-12T02:21:32,70693.49,tp,5.3005,0.8,2024-04
2024-04-12T03:26:01,cont,BUY,70948.66,70611.88,71218.08,336.78,80.0,2024-04-12T04:50:55,71218.08,tp,5.3885,0.8,2024-04
2024-04-12T07:35:01,flip,SELL,70699.69,70991.42,70466.31,291.73,0.0,2024-04-12T11:45:02,71008.38,sl,-6.1738,-1.0581,2024-04
2024-04-12T11:46:01,flip,BUY,70981.95,70730.75,71182.91,251.2,0.0,2024-04-12T12:18:16,70728.52,sl,-5.0686,-1.0089,2024-04
2024-04-12T12:38:01,flip,SELL,70650.09,70860.96,70481.39,210.87,0.0,2024-04-12T12:40:05,70481.39,tp,3.3739,0.8,2024-04
2024-04-12T12:44:01,cont,SELL,70367.3,70553.62,70218.24,186.32,6.0,2024-04-12T12:49:23,70555.9,sl,-3.772,-1.0122,2024-04
2024-04-12T13:08:01,cont,SELL,70227.9,70534.8,69982.38,306.9,30.0,2024-04-12T13:41:01,69982.38,tp,4.9104,0.8,2024-04
2024-04-13T22:32:01,flip,BUY,63211.68,62223.95,64001.86,987.73,0.0,2024-04-13T22:38:04,64001.86,tp,15.8037,0.8,2024-04
2024-04-13T23:02:01,cont,BUY,64693.8,64033.69,65221.89,660.11,30.0,2024-04-13T23:06:24,65221.89,tp,10.5618,0.8,2024-04
2024-04-14T00:18:01,flip,SELL,63766.54,64395.39,63263.46,628.85,0.0,2024-04-14T00:25:47,63263.46,tp,10.0616,0.8,2024-04
2024-04-14T00:26:01,cont,SELL,63009.89,63623.7,62518.84,613.81,8.0,2024-04-14T00:28:10,63626.16,sl,-12.3254,-1.004,2024-04
2024-04-14T00:43:01,flip,BUY,64247.46,63862.72,64555.25,384.74,0.0,2024-04-14T00:50:11,63861.35,sl,-7.7222,-1.0036,2024-04
2024-04-14T01:10:01,flip,SELL,63459.03,63889.11,63114.97,430.08,0.0,2024-04-14T01:22:52,63889.85,sl,-8.6164,-1.0017,2024-04
2024-04-14T02:37:01,cont,SELL,63247.11,64166.12,62511.9,919.01,87.0,2024-04-14T03:07:31,62511.9,tp,14.7042,0.8,2024-04
2024-04-14T04:07:01,flip,BUY,63553.12,63002.15,63993.9,550.97,0.0,2024-04-14T04:20:37,63993.9,tp,8.8155,0.8,2024-04
2024-04-14T05:07:01,cont,BUY,64300.37,63860.47,64652.29,439.9,60.0,2024-04-14T06:25:31,64652.29,tp,7.0384,0.8,2024-04
2024-04-14T09:37:01,flip,SELL,64211.69,64928.01,63638.63,716.32,0.0,2024-04-14T12:49:03,64928.25,sl,-14.3312,-1.0003,2024-04
2024-04-14T15:26:01,flip,BUY,64295.41,63960.06,64563.69,335.35,0.0,2024-04-14T16:17:48,64563.69,tp,5.3656,0.8,2024-04
2024-04-14T16:18:01,cont,BUY,64543.4,64049.13,64938.82,494.27,52.0,2024-04-14T17:12:32,64043.18,sl,-10.0044,-1.012,2024-04
2024-04-15T01:48:01,flip,SELL,65311.05,65850.23,64879.71,539.18,0.0,2024-04-15T04:09:10,64879.71,tp,8.6269,0.8,2024-04
2024-04-15T06:13:01,flip,BUY,65672.12,65393.09,65895.34,279.03,0.0,2024-04-15T06:18:04,65895.34,tp,4.4645,0.8,2024-04
2024-04-15T06:42:01,cont,BUY,66489.02,66204.95,66716.28,284.07,29.0,2024-04-15T06:46:28,66202.12,sl,-5.738,-1.01,2024-04
2024-04-15T06:53:01,cont,BUY,66527.45,66134.07,66842.15,393.38,40.0,2024-04-15T08:14:54,66131.36,sl,-7.9218,-1.0069,2024-04
2024-04-15T12:41:01,flip,BUY,66283.11,65928.0,66567.2,355.11,0.0,2024-04-15T13:38:39,65924.5,sl,-7.1722,-1.0099,2024-04
2024-04-15T13:48:01,cont,BUY,66453.7,65890.28,66904.44,563.42,67.0,2024-04-15T13:58:07,65888.43,sl,-11.3054,-1.0033,2024-04
2024-04-15T14:09:01,flip,SELL,65722.83,66013.49,65490.3,290.66,0.0,2024-04-15T14:14:20,65490.3,tp,4.6506,0.8,2024-04
2024-04-15T14:39:01,cont,SELL,65177.25,65620.0,64823.05,442.75,30.0,2024-04-15T14:43:27,64823.05,tp,7.084,0.8,2024-04
2024-04-15T14:59:01,cont,SELL,64203.12,64671.59,63828.34,468.47,50.0,2024-04-15T15:17:19,64674.05,sl,-9.4186,-1.0053,2024-04
2024-04-15T16:04:01,flip,BUY,64859.26,64368.76,65251.66,490.5,0.0,2024-04-15T16:17:43,64365.62,sl,-9.8728,-1.0064,2024-04
2024-04-15T17:26:01,flip,SELL,63847.97,64767.74,63112.15,919.77,0.0,2024-04-15T19:00:20,63112.15,tp,14.7163,0.8,2024-04
2024-04-15T19:01:01,cont,SELL,63003.49,63902.41,62284.35,898.92,95.0,2024-04-16T01:34:20,63904.77,sl,-18.0256,-1.0026,2024-04
2024-04-17T00:23:01,flip,BUY,63933.62,63657.9,64154.2,275.72,0.0,2024-04-17T00:27:14,63653.51,sl,-5.6022,-1.0159,2024-04
2024-04-17T00:47:01,cont,BUY,64027.6,63615.54,64357.25,412.06,24.0,2024-04-17T05:15:21,64357.25,tp,6.593,0.8,2024-04
2024-04-17T10:04:01,flip,SELL,63223.58,63627.78,62900.22,404.2,0.0,2024-04-17T10:11:23,62900.22,tp,6.4672,0.8,2024-04
2024-04-17T11:55:01,cont,SELL,62714.58,63205.42,62321.91,490.84,111.0,2024-04-17T12:36:43,62321.91,tp,7.8534,0.8,2024-04
2024-04-17T17:51:01,flip,BUY,60985.52,59885.25,61865.74,1100.27,0.0,2024-04-17T18:22:53,61865.74,tp,17.6043,0.8,2024-04
2024-04-18T17:25:01,flip,SELL,63268.31,63923.56,62744.11,655.25,0.0,2024-04-18T17:53:40,62744.11,tp,10.484,0.8,2024-04
2024-04-18T18:11:01,cont,SELL,62600.7,62972.32,62303.4,371.62,46.0,2024-04-18T18:22:31,62982.36,sl,-7.6332,-1.027,2024-04
2024-04-18T18:36:01,flip,BUY,63144.49,62731.23,63475.1,413.26,0.0,2024-04-18T19:04:57,63475.1,tp,6.6122,0.8,2024-04
2024-04-18T20:32:01,cont,BUY,63573.47,63158.06,63905.8,415.41,116.0,2024-04-19T00:09:47,63155.55,sl,-8.3584,-1.006,2024-04
2024-04-19T00:58:01,cont,SELL,62786.81,63227.96,62433.89,441.15,53.0,2024-04-19T01:11:36,62433.89,tp,7.0584,0.8,2024-04
2024-04-19T01:48:01,cont,SELL,60860.0,61324.46,60488.43,464.46,103.0,2024-04-19T01:51:24,61327.23,sl,-9.3446,-1.006,2024-04
2024-04-19T03:00:01,flip,BUY,61356.54,60810.96,61793.0,545.58,0.0,2024-04-19T03:14:34,61793.0,tp,8.7293,0.8,2024-04
2024-04-19T03:15:01,cont,BUY,61873.39,61093.41,62497.37,779.98,15.0,2024-04-19T04:10:59,62497.37,tp,12.4797,0.8,2024-04
2024-04-19T04:36:01,cont,BUY,62581.77,62116.81,62953.74,464.96,96.0,2024-04-19T05:08:45,62113.47,sl,-9.366,-1.0072,2024-04
2024-04-19T05:37:01,flip,SELL,61850.32,62196.6,61573.3,346.28,0.0,2024-04-19T05:41:25,62199.99,sl,-6.9934,-1.0098,2024-04
2024-04-19T06:37:01,flip,BUY,62598.13,61808.43,63229.89,789.7,0.0,2024-04-19T06:40:25,63229.89,tp,12.6352,0.8,2024-04
2024-04-19T06:53:01,cont,BUY,64352.69,63745.25,64838.64,607.44,16.0,2024-04-19T06:54:07,64838.64,tp,9.719,0.8,2024-04
2024-04-19T08:07:01,cont,BUY,65202.66,64248.91,65965.66,953.75,90.0,2024-04-19T08:33:35,64244.4,sl,-19.1652,-1.0047,2024-04
2024-04-19T13:27:02,flip,SELL,64476.7,64804.05,64214.82,327.35,0.0,2024-04-19T13:29:34,64806.45,sl,-6.595,-1.0073,2024-04
2024-04-19T13:47:01,flip,BUY,65104.1,64598.45,65508.62,505.65,0.0,2024-04-19T14:11:42,64597.95,sl,-10.123,-1.001,2024-04
2024-04-19T14:25:01,flip,SELL,64381.46,64723.13,64108.12,341.67,0.0,2024-04-19T14:27:36,64108.12,tp,5.4667,0.8,2024-04
2024-04-19T16:21:01,cont,SELL,63766.81,64745.83,62983.59,979.02,116.0,2024-04-19T17:42:20,64759.97,sl,-19.8632,-1.0144,2024-04
2024-04-20T17:09:01,flip,BUY,65054.14,64522.99,65479.06,531.15,0.0,2024-04-21T03:06:40,65479.06,tp,8.4984,0.8,2024-04
2024-04-21T03:07:01,cont,BUY,65613.58,65148.48,65985.66,465.1,106.0,2024-04-21T03:30:03,65144.59,sl,-9.3798,-1.0084,2024-04
2024-04-21T04:12:01,flip,SELL,65074.61,65335.44,64865.95,260.83,0.0,2024-04-21T09:15:14,64865.95,tp,4.1733,0.8,2024-04
2024-04-21T09:16:01,cont,SELL,64872.94,65028.38,64748.59,155.44,109.0,2024-04-21T10:39:19,65029.89,sl,-3.139,-1.0097,2024-04
2024-04-22T01:20:01,flip,BUY,65261.18,64735.42,65681.79,525.76,0.0,2024-04-22T01:30:39,64730.8,sl,-10.6076,-1.0088,2024-04
2024-04-22T07:24:01,flip,SELL,66047.79,66227.77,65903.81,179.98,0.0,2024-04-22T07:33:04,66228.66,sl,-3.6174,-1.0049,2024-04
2024-04-22T08:00:01,cont,SELL,65981.01,66154.99,65841.83,173.98,36.0,2024-04-22T08:00:59,66158.45,sl,-3.5488,-1.0199,2024-04
2024-04-22T08:54:01,cont,SELL,65961.76,66261.47,65721.99,299.71,90.0,2024-04-22T12:16:46,65721.99,tp,4.7954,0.8,2024-04
2024-04-22T14:12:01,flip,BUY,66359.55,65737.35,66857.31,622.2,0.0,2024-04-22T15:11:39,65735.5,sl,-12.481,-1.003,2024-04
2024-04-23T08:10:01,flip,SELL,66109.18,66208.53,66029.7,99.35,0.0,2024-04-23T08:11:44,66029.7,tp,1.5896,0.8,2024-04
2024-04-23T10:39:01,flip,BUY,66383.33,66048.34,66651.32,334.99,0.0,2024-04-23T11:05:06,66047.99,sl,-6.7068,-1.001,2024-04
2024-04-23T11:36:01,flip,SELL,66002.17,66231.65,65818.59,229.48,0.0,2024-04-23T12:05:29,66234.46,sl,-4.6458,-1.0122,2024-04
2024-04-23T13:38:01,flip,BUY,66356.28,66176.3,66500.26,179.98,0.0,2024-04-23T13:42:48,66500.26,tp,2.8797,0.8,2024-04
2024-04-23T14:06:01,cont,BUY,66744.44,66299.82,67100.14,444.62,28.0,2024-04-23T14:33:09,67100.14,tp,7.1139,0.8,2024-04
2024-04-23T15:17:01,flip,SELL,66580.64,66955.14,66281.04,374.5,0.0,2024-04-23T17:48:38,66957.14,sl,-7.53,-1.0053,2024-04
2024-04-23T19:32:01,flip,SELL,66447.18,66657.59,66278.85,210.41,0.0,2024-04-23T20:06:02,66278.85,tp,3.3666,0.8,2024-04
2024-04-24T00:44:01,flip,BUY,66735.58,66395.31,67007.8,340.27,0.0,2024-04-24T04:48:38,67007.8,tp,5.4443,0.8,2024-04
2024-04-24T08:17:01,flip,SELL,66546.85,66888.76,66273.32,341.91,0.0,2024-04-24T10:09:14,66273.32,tp,5.4706,0.8,2024-04
2024-04-24T10:10:01,cont,SELL,66230.1,66484.95,66026.22,254.85,113.0,2024-04-24T10:33:03,66488.61,sl,-5.1702,-1.0144,2024-04
2024-04-24T12:09:01,flip,BUY,66776.14,66421.87,67059.56,354.27,0.0,2024-04-24T12:45:18,66419.24,sl,-7.138,-1.0074,2024-04
2024-04-24T13:26:01,flip,SELL,66025.84,66214.35,65875.03,188.51,0.0,2024-04-24T13:36:51,66220.4,sl,-3.8912,-1.0321,2024-04
2024-04-24T14:27:01,cont,SELL,65495.96,66235.27,64904.51,739.31,61.0,2024-04-24T14:36:43,64904.51,tp,11.829,0.8,2024-04
2024-04-25T00:42:01,flip,BUY,64678.92,64519.63,64806.35,159.29,0.0,2024-04-25T00:56:36,64515.48,sl,-3.2688,-1.0261,2024-04
2024-04-25T01:39:01,flip,SELL,64409.45,64605.34,64252.74,195.89,0.0,2024-04-25T01:53:46,64252.74,tp,3.1342,0.8,2024-04
2024-04-25T11:45:01,flip,BUY,63970.85,63745.89,64150.82,224.96,0.0,2024-04-25T12:01:08,63742.65,sl,-4.564,-1.0144,2024-04
2024-04-25T12:10:01,cont,BUY,64071.64,63655.63,64404.45,416.01,25.0,2024-04-25T12:42:16,63655.18,sl,-8.3292,-1.0011,2024-04
2024-04-25T13:04:01,flip,SELL,63229.1,63553.04,62969.95,323.94,0.0,2024-04-25T13:10:59,62969.95,tp,5.183,0.8,2024-04
2024-04-25T13:21:01,cont,SELL,62756.22,63186.67,62411.86,430.45,17.0,2024-04-25T13:25:28,63188.67,sl,-8.649,-1.0046,2024-04
2024-04-25T14:09:01,flip,BUY,63616.98,63192.8,63956.32,424.18,0.0,2024-04-25T14:55:01,63189.01,sl,-8.5594,-1.0089,2024-04
2024-04-25T15:37:01,cont,BUY,63920.29,63201.75,64495.12,718.54,88.0,2024-04-25T16:50:16,64495.12,tp,11.4966,0.8,2024-04
2024-04-26T00:26:01,flip,SELL,64267.41,64498.47,64082.56,231.06,0.0,2024-04-26T01:07:05,64082.56,tp,3.697,0.8,2024-04
2024-04-26T01:49:01,flip,BUY,64671.96,64400.48,64889.14,271.48,0.0,2024-04-26T01:59:15,64400.33,sl,-5.4326,-1.0006,2024-04
2024-04-26T02:06:01,flip,SELL,64321.75,64530.27,64154.93,208.52,0.0,2024-04-26T02:12:36,64531.34,sl,-4.1918,-1.0051,2024-04
2024-04-26T17:21:01,flip,BUY,63812.86,63518.4,64048.43,294.46,0.0,2024-04-26T17:45:01,64048.43,tp,4.7114,0.8,2024-04
2024-04-26T17:46:01,cont,BUY,64128.04,63722.62,64452.38,405.42,25.0,2024-04-26T19:59:57,63722.46,sl,-8.1116,-1.0004,2024-04
2024-04-27T00:29:01,flip,SELL,63601.92,64112.17,63193.72,510.25,0.0,2024-04-27T00:42:20,63193.72,tp,8.164,0.8,2024-04
2024-04-27T00:58:01,cont,SELL,62821.09,63158.29,62551.33,337.2,29.0,2024-04-27T00:59:16,63163.44,sl,-6.847,-1.0153,2024-04
2024-04-27T01:07:01,flip,BUY,63257.96,63054.53,63420.7,203.43,0.0,2024-04-27T01:10:32,63054.14,sl,-4.0764,-1.0019,2024-04
2024-04-27T01:17:01,flip,SELL,62919.94,63116.89,62762.38,196.95,0.0,2024-04-27T01:17:17,62762.38,tp,3.1512,0.8,2024-04
2024-04-27T14:14:01,flip,BUY,63379.35,62655.48,63958.45,723.87,0.0,2024-04-28T02:52:35,63958.45,tp,11.5819,0.8,2024-04
2024-04-29T00:01:01,flip,SELL,63008.04,63822.57,62356.42,814.53,0.0,2024-04-29T03:59:01,62356.42,tp,13.0325,0.8,2024-04
2024-04-29T09:53:01,flip,BUY,62670.38,62193.32,63052.03,477.06,0.0,2024-04-29T11:51:18,62192.89,sl,-9.5498,-1.0009,2024-04
2024-04-29T13:44:02,flip,SELL,61980.76,62728.55,61382.53,747.79,0.0,2024-04-29T14:28:11,62728.96,sl,-14.964,-1.0005,2024-04
2024-04-29T15:32:01,flip,BUY,63070.92,62671.59,63390.38,399.33,0.0,2024-04-29T19:01:13,62666.88,sl,-8.0808,-1.0118,2024-04
2024-04-29T20:00:01,flip,BUY,63015.89,62843.44,63153.85,172.45,0.0,2024-04-29T21:15:29,62841.27,sl,-3.4924,-1.0126,2024-04
2024-04-30T01:27:01,flip,SELL,64290.04,64392.63,64207.97,102.59,0.0,2024-04-30T01:27:25,64207.97,tp,1.6414,0.8,2024-04
2024-04-30T20:47:01,flip,BUY,59993.11,59529.5,60364.0,463.61,0.0,2024-05-01T00:00:00,60364.0,tp,7.4178,0.8,2024-04
2024-05-01T00:29:01,flip,SELL,60382.35,60530.7,60263.67,148.35,0.0,2024-05-01T00:31:23,60263.67,tp,2.3736,0.8,2024-05
2024-05-01T01:10:01,cont,SELL,59897.44,60363.26,59524.78,465.82,41.0,2024-05-01T01:39:11,60363.37,sl,-9.3186,-1.0002,2024-05
2024-05-01T02:11:01,cont,SELL,59703.37,60310.91,59217.34,607.54,102.0,2024-05-01T04:04:34,60318.44,sl,-12.3014,-1.0124,2024-05
2024-05-01T10:43:01,flip,BUY,57664.29,56868.83,58300.66,795.46,0.0,2024-05-01T15:16:30,56865.65,sl,-15.9728,-1.004,2024-05
2024-05-01T18:35:01,flip,BUY,58399.19,57522.99,59100.15,876.2,0.0,2024-05-01T18:52:16,59100.15,tp,14.0192,0.8,2024-05
2024-05-01T19:30:01,flip,SELL,58074.89,58391.97,57821.23,317.08,0.0,2024-05-01T19:31:41,57821.23,tp,5.0733,0.8,2024-05
2024-05-01T19:58:01,cont,SELL,57007.09,57682.6,56466.68,675.51,28.0,2024-05-01T21:22:03,57683.1,sl,-13.5202,-1.0007,2024-05
2024-05-01T22:04:01,cont,BUY,58175.2,57665.39,58583.05,509.81,77.0,2024-05-02T00:55:01,57662.55,sl,-10.253,-1.0056,2024-05
2024-05-02T01:32:01,cont,SELL,57587.84,57862.68,57367.97,274.84,49.0,2024-05-02T01:34:28,57367.97,tp,4.3974,0.8,2024-05
2024-05-02T07:05:01,flip,BUY,57780.9,57502.63,58003.52,278.27,0.0,2024-05-02T11:02:10,58003.52,tp,4.4523,0.8,2024-05
2024-05-02T13:37:01,flip,SELL,58362.65,58808.71,58005.8,446.06,0.0,2024-05-02T14:32:32,58817.74,sl,-9.1018,-1.0202,2024-05
2024-05-02T14:33:01,flip,BUY,58864.75,58312.89,59306.24,551.86,0.0,2024-05-02T14:46:56,59306.24,tp,8.8298,0.8,2024-05
2024-05-02T15:17:01,cont,BUY,59472.86,58965.66,59878.62,507.2,44.0,2024-05-02T16:11:32,58963.52,sl,-10.1868,-1.0042,2024-05
2024-05-03T06:11:01,flip,SELL,59471.76,59659.0,59321.97,187.24,0.0,2024-05-03T06:52:31,59321.97,tp,2.9958,0.8,2024-05
2024-05-03T07:41:01,cont,SELL,59228.19,59463.66,59039.81,235.47,90.0,2024-05-03T09:22:48,59464.48,sl,-4.7258,-1.0035,2024-05
2024-05-03T09:37:01,cont,BUY,59515.47,59336.21,59658.88,179.26,73.0,2024-05-03T10:11:18,59332.71,sl,-3.6552,-1.0195,2024-05
2024-05-03T10:32:01,flip,SELL,59292.29,59386.99,59216.53,94.7,0.0,2024-05-03T10:36:11,59216.53,tp,1.5152,0.8,2024-05
2024-05-03T11:09:01,cont,SELL,58874.54,59093.86,58699.08,219.32,37.0,2024-05-03T11:17:30,59095.41,sl,-4.4174,-1.0071,2024-05
2024-05-03T11:52:01,flip,BUY,59283.74,59031.74,59485.34,252.0,0.0,2024-05-03T12:17:32,59030.67,sl,-5.0614,-1.0042,2024-05
2024-05-03T12:31:01,cont,BUY,59795.68,58984.82,60444.37,810.86,39.0,2024-05-03T12:41:05,60444.37,tp,12.9738,0.8,2024-05
2024-05-03T13:04:01,cont,BUY,60932.4,60369.88,61382.42,562.52,72.0,2024-05-03T13:30:44,61382.42,tp,9.0003,0.8,2024-05
2024-05-03T13:47:01,cont,BUY,61782.97,61471.23,62032.36,311.74,115.0,2024-05-03T14:02:23,62032.36,tp,4.9878,0.8,2024-05
2024-05-03T15:27:01,flip,SELL,61425.66,61858.84,61079.12,433.18,0.0,2024-05-03T15:54:10,61861.42,sl,-8.7152,-1.006,2024-05
2024-05-03T16:27:01,flip,BUY,62002.38,61712.89,62233.97,289.49,0.0,2024-05-03T16:51:04,61701.16,sl,-6.0244,-1.0405,2024-05
2024-05-04T02:37:01,flip,SELL,62615.5,62902.59,62385.83,287.09,0.0,2024-05-04T03:22:58,62918.14,sl,-6.0528,-1.0542,2024-05
2024-05-04T05:45:01,flip,BUY,63299.12,63019.89,63522.5,279.23,0.0,2024-05-04T06:40:20,63018.34,sl,-5.6156,-1.0056,2024-05
2024-05-04T06:57:01,flip,SELL,62947.2,63095.22,62828.78,148.02,0.0,2024-05-04T07:26:13,63096.99,sl,-2.9958,-1.012,2024-05
2024-05-04T08:48:01,flip,BUY,63272.5,62957.3,63524.66,315.2,0.0,2024-05-04T10:37:25,63524.66,tp,5.0432,0.8,2024-05
2024-05-05T16:34:01,flip,SELL,64222.96,64507.71,63995.16,284.75,0.0,2024-05-05T17:20:23,64513.22,sl,-5.8052,-1.0194,2024-05
2024-05-05T18:07:01,cont,SELL,64167.16,64463.05,63930.45,295.89,93.0,2024-05-05T18:35:12,63930.45,tp,4.7342,0.8,2024-05
2024-05-06T00:21:01,flip,BUY,64277.72,63991.81,64506.45,285.91,0.0,2024-05-06T02:51:23,63983.75,sl,-5.8794,-1.0282,2024-05
2024-05-06T02:52:01,cont,SELL,63958.62,64247.99,63727.12,289.37,48.0,2024-05-06T05:18:11,64263.41,sl,-6.0958,-1.0533,2024-05
2024-05-06T05:29:01,cont,BUY,64336.98,64185.98,64457.78,151.0,46.0,2024-05-06T05:31:45,64181.97,sl,-3.1002,-1.0266,2024-05
2024-05-06T06:12:01,cont,BUY,64409.51,64114.84,64645.25,294.67,89.0,2024-05-06T08:18:23,64645.25,tp,4.7147,0.8,2024-05
2024-05-06T12:24:01,flip,SELL,63896.13,64393.13,63498.53,497.0,0.0,2024-05-06T12:51:01,63498.53,tp,7.952,0.8,2024-05
2024-05-06T14:22:01,flip,BUY,64216.23,63941.0,64436.41,275.23,0.0,2024-05-06T14:30:17,63939.89,sl,-5.5268,-1.004,2024-05
2024-05-06T14:56:01,flip,SELL,63571.53,63809.15,63381.43,237.62,0.0,2024-05-06T14:57:59,63381.43,tp,3.8019,0.8,2024-05
2024-05-07T00:47:01,flip,BUY,63630.06,62959.77,64166.29,670.29,0.0,2024-05-07T03:29:10,62952.85,sl,-13.5442,-1.0103,2024-05
2024-05-07T11:43:01,flip,SELL,63670.97,64190.68,63255.2,519.71,0.0,2024-05-07T13:49:48,63255.2,tp,8.3154,0.8,2024-05
2024-05-08T02:06:01,flip,BUY,62766.41,62437.82,63029.28,328.59,0.0,2024-05-08T04:21:58,63029.28,tp,5.2574,0.8,2024-05
2024-05-08T06:21:01,flip,SELL,62308.17,62786.36,61925.62,478.19,0.0,2024-05-08T13:32:44,61925.62,tp,7.651,0.8,2024-05
2024-05-08T14:24:01,flip,BUY,62520.15,62154.12,62812.97,366.03,0.0,2024-05-08T14:48:56,62812.97,tp,5.8565,0.8,2024-05
2024-05-08T14:49:01,cont,BUY,62825.57,62590.39,63013.71,235.18,25.0,2024-05-08T14:56:03,62587.89,sl,-4.7536,-1.0106,2024-05
2024-05-08T15:08:01,flip,SELL,62460.94,62631.75,62324.29,170.81,0.0,2024-05-08T15:12:16,62324.29,tp,2.733,0.8,2024-05
2024-05-08T18:17:01,flip,BUY,62751.52,62476.74,62971.34,274.78,0.0,2024-05-08T18:42:11,62475.49,sl,-5.5206,-1.0045,2024-05
2024-05-08T19:12:01,flip,SELL,62397.63,62592.71,62241.57,195.08,0.0,2024-05-08T19:19:32,62241.57,tp,3.1213,0.8,2024-05
2024-05-08T20:18:01,cont,SELL,61894.88,62428.72,61467.81,533.84,66.0,2024-05-08T21:17:55,61467.81,tp,8.5414,0.8,2024-05
2024-05-09T00:13:01,flip,BUY,61358.12,61164.17,61513.28,193.95,0.0,2024-05-09T01:08:09,61513.28,tp,3.1032,0.8,2024-05
2024-05-09T01:11:01,cont,BUY,61548.22,61351.13,61705.89,197.09,58.0,2024-05-09T03:03:20,61705.89,tp,3.1534,0.8,2024-05
2024-05-09T07:37:01,flip,SELL,61372.23,61794.49,61034.42,422.26,0.0,2024-05-09T09:23:41,61034.42,tp,6.7562,0.8,2024-05
2024-05-09T09:37:01,cont,SELL,60973.3,61135.14,60843.83,161.84,120.0,2024-05-09T09:40:03,61139.46,sl,-3.3232,-1.0267,2024-05
2024-05-09T09:58:01,flip,BUY,61279.99,61109.97,61416.01,170.02,0.0,2024-05-09T10:12:31,61108.24,sl,-3.435,-1.0102,2024-05
2024-05-09T10:58:01,flip,SELL,60938.28,61202.18,60727.16,263.9,0.0,2024-05-09T11:03:38,60727.16,tp,4.2224,0.8,2024-05
2024-05-09T12:20:01,flip,BUY,61277.21,61162.83,61368.71,114.38,0.0,2024-05-09T12:30:20,61368.71,tp,1.8301,0.8,2024-05
2024-05-09T12:31:01,cont,BUY,61437.68,61178.39,61645.11,259.29,11.0,2024-05-09T13:38:37,61176.63,sl,-5.221,-1.0068,2024-05
2024-05-10T14:30:01,flip,SELL,62231.84,62514.98,62005.33,283.14,0.0,2024-05-10T14:35:36,62005.33,tp,4.5302,0.8,2024-05
2024-05-10T16:06:01,cont,SELL,60439.09,61288.21,59759.79,849.12,96.0,2024-05-10T16:17:11,61291.51,sl,-17.0484,-1.0039,2024-05
2024-05-12T15:42:01,flip,BUY,61535.68,60580.07,62300.17,955.61,0.0,2024-05-13T07:54:03,62300.17,tp,15.2898,0.8,2024-05
2024-05-13T08:21:01,flip,BUY,62861.26,62646.53,63033.04,214.73,0.0,2024-05-13T08:28:25,62644.56,sl,-4.334,-1.0092,2024-05
2024-05-13T08:44:01,cont,BUY,62959.45,62594.19,63251.66,365.26,23.0,2024-05-13T09:27:35,63251.66,tp,5.8442,0.8,2024-05
2024-05-14T06:10:01,flip,SELL,62254.45,62721.4,61880.89,466.95,0.0,2024-05-14T06:14:27,61880.89,tp,7.4712,0.8,2024-05
2024-05-15T09:45:02,flip,BUY,62456.92,61122.48,63524.47,1334.44,0.0,2024-05-15T12:30:23,63524.47,tp,21.351,0.8,2024-05
2024-05-15T13:30:01,cont,BUY,64347.96,63274.2,65206.97,1073.76,79.0,2024-05-15T18:13:40,65206.97,tp,17.1802,0.8,2024-05
2024-05-15T18:14:01,cont,BUY,65226.48,64974.67,65427.93,251.81,44.0,2024-05-15T18:26:27,65427.93,tp,4.029,0.8,2024-05
2024-05-15T18:58:01,cont,BUY,65703.57,65258.45,66059.67,445.12,88.0,2024-05-15T19:37:45,66059.67,tp,7.1219,0.8,2024-05
2024-05-16T05:27:01,flip,SELL,65752.82,66068.25,65500.48,315.43,0.0,2024-05-16T07:04:56,66071.71,sl,-6.3778,-1.011,2024-05
2024-05-16T07:05:01,cont,BUY,66065.86,65862.65,66228.43,203.21,30.0,2024-05-16T07:40:26,66228.43,tp,3.2514,0.8,2024-05
2024-05-16T08:10:01,cont,BUY,66305.77,66100.28,66470.16,205.49,95.0,2024-05-16T08:35:03,66096.76,sl,-4.1802,-1.0171,2024-05
2024-05-16T11:15:01,flip,SELL,66036.83,66222.23,65888.51,185.4,0.0,2024-05-16T11:24:43,66222.6,sl,-3.7154,-1.002,2024-05
2024-05-16T12:39:01,cont,SELL,66003.51,66721.41,65429.19,717.9,84.0,2024-05-16T15:02:01,65429.19,tp,11.4864,0.8,2024-05
2024-05-16T19:06:01,flip,BUY,65297.52,64839.46,65663.97,458.06,0.0,2024-05-17T03:39:59,65663.97,tp,7.329,0.8,2024-05
2024-05-17T03:40:01,flip,BUY,65678.63,65497.35,65823.65,181.28,0.0,2024-05-17T03:44:11,65823.65,tp,2.9005,0.8,2024-05
2024-05-17T04:49:02,flip,SELL,65407.43,65551.31,65292.33,143.88,0.0,2024-05-17T05:06:36,65555.54,sl,-2.9622,-1.0294,2024-05
2024-05-17T05:57:01,flip,BUY,65654.09,65552.16,65735.63,101.93,0.0,2024-05-17T06:19:31,65550.73,sl,-2.0672,-1.014,2024-05
2024-05-17T06:23:01,cont,BUY,65747.91,65575.43,65885.89,172.48,26.0,2024-05-17T06:46:43,65885.89,tp,2.7597,0.8,2024-05
2024-05-17T06:47:01,cont,BUY,65908.83,65810.55,65987.45,98.28,50.0,2024-05-17T06:50:34,65987.45,tp,1.5725,0.8,2024-05
2024-05-17T07:13:01,cont,BUY,66245.8,65940.99,66489.65,304.81,76.0,2024-05-17T07:22:28,66489.65,tp,4.877,0.8,2024-05
2024-05-17T17:14:01,flip,SELL,66812.67,67027.86,66640.52,215.19,0.0,2024-05-17T17:26:14,67030.16,sl,-4.3498,-1.0107,2024-05
2024-05-17T17:52:01,cont,SELL,66758.91,67003.18,66563.49,244.27,38.0,2024-05-17T18:01:41,66563.49,tp,3.9083,0.8,2024-05
2024-05-17T19:27:02,flip,BUY,66937.03,66660.73,67158.07,276.3,0.0,2024-05-18T07:23:46,67158.07,tp,4.4208,0.8,2024-05
2024-05-19T19:05:01,flip,SELL,66410.42,66610.87,66250.06,200.45,0.0,2024-05-19T19:08:03,66250.06,tp,3.2072,0.8,2024-05
2024-05-19T19:50:01,cont,SELL,65975.18,66375.44,65654.97,400.26,45.0,2024-05-19T22:15:45,66376.27,sl,-8.0218,-1.0021,2024-05
2024-05-19T22:32:04,flip,BUY,66417.17,66315.27,66498.69,101.9,0.0,2024-05-19T22:38:28,66313.91,sl,-2.0652,-1.0133,2024-05
2024-05-19T23:09:01,flip,SELL,66234.92,66355.12,66138.76,120.2,0.0,2024-05-20T00:16:07,66138.76,tp,1.9232,0.8,2024-05
2024-05-20T00:25:01,cont,SELL,66115.39,66196.41,66050.57,81.02,76.0,2024-05-20T00:27:54,66197.83,sl,-1.6488,-1.0175,2024-05
2024-05-20T00:55:01,flip,BUY,66463.18,66232.02,66648.11,231.16,0.0,2024-05-20T01:12:01,66225.6,sl,-4.7516,-1.0278,2024-05
2024-05-20T01:31:01,flip,SELL,66146.22,66391.49,65950.0,245.27,0.0,2024-05-20T01:43:07,66392.59,sl,-4.9274,-1.0045,2024-05
2024-05-20T02:35:01,flip,BUY,66724.61,66597.8,66826.06,126.81,0.0,2024-05-20T02:38:31,66594.45,sl,-2.6032,-1.0264,2024-05
2024-05-20T02:52:01,cont,BUY,66755.75,66569.89,66904.44,185.86,17.0,2024-05-20T03:15:51,66568.67,sl,-3.7416,-1.0066,2024-05
2024-05-20T04:35:01,cont,BUY,66875.82,66539.2,67145.12,336.62,120.0,2024-05-20T05:01:31,67145.12,tp,5.3859,0.8,2024-05
2024-05-20T21:09:01,flip,SELL,69134.08,69595.81,68764.7,461.73,0.0,2024-05-20T21:52:40,69599.09,sl,-9.3002,-1.0071,2024-05
2024-05-20T22:17:02,cont,BUY,69873.44,69576.64,70110.88,296.8,25.0,2024-05-20T22:43:03,69572.24,sl,-6.024,-1.0148,2024-05
2024-05-20T23:14:01,cont,BUY,70027.09,69561.23,70399.78,465.86,82.0,2024-05-20T23:17:57,70399.78,tp,7.4538,0.8,2024-05
2024-05-21T01:21:01,flip,SELL,70982.83,71065.46,70916.73,82.63,0.0,2024-05-21T01:23:06,70916.73,tp,1.3221,0.8,2024-05
2024-05-21T02:39:01,flip,BUY,71229.86,70858.45,71526.99,371.41,0.0,2024-05-21T04:41:09,70857.79,sl,-7.4414,-1.0018,2024-05
2024-05-21T04:46:01,flip,SELL,70919.37,71108.63,70767.96,189.26,0.0,2024-05-21T05:40:19,71112.58,sl,-3.8642,-1.0209,2024-05
2024-05-21T05:54:01,flip,BUY,71196.22,71061.53,71303.97,134.69,0.0,2024-05-21T06:20:31,71061.42,sl,-2.696,-1.0008,2024-05
2024-05-21T06:29:01,cont,BUY,71265.68,71045.3,71441.98,220.38,35.0,2024-05-21T07:11:18,71044.72,sl,-4.4192,-1.0026,2024-05
2024-05-21T07:13:01,flip,SELL,71016.91,71106.44,70945.29,89.53,0.0,2024-05-21T07:18:19,71110.03,sl,-1.8624,-1.0401,2024-05
2024-05-21T07:22:01,flip,BUY,71153.1,71035.13,71247.48,117.97,0.0,2024-05-21T07:30:34,71033.2,sl,-2.398,-1.0164,2024-05
2024-05-21T08:01:01,flip,SELL,70820.0,70889.85,70764.12,69.85,0.0,2024-05-21T08:01:02,70892.04,sl,-1.4408,-1.0314,2024-05
2024-05-21T08:31:01,flip,BUY,71068.74,70860.18,71235.59,208.56,0.0,2024-05-21T08:36:36,70859.0,sl,-4.1948,-1.0057,2024-05
2024-05-21T09:08:01,cont,BUY,71043.5,70787.87,71248.0,255.63,37.0,2024-05-21T11:32:06,71248.0,tp,4.0901,0.8,2024-05
2024-05-21T13:14:01,flip,SELL,70982.28,71416.97,70634.53,434.69,0.0,2024-05-21T13:51:03,70634.53,tp,6.955,0.8,2024-05
2024-05-21T14:28:01,cont,SELL,70418.79,70829.01,70090.61,410.22,74.0,2024-05-21T14:35:47,70829.26,sl,-8.2094,-1.0006,2024-05
2024-05-21T14:54:01,cont,SELL,70233.5,70845.99,69743.51,612.49,100.0,2024-05-21T15:56:02,69743.51,tp,9.7998,0.8,2024-05
2024-05-21T22:37:01,flip,BUY,70094.68,69875.71,70269.86,218.97,0.0,2024-05-21T23:21:29,70269.86,tp,3.5035,0.8,2024-05
2024-05-21T23:23:01,cont,BUY,70289.48,70143.89,70405.95,145.59,46.0,2024-05-21T23:48:28,70139.96,sl,-2.9904,-1.027,2024-05
2024-05-22T00:55:01,flip,SELL,70066.75,70290.65,69887.63,223.9,0.0,2024-05-22T02:05:38,70291.36,sl,-4.4922,-1.0032,2024-05
2024-05-22T02:06:01,flip,BUY,70318.14,70026.35,70551.57,291.79,0.0,2024-05-22T02:36:29,70021.03,sl,-5.9422,-1.0182,2024-05
2024-05-22T03:14:01,flip,SELL,69894.42,70112.3,69720.12,217.88,0.0,2024-05-22T04:35:01,69720.12,tp,3.4861,0.8,2024-05
2024-05-22T06:04:01,flip,BUY,69985.78,69740.77,70181.79,245.01,0.0,2024-05-22T07:05:59,69740.02,sl,-4.9152,-1.0031,2024-05
2024-05-22T07:18:01,flip,SELL,69725.47,69836.27,69636.83,110.8,0.0,2024-05-22T07:28:11,69636.83,tp,1.7728,0.8,2024-05
2024-05-22T08:09:01,flip,BUY,69846.26,69623.22,70024.69,223.04,0.0,2024-05-22T08:33:14,70024.69,tp,3.5686,0.8,2024-05
2024-05-22T11:42:01,flip,SELL,69928.55,70083.4,69804.67,154.85,0.0,2024-05-22T11:59:47,69804.67,tp,2.4776,0.8,2024-05
2024-05-22T12:00:01,cont,SELL,69710.65,69943.36,69524.48,232.71,18.0,2024-05-22T12:04:05,69944.64,sl,-4.6798,-1.0055,2024-05
2024-05-22T12:51:01,cont,SELL,69614.36,70078.71,69242.88,464.35,69.0,2024-05-22T14:52:10,70082.5,sl,-9.3628,-1.0082,2024-05
2024-05-22T15:42:01,flip,BUY,70285.13,69899.36,70593.75,385.77,0.0,2024-05-22T16:14:49,70593.75,tp,6.1723,0.8,2024-05
2024-05-22T16:15:01,cont,BUY,70670.28,70261.39,70997.39,408.89,33.0,2024-05-22T16:31:24,70259.75,sl,-8.2106,-1.004,2024-05
2024-05-22T17:05:01,flip,SELL,70109.37,70325.71,69936.3,216.34,0.0,2024-05-22T17:16:48,70328.28,sl,-4.3782,-1.0119,2024-05
2024-05-22T17:38:01,cont,SELL,69947.48,70429.86,69561.58,482.38,33.0,2024-05-22T18:16:19,69561.58,tp,7.7181,0.8,2024-05
2024-05-23T11:54:01,flip,BUY,70019.13,69810.71,70185.87,208.42,0.0,2024-05-23T12:19:23,69807.36,sl,-4.2354,-1.0161,2024-05
2024-05-23T12:46:01,flip,SELL,69756.95,70008.42,69555.77,251.47,0.0,2024-05-23T12:56:15,69555.77,tp,4.0235,0.8,2024-05
2024-05-23T13:47:01,cont,SELL,68424.89,68775.49,68144.41,350.6,61.0,2024-05-23T13:49:35,68144.41,tp,5.6096,0.8,2024-05
2024-05-23T14:44:01,cont,SELL,67700.61,68198.14,67302.59,497.53,118.0,2024-05-23T15:22:26,68199.33,sl,-9.9744,-1.0024,2024-05
2024-05-23T18:20:01,flip,SELL,66957.37,67116.06,66830.42,158.69,0.0,2024-05-23T18:23:29,66830.42,tp,2.539,0.8,2024-05
2024-05-23T18:56:01,flip,BUY,67339.39,67011.21,67601.93,328.18,0.0,2024-05-23T19:36:01,67601.93,tp,5.2509,0.8,2024-05
2024-05-23T20:36:01,cont,BUY,67726.07,66230.86,68922.24,1495.21,100.0,2024-05-24T17:58:30,68922.24,tp,23.9234,0.8,2024-05
2024-05-24T18:03:01,cont,BUY,69025.49,68847.21,69168.11,178.28,29.0,2024-05-24T18:06:50,69168.11,tp,2.8525,0.8,2024-05
2024-05-24T22:07:01,flip,SELL,68816.65,68964.27,68698.55,147.62,0.0,2024-05-24T23:18:19,68698.55,tp,2.3619,0.8,2024-05
2024-05-24T23:20:01,cont,SELL,68686.77,68764.49,68624.59,77.72,73.0,2024-05-24T23:23:20,68766.15,sl,-1.5876,-1.0214,2024-05
2024-05-24T23:30:01,cont,SELL,68662.45,68738.67,68601.47,76.22,83.0,2024-05-24T23:44:14,68601.47,tp,1.2195,0.8,2024-05
2024-05-24T23:58:01,cont,SELL,68501.55,68554.53,68459.17,52.98,111.0,2024-05-24T23:58:24,68554.74,sl,-1.0638,-1.004,2024-05
2024-05-25T00:12:01,flip,BUY,68661.32,68491.12,68797.48,170.2,0.0,2024-05-25T00:58:27,68489.65,sl,-3.4334,-1.0086,2024-05
2024-05-25T01:21:01,cont,BUY,68710.14,68491.35,68885.17,218.79,69.0,2024-05-25T03:04:51,68885.17,tp,3.5006,0.8,2024-05
2024-05-25T06:33:01,flip,SELL,68628.83,68818.67,68476.96,189.84,0.0,2024-05-25T07:28:54,68819.49,sl,-3.8132,-1.0043,2024-05
2024-05-25T09:28:01,flip,BUY,69054.22,68822.9,69239.28,231.32,0.0,2024-05-25T10:43:37,69239.28,tp,3.7011,0.8,2024-05
2024-05-25T10:44:01,cont,BUY,69228.91,69009.6,69404.36,219.31,76.0,2024-05-25T10:45:22,69404.36,tp,3.509,0.8,2024-05
2024-05-25T11:08:01,cont,BUY,69507.88,69344.6,69638.5,163.28,100.0,2024-05-25T11:28:51,69638.5,tp,2.6125,0.8,2024-05
2024-05-25T12:03:01,flip,SELL,69064.4,69187.34,68966.05,122.94,0.0,2024-05-25T12:08:33,69188.51,sl,-2.4822,-1.0095,2024-05
2024-05-25T13:38:01,cont,SELL,68944.07,69317.08,68645.66,373.01,95.0,2024-05-25T23:06:29,69317.52,sl,-7.469,-1.0012,2024-05
2024-05-25T23:31:01,flip,BUY,69396.15,69309.87,69465.17,86.28,0.0,2024-05-25T23:32:25,69308.09,sl,-1.7612,-1.0206,2024-05
2024-05-26T00:08:01,flip,SELL,69234.61,69356.5,69137.1,121.89,0.0,2024-05-26T02:15:42,69137.1,tp,1.9502,0.8,2024-05
2024-05-26T08:14:01,flip,BUY,69450.89,69222.37,69633.71,228.52,0.0,2024-05-26T08:31:54,69219.21,sl,-4.6336,-1.0138,2024-05
2024-05-26T09:32:01,flip,SELL,68983.24,69251.14,68768.92,267.9,0.0,2024-05-26T10:55:34,69254.27,sl,-5.4206,-1.0117,2024-05
2024-05-26T15:01:01,flip,BUY,69373.45,69256.48,69467.03,116.97,0.0,2024-05-26T15:10:06,69254.12,sl,-2.3866,-1.0202,2024-05
2024-05-26T15:22:01,flip,SELL,69185.41,69269.0,69118.54,83.59,0.0,2024-05-26T15:27:33,69269.21,sl,-1.676,-1.0025,2024-05
2024-05-26T15:44:01,cont,SELL,69106.34,69265.35,68979.13,159.01,22.0,2024-05-26T15:46:27,68979.13,tp,2.5442,0.8,2024-05
2024-05-26T22:26:01,flip,BUY,68661.95,68538.89,68760.4,123.06,0.0,2024-05-26T22:57:36,68537.07,sl,-2.4976,-1.0148,2024-05
2024-05-26T23:07:01,flip,SELL,68485.6,68535.54,68445.65,49.94,0.0,2024-05-26T23:09:25,68537.4,sl,-1.036,-1.0372,2024-05
2024-05-26T23:20:01,cont,SELL,68398.94,68496.21,68321.12,97.27,13.0,2024-05-26T23:34:33,68321.12,tp,1.5563,0.8,2024-05
2024-05-27T00:09:01,flip,BUY,68595.64,68434.51,68724.54,161.13,0.0,2024-05-27T00:37:03,68724.54,tp,2.5781,0.8,2024-05
2024-05-27T01:00:01,cont,BUY,68842.77,68745.5,68920.59,97.27,51.0,2024-05-27T01:03:40,68743.55,sl,-1.9844,-1.02,2024-05
2024-05-27T03:42:01,flip,SELL,68909.83,68987.43,68847.75,77.6,0.0,2024-05-27T03:52:02,68847.75,tp,1.2416,0.8,2024-05
2024-05-27T04:09:01,cont,SELL,68778.45,68879.99,68697.22,101.54,27.0,2024-05-27T04:23:05,68880.84,sl,-2.0478,-1.0084,2024-05
2024-05-27T04:53:01,cont,SELL,68731.02,68848.09,68637.36,117.07,71.0,2024-05-27T04:59:34,68849.28,sl,-2.3652,-1.0102,2024-05
2024-05-27T05:04:01,cont,SELL,68729.94,68813.05,68663.45,83.11,82.0,2024-05-27T05:19:41,68663.45,tp,1.3298,0.8,2024-05
2024-05-27T05:20:01,cont,SELL,68664.47,68715.46,68623.68,50.99,98.0,2024-05-27T05:20:55,68718.49,sl,-1.0804,-1.0594,2024-05
2024-05-27T05:27:02,cont,SELL,68597.57,68693.26,68521.02,95.69,105.0,2024-05-27T05:27:42,68521.02,tp,1.531,0.8,2024-05
2024-05-27T08:28:01,flip,BUY,68880.18,68680.43,69039.98,199.75,0.0,2024-05-27T08:33:09,68678.47,sl,-4.0342,-1.0098,2024-05
2024-05-27T09:06:01,flip,SELL,68433.91,68594.22,68305.66,160.31,0.0,2024-05-27T09:26:23,68596.52,sl,-3.2522,-1.0143,2024-05
2024-05-27T10:31:01,cont,SELL,68387.99,68595.43,68222.04,207.44,85.0,2024-05-27T11:02:33,68596.7,sl,-4.1742,-1.0061,2024-05
2024-05-27T14:22:01,flip,BUY,69145.11,68660.32,69532.94,484.79,0.0,2024-05-27T15:00:18,69532.94,tp,7.7566,0.8,2024-05
2024-05-27T15:35:01,cont,BUY,70055.9,69710.1,70332.54,345.8,73.0,2024-05-27T15:36:54,70332.54,tp,5.5328,0.8,2024-05
2024-05-27T16:09:01,cont,BUY,70550.7,70129.76,70887.45,420.94,107.0,2024-05-27T16:47:54,70127.18,sl,-8.4704,-1.0061,2024-05
2024-05-27T17:24:01,flip,SELL,69998.11,70282.46,69770.63,284.35,0.0,2024-05-27T19:43:20,69770.63,tp,4.5496,0.8,2024-05
2024-05-28T05:12:01,flip,BUY,67799.87,67575.17,67979.63,224.7,0.0,2024-05-28T05:59:58,67979.63,tp,3.5952,0.8,2024-05
2024-05-28T06:32:01,flip,SELL,67730.3,67809.42,67667.0,79.12,0.0,2024-05-28T06:34:18,67810.92,sl,-1.6124,-1.019,2024-05
2024-05-28T06:44:01,flip,BUY,67905.46,67801.07,67988.97,104.39,0.0,2024-05-28T06:45:26,67988.97,tp,1.6702,0.8,2024-05
2024-05-28T07:37:01,flip,SELL,67693.87,67828.85,67585.89,134.98,0.0,2024-05-28T07:39:52,67831.78,sl,-2.7582,-1.0217,2024-05
2024-05-28T07:57:01,cont,SELL,67591.31,67797.94,67426.01,206.63,20.0,2024-05-28T08:09:32,67803.81,sl,-4.25,-1.0284,2024-05
2024-05-28T08:26:01,flip,BUY,67963.26,67808.17,68087.33,155.09,0.0,2024-05-28T08:46:36,68087.33,tp,2.4814,0.8,2024-05
2024-05-28T09:41:01,cont,BUY,68217.3,67956.81,68425.69,260.49,75.0,2024-05-28T09:48:10,68425.69,tp,4.1678,0.8,2024-05
2024-05-28T10:07:01,cont,BUY,68516.67,68201.44,68768.85,315.23,101.0,2024-05-28T10:17:24,68768.85,tp,5.0437,0.8,2024-05
2024-05-28T13:10:01,flip,SELL,68058.12,68512.58,67694.55,454.46,0.0,2024-05-28T13:57:03,67694.55,tp,7.2714,0.8,2024-05
2024-05-28T15:38:02,flip,BUY,68202.17,67660.85,68635.23,541.32,0.0,2024-05-28T16:47:00,67660.48,sl,-10.8338,-1.0007,2024-05
2024-05-28T17:00:01,flip,SELL,67645.38,67809.49,67514.09,164.11,0.0,2024-05-28T17:08:34,67815.18,sl,-3.396,-1.0347,2024-05
2024-05-28T17:38:01,flip,BUY,68038.25,67774.54,68249.22,263.71,0.0,2024-05-28T17:56:07,67773.11,sl,-5.3028,-1.0054,2024-05
2024-05-28T18:36:01,flip,SELL,67580.98,67915.2,67313.6,334.22,0.0,2024-05-28T18:39:09,67313.6,tp,5.3475,0.8,2024-05
2024-05-28T18:40:01,cont,SELL,67217.2,67380.15,67086.84,162.95,4.0,2024-05-28T18:40:17,67382.14,sl,-3.2988,-1.0122,2024-05
2024-05-28T18:54:01,flip,BUY,67594.59,67457.32,67704.41,137.27,0.0,2024-05-28T18:55:43,67704.41,tp,2.1963,0.8,2024-05
2024-05-28T19:13:01,cont,BUY,68169.27,67973.31,68326.04,195.96,19.0,2024-05-28T19:41:25,68326.04,tp,3.1354,0.8,2024-05
2024-05-28T19:53:01,cont,BUY,68434.22,68247.82,68583.34,186.4,59.0,2024-05-28T20:05:08,68246.99,sl,-3.7446,-1.0045,2024-05
2024-05-29T07:48:01,flip,SELL,68058.77,68181.6,67960.51,122.83,0.0,2024-05-29T07:58:33,67960.51,tp,1.9653,0.8,2024-05
2024-05-29T08:20:01,cont,SELL,67604.29,67762.12,67478.03,157.83,32.0,2024-05-29T08:21:49,67764.45,sl,-3.2032,-1.0148,2024-05
2024-05-29T09:05:01,flip,BUY,67948.98,67693.02,68153.75,255.96,0.0,2024-05-29T09:23:54,67690.86,sl,-5.1624,-1.0084,2024-05
2024-05-29T12:37:01,flip,SELL,67614.45,67984.92,67318.07,370.47,0.0,2024-05-29T12:51:03,67986.27,sl,-7.4364,-1.0036,2024-05
2024-05-29T14:33:01,cont,SELL,67513.87,68237.71,66934.8,723.84,116.0,2024-05-30T04:30:28,68239.55,sl,-14.5136,-1.0025,2024-05
2024-05-30T07:22:01,flip,SELL,67660.63,67945.88,67432.43,285.25,0.0,2024-05-30T07:43:53,67945.95,sl,-5.7064,-1.0002,2024-05
2024-05-30T07:53:01,cont,SELL,67483.85,67987.99,67080.54,504.14,31.0,2024-05-30T10:46:54,67990.36,sl,-10.1302,-1.0047,2024-05
2024-05-30T11:02:01,cont,BUY,67969.88,67819.01,68090.58,150.87,26.0,2024-05-30T11:22:40,67813.94,sl,-3.1188,-1.0336,2024-05
2024-05-30T11:29:01,cont,BUY,68065.6,67791.56,68284.83,274.04,53.0,2024-05-30T11:55:19,67791.12,sl,-5.4896,-1.0016,2024-05
2024-05-30T12:31:01,cont,BUY,68175.29,67686.72,68566.15,488.57,115.0,2024-05-30T13:47:07,68566.15,tp,7.8171,0.8,2024-05
2024-05-30T19:49:02,flip,SELL,68491.01,68739.17,68292.48,248.16,0.0,2024-05-30T20:03:50,68292.48,tp,3.9706,0.8,2024-05
2024-05-31T16:53:01,flip,BUY,67084.61,66792.47,67318.32,292.14,0.0,2024-05-31T17:25:07,67318.32,tp,4.6742,0.8,2024-05
2024-05-31T18:16:01,cont,BUY,67412.41,67166.51,67609.13,245.9,83.0,2024-05-31T18:27:53,67165.31,sl,-4.942,-1.0049,2024-05
2024-05-31T21:44:01,flip,SELL,67439.79,67652.42,67269.69,212.63,0.0,2024-05-31T23:20:05,67269.69,tp,3.4021,0.8,2024-05
2024-06-01T00:51:01,flip,BUY,67646.57,67416.4,67830.71,230.17,0.0,2024-06-01T01:38:57,67413.44,sl,-4.6626,-1.0129,2024-06
2024-06-01T02:33:01,cont,BUY,67669.18,67388.09,67894.05,281.09,102.0,2024-06-02T09:41:53,67385.88,sl,-5.666,-1.0079,2024-06
2024-06-02T15:18:01,flip,SELL,68047.71,68255.6,67881.4,207.89,0.0,2024-06-02T17:20:02,67881.4,tp,3.3262,0.8,2024-06
2024-06-02T20:52:01,flip,BUY,67809.25,67519.29,68041.22,289.96,0.0,2024-06-03T01:11:53,68041.22,tp,4.6394,0.8,2024-06
2024-06-03T01:51:01,cont,BUY,68353.37,68112.25,68546.27,241.12,45.0,2024-06-03T02:00:22,68546.27,tp,3.8579,0.8,2024-06
2024-06-03T02:01:01,cont,BUY,68620.45,68308.87,68869.71,311.58,55.0,2024-06-03T03:02:39,68306.79,sl,-6.2732,-1.0067,2024-06
2024-06-03T03:03:01,cont,SELL,68264.6,68478.4,68093.56,213.8,14.0,2024-06-03T03:46:28,68480.52,sl,-4.3184,-1.0099,2024-06
2024-06-03T05:17:01,flip,BUY,68626.17,68395.88,68810.4,230.29,0.0,2024-06-03T06:13:05,68810.4,tp,3.6846,0.8,2024-06
2024-06-03T06:14:01,cont,BUY,68817.91,68581.83,69006.77,236.08,57.0,2024-06-03T06:29:01,69006.77,tp,3.7773,0.8,2024-06
2024-06-03T06:39:01,cont,BUY,69195.79,68925.63,69411.92,270.16,82.0,2024-06-03T07:25:02,68924.43,sl,-5.4272,-1.0044,2024-06
2024-06-03T14:31:01,flip,SELL,69652.96,70090.77,69302.71,437.81,0.0,2024-06-03T14:35:52,69302.71,tp,7.005,0.8,2024-06
2024-06-03T14:55:01,cont,SELL,68904.73,69145.29,68712.28,240.56,24.0,2024-06-03T14:55:36,68712.28,tp,3.849,0.8,2024-06
2024-06-03T15:37:01,flip,BUY,69336.63,69017.55,69591.89,319.08,0.0,2024-06-03T15:58:57,69591.89,tp,5.1053,0.8,2024-06
2024-06-03T16:53:01,flip,SELL,68949.0,69236.72,68718.82,287.72,0.0,2024-06-03T17:31:02,69238.65,sl,-5.793,-1.0067,2024-06
2024-06-03T17:32:01,flip,BUY,69274.13,69075.88,69432.73,198.25,0.0,2024-06-03T18:36:25,69432.73,tp,3.172,0.8,2024-06
2024-06-03T18:37:01,flip,BUY,69442.42,69364.51,69504.75,77.91,0.0,2024-06-03T18:38:36,69363.1,sl,-1.5864,-1.0181,2024-06
2024-06-03T18:54:01,flip,SELL,69303.44,69435.3,69197.95,131.86,0.0,2024-06-03T19:04:09,69197.95,tp,2.1098,0.8,2024-06
2024-06-03T19:35:01,cont,SELL,69032.74,69232.62,68872.84,199.88,41.0,2024-06-03T19:59:50,69234.12,sl,-4.0276,-1.0075,2024-06
2024-06-03T20:12:01,flip,BUY,69354.16,69228.88,69454.38,125.28,0.0,2024-06-03T20:14:39,69454.38,tp,2.0045,0.8,2024-06
2024-06-03T21:15:01,flip,SELL,69033.52,69180.36,68916.05,146.84,0.0,2024-06-03T21:26:01,68916.05,tp,2.3494,0.8,2024-06
2024-06-03T22:07:01,cont,SELL,68877.12,69171.64,68641.5,294.52,52.0,2024-06-04T01:33:30,69172.21,sl,-5.9018,-1.0019,2024-06
2024-06-04T01:34:01,cont,BUY,69156.95,68968.24,69307.92,188.71,41.0,2024-06-04T02:26:30,69307.92,tp,3.0194,0.8,2024-06
2024-06-04T04:58:01,flip,SELL,69045.55,69269.85,68866.11,224.3,0.0,2024-06-04T06:01:07,68866.11,tp,3.5888,0.8,2024-06
2024-06-04T06:04:01,cont,SELL,68851.53,68959.39,68765.24,107.86,66.0,2024-06-04T06:08:49,68765.24,tp,1.7258,0.8,2024-06
2024-06-04T07:15:01,flip,BUY,69072.0,68869.49,69234.01,202.51,0.0,2024-06-04T08:05:45,68865.41,sl,-4.1318,-1.0201,2024-06
2024-06-04T08:13:01,cont,BUY,69168.78,68855.13,69419.7,313.65,58.0,2024-06-04T08:56:56,68852.53,sl,-6.325,-1.0083,2024-06
2024-06-04T09:05:01,flip,SELL,68703.29,68878.34,68563.25,175.05,0.0,2024-06-04T09:52:43,68563.25,tp,2.8008,0.8,2024-06
2024-06-04T09:53:01,cont,SELL,68541.28,68793.05,68339.86,251.77,48.0,2024-06-04T10:01:51,68794.51,sl,-5.0646,-1.0058,2024-06
2024-06-04T10:33:01,flip,BUY,68912.45,68773.22,69023.83,139.23,0.0,2024-06-04T11:33:03,69023.83,tp,2.2277,0.8,2024-06
2024-06-04T12:03:01,cont,BUY,69081.78,68848.83,69268.14,232.95,90.0,2024-06-04T12:10:47,68845.27,sl,-4.7302,-1.0153,2024-06
2024-06-04T12:26:01,cont,BUY,69099.38,68865.06,69286.84,234.32,113.0,2024-06-04T13:14:37,69286.84,tp,3.7491,0.8,2024-06
2024-06-04T14:37:01,flip,SELL,69533.17,69830.24,69295.51,297.07,0.0,2024-06-04T15:12:35,69835.83,sl,-6.0532,-1.0188,2024-06
2024-06-04T15:48:01,flip,BUY,70239.49,69935.95,70482.32,303.54,0.0,2024-06-04T15:52:30,70482.32,tp,4.8566,0.8,2024-06
2024-06-04T16:16:01,cont,BUY,70647.46,70415.37,70833.13,232.09,28.0,2024-06-04T16:19:19,70833.13,tp,3.7134,0.8,2024-06
2024-06-05T14:08:01,flip,SELL,70544.26,71122.33,70081.8,578.07,0.0,2024-06-05T15:16:45,71124.34,sl,-11.6016,-1.0035,2024-06
2024-06-05T15:28:01,flip,BUY,71471.21,71108.75,71761.18,362.46,0.0,2024-06-05T18:23:37,71105.96,sl,-7.305,-1.0077,2024-06
2024-06-06T15:02:01,flip,BUY,71479.14,71260.93,71653.71,218.21,0.0,2024-06-06T15:49:15,71260.69,sl,-4.369,-1.0011,2024-06
2024-06-06T15:59:01,flip,SELL,71213.55,71302.07,71142.73,88.52,0.0,2024-06-06T16:00:24,71304.39,sl,-1.8168,-1.0262,2024-06
2024-06-06T16:12:01,cont,SELL,71146.98,71355.57,70980.11,208.59,13.0,2024-06-06T16:30:28,70980.11,tp,3.3374,0.8,2024-06
2024-06-06T16:31:01,cont,SELL,70918.9,71124.93,70754.08,206.03,32.0,2024-06-06T17:19:54,71127.25,sl,-4.167,-1.0113,2024-06
2024-06-06T21:16:01,flip,BUY,70792.14,70639.64,70914.14,152.5,0.0,2024-06-06T22:23:51,70638.55,sl,-3.0718,-1.0071,2024-06
2024-06-06T22:57:01,cont,BUY,70874.15,70635.67,71064.93,238.48,101.0,2024-06-07T01:35:37,70634.19,sl,-4.7992,-1.0062,2024-06
2024-06-07T06:45:01,flip,SELL,71136.12,71276.64,71023.7,140.52,0.0,2024-06-07T06:54:12,71278.67,sl,-2.851,-1.0144,2024-06
2024-06-07T07:09:01,cont,SELL,71081.35,71259.81,70938.58,178.46,24.0,2024-06-07T07:17:24,71260.47,sl,-3.5824,-1.0037,2024-06
2024-06-07T07:40:01,cont,SELL,71044.38,71265.7,70867.32,221.32,55.0,2024-06-07T09:59:12,71266.88,sl,-4.45,-1.0053,2024-06
2024-06-07T10:06:01,cont,BUY,71289.19,71202.87,71358.25,86.32,7.0,2024-06-07T10:19:43,71201.57,sl,-1.7524,-1.0151,2024-06
2024-06-07T10:55:01,cont,BUY,71336.31,71118.8,71510.32,217.51,56.0,2024-06-07T11:34:08,71510.32,tp,3.4802,0.8,2024-06
2024-06-07T11:53:01,cont,BUY,71613.52,71432.13,71758.63,181.39,114.0,2024-06-07T12:01:34,71758.63,tp,2.9022,0.8,2024-06
2024-06-07T12:31:01,flip,SELL,71240.67,71898.09,70714.73,657.42,0.0,2024-06-07T12:37:48,70714.73,tp,10.5187,0.8,2024-06
2024-06-11T07:14:02,flip,BUY,67782.56,67709.06,67841.36,73.5,0.0,2024-06-11T07:17:20,67707.04,sl,-1.5104,-1.0275,2024-06
2024-06-11T07:19:01,cont,BUY,67789.1,67654.9,67896.46,134.2,5.0,2024-06-11T07:38:13,67651.57,sl,-2.7506,-1.0248,2024-06
2024-06-11T07:54:01,flip,SELL,67464.31,67676.21,67294.79,211.9,0.0,2024-06-11T08:12:52,67294.79,tp,3.3904,0.8,2024-06
2024-06-11T09:31:02,cont,SELL,67237.51,67608.43,66940.77,370.92,97.0,2024-06-11T09:51:25,66940.77,tp,5.9347,0.8,2024-06
2024-06-11T19:02:01,flip,BUY,67224.02,67031.06,67378.39,192.96,0.0,2024-06-11T19:20:45,67027.85,sl,-3.9234,-1.0166,2024-06
2024-06-11T19:43:01,cont,BUY,67289.91,67019.45,67506.28,270.46,41.0,2024-06-11T19:52:04,67506.28,tp,4.3274,0.8,2024-06
2024-06-12T01:17:01,flip,SELL,67043.33,67207.07,66912.34,163.74,0.0,2024-06-12T01:25:49,66912.34,tp,2.6198,0.8,2024-06
2024-06-12T01:26:01,cont,SELL,66872.32,67025.67,66749.64,153.35,9.0,2024-06-12T01:33:24,67026.99,sl,-3.0934,-1.0086,2024-06
2024-06-12T02:00:01,flip,BUY,67145.72,66842.75,67388.1,302.97,0.0,2024-06-12T02:10:07,67388.1,tp,4.8475,0.8,2024-06
2024-06-12T02:19:01,cont,BUY,67490.79,67334.63,67615.72,156.16,19.0,2024-06-12T02:39:07,67331.56,sl,-3.1846,-1.0197,2024-06
2024-06-12T03:27:01,flip,SELL,67300.81,67464.85,67169.58,164.04,0.0,2024-06-12T03:55:30,67465.19,sl,-3.2876,-1.0021,2024-06
2024-06-12T04:38:01,flip,BUY,67585.71,67417.68,67720.13,168.03,0.0,2024-06-12T04:48:42,67416.73,sl,-3.3796,-1.0057,2024-06
2024-06-12T05:02:01,flip,SELL,67408.4,67471.23,67358.14,62.83,0.0,2024-06-12T05:06:08,67358.14,tp,1.0053,0.8,2024-06
2024-06-12T05:37:01,cont,SELL,67257.97,67449.05,67105.11,191.08,35.0,2024-06-12T07:58:13,67450.68,sl,-3.8542,-1.0085,2024-06
2024-06-12T09:50:01,flip,BUY,67548.15,67305.95,67741.91,242.2,0.0,2024-06-12T09:55:25,67741.91,tp,3.8752,0.8,2024-06
2024-06-12T16:24:01,flip,SELL,69554.41,69821.29,69340.91,266.88,0.0,2024-06-12T16:30:47,69340.91,tp,4.2701,0.8,2024-06
2024-06-12T18:01:01,cont,SELL,69282.99,69889.6,68797.7,606.61,97.0,2024-06-12T18:49:02,68797.7,tp,9.7058,0.8,2024-06
2024-06-12T19:18:01,flip,BUY,69148.0,68834.86,69398.51,313.14,0.0,2024-06-12T19:24:52,68832.67,sl,-6.3066,-1.007,2024-06
2024-06-12T19:40:01,flip,SELL,68193.29,68489.06,67956.67,295.77,0.0,2024-06-12T19:45:44,67956.67,tp,4.7323,0.8,2024-06
2024-06-13T16:21:01,flip,BUY,66784.02,66611.1,66922.36,172.92,0.0,2024-06-13T16:22:56,66610.62,sl,-3.468,-1.0028,2024-06
2024-06-13T16:27:01,flip,SELL,66497.49,66643.84,66380.41,146.35,0.0,2024-06-13T16:28:49,66646.37,sl,-2.9776,-1.0173,2024-06
2024-06-13T16:50:01,flip,BUY,66795.19,66589.38,66959.84,205.81,0.0,2024-06-13T16:59:06,66959.84,tp,3.293,0.8,2024-06
2024-06-13T19:36:01,flip,SELL,66555.97,66927.45,66258.79,371.48,0.0,2024-06-13T21:51:32,66927.69,sl,-7.4344,-1.0006,2024-06
2024-06-13T23:03:01,flip,SELL,66766.44,66938.22,66629.02,171.78,0.0,2024-06-14T00:21:35,66629.02,tp,2.7485,0.8,2024-06
2024-06-14T00:51:01,cont,SELL,66572.36,66877.41,66328.32,305.05,108.0,2024-06-14T02:53:05,66878.14,sl,-6.1156,-1.0024,2024-06
2024-06-14T13:58:01,flip,SELL,67066.56,67179.79,66975.98,113.23,0.0,2024-06-14T14:00:53,66975.98,tp,1.8117,0.8,2024-06
2024-06-14T14:20:01,cont,SELL,66846.56,67052.74,66681.62,206.18,22.0,2024-06-14T14:27:16,66681.62,tp,3.2989,0.8,2024-06
2024-06-14T15:49:01,cont,SELL,66451.5,66953.48,66049.92,501.98,111.0,2024-06-14T16:08:29,66049.92,tp,8.0317,0.8,2024-06
2024-06-14T20:24:01,flip,BUY,65731.65,65037.46,66287.0,694.19,0.0,2024-06-14T21:35:52,66287.0,tp,11.107,0.8,2024-06
2024-06-17T02:29:01,flip,SELL,66214.04,66470.39,66008.96,256.35,0.0,2024-06-17T05:14:04,66470.59,sl,-5.131,-1.0008,2024-06
2024-06-17T05:28:01,cont,BUY,66524.62,66396.34,66627.24,128.28,17.0,2024-06-17T05:43:18,66390.89,sl,-2.6746,-1.0425,2024-06
2024-06-17T06:06:01,flip,SELL,66252.82,66345.48,66178.69,92.66,0.0,2024-06-17T06:15:20,66178.69,tp,1.4826,0.8,2024-06
2024-06-17T06:16:01,cont,SELL,66152.88,66277.36,66053.3,124.48,10.0,2024-06-17T06:23:03,66277.47,sl,-2.4918,-1.0009,2024-06
2024-06-17T06:50:01,cont,SELL,66132.28,66275.43,66017.76,143.15,44.0,2024-06-17T07:10:52,66017.76,tp,2.2904,0.8,2024-06
2024-06-17T07:11:01,cont,SELL,66007.24,66162.36,65883.14,155.12,65.0,2024-06-17T07:25:08,66162.5,sl,-3.1052,-1.0009,2024-06
2024-06-17T11:03:01,flip,BUY,65937.01,65764.67,66074.88,172.34,0.0,2024-06-17T11:35:41,65764.56,sl,-3.449,-1.0006,2024-06
2024-06-17T11:54:01,flip,SELL,65728.62,65830.82,65646.86,102.2,0.0,2024-06-17T12:22:35,65646.86,tp,1.6352,0.8,2024-06
2024-06-17T12:27:01,cont,SELL,65603.32,65729.64,65502.26,126.32,33.0,2024-06-17T12:48:19,65502.26,tp,2.0211,0.8,2024-06
2024-06-17T13:01:01,cont,SELL,65509.98,65653.01,65395.56,143.03,67.0,2024-06-17T13:13:37,65655.72,sl,-2.9148,-1.0189,2024-06
2024-06-17T13:34:01,cont,SELL,65393.49,65735.46,65119.91,341.97,100.0,2024-06-17T14:01:13,65119.91,tp,5.4715,0.8,2024-06
2024-06-17T14:20:01,flip,BUY,65399.71,65267.03,65505.85,132.68,0.0,2024-06-17T14:29:45,65505.85,tp,2.1229,0.8,2024-06
2024-06-17T14:30:01,cont,BUY,65512.44,65367.49,65628.4,144.95,10.0,2024-06-17T14:37:08,65628.4,tp,2.3192,0.8,2024-06
2024-06-17T15:19:01,flip,SELL,65316.78,65646.37,65053.11,329.59,0.0,2024-06-17T16:24:48,65646.86,sl,-6.6016,-1.0015,2024-06
2024-06-17T16:47:01,flip,BUY,66004.06,65841.75,66133.91,162.31,0.0,2024-06-17T16:54:30,65840.63,sl,-3.2686,-1.0069,2024-06
2024-06-17T17:03:01,cont,BUY,66081.85,65733.07,66360.87,348.78,16.0,2024-06-17T17:37:08,66360.87,tp,5.5805,0.8,2024-06
2024-06-17T18:00:01,cont,BUY,66571.34,66211.34,66859.34,360.0,73.0,2024-06-17T18:10:31,66859.34,tp,5.76,0.8,2024-06
2024-06-17T18:20:01,cont,BUY,66984.94,66844.76,67097.08,140.18,93.0,2024-06-17T18:33:01,67097.08,tp,2.2429,0.8,2024-06
2024-06-17T19:10:01,flip,SELL,66717.76,67079.95,66428.01,362.19,0.0,2024-06-17T20:05:10,66428.01,tp,5.795,0.8,2024-06
2024-06-18T02:52:01,flip,BUY,65636.47,65282.85,65919.37,353.62,0.0,2024-06-18T03:08:50,65282.7,sl,-7.0754,-1.0004,2024-06
2024-06-18T04:16:01,cont,BUY,65615.03,65290.09,65874.98,324.94,84.0,2024-06-18T11:16:29,65288.65,sl,-6.5276,-1.0044,2024-06
2024-06-18T11:36:01,cont,SELL,65171.45,65297.57,65070.55,126.12,80.0,2024-06-18T11:41:11,65298.13,sl,-2.5336,-1.0044,2024-06
2024-06-18T14:33:01,flip,BUY,65230.53,64918.68,65480.01,311.85,0.0,2024-06-18T14:54:53,64916.93,sl,-6.272,-1.0056,2024-06
2024-06-18T15:09:01,flip,SELL,64490.41,64747.72,64284.56,257.31,0.0,2024-06-18T15:24:12,64749.22,sl,-5.1762,-1.0058,2024-06
2024-06-18T21:15:01,flip,BUY,65045.61,64773.25,65263.5,272.36,0.0,2024-06-18T21:48:19,65263.5,tp,4.3578,0.8,2024-06
2024-06-18T21:49:01,cont,BUY,65328.53,64890.39,65679.04,438.14,34.0,2024-06-19T00:20:12,64889.69,sl,-8.7768,-1.0016,2024-06
2024-06-19T01:44:01,flip,SELL,64968.67,65181.97,64798.03,213.3,0.0,2024-06-19T01:51:36,64798.03,tp,3.4128,0.8,2024-06
2024-06-19T02:17:01,flip,BUY,65268.75,65133.18,65377.21,135.57,0.0,2024-06-19T02:27:52,65377.21,tp,2.1691,0.8,2024-06
2024-06-19T03:26:01,cont,BUY,65555.14,65163.29,65868.62,391.85,69.0,2024-06-19T08:30:40,65158.54,sl,-7.932,-1.0121,2024-06
2024-06-19T08:31:01,flip,SELL,65130.17,65371.65,64936.99,241.48,0.0,2024-06-19T10:52:41,65373.92,sl,-4.875,-1.0094,2024-06
2024-06-19T14:46:01,flip,BUY,64990.55,64882.95,65076.63,107.6,0.0,2024-06-19T14:51:34,64880.5,sl,-2.201,-1.0228,2024-06
2024-06-19T15:14:01,cont,BUY,65116.31,64870.52,65312.94,245.79,28.0,2024-06-19T15:34:32,64870.47,sl,-4.9168,-1.0002,2024-06
2024-06-19T16:11:01,flip,SELL,64793.12,64967.13,64653.91,174.01,0.0,2024-06-19T16:20:20,64967.35,sl,-3.4846,-1.0013,2024-06
2024-06-19T17:08:01,flip,BUY,65102.16,64859.78,65296.06,242.38,0.0,2024-06-19T19:19:18,64858.26,sl,-4.878,-1.0063,2024-06
2024-06-19T19:42:01,cont,SELL,64773.7,64925.1,64652.58,151.4,46.0,2024-06-19T20:32:08,64925.22,sl,-3.0304,-1.0008,2024-06
2024-06-19T21:29:01,flip,BUY,65096.4,64930.28,65229.3,166.12,0.0,2024-06-19T22:15:03,64929.82,sl,-3.3316,-1.0028,2024-06
2024-06-19T22:47:01,flip,SELL,64944.49,65031.18,64875.14,86.69,0.0,2024-06-19T22:55:13,64875.14,tp,1.387,0.8,2024-06
2024-06-20T00:58:01,flip,BUY,65068.98,64879.13,65220.86,189.85,0.0,2024-06-20T01:20:11,65220.86,tp,3.0376,0.8,2024-06
2024-06-20T01:29:01,cont,BUY,65262.6,65151.34,65351.61,111.26,31.0,2024-06-20T01:33:10,65351.61,tp,1.7802,0.8,2024-06
2024-06-20T02:03:02,flip,SELL,65036.65,65157.22,64940.19,120.57,0.0,2024-06-20T02:22:15,65158.02,sl,-2.4274,-1.0066,2024-06
2024-06-20T04:33:01,flip,BUY,65223.43,65078.58,65339.31,144.85,0.0,2024-06-20T05:08:47,65339.31,tp,2.3176,0.8,2024-06
2024-06-20T05:29:01,cont,BUY,65381.37,65255.5,65482.07,125.87,56.0,2024-06-20T05:52:27,65482.07,tp,2.0139,0.8,2024-06
2024-06-20T06:03:01,cont,BUY,65609.43,65486.95,65707.41,122.48,90.0,2024-06-20T06:06:20,65485.38,sl,-2.481,-1.0128,2024-06
2024-06-20T06:12:01,cont,BUY,65634.19,65467.89,65767.23,166.3,99.0,2024-06-20T06:21:22,65467.57,sl,-3.3324,-1.0019,2024-06
2024-06-20T11:53:01,flip,SELL,66151.55,66233.43,66086.05,81.88,0.0,2024-06-20T12:02:37,66086.05,tp,1.3101,0.8,2024-06
2024-06-20T12:16:01,cont,SELL,66024.9,66299.25,65805.42,274.35,23.0,2024-06-20T13:12:08,65805.42,tp,4.3896,0.8,2024-06
2024-06-21T14:32:01,flip,BUY,64155.33,64010.33,64271.33,145.0,0.0,2024-06-21T14:41:13,64009.99,sl,-2.9068,-1.0023,2024-06
2024-06-21T14:49:01,cont,BUY,64268.63,64042.21,64449.77,226.42,17.0,2024-06-21T15:18:38,64041.85,sl,-4.5356,-1.0016,2024-06
2024-06-21T15:35:01,flip,SELL,63798.37,63954.17,63673.73,155.8,0.0,2024-06-21T15:35:36,63673.73,tp,2.4928,0.8,2024-06
2024-06-21T18:44:01,flip,BUY,64015.7,63871.21,64131.29,144.49,0.0,2024-06-21T18:58:40,64131.29,tp,2.3118,0.8,2024-06
2024-06-21T19:53:01,cont,BUY,64195.02,63894.92,64435.1,300.1,69.0,2024-06-21T20:20:00,64435.1,tp,4.8016,0.8,2024-06
2024-06-21T20:20:01,cont,BUY,64460.34,64239.11,64637.32,221.23,96.0,2024-06-21T20:30:12,64236.96,sl,-4.4676,-1.0097,2024-06
2024-06-21T21:16:01,flip,SELL,64047.86,64185.6,63937.67,137.74,0.0,2024-06-21T21:20:35,63937.67,tp,2.2038,0.8,2024-06
2024-06-22T02:09:01,flip,BUY,64295.05,63933.12,64584.59,361.93,0.0,2024-06-23T16:54:16,63932.86,sl,-7.2438,-1.0007,2024-06
2024-06-23T19:21:01,flip,BUY,64168.86,64007.18,64298.2,161.68,0.0,2024-06-23T20:23:04,64002.72,sl,-3.3228,-1.0276,2024-06
2024-06-23T21:11:01,flip,SELL,63599.48,63843.49,63404.27,244.01,0.0,2024-06-23T21:38:04,63845.62,sl,-4.9228,-1.0087,2024-06
2024-06-24T01:57:01,flip,BUY,63324.64,62914.89,63652.44,409.75,0.0,2024-06-24T02:55:02,62913.96,sl,-8.2136,-1.0023,2024-06
2024-06-24T04:13:01,flip,SELL,62661.52,63084.32,62323.28,422.8,0.0,2024-06-24T05:44:48,62323.28,tp,6.7648,0.8,2024-06
2024-06-24T05:45:01,cont,SELL,62268.05,62570.76,62025.88,302.71,92.0,2024-06-24T07:39:39,62571.62,sl,-6.0714,-1.0028,2024-06
2024-06-24T08:23:01,flip,BUY,62626.37,62311.91,62877.94,314.46,0.0,2024-06-24T08:37:02,62877.94,tp,5.0314,0.8,2024-06
2024-06-24T15:56:01,flip,SELL,60687.01,61664.84,59904.75,977.83,0.0,2024-06-24T17:11:42,59904.75,tp,15.6453,0.8,2024-06
2024-06-24T17:12:01,cont,SELL,59898.58,60428.56,59474.6,529.98,19.0,2024-06-24T17:16:23,60429.92,sl,-10.6268,-1.0026,2024-06
2024-06-24T18:17:01,cont,SELL,59787.59,60426.88,59276.16,639.29,84.0,2024-06-24T18:29:05,60427.27,sl,-12.7936,-1.0006,2024-06
2024-06-24T20:50:01,flip,BUY,59362.21,59061.28,59602.95,300.93,0.0,2024-06-24T21:02:11,59602.95,tp,4.8149,0.8,2024-06
2024-06-24T21:20:01,cont,BUY,59761.8,59367.5,60077.24,394.3,30.0,2024-06-24T21:59:59,60077.24,tp,6.3088,0.8,2024-06
2024-06-24T22:00:01,cont,BUY,60103.92,59933.83,60239.99,170.09,70.0,2024-06-24T22:40:20,60239.99,tp,2.7214,0.8,2024-06
2024-06-25T04:09:01,flip,SELL,61192.98,61391.06,61034.52,198.08,0.0,2024-06-25T04:31:34,61393.31,sl,-4.0066,-1.0114,2024-06
2024-06-25T05:38:01,cont,SELL,61134.94,61429.66,60899.16,294.72,89.0,2024-06-25T07:27:37,60899.16,tp,4.7155,0.8,2024-06
2024-06-25T07:45:01,cont,SELL,60683.88,60884.3,60523.54,200.42,24.0,2024-06-25T08:06:05,60887.09,sl,-4.0642,-1.0139,2024-06
2024-06-25T08:15:01,flip,BUY,60907.05,60765.91,61019.96,141.14,0.0,2024-06-25T08:23:35,60765.81,sl,-2.8248,-1.0007,2024-06
2024-06-25T08:30:01,flip,SELL,60733.61,60825.44,60660.15,91.83,0.0,2024-06-25T08:50:08,60826.11,sl,-1.85,-1.0073,2024-06
2024-06-25T09:03:01,flip,BUY,60933.66,60844.73,61004.8,88.93,0.0,2024-06-25T09:05:36,60843.9,sl,-1.7952,-1.0093,2024-06
2024-06-25T09:10:01,cont,BUY,60945.61,60816.96,61048.53,128.65,7.0,2024-06-25T09:34:31,61048.53,tp,2.0584,0.8,2024-06
2024-06-25T09:51:01,cont,BUY,61254.74,60982.57,61472.48,272.17,48.0,2024-06-25T09:52:39,61472.48,tp,4.3547,0.8,2024-06
2024-06-25T15:15:01,flip,SELL,61423.6,61503.55,61359.64,79.95,0.0,2024-06-25T15:15:49,61504.1,sl,-1.61,-1.0069,2024-06
2024-06-25T15:32:01,flip,BUY,61884.31,61669.27,62056.34,215.04,0.0,2024-06-25T16:23:16,61666.1,sl,-4.3642,-1.0147,2024-06
2024-06-25T16:35:01,flip,SELL,61511.7,61676.28,61380.04,164.58,0.0,2024-06-25T17:01:05,61380.04,tp,2.6333,0.8,2024-06
2024-06-25T17:23:01,flip,BUY,61726.23,61577.21,61845.45,149.02,0.0,2024-06-25T17:35:35,61573.07,sl,-3.0632,-1.0278,2024-06
2024-06-25T17:42:01,flip,SELL,61569.41,61638.41,61514.21,69.0,0.0,2024-06-25T17:42:45,61638.59,sl,-1.3836,-1.0026,2024-06
2024-06-25T17:57:01,cont,SELL,61516.49,61659.02,61402.47,142.53,15.0,2024-06-25T18:00:16,61402.47,tp,2.2805,0.8,2024-06
2024-06-25T18:13:01,cont,SELL,61215.04,61479.52,61003.46,264.48,31.0,2024-06-25T18:16:09,61480.2,sl,-5.3032,-1.0026,2024-06
2024-06-25T18:58:01,flip,BUY,62254.12,61959.16,62490.09,294.96,0.0,2024-06-25T19:11:20,61958.85,sl,-5.9054,-1.0011,2024-06
2024-06-25T19:32:01,flip,SELL,61892.62,62042.36,61772.83,149.74,0.0,2024-06-25T19:40:52,62043.71,sl,-3.0218,-1.009,2024-06
2024-06-25T19:47:01,cont,SELL,61855.52,62066.33,61686.87,210.81,15.0,2024-06-25T19:54:29,62068.19,sl,-4.2534,-1.0088,2024-06
2024-06-25T22:20:01,flip,BUY,62224.34,61825.84,62543.14,398.5,0.0,2024-06-25T23:09:52,61824.22,sl,-8.0024,-1.0041,2024-06
2024-06-25T23:31:01,flip,SELL,61671.84,61757.69,61603.16,85.85,0.0,2024-06-25T23:32:18,61759.57,sl,-1.7546,-1.0219,2024-06
2024-06-25T23:51:01,flip,BUY,61818.53,61666.18,61940.41,152.35,0.0,2024-06-26T00:43:55,61663.88,sl,-3.093,-1.0151,2024-06
2024-06-26T01:13:01,cont,BUY,61933.81,61644.77,62165.04,289.04,82.0,2024-06-26T02:07:35,62165.04,tp,4.6246,0.8,2024-06
2024-06-26T03:35:01,flip,SELL,61908.9,62010.62,61827.52,101.72,0.0,2024-06-26T03:42:58,62010.72,sl,-2.0364,-1.001,2024-06
2024-06-26T04:09:01,cont,SELL,61809.99,62021.51,61640.77,211.52,34.0,2024-06-26T05:26:06,61640.77,tp,3.3843,0.8,2024-06
2024-06-26T07:19:01,flip,BUY,61714.43,61532.85,61859.69,181.58,0.0,2024-06-26T08:16:28,61530.53,sl,-3.678,-1.0128,2024-06
2024-06-26T09:18:01,flip,SELL,61402.66,61595.76,61248.18,193.1,0.0,2024-06-26T10:47:16,61248.18,tp,3.0896,0.8,2024-06
2024-06-26T11:13:01,flip,BUY,61462.96,61385.36,61525.04,77.6,0.0,2024-06-26T11:14:20,61525.04,tp,1.2416,0.8,2024-06
2024-06-26T11:40:01,flip,SELL,61340.23,61444.48,61256.83,104.25,0.0,2024-06-26T11:47:26,61446.29,sl,-2.1212,-1.0174,2024-06
2024-06-26T12:03:01,flip,BUY,61529.29,61425.5,61612.32,103.79,0.0,2024-06-26T12:12:31,61424.22,sl,-2.1014,-1.0123,2024-06
2024-06-26T12:39:01,flip,SELL,61364.86,61547.22,61218.97,182.36,0.0,2024-06-26T12:54:39,61549.72,sl,-3.6972,-1.0137,2024-06
2024-06-26T14:04:01,flip,BUY,61869.61,61747.04,61967.67,122.57,0.0,2024-06-26T14:12:41,61967.67,tp,1.9611,0.8,2024-06
2024-06-26T14:13:01,cont,BUY,61946.92,61809.17,62057.12,137.75,9.0,2024-06-26T14:20:45,61808.39,sl,-2.7706,-1.0057,2024-06
2024-06-26T14:29:01,flip,SELL,61692.16,61812.92,61595.55,120.76,0.0,2024-06-26T14:33:46,61815.9,sl,-2.4748,-1.0247,2024-06
2024-06-26T14:38:01,cont,SELL,61574.61,61813.0,61383.9,238.39,9.0,2024-06-26T14:46:11,61813.31,sl,-4.774,-1.0013,2024-06
2024-06-26T15:10:01,cont,SELL,61551.22,61895.3,61275.96,344.08,41.0,2024-06-26T15:13:39,61275.96,tp,5.5053,0.8,2024-06
2024-06-26T15:39:01,cont,SELL,61246.51,61498.33,61045.05,251.82,70.0,2024-06-26T15:53:11,61504.6,sl,-5.1618,-1.0249,2024-06
2024-06-27T09:12:01,flip,BUY,60882.19,60684.57,61040.29,197.62,0.0,2024-06-27T09:38:30,61040.29,tp,3.1619,0.8,2024-06
2024-06-27T09:56:01,cont,BUY,61295.59,61099.69,61452.31,195.9,44.0,2024-06-27T10:51:50,61099.53,sl,-3.9212,-1.0008,2024-06
2024-06-27T11:00:01,flip,SELL,61085.4,61164.92,61021.78,79.52,0.0,2024-06-27T11:04:30,61166.01,sl,-1.6122,-1.0137,2024-06
2024-06-27T11:16:01,flip,BUY,61220.6,61104.39,61313.57,116.21,0.0,2024-06-27T11:22:42,61104.26,sl,-2.3268,-1.0011,2024-06
2024-06-27T11:38:01,cont,BUY,61258.27,61079.61,61401.2,178.66,22.0,2024-06-27T12:10:27,61401.2,tp,2.8586,0.8,2024-06
2024-06-27T13:05:01,cont,BUY,61534.61,61092.17,61888.56,442.44,109.0,2024-06-27T13:58:40,61888.56,tp,7.079,0.8,2024-06
2024-06-27T16:33:01,flip,SELL,61533.94,61808.02,61314.68,274.08,0.0,2024-06-27T16:45:07,61811.23,sl,-5.5458,-1.0117,2024-06
2024-06-27T17:22:01,flip,BUY,61914.57,61778.9,62023.11,135.67,0.0,2024-06-27T17:28:27,62023.11,tp,2.1707,0.8,2024-06
2024-06-27T18:07:01,flip,SELL,61727.46,61931.44,61564.28,203.98,0.0,2024-06-27T18:36:10,61934.46,sl,-4.14,-1.0148,2024-06
2024-06-27T19:05:01,cont,SELL,61636.9,61923.4,61407.7,286.5,58.0,2024-06-27T19:37:00,61407.7,tp,4.584,0.8,2024-06
2024-06-27T19:50:01,cont,SELL,61362.2,61559.75,61204.16,197.55,103.0,2024-06-27T20:48:12,61560.0,sl,-3.956,-1.0013,2024-06
2024-06-27T22:12:01,flip,BUY,61554.6,61361.67,61708.94,192.93,0.0,2024-06-28T01:16:57,61708.94,tp,3.0869,0.8,2024-06
2024-06-28T01:40:01,flip,BUY,62200.2,61910.6,62431.88,289.6,0.0,2024-06-28T01:46:05,61908.76,sl,-5.8288,-1.0064,2024-06
2024-06-28T02:29:01,flip,SELL,61755.67,62119.2,61464.85,363.53,0.0,2024-06-28T05:41:24,61464.85,tp,5.8165,0.8,2024-06
2024-06-28T11:37:01,flip,BUY,61758.93,61643.23,61851.49,115.7,0.0,2024-06-28T11:38:41,61642.78,sl,-2.323,-1.0039,2024-06
2024-06-28T12:22:01,flip,SELL,61579.83,61770.21,61427.53,190.38,0.0,2024-06-28T12:28:48,61771.35,sl,-3.8304,-1.006,2024-06
2024-06-28T12:32:01,cont,SELL,61524.62,61754.28,61340.89,229.66,10.0,2024-06-28T12:39:16,61754.35,sl,-4.5946,-1.0003,2024-06
2024-06-28T12:52:01,cont,SELL,61360.01,61518.53,61233.19,158.52,30.0,2024-06-28T13:06:14,61233.19,tp,2.5363,0.8,2024-06
2024-06-28T14:14:01,cont,SELL,61206.0,61781.68,60745.46,575.68,112.0,2024-06-28T14:50:47,60745.46,tp,9.2109,0.8,2024-06
2024-06-28T15:32:01,flip,BUY,61020.39,60877.76,61134.49,142.63,0.0,2024-06-28T15:38:32,60877.42,sl,-2.8594,-1.0024,2024-06
2024-06-28T16:17:01,flip,SELL,60825.16,60933.99,60738.1,108.83,0.0,2024-06-28T16:21:06,60738.1,tp,1.7413,0.8,2024-06
2024-06-28T16:46:01,cont,SELL,60673.84,60850.68,60532.37,176.84,29.0,2024-06-28T16:59:24,60852.62,sl,-3.5756,-1.011,2024-06
2024-06-28T17:14:02,flip,BUY,60910.17,60753.87,61035.21,156.3,0.0,2024-06-28T17:49:16,60753.77,sl,-3.128,-1.0006,2024-06
2024-06-28T18:22:01,flip,SELL,60645.88,60790.36,60530.3,144.48,0.0,2024-06-28T18:36:45,60790.61,sl,-2.8946,-1.0017,2024-06
2024-06-28T19:18:01,cont,SELL,60345.69,60800.29,59982.01,454.6,56.0,2024-06-29T01:11:17,60801.5,sl,-9.1162,-1.0027,2024-06
2024-06-29T01:41:01,cont,BUY,60932.15,60775.51,61057.46,156.64,86.0,2024-06-29T02:10:03,60773.47,sl,-3.1736,-1.013,2024-06
2024-06-29T02:52:01,flip,SELL,60725.17,60839.39,60633.79,114.22,0.0,2024-06-29T06:32:19,60839.72,sl,-2.291,-1.0029,2024-06
2024-06-29T07:25:01,flip,BUY,61091.56,60945.78,61208.18,145.78,0.0,2024-06-29T08:05:11,60943.76,sl,-2.956,-1.0139,2024-06
2024-06-29T08:29:01,flip,SELL,60911.08,60958.86,60872.86,47.78,0.0,2024-06-29T08:30:08,60959.91,sl,-0.9766,-1.022,2024-06
2024-06-29T08:35:01,cont,SELL,60897.65,60957.02,60850.15,59.37,6.0,2024-06-29T08:35:53,60958.27,sl,-1.2124,-1.0211,2024-06
2024-06-29T08:44:01,cont,SELL,60872.22,60923.55,60831.16,51.33,15.0,2024-06-29T08:46:06,60923.83,sl,-1.0322,-1.0055,2024-06
2024-06-29T09:16:01,cont,SELL,60860.93,60977.79,60767.44,116.86,47.0,2024-06-29T10:34:10,60980.33,sl,-2.388,-1.0217,2024-06
2024-06-30T06:14:01,flip,BUY,60816.03,60711.02,60900.04,105.01,0.0,2024-06-30T06:40:57,60900.04,tp,1.6802,0.8,2024-06
2024-06-30T21:00:01,flip,SELL,61935.31,62038.27,61852.94,102.96,0.0,2024-06-30T21:14:22,61852.94,tp,1.6474,0.8,2024-06
2024-06-30T21:47:01,cont,SELL,61819.84,61942.88,61721.41,123.04,47.0,2024-06-30T22:00:17,61943.43,sl,-2.4718,-1.0045,2024-06
2024-06-30T22:12:01,flip,BUY,62059.1,61983.37,62119.68,75.73,0.0,2024-06-30T22:17:58,62119.68,tp,1.2117,0.8,2024-06
2024-06-30T22:57:01,cont,BUY,62908.15,62691.99,63081.08,216.16,45.0,2024-07-01T00:03:41,62691.57,sl,-4.3316,-1.0019,2024-06
2024-07-01T00:09:01,cont,SELL,62661.36,62756.08,62585.58,94.72,23.0,2024-07-01T00:11:02,62585.58,tp,1.5155,0.8,2024-07
2024-07-01T00:48:01,flip,BUY,62830.4,62744.23,62899.34,86.17,0.0,2024-07-01T00:58:33,62899.34,tp,1.3787,0.8,2024-07
2024-07-01T00:59:01,cont,BUY,62911.5,62800.18,63000.56,111.32,11.0,2024-07-01T01:05:51,63000.56,tp,1.7811,0.8,2024-07
2024-07-01T01:57:01,cont,BUY,63631.13,63361.31,63846.99,269.82,69.0,2024-07-01T02:36:42,63358.41,sl,-5.4544,-1.0107,2024-07
2024-07-01T04:32:01,flip,SELL,63260.48,63461.5,63099.66,201.02,0.0,2024-07-01T08:23:41,63099.66,tp,3.2163,0.8,2024-07
2024-07-01T12:41:01,flip,BUY,62879.45,62613.57,63092.15,265.88,0.0,2024-07-01T13:46:41,62612.32,sl,-5.3426,-1.0047,2024-07
2024-07-01T16:14:01,flip,BUY,63275.2,62926.76,63553.95,348.44,0.0,2024-07-01T17:44:30,63553.95,tp,5.575,0.8,2024-07
2024-07-01T17:53:01,cont,BUY,63602.33,63464.63,63712.49,137.7,99.0,2024-07-01T18:18:11,63712.49,tp,2.2032,0.8,2024-07
2024-07-01T19:17:01,flip,SELL,63396.41,63689.66,63161.81,293.25,0.0,2024-07-01T19:43:24,63161.81,tp,4.692,0.8,2024-07
2024-07-01T19:54:01,cont,SELL,63060.74,63229.15,62926.01,168.41,37.0,2024-07-01T19:59:26,63229.17,sl,-3.3686,-1.0001,2024-07
2024-07-02T03:25:01,flip,BUY,63084.87,62926.44,63211.61,158.43,0.0,2024-07-02T03:40:16,63211.61,tp,2.5349,0.8,2024-07
2024-07-02T06:12:01,flip,SELL,62865.07,62946.68,62799.78,81.61,0.0,2024-07-02T06:20:01,62947.07,sl,-1.64,-1.0048,2024-07
2024-07-02T06:32:01,cont,SELL,62830.47,62943.3,62740.21,112.83,20.0,2024-07-02T07:04:12,62740.21,tp,1.8053,0.8,2024-07
2024-07-02T07:33:01,cont,SELL,62573.82,62685.22,62484.7,111.4,81.0,2024-07-02T08:06:31,62484.7,tp,1.7824,0.8,2024-07
2024-07-02T08:32:01,flip,BUY,62716.68,62603.53,62807.2,113.15,0.0,2024-07-02T08:39:34,62601.35,sl,-2.3066,-1.0193,2024-07
2024-07-02T09:03:01,flip,SELL,62560.79,62710.23,62441.24,149.44,0.0,2024-07-02T09:09:22,62712.09,sl,-3.026,-1.0124,2024-07
2024-07-02T10:03:01,cont,SELL,62551.54,62755.98,62387.99,204.44,60.0,2024-07-02T10:47:19,62762.13,sl,-4.2118,-1.0301,2024-07
2024-07-02T12:40:01,flip,BUY,62836.57,62669.09,62970.55,167.48,0.0,2024-07-02T12:46:45,62970.55,tp,2.6797,0.8,2024-07
2024-07-02T13:42:01,cont,BUY,63002.41,62690.82,63251.68,311.59,62.0,2024-07-02T13:55:15,62689.99,sl,-6.2484,-1.0027,2024-07
2024-07-02T14:16:01,flip,SELL,62229.66,62375.09,62113.32,145.43,0.0,2024-07-02T14:19:00,62377.29,sl,-2.9526,-1.0151,2024-07
2024-07-02T14:24:01,cont,SELL,62184.76,62377.45,62030.61,192.69,8.0,2024-07-02T14:26:35,62377.74,sl,-3.8596,-1.0015,2024-07
2024-07-02T14:36:01,cont,SELL,62147.04,62366.5,61971.47,219.46,20.0,2024-07-02T14:39:09,61971.47,tp,3.5114,0.8,2024-07
2024-07-02T16:09:01,cont,SELL,61779.68,62123.9,61504.3,344.22,113.0,2024-07-02T17:58:06,62125.44,sl,-6.9152,-1.0045,2024-07
2024-07-02T18:23:01,flip,BUY,62307.41,62205.27,62389.12,102.14,0.0,2024-07-02T18:31:35,62204.09,sl,-2.0664,-1.0116,2024-07
2024-07-02T19:01:01,cont,BUY,62334.15,62193.83,62446.41,140.32,38.0,2024-07-02T19:04:00,62193.81,sl,-2.8068,-1.0001,2024-07
2024-07-02T19:47:01,flip,SELL,61918.39,62079.01,61789.89,160.62,0.0,2024-07-02T22:57:40,62080.21,sl,-3.2364,-1.0075,2024-07
2024-07-03T00:09:09,flip,BUY,62150.89,62007.76,62265.39,143.13,0.0,2024-07-03T01:00:35,62006.72,sl,-2.8834,-1.0073,2024-07
2024-07-03T01:05:01,flip,SELL,61942.63,62080.24,61832.54,137.61,0.0,2024-07-03T01:07:01,61832.54,tp,2.2018,0.8,2024-07
2024-07-03T01:56:01,cont,SELL,61493.48,62137.18,60978.52,643.7,51.0,2024-07-03T03:11:33,60978.52,tp,10.2992,0.8,2024-07
2024-07-03T10:53:01,flip,BUY,60294.8,60168.18,60396.1,126.62,0.0,2024-07-03T11:02:15,60167.56,sl,-2.5448,-1.0049,2024-07
2024-07-03T11:21:01,cont,BUY,60457.18,60150.47,60702.55,306.71,28.0,2024-07-03T11:32:19,60150.02,sl,-6.1432,-1.0015,2024-07
2024-07-03T12:37:01,flip,SELL,60023.25,60340.03,59769.83,316.78,0.0,2024-07-03T13:05:11,59769.83,tp,5.0685,0.8,2024-07
2024-07-03T13:28:01,flip,BUY,60347.82,60205.62,60461.58,142.2,0.0,2024-07-03T13:38:19,60461.58,tp,2.2752,0.8,2024-07
2024-07-03T13:53:01,cont,BUY,60561.02,60381.14,60704.92,179.88,25.0,2024-07-03T14:05:39,60380.25,sl,-3.6154,-1.0049,2024-07
2024-07-03T14:29:01,flip,SELL,60314.37,60533.26,60139.26,218.89,0.0,2024-07-03T15:01:13,60139.26,tp,3.5022,0.8,2024-07
2024-07-03T16:23:01,flip,BUY,60468.72,60083.06,60777.25,385.66,0.0,2024-07-03T19:04:24,60080.81,sl,-7.7582,-1.0058,2024-07
2024-07-03T19:18:01,flip,SELL,59999.66,60183.2,59852.83,183.54,0.0,2024-07-03T19:22:35,59852.83,tp,2.9366,0.8,2024-07
2024-07-03T19:50:01,cont,SELL,59743.07,60001.93,59535.98,258.86,32.0,2024-07-03T20:59:43,59535.98,tp,4.1418,0.8,2024-07
2024-07-03T21:02:01,cont,SELL,59446.26,59809.06,59156.02,362.8,104.0,2024-07-03T21:12:01,59809.16,sl,-7.258,-1.0003,2024-07
2024-07-03T21:31:01,flip,BUY,59896.86,59679.74,60070.56,217.12,0.0,2024-07-03T21:42:06,60070.56,tp,3.4739,0.8,2024-07
2024-07-03T22:45:01,cont,BUY,60327.89,60065.05,60538.16,262.84,74.0,2024-07-04T01:13:49,60064.3,sl,-5.2718,-1.0029,2024-07
2024-07-04T01:35:01,flip,SELL,59763.57,60223.42,59395.69,459.85,0.0,2024-07-04T01:43:44,59395.69,tp,7.3576,0.8,2024-07
2024-07-04T16:51:01,flip,BUY,58171.57,57697.43,58550.88,474.14,0.0,2024-07-04T19:30:45,58550.88,tp,7.5862,0.8,2024-07
2024-07-04T20:29:02,flip,SELL,58096.15,58201.47,58011.89,105.32,0.0,2024-07-04T20:35:31,58201.98,sl,-2.1166,-1.0048,2024-07
2024-07-04T20:41:01,cont,SELL,58091.12,58182.23,58018.23,91.11,12.0,2024-07-04T20:45:01,58183.82,sl,-1.854,-1.0175,2024-07
2024-07-04T21:00:01,flip,BUY,58339.05,58190.81,58457.64,148.24,0.0,2024-07-04T21:20:17,58457.64,tp,2.3718,0.8,2024-07
2024-07-04T22:06:01,cont,BUY,58724.85,58261.98,59095.15,462.87,66.0,2024-07-04T22:34:42,58261.68,sl,-9.2634,-1.0006,2024-07
2024-07-04T22:55:01,flip,SELL,58085.09,58245.92,57956.43,160.83,0.0,2024-07-04T22:58:41,57956.43,tp,2.5733,0.8,2024-07
2024-07-04T23:23:02,cont,SELL,57774.17,58042.83,57559.24,268.66,28.0,2024-07-04T23:39:44,57559.24,tp,4.2986,0.8,2024-07
2024-07-05T00:39:01,cont,SELL,56712.43,57286.68,56253.03,574.25,104.0,2024-07-05T00:41:16,57286.95,sl,-11.4904,-1.0005,2024-07
2024-07-05T13:37:01,flip,BUY,55714.37,54792.19,56452.11,922.18,0.0,2024-07-05T15:22:28,56452.11,tp,14.7549,0.8,2024-07
2024-07-05T16:00:01,cont,BUY,56678.34,56308.47,56974.24,369.87,68.0,2024-07-05T16:36:07,56308.1,sl,-7.4048,-1.001,2024-07
2024-07-05T18:15:01,flip,SELL,56072.76,57016.02,55318.15,943.26,0.0,2024-07-06T00:38:38,57016.76,sl,-18.88,-1.0008,2024-07
2024-07-06T15:32:01,flip,BUY,57369.83,56750.95,57864.93,618.88,0.0,2024-07-06T16:27:53,57864.93,tp,9.9021,0.8,2024-07
2024-07-06T16:33:01,flip,BUY,57935.0,57736.5,58093.8,198.5,0.0,2024-07-06T16:48:08,58093.8,tp,3.176,0.8,2024-07
2024-07-06T17:14:01,flip,SELL,57813.26,57915.32,57731.61,102.06,0.0,2024-07-06T17:16:10,57915.34,sl,-2.0416,-1.0002,2024-07
2024-07-06T17:51:01,flip,BUY,58046.78,57884.77,58176.39,162.01,0.0,2024-07-06T18:16:10,57883.83,sl,-3.259,-1.0058,2024-07
2024-07-06T19:03:01,flip,SELL,57799.29,57876.16,57737.79,76.87,0.0,2024-07-06T19:18:07,57877.01,sl,-1.5544,-1.0111,2024-07
2024-07-06T19:51:01,flip,BUY,58009.95,57878.3,58115.27,131.65,0.0,2024-07-06T20:00:43,57875.69,sl,-2.6852,-1.0198,2024-07
2024-07-06T20:11:01,cont,BUY,58019.18,57875.69,58133.97,143.49,20.0,2024-07-06T20:28:57,58133.97,tp,2.2958,0.8,2024-07
2024-07-06T21:05:01,cont,BUY,58253.81,57948.59,58497.99,305.22,74.0,2024-07-06T21:18:34,57947.38,sl,-6.1286,-1.004,2024-07
2024-07-06T21:51:01,flip,SELL,57869.87,58023.31,57747.12,153.44,0.0,2024-07-06T22:07:54,58023.45,sl,-3.0716,-1.0009,2024-07
2024-07-06T22:56:01,flip,BUY,58145.73,58028.0,58239.91,117.73,0.0,2024-07-06T23:10:11,58239.91,tp,1.8837,0.8,2024-07
2024-07-06T23:11:01,cont,BUY,58277.89,58140.09,58388.13,137.8,15.0,2024-07-06T23:19:40,58388.13,tp,2.2048,0.8,2024-07
2024-07-07T00:36:01,flip,SELL,58096.05,58187.5,58022.89,91.45,0.0,2024-07-07T00:54:44,58022.89,tp,1.4632,0.8,2024-07
2024-07-07T00:58:01,cont,SELL,57986.84,58059.9,57928.39,73.06,22.0,2024-07-07T01:02:29,58061.34,sl,-1.49,-1.0197,2024-07
2024-07-07T01:06:01,cont,SELL,57948.91,58067.95,57853.68,119.04,30.0,2024-07-07T01:17:20,58069.67,sl,-2.4152,-1.0144,2024-07
2024-07-07T01:25:01,cont,SELL,57921.09,58059.53,57810.34,138.44,49.0,2024-07-07T01:46:04,58060.01,sl,-2.7784,-1.0035,2024-07
2024-07-07T02:19:01,flip,BUY,58389.47,58153.87,58577.95,235.6,0.0,2024-07-07T03:09:32,58147.34,sl,-4.8426,-1.0277,2024-07
2024-07-07T04:10:01,flip,SELL,57930.9,58077.02,57814.0,146.12,0.0,2024-07-07T04:39:59,57814.0,tp,2.3379,0.8,2024-07
2024-07-07T04:49:01,cont,SELL,57787.08,57858.36,57730.06,71.28,39.0,2024-07-07T04:50:46,57730.06,tp,1.1405,0.8,2024-07
2024-07-07T15:43:01,flip,BUY,57024.4,56624.2,57344.56,400.2,0.0,2024-07-07T18:02:17,57344.56,tp,6.4032,0.8,2024-07
2024-07-07T19:02:01,flip,SELL,57114.24,57300.99,56964.84,186.75,0.0,2024-07-07T20:17:57,57306.19,sl,-3.839,-1.0278,2024-07
2024-07-08T01:56:01,flip,BUY,54870.05,54428.05,55223.65,442.0,0.0,2024-07-08T02:21:58,55223.65,tp,7.072,0.8,2024-07
2024-07-08T02:22:01,cont,BUY,55219.69,54615.28,55703.22,604.41,26.0,2024-07-08T05:02:46,55703.22,tp,9.6706,0.8,2024-07
2024-07-08T05:03:01,cont,BUY,55740.56,55475.68,55952.46,264.88,30.0,2024-07-08T05:22:25,55474.0,sl,-5.3312,-1.0063,2024-07
2024-07-08T06:07:01,cont,SELL,55259.29,55570.35,55010.44,311.06,47.0,2024-07-08T06:17:56,55571.01,sl,-6.2344,-1.0021,2024-07
2024-07-08T06:27:01,flip,BUY,55816.8,55594.92,55994.3,221.88,0.0,2024-07-08T07:03:48,55594.92,sl,-4.4376,-1.0,2024-07
2024-07-08T07:04:01,flip,SELL,55594.31,55755.33,55465.49,161.02,0.0,2024-07-08T07:22:44,55756.79,sl,-3.2496,-1.0091,2024-07
2024-07-08T08:04:01,flip,BUY,56008.4,55681.43,56269.98,326.97,0.0,2024-07-08T08:06:43,56269.98,tp,5.2315,0.8,2024-07
2024-07-08T08:38:01,cont,BUY,56989.82,56694.85,57225.8,294.97,34.0,2024-07-08T08:40:53,57225.8,tp,4.7195,0.8,2024-07
2024-07-08T09:03:01,cont,BUY,58243.14,57660.42,58709.32,582.72,59.0,2024-07-08T09:16:14,57659.72,sl,-11.6684,-1.0012,2024-07
2024-07-08T10:47:01,flip,SELL,57312.36,57789.2,56930.89,476.84,0.0,2024-07-08T10:57:20,56930.89,tp,7.6294,0.8,2024-07
2024-07-09T06:37:01,flip,BUY,57724.85,57592.25,57830.93,132.6,0.0,2024-07-09T06:40:30,57591.06,sl,-2.6758,-1.009,2024-07
2024-07-09T07:11:01,flip,SELL,57485.59,57630.98,57369.28,145.39,0.0,2024-07-09T07:17:41,57369.28,tp,2.3262,0.8,2024-07
2024-07-09T07:37:01,cont,SELL,57200.72,57414.42,57029.76,213.7,26.0,2024-07-09T08:14:17,57414.47,sl,-4.275,-1.0002,2024-07
2024-07-09T08:22:01,flip,BUY,57641.28,57437.32,57804.45,203.96,0.0,2024-07-09T08:37:58,57804.45,tp,3.2634,0.8,2024-07
2024-07-09T08:44:01,cont,BUY,57879.42,57690.94,58030.2,188.48,22.0,2024-07-09T08:45:59,57690.4,sl,-3.7804,-1.0029,2024-07
2024-07-09T09:11:01,flip,SELL,57603.82,57725.68,57506.33,121.86,0.0,2024-07-09T09:31:51,57726.14,sl,-2.4464,-1.0038,2024-07
2024-07-09T10:18:01,cont,SELL,57505.79,57728.87,57327.33,223.08,67.0,2024-07-09T11:10:23,57327.33,tp,3.5693,0.8,2024-07
2024-07-09T11:11:01,cont,SELL,57295.13,57518.44,57116.48,223.31,120.0,2024-07-09T11:20:56,57520.31,sl,-4.5036,-1.0084,2024-07
2024-07-09T14:12:01,flip,BUY,57520.48,57195.97,57780.09,324.51,0.0,2024-07-09T14:14:18,57780.09,tp,5.1922,0.8,2024-07
2024-07-09T15:08:01,flip,SELL,57038.92,57216.73,56896.67,177.81,0.0,2024-07-09T15:09:43,57218.22,sl,-3.586,-1.0084,2024-07
2024-07-09T15:53:01,flip,BUY,57425.89,57128.44,57663.85,297.45,0.0,2024-07-09T16:09:02,57663.85,tp,4.7592,0.8,2024-07
2024-07-11T03:22:01,flip,SELL,57160.41,58426.23,56147.75,1265.82,0.0,2024-07-11T09:26:19,58428.09,sl,-25.3536,-1.0015,2024-07
2024-07-11T11:01:01,flip,BUY,58544.39,58180.57,58835.45,363.82,0.0,2024-07-11T11:49:09,58835.45,tp,5.8211,0.8,2024-07
2024-07-11T11:56:01,cont,BUY,58930.05,58759.54,59066.46,170.51,55.0,2024-07-11T12:01:03,58757.89,sl,-3.4432,-1.0097,2024-07
2024-07-11T12:31:01,cont,BUY,59398.86,58522.51,60099.94,876.35,90.0,2024-07-11T13:10:12,58520.6,sl,-17.5652,-1.0022,2024-07
2024-07-11T14:16:01,flip,SELL,58195.03,58739.15,57759.73,544.12,0.0,2024-07-11T14:21:53,57759.73,tp,8.7059,0.8,2024-07
2024-07-11T15:42:01,cont,SELL,57496.19,58181.85,56947.66,685.66,86.0,2024-07-12T01:15:58,56947.66,tp,10.9706,0.8,2024-07
2024-07-12T13:55:01,flip,BUY,57903.56,57525.45,58206.05,378.11,0.0,2024-07-12T15:27:29,58206.05,tp,6.0498,0.8,2024-07
2024-07-12T19:04:01,flip,SELL,58316.69,58428.46,58227.27,111.77,0.0,2024-07-12T19:12:34,58227.27,tp,1.7883,0.8,2024-07
2024-07-12T19:14:02,cont,SELL,58177.53,58264.71,58107.79,87.18,10.0,2024-07-12T19:18:07,58107.79,tp,1.3949,0.8,2024-07
2024-07-12T19:38:01,cont,SELL,57760.7,57896.08,57652.4,135.38,34.0,2024-07-12T19:42:43,57897.88,sl,-2.7436,-1.0133,2024-07
2024-07-12T19:50:01,cont,SELL,57720.67,57925.73,57556.62,205.06,46.0,2024-07-12T20:02:32,57556.62,tp,3.281,0.8,2024-07
2024-07-12T23:52:01,flip,BUY,57970.98,57705.25,58183.56,265.73,0.0,2024-07-13T05:55:40,58183.56,tp,4.2517,0.8,2024-07
2024-07-13T06:25:01,cont,BUY,58256.79,58043.79,58427.19,213.0,63.0,2024-07-13T07:06:03,58036.05,sl,-4.4148,-1.0363,2024-07
2024-07-13T08:59:01,flip,SELL,57982.96,58237.15,57779.61,254.19,0.0,2024-07-13T09:23:26,58237.3,sl,-5.0868,-1.0006,2024-07
2024-07-13T09:54:02,flip,BUY,58479.4,58333.63,58596.02,145.77,0.0,2024-07-13T09:55:38,58596.02,tp,2.3323,0.8,2024-07
2024-07-13T16:56:01,flip,SELL,58693.49,58789.67,58616.55,96.18,0.0,2024-07-13T18:00:53,58789.87,sl,-1.9276,-1.0021,2024-07
2024-07-13T22:54:01,flip,BUY,59237.71,58806.76,59582.47,430.95,0.0,2024-07-13T23:00:03,59582.47,tp,6.8952,0.8,2024-07
2024-07-13T23:13:01,cont,BUY,59644.91,59301.41,59919.71,343.5,19.0,2024-07-13T23:37:30,59295.89,sl,-6.9804,-1.0161,2024-07
2024-07-13T23:51:01,flip,SELL,59191.51,59405.41,59020.39,213.9,0.0,2024-07-14T00:03:37,59405.68,sl,-4.2834,-1.0013,2024-07
2024-07-14T00:55:01,flip,BUY,59696.27,59345.91,59976.56,350.36,0.0,2024-07-14T02:28:12,59344.17,sl,-7.042,-1.005,2024-07
2024-07-14T02:53:01,flip,SELL,59327.04,59406.1,59263.79,79.06,0.0,2024-07-14T02:56:16,59409.77,sl,-1.6546,-1.0464,2024-07
2024-07-14T04:08:01,flip,BUY,59614.0,59420.89,59768.49,193.11,0.0,2024-07-14T04:16:18,59768.49,tp,3.0898,0.8,2024-07
2024-07-14T05:05:01,cont,BUY,60237.28,59719.29,60651.67,517.99,57.0,2024-07-14T12:52:56,59718.67,sl,-10.3722,-1.0012,2024-07
2024-07-14T14:29:01,flip,SELL,59602.31,59834.24,59416.77,231.93,0.0,2024-07-14T14:42:18,59834.46,sl,-4.643,-1.0009,2024-07
2024-07-14T21:18:01,flip,BUY,60397.59,59910.84,60786.99,486.75,0.0,2024-07-14T21:23:43,60786.99,tp,7.788,0.8,2024-07
2024-07-14T21:49:01,cont,BUY,61056.19,60729.25,61317.74,326.94,31.0,2024-07-14T21:57:57,61317.74,tp,5.231,0.8,2024-07
2024-07-15T01:46:01,flip,SELL,61270.53,61434.46,61139.39,163.93,0.0,2024-07-15T01:52:40,61436.69,sl,-3.3232,-1.0136,2024-07
2024-07-15T02:06:01,flip,BUY,61531.48,61351.87,61675.17,179.61,0.0,2024-07-15T02:08:31,61675.17,tp,2.8738,0.8,2024-07
2024-07-15T02:26:01,cont,BUY,61667.63,61483.99,61814.54,183.64,20.0,2024-07-15T02:27:15,61814.54,tp,2.9382,0.8,2024-07
2024-07-15T02:49:01,cont,BUY,62607.73,62301.04,62853.08,306.69,43.0,2024-07-15T03:48:47,62853.08,tp,4.907,0.8,2024-07
2024-07-15T03:49:01,cont,BUY,62858.82,62442.51,63191.87,416.31,103.0,2024-07-15T08:45:37,63191.87,tp,6.661,0.8,2024-07
2024-07-15T10:54:01,flip,SELL,62561.76,62960.84,62242.5,399.08,0.0,2024-07-15T13:20:37,62962.8,sl,-8.0208,-1.0049,2024-07
2024-07-15T13:21:01,cont,BUY,62986.02,62614.67,63283.1,371.35,94.0,2024-07-15T13:33:21,62609.52,sl,-7.53,-1.0139,2024-07
2024-07-15T17:57:01,flip,SELL,63244.65,63472.09,63062.7,227.44,0.0,2024-07-15T18:19:30,63473.88,sl,-4.5846,-1.0079,2024-07
2024-07-15T18:33:01,flip,BUY,63660.12,63479.49,63804.62,180.63,0.0,2024-07-15T18:35:25,63478.19,sl,-3.6386,-1.0072,2024-07
2024-07-15T19:17:01,cont,BUY,63733.45,63422.71,63982.04,310.74,44.0,2024-07-15T19:29:13,63420.82,sl,-6.2526,-1.0061,2024-07
2024-07-15T19:57:01,flip,SELL,63358.99,63804.53,63002.56,445.54,0.0,2024-07-15T20:32:46,63805.97,sl,-8.9396,-1.0032,2024-07
2024-07-15T20:53:01,flip,BUY,63883.3,63762.48,63979.96,120.82,0.0,2024-07-15T21:06:00,63760.29,sl,-2.4602,-1.0181,2024-07
2024-07-15T22:12:01,cont,BUY,64131.8,63588.9,64566.12,542.9,79.0,2024-07-15T22:41:46,64566.12,tp,8.6864,0.8,2024-07
2024-07-16T05:37:01,flip,SELL,63837.57,64150.88,63586.92,313.31,0.0,2024-07-16T05:52:21,63586.92,tp,5.013,0.8,2024-07
2024-07-16T05:53:01,cont,SELL,63569.89,63815.73,63373.22,245.84,16.0,2024-07-16T06:07:31,63815.85,sl,-4.9192,-1.0005,2024-07
2024-07-16T06:45:01,cont,SELL,63471.0,63914.23,63116.42,443.23,68.0,2024-07-16T06:54:40,63116.42,tp,7.0917,0.8,2024-07
2024-07-16T08:45:01,flip,BUY,62801.46,62618.69,62947.68,182.77,0.0,2024-07-16T09:05:18,62947.68,tp,2.9243,0.8,2024-07
2024-07-16T09:25:01,cont,BUY,63238.79,63043.88,63394.72,194.91,40.0,2024-07-16T09:28:54,63043.19,sl,-3.912,-1.0035,2024-07
2024-07-16T09:44:01,cont,BUY,63315.32,62949.2,63608.22,366.12,59.0,2024-07-16T10:40:13,63608.22,tp,5.8579,0.8,2024-07
2024-07-16T13:19:01,flip,SELL,63569.19,63968.72,63249.57,399.53,0.0,2024-07-16T13:32:02,63969.57,sl,-8.0076,-1.0021,2024-07
2024-07-16T13:39:01,flip,BUY,64056.06,63893.23,64186.32,162.83,0.0,2024-07-16T13:45:29,63893.21,sl,-3.257,-1.0001,2024-07
2024-07-16T15:11:01,cont,BUY,64144.12,63147.67,64941.28,996.45,92.0,2024-07-16T15:53:47,64941.28,tp,15.9432,0.8,2024-07
2024-07-16T16:13:01,flip,SELL,64621.31,64801.64,64477.05,180.33,0.0,2024-07-16T16:14:41,64803.26,sl,-3.639,-1.009,2024-07
2024-07-16T16:17:01,cont,SELL,64496.45,64815.06,64241.56,318.61,4.0,2024-07-16T17:07:05,64241.56,tp,5.0978,0.8,2024-07
2024-07-16T17:08:01,cont,SELL,64233.05,64542.62,63985.39,309.57,55.0,2024-07-16T17:42:20,64543.63,sl,-6.2116,-1.0033,2024-07
2024-07-16T18:09:01,flip,BUY,64659.01,64459.35,64818.74,199.66,0.0,2024-07-16T18:26:16,64818.74,tp,3.1946,0.8,2024-07
2024-07-16T19:14:01,cont,BUY,64964.21,64540.81,65302.93,423.4,65.0,2024-07-16T21:11:47,64540.46,sl,-8.475,-1.0008,2024-07
2024-07-16T21:53:01,flip,SELL,64557.77,64882.62,64297.89,324.85,0.0,2024-07-16T22:08:27,64297.89,tp,5.1976,0.8,2024-07
2024-07-16T23:08:01,flip,BUY,64750.51,64639.69,64839.17,110.82,0.0,2024-07-16T23:11:56,64839.17,tp,1.7731,0.8,2024-07
2024-07-16T23:30:01,cont,BUY,65242.85,64905.0,65513.13,337.85,22.0,2024-07-17T00:44:39,65513.13,tp,5.4056,0.8,2024-07
2024-07-17T01:05:01,cont,BUY,65619.31,65408.94,65787.61,210.37,117.0,2024-07-17T01:09:26,65787.61,tp,3.3659,0.8,2024-07
2024-07-17T07:20:01,flip,SELL,65375.41,65997.52,64877.72,622.11,0.0,2024-07-17T08:22:28,64877.72,tp,9.9538,0.8,2024-07
2024-07-17T09:22:01,flip,BUY,65480.38,65088.59,65793.81,391.79,0.0,2024-07-17T10:53:57,65088.59,sl,-7.8358,-1.0,2024-07
2024-07-17T11:06:01,flip,SELL,65003.22,65150.42,64885.46,147.2,0.0,2024-07-17T11:16:44,64885.46,tp,2.3552,0.8,2024-07
2024-07-17T11:35:01,cont,SELL,64730.78,65077.89,64453.09,347.11,29.0,2024-07-17T13:51:00,65079.68,sl,-6.978,-1.0052,2024-07
2024-07-17T15:38:01,flip,BUY,65400.31,64708.6,65953.68,691.71,0.0,2024-07-17T15:51:38,64707.65,sl,-13.8532,-1.0014,2024-07
2024-07-17T16:09:01,flip,SELL,64561.49,64725.99,64429.89,164.5,0.0,2024-07-17T16:09:54,64726.38,sl,-3.2978,-1.0024,2024-07
2024-07-17T16:33:01,cont,SELL,64278.28,64528.26,64078.3,249.98,24.0,2024-07-17T16:40:59,64078.3,tp,3.9997,0.8,2024-07
2024-07-17T18:44:01,flip,BUY,64580.87,64428.82,64702.51,152.05,0.0,2024-07-17T18:50:35,64427.15,sl,-3.0744,-1.011,2024-07
2024-07-17T19:05:01,cont,BUY,64601.55,64417.6,64748.71,183.95,21.0,2024-07-17T19:28:40,64748.71,tp,2.9432,0.8,2024-07
2024-07-17T19:50:01,cont,BUY,64782.09,64645.61,64891.27,136.48,66.0,2024-07-17T19:57:38,64644.34,sl,-2.755,-1.0093,2024-07
2024-07-17T21:00:03,flip,SELL,64518.27,64709.92,64364.95,191.65,0.0,2024-07-17T21:02:25,64364.95,tp,3.0664,0.8,2024-07
2024-07-18T01:56:01,flip,BUY,64694.92,64512.44,64840.9,182.48,0.0,2024-07-18T02:01:14,64840.9,tp,2.9197,0.8,2024-07
2024-07-18T15:11:01,flip,SELL,63737.39,64097.05,63449.66,359.66,0.0,2024-07-18T15:54:20,63449.66,tp,5.7546,0.8,2024-07
2024-07-18T16:03:01,flip,SELL,63392.0,63584.24,63238.21,192.24,0.0,2024-07-18T16:06:15,63585.72,sl,-3.8744,-1.0077,2024-07
2024-07-18T16:33:01,flip,BUY,63800.7,63487.93,64050.92,312.77,0.0,2024-07-18T18:12:29,63486.6,sl,-6.282,-1.0043,2024-07
2024-07-18T18:13:01,cont,SELL,63432.84,63633.64,63272.2,200.8,32.0,2024-07-18T18:22:41,63635.49,sl,-4.053,-1.0092,2024-07
2024-07-18T18:45:01,cont,SELL,63381.22,63690.59,63133.72,309.37,64.0,2024-07-18T19:39:18,63692.13,sl,-6.2182,-1.005,2024-07
2024-07-18T20:58:01,flip,BUY,63821.05,63433.78,64130.87,387.27,0.0,2024-07-18T22:42:40,64130.87,tp,6.1963,0.8,2024-07
2024-07-18T22:43:01,flip,BUY,64128.55,63971.38,64254.29,157.17,0.0,2024-07-18T23:15:58,63967.64,sl,-3.2182,-1.0238,2024-07
2024-07-19T00:03:01,flip,SELL,63938.43,64094.32,63813.72,155.89,0.0,2024-07-19T00:13:20,63813.72,tp,2.4942,0.8,2024-07
2024-07-19T00:14:01,cont,SELL,63825.46,63917.31,63751.98,91.85,11.0,2024-07-19T00:16:22,63751.98,tp,1.4696,0.8,2024-07
2024-07-19T00:53:01,cont,SELL,63590.25,63810.39,63414.14,220.14,50.0,2024-07-19T01:17:41,63414.14,tp,3.5222,0.8,2024-07
2024-07-19T01:37:01,flip,BUY,63711.85,63581.68,63815.99,130.17,0.0,2024-07-19T01:48:48,63815.99,tp,2.0827,0.8,2024-07
2024-07-19T01:49:01,cont,BUY,63844.38,63701.93,63958.34,142.45,12.0,2024-07-19T02:15:03,63958.34,tp,2.2792,0.8,2024-07
2024-07-19T02:53:01,flip,SELL,63661.62,63846.52,63513.7,184.9,0.0,2024-07-19T02:56:13,63846.87,sl,-3.705,-1.0019,2024-07
2024-07-19T03:22:03,flip,BUY,64173.97,63966.29,64340.11,207.68,0.0,2024-07-19T03:42:40,64340.11,tp,3.3229,0.8,2024-07
2024-07-19T07:40:01,flip,SELL,63789.01,64072.41,63562.29,283.4,0.0,2024-07-19T08:11:41,63562.29,tp,4.5344,0.8,2024-07
2024-07-19T10:32:01,flip,BUY,64193.62,63678.31,64605.87,515.31,0.0,2024-07-19T13:36:28,64605.87,tp,8.245,0.8,2024-07
2024-07-19T22:44:01,flip,SELL,66869.07,67384.54,66456.69,515.47,0.0,2024-07-20T00:31:12,66456.69,tp,8.2475,0.8,2024-07
2024-07-20T15:31:01,flip,BUY,66824.15,66305.2,67239.31,518.95,0.0,2024-07-20T17:16:15,67239.31,tp,8.3032,0.8,2024-07
2024-07-20T21:03:01,flip,SELL,67078.44,67476.75,66759.79,398.31,0.0,2024-07-21T06:16:55,66759.79,tp,6.373,0.8,2024-07
2024-07-21T08:14:01,flip,BUY,66852.23,66635.47,67025.64,216.76,0.0,2024-07-21T10:07:03,67025.64,tp,3.4682,0.8,2024-07
2024-07-21T10:08:01,cont,BUY,67054.58,66928.76,67155.24,125.82,114.0,2024-07-21T10:17:10,66928.3,sl,-2.5256,-1.0037,2024-07
2024-07-21T13:35:01,flip,SELL,66718.02,66984.21,66505.07,266.19,0.0,2024-07-21T14:11:14,66984.56,sl,-5.3308,-1.0013,2024-07
2024-07-21T14:38:01,flip,BUY,67201.45,67047.22,67324.83,154.23,0.0,2024-07-21T14:39:46,67324.83,tp,2.4677,0.8,2024-07
2024-07-21T15:33:01,cont,BUY,67536.43,67070.42,67909.24,466.01,55.0,2024-07-21T15:47:24,67069.47,sl,-9.3392,-1.002,2024-07
2024-07-21T18:05:01,flip,SELL,66475.43,66828.88,66192.67,353.45,0.0,2024-07-21T18:08:40,66192.67,tp,5.6552,0.8,2024-07
2024-07-21T19:31:01,flip,BUY,67578.26,66801.58,68199.6,776.68,0.0,2024-07-21T20:28:52,68199.6,tp,12.4269,0.8,2024-07
2024-07-22T02:06:01,flip,SELL,67757.14,67989.32,67571.4,232.18,0.0,2024-07-22T02:25:48,68042.78,sl,-5.7128,-1.2303,2024-07
2024-07-22T06:12:01,flip,BUY,67720.38,67505.94,67891.93,214.44,0.0,2024-07-22T06:27:23,67504.71,sl,-4.3134,-1.0057,2024-07
2024-07-22T08:06:01,flip,SELL,67116.22,67404.75,66885.4,288.53,0.0,2024-07-22T09:56:23,67405.16,sl,-5.7788,-1.0014,2024-07
2024-07-22T10:26:01,cont,BUY,67505.74,67309.28,67662.91,196.46,55.0,2024-07-22T10:45:32,67306.44,sl,-3.986,-1.0145,2024-07
2024-07-22T13:30:01,flip,SELL,67576.28,67712.08,67467.64,135.8,0.0,2024-07-22T13:34:17,67713.5,sl,-2.7444,-1.0105,2024-07
2024-07-22T13:44:01,cont,SELL,67404.33,68007.7,66921.63,603.37,14.0,2024-07-22T14:23:13,66921.63,tp,9.6539,0.8,2024-07
2024-07-22T14:35:01,cont,SELL,66801.76,67079.68,66579.42,277.92,65.0,2024-07-22T14:40:03,67080.11,sl,-5.567,-1.0015,2024-07
2024-07-22T14:52:01,cont,SELL,66694.89,67103.59,66367.93,408.7,82.0,2024-07-22T15:47:59,67105.47,sl,-8.2116,-1.0046,2024-07
2024-07-22T16:47:01,cont,BUY,67284.32,66816.42,67658.64,467.9,72.0,2024-07-22T18:10:28,67658.64,tp,7.4864,0.8,2024-07
2024-07-22T18:33:01,flip,SELL,67326.98,67547.72,67150.39,220.74,0.0,2024-07-22T18:51:14,67549.18,sl,-4.444,-1.0066,2024-07
2024-07-22T19:33:01,flip,BUY,67860.51,67625.45,68048.56,235.06,0.0,2024-07-22T19:45:29,68048.56,tp,3.761,0.8,2024-07
2024-07-22T22:19:01,flip,SELL,67540.23,67744.25,67377.01,204.02,0.0,2024-07-22T22:37:08,67744.45,sl,-4.0844,-1.001,2024-07
2024-07-22T23:03:01,cont,SELL,67522.91,67740.7,67348.68,217.79,44.0,2024-07-22T23:12:23,67348.68,tp,3.4846,0.8,2024-07
2024-07-23T09:33:01,flip,BUY,67044.69,66719.32,67304.99,325.37,0.0,2024-07-23T11:02:32,66717.5,sl,-6.5438,-1.0056,2024-07
2024-07-23T12:32:01,flip,SELL,66435.66,66776.94,66162.64,341.28,0.0,2024-07-23T13:32:43,66162.64,tp,5.4605,0.8,2024-07
2024-07-23T13:49:01,cont,SELL,66137.92,66747.77,65650.04,609.85,77.0,2024-07-23T14:21:34,66749.07,sl,-12.223,-1.0021,2024-07
2024-07-23T14:33:01,flip,BUY,66983.18,66749.78,67169.9,233.4,0.0,2024-07-23T14:36:43,67169.9,tp,3.7344,0.8,2024-07
2024-07-23T16:29:01,flip,SELL,66381.37,66734.17,66099.13,352.8,0.0,2024-07-23T16:44:59,66099.13,tp,5.6448,0.8,2024-07
2024-07-23T16:52:01,cont,SELL,66020.81,66235.45,65849.1,214.64,23.0,2024-07-23T17:01:13,65849.1,tp,3.4342,0.8,2024-07
2024-07-23T20:49:01,flip,BUY,65943.1,65587.49,66227.59,355.61,0.0,2024-07-24T02:03:04,65586.89,sl,-7.1242,-1.0017,2024-07
2024-07-24T02:18:01,cont,SELL,65490.19,65626.99,65380.75,136.8,15.0,2024-07-24T02:31:09,65627.03,sl,-2.7368,-1.0003,2024-07
2024-07-24T02:43:01,flip,BUY,65736.46,65628.05,65823.19,108.41,0.0,2024-07-24T02:55:15,65823.19,tp,1.7346,0.8,2024-07
2024-07-24T03:19:01,cont,BUY,66007.66,65767.28,66199.96,240.38,36.0,2024-07-24T04:43:51,65765.67,sl,-4.8398,-1.0067,2024-07
2024-07-24T05:12:01,cont,SELL,65765.85,65921.79,65641.1,155.94,59.0,2024-07-24T05:27:47,65641.1,tp,2.495,0.8,2024-07
2024-07-24T05:52:01,flip,BUY,65815.59,65665.0,65936.06,150.59,0.0,2024-07-24T06:16:18,65936.06,tp,2.4094,0.8,2024-07
2024-07-24T07:22:01,cont,BUY,66041.9,65801.93,66233.88,239.97,90.0,2024-07-24T08:08:55,66233.88,tp,3.8395,0.8,2024-07
2024-07-24T10:31:01,flip,SELL,66332.14,66461.59,66228.58,129.45,0.0,2024-07-24T10:40:35,66464.04,sl,-2.638,-1.0189,2024-07
2024-07-24T11:12:01,flip,BUY,66561.09,66362.29,66720.13,198.8,0.0,2024-07-24T11:40:07,66362.08,sl,-3.9802,-1.0011,2024-07
2024-07-24T11:58:01,cont,SELL,66312.54,66464.26,66191.16,151.72,18.0,2024-07-24T12:05:26,66464.61,sl,-3.0414,-1.0023,2024-07
2024-07-24T12:46:01,cont,SELL,66286.46,66571.53,66058.4,285.07,66.0,2024-07-24T13:21:14,66571.95,sl,-5.7098,-1.0015,2024-07
2024-07-24T13:39:01,flip,BUY,66862.4,66573.59,67093.45,288.81,0.0,2024-07-24T13:56:05,66573.52,sl,-5.7776,-1.0002,2024-07
2024-07-24T14:32:01,cont,BUY,66946.37,66280.1,67479.39,666.27,53.0,2024-07-24T15:24:53,66277.09,sl,-13.3856,-1.0045,2024-07
2024-07-24T15:48:01,flip,SELL,66208.85,66498.93,65976.79,290.08,0.0,2024-07-24T16:49:58,66499.01,sl,-5.8032,-1.0003,2024-07
2024-07-24T17:09:01,cont,BUY,66534.7,66335.92,66693.72,198.78,30.0,2024-07-24T17:18:23,66334.93,sl,-3.9954,-1.005,2024-07
2024-07-24T17:29:01,cont,BUY,66622.69,66317.33,66866.98,305.36,50.0,2024-07-24T18:20:44,66313.4,sl,-6.1858,-1.0129,2024-07
2024-07-24T18:31:01,cont,SELL,66255.52,66376.13,66159.03,120.61,30.0,2024-07-24T18:35:11,66159.03,tp,1.9298,0.8,2024-07
2024-07-24T19:02:01,cont,SELL,65732.02,65844.91,65641.71,112.89,61.0,2024-07-24T19:06:10,65845.64,sl,-2.2724,-1.0065,2024-07
2024-07-24T19:28:01,flip,BUY,66051.87,65773.95,66274.21,277.92,0.0,2024-07-24T19:50:28,65772.61,sl,-5.5852,-1.0048,2024-07
2024-07-24T21:31:01,flip,SELL,65575.35,66090.9,65162.91,515.55,0.0,2024-07-24T23:05:40,65162.91,tp,8.2488,0.8,2024-07
2024-07-24T23:06:01,cont,SELL,65182.76,65712.86,64758.68,530.1,95.0,2024-07-25T01:08:03,64758.68,tp,8.4816,0.8,2024-07
2024-07-25T04:21:01,flip,BUY,64202.55,64076.76,64303.18,125.79,0.0,2024-07-25T04:31:42,64075.23,sl,-2.5464,-1.0122,2024-07
2024-07-25T04:37:01,cont,BUY,64227.64,64054.58,64366.09,173.06,16.0,2024-07-25T05:21:14,64366.09,tp,2.769,0.8,2024-07
2024-07-25T08:03:01,flip,SELL,64088.42,64179.21,64015.79,90.79,0.0,2024-07-25T08:04:32,64015.79,tp,1.4526,0.8,2024-07
2024-07-25T08:19:01,cont,SELL,63946.54,64136.66,63794.44,190.12,16.0,2024-07-25T08:33:11,64138.36,sl,-3.8364,-1.0089,2024-07
2024-07-25T08:55:01,flip,BUY,64419.72,64246.39,64558.38,173.33,0.0,2024-07-25T09:47:24,64245.56,sl,-3.4832,-1.0048,2024-07
2024-07-25T09:54:01,flip,SELL,64228.27,64297.69,64172.73,69.42,0.0,2024-07-25T09:56:28,64298.72,sl,-1.409,-1.0148,2024-07
2024-07-25T10:12:01,cont,SELL,64164.61,64325.37,64036.0,160.76,18.0,2024-07-25T10:17:38,64036.0,tp,2.5722,0.8,2024-07
2024-07-25T10:49:01,cont,SELL,63967.18,64135.0,63832.92,167.82,55.0,2024-07-25T10:52:57,64135.83,sl,-3.373,-1.0049,2024-07
2024-07-25T11:29:01,flip,BUY,64320.32,64217.07,64402.92,103.25,0.0,2024-07-25T11:32:38,64216.93,sl,-2.0678,-1.0014,2024-07
2024-07-25T12:01:01,flip,SELL,64088.8,64215.63,63987.34,126.83,0.0,2024-07-25T12:08:16,64216.33,sl,-2.5506,-1.0055,2024-07
2024-07-25T12:42:01,cont,SELL,64006.72,64346.81,63734.65,340.09,41.0,2024-07-25T13:30:53,64349.0,sl,-6.8456,-1.0064,2024-07
2024-07-25T13:56:01,cont,SELL,63882.72,64385.0,63480.9,502.28,115.0,2024-07-25T14:12:45,63480.9,tp,8.0365,0.8,2024-07
2024-07-25T14:37:01,flip,BUY,64450.4,64218.1,64636.24,232.3,0.0,2024-07-25T14:38:49,64636.24,tp,3.7168,0.8,2024-07
2024-07-25T15:13:01,cont,BUY,64938.72,64615.88,65196.99,322.84,36.0,2024-07-25T15:41:52,64615.31,sl,-6.4682,-1.0018,2024-07
2024-07-25T16:35:01,cont,BUY,65114.84,64550.75,65566.11,564.09,118.0,2024-07-25T18:53:23,64550.26,sl,-11.2916,-1.0009,2024-07
2024-07-25T22:42:01,flip,SELL,65722.52,65876.99,65598.94,154.47,0.0,2024-07-26T00:05:23,65876.99,sl,-3.0894,-1.0,2024-07
2024-07-26T00:06:01,cont,BUY,65883.2,65692.2,66036.0,191.0,46.0,2024-07-26T00:14:48,66036.0,tp,3.056,0.8,2024-07
2024-07-26T00:58:01,cont,BUY,66298.46,65869.99,66641.24,428.47,98.0,2024-07-26T02:24:28,66641.24,tp,6.8555,0.8,2024-07
2024-07-26T14:19:01,flip,SELL,67588.9,67869.63,67364.32,280.73,0.0,2024-07-26T14:25:56,67364.32,tp,4.4917,0.8,2024-07
2024-07-26T14:26:01,cont,SELL,67321.1,67665.37,67045.68,344.27,7.0,2024-07-26T14:32:49,67045.68,tp,5.5083,0.8,2024-07
2024-07-26T19:19:01,flip,BUY,67788.85,67287.47,68189.95,501.38,0.0,2024-07-26T21:46:55,68189.95,tp,8.0221,0.8,2024-07
2024-07-27T00:03:01,flip,SELL,67838.77,67996.94,67712.23,158.17,0.0,2024-07-27T01:54:38,67712.23,tp,2.5307,0.8,2024-07
2024-07-27T01:56:01,cont,SELL,67728.65,67795.53,67675.15,66.88,113.0,2024-07-27T01:58:01,67675.15,tp,1.0701,0.8,2024-07
2024-07-27T02:36:01,flip,BUY,67871.74,67771.27,67952.12,100.47,0.0,2024-07-27T02:47:58,67952.12,tp,1.6075,0.8,2024-07
2024-07-27T08:27:01,flip,SELL,68044.85,68094.84,68004.86,49.99,0.0,2024-07-27T08:35:16,68004.86,tp,0.7998,0.8,2024-07
2024-07-27T09:53:01,flip,BUY,68242.28,68128.08,68333.64,114.2,0.0,2024-07-27T10:41:58,68127.41,sl,-2.2974,-1.0059,2024-07
2024-07-27T11:12:01,flip,SELL,68089.45,68206.47,67995.83,117.02,0.0,2024-07-27T11:32:16,68214.01,sl,-2.4912,-1.0644,2024-07
2024-07-27T12:01:01,flip,BUY,68257.83,68165.07,68332.04,92.76,0.0,2024-07-27T12:03:17,68332.04,tp,1.4842,0.8,2024-07
2024-07-27T13:10:01,cont,BUY,68570.82,68311.25,68778.48,259.57,69.0,2024-07-27T13:10:26,68778.48,tp,4.1531,0.8,2024-07
2024-07-27T19:42:01,flip,SELL,67989.6,68701.15,67420.36,711.55,0.0,2024-07-27T20:20:51,67420.36,tp,11.3848,0.8,2024-07
2024-07-27T21:23:01,flip,BUY,69103.21,68325.18,69725.63,778.03,0.0,2024-07-27T23:05:27,68324.62,sl,-15.5718,-1.0007,2024-07
2024-07-27T23:56:01,flip,SELL,67966.96,68219.03,67765.3,252.07,0.0,2024-07-28T00:02:42,67765.3,tp,4.0331,0.8,2024-07
2024-07-29T02:18:01,flip,BUY,69072.21,68335.12,69661.88,737.09,0.0,2024-07-29T03:03:45,69661.88,tp,11.7934,0.8,2024-07
2024-07-29T03:06:01,cont,BUY,69728.08,69313.7,70059.58,414.38,48.0,2024-07-29T03:18:23,69313.47,sl,-8.2922,-1.0006,2024-07
2024-07-29T04:18:01,flip,SELL,69240.07,69470.63,69055.62,230.56,0.0,2024-07-29T05:12:17,69470.89,sl,-4.6164,-1.0011,2024-07
2024-07-29T05:28:01,flip,BUY,69582.53,69454.33,69685.09,128.2,0.0,2024-07-29T05:39:30,69685.09,tp,2.0512,0.8,2024-07
2024-07-29T06:26:01,cont,BUY,69833.97,69523.44,70082.39,310.53,58.0,2024-07-29T07:06:12,69519.61,sl,-6.2872,-1.0123,2024-07
2024-07-29T08:42:01,flip,SELL,69375.72,69703.06,69113.85,327.34,0.0,2024-07-29T10:35:43,69706.19,sl,-6.6094,-1.0096,2024-07
2024-07-29T11:11:01,flip,BUY,69764.92,69605.31,69892.61,159.61,0.0,2024-07-29T11:59:36,69603.28,sl,-3.2328,-1.0127,2024-07
2024-07-29T12:07:01,cont,SELL,69520.9,69654.14,69414.31,133.24,14.0,2024-07-29T12:10:24,69414.31,tp,2.1318,0.8,2024-07
2024-07-29T13:06:01,flip,BUY,70003.62,69674.99,70266.52,328.63,0.0,2024-07-29T13:25:56,69669.64,sl,-6.6796,-1.0163,2024-07
2024-07-29T13:39:01,flip,SELL,69465.11,69692.57,69283.14,227.46,0.0,2024-07-29T13:45:29,69283.14,tp,3.6394,0.8,2024-07
2024-07-29T14:03:01,cont,SELL,69067.35,69480.88,68736.53,413.53,24.0,2024-07-29T14:12:27,68736.53,tp,6.6165,0.8,2024-07
2024-07-29T14:27:01,cont,SELL,68662.71,69016.89,68379.37,354.18,48.0,2024-07-29T14:50:22,68379.37,tp,5.6669,0.8,2024-07
2024-07-29T15:17:01,cont,SELL,67848.41,68105.4,67642.82,256.99,98.0,2024-07-29T15:40:26,68108.82,sl,-5.2082,-1.0133,2024-07
2024-07-29T18:02:01,flip,BUY,67173.48,66613.15,67621.74,560.33,0.0,2024-07-29T23:17:48,66612.5,sl,-11.2196,-1.0012,2024-07
2024-07-30T00:18:01,flip,SELL,66540.96,67046.79,66136.3,505.83,0.0,2024-07-30T00:20:41,66136.3,tp,8.0933,0.8,2024-07
2024-07-30T00:21:01,cont,SELL,66131.22,66693.18,65681.65,561.96,3.0,2024-07-30T01:02:25,66693.19,sl,-11.2394,-1.0,2024-07
2024-07-30T01:23:01,flip,BUY,66787.66,66666.77,66884.37,120.89,0.0,2024-07-30T01:34:12,66666.68,sl,-2.4196,-1.0007,2024-07
2024-07-30T01:49:01,flip,SELL,66217.51,66439.78,66039.69,222.27,0.0,2024-07-30T02:06:40,66441.07,sl,-4.4712,-1.0058,2024-07
2024-07-30T02:25:01,cont,SELL,66069.56,66442.78,65770.98,373.22,36.0,2024-07-30T02:51:28,66444.26,sl,-7.494,-1.004,2024-07
2024-07-30T03:14:01,flip,BUY,66620.4,66509.22,66709.34,111.18,0.0,2024-07-30T03:18:32,66507.41,sl,-2.2598,-1.0163,2024-07
2024-07-30T04:15:01,cont,BUY,66666.97,66448.56,66841.7,218.41,61.0,2024-07-30T05:26:25,66447.12,sl,-4.397,-1.0066,2024-07
2024-07-30T07:16:01,flip,BUY,66932.68,66799.75,67039.02,132.93,0.0,2024-07-30T08:28:13,66799.49,sl,-2.6638,-1.002,2024-07
2024-07-30T08:55:01,flip,SELL,66767.96,66888.2,66671.77,120.24,0.0,2024-07-30T09:11:33,66888.55,sl,-2.4118,-1.0029,2024-07
2024-07-30T09:43:01,cont,SELL,66613.56,66876.81,66402.96,263.25,48.0,2024-07-30T10:09:12,66402.96,tp,4.212,0.8,2024-07
2024-07-30T13:37:01,flip,BUY,66886.84,66469.69,67220.56,417.15,0.0,2024-07-30T13:43:09,66467.63,sl,-8.3842,-1.0049,2024-07
2024-07-30T13:55:01,flip,SELL,66323.03,66488.99,66190.26,165.96,0.0,2024-07-30T14:02:24,66190.26,tp,2.6554,0.8,2024-07
2024-07-30T14:11:01,cont,SELL,66184.12,66429.62,65987.72,245.5,16.0,2024-07-30T14:15:44,66430.07,sl,-4.919,-1.0018,2024-07
2024-07-30T14:30:01,cont,SELL,66091.56,66411.8,65835.37,320.24,35.0,2024-07-30T14:58:58,65835.37,tp,5.1238,0.8,2024-07
2024-07-30T14:59:01,cont,SELL,65696.4,66088.68,65382.58,392.28,64.0,2024-07-30T15:25:03,66089.37,sl,-7.8594,-1.0018,2024-07
2024-07-30T15:53:01,flip,BUY,66280.89,66005.77,66500.99,275.12,0.0,2024-07-30T16:42:47,66500.99,tp,4.4019,0.8,2024-07
2024-07-30T17:18:01,flip,SELL,65875.08,66086.36,65706.06,211.28,0.0,2024-07-30T17:37:42,65706.06,tp,3.3805,0.8,2024-07
2024-07-30T17:46:01,flip,BUY,66006.02,65739.47,66219.26,266.55,0.0,2024-07-30T18:03:17,65737.51,sl,-5.3702,-1.0074,2024-07
2024-07-30T19:14:01,flip,SELL,65583.99,66037.57,65221.13,453.58,0.0,2024-07-30T20:21:14,66037.62,sl,-9.0726,-1.0001,2024-07
2024-07-30T20:42:01,flip,BUY,66222.8,66070.06,66344.99,152.74,0.0,2024-07-30T20:45:27,66069.85,sl,-3.059,-1.0014,2024-07
2024-07-30T21:19:01,flip,SELL,65965.99,66205.31,65774.53,239.32,0.0,2024-07-30T21:37:43,66206.97,sl,-4.8196,-1.0069,2024-07
2024-07-30T21:53:01,flip,BUY,66281.39,66153.17,66383.97,128.22,0.0,2024-07-30T22:12:30,66147.94,sl,-2.669,-1.0408,2024-07
2024-07-30T22:13:01,flip,SELL,66131.45,66274.85,66016.73,143.4,0.0,2024-07-30T22:14:32,66274.96,sl,-2.8702,-1.0008,2024-07
2024-07-30T23:04:01,flip,BUY,66303.64,66080.5,66482.15,223.14,0.0,2024-07-31T00:03:58,66080.46,sl,-4.4636,-1.0002,2024-07
2024-07-31T00:24:01,flip,SELL,65944.0,66071.88,65841.7,127.88,0.0,2024-07-31T00:30:50,66073.29,sl,-2.5858,-1.011,2024-07
2024-07-31T00:56:01,flip,BUY,66344.31,66185.61,66471.27,158.7,0.0,2024-07-31T01:31:53,66185.32,sl,-3.1798,-1.0018,2024-07
2024-07-31T01:43:01,flip,SELL,66085.16,66239.3,65961.85,154.14,0.0,2024-07-31T01:49:47,66240.36,sl,-3.104,-1.0069,2024-07
2024-07-31T02:28:01,flip,BUY,66409.3,66142.94,66622.39,266.36,0.0,2024-07-31T02:35:47,66142.37,sl,-5.3386,-1.0021,2024-07
2024-07-31T03:24:01,flip,SELL,66038.14,66219.65,65892.93,181.51,0.0,2024-07-31T04:14:44,65892.93,tp,2.9042,0.8,2024-07
2024-07-31T04:36:01,cont,SELL,65713.45,65854.52,65600.59,141.07,72.0,2024-07-31T04:50:56,65600.59,tp,2.2571,0.8,2024-07
2024-07-31T05:47:01,flip,BUY,65907.93,65802.0,65992.67,105.93,0.0,2024-07-31T05:50:15,65992.67,tp,1.6949,0.8,2024-07
2024-07-31T19:47:01,flip,SELL,65586.75,65976.71,65274.78,389.96,0.0,2024-07-31T19:52:00,65274.78,tp,6.2394,0.8,2024-07
2024-07-31T20:19:01,cont,SELL,64797.75,65408.95,64308.79,611.2,32.0,2024-08-01T01:35:25,64308.79,tp,9.7792,0.8,2024-07
2024-08-01T05:43:01,flip,BUY,64196.92,64076.5,64293.26,120.42,0.0,2024-08-01T05:44:26,64293.26,tp,1.9267,0.8,2024-08
2024-08-01T06:40:01,cont,BUY,64415.27,64097.01,64669.88,318.26,57.0,2024-08-01T09:13:23,64669.88,tp,5.0922,0.8,2024-08
2024-08-01T10:22:01,flip,SELL,64286.58,64479.14,64132.53,192.56,0.0,2024-08-01T10:28:38,64484.23,sl,-3.953,-1.0264,2024-08
2024-08-01T10:52:01,flip,BUY,64573.84,64435.79,64684.28,138.05,0.0,2024-08-01T11:55:58,64684.28,tp,2.2088,0.8,2024-08
2024-08-01T12:04:01,cont,BUY,64750.56,64638.28,64840.38,112.28,72.0,2024-08-01T12:16:46,64840.38,tp,1.7965,0.8,2024-08
2024-08-01T13:36:01,flip,SELL,64525.05,64662.18,64415.35,137.13,0.0,2024-08-01T13:44:04,64663.59,sl,-2.7708,-1.0103,2024-08
2024-08-01T14:19:01,cont,SELL,64457.32,64889.01,64111.97,431.69,43.0,2024-08-01T14:31:50,64111.97,tp,6.907,0.8,2024-08
2024-08-01T14:56:01,cont,SELL,64004.98,64449.98,63648.98,445.0,80.0,2024-08-01T15:03:38,63648.98,tp,7.12,0.8,2024-08
2024-08-01T18:15:01,flip,BUY,63266.65,62863.98,63588.79,402.67,0.0,2024-08-01T18:38:54,62863.16,sl,-8.0698,-1.002,2024-08
2024-08-01T19:51:01,cont,BUY,63436.82,62725.51,64005.87,711.31,96.0,2024-08-01T20:36:29,64005.87,tp,11.381,0.8,2024-08
2024-08-02T02:20:01,flip,SELL,64390.16,64860.24,64014.1,470.08,0.0,2024-08-02T02:26:44,64014.1,tp,7.5213,0.8,2024-08
2024-08-02T13:41:01,flip,BUY,65092.13,64754.41,65362.31,337.72,0.0,2024-08-02T13:46:20,65362.31,tp,5.4035,0.8,2024-08
2024-08-02T14:37:01,flip,SELL,64584.35,65015.56,64239.38,431.21,0.0,2024-08-02T14:42:39,64239.38,tp,6.8994,0.8,2024-08
2024-08-02T14:49:01,cont,SELL,63985.55,64162.45,63844.03,176.9,12.0,2024-08-02T14:51:36,63844.03,tp,2.8304,0.8,2024-08
2024-08-02T15:23:01,cont,SELL,62611.49,62929.72,62356.91,318.23,46.0,2024-08-02T15:33:36,62931.39,sl,-6.398,-1.0052,2024-08
2024-08-02T16:06:01,flip,BUY,63563.94,63372.41,63717.16,191.53,0.0,2024-08-02T16:09:12,63371.18,sl,-3.8552,-1.0064,2024-08
2024-08-02T18:02:01,flip,SELL,62997.59,63472.89,62617.35,475.3,0.0,2024-08-02T19:47:11,62617.35,tp,7.6048,0.8,2024-08
2024-08-02T19:48:01,cont,SELL,62582.84,62718.1,62474.63,135.26,106.0,2024-08-02T19:57:14,62718.88,sl,-2.7208,-1.0058,2024-08
2024-08-03T02:01:01,flip,BUY,61189.8,60921.18,61404.7,268.62,0.0,2024-08-03T02:56:27,61404.7,tp,4.2979,0.8,2024-08
2024-08-03T03:10:01,cont,BUY,61423.79,61278.96,61539.65,144.83,69.0,2024-08-03T03:18:24,61539.65,tp,2.3173,0.8,2024-08
2024-08-03T03:24:01,cont,BUY,61617.11,61443.92,61755.66,173.19,83.0,2024-08-03T03:43:06,61755.66,tp,2.771,0.8,2024-08
2024-08-03T15:22:01,flip,SELL,61876.03,62182.86,61630.57,306.83,0.0,2024-08-03T15:57:26,61630.57,tp,4.9093,0.8,2024-08
2024-08-03T15:58:01,cont,SELL,61586.97,61970.05,61280.51,383.08,36.0,2024-08-03T16:02:13,61280.51,tp,6.1293,0.8,2024-08
2024-08-03T16:17:01,cont,SELL,60735.45,60925.95,60583.05,190.5,55.0,2024-08-03T16:28:19,60583.05,tp,3.048,0.8,2024-08
2024-08-03T16:29:01,cont,SELL,60530.01,60753.48,60351.23,223.47,67.0,2024-08-03T16:29:28,60753.63,sl,-4.4724,-1.0007,2024-08
2024-08-03T16:47:01,cont,SELL,60435.69,61258.47,59777.47,822.78,85.0,2024-08-04T14:39:04,59777.47,tp,13.1645,0.8,2024-08
2024-08-04T14:51:01,flip,SELL,59602.08,59915.66,59351.22,313.58,0.0,2024-08-04T14:53:29,59351.22,tp,5.0173,0.8,2024-08
2024-08-04T15:18:01,cont,SELL,59210.7,59683.17,58832.72,472.47,27.0,2024-08-04T16:27:53,58832.72,tp,7.5595,0.8,2024-08
2024-08-04T16:28:01,cont,SELL,58805.3,59224.1,58470.26,418.8,97.0,2024-08-04T17:05:33,58470.26,tp,6.7008,0.8,2024-08
2024-08-04T19:13:01,flip,BUY,58878.13,58445.87,59223.94,432.26,0.0,2024-08-04T19:23:27,59223.94,tp,6.9162,0.8,2024-08
2024-08-04T20:11:01,cont,BUY,59471.49,59072.56,59790.63,398.93,58.0,2024-08-04T20:35:25,59072.01,sl,-7.9896,-1.0014,2024-08
2024-08-04T21:22:01,flip,SELL,58630.21,59165.49,58201.99,535.28,0.0,2024-08-04T23:47:29,58201.99,tp,8.5645,0.8,2024-08
2024-08-05T15:12:01,flip,BUY,54683.91,53560.57,55582.58,1123.34,0.0,2024-08-05T16:25:27,55582.58,tp,17.9734,0.8,2024-08
2024-08-05T16:46:01,flip,SELL,54498.59,54901.93,54175.92,403.34,0.0,2024-08-05T16:58:23,54175.92,tp,6.4534,0.8,2024-08
2024-08-05T17:07:01,cont,SELL,54043.95,54350.33,53798.85,306.38,21.0,2024-08-05T17:11:37,54353.6,sl,-6.193,-1.0107,2024-08
2024-08-05T17:49:01,flip,BUY,54925.43,54351.01,55384.97,574.42,0.0,2024-08-05T18:14:39,54350.53,sl,-11.498,-1.0008,2024-08
2024-08-05T18:40:02,flip,SELL,53680.05,54115.62,53331.59,435.57,0.0,2024-08-05T18:55:11,53331.59,tp,6.9691,0.8,2024-08
2024-08-05T19:11:01,cont,SELL,53002.15,53463.08,52633.41,460.93,31.0,2024-08-05T19:18:50,52633.41,tp,7.3749,0.8,2024-08
2024-08-05T20:04:01,flip,BUY,53696.59,52792.04,54420.23,904.55,0.0,2024-08-05T20:59:35,54420.23,tp,14.4728,0.8,2024-08
2024-08-05T21:00:01,cont,BUY,54434.07,53603.43,55098.58,830.64,56.0,2024-08-05T21:16:18,55098.58,tp,13.2902,0.8,2024-08
2024-08-05T21:17:01,cont,BUY,55043.24,54323.05,55619.39,720.19,73.0,2024-08-05T21:49:54,54322.52,sl,-14.4144,-1.0007,2024-08
2024-08-05T22:13:01,flip,SELL,54326.18,54855.63,53902.62,529.45,0.0,2024-08-05T22:23:01,54856.16,sl,-10.5996,-1.001,2024-08
2024-08-05T22:29:01,flip,BUY,55008.33,54664.35,55283.51,343.98,0.0,2024-08-05T22:51:06,54663.88,sl,-6.889,-1.0014,2024-08
2024-08-05T23:06:01,cont,BUY,55067.81,54551.99,55480.47,515.82,37.0,2024-08-05T23:21:59,54546.11,sl,-10.434,-1.0114,2024-08
2024-08-05T23:39:01,flip,SELL,54462.39,54594.03,54357.08,131.64,0.0,2024-08-05T23:42:23,54357.08,tp,2.1062,0.8,2024-08
2024-08-05T23:46:01,cont,SELL,54313.88,54414.23,54233.6,100.35,7.0,2024-08-05T23:48:36,54233.6,tp,1.6056,0.8,2024-08
2024-08-06T00:49:01,flip,BUY,55903.37,55397.71,56307.9,505.66,0.0,2024-08-06T01:04:45,56307.9,tp,8.0906,0.8,2024-08
2024-08-06T04:04:01,flip,SELL,55421.84,56081.17,54894.38,659.33,0.0,2024-08-06T06:04:42,56086.64,sl,-13.296,-1.0083,2024-08
2024-08-06T06:05:01,cont,BUY,56070.24,55904.41,56202.9,165.83,16.0,2024-08-06T06:09:20,55904.38,sl,-3.3172,-1.0002,2024-08
2024-08-06T07:15:01,flip,SELL,55570.69,56068.58,55172.38,497.89,0.0,2024-08-06T07:46:29,56069.57,sl,-9.9776,-1.002,2024-08
2024-08-06T07:53:01,flip,BUY,56227.5,55936.27,56460.48,291.23,0.0,2024-08-06T08:01:20,55935.18,sl,-5.8464,-1.0037,2024-08
2024-08-06T08:10:01,flip,SELL,55891.85,56128.94,55702.18,237.09,0.0,2024-08-06T08:17:19,55702.18,tp,3.7934,0.8,2024-08
2024-08-06T08:32:01,cont,SELL,55414.58,55603.26,55263.64,188.68,22.0,2024-08-06T08:34:16,55263.64,tp,3.0189,0.8,2024-08
2024-08-06T16:13:01,flip,BUY,56708.51,55819.61,57419.63,888.9,0.0,2024-08-07T00:14:36,55806.02,sl,-18.0498,-1.0153,2024-08
2024-08-07T00:57:01,flip,BUY,56461.63,55976.05,56850.09,485.58,0.0,2024-08-07T01:12:12,55975.01,sl,-9.7324,-1.0021,2024-08
2024-08-07T01:38:01,cont,BUY,56510.17,55961.48,56949.12,548.69,41.0,2024-08-07T01:53:53,56949.12,tp,8.779,0.8,2024-08
2024-08-07T02:25:01,cont,BUY,57102.22,56694.49,57428.4,407.73,88.0,2024-08-07T02:45:50,56694.45,sl,-8.1554,-1.0001,2024-08
2024-08-07T11:39:01,flip,SELL,57128.04,57250.09,57030.4,122.05,0.0,2024-08-07T11:41:28,57030.4,tp,1.9528,0.8,2024-08
2024-08-07T12:06:01,cont,SELL,56910.09,57135.3,56729.92,225.21,27.0,2024-08-07T12:16:24,57141.26,sl,-4.6234,-1.0265,2024-08
2024-08-07T13:01:01,flip,BUY,57434.75,57052.02,57740.93,382.73,0.0,2024-08-07T13:46:58,57044.72,sl,-7.8006,-1.0191,2024-08
2024-08-07T14:04:01,flip,SELL,56783.26,57052.89,56567.56,269.63,0.0,2024-08-07T14:17:11,56567.56,tp,4.3141,0.8,2024-08
2024-08-07T14:18:01,cont,SELL,56520.44,56821.07,56279.94,300.63,14.0,2024-08-07T14:26:32,56279.94,tp,4.8101,0.8,2024-08
2024-08-07T14:27:01,cont,SELL,56235.2,56620.87,55926.66,385.67,23.0,2024-08-07T14:36:32,55926.66,tp,6.1707,0.8,2024-08
2024-08-07T20:33:01,flip,BUY,55319.04,55052.42,55532.34,266.62,0.0,2024-08-07T20:39:01,55049.63,sl,-5.3882,-1.0105,2024-08
2024-08-07T20:51:01,flip,SELL,54799.25,55128.51,54535.84,329.26,0.0,2024-08-07T20:59:20,55130.26,sl,-6.6202,-1.0053,2024-08
2024-08-07T21:43:01,flip,BUY,55353.24,54873.85,55736.75,479.39,0.0,2024-08-07T22:19:09,54859.17,sl,-9.8814,-1.0306,2024-08
2024-08-08T23:24:01,flip,SELL,62201.65,62363.71,62072.0,162.06,0.0,2024-08-08T23:27:21,62072.0,tp,2.593,0.8,2024-08
2024-08-08T23:51:01,cont,SELL,61745.55,62123.64,61443.08,378.09,27.0,2024-08-09T00:10:24,61443.08,tp,6.0494,0.8,2024-08
2024-08-09T00:42:01,cont,SELL,61381.56,61696.29,61129.78,314.73,78.0,2024-08-09T00:56:33,61129.78,tp,5.0357,0.8,2024-08
2024-08-09T00:57:01,cont,SELL,61155.97,61419.34,60945.27,263.37,93.0,2024-08-09T01:02:50,60945.27,tp,4.2139,0.8,2024-08
2024-08-09T06:03:01,flip,BUY,61052.04,60823.17,61235.14,228.87,0.0,2024-08-09T06:22:15,60822.82,sl,-4.5844,-1.0015,2024-08
2024-08-09T06:39:01,cont,BUY,61057.33,60754.51,61299.59,302.82,36.0,2024-08-09T07:55:30,60753.36,sl,-6.0794,-1.0038,2024-08
2024-08-09T08:07:01,cont,SELL,60679.24,60919.87,60486.74,240.63,20.0,2024-08-09T08:26:59,60923.97,sl,-4.8946,-1.017,2024-08
2024-08-09T09:06:01,flip,BUY,61185.39,61074.12,61274.41,111.27,0.0,2024-08-09T09:12:06,61072.58,sl,-2.2562,-1.0138,2024-08
2024-08-09T09:21:02,flip,SELL,60966.93,61092.9,60866.15,125.97,0.0,2024-08-09T09:36:54,60866.15,tp,2.0155,0.8,2024-08
2024-08-09T09:37:01,cont,SELL,60839.41,61014.38,60699.43,174.97,16.0,2024-08-09T10:00:29,60699.43,tp,2.7995,0.8,2024-08
2024-08-09T10:21:01,cont,SELL,60485.33,60842.48,60199.61,357.15,60.0,2024-08-09T10:22:52,60199.61,tp,5.7144,0.8,2024-08
2024-08-11T09:21:01,flip,BUY,61762.47,60247.84,62974.17,1514.63,0.0,2024-08-11T12:15:20,60239.92,sl,-30.451,-1.0052,2024-08
2024-08-11T15:05:01,flip,SELL,60064.09,60791.43,59482.22,727.34,0.0,2024-08-11T20:04:15,59482.22,tp,11.6374,0.8,2024-08
2024-08-11T21:53:01,flip,BUY,59042.12,58793.65,59240.9,248.47,0.0,2024-08-11T22:03:24,59240.9,tp,3.9755,0.8,2024-08
2024-08-11T22:15:01,flip,SELL,58648.29,58861.93,58477.38,213.64,0.0,2024-08-11T22:20:03,58869.2,sl,-4.4182,-1.034,2024-08
2024-08-12T11:03:01,flip,BUY,59327.87,58187.82,60239.91,1140.05,0.0,2024-08-12T13:57:24,58186.52,sl,-22.827,-1.0011,2024-08
2024-08-12T14:34:01,flip,BUY,59822.3,59409.27,60152.72,413.03,0.0,2024-08-12T14:37:05,60152.72,tp,6.6085,0.8,2024-08
2024-08-12T18:25:01,flip,SELL,59184.74,60451.43,58171.39,1266.69,0.0,2024-08-13T16:38:59,60461.65,sl,-25.5382,-1.0081,2024-08
2024-08-13T18:19:01,flip,SELL,60918.76,61269.12,60638.47,350.36,0.0,2024-08-13T19:07:27,60638.47,tp,5.6058,0.8,2024-08
2024-08-13T19:50:01,flip,BUY,60964.32,60645.85,61219.1,318.47,0.0,2024-08-13T20:24:04,60643.0,sl,-6.4264,-1.0089,2024-08
2024-08-13T21:06:01,flip,SELL,60553.24,60797.93,60357.49,244.69,0.0,2024-08-13T21:16:29,60799.42,sl,-4.9236,-1.0061,2024-08
2024-08-13T22:19:01,cont,SELL,60477.44,61165.94,59926.64,688.5,73.0,2024-08-14T03:29:35,61168.97,sl,-13.8306,-1.0044,2024-08
2024-08-14T03:47:01,cont,BUY,61363.33,61078.96,61590.83,284.37,68.0,2024-08-14T03:52:02,61068.39,sl,-5.8988,-1.0372,2024-08
2024-08-14T04:03:03,flip,SELL,60973.69,61032.18,60926.9,58.49,0.0,2024-08-14T04:03:20,61033.15,sl,-1.1892,-1.0166,2024-08
2024-08-14T04:29:01,flip,BUY,61179.09,60918.98,61387.18,260.11,0.0,2024-08-14T05:01:20,60918.77,sl,-5.2064,-1.0008,2024-08
2024-08-14T05:48:01,flip,SELL,60887.42,61108.76,60710.35,221.34,0.0,2024-08-14T06:05:51,60710.35,tp,3.5414,0.8,2024-08
2024-08-14T07:53:01,flip,BUY,60960.8,60732.56,61143.39,228.24,0.0,2024-08-14T08:15:32,60719.07,sl,-4.8346,-1.0591,2024-08
2024-08-14T09:07:01,cont,BUY,61009.86,60666.59,61284.48,343.27,74.0,2024-08-14T10:34:32,61284.48,tp,5.4923,0.8,2024-08
2024-08-14T13:14:01,flip,SELL,60760.41,61217.5,60394.74,457.09,0.0,2024-08-14T13:41:35,60394.74,tp,7.3134,0.8,2024-08
2024-08-14T14:01:01,cont,SELL,59499.67,59697.07,59341.75,197.4,47.0,2024-08-14T14:02:25,59341.75,tp,3.1584,0.8,2024-08
2024-08-14T14:11:01,cont,SELL,59246.55,59579.04,58980.56,332.49,57.0,2024-08-14T14:11:37,58980.56,tp,5.3198,0.8,2024-08
2024-08-14T15:42:01,flip,BUY,59704.51,58942.66,60313.99,761.85,0.0,2024-08-14T16:44:07,58939.76,sl,-15.295,-1.0038,2024-08
2024-08-14T19:15:01,flip,SELL,58738.44,59431.75,58183.79,693.31,0.0,2024-08-15T01:58:55,58183.79,tp,11.093,0.8,2024-08
2024-08-15T08:59:01,flip,BUY,58362.88,58244.2,58457.82,118.68,0.0,2024-08-15T09:03:58,58457.82,tp,1.8989,0.8,2024-08
2024-08-15T09:44:01,cont,BUY,58513.45,58308.93,58677.07,204.52,45.0,2024-08-15T10:43:28,58307.34,sl,-4.1222,-1.0078,2024-08
2024-08-15T17:18:01,flip,SELL,59289.41,59414.4,59189.42,124.99,0.0,2024-08-15T17:24:10,59417.17,sl,-2.5552,-1.0222,2024-08
2024-08-15T17:58:01,cont,SELL,59160.68,59496.45,58892.06,335.77,40.0,2024-08-15T17:59:10,58892.06,tp,5.3723,0.8,2024-08
2024-08-15T19:11:01,cont,SELL,57404.82,58031.27,56903.66,626.45,113.0,2024-08-15T19:29:21,56903.66,tp,10.0232,0.8,2024-08
2024-08-15T22:29:01,flip,BUY,57676.87,57367.15,57924.65,309.72,0.0,2024-08-16T00:16:55,57366.37,sl,-6.21,-1.0025,2024-08
2024-08-16T01:12:01,cont,SELL,57356.4,57667.17,57107.78,310.77,65.0,2024-08-16T01:22:06,57107.78,tp,4.9723,0.8,2024-08
2024-08-16T06:49:01,flip,BUY,58604.71,57809.44,59240.93,795.27,0.0,2024-08-16T12:33:10,57807.17,sl,-15.9508,-1.0029,2024-08
2024-08-16T17:33:01,flip,BUY,59071.17,57613.74,60237.11,1457.43,0.0,2024-08-18T02:58:44,60237.11,tp,23.3189,0.8,2024-08
2024-08-18T23:13:01,flip,SELL,59159.49,60333.83,58220.02,1174.34,0.0,2024-08-19T09:49:16,58220.02,tp,18.7894,0.8,2024-08
2024-08-19T10:05:01,flip,SELL,57934.48,58167.98,57747.68,233.5,0.0,2024-08-19T10:11:55,58193.88,sl,-5.188,-1.1109,2024-08
2024-08-19T11:50:01,flip,BUY,58303.65,58016.28,58533.55,287.37,0.0,2024-08-19T11:58:24,58533.55,tp,4.5979,0.8,2024-08
2024-08-19T13:06:01,cont,BUY,58591.71,58293.57,58830.22,298.14,76.0,2024-08-19T13:18:40,58830.22,tp,4.7702,0.8,2024-08
2024-08-19T13:52:01,flip,SELL,58313.14,58638.25,58053.05,325.11,0.0,2024-08-19T14:59:15,58645.18,sl,-6.6408,-1.0213,2024-08
2024-08-19T15:07:01,flip,BUY,58731.61,58622.98,58818.51,108.63,0.0,2024-08-19T15:14:47,58619.54,sl,-2.2414,-1.0317,2024-08
2024-08-19T16:01:01,flip,SELL,58538.26,58806.22,58323.89,267.96,0.0,2024-08-19T17:01:29,58808.5,sl,-5.4048,-1.0085,2024-08
2024-08-19T17:21:01,flip,BUY,58878.44,58595.66,59104.66,282.78,0.0,2024-08-19T17:32:57,59104.66,tp,4.5245,0.8,2024-08
2024-08-19T17:33:01,cont,BUY,59141.79,58831.93,59389.68,309.86,12.0,2024-08-19T17:51:22,58831.8,sl,-6.1998,-1.0004,2024-08
2024-08-20T08:23:01,flip,SELL,60757.52,60832.87,60697.24,75.35,0.0,2024-08-20T08:38:48,60836.44,sl,-1.5784,-1.0474,2024-08
2024-08-20T09:06:01,flip,BUY,60919.23,60709.32,61087.16,209.91,0.0,2024-08-20T10:39:50,60697.83,sl,-4.428,-1.0547,2024-08
2024-08-20T10:40:01,cont,SELL,60705.34,60820.28,60613.39,114.94,57.0,2024-08-20T10:44:34,60820.75,sl,-2.3082,-1.0041,2024-08
2024-08-20T11:12:01,cont,SELL,60636.32,60847.67,60467.24,211.35,89.0,2024-08-20T11:44:59,60467.24,tp,3.3816,0.8,2024-08
2024-08-20T13:53:01,flip,BUY,60928.77,60680.37,61127.49,248.4,0.0,2024-08-20T14:01:33,60678.32,sl,-5.009,-1.0083,2024-08
2024-08-20T14:33:01,flip,SELL,59810.66,60075.09,59599.12,264.43,0.0,2024-08-20T14:34:52,60079.85,sl,-5.3838,-1.018,2024-08
2024-08-20T14:39:01,cont,SELL,59751.52,60065.39,59500.42,313.87,6.0,2024-08-20T14:57:15,59500.42,tp,5.0219,0.8,2024-08
2024-08-20T15:00:01,cont,SELL,59489.43,59746.12,59284.08,256.69,27.0,2024-08-20T15:00:23,59284.08,tp,4.107,0.8,2024-08
2024-08-20T16:11:01,cont,SELL,58648.88,59244.35,58172.5,595.47,98.0,2024-08-20T18:05:57,59246.29,sl,-11.9482,-1.0033,2024-08
2024-08-20T18:12:01,flip,BUY,59361.13,59205.87,59485.34,155.26,0.0,2024-08-20T18:25:08,59485.34,tp,2.4842,0.8,2024-08
2024-08-20T18:43:01,cont,BUY,59524.33,59267.03,59730.17,257.3,31.0,2024-08-20T18:59:05,59251.2,sl,-5.4626,-1.0615,2024-08
2024-08-20T19:46:01,cont,BUY,59558.72,59150.39,59885.38,408.33,94.0,2024-08-20T21:06:10,59147.36,sl,-8.2272,-1.0074,2024-08
2024-08-21T08:01:01,flip,BUY,59793.26,59591.34,59954.8,201.92,0.0,2024-08-21T08:08:32,59590.55,sl,-4.0542,-1.0039,2024-08
2024-08-21T09:19:01,flip,SELL,59229.56,59616.07,58920.35,386.51,0.0,2024-08-21T12:42:20,59619.56,sl,-7.8,-1.009,2024-08
2024-08-21T18:27:01,flip,BUY,60362.36,59218.63,61277.34,1143.73,0.0,2024-08-21T19:35:26,61277.34,tp,18.2997,0.8,2024-08
2024-08-21T19:36:01,cont,BUY,61307.37,60796.45,61716.11,510.92,69.0,2024-08-21T20:00:33,61716.11,tp,8.1747,0.8,2024-08
2024-08-21T20:01:01,cont,BUY,61693.63,61528.86,61825.45,164.77,94.0,2024-08-21T20:04:11,61825.45,tp,2.6363,0.8,2024-08
2024-08-21T20:34:01,flip,SELL,61216.61,61326.6,61128.62,109.99,0.0,2024-08-21T20:35:10,61327.77,sl,-2.2232,-1.0106,2024-08
2024-08-21T22:31:01,flip,BUY,61445.74,61149.85,61682.45,295.89,0.0,2024-08-21T23:00:38,61146.81,sl,-5.9786,-1.0103,2024-08
2024-08-21T23:38:01,flip,SELL,61050.57,61275.95,60870.27,225.38,0.0,2024-08-22T00:57:33,60870.27,tp,3.6061,0.8,2024-08
2024-08-22T00:58:01,cont,SELL,60870.27,61006.39,60761.37,136.12,80.0,2024-08-22T01:01:52,60761.37,tp,2.1779,0.8,2024-08
2024-08-22T06:05:01,flip,BUY,60897.26,60610.94,61126.32,286.32,0.0,2024-08-22T10:33:21,61126.32,tp,4.5811,0.8,2024-08
2024-08-22T13:44:01,flip,SELL,60606.63,60913.68,60360.99,307.05,0.0,2024-08-22T13:55:59,60915.18,sl,-6.171,-1.0049,2024-08
2024-08-22T14:33:01,cont,SELL,60427.84,60907.42,60044.18,479.58,49.0,2024-08-23T00:39:13,60946.69,sl,-10.377,-1.0819,2024-08
2024-08-23T11:22:01,flip,SELL,60713.53,60907.16,60558.63,193.63,0.0,2024-08-23T12:22:54,60908.09,sl,-3.8912,-1.0048,2024-08
2024-08-23T12:34:01,flip,BUY,60913.67,60842.39,60970.69,71.28,0.0,2024-08-23T12:46:58,60970.69,tp,1.1405,0.8,2024-08
2024-08-23T12:47:01,cont,BUY,60986.43,60911.36,61046.49,75.07,13.0,2024-08-23T12:47:54,61046.49,tp,1.2011,0.8,2024-08
2024-08-23T14:01:01,cont,BUY,61366.65,60868.06,61765.52,498.59,87.0,2024-08-23T14:09:42,61765.52,tp,7.9774,0.8,2024-08
2024-08-26T14:40:01,flip,SELL,63145.55,64063.22,62411.41,917.67,0.0,2024-08-27T10:10:51,62411.41,tp,14.6827,0.8,2024-08
2024-08-27T10:25:01,cont,SELL,62273.27,62376.28,62190.86,103.01,119.0,2024-08-27T10:27:04,62396.78,sl,-2.4702,-1.199,2024-08
2024-08-27T11:27:01,flip,BUY,62518.06,62413.25,62601.91,104.81,0.0,2024-08-27T11:56:37,62410.88,sl,-2.1436,-1.0226,2024-08
2024-08-27T12:05:01,flip,SELL,62314.76,62418.45,62231.81,103.69,0.0,2024-08-27T12:11:48,62421.81,sl,-2.141,-1.0324,2024-08
2024-08-27T12:17:01,flip,BUY,62448.88,62351.48,62526.8,97.4,0.0,2024-08-27T12:19:54,62350.13,sl,-1.975,-1.0139,2024-08
2024-08-27T12:44:01,flip,SELL,62242.36,62394.39,62120.74,152.03,0.0,2024-08-27T12:48:20,62395.12,sl,-3.0552,-1.0048,2024-08
2024-08-27T13:34:01,flip,BUY,62497.79,62236.22,62707.05,261.57,0.0,2024-08-27T13:38:31,62232.13,sl,-5.3132,-1.0156,2024-08
2024-08-27T13:47:01,flip,SELL,62133.61,62309.0,61993.3,175.39,0.0,2024-08-27T13:48:27,62312.82,sl,-3.5842,-1.0218,2024-08
2024-08-27T14:07:01,cont,SELL,62096.54,62396.4,61856.65,299.86,20.0,2024-08-27T14:13:29,61856.65,tp,4.7978,0.8,2024-08
2024-08-27T15:01:01,cont,SELL,61791.79,62120.29,61528.99,328.5,74.0,2024-08-27T15:34:16,61528.99,tp,5.256,0.8,2024-08
2024-08-27T18:06:01,flip,BUY,61980.44,61490.88,62372.09,489.56,0.0,2024-08-27T21:17:56,61465.35,sl,-10.3018,-1.0521,2024-08
2024-08-27T21:48:01,cont,SELL,60303.28,61202.04,59584.27,898.76,41.0,2024-08-27T22:09:44,59584.27,tp,14.3802,0.8,2024-08
2024-08-29T12:42:01,flip,BUY,60527.9,60013.74,60939.23,514.16,0.0,2024-08-29T14:40:15,60939.23,tp,8.2266,0.8,2024-08
2024-08-29T14:42:01,cont,BUY,60920.23,60490.1,61264.33,430.13,120.0,2024-08-29T16:44:19,60480.58,sl,-8.793,-1.0221,2024-08
2024-08-29T17:12:01,cont,SELL,60236.24,60378.57,60122.38,142.33,53.0,2024-08-29T17:15:56,60380.28,sl,-2.8808,-1.012,2024-08
2024-08-29T17:32:01,flip,BUY,60486.11,60377.01,60573.39,109.1,0.0,2024-08-29T17:37:32,60573.39,tp,1.7456,0.8,2024-08
2024-08-29T17:44:01,cont,BUY,60621.96,60482.06,60733.88,139.9,12.0,2024-08-29T17:48:12,60481.08,sl,-2.8176,-1.007,2024-08
2024-08-29T18:08:01,flip,SELL,60362.16,60610.5,60163.49,248.34,0.0,2024-08-29T18:10:26,60163.49,tp,3.9734,0.8,2024-08
2024-08-29T18:37:01,cont,SELL,59538.3,59907.61,59242.85,369.31,29.0,2024-08-29T18:43:14,59242.85,tp,5.909,0.8,2024-08
2024-08-30T09:27:01,flip,BUY,59677.73,59301.95,59978.35,375.78,0.0,2024-08-30T12:30:54,59978.35,tp,6.0125,0.8,2024-08
2024-08-30T12:31:01,flip,BUY,59787.37,59448.15,60058.75,339.22,0.0,2024-08-30T13:04:33,59445.25,sl,-6.8424,-1.0085,2024-08
2024-08-30T14:45:01,flip,SELL,58907.66,59829.9,58169.87,922.24,0.0,2024-08-30T15:02:29,58169.87,tp,14.7558,0.8,2024-08
2024-08-30T15:38:01,cont,SELL,58009.44,58712.94,57446.64,703.5,53.0,2024-08-30T17:52:21,58713.49,sl,-14.081,-1.0008,2024-08
2024-08-30T17:53:01,cont,BUY,58774.75,58451.45,59033.39,323.3,50.0,2024-08-30T18:29:34,59033.39,tp,5.1728,0.8,2024-08
2024-08-30T18:39:01,cont,BUY,59322.19,58934.14,59632.63,388.05,96.0,2024-08-30T19:31:27,58932.58,sl,-7.7922,-1.004,2024-08
2024-08-30T19:32:01,flip,SELL,58959.13,59141.42,58813.3,182.29,0.0,2024-08-30T19:43:34,58813.3,tp,2.9166,0.8,2024-08
2024-08-30T20:00:01,cont,SELL,58735.94,58990.76,58532.08,254.82,28.0,2024-08-30T20:32:58,58993.85,sl,-5.1582,-1.0121,2024-08
2024-08-30T20:58:01,flip,BUY,59059.15,58840.72,59233.89,218.43,0.0,2024-08-30T22:03:22,59233.89,tp,3.4949,0.8,2024-08
2024-08-30T22:04:01,cont,BUY,59222.38,59020.73,59383.7,201.65,66.0,2024-08-31T00:24:23,59383.7,tp,3.2264,0.8,2024-08
2024-08-31T00:51:01,flip,SELL,59318.05,59443.23,59217.91,125.18,0.0,2024-08-31T03:07:50,59217.91,tp,2.0029,0.8,2024-08
2024-08-31T03:45:01,flip,BUY,59331.22,59265.89,59383.48,65.33,0.0,2024-08-31T04:33:24,59383.48,tp,1.0453,0.8,2024-08
2024-08-31T04:48:01,cont,BUY,59387.85,59312.05,59448.49,75.8,63.0,2024-08-31T05:21:09,59309.3,sl,-1.571,-1.0363,2024-08
2024-08-31T05:26:01,flip,SELL,59301.81,59328.73,59280.27,26.92,0.0,2024-08-31T05:26:41,59329.6,sl,-0.5558,-1.0323,2024-08
2024-08-31T05:32:01,flip,BUY,59366.1,59308.24,59412.39,57.86,0.0,2024-08-31T05:50:22,59307.26,sl,-1.1768,-1.0169,2024-08
2024-08-31T06:53:01,flip,SELL,59238.58,59335.72,59160.87,97.14,0.0,2024-08-31T07:24:38,59160.87,tp,1.5542,0.8,2024-08
2024-08-31T07:30:01,cont,SELL,59115.66,59181.75,59062.79,66.09,37.0,2024-08-31T07:37:50,59183.14,sl,-1.3496,-1.021,2024-08
2024-08-31T08:46:01,cont,SELL,59107.73,59220.72,59017.34,112.99,113.0,2024-08-31T09:00:22,59017.34,tp,1.8078,0.8,2024-08
2024-08-31T10:15:01,flip,BUY,59047.3,58915.43,59152.8,131.87,0.0,2024-08-31T10:48:34,59152.8,tp,2.1099,0.8,2024-08
2024-08-31T10:49:01,cont,BUY,59175.21,59055.73,59270.79,119.48,34.0,2024-08-31T12:43:04,59270.79,tp,1.9117,0.8,2024-08
2024-08-31T13:49:01,flip,SELL,59219.25,59290.06,59162.6,70.81,0.0,2024-08-31T13:51:58,59162.6,tp,1.133,0.8,2024-08
2024-08-31T21:47:05,flip,BUY,59210.85,58826.6,59518.25,384.25,0.0,2024-09-01T02:06:22,58823.6,sl,-7.745,-1.0078,2024-08
2024-09-01T05:14:01,flip,SELL,58305.18,58701.68,57987.98,396.5,0.0,2024-09-01T05:26:48,57987.98,tp,6.344,0.8,2024-09
2024-09-01T05:39:01,cont,SELL,57846.01,58168.3,57588.18,322.29,25.0,2024-09-01T06:09:41,58169.25,sl,-6.4648,-1.0029,2024-09
2024-09-01T06:30:01,flip,BUY,58238.62,58140.11,58317.43,98.51,0.0,2024-09-01T06:46:06,58317.43,tp,1.5762,0.8,2024-09
2024-09-01T07:46:01,cont,BUY,58408.15,58171.65,58597.35,236.5,76.0,2024-09-01T10:06:33,58167.79,sl,-4.8072,-1.0163,2024-09
2024-09-01T10:25:01,flip,SELL,57979.05,58139.4,57850.77,160.35,0.0,2024-09-01T11:28:47,58139.73,sl,-3.2136,-1.0021,2024-09
2024-09-01T11:54:01,flip,BUY,58142.99,58083.54,58190.55,59.45,0.0,2024-09-01T11:54:59,58190.55,tp,0.9512,0.8,2024-09
2024-09-01T13:39:01,flip,SELL,57955.08,58171.91,57781.62,216.83,0.0,2024-09-01T13:50:03,57781.62,tp,3.4693,0.8,2024-09
2024-09-01T14:15:01,cont,SELL,57508.01,58245.93,56917.67,737.92,36.0,2024-09-01T15:47:22,58246.5,sl,-14.7698,-1.0008,2024-09
2024-09-01T18:27:01,flip,BUY,58533.83,57939.18,59009.55,594.65,0.0,2024-09-01T22:18:59,57936.7,sl,-11.9426,-1.0042,2024-09
2024-09-01T23:17:01,flip,SELL,57284.94,57813.29,56862.26,528.35,0.0,2024-09-02T03:20:39,57817.23,sl,-10.6458,-1.0075,2024-09
2024-09-02T03:21:01,flip,BUY,57809.05,57334.61,58188.6,474.44,0.0,2024-09-02T08:29:39,58188.6,tp,7.591,0.8,2024-09
2024-09-02T10:52:01,flip,SELL,58407.04,58484.72,58344.9,77.68,0.0,2024-09-02T10:52:46,58484.87,sl,-1.5566,-1.0019,2024-09
2024-09-02T11:20:01,flip,BUY,58605.57,58406.1,58765.15,199.47,0.0,2024-09-02T12:09:59,58405.8,sl,-3.9954,-1.0015,2024-09
2024-09-02T12:45:01,flip,SELL,58310.09,58478.88,58175.06,168.79,0.0,2024-09-02T12:54:19,58480.38,sl,-3.4058,-1.0089,2024-09
2024-09-02T13:29:01,cont,SELL,58282.16,58534.51,58080.28,252.35,44.0,2024-09-02T14:30:45,58572.34,sl,-5.8036,-1.1499,2024-09
2024-09-02T20:53:01,flip,BUY,58989.73,58334.29,59514.08,655.44,0.0,2024-09-03T02:03:52,59514.08,tp,10.487,0.8,2024-09
2024-09-03T02:04:01,cont,BUY,59540.14,59246.15,59775.33,293.99,59.0,2024-09-03T02:13:05,59775.33,tp,4.7038,0.8,2024-09
2024-09-03T03:59:01,flip,SELL,59141.01,59238.18,59063.27,97.17,0.0,2024-09-03T04:05:13,59240.01,sl,-1.98,-1.0188,2024-09
2024-09-03T04:55:01,cont,SELL,59096.33,59290.06,58941.35,193.73,56.0,2024-09-03T05:10:31,59294.67,sl,-3.9668,-1.0238,2024-09
2024-09-03T12:18:01,flip,BUY,59255.99,58995.41,59464.45,260.58,0.0,2024-09-03T13:31:13,58988.1,sl,-5.3578,-1.0281,2024-09
2024-09-03T14:06:01,flip,SELL,58163.47,58430.1,57950.17,266.63,0.0,2024-09-03T14:14:14,57950.17,tp,4.2661,0.8,2024-09
2024-09-03T14:32:01,cont,SELL,57836.14,58128.97,57601.88,292.83,26.0,2024-09-03T14:48:36,57601.88,tp,4.6853,0.8,2024-09
2024-09-03T19:12:01,flip,BUY,58192.48,57600.6,58665.98,591.88,0.0,2024-09-03T23:54:38,57600.11,sl,-11.8474,-1.0008,2024-09
2024-09-04T00:58:01,flip,SELL,57317.73,57976.47,56790.74,658.74,0.0,2024-09-04T01:00:44,56790.74,tp,10.5398,0.8,2024-09
2024-09-04T16:33:01,flip,BUY,58506.92,58167.08,58778.79,339.84,0.0,2024-09-04T17:27:31,58166.42,sl,-6.81,-1.0019,2024-09
2024-09-04T18:05:01,flip,SELL,57898.08,58126.51,57715.34,228.43,0.0,2024-09-04T18:51:43,57715.34,tp,3.6549,0.8,2024-09
2024-09-04T18:53:01,cont,SELL,57687.49,57805.32,57593.23,117.83,48.0,2024-09-04T18:55:43,57806.32,sl,-2.3766,-1.0085,2024-09
2024-09-04T19:28:01,flip,BUY,57965.91,57777.94,58116.29,187.97,0.0,2024-09-04T19:57:49,58116.29,tp,3.0075,0.8,2024-09
2024-09-04T19:58:01,cont,BUY,58135.08,57960.87,58274.45,174.21,30.0,2024-09-04T20:23:17,57957.65,sl,-3.5486,-1.0185,2024-09
2024-09-04T20:51:01,flip,SELL,57937.06,58147.69,57768.56,210.63,0.0,2024-09-04T20:57:09,58153.24,sl,-4.3236,-1.0263,2024-09
2024-09-04T21:57:01,flip,BUY,58173.16,58072.87,58253.39,100.29,0.0,2024-09-04T22:00:07,58253.39,tp,1.6046,0.8,2024-09
2024-09-04T22:01:02,cont,BUY,58254.55,58118.65,58363.27,135.9,4.0,2024-09-04T22:13:25,58363.27,tp,2.1744,0.8,2024-09
2024-09-04T22:14:01,cont,BUY,58340.94,58183.97,58466.52,156.97,17.0,2024-09-04T22:24:22,58183.25,sl,-3.1538,-1.0046,2024-09
2024-09-04T22:44:03,flip,SELL,58073.21,58257.42,57925.84,184.21,0.0,2024-09-04T23:09:16,58257.79,sl,-3.6916,-1.002,2024-09
2024-09-04T23:42:01,cont,SELL,58065.71,58278.14,57895.77,212.43,58.0,2024-09-05T00:25:55,58285.93,sl,-4.4044,-1.0367,2024-09
2024-09-05T04:10:01,flip,BUY,57293.46,57119.77,57432.41,173.69,0.0,2024-09-05T05:06:09,57118.85,sl,-3.4922,-1.0053,2024-09
2024-09-05T06:23:01,cont,SELL,57026.71,57303.55,56805.24,276.84,110.0,2024-09-05T06:24:02,56805.24,tp,4.4294,0.8,2024-09
2024-09-06T13:21:01,flip,BUY,57000.52,56686.64,57251.62,313.88,0.0,2024-09-06T13:32:46,56686.63,sl,-6.2778,-1.0,2024-09
2024-09-06T14:01:01,flip,SELL,55788.88,56236.62,55430.69,447.74,0.0,2024-09-06T14:06:54,55430.69,tp,7.1638,0.8,2024-09
2024-09-06T14:27:01,cont,SELL,54847.33,55323.93,54466.05,476.6,26.0,2024-09-06T14:55:52,54466.05,tp,7.6256,0.8,2024-09
2024-09-06T15:18:01,cont,SELL,54198.62,54980.3,53573.28,781.68,77.0,2024-09-06T18:26:33,53573.28,tp,12.5069,0.8,2024-09
2024-09-06T22:17:01,flip,BUY,53890.62,53721.55,54025.88,169.07,0.0,2024-09-06T22:51:23,53718.76,sl,-3.4372,-1.0165,2024-09
2024-09-06T23:46:01,cont,BUY,53932.48,53651.08,54157.6,281.4,89.0,2024-09-07T05:06:26,54157.6,tp,4.5024,0.8,2024-09
2024-09-07T05:07:01,cont,BUY,54263.72,54049.49,54435.1,214.23,26.0,2024-09-07T07:01:22,54435.1,tp,3.4277,0.8,2024-09
2024-09-07T16:56:01,flip,SELL,54504.86,54613.21,54418.18,108.35,0.0,2024-09-07T17:11:30,54418.18,tp,1.7336,0.8,2024-09
2024-09-07T17:38:01,cont,SELL,54373.48,54511.98,54262.68,138.5,42.0,2024-09-07T17:51:13,54262.68,tp,2.216,0.8,2024-09
2024-09-08T01:06:01,flip,BUY,54301.51,53979.61,54559.03,321.9,0.0,2024-09-08T04:53:43,54559.03,tp,5.1504,0.8,2024-09
2024-09-08T04:54:01,cont,BUY,54594.66,54398.34,54751.72,196.32,47.0,2024-09-08T05:56:29,54397.83,sl,-3.9366,-1.0026,2024-09
2024-09-08T06:39:01,flip,SELL,54346.62,54457.13,54258.21,110.51,0.0,2024-09-08T07:08:34,54460.09,sl,-2.2694,-1.0268,2024-09
2024-09-08T09:05:01,flip,BUY,54582.63,54383.86,54741.65,198.77,0.0,2024-09-08T09:12:35,54741.65,tp,3.1803,0.8,2024-09
2024-09-08T09:13:01,cont,BUY,54702.41,54526.69,54842.99,175.72,8.0,2024-09-08T09:19:52,54523.81,sl,-3.572,-1.0164,2024-09
2024-09-08T10:00:01,flip,SELL,54485.63,54685.66,54325.61,200.03,0.0,2024-09-08T10:28:34,54689.86,sl,-4.0846,-1.021,2024-09
2024-09-08T11:12:01,flip,BUY,54714.0,54650.01,54765.19,63.99,0.0,2024-09-08T11:22:11,54649.16,sl,-1.2968,-1.0133,2024-09
2024-09-08T11:39:03,flip,SELL,54607.86,54678.24,54551.56,70.38,0.0,2024-09-08T12:21:25,54551.56,tp,1.1261,0.8,2024-09
2024-09-08T12:22:01,cont,SELL,54523.79,54648.96,54423.65,125.17,43.0,2024-09-08T12:28:14,54423.65,tp,2.0027,0.8,2024-09
2024-09-08T12:34:01,cont,SELL,54379.36,54463.64,54311.94,84.28,55.0,2024-09-08T12:36:06,54466.58,sl,-1.7444,-1.0349,2024-09
2024-09-08T12:49:02,cont,SELL,54338.46,54497.86,54210.94,159.4,70.0,2024-09-08T12:50:22,54210.94,tp,2.5504,0.8,2024-09
2024-09-08T17:08:01,flip,BUY,54084.01,53890.17,54239.08,193.84,0.0,2024-09-08T17:19:10,54239.08,tp,3.1014,0.8,2024-09
2024-09-08T17:36:01,cont,BUY,54347.99,54187.43,54476.44,160.56,28.0,2024-09-08T17:58:47,54476.44,tp,2.569,0.8,2024-09
2024-09-09T14:39:01,flip,SELL,54869.47,55094.0,54689.85,224.53,0.0,2024-09-09T14:51:34,55094.3,sl,-4.4966,-1.0013,2024-09
2024-09-09T15:32:01,flip,BUY,55387.47,54924.01,55758.24,463.46,0.0,2024-09-09T16:11:35,55758.24,tp,7.4154,0.8,2024-09
2024-09-09T16:45:01,cont,BUY,56331.1,56025.97,56575.2,305.13,73.0,2024-09-09T16:56:36,56575.2,tp,4.8821,0.8,2024-09
2024-09-09T17:05:01,cont,BUY,56599.57,56436.23,56730.24,163.34,93.0,2024-09-09T17:07:03,56730.24,tp,2.6134,0.8,2024-09
2024-09-09T18:08:01,flip,SELL,56351.74,56680.66,56088.6,328.92,0.0,2024-09-09T18:08:52,56687.04,sl,-6.706,-1.0194,2024-09
2024-09-09T19:10:01,flip,BUY,56774.1,56560.36,56945.09,213.74,0.0,2024-09-09T19:28:44,56945.09,tp,3.4198,0.8,2024-09
2024-09-09T19:29:01,cont,BUY,56925.31,56678.56,57122.71,246.75,19.0,2024-09-09T19:54:52,57122.71,tp,3.948,0.8,2024-09
2024-09-09T19:55:01,cont,BUY,57183.29,56839.63,57458.22,343.66,45.0,2024-09-09T21:14:31,57458.22,tp,5.4986,0.8,2024-09
2024-09-10T00:24:01,flip,SELL,56724.33,56861.87,56614.3,137.54,0.0,2024-09-10T00:33:15,56863.29,sl,-2.7792,-1.0103,2024-09
2024-09-10T00:47:01,flip,BUY,56939.02,56833.38,57023.53,105.64,0.0,2024-09-10T00:56:39,57023.53,tp,1.6902,0.8,2024-09
2024-09-10T01:04:01,cont,BUY,57072.46,56967.78,57156.2,104.68,17.0,2024-09-10T01:18:27,56966.43,sl,-2.1206,-1.0129,2024-09
2024-09-10T01:31:01,flip,SELL,56898.64,57030.79,56792.92,132.15,0.0,2024-09-10T01:47:44,56792.92,tp,2.1144,0.8,2024-09
2024-09-10T02:18:01,cont,SELL,56747.36,56975.33,56564.98,227.97,47.0,2024-09-10T03:57:46,56564.98,tp,3.6475,0.8,2024-09
2024-09-10T05:32:02,flip,BUY,56979.38,56885.5,57054.48,93.88,0.0,2024-09-10T05:33:39,56885.04,sl,-1.8868,-1.0049,2024-09
2024-09-10T05:43:01,cont,BUY,57024.47,56847.48,57166.06,176.99,11.0,2024-09-10T06:07:05,56845.79,sl,-3.5736,-1.0095,2024-09
2024-09-10T06:22:01,flip,SELL,56815.84,56907.87,56742.22,92.03,0.0,2024-09-10T06:28:37,56908.54,sl,-1.854,-1.0073,2024-09
2024-09-10T07:19:02,flip,BUY,56965.31,56819.11,57082.27,146.2,0.0,2024-09-10T07:22:57,57082.27,tp,2.3392,0.8,2024-09
2024-09-10T07:48:01,cont,BUY,57343.87,57123.4,57520.25,220.47,29.0,2024-09-10T08:54:34,57122.25,sl,-4.4324,-1.0052,2024-09
2024-09-10T08:55:01,flip,SELL,57114.43,57219.88,57030.07,105.45,0.0,2024-09-10T09:01:25,57030.07,tp,1.6872,0.8,2024-09
2024-09-10T12:04:01,flip,BUY,57345.8,56990.01,57630.43,355.79,0.0,2024-09-10T13:07:09,56989.95,sl,-7.117,-1.0002,2024-09
2024-09-10T13:17:01,flip,SELL,56858.23,57031.03,56719.99,172.8,0.0,2024-09-10T13:32:26,57040.78,sl,-3.651,-1.0564,2024-09
2024-09-10T13:34:01,cont,SELL,56845.14,57040.94,56688.5,195.8,17.0,2024-09-10T13:38:01,56688.5,tp,3.1328,0.8,2024-09
2024-09-10T14:07:01,cont,SELL,56667.48,57003.49,56398.67,336.01,50.0,2024-09-10T14:08:30,57008.74,sl,-6.8252,-1.0156,2024-09
2024-09-10T14:16:01,cont,SELL,56547.55,57049.65,56145.87,502.1,59.0,2024-09-10T14:29:28,57050.9,sl,-10.067,-1.0025,2024-09
2024-09-10T15:31:01,flip,BUY,57215.09,56792.71,57552.99,422.38,0.0,2024-09-10T15:50:14,56792.33,sl,-8.4552,-1.0009,2024-09
2024-09-10T17:15:01,cont,BUY,57354.33,56619.46,57942.23,734.87,104.0,2024-09-10T18:38:39,57942.23,tp,11.7579,0.8,2024-09
2024-09-10T20:27:01,flip,SELL,57754.5,57957.37,57592.2,202.87,0.0,2024-09-10T21:01:20,57592.2,tp,3.2459,0.8,2024-09
2024-09-10T21:55:01,flip,SELL,57525.89,57801.43,57305.46,275.54,0.0,2024-09-10T23:22:11,57804.29,sl,-5.568,-1.0104,2024-09
2024-09-11T07:55:01,flip,BUY,56763.16,56589.79,56901.86,173.37,0.0,2024-09-11T08:15:25,56588.1,sl,-3.5012,-1.0097,2024-09
2024-09-11T08:33:01,flip,SELL,56555.79,56659.67,56472.69,103.88,0.0,2024-09-11T08:41:46,56472.69,tp,1.6621,0.8,2024-09
2024-09-11T09:49:01,flip,BUY,56756.3,56580.36,56897.05,175.94,0.0,2024-09-11T10:09:26,56570.29,sl,-3.7202,-1.0572,2024-09
2024-09-11T10:25:01,flip,SELL,56553.97,56652.27,56475.33,98.3,0.0,2024-09-11T10:25:26,56475.33,tp,1.5728,0.8,2024-09
2024-09-11T11:11:01,flip,BUY,56724.54,56499.7,56904.41,224.84,0.0,2024-09-11T11:38:02,56904.41,tp,3.5974,0.8,2024-09
2024-09-11T12:18:01,cont,BUY,56906.11,56696.63,57073.69,209.48,67.0,2024-09-11T12:30:01,56678.42,sl,-4.5538,-1.0869,2024-09
2024-09-11T13:04:01,cont,BUY,57007.78,56326.35,57552.92,681.43,113.0,2024-09-11T13:46:50,56325.87,sl,-13.6382,-1.0007,2024-09
2024-09-11T14:17:01,flip,SELL,55738.95,56030.41,55505.78,291.46,0.0,2024-09-11T14:27:31,56031.69,sl,-5.8548,-1.0044,2024-09
2024-09-11T14:45:01,cont,SELL,55715.85,56068.98,55433.35,353.13,28.0,2024-09-11T15:05:23,56069.14,sl,-7.0658,-1.0005,2024-09
2024-09-11T15:32:01,flip,BUY,56445.33,56280.63,56577.09,164.7,0.0,2024-09-11T15:39:06,56577.09,tp,2.6352,0.8,2024-09
2024-09-11T16:05:01,cont,BUY,57027.14,56641.78,57335.43,385.36,33.0,2024-09-11T16:54:27,57335.43,tp,6.1658,0.8,2024-09
2024-09-11T16:55:01,cont,BUY,57429.45,56812.12,57923.31,617.33,83.0,2024-09-11T17:47:31,57923.31,tp,9.8773,0.8,2024-09
2024-09-11T21:13:01,flip,SELL,57393.1,57810.52,57059.16,417.42,0.0,2024-09-12T00:35:42,57814.21,sl,-8.4222,-1.0088,2024-09
2024-09-12T01:34:01,cont,BUY,57992.81,57634.38,58279.55,358.43,73.0,2024-09-12T01:59:53,58279.55,tp,5.7349,0.8,2024-09
2024-09-12T02:00:01,cont,BUY,58223.87,57732.54,58616.93,491.33,99.0,2024-09-12T12:48:13,57731.65,sl,-9.8444,-1.0018,2024-09
2024-09-12T12:55:01,flip,SELL,57683.61,57842.42,57556.56,158.81,0.0,2024-09-12T13:32:04,57843.41,sl,-3.196,-1.0062,2024-09
2024-09-12T13:47:01,cont,SELL,57527.61,57890.27,57237.48,362.66,52.0,2024-09-12T14:12:23,57892.86,sl,-7.305,-1.0071,2024-09
2024-09-13T15:23:01,flip,BUY,58838.83,57456.27,59944.88,1382.56,0.0,2024-09-13T17:46:15,59944.88,tp,22.121,0.8,2024-09
2024-09-14T02:52:01,flip,SELL,60343.81,60654.34,60095.39,310.53,0.0,2024-09-14T05:32:43,60095.39,tp,4.9685,0.8,2024-09
2024-09-14T05:56:01,cont,SELL,60055.94,60172.23,59962.91,116.29,95.0,2024-09-14T05:58:59,59962.91,tp,1.8606,0.8,2024-09
2024-09-14T12:10:01,flip,BUY,59824.6,59674.71,59944.51,149.89,0.0,2024-09-14T13:31:17,59673.18,sl,-3.0284,-1.0102,2024-09
2024-09-15T01:20:01,flip,BUY,60266.09,59962.5,60508.96,303.59,0.0,2024-09-15T10:30:46,59956.55,sl,-6.1908,-1.0196,2024-09
2024-09-15T16:23:01,flip,SELL,60098.54,60250.59,59976.9,152.05,0.0,2024-09-15T17:00:02,59976.9,tp,2.4328,0.8,2024-09
2024-09-15T17:02:01,cont,SELL,59963.61,60087.6,59864.42,123.99,39.0,2024-09-15T17:04:01,60089.04,sl,-2.5086,-1.0116,2024-09
2024-09-15T17:10:01,cont,SELL,59919.18,60065.85,59801.84,146.67,47.0,2024-09-15T17:10:44,59801.84,tp,2.3467,0.8,2024-09
2024-09-16T03:52:01,flip,BUY,58600.8,58461.8,58712.0,139.0,0.0,2024-09-16T04:09:50,58460.91,sl,-2.7978,-1.0064,2024-09
2024-09-16T04:31:01,flip,SELL,58425.26,58523.94,58346.32,98.68,0.0,2024-09-16T04:36:16,58526.35,sl,-2.0218,-1.0244,2024-09
2024-09-16T04:41:01,cont,SELL,58415.67,58501.69,58346.85,86.02,10.0,2024-09-16T04:58:42,58346.85,tp,1.3763,0.8,2024-09
2024-09-16T05:23:01,flip,BUY,58631.48,58522.02,58719.05,109.46,0.0,2024-09-16T05:29:07,58489.06,sl,-2.8484,-1.3011,2024-09
2024-09-16T05:59:01,cont,BUY,58704.73,58410.25,58940.31,294.48,36.0,2024-09-16T07:46:57,58940.31,tp,4.7117,0.8,2024-09
2024-09-16T07:47:01,cont,BUY,58956.8,58813.88,59071.14,142.92,33.0,2024-09-16T08:24:25,59071.14,tp,2.2867,0.8,2024-09
2024-09-16T09:41:01,flip,SELL,58738.86,58833.43,58663.2,94.57,0.0,2024-09-16T09:47:39,58663.2,tp,1.5131,0.8,2024-09
2024-09-16T10:03:01,cont,SELL,58580.22,58686.23,58495.41,106.01,22.0,2024-09-16T10:41:48,58688.28,sl,-2.1612,-1.0193,2024-09
2024-09-16T11:00:01,flip,BUY,58766.8,58650.67,58859.7,116.13,0.0,2024-09-16T11:20:47,58859.7,tp,1.8581,0.8,2024-09
2024-09-16T11:44:01,flip,SELL,58684.84,58787.3,58602.87,102.46,0.0,2024-09-16T12:07:47,58787.52,sl,-2.0536,-1.0021,2024-09
2024-09-16T12:25:01,cont,SELL,58644.89,58800.39,58520.49,155.5,41.0,2024-09-16T12:40:52,58520.49,tp,2.488,0.8,2024-09
2024-09-16T13:23:01,cont,SELL,58447.81,58711.23,58237.07,263.42,99.0,2024-09-16T13:35:11,58237.07,tp,4.2147,0.8,2024-09
2024-09-16T15:21:01,flip,BUY,57971.97,57807.87,58103.25,164.1,0.0,2024-09-16T15:46:09,57804.76,sl,-3.3442,-1.019,2024-09
2024-09-16T15:52:01,flip,BUY,57981.84,57899.83,58047.45,82.01,0.0,2024-09-16T15:59:58,57894.01,sl,-1.7566,-1.071,2024-09
2024-09-16T16:17:03,flip,SELL,57788.24,57924.49,57679.24,136.25,0.0,2024-09-16T16:26:20,57926.71,sl,-2.7694,-1.0163,2024-09
2024-09-16T16:49:01,cont,SELL,57720.89,57981.0,57512.8,260.11,32.0,2024-09-16T17:45:09,57981.26,sl,-5.2074,-1.001,2024-09
2024-09-16T23:28:01,flip,BUY,58311.44,57614.06,58869.34,697.38,0.0,2024-09-17T08:05:00,58869.34,tp,11.1581,0.8,2024-09
2024-09-17T11:49:01,flip,SELL,59083.02,59214.61,58977.75,131.59,0.0,2024-09-17T11:57:02,59216.13,sl,-2.6622,-1.0116,2024-09
2024-09-17T12:38:01,flip,BUY,59318.86,59092.04,59500.32,226.82,0.0,2024-09-17T13:40:07,59088.59,sl,-4.6054,-1.0152,2024-09
2024-09-17T14:12:01,cont,BUY,59598.6,58912.74,60147.29,685.86,94.0,2024-09-17T14:23:26,60147.29,tp,10.9738,0.8,2024-09
2024-09-18T10:14:01,flip,SELL,59600.58,60801.12,58640.15,1200.54,0.0,2024-09-18T18:00:39,60805.74,sl,-24.1032,-1.0038,2024-09
2024-09-18T18:01:01,cont,BUY,60661.73,59932.64,61245.0,729.09,26.0,2024-09-18T18:35:04,61245.0,tp,11.6654,0.8,2024-09
2024-09-19T01:24:01,flip,SELL,61788.01,62067.52,61564.4,279.51,0.0,2024-09-19T02:00:01,62068.31,sl,-5.606,-1.0028,2024-09
2024-09-19T02:13:01,cont,BUY,62111.49,61822.74,62342.49,288.75,21.0,2024-09-19T02:44:16,62342.49,tp,4.62,0.8,2024-09
2024-09-19T04:22:01,flip,SELL,61985.56,62200.25,61813.81,214.69,0.0,2024-09-19T05:03:23,62204.7,sl,-4.3828,-1.0207,2024-09
2024-09-19T06:06:01,cont,SELL,61900.21,62221.55,61643.14,321.34,104.0,2024-09-19T08:10:58,62222.14,sl,-6.4386,-1.0018,2024-09
2024-09-19T10:05:02,flip,BUY,62394.85,62268.76,62495.72,126.09,0.0,2024-09-19T10:09:30,62495.72,tp,2.0174,0.8,2024-09
2024-09-19T12:04:01,cont,BUY,62832.59,62277.68,63276.52,554.91,119.0,2024-09-19T13:14:48,63276.52,tp,8.8786,0.8,2024-09
2024-09-19T19:33:01,flip,SELL,63291.46,63404.25,63201.23,112.79,0.0,2024-09-19T19:37:23,63407.37,sl,-2.3182,-1.0277,2024-09
2024-09-19T19:47:01,flip,BUY,63560.71,63419.94,63673.33,140.77,0.0,2024-09-19T19:50:20,63418.29,sl,-2.8484,-1.0117,2024-09
2024-09-19T20:05:01,flip,SELL,63173.66,63347.32,63034.73,173.66,0.0,2024-09-19T20:59:42,63034.73,tp,2.7786,0.8,2024-09
2024-09-19T21:00:01,cont,SELL,63052.55,63155.22,62970.41,102.67,55.0,2024-09-19T21:05:18,62970.41,tp,1.6427,0.8,2024-09
2024-09-19T21:39:01,cont,SELL,62937.24,63192.94,62732.68,255.7,94.0,2024-09-19T22:19:01,62732.68,tp,4.0912,0.8,2024-09
2024-09-20T03:04:01,flip,BUY,63206.34,62813.69,63520.46,392.65,0.0,2024-09-20T03:49:33,63520.46,tp,6.2824,0.8,2024-09
2024-09-20T04:00:01,cont,BUY,63765.68,63548.61,63939.34,217.07,56.0,2024-09-20T04:06:45,63939.34,tp,3.4731,0.8,2024-09
2024-09-20T08:28:01,flip,SELL,63308.54,63655.3,63031.13,346.76,0.0,2024-09-20T10:40:56,63656.92,sl,-6.9676,-1.0047,2024-09
2024-09-20T11:00:01,flip,BUY,63690.39,63542.87,63808.41,147.52,0.0,2024-09-20T11:15:58,63542.38,sl,-2.9602,-1.0033,2024-09
2024-09-20T11:27:01,flip,SELL,63536.73,63685.08,63418.05,148.35,0.0,2024-09-20T11:35:18,63418.05,tp,2.3736,0.8,2024-09
2024-09-20T11:41:01,cont,SELL,63359.65,63466.57,63274.11,106.92,14.0,2024-09-20T11:43:18,63467.74,sl,-2.1618,-1.0109,2024-09
2024-09-20T12:14:01,cont,SELL,63341.0,63547.05,63176.16,206.05,47.0,2024-09-20T13:07:21,63176.16,tp,3.2968,0.8,2024-09
2024-09-20T14:35:01,flip,BUY,63398.68,63058.27,63671.01,340.41,0.0,2024-09-20T14:54:33,63025.88,sl,-7.456,-1.0951,2024-09
2024-09-20T15:03:01,flip,SELL,62844.2,63090.92,62646.82,246.72,0.0,2024-09-20T15:35:30,63091.3,sl,-4.942,-1.0015,2024-09
2024-09-20T19:37:01,flip,BUY,63004.28,62808.16,63161.18,196.12,0.0,2024-09-20T19:50:02,62807.0,sl,-3.9456,-1.0059,2024-09
2024-09-20T21:05:01,cont,BUY,63055.83,62679.36,63357.01,376.47,88.0,2024-09-21T17:19:08,63357.01,tp,6.0235,0.8,2024-09
2024-09-22T02:10:01,flip,SELL,62964.2,63079.0,62872.36,114.8,0.0,2024-09-22T02:13:40,62872.36,tp,1.8368,0.8,2024-09
2024-09-22T02:20:01,cont,SELL,62822.79,62939.29,62729.59,116.5,10.0,2024-09-22T02:22:10,62942.92,sl,-2.4026,-1.0312,2024-09
2024-09-22T02:56:02,flip,BUY,62980.37,62841.42,63091.53,138.95,0.0,2024-09-22T03:05:43,63091.53,tp,2.2232,0.8,2024-09
2024-09-22T09:26:01,flip,SELL,62783.38,62877.39,62708.17,94.01,0.0,2024-09-22T09:35:58,62877.93,sl,-1.891,-1.0057,2024-09
2024-09-22T09:43:01,cont,SELL,62770.36,62846.3,62709.61,75.94,17.0,2024-09-22T09:43:40,62709.61,tp,1.215,0.8,2024-09
2024-09-22T10:39:01,cont,SELL,62639.45,62765.38,62538.71,125.93,73.0,2024-09-22T11:23:41,62772.15,sl,-2.654,-1.0538,2024-09
2024-09-22T12:12:01,flip,BUY,62850.24,62741.29,62937.4,108.95,0.0,2024-09-22T12:21:19,62739.84,sl,-2.208,-1.0133,2024-09
2024-09-22T13:10:01,flip,SELL,62708.99,62822.96,62617.81,113.97,0.0,2024-09-22T13:14:56,62822.97,sl,-2.2796,-1.0001,2024-09
2024-09-22T13:23:01,cont,SELL,62710.72,62815.42,62626.96,104.7,13.0,2024-09-22T13:39:10,62626.96,tp,1.6752,0.8,2024-09
2024-09-22T13:48:01,cont,SELL,62590.67,62655.29,62538.97,64.62,38.0,2024-09-22T13:54:41,62656.72,sl,-1.321,-1.0221,2024-09
2024-09-22T14:05:01,cont,SELL,62506.46,62636.81,62402.18,130.35,55.0,2024-09-22T14:11:01,62639.38,sl,-2.6584,-1.0197,2024-09
2024-09-22T14:31:01,cont,SELL,62483.96,62697.55,62313.09,213.59,81.0,2024-09-22T15:02:26,62700.24,sl,-4.3256,-1.0126,2024-09
2024-09-22T15:34:01,flip,BUY,62823.32,62735.62,62893.48,87.7,0.0,2024-09-22T15:36:53,62735.62,sl,-1.754,-1.0,2024-09
2024-09-22T15:51:01,flip,SELL,62682.26,62729.53,62644.44,47.27,0.0,2024-09-22T16:02:55,62644.44,tp,0.7563,0.8,2024-09
2024-09-22T17:07:01,flip,BUY,62876.59,62758.18,62971.32,118.41,0.0,2024-09-22T17:12:04,62971.32,tp,1.8946,0.8,2024-09
2024-09-22T17:36:01,cont,BUY,63019.62,62865.1,63143.24,154.52,29.0,2024-09-22T18:17:34,62861.96,sl,-3.1532,-1.0203,2024-09
2024-09-22T19:25:01,flip,SELL,62811.25,63053.69,62617.3,242.44,0.0,2024-09-22T19:53:59,63054.75,sl,-4.87,-1.0044,2024-09
2024-09-22T20:15:01,flip,BUY,63266.19,63160.33,63350.88,105.86,0.0,2024-09-22T20:40:28,63159.96,sl,-2.1246,-1.0035,2024-09
2024-09-22T21:38:01,flip,SELL,63135.69,63312.71,62994.07,177.02,0.0,2024-09-22T21:56:22,62994.07,tp,2.8323,0.8,2024-09
2024-09-23T03:03:01,flip,BUY,64030.95,62561.82,65206.25,1469.13,0.0,2024-09-26T14:23:06,65206.25,tp,23.5061,0.8,2024-09
2024-09-26T16:54:01,flip,SELL,65395.32,65586.34,65242.5,191.02,0.0,2024-09-26T17:03:52,65592.87,sl,-3.951,-1.0342,2024-09
2024-09-26T17:35:01,cont,SELL,65352.74,65807.1,64989.25,454.36,41.0,2024-09-26T18:35:34,64989.25,tp,7.2698,0.8,2024-09
2024-09-27T00:32:01,flip,BUY,65278.28,64744.82,65705.05,533.46,0.0,2024-09-27T08:23:15,65705.05,tp,8.5354,0.8,2024-09
2024-09-27T10:06:01,flip,SELL,65663.87,65922.35,65457.09,258.48,0.0,2024-09-27T11:25:30,65457.09,tp,4.1357,0.8,2024-09
2024-09-27T11:26:02,cont,SELL,65457.91,65615.56,65331.79,157.65,80.0,2024-09-27T12:31:03,65616.2,sl,-3.1658,-1.0041,2024-09
2024-09-27T12:53:02,flip,BUY,65919.94,65807.17,66010.16,112.77,0.0,2024-09-27T12:54:28,65806.57,sl,-2.2674,-1.0053,2024-09
2024-09-27T13:07:01,flip,SELL,65676.18,65821.95,65559.56,145.77,0.0,2024-09-27T13:10:18,65824.2,sl,-2.9604,-1.0154,2024-09
2024-09-27T13:31:01,cont,SELL,65636.85,65827.12,65484.63,190.27,24.0,2024-09-27T13:37:55,65484.63,tp,3.0443,0.8,2024-09
2024-09-27T14:24:01,flip,BUY,66361.85,65939.96,66699.36,421.89,0.0,2024-09-27T16:23:46,65937.57,sl,-8.4856,-1.0057,2024-09
2024-09-27T16:53:01,flip,BUY,66295.25,66155.2,66407.29,140.05,0.0,2024-09-27T17:09:32,66115.79,sl,-3.5892,-1.2814,2024-09
2024-09-27T17:26:01,flip,SELL,65858.96,65959.76,65778.32,100.8,0.0,2024-09-27T17:35:25,65960.32,sl,-2.0272,-1.0056,2024-09
2024-09-27T17:38:01,cont,SELL,65796.97,65960.66,65666.02,163.69,12.0,2024-09-27T17:59:41,65970.69,sl,-3.4744,-1.0613,2024-09
2024-09-27T18:26:01,cont,SELL,65715.29,65957.65,65521.4,242.36,60.0,2024-09-27T19:03:18,65957.89,sl,-4.852,-1.001,2024-09
2024-09-28T02:00:01,flip,BUY,66028.58,65692.19,66297.69,336.39,0.0,2024-09-28T08:08:44,65692.11,sl,-6.7294,-1.0002,2024-09
2024-09-28T10:42:01,flip,BUY,65802.76,65749.03,65845.74,53.73,0.0,2024-09-28T10:51:03,65747.3,sl,-1.1092,-1.0322,2024-09
2024-09-28T11:04:01,cont,BUY,65827.49,65735.55,65901.04,91.94,22.0,2024-09-28T11:30:02,65732.55,sl,-1.8988,-1.0326,2024-09
2024-09-28T11:58:01,cont,BUY,65845.94,65718.63,65947.79,127.31,76.0,2024-09-28T12:10:54,65718.26,sl,-2.5536,-1.0029,2024-09
2024-09-28T12:33:01,flip,SELL,65646.73,65734.78,65576.29,88.05,0.0,2024-09-28T12:41:45,65576.29,tp,1.4088,0.8,2024-09
2024-09-28T12:42:01,cont,SELL,65547.09,65626.36,65483.67,79.27,9.0,2024-09-28T12:42:13,65483.67,tp,1.2683,0.8,2024-09
2024-09-28T14:22:01,flip,BUY,65745.82,65655.57,65818.02,90.25,0.0,2024-09-28T14:26:02,65818.02,tp,1.444,0.8,2024-09
2024-09-28T15:52:01,flip,SELL,65631.51,65670.3,65600.48,38.79,0.0,2024-09-28T15:53:04,65670.39,sl,-0.7776,-1.0023,2024-09
2024-09-28T16:01:01,cont,SELL,65624.14,65656.44,65598.3,32.3,9.0,2024-09-28T16:01:03,65657.91,sl,-0.6754,-1.0455,2024-09
2024-09-28T16:16:01,cont,SELL,65613.69,65654.22,65581.27,40.53,24.0,2024-09-28T16:22:27,65654.63,sl,-0.8188,-1.0101,2024-09
2024-09-28T16:38:01,cont,SELL,65574.54,65693.2,65479.61,118.66,46.0,2024-09-28T17:28:23,65693.89,sl,-2.387,-1.0058,2024-09
2024-09-28T18:04:01,cont,BUY,65762.89,65627.86,65870.91,135.03,51.0,2024-09-28T21:13:23,65609.38,sl,-3.0702,-1.1369,2024-09
2024-09-30T01:47:01,flip,SELL,65065.14,65568.22,64662.68,503.08,0.0,2024-09-30T02:10:59,64662.68,tp,8.0493,0.8,2024-09
2024-09-30T02:34:01,cont,SELL,64448.21,64664.96,64274.81,216.75,47.0,2024-09-30T03:09:05,64274.81,tp,3.468,0.8,2024-09
2024-09-30T06:02:01,flip,BUY,64626.56,64373.64,64828.9,252.92,0.0,2024-09-30T07:00:01,64370.82,sl,-5.1148,-1.0111,2024-09
2024-09-30T08:40:01,flip,SELL,64208.59,64394.84,64059.59,186.25,0.0,2024-09-30T09:16:20,64059.59,tp,2.98,0.8,2024-09
2024-09-30T09:17:01,cont,SELL,63783.91,64367.08,63317.37,583.17,37.0,2024-09-30T10:09:27,63317.37,tp,9.3307,0.8,2024-09
2024-09-30T11:30:01,flip,BUY,63758.75,63628.86,63862.66,129.89,0.0,2024-09-30T11:45:50,63627.26,sl,-2.6298,-1.0123,2024-09
2024-09-30T11:56:01,cont,BUY,63837.73,63572.83,64049.65,264.9,26.0,2024-09-30T12:51:09,64049.65,tp,4.2384,0.8,2024-09
2024-09-30T13:20:01,cont,BUY,64195.72,64007.84,64346.02,187.88,110.0,2024-09-30T13:28:41,63997.95,sl,-3.9554,-1.0526,2024-09
2024-09-30T13:41:01,flip,SELL,63904.01,64081.4,63762.1,177.39,0.0,2024-09-30T13:45:16,64083.38,sl,-3.5874,-1.0112,2024-09
2024-09-30T14:04:01,cont,SELL,63822.06,64109.71,63591.94,287.65,23.0,2024-09-30T14:08:02,63591.94,tp,4.6024,0.8,2024-09
2024-09-30T20:53:01,flip,BUY,63806.75,63709.37,63884.65,97.38,0.0,2024-09-30T21:41:58,63702.74,sl,-2.0802,-1.0681,2024-09
2024-09-30T22:17:01,flip,SELL,63622.93,63759.57,63513.62,136.64,0.0,2024-09-30T22:57:05,63513.62,tp,2.1862,0.8,2024-09
2024-09-30T23:34:01,cont,SELL,63203.99,63594.08,62891.92,390.09,77.0,2024-09-30T23:43:02,62891.92,tp,6.2414,0.8,2024-09
2024-10-01T00:51:01,flip,BUY,63566.94,63001.71,64019.12,565.23,0.0,2024-10-01T06:26:18,64019.12,tp,9.0437,0.8,2024-10
2024-10-01T10:09:01,flip,SELL,63809.17,64101.9,63574.99,292.73,0.0,2024-10-01T13:06:50,63574.99,tp,4.6837,0.8,2024-10
2024-10-01T13:07:02,cont,SELL,63543.36,63714.55,63406.41,171.19,70.0,2024-10-01T13:29:11,63406.41,tp,2.739,0.8,2024-10
2024-10-01T13:30:01,cont,SELL,63401.26,63508.88,63315.16,107.62,93.0,2024-10-01T13:33:15,63315.16,tp,1.7219,0.8,2024-10
2024-10-01T20:56:01,flip,BUY,60859.74,60621.31,61050.48,238.43,0.0,2024-10-01T21:51:20,61050.48,tp,3.8149,0.8,2024-10
2024-10-01T22:49:01,flip,SELL,60643.62,60718.05,60584.08,74.43,0.0,2024-10-01T22:50:55,60718.11,sl,-1.4898,-1.0008,2024-10
2024-10-01T23:09:01,flip,BUY,60880.11,60658.28,61057.57,221.83,0.0,2024-10-02T00:33:46,61057.57,tp,3.5493,0.8,2024-10
2024-10-02T00:34:01,cont,BUY,61072.35,60711.62,61360.93,360.73,85.0,2024-10-02T01:25:40,61360.93,tp,5.7717,0.8,2024-10
2024-10-02T04:22:01,flip,SELL,61586.64,61674.36,61516.46,87.72,0.0,2024-10-02T04:24:20,61516.46,tp,1.4035,0.8,2024-10
2024-10-02T04:36:01,cont,SELL,61463.86,61621.88,61337.44,158.02,14.0,2024-10-02T06:30:37,61627.18,sl,-3.2664,-1.0335,2024-10
2024-10-02T06:43:01,cont,BUY,61756.61,61673.88,61822.79,82.73,38.0,2024-10-02T07:06:18,61667.27,sl,-1.7868,-1.0799,2024-10
2024-10-02T07:32:01,cont,BUY,61801.01,61572.13,61984.11,228.88,87.0,2024-10-02T09:17:34,61569.62,sl,-4.6278,-1.011,2024-10
2024-10-02T09:41:01,flip,SELL,61391.92,61513.39,61294.74,121.47,0.0,2024-10-02T09:46:40,61294.74,tp,1.9435,0.8,2024-10
2024-10-02T11:08:01,cont,SELL,61065.89,61508.94,60711.45,443.05,87.0,2024-10-02T12:56:54,60711.45,tp,7.0888,0.8,2024-10
2024-10-02T13:55:01,flip,BUY,61262.86,61074.21,61413.78,188.65,0.0,2024-10-02T13:57:33,61413.78,tp,3.0184,0.8,2024-10
2024-10-02T14:09:01,cont,BUY,61578.11,61323.05,61782.16,255.06,14.0,2024-10-02T14:14:05,61322.39,sl,-5.1144,-1.0026,2024-10
2024-10-02T14:20:01,cont,BUY,61668.36,61172.75,62064.85,495.61,25.0,2024-10-02T14:24:19,61143.22,sl,-10.5028,-1.0596,2024-10
2024-10-02T15:00:01,flip,SELL,61061.98,61521.85,60694.08,459.87,0.0,2024-10-02T15:16:27,61522.25,sl,-9.2054,-1.0009,2024-10
2024-10-02T15:34:01,flip,BUY,61777.92,61601.01,61919.45,176.91,0.0,2024-10-02T15:48:23,61919.45,tp,2.8306,0.8,2024-10
2024-10-02T15:49:01,cont,BUY,61932.01,61729.11,62094.33,202.9,15.0,2024-10-02T15:55:00,61725.38,sl,-4.1326,-1.0184,2024-10
2024-10-02T16:03:01,cont,BUY,61966.53,61738.94,62148.6,227.59,29.0,2024-10-02T16:04:30,62148.6,tp,3.6414,0.8,2024-10
2024-10-02T17:31:01,flip,SELL,61553.05,61764.21,61384.12,211.16,0.0,2024-10-02T17:34:34,61384.12,tp,3.3786,0.8,2024-10
2024-10-02T18:15:01,cont,SELL,61088.56,61679.48,60615.82,590.92,44.0,2024-10-02T19:06:55,60615.82,tp,9.4547,0.8,2024-10
2024-10-02T19:19:01,cont,SELL,60393.46,60851.24,60027.24,457.78,108.0,2024-10-02T19:43:01,60027.24,tp,7.3245,0.8,2024-10
2024-10-02T20:10:01,flip,BUY,60433.84,60072.45,60722.95,361.39,0.0,2024-10-02T20:44:25,60722.95,tp,5.7822,0.8,2024-10
2024-10-03T05:38:01,flip,SELL,61129.33,61204.35,61069.31,75.02,0.0,2024-10-03T05:43:10,61211.72,sl,-1.6478,-1.0982,2024-10
2024-10-03T06:33:01,flip,BUY,61328.78,61233.2,61405.24,95.58,0.0,2024-10-03T07:05:15,61405.24,tp,1.5293,0.8,2024-10
2024-10-03T07:06:01,cont,BUY,61434.56,61297.36,61544.32,137.2,33.0,2024-10-03T07:09:14,61293.28,sl,-2.8256,-1.0297,2024-10
2024-10-03T07:45:01,flip,SELL,61071.65,61303.02,60886.55,231.37,0.0,2024-10-03T07:53:10,60886.55,tp,3.7019,0.8,2024-10
2024-10-03T08:10:01,cont,SELL,60736.89,60983.98,60539.22,247.09,25.0,2024-10-03T08:14:28,60539.22,tp,3.9534,0.8,2024-10
2024-10-03T08:19:01,cont,SELL,60390.57,60631.84,60197.55,241.27,34.0,2024-10-03T08:36:44,60197.55,tp,3.8603,0.8,2024-10
2024-10-03T08:37:01,cont,SELL,60189.86,60283.43,60115.0,93.57,52.0,2024-10-03T08:39:22,60285.61,sl,-1.915,-1.0233,2024-10
2024-10-03T08:53:01,cont,SELL,60163.7,60454.31,59931.21,290.61,68.0,2024-10-03T09:17:45,60454.31,sl,-5.8122,-1.0,2024-10
2024-10-03T09:31:01,flip,BUY,60717.85,60578.82,60829.07,139.03,0.0,2024-10-03T09:35:36,60578.58,sl,-2.7854,-1.0017,2024-10
2024-10-03T09:47:01,cont,BUY,60713.34,60577.36,60822.12,135.98,16.0,2024-10-03T10:30:49,60822.12,tp,2.1757,0.8,2024-10
2024-10-03T10:51:01,cont,BUY,60956.79,60777.38,61100.32,179.41,80.0,2024-10-03T11:24:00,60776.84,sl,-3.599,-1.003,2024-10
2024-10-03T12:04:01,flip,SELL,60538.23,60840.38,60296.51,302.15,0.0,2024-10-03T13:11:30,60296.51,tp,4.8344,0.8,2024-10
2024-10-03T19:50:01,flip,BUY,60947.74,59907.08,61780.27,1040.66,0.0,2024-10-04T12:30:03,61780.27,tp,16.6506,0.8,2024-10
2024-10-04T12:57:01,cont,BUY,61818.0,61184.4,62324.88,633.6,99.0,2024-10-04T14:10:36,61181.85,sl,-12.723,-1.004,2024-10
2024-10-04T14:25:01,flip,SELL,61051.53,61409.5,60765.15,357.97,0.0,2024-10-04T15:04:03,61411.68,sl,-7.203,-1.0061,2024-10
2024-10-04T15:56:01,flip,BUY,61827.03,61454.59,62124.98,372.44,0.0,2024-10-04T16:32:04,62124.98,tp,5.959,0.8,2024-10
2024-10-04T17:05:01,cont,BUY,62322.16,62127.38,62477.98,194.78,69.0,2024-10-04T17:21:20,62127.31,sl,-3.897,-1.0004,2024-10
2024-10-04T17:34:01,flip,SELL,62023.95,62151.03,61922.29,127.08,0.0,2024-10-04T17:37:48,61922.29,tp,2.0333,0.8,2024-10
2024-10-04T18:33:01,flip,BUY,62217.68,61902.17,62470.09,315.51,0.0,2024-10-04T19:03:10,62470.09,tp,5.0482,0.8,2024-10
2024-10-04T19:22:01,cont,BUY,62479.27,62298.97,62623.51,180.3,49.0,2024-10-04T19:44:25,62298.48,sl,-3.6158,-1.0027,2024-10
2024-10-04T20:21:01,flip,SELL,62270.72,62414.0,62156.1,143.28,0.0,2024-10-04T20:47:30,62415.36,sl,-2.8928,-1.0095,2024-10
2024-10-04T20:48:01,flip,BUY,62412.79,62328.51,62480.21,84.28,0.0,2024-10-04T20:55:20,62480.21,tp,1.3485,0.8,2024-10
2024-10-04T22:07:01,flip,SELL,62247.19,62357.86,62158.65,110.67,0.0,2024-10-04T22:20:28,62358.49,sl,-2.226,-1.0057,2024-10
2024-10-04T22:45:01,cont,SELL,62216.53,62367.61,62095.67,151.08,38.0,2024-10-04T23:07:13,62095.67,tp,2.4173,0.8,2024-10
2024-10-04T23:29:01,cont,SELL,62017.8,62130.22,61927.86,112.42,82.0,2024-10-04T23:53:11,62131.09,sl,-2.2658,-1.0077,2024-10
2024-10-04T23:54:01,cont,BUY,62131.27,62053.73,62193.3,77.54,7.0,2024-10-04T23:56:21,62049.85,sl,-1.6284,-1.05,2024-10
2024-10-05T00:05:01,cont,BUY,62198.63,62038.98,62326.35,159.65,18.0,2024-10-05T01:02:28,62034.24,sl,-3.2878,-1.0297,2024-10
2024-10-05T02:12:01,flip,SELL,61983.91,62097.46,61893.07,113.55,0.0,2024-10-05T02:50:40,61893.07,tp,1.8168,0.8,2024-10
2024-10-05T06:37:01,flip,BUY,62202.62,62059.79,62316.88,142.83,0.0,2024-10-05T09:46:02,62316.88,tp,2.2853,0.8,2024-10
2024-10-05T14:11:01,flip,SELL,62099.33,62190.35,62026.51,91.02,0.0,2024-10-05T14:20:48,62190.84,sl,-1.8302,-1.0054,2024-10
2024-10-05T19:27:01,flip,BUY,61901.11,61812.47,61972.02,88.64,0.0,2024-10-05T19:39:47,61811.71,sl,-1.788,-1.0086,2024-10
2024-10-05T19:47:01,flip,SELL,61764.64,61835.7,61707.79,71.06,0.0,2024-10-05T19:54:49,61836.03,sl,-1.4278,-1.0046,2024-10
2024-10-05T20:07:01,cont,SELL,61741.35,61837.55,61664.39,96.2,20.0,2024-10-05T21:14:01,61840.21,sl,-1.9772,-1.0277,2024-10
2024-10-05T21:21:03,flip,BUY,61888.7,61777.88,61977.36,110.82,0.0,2024-10-05T22:19:01,61977.36,tp,1.7731,0.8,2024-10
2024-10-05T22:38:01,cont,BUY,62085.04,61953.71,62190.1,131.33,77.0,2024-10-06T00:07:44,61948.71,sl,-2.7266,-1.0381,2024-10
2024-10-06T00:34:01,flip,SELL,61914.73,61992.14,61852.8,77.41,0.0,2024-10-06T01:13:01,61992.44,sl,-1.5542,-1.0039,2024-10
2024-10-06T01:22:01,flip,BUY,62041.14,61953.44,62111.3,87.7,0.0,2024-10-06T01:26:41,62111.3,tp,1.4032,0.8,2024-10
2024-10-06T03:05:01,flip,SELL,61894.18,61981.05,61824.68,86.87,0.0,2024-10-06T03:17:33,61981.12,sl,-1.7388,-1.0008,2024-10
2024-10-06T03:48:01,cont,SELL,61873.13,62003.56,61768.79,130.43,43.0,2024-10-06T06:21:42,62003.97,sl,-2.6168,-1.0031,2024-10
2024-10-06T06:48:01,flip,SELL,61928.52,61979.87,61887.44,51.35,0.0,2024-10-06T06:49:31,61887.44,tp,0.8216,0.8,2024-10
2024-10-06T08:32:01,flip,BUY,62071.12,61992.67,62133.88,78.45,0.0,2024-10-06T08:34:12,61991.89,sl,-1.5846,-1.0099,2024-10
2024-10-06T08:46:02,flip,SELL,61969.4,61996.22,61947.94,26.82,0.0,2024-10-06T08:46:18,61998.05,sl,-0.573,-1.0682,2024-10
2024-10-06T09:20:01,flip,BUY,62030.72,61973.16,62076.77,57.56,0.0,2024-10-06T09:45:13,62076.77,tp,0.921,0.8,2024-10
2024-10-06T11:12:01,flip,SELL,61989.94,62035.38,61953.59,45.44,0.0,2024-10-06T11:18:22,62035.45,sl,-0.9102,-1.0015,2024-10
2024-10-06T11:34:01,flip,BUY,62090.68,62032.55,62137.18,58.13,0.0,2024-10-06T12:07:54,62137.18,tp,0.9301,0.8,2024-10
2024-10-06T12:54:02,cont,BUY,62203.23,62033.31,62339.17,169.92,80.0,2024-10-06T14:26:39,62339.17,tp,2.7187,0.8,2024-10
2024-10-06T21:49:01,flip,SELL,62356.91,62603.58,62159.57,246.67,0.0,2024-10-06T22:40:21,62604.51,sl,-4.952,-1.0038,2024-10
2024-10-06T22:41:01,cont,BUY,62599.3,62489.95,62686.78,109.35,33.0,2024-10-06T23:00:42,62686.78,tp,1.7496,0.8,2024-10
2024-10-06T23:44:01,cont,BUY,62923.39,62650.69,63141.55,272.7,96.0,2024-10-07T00:38:33,63141.55,tp,4.3632,0.8,2024-10
2024-10-07T02:40:01,flip,SELL,63679.36,63786.21,63593.88,106.85,0.0,2024-10-07T03:10:15,63786.71,sl,-2.147,-1.0047,2024-10
2024-10-07T03:33:01,cont,SELL,63480.09,63755.8,63259.52,275.71,53.0,2024-10-07T09:19:17,63259.52,tp,4.4114,0.8,2024-10
2024-10-07T13:42:01,flip,BUY,63235.12,62832.06,63557.57,403.06,0.0,2024-10-07T13:48:25,63557.57,tp,6.449,0.8,2024-10
2024-10-07T14:05:01,cont,BUY,63641.94,63294.49,63919.9,347.45,23.0,2024-10-07T14:14:28,63919.9,tp,5.5592,0.8,2024-10
2024-10-07T18:17:01,flip,SELL,63325.42,63910.73,62857.17,585.31,0.0,2024-10-07T18:49:13,62857.17,tp,9.365,0.8,2024-10
2024-10-07T19:52:01,flip,BUY,63455.73,63173.67,63681.38,282.06,0.0,2024-10-07T20:17:13,63173.16,sl,-5.6514,-1.0018,2024-10
2024-10-07T20:34:01,flip,SELL,63115.04,63264.86,62995.18,149.82,0.0,2024-10-07T21:06:00,63265.76,sl,-3.0144,-1.006,2024-10
2024-10-07T21:30:01,flip,BUY,63282.32,63109.09,63420.9,173.23,0.0,2024-10-07T22:33:41,63106.83,sl,-3.5098,-1.013,2024-10
2024-10-07T22:46:01,cont,SELL,63041.79,63161.09,62946.35,119.3,22.0,2024-10-07T22:54:06,62946.35,tp,1.9088,0.8,2024-10
2024-10-08T13:58:01,flip,BUY,62908.6,62636.23,63126.5,272.37,0.0,2024-10-08T14:00:55,63126.5,tp,4.3579,0.8,2024-10
2024-10-08T14:28:01,flip,SELL,62438.3,62738.05,62198.5,299.75,0.0,2024-10-08T14:33:25,62198.5,tp,4.796,0.8,2024-10
2024-10-08T15:08:01,flip,BUY,62833.72,62643.71,62985.73,190.01,0.0,2024-10-08T15:12:17,62640.88,sl,-3.8568,-1.0149,2024-10
2024-10-08T15:25:01,flip,SELL,62470.15,62651.78,62324.85,181.63,0.0,2024-10-08T15:27:55,62324.85,tp,2.9061,0.8,2024-10
2024-10-08T19:57:03,flip,BUY,62337.48,62183.84,62460.39,153.64,0.0,2024-10-08T20:02:01,62178.03,sl,-3.189,-1.0378,2024-10
2024-10-08T20:47:01,cont,BUY,62347.27,62122.06,62527.44,225.21,50.0,2024-10-08T21:46:37,62527.44,tp,3.6034,0.8,2024-10
2024-10-08T22:09:01,flip,SELL,62337.38,62430.93,62262.54,93.55,0.0,2024-10-08T22:26:45,62262.54,tp,1.4968,0.8,2024-10
2024-10-08T22:27:01,cont,SELL,62235.19,62334.1,62156.06,98.91,18.0,2024-10-08T22:54:35,62156.06,tp,1.5826,0.8,2024-10
2024-10-08T22:55:01,cont,SELL,62125.13,62184.87,62077.34,59.74,46.0,2024-10-08T23:01:24,62185.06,sl,-1.1986,-1.0032,2024-10
2024-10-08T23:05:01,cont,SELL,62086.36,62199.51,61995.84,113.15,56.0,2024-10-08T23:41:05,62200.34,sl,-2.2796,-1.0073,2024-10
2024-10-08T23:46:01,flip,BUY,62217.88,62159.15,62264.86,58.73,0.0,2024-10-08T23:55:33,62158.35,sl,-1.1906,-1.0136,2024-10
2024-10-09T00:03:01,flip,SELL,62072.33,62162.06,62000.55,89.73,0.0,2024-10-09T00:05:31,62162.56,sl,-1.8046,-1.0056,2024-10
2024-10-09T00:33:01,flip,BUY,62258.69,62093.25,62391.04,165.44,0.0,2024-10-09T00:36:11,62092.88,sl,-3.3162,-1.0022,2024-10
2024-10-09T01:18:01,cont,BUY,62297.13,61972.25,62557.03,324.88,45.0,2024-10-09T12:36:32,61960.51,sl,-6.7324,-1.0361,2024-10
2024-10-09T13:37:01,cont,SELL,61697.54,61989.96,61463.6,292.42,65.0,2024-10-09T13:41:04,61990.45,sl,-5.8582,-1.0017,2024-10
2024-10-09T15:18:01,flip,BUY,62139.36,62010.92,62242.11,128.44,0.0,2024-10-09T15:25:25,62242.11,tp,2.055,0.8,2024-10
2024-10-09T15:49:01,cont,BUY,62388.81,62136.89,62590.35,251.92,31.0,2024-10-09T16:08:13,62133.91,sl,-5.098,-1.0118,2024-10
2024-10-09T16:13:01,flip,SELL,62098.08,62213.44,62005.79,115.36,0.0,2024-10-09T16:15:51,62005.79,tp,1.8458,0.8,2024-10
2024-10-09T18:12:01,cont,SELL,61487.27,61840.71,61204.52,353.44,119.0,2024-10-09T18:18:24,61204.52,tp,5.655,0.8,2024-10
2024-10-10T10:39:01,flip,BUY,61109.12,60563.96,61545.25,545.16,0.0,2024-10-10T13:49:04,60559.27,sl,-10.997,-1.0086,2024-10
2024-10-10T14:35:01,cont,SELL,60552.08,60981.94,60208.19,429.86,47.0,2024-10-10T16:03:43,60985.51,sl,-8.6686,-1.0083,2024-10
2024-10-10T16:52:01,flip,SELL,60375.77,60553.3,60233.75,177.53,0.0,2024-10-10T16:59:36,60233.75,tp,2.8405,0.8,2024-10
2024-10-10T17:07:01,cont,SELL,60114.3,60390.8,59893.1,276.5,15.0,2024-10-10T17:52:21,59893.1,tp,4.424,0.8,2024-10
2024-10-11T00:14:01,flip,BUY,60338.03,60235.41,60420.13,102.62,0.0,2024-10-11T00:26:18,60233.57,sl,-2.0892,-1.0179,2024-10
2024-10-11T01:02:01,flip,SELL,60100.86,60266.71,59968.18,165.85,0.0,2024-10-11T01:47:32,60266.8,sl,-3.3188,-1.0005,2024-10
2024-10-11T05:01:01,flip,BUY,60720.09,60323.83,61037.1,396.26,0.0,2024-10-11T09:53:30,61037.1,tp,6.3402,0.8,2024-10
2024-10-11T22:27:01,flip,SELL,62550.12,62618.57,62495.36,68.45,0.0,2024-10-11T22:27:11,62619.28,sl,-1.3832,-1.0104,2024-10
2024-10-11T22:40:01,cont,SELL,62403.88,62607.58,62240.92,203.7,13.0,2024-10-11T23:13:49,62608.07,sl,-4.0838,-1.0024,2024-10
2024-10-11T23:49:01,cont,SELL,62370.84,62686.73,62118.13,315.89,82.0,2024-10-12T00:13:55,62687.44,sl,-6.332,-1.0022,2024-10
2024-10-12T00:33:01,flip,BUY,62828.77,62630.89,62987.07,197.88,0.0,2024-10-12T01:02:39,62987.07,tp,3.1661,0.8,2024-10
2024-10-12T02:51:01,flip,SELL,62557.98,62662.58,62474.3,104.6,0.0,2024-10-12T03:08:56,62662.94,sl,-2.0992,-1.0034,2024-10
2024-10-12T03:25:03,cont,SELL,62512.05,62650.72,62401.11,138.67,34.0,2024-10-12T04:02:20,62651.24,sl,-2.7838,-1.0037,2024-10
2024-10-12T04:15:01,flip,BUY,62677.51,62615.71,62726.95,61.8,0.0,2024-10-12T04:23:15,62615.12,sl,-1.2478,-1.0095,2024-10
2024-10-12T04:28:01,cont,BUY,62699.75,62591.48,62786.37,108.27,13.0,2024-10-12T05:05:49,62590.78,sl,-2.1794,-1.0065,2024-10
2024-10-12T05:58:01,cont,BUY,62806.72,62589.27,62980.68,217.45,103.0,2024-10-12T10:19:02,62980.68,tp,3.4792,0.8,2024-10
2024-10-12T11:59:01,flip,SELL,62931.0,63074.74,62816.01,143.74,0.0,2024-10-12T12:55:36,63075.99,sl,-2.8998,-1.0087,2024-10
2024-10-12T13:07:01,flip,BUY,63126.58,63007.42,63221.91,119.16,0.0,2024-10-12T13:48:15,63005.3,sl,-2.4256,-1.0178,2024-10
2024-10-12T13:49:01,flip,SELL,63034.35,63107.37,62975.93,73.02,0.0,2024-10-12T13:54:19,63112.02,sl,-1.5534,-1.0637,2024-10
2024-10-12T14:09:01,flip,BUY,63150.93,63049.1,63232.39,101.83,0.0,2024-10-12T14:14:43,63232.39,tp,1.6293,0.8,2024-10
2024-10-12T14:15:01,cont,BUY,63236.24,63148.93,63306.09,87.31,6.0,2024-10-12T14:42:48,63306.09,tp,1.397,0.8,2024-10
2024-10-12T15:14:01,cont,BUY,63491.63,63194.99,63728.94,296.64,65.0,2024-10-12T15:40:46,63191.05,sl,-6.0116,-1.0133,2024-10
2024-10-12T18:24:01,flip,SELL,63073.46,63433.54,62785.4,360.08,0.0,2024-10-13T02:11:01,62785.4,tp,5.7613,0.8,2024-10
2024-10-13T02:32:01,flip,BUY,62867.66,62803.08,62919.32,64.58,0.0,2024-10-13T02:37:56,62802.6,sl,-1.3012,-1.0074,2024-10
2024-10-13T02:44:01,cont,BUY,62895.31,62800.6,62971.08,94.71,12.0,2024-10-13T02:52:24,62797.92,sl,-1.9478,-1.0283,2024-10
2024-10-13T02:58:01,cont,BUY,62908.29,62809.56,62987.27,98.73,26.0,2024-10-13T03:21:50,62759.22,sl,-2.9814,-1.5099,2024-10
2024-10-13T07:48:01,flip,SELL,62757.67,62825.78,62703.18,68.11,0.0,2024-10-13T07:53:52,62826.31,sl,-1.3728,-1.0078,2024-10
2024-10-13T08:22:02,flip,BUY,63004.06,62937.72,63057.13,66.34,0.0,2024-10-13T08:23:42,62937.49,sl,-1.3314,-1.0035,2024-10
2024-10-13T08:40:01,flip,SELL,62900.56,62974.42,62841.47,73.86,0.0,2024-10-13T08:57:01,62841.47,tp,1.1818,0.8,2024-10
2024-10-13T09:13:01,cont,SELL,62821.41,62871.39,62781.43,49.98,33.0,2024-10-13T09:44:38,62873.01,sl,-1.032,-1.0324,2024-10
2024-10-13T10:13:01,cont,SELL,62777.51,62887.68,62689.37,110.17,93.0,2024-10-13T11:25:18,62689.37,tp,1.7627,0.8,2024-10
2024-10-13T12:31:01,flip,BUY,62766.39,62695.77,62822.89,70.62,0.0,2024-10-13T12:35:02,62695.09,sl,-1.426,-1.0096,2024-10
2024-10-13T13:07:01,cont,BUY,62788.51,62616.95,62925.76,171.56,36.0,2024-10-13T14:05:25,62616.94,sl,-3.4314,-1.0001,2024-10
2024-10-13T14:10:02,cont,SELL,62593.64,62638.32,62557.9,44.68,17.0,2024-10-13T14:12:58,62638.56,sl,-0.8984,-1.0054,2024-10
2024-10-13T14:37:01,cont,SELL,62528.38,62680.66,62406.56,152.28,44.0,2024-10-13T14:48:21,62406.56,tp,2.4365,0.8,2024-10
2024-10-13T15:19:01,cont,SELL,62176.09,62367.73,62022.78,191.64,86.0,2024-10-13T16:15:47,62369.35,sl,-3.8652,-1.0085,2024-10
2024-10-13T16:23:01,cont,BUY,62525.07,62418.26,62610.52,106.81,13.0,2024-10-13T16:31:30,62610.52,tp,1.709,0.8,2024-10
2024-10-13T16:41:01,cont,BUY,62757.19,62609.0,62875.74,148.19,31.0,2024-10-13T17:15:26,62875.74,tp,2.371,0.8,2024-10
2024-10-13T17:37:01,flip,SELL,62686.42,62797.5,62597.56,111.08,0.0,2024-10-13T17:42:38,62597.56,tp,1.7773,0.8,2024-10
2024-10-13T18:11:02,cont,SELL,62413.73,62618.08,62250.25,204.35,34.0,2024-10-13T18:30:21,62619.76,sl,-4.1206,-1.0082,2024-10
2024-10-13T19:34:01,flip,BUY,62704.63,62390.2,62956.17,314.43,0.0,2024-10-13T21:32:12,62956.17,tp,5.0309,0.8,2024-10
2024-10-13T21:33:01,cont,BUY,63024.91,62871.81,63147.39,153.1,119.0,2024-10-13T21:46:21,62871.76,sl,-3.063,-1.0003,2024-10
2024-10-13T21:51:01,flip,SELL,62845.15,62879.08,62818.01,33.93,0.0,2024-10-13T21:51:11,62879.53,sl,-0.6876,-1.0133,2024-10
2024-10-13T22:04:01,flip,BUY,63134.83,62896.52,63325.48,238.31,0.0,2024-10-13T22:26:11,62895.33,sl,-4.79,-1.005,2024-10
2024-10-13T22:56:01,flip,SELL,62762.65,62905.8,62648.13,143.15,0.0,2024-10-13T23:54:27,62909.8,sl,-2.943,-1.0279,2024-10
2024-10-14T00:18:01,cont,SELL,62586.02,62927.58,62312.77,341.56,82.0,2024-10-14T03:17:34,62929.9,sl,-6.8776,-1.0068,2024-10
2024-10-14T03:18:01,flip,BUY,62921.32,62497.17,63260.64,424.15,0.0,2024-10-14T03:26:27,63260.64,tp,6.7864,0.8,2024-10
2024-10-14T03:35:01,cont,BUY,63597.46,63221.1,63898.55,376.36,17.0,2024-10-14T03:39:27,63898.55,tp,6.0218,0.8,2024-10
2024-10-14T03:57:01,cont,BUY,64327.81,63929.35,64646.58,398.46,39.0,2024-10-14T05:15:03,63921.89,sl,-8.1184,-1.0187,2024-10
2024-10-14T05:34:01,flip,SELL,63854.1,64011.59,63728.11,157.49,0.0,2024-10-14T06:26:06,64013.45,sl,-3.187,-1.0118,2024-10
2024-10-14T07:34:01,flip,BUY,64276.3,64023.81,64478.29,252.49,0.0,2024-10-14T07:49:28,64478.29,tp,4.0398,0.8,2024-10
2024-10-14T13:27:01,flip,SELL,64720.99,65010.42,64489.45,289.43,0.0,2024-10-14T13:45:28,65013.36,sl,-5.8474,-1.0102,2024-10
2024-10-14T14:02:01,flip,BUY,65330.04,64979.12,65610.78,350.92,0.0,2024-10-14T14:21:53,65610.78,tp,5.6147,0.8,2024-10
2024-10-14T14:42:01,cont,BUY,66167.64,65826.12,66440.86,341.52,40.0,2024-10-14T15:01:23,65825.83,sl,-6.8362,-1.0008,2024-10
2024-10-14T16:11:01,flip,SELL,65795.91,66085.64,65564.13,289.73,0.0,2024-10-14T17:21:22,65564.13,tp,4.6357,0.8,2024-10
2024-10-14T17:22:01,cont,SELL,65521.76,65882.03,65233.54,360.27,71.0,2024-10-14T18:25:08,65882.75,sl,-7.2198,-1.002,2024-10
2024-10-14T18:45:01,flip,BUY,65948.29,65864.67,66015.19,83.62,0.0,2024-10-14T18:47:16,65864.34,sl,-1.679,-1.0039,2024-10
2024-10-14T18:53:01,flip,SELL,65809.04,65890.45,65743.91,81.41,0.0,2024-10-14T19:00:05,65743.91,tp,1.3026,0.8,2024-10
2024-10-14T19:40:01,flip,BUY,66023.56,65741.64,66249.1,281.92,0.0,2024-10-14T21:37:30,65731.07,sl,-5.8498,-1.0375,2024-10
2024-10-14T21:58:01,cont,SELL,65758.08,65866.57,65671.29,108.49,31.0,2024-10-14T22:01:41,65870.1,sl,-2.2404,-1.0325,2024-10
2024-10-14T22:09:01,flip,BUY,65979.62,65855.92,66078.58,123.7,0.0,2024-10-14T22:17:14,66078.58,tp,1.9792,0.8,2024-10
2024-10-14T22:18:01,cont,BUY,66151.97,65886.22,66364.57,265.75,9.0,2024-10-14T22:58:23,66364.57,tp,4.252,0.8,2024-10
2024-10-14T22:59:01,cont,BUY,66365.2,66094.43,66581.82,270.77,50.0,2024-10-14T23:15:22,66094.02,sl,-5.4236,-1.0015,2024-10
2024-10-14T23:45:01,flip,SELL,66037.58,66191.29,65914.61,153.71,0.0,2024-10-15T00:12:38,65914.61,tp,2.4594,0.8,2024-10
2024-10-15T00:44:01,cont,SELL,65874.53,66319.15,65518.83,444.62,59.0,2024-10-15T03:33:47,65518.83,tp,7.1139,0.8,2024-10
2024-10-15T04:37:01,flip,BUY,65636.1,65529.18,65721.64,106.92,0.0,2024-10-15T05:01:52,65527.47,sl,-2.1726,-1.016,2024-10
2024-10-15T05:02:01,flip,SELL,65520.99,65577.67,65475.65,56.68,0.0,2024-10-15T05:06:15,65475.65,tp,0.9069,0.8,2024-10
2024-10-15T05:09:01,cont,SELL,65458.28,65524.72,65405.13,66.44,7.0,2024-10-15T05:12:55,65405.13,tp,1.063,0.8,2024-10
2024-10-15T05:32:01,cont,SELL,65299.31,65444.13,65183.45,144.82,30.0,2024-10-15T06:16:20,65444.32,sl,-2.9002,-1.0013,2024-10
2024-10-15T06:57:01,flip,BUY,65577.0,65349.87,65758.7,227.13,0.0,2024-10-15T07:13:20,65758.7,tp,3.6341,0.8,2024-10
2024-10-15T07:14:01,cont,BUY,65796.71,65678.32,65891.42,118.39,17.0,2024-10-15T07:20:20,65677.13,sl,-2.3916,-1.0101,2024-10
2024-10-15T07:41:01,cont,BUY,65799.31,65643.56,65923.91,155.75,44.0,2024-10-15T07:57:26,65637.41,sl,-3.238,-1.0395,2024-10
2024-10-15T09:09:01,flip,SELL,65595.77,65811.49,65423.19,215.72,0.0,2024-10-15T11:13:11,65423.19,tp,3.4515,0.8,2024-10
2024-10-15T11:30:01,flip,BUY,65529.87,65327.54,65691.73,202.33,0.0,2024-10-15T11:54:29,65327.45,sl,-4.0484,-1.0004,2024-10
2024-10-15T12:32:01,cont,BUY,65682.74,65263.98,66017.75,418.76,62.0,2024-10-15T13:34:09,66017.75,tp,6.7002,0.8,2024-10
2024-10-15T14:59:01,flip,SELL,65356.82,65896.77,64924.86,539.95,0.0,2024-10-15T15:06:40,64924.86,tp,8.6392,0.8,2024-10
2024-10-15T15:07:01,cont,SELL,64947.93,65434.33,64558.81,486.4,8.0,2024-10-15T15:15:05,65435.99,sl,-9.7612,-1.0034,2024-10
2024-10-15T15:30:01,flip,BUY,65855.45,65322.48,66281.83,532.97,0.0,2024-10-15T16:08:34,66281.83,tp,8.5275,0.8,2024-10
2024-10-15T16:09:01,cont,BUY,66304.18,65886.34,66638.45,417.84,39.0,2024-10-15T16:19:29,66638.45,tp,6.6854,0.8,2024-10
2024-10-15T16:34:02,cont,BUY,66787.87,66372.41,67120.24,415.46,64.0,2024-10-15T16:40:23,67120.24,tp,6.6474,0.8,2024-10
2024-10-15T17:11:01,flip,SELL,66531.95,67040.92,66124.77,508.97,0.0,2024-10-15T17:43:52,67041.12,sl,-10.1834,-1.0004,2024-10
2024-10-15T18:17:01,flip,BUY,67276.42,66960.28,67529.33,316.14,0.0,2024-10-15T18:34:17,66959.67,sl,-6.335,-1.0019,2024-10
2024-10-15T18:47:01,flip,SELL,66932.08,67163.87,66746.65,231.79,0.0,2024-10-15T19:06:37,66746.65,tp,3.7086,0.8,2024-10
2024-10-15T20:24:01,cont,SELL,66572.26,67020.31,66213.82,448.05,97.0,2024-10-15T21:20:39,66213.82,tp,7.1688,0.8,2024-10
2024-10-15T22:14:01,flip,BUY,66610.22,66399.09,66779.12,211.13,0.0,2024-10-15T22:21:29,66779.12,tp,3.3781,0.8,2024-10
2024-10-15T22:29:01,cont,BUY,66834.22,66721.4,66924.48,112.82,15.0,2024-10-15T22:34:07,66924.48,tp,1.8051,0.8,2024-10
2024-10-15T23:14:01,flip,SELL,66703.32,66849.96,66586.01,146.64,0.0,2024-10-15T23:33:15,66850.36,sl,-2.9408,-1.0027,2024-10
2024-10-16T00:01:01,cont,BUY,67118.27,66959.58,67245.22,158.69,28.0,2024-10-16T00:08:41,66956.2,sl,-3.2414,-1.0213,2024-10
2024-10-16T00:17:01,flip,SELL,66839.01,66952.14,66748.51,113.13,0.0,2024-10-16T00:19:35,66954.17,sl,-2.3032,-1.0179,2024-10
2024-10-16T00:23:01,cont,SELL,66854.79,67005.41,66734.29,150.62,6.0,2024-10-16T00:41:32,67009.82,sl,-3.1006,-1.0293,2024-10
2024-10-16T01:11:01,cont,SELL,66759.27,67013.45,66555.93,254.18,54.0,2024-10-16T01:15:17,67016.28,sl,-5.1402,-1.0111,2024-10
2024-10-16T02:08:01,flip,BUY,67601.77,67146.02,67966.37,455.75,0.0,2024-10-16T03:16:11,67145.64,sl,-9.1226,-1.0008,2024-10
2024-10-16T04:25:01,flip,SELL,67080.52,67272.68,66926.79,192.16,0.0,2024-10-16T04:38:47,66926.79,tp,3.0746,0.8,2024-10
2024-10-16T05:17:01,flip,BUY,67107.88,66936.29,67245.15,171.59,0.0,2024-10-16T05:39:21,67245.15,tp,2.7454,0.8,2024-10
2024-10-16T05:48:01,cont,BUY,67390.94,67275.07,67483.64,115.87,31.0,2024-10-16T05:52:28,67273.38,sl,-2.3512,-1.0146,2024-10
2024-10-16T06:01:01,flip,SELL,67202.71,67259.44,67157.33,56.73,0.0,2024-10-16T06:03:03,67157.33,tp,0.9077,0.8,2024-10
2024-10-16T06:15:01,flip,BUY,67323.33,67242.4,67388.07,80.93,0.0,2024-10-16T06:20:39,67241.85,sl,-1.6296,-1.0068,2024-10
2024-10-16T07:01:01,flip,SELL,67021.71,67212.6,66869.0,190.89,0.0,2024-10-16T07:10:30,66869.0,tp,3.0542,0.8,2024-10
2024-10-16T08:32:01,flip,BUY,67232.37,67024.11,67398.98,208.26,0.0,2024-10-16T09:33:10,67398.98,tp,3.3322,0.8,2024-10
2024-10-16T10:07:01,cont,BUY,67511.36,67278.19,67697.9,233.17,95.0,2024-10-16T10:16:43,67697.9,tp,3.7307,0.8,2024-10
2024-10-16T13:32:01,flip,SELL,67602.88,68006.2,67280.22,403.32,0.0,2024-10-16T13:39:58,67280.22,tp,6.4531,0.8,2024-10
2024-10-17T15:35:01,flip,BUY,67404.86,66626.68,68027.4,778.18,0.0,2024-10-18T01:56:22,68027.4,tp,12.4509,0.8,2024-10
2024-10-18T20:10:01,flip,SELL,68562.09,68631.83,68506.3,69.74,0.0,2024-10-18T20:13:09,68635.93,sl,-1.4768,-1.0588,2024-10
2024-10-18T20:22:01,cont,SELL,68517.7,68676.7,68390.5,159.0,12.0,2024-10-18T20:58:02,68390.5,tp,2.544,0.8,2024-10
2024-10-18T21:07:01,cont,SELL,68369.38,68540.81,68232.24,171.43,57.0,2024-10-18T21:52:54,68232.24,tp,2.7429,0.8,2024-10
2024-10-18T21:53:01,cont,SELL,68239.64,68468.48,68056.57,228.84,103.0,2024-10-18T23:48:59,68475.06,sl,-4.7084,-1.0288,2024-10
2024-10-19T12:16:01,flip,BUY,68166.32,68101.4,68218.26,64.92,0.0,2024-10-19T12:37:15,68218.26,tp,1.0387,0.8,2024-10
2024-10-19T13:27:01,flip,SELL,68101.68,68156.69,68057.67,55.01,0.0,2024-10-19T13:29:02,68157.47,sl,-1.1158,-1.0142,2024-10
2024-10-19T13:41:01,cont,SELL,68082.44,68132.51,68042.38,50.07,14.0,2024-10-19T13:45:44,68132.67,sl,-1.0046,-1.0032,2024-10
2024-10-19T14:08:01,flip,BUY,68175.15,68076.46,68254.1,98.69,0.0,2024-10-19T14:26:32,68254.1,tp,1.579,0.8,2024-10
2024-10-19T14:56:01,cont,BUY,68328.66,68196.14,68434.68,132.52,48.0,2024-10-19T15:22:35,68188.95,sl,-2.7942,-1.0543,2024-10
2024-10-19T15:36:01,flip,SELL,68155.76,68233.32,68093.71,77.56,0.0,2024-10-19T15:47:16,68235.82,sl,-1.6012,-1.0322,2024-10
2024-10-19T16:15:02,cont,SELL,68121.54,68216.48,68045.59,94.94,39.0,2024-10-19T16:56:53,68045.59,tp,1.519,0.8,2024-10
2024-10-19T16:57:01,cont,SELL,68039.72,68097.58,67993.43,57.86,81.0,2024-10-19T17:03:19,68097.98,sl,-1.1652,-1.0069,2024-10
2024-10-19T17:32:01,flip,BUY,68134.77,68063.42,68191.85,71.35,0.0,2024-10-19T17:45:34,68062.3,sl,-1.4494,-1.0157,2024-10
2024-10-19T18:17:02,cont,BUY,68151.89,68057.16,68227.67,94.73,45.0,2024-10-19T20:37:34,68227.67,tp,1.5157,0.8,2024-10
2024-10-20T00:53:01,flip,SELL,68212.3,68279.46,68158.57,67.16,0.0,2024-10-20T01:21:52,68158.57,tp,1.0746,0.8,2024-10
2024-10-20T01:22:02,cont,SELL,68139.55,68220.05,68075.15,80.5,29.0,2024-10-20T01:27:10,68221.56,sl,-1.6402,-1.0188,2024-10
2024-10-20T01:45:01,cont,SELL,68126.14,68209.94,68059.1,83.8,52.0,2024-10-20T02:13:17,68210.31,sl,-1.6834,-1.0044,2024-10
2024-10-20T02:47:03,cont,SELL,68087.88,68182.88,68011.88,95.0,114.0,2024-10-20T03:56:31,68183.91,sl,-1.9206,-1.0108,2024-10
2024-10-20T04:08:01,flip,BUY,68185.75,68140.85,68221.67,44.9,0.0,2024-10-20T04:27:32,68221.67,tp,0.7184,0.8,2024-10
2024-10-20T13:19:02,flip,SELL,68216.31,68324.96,68129.39,108.65,0.0,2024-10-20T13:31:42,68326.03,sl,-2.1944,-1.0098,2024-10
2024-10-20T14:04:01,flip,BUY,68542.99,68375.14,68677.27,167.85,0.0,2024-10-20T14:17:43,68677.27,tp,2.6856,0.8,2024-10
2024-10-20T23:51:02,flip,SELL,68872.47,69122.71,68672.28,250.24,0.0,2024-10-21T00:15:12,69122.93,sl,-5.0092,-1.0009,2024-10
2024-10-21T17:40:01,flip,BUY,67620.95,67365.16,67825.58,255.79,0.0,2024-10-21T18:00:35,67364.83,sl,-5.1224,-1.0013,2024-10
2024-10-21T18:11:01,flip,SELL,67251.25,67453.49,67089.46,202.24,0.0,2024-10-21T18:27:54,67089.46,tp,3.2358,0.8,2024-10
2024-10-21T19:26:01,flip,BUY,67553.31,67437.47,67645.98,115.84,0.0,2024-10-21T19:48:14,67645.98,tp,1.8534,0.8,2024-10
2024-10-21T19:49:01,cont,BUY,67714.63,67479.28,67902.91,235.35,23.0,2024-10-21T19:54:20,67902.91,tp,3.7656,0.8,2024-10
2024-10-21T23:34:01,flip,SELL,67424.89,67493.02,67370.39,68.13,0.0,2024-10-21T23:40:33,67493.51,sl,-1.3724,-1.0072,2024-10
2024-10-21T23:52:01,cont,SELL,67385.18,67501.59,67292.05,116.41,18.0,2024-10-22T00:02:24,67292.05,tp,1.8626,0.8,2024-10
2024-10-22T00:17:01,cont,SELL,67203.42,67311.24,67117.16,107.82,43.0,2024-10-22T00:17:50,67117.16,tp,1.7251,0.8,2024-10
2024-10-22T01:26:01,flip,BUY,67427.54,67322.75,67511.37,104.79,0.0,2024-10-22T02:00:54,67511.37,tp,1.6766,0.8,2024-10
2024-10-22T02:01:01,cont,BUY,67517.32,67387.17,67621.44,130.15,35.0,2024-10-22T02:06:08,67621.44,tp,2.0824,0.8,2024-10
2024-10-22T03:40:01,flip,SELL,67254.06,67503.21,67054.74,249.15,0.0,2024-10-22T05:04:30,67503.86,sl,-4.996,-1.0026,2024-10
2024-10-22T05:05:01,cont,BUY,67507.29,67407.24,67587.33,100.05,8.0,2024-10-22T05:11:37,67587.33,tp,1.6008,0.8,2024-10
2024-10-22T05:12:01,cont,BUY,67609.29,67534.3,67669.28,74.99,15.0,2024-10-22T05:21:15,67534.01,sl,-1.5056,-1.0039,2024-10
2024-10-22T05:27:01,flip,SELL,67514.69,67565.27,67474.23,50.58,0.0,2024-10-22T05:30:22,67565.62,sl,-1.0186,-1.0069,2024-10
2024-10-22T06:02:01,flip,BUY,67683.28,67504.79,67826.07,178.49,0.0,2024-10-22T07:36:29,67504.54,sl,-3.5748,-1.0014,2024-10
2024-10-22T07:37:01,cont,SELL,67434.07,67560.83,67332.66,126.76,63.0,2024-10-22T08:01:40,67332.66,tp,2.0282,0.8,2024-10
2024-10-22T08:20:01,cont,SELL,67151.01,67333.92,67004.68,182.91,106.0,2024-10-22T08:28:13,67004.68,tp,2.9266,0.8,2024-10
2024-10-22T10:56:01,flip,BUY,67191.86,67041.01,67312.54,150.85,0.0,2024-10-22T11:12:00,67312.54,tp,2.4136,0.8,2024-10
2024-10-22T11:28:01,cont,BUY,67430.1,67266.46,67561.01,163.64,32.0,2024-10-22T11:45:21,67262.93,sl,-3.3434,-1.0216,2024-10
2024-10-22T11:55:01,flip,SELL,67230.93,67287.68,67185.53,56.75,0.0,2024-10-22T12:02:11,67288.68,sl,-1.155,-1.0176,2024-10
2024-10-22T12:19:01,cont,SELL,67188.62,67390.54,67027.08,201.92,24.0,2024-10-22T12:24:35,67027.08,tp,3.2307,0.8,2024-10
2024-10-22T12:36:01,cont,SELL,66988.74,67102.69,66897.58,113.95,41.0,2024-10-22T12:40:37,66897.58,tp,1.8232,0.8,2024-10
2024-10-22T13:35:01,cont,SELL,66730.43,67071.58,66457.51,341.15,100.0,2024-10-22T14:07:54,67113.73,sl,-7.666,-1.1236,2024-10
2024-10-22T14:53:01,flip,BUY,67521.61,67001.39,67937.79,520.22,0.0,2024-10-22T16:09:11,66999.71,sl,-10.438,-1.0032,2024-10
2024-10-22T16:42:01,flip,SELL,66867.43,67044.25,66725.97,176.82,0.0,2024-10-22T17:07:02,67046.05,sl,-3.5724,-1.0102,2024-10
2024-10-22T17:21:01,flip,BUY,67348.17,67075.54,67566.27,272.63,0.0,2024-10-22T19:30:24,67566.27,tp,4.3621,0.8,2024-10
2024-10-22T21:26:01,flip,SELL,67360.55,67414.54,67317.36,53.99,0.0,2024-10-22T21:35:11,67416.15,sl,-1.112,-1.0298,2024-10
2024-10-22T21:44:01,cont,SELL,67346.84,67403.03,67301.89,56.19,18.0,2024-10-22T21:45:09,67405.44,sl,-1.172,-1.0429,2024-10
2024-10-22T22:04:01,flip,BUY,67524.8,67418.52,67609.82,106.28,0.0,2024-10-22T22:06:45,67609.82,tp,1.7005,0.8,2024-10
2024-10-22T22:43:01,cont,BUY,67716.51,67551.2,67848.76,165.31,39.0,2024-10-22T23:13:36,67550.92,sl,-3.3118,-1.0017,2024-10
2024-10-22T23:32:01,flip,SELL,67471.17,67582.1,67382.43,110.93,0.0,2024-10-22T23:46:02,67382.43,tp,1.7749,0.8,2024-10
2024-10-23T00:14:01,cont,SELL,67165.28,67399.77,66977.69,234.49,42.0,2024-10-23T03:18:19,66977.69,tp,3.7518,0.8,2024-10
2024-10-23T03:19:01,flip,SELL,66911.72,67124.25,66741.7,212.53,0.0,2024-10-23T04:38:47,67124.28,sl,-4.2512,-1.0001,2024-10
2024-10-23T06:26:01,flip,BUY,67186.5,66967.91,67361.37,218.59,0.0,2024-10-23T06:52:13,66965.23,sl,-4.4254,-1.0123,2024-10
2024-10-23T07:13:01,flip,SELL,66773.6,66916.5,66659.28,142.9,0.0,2024-10-23T07:17:29,66916.8,sl,-2.864,-1.0021,2024-10
2024-10-23T07:42:01,cont,SELL,66734.64,66911.84,66592.88,177.2,29.0,2024-10-23T08:08:57,66912.23,sl,-3.5518,-1.0022,2024-10
2024-10-23T08:45:01,cont,SELL,66600.71,66908.19,66354.73,307.48,92.0,2024-10-23T08:57:49,66354.73,tp,4.9197,0.8,2024-10
2024-10-23T19:27:01,flip,BUY,66136.38,65781.88,66419.98,354.5,0.0,2024-10-23T19:44:27,66419.98,tp,5.672,0.8,2024-10
2024-10-23T20:42:01,cont,BUY,66507.51,66206.85,66748.04,300.66,75.0,2024-10-24T00:46:04,66748.04,tp,4.8106,0.8,2024-10
2024-10-24T01:08:01,flip,BUY,67531.48,67252.17,67754.93,279.31,0.0,2024-10-24T01:26:40,67251.42,sl,-5.6012,-1.0027,2024-10
2024-10-24T01:41:01,flip,SELL,67089.13,67213.17,66989.9,124.04,0.0,2024-10-24T01:54:04,67220.68,sl,-2.631,-1.0605,2024-10
2024-10-24T02:23:01,flip,BUY,67317.37,67180.52,67426.85,136.85,0.0,2024-10-24T02:39:45,67179.36,sl,-2.7602,-1.0085,2024-10
2024-10-24T05:58:01,flip,SELL,67275.64,67371.31,67199.1,95.67,0.0,2024-10-24T06:00:44,67371.33,sl,-1.9138,-1.0002,2024-10
2024-10-24T06:22:02,flip,BUY,67428.93,67334.46,67504.51,94.47,0.0,2024-10-24T06:26:27,67334.43,sl,-1.89,-1.0003,2024-10
2024-10-24T06:46:01,flip,SELL,67279.21,67386.87,67193.08,107.66,0.0,2024-10-24T06:49:10,67193.08,tp,1.7226,0.8,2024-10
2024-10-24T06:52:01,cont,SELL,67151.63,67203.14,67110.42,51.51,6.0,2024-10-24T06:55:33,67110.42,tp,0.8242,0.8,2024-10
2024-10-24T07:53:01,cont,SELL,67034.61,67231.47,66877.12,196.86,67.0,2024-10-24T08:46:45,66877.12,tp,3.1498,0.8,2024-10
2024-10-24T09:03:01,cont,SELL,66672.34,66847.21,66532.44,174.87,25.0,2024-10-24T09:08:28,66850.11,sl,-3.5554,-1.0166,2024-10
2024-10-24T09:29:01,flip,BUY,66902.04,66751.98,67022.09,150.06,0.0,2024-10-24T09:45:03,66751.05,sl,-3.0198,-1.0062,2024-10
2024-10-24T09:52:01,flip,SELL,66693.11,66778.33,66624.93,85.22,0.0,2024-10-24T09:55:22,66781.37,sl,-1.7652,-1.0357,2024-10
2024-10-24T10:26:02,flip,BUY,66901.25,66769.26,67006.84,131.99,0.0,2024-10-24T10:31:31,67006.84,tp,2.1118,0.8,2024-10
2024-10-24T10:32:01,cont,BUY,67041.63,66922.13,67137.23,119.5,6.0,2024-10-24T10:40:38,66921.9,sl,-2.3946,-1.0019,2024-10
2024-10-24T10:49:01,flip,SELL,66866.09,66948.32,66800.31,82.23,0.0,2024-10-24T10:51:21,66949.8,sl,-1.6742,-1.018,2024-10
2024-10-24T11:09:01,flip,BUY,66996.08,66911.66,67063.62,84.42,0.0,2024-10-24T11:13:07,66911.55,sl,-1.6906,-1.0013,2024-10
2024-10-24T11:19:02,cont,BUY,66999.78,66899.11,67080.32,100.67,10.0,2024-10-24T11:30:17,67080.32,tp,1.6107,0.8,2024-10
2024-10-24T12:03:01,cont,BUY,67267.08,67155.83,67356.08,111.25,54.0,2024-10-24T12:05:16,67356.08,tp,1.78,0.8,2024-10
2024-10-24T12:54:01,cont,BUY,67469.98,67214.49,67674.37,255.49,105.0,2024-10-24T13:23:26,67674.37,tp,4.0878,0.8,2024-10
2024-10-24T16:11:01,flip,SELL,67492.56,67897.87,67168.31,405.31,0.0,2024-10-24T18:21:26,67898.59,sl,-8.1206,-1.0018,2024-10
2024-10-24T19:25:01,flip,BUY,67939.88,67657.84,68165.51,282.04,0.0,2024-10-24T19:38:47,68165.51,tp,4.5126,0.8,2024-10
2024-10-24T19:45:01,cont,BUY,68224.05,68114.68,68311.55,109.37,20.0,2024-10-24T20:00:27,68311.55,tp,1.7499,0.8,2024-10
2024-10-24T20:27:01,flip,SELL,68129.22,68232.35,68046.72,103.13,0.0,2024-10-24T20:35:45,68046.72,tp,1.6501,0.8,2024-10
2024-10-24T20:41:01,cont,SELL,67955.11,68060.96,67870.43,105.85,14.0,2024-10-24T20:41:47,68079.76,sl,-2.493,-1.1776,2024-10
2024-10-24T21:03:01,flip,BUY,68267.92,68156.2,68357.3,111.72,0.0,2024-10-24T21:08:51,68357.3,tp,1.7875,0.8,2024-10
2024-10-24T21:18:01,cont,BUY,68588.68,68418.88,68724.52,169.8,15.0,2024-10-24T21:22:14,68724.52,tp,2.7168,0.8,2024-10
2024-10-24T22:33:01,flip,SELL,68244.67,68518.05,68025.97,273.38,0.0,2024-10-24T23:34:15,68025.97,tp,4.3741,0.8,2024-10
2024-10-25T00:32:03,cont,SELL,68020.46,68220.27,67860.61,199.81,119.0,2024-10-25T01:05:42,67860.61,tp,3.197,0.8,2024-10
2024-10-25T03:20:02,flip,BUY,68153.82,68036.15,68247.96,117.67,0.0,2024-10-25T03:40:28,68035.93,sl,-2.3578,-1.0019,2024-10
2024-10-25T03:50:01,flip,SELL,67983.66,68043.7,67935.63,60.04,0.0,2024-10-25T04:06:18,67935.63,tp,0.9606,0.8,2024-10
2024-10-25T04:07:01,cont,SELL,67923.42,67993.58,67867.29,70.16,17.0,2024-10-25T04:16:26,67867.29,tp,1.1226,0.8,2024-10
2024-10-25T04:17:02,cont,SELL,67822.34,67875.9,67779.49,53.56,27.0,2024-10-25T04:19:05,67876.44,sl,-1.082,-1.0101,2024-10
2024-10-25T04:52:01,cont,SELL,67615.92,67762.31,67498.81,146.39,62.0,2024-10-25T05:37:23,67762.42,sl,-2.93,-1.0008,2024-10
2024-10-25T10:34:01,flip,BUY,67838.98,67613.57,68019.31,225.41,0.0,2024-10-25T11:44:21,68019.31,tp,3.6066,0.8,2024-10
2024-10-25T12:02:01,cont,BUY,68199.84,68064.66,68307.98,135.18,88.0,2024-10-25T12:16:10,68064.26,sl,-2.7116,-1.003,2024-10
2024-10-25T13:04:01,flip,SELL,67932.23,68177.0,67736.41,244.77,0.0,2024-10-25T13:43:14,67736.41,tp,3.9163,0.8,2024-10
2024-10-25T14:11:01,flip,BUY,68430.72,68094.45,68699.74,336.27,0.0,2024-10-25T14:26:04,68699.74,tp,5.3803,0.8,2024-10
2024-10-25T15:40:01,flip,SELL,68176.49,68513.56,67906.83,337.07,0.0,2024-10-25T15:48:11,67906.83,tp,5.3931,0.8,2024-10
2024-10-25T16:08:01,cont,SELL,67352.37,67663.99,67103.07,311.62,28.0,2024-10-25T16:10:59,67665.89,sl,-6.2704,-1.0061,2024-10
2024-10-25T16:54:01,flip,BUY,67844.48,67461.51,68150.86,382.97,0.0,2024-10-25T17:20:47,67453.11,sl,-7.8274,-1.0219,2024-10
2024-10-25T17:44:01,flip,SELL,67235.18,67435.43,67074.98,200.25,0.0,2024-10-25T17:51:48,67438.99,sl,-4.0762,-1.0178,2024-10
2024-10-25T17:56:01,cont,SELL,67119.27,67421.07,66877.83,301.8,12.0,2024-10-25T17:56:58,66877.83,tp,4.8288,0.8,2024-10
2024-10-25T23:52:01,flip,BUY,66393.26,66184.14,66560.56,209.12,0.0,2024-10-25T23:54:02,66560.56,tp,3.3459,0.8,2024-10
2024-10-26T00:26:01,cont,BUY,66700.8,66431.9,66915.92,268.9,34.0,2024-10-26T02:08:47,66430.67,sl,-5.4026,-1.0046,2024-10
2024-10-26T02:09:01,cont,SELL,66451.15,66504.88,66408.17,53.73,2.0,2024-10-26T02:10:28,66408.17,tp,0.8597,0.8,2024-10
2024-10-26T02:25:01,flip,BUY,66670.21,66516.45,66793.22,153.76,0.0,2024-10-26T02:45:26,66793.22,tp,2.4602,0.8,2024-10
2024-10-26T07:28:01,flip,SELL,66998.77,67073.4,66939.07,74.63,0.0,2024-10-26T08:00:35,66939.07,tp,1.1941,0.8,2024-10
2024-10-26T08:13:01,flip,BUY,67050.33,66993.86,67095.51,56.47,0.0,2024-10-26T08:18:27,66993.15,sl,-1.1436,-1.0126,2024-10
2024-10-26T08:31:01,cont,BUY,67113.21,66963.96,67232.61,149.25,18.0,2024-10-26T10:45:05,66958.08,sl,-3.1026,-1.0394,2024-10
2024-10-26T11:09:01,cont,SELL,66918.24,67035.48,66824.45,117.24,25.0,2024-10-26T11:21:11,67036.79,sl,-2.371,-1.0112,2024-10
2024-10-26T15:44:01,flip,BUY,66933.18,66752.41,67077.8,180.77,0.0,2024-10-26T16:13:48,66744.89,sl,-3.7658,-1.0416,2024-10
2024-10-26T16:47:01,cont,BUY,66941.38,66705.08,67130.42,236.3,63.0,2024-10-26T20:07:43,67130.42,tp,3.7808,0.8,2024-10
2024-10-26T20:52:01,flip,SELL,67159.85,67250.85,67087.05,91.0,0.0,2024-10-26T21:42:20,67087.05,tp,1.456,0.8,2024-10
2024-10-27T01:48:01,flip,BUY,66995.99,66884.82,67084.93,111.17,0.0,2024-10-27T03:27:26,67084.93,tp,1.7787,0.8,2024-10
2024-10-27T03:37:02,cont,BUY,67141.83,67057.83,67209.03,84.0,109.0,2024-10-27T03:39:32,67057.13,sl,-1.694,-1.0083,2024-10
2024-10-27T03:48:02,cont,BUY,67155.55,67075.04,67219.96,80.51,120.0,2024-10-27T03:54:09,67219.96,tp,1.2882,0.8,2024-10
2024-10-27T05:11:01,flip,SELL,67048.63,67104.66,67003.81,56.03,0.0,2024-10-27T05:12:23,67104.96,sl,-1.1266,-1.0054,2024-10
2024-10-27T05:38:01,flip,BUY,67136.9,67056.9,67200.9,80.0,0.0,2024-10-27T06:18:41,67056.21,sl,-1.6138,-1.0086,2024-10
2024-10-27T07:14:01,cont,BUY,67157.62,67046.29,67246.68,111.33,96.0,2024-10-27T09:31:41,67039.42,sl,-2.364,-1.0617,2024-10
2024-10-27T10:23:01,cont,SELL,67034.68,67136.66,66953.1,101.98,70.0,2024-10-27T12:13:15,67136.71,sl,-2.0406,-1.0005,2024-10
2024-10-27T12:14:01,cont,BUY,67144.73,67047.62,67222.42,97.11,43.0,2024-10-27T12:20:54,67222.42,tp,1.5538,0.8,2024-10
2024-10-27T13:04:01,cont,BUY,67505.02,67288.19,67678.48,216.83,93.0,2024-10-27T13:23:24,67678.48,tp,3.4693,0.8,2024-10
2024-10-27T18:48:01,flip,SELL,67546.95,67645.96,67467.74,99.01,0.0,2024-10-27T19:28:08,67646.64,sl,-1.9938,-1.0069,2024-10
2024-10-27T20:00:01,flip,BUY,67788.85,67670.39,67883.62,118.46,0.0,2024-10-27T20:46:33,67659.43,sl,-2.5884,-1.0925,2024-10
2024-10-27T21:30:01,cont,BUY,67897.44,67649.49,68095.8,247.95,90.0,2024-10-27T21:45:03,68095.8,tp,3.9672,0.8,2024-10
2024-10-27T23:42:01,flip,SELL,67974.43,68085.58,67885.51,111.15,0.0,2024-10-28T00:42:26,67885.51,tp,1.7784,0.8,2024-10
2024-10-28T00:53:01,cont,SELL,67799.75,67918.29,67704.92,118.54,71.0,2024-10-28T01:24:47,67704.92,tp,1.8966,0.8,2024-10
2024-10-28T02:28:01,flip,BUY,67753.5,67630.06,67852.25,123.44,0.0,2024-10-28T03:07:33,67852.25,tp,1.975,0.8,2024-10
2024-10-28T03:21:01,cont,BUY,67905.83,67792.42,67996.56,113.41,53.0,2024-10-28T03:34:15,67789.59,sl,-2.3248,-1.025,2024-10
2024-10-28T03:48:01,flip,SELL,67680.86,67770.23,67609.36,89.37,0.0,2024-10-28T04:26:35,67609.36,tp,1.4299,0.8,2024-10
2024-10-28T04:36:01,cont,SELL,67587.5,67654.1,67534.22,66.6,48.0,2024-10-28T04:46:44,67655.01,sl,-1.3502,-1.0137,2024-10
2024-10-28T05:33:01,cont,SELL,67565.49,67721.25,67440.88,155.76,105.0,2024-10-28T05:37:00,67722.01,sl,-3.1304,-1.0049,2024-10
2024-10-28T07:01:01,flip,BUY,67925.61,67739.48,68074.51,186.13,0.0,2024-10-28T07:08:59,68074.51,tp,2.9781,0.8,2024-10
2024-10-28T07:13:01,cont,BUY,68308.86,68130.87,68451.25,177.99,12.0,2024-10-28T07:18:04,68451.25,tp,2.8478,0.8,2024-10
2024-10-28T15:03:02,flip,SELL,68664.64,69014.86,68384.46,350.22,0.0,2024-10-28T17:31:22,69033.43,sl,-7.3758,-1.053,2024-10
2024-10-28T18:12:01,cont,BUY,69215.75,68917.58,69454.29,298.17,56.0,2024-10-28T18:23:10,68916.78,sl,-5.9794,-1.0027,2024-10
2024-10-28T18:34:01,flip,SELL,68861.5,68986.64,68761.39,125.14,0.0,2024-10-28T18:39:19,68987.54,sl,-2.5208,-1.0072,2024-10
2024-10-28T19:14:01,flip,BUY,69474.83,69263.87,69643.6,210.96,0.0,2024-10-28T19:15:14,69643.6,tp,3.3754,0.8,2024-10
2024-10-29T19:33:01,flip,SELL,72597.23,73040.72,72242.44,443.49,0.0,2024-10-29T20:11:57,72242.44,tp,7.0958,0.8,2024-10
2024-10-29T20:21:01,cont,SELL,72139.44,72441.48,71897.81,302.04,48.0,2024-10-29T20:25:28,71897.81,tp,4.8326,0.8,2024-10
2024-10-29T20:31:01,cont,SELL,71852.02,72073.83,71674.57,221.81,58.0,2024-10-29T20:33:18,72074.42,sl,-4.448,-1.0027,2024-10
2024-10-29T20:40:01,flip,BUY,72143.41,71936.4,72309.02,207.01,0.0,2024-10-29T20:50:12,72309.02,tp,3.3122,0.8,2024-10
2024-10-29T21:06:01,cont,BUY,72359.2,72164.42,72515.02,194.78,26.0,2024-10-29T21:15:29,72515.02,tp,3.1165,0.8,2024-10
2024-10-29T22:34:01,cont,BUY,72542.86,72121.52,72879.93,421.34,114.0,2024-10-29T22:52:17,72879.93,tp,6.7414,0.8,2024-10
2024-10-30T01:03:01,flip,SELL,72042.02,72226.08,71894.77,184.06,0.0,2024-10-30T01:32:09,72228.43,sl,-3.7282,-1.0128,2024-10
2024-10-30T02:00:01,flip,BUY,72377.83,72221.08,72503.23,156.75,0.0,2024-10-30T02:04:10,72503.23,tp,2.508,0.8,2024-10
2024-10-30T03:22:01,flip,SELL,72230.72,72412.07,72085.64,181.35,0.0,2024-10-30T05:21:20,72421.69,sl,-3.8194,-1.053,2024-10
2024-10-30T05:26:01,cont,BUY,72384.98,72294.43,72457.42,90.55,20.0,2024-10-30T06:01:12,72457.42,tp,1.4488,0.8,2024-10
2024-10-30T06:06:01,cont,BUY,72502.62,72435.93,72555.97,66.69,60.0,2024-10-30T06:12:58,72555.97,tp,1.067,0.8,2024-10
2024-10-30T07:34:01,flip,SELL,72227.13,72402.52,72086.82,175.39,0.0,2024-10-30T07:47:05,72086.82,tp,2.8062,0.8,2024-10
2024-10-30T09:58:01,flip,BUY,72521.65,72188.14,72788.46,333.51,0.0,2024-10-30T11:13:08,72186.56,sl,-6.7018,-1.0047,2024-10
2024-10-30T11:24:01,flip,SELL,72150.18,72258.88,72063.22,108.7,0.0,2024-10-30T11:36:18,72263.11,sl,-2.2586,-1.0389,2024-10
2024-10-30T11:47:01,cont,SELL,72013.28,72244.46,71828.34,231.18,23.0,2024-10-30T12:04:08,71828.34,tp,3.6989,0.8,2024-10
2024-10-30T12:54:01,cont,SELL,71738.09,72090.57,71456.11,352.48,90.0,2024-10-30T13:41:26,71456.11,tp,5.6397,0.8,2024-10
2024-10-30T14:10:01,flip,BUY,72144.8,71862.56,72370.59,282.24,0.0,2024-10-30T14:39:47,72370.59,tp,4.5158,0.8,2024-10
2024-10-30T14:59:01,cont,BUY,72425.58,72120.26,72669.84,305.32,49.0,2024-10-30T15:10:47,72120.09,sl,-6.1098,-1.0006,2024-10
2024-10-30T15:22:01,flip,SELL,71786.51,72008.49,71608.93,221.98,0.0,2024-10-30T15:32:41,72009.28,sl,-4.4554,-1.0036,2024-10
2024-10-30T15:49:01,flip,BUY,72081.87,71747.13,72349.66,334.74,0.0,2024-10-30T17:34:51,71744.77,sl,-6.742,-1.0071,2024-10
2024-10-30T17:39:01,flip,SELL,71641.3,71728.79,71571.31,87.49,0.0,2024-10-30T17:42:13,71731.08,sl,-1.7956,-1.0262,2024-10
2024-10-30T17:59:02,flip,BUY,71861.6,71723.82,71971.82,137.78,0.0,2024-10-30T18:10:26,71971.82,tp,2.2045,0.8,2024-10
2024-10-30T18:37:01,cont,BUY,72054.59,71884.17,72190.93,170.42,38.0,2024-10-30T18:47:09,71883.8,sl,-3.4158,-1.0022,2024-10
2024-10-30T19:04:01,flip,SELL,71818.48,71958.49,71706.47,140.01,0.0,2024-10-30T19:12:36,71958.97,sl,-2.8098,-1.0034,2024-10
2024-10-30T19:18:01,cont,SELL,71810.11,71982.61,71672.11,172.5,14.0,2024-10-30T19:49:35,71983.71,sl,-3.472,-1.0064,2024-10
2024-10-30T20:01:01,cont,SELL,71709.81,72001.55,71476.42,291.74,57.0,2024-10-30T20:02:01,72002.09,sl,-5.8456,-1.0019,2024-10
2024-10-30T20:12:01,cont,SELL,71629.31,72336.71,71063.39,707.4,68.0,2024-10-30T20:41:43,72338.42,sl,-14.1822,-1.0024,2024-10
2024-10-30T21:00:01,flip,BUY,72820.61,72593.6,73002.22,227.01,0.0,2024-10-30T21:11:34,72584.92,sl,-4.7138,-1.0382,2024-10
2024-10-30T21:37:01,flip,SELL,72081.11,72377.9,71843.68,296.79,0.0,2024-10-30T22:09:35,72382.63,sl,-6.0304,-1.0159,2024-10
2024-10-30T22:19:03,flip,BUY,72501.88,72407.56,72577.34,94.32,0.0,2024-10-30T22:19:18,72577.34,tp,1.5091,0.8,2024-10
2024-10-30T22:57:01,flip,SELL,72283.54,72377.64,72208.26,94.1,0.0,2024-10-30T23:05:15,72379.12,sl,-1.9116,-1.0157,2024-10
2024-10-31T00:17:01,cont,SELL,72271.69,72632.07,71983.39,360.38,80.0,2024-10-31T10:52:00,72636.15,sl,-7.2892,-1.0113,2024-10
2024-10-31T12:56:01,flip,SELL,71923.04,72181.04,71716.64,258.0,0.0,2024-10-31T13:40:06,71716.64,tp,4.128,0.8,2024-10
2024-10-31T13:46:01,cont,SELL,71640.13,71892.82,71437.98,252.69,50.0,2024-10-31T13:48:50,71437.98,tp,4.043,0.8,2024-10
2024-10-31T13:55:01,cont,SELL,71263.93,71517.58,71061.01,253.65,59.0,2024-10-31T13:59:10,71061.01,tp,4.0584,0.8,2024-10
2024-10-31T14:42:01,cont,SELL,70770.94,71305.34,70343.42,534.4,106.0,2024-10-31T16:03:02,70343.42,tp,8.5504,0.8,2024-10
2024-10-31T18:53:01,flip,BUY,70563.47,70398.73,70695.26,164.74,0.0,2024-10-31T19:26:23,70398.29,sl,-3.3036,-1.0027,2024-10
2024-10-31T19:55:01,flip,SELL,70220.52,70525.4,69976.62,304.88,0.0,2024-10-31T19:59:25,69976.62,tp,4.8781,0.8,2024-10
2024-10-31T20:47:01,cont,SELL,69919.56,70160.43,69726.86,240.87,52.0,2024-10-31T20:48:48,69726.86,tp,3.8539,0.8,2024-10
2024-10-31T21:26:01,flip,BUY,70273.62,70065.81,70439.87,207.81,0.0,2024-10-31T21:54:39,70439.87,tp,3.325,0.8,2024-10
2024-10-31T22:09:01,flip,SELL,70269.6,70400.84,70164.61,131.24,0.0,2024-10-31T22:15:27,70164.61,tp,2.0998,0.8,2024-10
2024-10-31T23:01:01,flip,BUY,70489.12,70323.7,70621.46,165.42,0.0,2024-10-31T23:07:03,70321.39,sl,-3.3546,-1.014,2024-10
2024-10-31T23:21:01,cont,BUY,70524.6,70287.07,70714.62,237.53,20.0,2024-10-31T23:54:03,70286.43,sl,-4.7634,-1.0027,2024-10
2024-11-01T00:35:01,flip,SELL,70127.24,70366.54,69935.8,239.3,0.0,2024-11-01T01:23:41,69935.8,tp,3.8288,0.8,2024-11
2024-11-01T01:51:01,cont,SELL,69378.41,69960.46,68912.77,582.05,76.0,2024-11-01T02:09:16,68912.77,tp,9.3128,0.8,2024-11
2024-11-01T11:14:01,flip,BUY,70113.21,69687.97,70453.4,425.24,0.0,2024-11-01T13:34:09,70453.4,tp,6.8038,0.8,2024-11
2024-11-01T13:53:01,flip,BUY,70881.78,70430.26,71243.0,451.52,0.0,2024-11-01T14:06:41,71243.0,tp,7.2243,0.8,2024-11
2024-11-01T14:07:01,cont,BUY,71270.94,70881.93,71582.15,389.01,14.0,2024-11-01T14:53:27,70881.3,sl,-7.7928,-1.0016,2024-11
2024-11-01T14:54:01,flip,SELL,70933.46,71199.95,70720.27,266.49,0.0,2024-11-01T14:58:47,71203.59,sl,-5.4026,-1.0137,2024-11
2024-11-01T15:20:01,cont,SELL,70851.72,71316.35,70480.02,464.63,26.0,2024-11-01T15:32:53,70480.02,tp,7.4341,0.8,2024-11
2024-11-01T15:33:01,cont,SELL,70431.31,70824.64,70116.65,393.33,39.0,2024-11-01T15:38:17,70116.65,tp,6.2933,0.8,2024-11
2024-11-01T20:28:01,flip,BUY,69354.59,68881.56,69733.01,473.03,0.0,2024-11-01T21:25:16,68874.7,sl,-9.5978,-1.0145,2024-11
2024-11-02T02:58:01,flip,SELL,69651.99,69716.91,69600.05,64.92,0.0,2024-11-02T03:03:41,69717.98,sl,-1.3198,-1.0165,2024-11
2024-11-02T03:31:01,cont,SELL,69630.69,69760.07,69527.19,129.38,33.0,2024-11-02T04:02:37,69527.19,tp,2.0701,0.8,2024-11
2024-11-02T04:29:01,cont,SELL,69495.65,69593.44,69417.42,97.79,91.0,2024-11-02T05:15:44,69594.65,sl,-1.98,-1.0124,2024-11
2024-11-02T05:38:01,flip,BUY,69646.36,69516.8,69750.01,129.56,0.0,2024-11-02T07:34:03,69750.01,tp,2.073,0.8,2024-11
2024-11-02T07:35:02,cont,BUY,69801.39,69645.62,69926.01,155.77,117.0,2024-11-02T08:21:37,69643.73,sl,-3.1532,-1.0121,2024-11
2024-11-02T08:28:01,flip,SELL,69620.98,69686.28,69568.74,65.3,0.0,2024-11-02T08:38:25,69568.74,tp,1.0448,0.8,2024-11
2024-11-02T08:39:01,cont,SELL,69555.03,69654.42,69475.52,99.39,11.0,2024-11-02T08:56:08,69654.81,sl,-1.9956,-1.0039,2024-11
2024-11-02T09:02:04,cont,SELL,69514.36,69630.11,69421.76,115.75,34.0,2024-11-02T09:10:24,69630.93,sl,-2.3314,-1.0071,2024-11
2024-11-02T09:53:01,cont,SELL,69484.5,69639.88,69360.2,155.38,85.0,2024-11-02T11:20:48,69641.16,sl,-3.1332,-1.0082,2024-11
2024-11-02T12:24:01,flip,SELL,69523.67,69650.66,69422.08,126.99,0.0,2024-11-02T12:54:00,69422.08,tp,2.0318,0.8,2024-11
2024-11-02T12:54:01,cont,SELL,69398.98,69498.35,69319.48,99.37,30.0,2024-11-02T13:06:46,69499.04,sl,-2.0012,-1.0069,2024-11
2024-11-02T13:16:02,flip,BUY,69557.85,69471.09,69627.26,86.76,0.0,2024-11-02T13:27:10,69627.26,tp,1.3882,0.8,2024-11
2024-11-02T13:55:01,flip,SELL,69388.43,69552.49,69257.18,164.06,0.0,2024-11-02T14:06:11,69257.18,tp,2.625,0.8,2024-11
2024-11-02T14:16:01,cont,SELL,69200.35,69347.11,69082.94,146.76,21.0,2024-11-02T14:20:24,69082.94,tp,2.3482,0.8,2024-11
2024-11-02T14:47:01,cont,SELL,69027.34,69218.15,68874.69,190.81,52.0,2024-11-02T14:56:28,69221.32,sl,-3.8796,-1.0166,2024-11
2024-11-02T15:23:01,flip,BUY,69259.58,69070.43,69410.9,189.15,0.0,2024-11-02T16:28:27,69410.9,tp,3.0264,0.8,2024-11
2024-11-02T16:29:01,cont,BUY,69432.43,69265.87,69565.68,166.56,66.0,2024-11-02T18:07:31,69261.57,sl,-3.4172,-1.0258,2024-11
2024-11-02T18:08:02,cont,SELL,69249.25,69374.44,69149.1,125.19,44.0,2024-11-02T18:35:06,69375.22,sl,-2.5194,-1.0062,2024-11
2024-11-02T19:07:01,flip,BUY,69453.61,69320.16,69560.37,133.45,0.0,2024-11-02T22:03:35,69318.54,sl,-2.7014,-1.0121,2024-11
2024-11-02T23:03:01,cont,SELL,69295.61,69480.53,69147.67,184.92,119.0,2024-11-02T23:04:47,69147.67,tp,2.9587,0.8,2024-11
2024-11-03T01:50:01,flip,BUY,69156.1,69000.28,69280.76,155.82,0.0,2024-11-03T01:55:13,68998.74,sl,-3.1472,-1.0099,2024-11
2024-11-03T02:11:01,flip,SELL,68845.65,68945.05,68766.13,99.4,0.0,2024-11-03T02:11:35,68766.13,tp,1.5904,0.8,2024-11
2024-11-03T02:22:01,cont,SELL,68460.83,68656.18,68304.55,195.35,11.0,2024-11-03T02:24:20,68304.55,tp,3.1256,0.8,2024-11
2024-11-03T02:34:01,cont,SELL,68094.38,68289.46,67938.32,195.08,23.0,2024-11-03T02:42:15,67938.32,tp,3.1213,0.8,2024-11
2024-11-03T03:09:01,flip,BUY,68285.08,67899.55,68593.5,385.53,0.0,2024-11-03T04:31:31,68593.5,tp,6.1685,0.8,2024-11
2024-11-03T09:38:01,flip,SELL,68243.59,68530.76,68013.85,287.17,0.0,2024-11-03T10:43:23,68532.12,sl,-5.7706,-1.0047,2024-11
2024-11-03T11:18:01,cont,BUY,68539.76,68341.16,68698.64,198.6,52.0,2024-11-03T11:31:50,68339.62,sl,-4.0028,-1.0078,2024-11
2024-11-03T11:54:05,flip,SELL,68263.54,68383.84,68167.3,120.3,0.0,2024-11-03T12:01:41,68385.59,sl,-2.441,-1.0145,2024-11
2024-11-03T12:20:01,cont,SELL,68230.62,68375.07,68115.06,144.45,26.0,2024-11-03T12:26:53,68376.28,sl,-2.9132,-1.0084,2024-11
2024-11-03T12:43:01,flip,BUY,68467.24,68379.95,68537.07,87.29,0.0,2024-11-03T13:03:51,68368.62,sl,-1.9724,-1.1298,2024-11
2024-11-03T13:17:01,flip,SELL,68248.86,68340.22,68175.77,91.36,0.0,2024-11-03T13:18:23,68340.22,sl,-1.8272,-1.0,2024-11
2024-11-03T13:44:01,cont,SELL,68172.9,68345.98,68034.44,173.08,27.0,2024-11-03T13:53:11,68034.44,tp,2.7693,0.8,2024-11
2024-11-03T14:08:01,cont,SELL,67912.18,68115.82,67749.27,203.64,51.0,2024-11-03T14:10:20,68116.27,sl,-4.0818,-1.0022,2024-11
2024-11-03T14:27:01,cont,SELL,67855.66,68134.96,67632.22,279.3,70.0,2024-11-03T14:45:30,67632.22,tp,4.4688,0.8,2024-11
2024-11-03T14:46:01,cont,SELL,67631.7,67988.98,67345.88,357.28,89.0,2024-11-03T15:51:56,67989.62,sl,-7.1584,-1.0018,2024-11
2024-11-03T19:38:01,flip,BUY,68561.16,67707.77,69243.87,853.39,0.0,2024-11-03T21:25:11,69243.87,tp,13.6542,0.8,2024-11
2024-11-03T23:01:01,flip,SELL,68715.5,68965.3,68515.66,249.8,0.0,2024-11-03T23:02:40,68515.66,tp,3.9968,0.8,2024-11
2024-11-03T23:19:01,cont,SELL,68532.68,68771.51,68341.62,238.83,18.0,2024-11-03T23:39:41,68772.62,sl,-4.7988,-1.0046,2024-11
2024-11-03T23:40:01,flip,BUY,68778.49,68653.27,68878.67,125.22,0.0,2024-11-03T23:57:30,68653.12,sl,-2.5074,-1.0012,2024-11
2024-11-04T00:18:02,flip,SELL,68519.97,68630.32,68431.69,110.35,0.0,2024-11-04T00:33:59,68431.69,tp,1.7656,0.8,2024-11
2024-11-04T01:21:01,flip,BUY,68824.81,68496.48,69087.47,328.33,0.0,2024-11-04T02:29:03,69087.47,tp,5.2533,0.8,2024-11
2024-11-04T02:33:01,cont,BUY,69127.48,69061.25,69180.46,66.23,72.0,2024-11-04T02:35:33,69060.52,sl,-1.3392,-1.011,2024-11
2024-11-04T02:38:02,cont,BUY,69173.47,69025.96,69291.48,147.51,77.0,2024-11-04T03:00:30,69291.48,tp,2.3602,0.8,2024-11
2024-11-04T03:01:01,cont,BUY,69368.05,69166.17,69529.55,201.88,100.0,2024-11-04T03:09:36,69166.17,sl,-4.0376,-1.0,2024-11
2024-11-04T03:22:01,flip,SELL,69077.26,69163.13,69008.56,85.87,0.0,2024-11-04T03:23:06,69168.42,sl,-1.8232,-1.0616,2024-11
2024-11-04T03:32:01,cont,SELL,69037.29,69174.2,68927.76,136.91,10.0,2024-11-04T03:39:28,69175.24,sl,-2.759,-1.0076,2024-11
2024-11-04T03:57:01,cont,SELL,69000.39,69162.74,68870.51,162.35,35.0,2024-11-04T04:27:53,69163.62,sl,-3.2646,-1.0054,2024-11
2024-11-04T06:25:01,flip,BUY,69014.97,68893.5,69112.15,121.47,0.0,2024-11-04T06:41:25,68890.34,sl,-2.4926,-1.026,2024-11
2024-11-04T06:53:01,cont,BUY,69120.8,68866.43,69324.3,254.37,28.0,2024-11-04T07:23:26,68864.43,sl,-5.1274,-1.0079,2024-11
2024-11-04T07:31:01,flip,SELL,68835.64,68909.25,68776.75,73.61,0.0,2024-11-04T07:33:01,68776.75,tp,1.1778,0.8,2024-11
2024-11-04T07:56:01,cont,SELL,68542.08,68643.4,68461.02,101.32,25.0,2024-11-04T08:05:23,68643.79,sl,-2.0342,-1.0038,2024-11
2024-11-04T08:10:01,cont,SELL,68499.24,68672.97,68360.26,173.73,39.0,2024-11-04T09:00:46,68673.71,sl,-3.4894,-1.0043,2024-11
2024-11-04T11:17:01,flip,BUY,68914.82,68404.0,69323.48,510.82,0.0,2024-11-04T14:31:22,68401.78,sl,-10.2608,-1.0043,2024-11
2024-11-04T14:57:01,flip,SELL,68153.76,68425.4,67936.45,271.64,0.0,2024-11-04T15:01:20,68426.46,sl,-5.454,-1.0039,2024-11
2024-11-04T16:12:01,flip,BUY,68755.28,68442.06,69005.86,313.22,0.0,2024-11-04T16:16:58,68385.49,sl,-7.3958,-1.1806,2024-11
2024-11-04T16:39:01,flip,SELL,68120.57,68288.39,67986.31,167.82,0.0,2024-11-04T16:42:59,67986.31,tp,2.6851,0.8,2024-11
2024-11-04T16:50:02,cont,SELL,67760.54,67957.71,67602.8,197.17,11.0,2024-11-04T16:57:18,67602.8,tp,3.1547,0.8,2024-11
2024-11-04T17:03:02,cont,SELL,67531.64,67730.0,67372.95,198.36,24.0,2024-11-04T17:18:32,67372.95,tp,3.1738,0.8,2024-11
2024-11-04T17:19:01,cont,SELL,67346.19,67597.87,67144.85,251.68,40.0,2024-11-04T17:21:53,67604.81,sl,-5.1724,-1.0276,2024-11
2024-11-04T17:31:01,flip,BUY,67854.85,67737.7,67948.57,117.15,0.0,2024-11-04T17:38:16,67736.01,sl,-2.3768,-1.0144,2024-11
2024-11-04T18:04:01,flip,SELL,67542.43,67864.09,67285.1,321.66,0.0,2024-11-04T18:22:20,67866.38,sl,-6.479,-1.0071,2024-11
2024-11-04T22:49:01,flip,BUY,67863.76,67617.58,68060.7,246.18,0.0,2024-11-04T22:57:26,68060.7,tp,3.9389,0.8,2024-11
2024-11-05T01:34:01,flip,SELL,67511.69,67648.64,67402.13,136.95,0.0,2024-11-05T01:38:01,67648.79,sl,-2.742,-1.0011,2024-11
2024-11-05T02:07:01,flip,BUY,68017.0,67875.94,68129.85,141.06,0.0,2024-11-05T02:18:54,67872.74,sl,-2.8852,-1.0227,2024-11
2024-11-05T02:47:01,flip,SELL,67813.75,68004.46,67661.18,190.71,0.0,2024-11-05T03:07:46,68004.63,sl,-3.8176,-1.0009,2024-11
2024-11-05T03:28:01,flip,BUY,68061.49,67946.25,68153.68,115.24,0.0,2024-11-05T03:58:28,68153.68,tp,1.8438,0.8,2024-11
2024-11-05T03:59:01,cont,BUY,68159.26,68073.6,68227.79,85.66,31.0,2024-11-05T04:01:41,68227.79,tp,1.3706,0.8,2024-11
2024-11-05T04:10:01,cont,BUY,68257.38,68157.91,68336.96,99.47,42.0,2024-11-05T04:16:41,68336.96,tp,1.5915,0.8,2024-11
2024-11-05T04:23:01,cont,BUY,68422.66,68320.02,68504.77,102.64,55.0,2024-11-05T04:25:20,68319.64,sl,-2.0604,-1.0037,2024-11
2024-11-05T04:33:02,flip,SELL,68292.01,68386.99,68216.03,94.98,0.0,2024-11-05T04:39:26,68388.93,sl,-1.9384,-1.0204,2024-11
2024-11-05T05:37:01,flip,BUY,68465.26,68244.67,68641.73,220.59,0.0,2024-11-05T05:51:07,68641.73,tp,3.5294,0.8,2024-11
2024-11-05T07:04:01,cont,BUY,68774.12,68535.43,68965.07,238.69,87.0,2024-11-05T08:04:37,68965.07,tp,3.819,0.8,2024-11
2024-11-05T08:45:01,flip,SELL,68740.6,68799.91,68693.15,59.31,0.0,2024-11-05T08:45:36,68800.52,sl,-1.1984,-1.0103,2024-11
2024-11-05T08:55:02,flip,BUY,68918.92,68816.61,69000.77,102.31,0.0,2024-11-05T08:58:20,69000.77,tp,1.637,0.8,2024-11
2024-11-05T10:02:01,flip,SELL,68692.09,68852.61,68563.67,160.52,0.0,2024-11-05T11:10:52,68853.52,sl,-3.2286,-1.0057,2024-11
2024-11-05T11:38:01,cont,BUY,68909.07,68770.56,69019.88,138.51,29.0,2024-11-05T11:43:36,68769.45,sl,-2.7924,-1.008,2024-11
2024-11-05T12:17:01,flip,SELL,68710.67,68855.85,68594.53,145.18,0.0,2024-11-05T12:40:11,68856.1,sl,-2.9086,-1.0017,2024-11
2024-11-05T14:22:01,flip,BUY,68957.36,68639.76,69211.44,317.6,0.0,2024-11-05T14:23:56,69211.44,tp,5.0816,0.8,2024-11
2024-11-05T14:31:01,cont,BUY,69427.81,69294.03,69534.83,133.78,9.0,2024-11-05T14:32:01,69534.83,tp,2.1405,0.8,2024-11
2024-11-06T08:04:01,flip,SELL,72929.1,73833.64,72205.47,904.54,0.0,2024-11-06T09:09:03,73835.32,sl,-18.1244,-1.0019,2024-11
2024-11-06T09:34:01,cont,BUY,73862.67,73565.12,74100.71,297.55,39.0,2024-11-06T09:38:52,74100.71,tp,4.7608,0.8,2024-11
2024-11-06T13:18:01,flip,SELL,73953.71,74245.6,73720.2,291.89,0.0,2024-11-06T13:20:54,73720.2,tp,4.6702,0.8,2024-11
2024-11-06T14:12:01,cont,SELL,73640.13,74186.15,73203.31,546.02,54.0,2024-11-06T14:28:47,74189.23,sl,-10.982,-1.0056,2024-11
2024-11-06T14:59:01,cont,SELL,73571.75,74761.01,72620.34,1189.26,101.0,2024-11-06T18:06:45,74770.12,sl,-23.9674,-1.0077,2024-11
2024-11-06T18:19:01,flip,BUY,74989.37,74799.06,75141.62,190.31,0.0,2024-11-06T18:22:40,74792.28,sl,-3.9418,-1.0356,2024-11
2024-11-06T18:28:01,cont,BUY,75017.68,74778.65,75208.9,239.03,9.0,2024-11-06T18:52:48,75208.9,tp,3.8245,0.8,2024-11
2024-11-06T19:08:01,cont,BUY,75403.05,75234.31,75538.04,168.74,49.0,2024-11-06T19:11:59,75233.4,sl,-3.393,-1.0054,2024-11
2024-11-06T19:15:01,cont,BUY,75367.18,75233.28,75474.3,133.9,56.0,2024-11-06T19:24:46,75474.3,tp,2.1424,0.8,2024-11
2024-11-06T19:26:01,cont,BUY,75497.47,75340.93,75622.7,156.54,67.0,2024-11-06T19:30:07,75338.53,sl,-3.1788,-1.0153,2024-11
2024-11-06T19:46:01,cont,BUY,75582.32,75110.88,75959.47,471.44,87.0,2024-11-06T20:10:16,75959.47,tp,7.543,0.8,2024-11
2024-11-07T00:23:01,flip,SELL,75297.4,75547.4,75097.4,250.0,0.0,2024-11-07T00:50:59,75097.4,tp,4.0,0.8,2024-11
2024-11-07T00:59:01,cont,BUY,75354.57,75069.98,75582.24,284.59,13.0,2024-11-07T01:28:41,75582.24,tp,4.5534,0.8,2024-11
2024-11-07T02:29:01,flip,SELL,75227.42,75482.21,75023.59,254.79,0.0,2024-11-07T03:05:25,75023.59,tp,4.0766,0.8,2024-11
2024-11-07T03:30:01,flip,BUY,75375.83,75245.86,75479.81,129.97,0.0,2024-11-07T03:32:27,75245.12,sl,-2.6142,-1.0057,2024-11
2024-11-07T03:52:01,flip,SELL,75068.49,75217.7,74949.12,149.21,0.0,2024-11-07T04:03:02,74949.12,tp,2.3874,0.8,2024-11
2024-11-07T04:34:01,cont,SELL,74769.61,74911.99,74655.71,142.38,42.0,2024-11-07T04:44:22,74655.71,tp,2.2781,0.8,2024-11
2024-11-07T04:50:01,cont,SELL,74632.22,74709.33,74570.53,77.11,58.0,2024-11-07T04:50:59,74711.86,sl,-1.5928,-1.0328,2024-11
2024-11-07T05:13:01,flip,BUY,74820.9,74631.37,74972.52,189.53,0.0,2024-11-07T06:04:19,74630.41,sl,-3.8098,-1.0051,2024-11
2024-11-07T06:31:01,flip,BUY,74795.76,74710.49,74863.98,85.27,0.0,2024-11-07T06:31:17,74863.98,tp,1.3643,0.8,2024-11
2024-11-07T06:42:01,flip,SELL,74594.26,74763.29,74459.04,169.03,0.0,2024-11-07T06:55:11,74764.72,sl,-3.4092,-1.0085,2024-11
2024-11-07T07:09:01,flip,BUY,74858.68,74681.01,75000.82,177.67,0.0,2024-11-07T08:08:46,75000.82,tp,2.8427,0.8,2024-11
2024-11-07T08:09:01,cont,BUY,75047.92,74686.04,75337.42,361.88,60.0,2024-11-07T13:38:41,74683.06,sl,-7.2972,-1.0082,2024-11
2024-11-07T16:16:01,flip,SELL,75727.78,75949.57,75550.35,221.79,0.0,2024-11-07T16:50:40,75950.06,sl,-4.4456,-1.0022,2024-11
2024-11-07T17:12:01,flip,BUY,76102.78,75799.09,76345.73,303.69,0.0,2024-11-07T17:18:09,76345.73,tp,4.859,0.8,2024-11
2024-11-07T17:34:01,cont,BUY,76407.99,76132.06,76628.73,275.93,22.0,2024-11-07T18:06:37,76128.88,sl,-5.5822,-1.0115,2024-11
2024-11-07T18:34:01,cont,BUY,76682.74,75854.42,77345.4,828.32,82.0,2024-11-07T22:07:45,75853.83,sl,-16.5782,-1.0007,2024-11
2024-11-07T22:08:01,flip,SELL,75792.05,75999.7,75625.93,207.65,0.0,2024-11-07T22:17:48,75625.93,tp,3.3224,0.8,2024-11
2024-11-07T22:26:01,cont,SELL,75527.64,75781.87,75324.26,254.23,18.0,2024-11-07T22:31:14,75784.06,sl,-5.1284,-1.0086,2024-11
2024-11-07T23:00:01,flip,BUY,75905.78,75721.82,76052.95,183.96,0.0,2024-11-07T23:12:05,75721.3,sl,-3.6896,-1.0028,2024-11
2024-11-07T23:39:01,cont,BUY,76013.6,75711.3,76255.44,302.3,39.0,2024-11-08T00:21:13,76255.44,tp,4.8368,0.8,2024-11
2024-11-08T00:31:01,cont,BUY,76353.52,76127.59,76534.26,225.93,91.0,2024-11-08T00:48:57,76126.44,sl,-4.5416,-1.0051,2024-11
2024-11-08T01:37:01,flip,SELL,75995.57,76369.18,75696.68,373.61,0.0,2024-11-08T02:27:56,75696.68,tp,5.9778,0.8,2024-11
2024-11-08T03:02:01,cont,SELL,75662.06,75840.64,75519.2,178.58,85.0,2024-11-08T03:08:39,75842.02,sl,-3.5992,-1.0077,2024-11
2024-11-08T03:54:01,flip,BUY,75929.44,75655.94,76148.24,273.5,0.0,2024-11-08T05:31:29,76148.24,tp,4.376,0.8,2024-11
2024-11-08T08:11:01,flip,SELL,75930.11,76065.8,75821.56,135.69,0.0,2024-11-08T09:17:37,76068.44,sl,-2.7666,-1.0195,2024-11
2024-11-08T10:44:01,flip,BUY,76129.39,75832.37,76367.01,297.02,0.0,2024-11-08T10:57:52,76367.01,tp,4.7523,0.8,2024-11
2024-11-08T13:13:01,flip,SELL,75931.65,76222.71,75698.8,291.06,0.0,2024-11-08T13:46:58,76223.65,sl,-5.84,-1.0032,2024-11
2024-11-08T15:25:01,cont,BUY,76415.01,75659.23,77019.63,755.78,99.0,2024-11-08T18:39:25,77019.63,tp,12.0925,0.8,2024-11
2024-11-08T19:42:01,cont,BUY,77173.86,76676.64,77571.64,497.22,71.0,2024-11-08T20:16:43,76633.66,sl,-10.804,-1.0864,2024-11
2024-11-08T21:19:01,flip,SELL,76423.16,76752.71,76159.52,329.55,0.0,2024-11-09T02:23:41,76159.52,tp,5.2728,0.8,2024-11
2024-11-09T05:40:01,flip,BUY,76467.62,76250.24,76641.52,217.38,0.0,2024-11-09T05:42:47,76641.52,tp,3.4781,0.8,2024-11
2024-11-09T06:10:01,cont,BUY,76657.99,76507.85,76778.1,150.14,30.0,2024-11-09T06:11:11,76778.1,tp,2.4022,0.8,2024-11
2024-11-09T07:22:01,flip,SELL,76393.88,76544.77,76273.17,150.89,0.0,2024-11-09T07:58:42,76547.71,sl,-3.0766,-1.0195,2024-11
2024-11-09T08:16:01,cont,BUY,76572.65,76446.85,76673.29,125.8,22.0,2024-11-09T08:45:44,76673.29,tp,2.0128,0.8,2024-11
2024-11-09T09:24:01,flip,SELL,76523.99,76654.95,76419.22,130.96,0.0,2024-11-09T10:36:15,76419.22,tp,2.0954,0.8,2024-11
2024-11-09T13:41:01,flip,BUY,76462.43,76269.03,76617.15,193.4,0.0,2024-11-09T14:20:04,76268.16,sl,-3.8854,-1.0045,2024-11
2024-11-09T16:29:01,flip,SELL,76077.45,76255.23,75935.23,177.78,0.0,2024-11-09T17:11:05,75935.23,tp,2.8445,0.8,2024-11
2024-11-09T18:03:01,flip,BUY,76258.6,76169.5,76329.88,89.1,0.0,2024-11-09T18:17:27,76329.88,tp,1.4256,0.8,2024-11
2024-11-09T19:02:01,cont,BUY,76694.32,76295.4,77013.46,398.92,59.0,2024-11-09T19:30:28,76291.72,sl,-8.052,-1.0092,2024-11
2024-11-09T19:43:01,flip,SELL,76090.65,76160.36,76034.88,69.71,0.0,2024-11-09T19:46:55,76160.92,sl,-1.4054,-1.008,2024-11
2024-11-09T20:05:01,flip,BUY,76201.89,76125.75,76262.8,76.14,0.0,2024-11-09T20:12:35,76262.8,tp,1.2182,0.8,2024-11
2024-11-09T20:24:01,cont,BUY,76340.18,76199.45,76452.76,140.73,19.0,2024-11-09T20:49:19,76199.45,sl,-2.8146,-1.0,2024-11
2024-11-09T21:17:01,flip,SELL,76193.73,76268.85,76133.63,75.12,0.0,2024-11-09T21:20:16,76269.11,sl,-1.5076,-1.0035,2024-11
2024-11-09T21:28:02,flip,BUY,76445.59,76312.53,76552.04,133.06,0.0,2024-11-09T21:38:49,76310.0,sl,-2.7118,-1.019,2024-11
2024-11-09T22:35:01,cont,BUY,76471.2,76306.83,76602.7,164.37,67.0,2024-11-09T23:05:24,76602.7,tp,2.6299,0.8,2024-11
2024-11-09T23:09:01,cont,BUY,76664.58,76536.04,76767.41,128.54,101.0,2024-11-09T23:25:07,76767.41,tp,2.0566,0.8,2024-11
2024-11-09T23:26:01,cont,BUY,76830.4,76562.4,77044.8,268.0,118.0,2024-11-10T00:02:30,76561.87,sl,-5.3706,-1.002,2024-11
2024-11-10T01:10:01,flip,SELL,76689.01,76932.37,76494.32,243.36,0.0,2024-11-10T02:18:15,76932.46,sl,-4.869,-1.0004,2024-11
2024-11-10T04:34:01,flip,BUY,77825.57,76960.59,78517.55,864.98,0.0,2024-11-10T04:53:53,78517.55,tp,13.8397,0.8,2024-11
2024-11-10T14:54:01,flip,SELL,79210.26,79939.19,78627.12,728.93,0.0,2024-11-10T17:31:59,79941.64,sl,-14.6276,-1.0034,2024-11
2024-11-10T18:08:01,flip,BUY,80766.38,80359.31,81092.04,407.07,0.0,2024-11-10T18:27:04,81092.04,tp,6.5131,0.8,2024-11
2024-11-10T19:18:01,flip,SELL,80425.18,80882.33,80059.46,457.15,0.0,2024-11-10T19:44:45,80059.46,tp,7.3144,0.8,2024-11
2024-11-10T20:17:01,cont,SELL,79243.47,79896.62,78720.95,653.15,59.0,2024-11-10T21:10:59,78720.95,tp,10.4504,0.8,2024-11
2024-11-10T21:50:01,flip,BUY,79713.15,79435.77,79935.05,277.38,0.0,2024-11-10T21:54:32,79935.05,tp,4.4381,0.8,2024-11
2024-11-10T22:08:01,cont,BUY,80291.41,79714.57,80752.88,576.84,18.0,2024-11-10T22:16:49,80752.88,tp,9.2294,0.8,2024-11
2024-11-11T13:12:01,flip,SELL,81681.85,82368.74,81132.34,686.89,0.0,2024-11-11T14:33:54,82380.16,sl,-13.9662,-1.0166,2024-11
2024-11-11T15:04:01,flip,BUY,82645.13,81900.67,83240.7,744.46,0.0,2024-11-11T15:18:07,83240.7,tp,11.9114,0.8,2024-11
2024-11-11T16:02:01,cont,BUY,84444.45,83677.78,85057.79,766.67,58.0,2024-11-11T18:39:11,85057.79,tp,12.2667,0.8,2024-11
2024-11-11T22:08:01,flip,SELL,87663.28,88200.01,87233.9,536.73,0.0,2024-11-11T22:16:47,87233.9,tp,8.5877,0.8,2024-11
2024-11-11T23:13:01,flip,BUY,89135.43,88577.7,89581.61,557.73,0.0,2024-11-11T23:14:13,89581.61,tp,8.9237,0.8,2024-11
2024-11-12T00:05:01,flip,SELL,88293.05,88969.96,87751.52,676.91,0.0,2024-11-12T00:14:58,87751.52,tp,10.8306,0.8,2024-11
2024-11-12T00:59:01,flip,BUY,88974.59,88529.42,89330.73,445.17,0.0,2024-11-12T01:05:03,89330.73,tp,7.1227,0.8,2024-11
2024-11-12T01:13:01,cont,BUY,89378.8,88918.04,89747.41,460.76,14.0,2024-11-12T01:23:11,88916.61,sl,-9.2438,-1.0031,2024-11
2024-11-12T01:30:01,flip,SELL,88729.22,89137.0,88403.0,407.78,0.0,2024-11-12T01:33:07,89138.02,sl,-8.176,-1.0025,2024-11
2024-11-12T01:51:01,cont,SELL,88681.01,89232.32,88239.96,551.31,21.0,2024-11-12T02:18:38,88239.96,tp,8.821,0.8,2024-11
2024-11-12T02:19:01,cont,SELL,88254.76,88948.15,87700.05,693.39,49.0,2024-11-12T02:38:48,87700.05,tp,11.0942,0.8,2024-11
2024-11-12T02:49:01,cont,SELL,87418.17,87906.67,87027.37,488.5,79.0,2024-11-12T03:00:13,87907.84,sl,-9.7934,-1.0024,2024-11
2024-11-12T03:52:01,flip,BUY,88071.74,87615.35,88436.85,456.39,0.0,2024-11-12T04:21:24,88436.85,tp,7.3022,0.8,2024-11
2024-11-12T04:22:01,cont,BUY,88547.44,87849.95,89105.43,697.49,30.0,2024-11-12T06:41:14,89105.43,tp,11.1598,0.8,2024-11
2024-11-12T08:11:01,flip,SELL,88901.78,89143.05,88708.76,241.27,0.0,2024-11-12T08:19:01,89147.12,sl,-4.9068,-1.0169,2024-11
2024-11-12T08:59:01,flip,BUY,89360.39,89009.5,89641.1,350.89,0.0,2024-11-12T09:07:17,89008.97,sl,-7.0284,-1.0015,2024-11
2024-11-12T09:41:01,flip,SELL,88286.33,88708.04,87948.96,421.71,0.0,2024-11-12T09:47:39,87948.96,tp,6.7474,0.8,2024-11
2024-11-12T10:03:01,cont,SELL,87657.38,88137.96,87272.92,480.58,22.0,2024-11-12T10:06:34,87272.92,tp,7.6893,0.8,2024-11
2024-11-12T10:40:01,cont,SELL,86758.11,88133.3,85657.96,1375.19,59.0,2024-11-12T10:49:49,85657.96,tp,22.003,0.8,2024-11
2024-11-12T14:50:01,flip,BUY,86720.33,85205.35,87932.31,1514.98,0.0,2024-11-12T17:39:07,87932.31,tp,24.2397,0.8,2024-11
2024-11-12T18:24:01,cont,BUY,88031.66,86954.49,88893.4,1077.17,93.0,2024-11-12T18:56:05,88893.4,tp,17.2347,0.8,2024-11
2024-11-12T19:53:01,flip,SELL,88971.35,89234.2,88761.07,262.85,0.0,2024-11-12T19:59:38,88761.07,tp,4.2056,0.8,2024-11
2024-11-12T20:28:01,flip,BUY,89574.76,89013.28,90023.94,561.48,0.0,2024-11-12T21:12:51,89002.8,sl,-11.4392,-1.0187,2024-11
2024-11-12T21:35:01,cont,SELL,88576.87,88991.24,88245.37,414.37,31.0,2024-11-12T21:52:29,88245.37,tp,6.6299,0.8,2024-11
2024-11-12T21:53:01,cont,SELL,88348.13,88618.72,88131.66,270.59,49.0,2024-11-12T22:05:23,88131.66,tp,4.3294,0.8,2024-11
2024-11-13T02:50:01,flip,BUY,87822.77,87607.03,87995.36,215.74,0.0,2024-11-13T02:59:13,87995.36,tp,3.4518,0.8,2024-11
2024-11-13T03:03:01,cont,BUY,88004.11,87866.77,88113.98,137.34,13.0,2024-11-13T03:05:26,87866.38,sl,-2.7546,-1.0028,2024-11
2024-11-13T03:13:01,cont,BUY,88161.24,87780.04,88466.2,381.2,23.0,2024-11-13T03:24:56,87772.36,sl,-7.7776,-1.0201,2024-11
2024-11-13T03:45:01,flip,SELL,87231.73,87723.75,86838.11,492.02,0.0,2024-11-13T04:19:21,87725.74,sl,-9.8802,-1.004,2024-11
2024-11-13T04:32:01,cont,SELL,87129.67,87778.05,86610.97,648.38,47.0,2024-11-13T04:47:11,86610.97,tp,10.3741,0.8,2024-11
2024-11-13T04:48:01,cont,SELL,86564.29,86905.01,86291.71,340.72,63.0,2024-11-13T04:55:35,86906.42,sl,-6.8426,-1.0041,2024-11
2024-11-13T05:16:01,flip,BUY,87388.48,87006.24,87694.27,382.24,0.0,2024-11-13T05:37:09,87004.46,sl,-7.6804,-1.0047,2024-11
2024-11-13T05:57:01,flip,SELL,86616.7,86860.0,86422.06,243.3,0.0,2024-11-13T06:03:45,86861.08,sl,-4.8876,-1.0044,2024-11
2024-11-13T06:22:01,flip,BUY,86983.37,86624.05,87270.83,359.32,0.0,2024-11-13T06:27:27,86623.52,sl,-7.197,-1.0015,2024-11
2024-11-13T07:11:01,cont,BUY,87046.18,86196.95,87725.56,849.23,49.0,2024-11-13T08:27:29,87725.56,tp,13.5877,0.8,2024-11
2024-11-13T19:08:01,flip,SELL,91483.02,93228.94,90086.28,1745.92,0.0,2024-11-13T19:37:04,90086.28,tp,27.9347,0.8,2024-11
2024-11-13T19:43:01,cont,SELL,90141.55,90693.19,89700.24,551.64,35.0,2024-11-13T19:44:33,90694.41,sl,-11.0572,-1.0022,2024-11
2024-11-13T20:01:01,cont,SELL,89908.29,90972.69,89056.77,1064.4,53.0,2024-11-13T20:16:49,91036.4,sl,-22.5622,-1.0599,2024-11
2024-11-13T21:05:01,cont,SELL,88983.53,91234.21,87182.99,2250.68,117.0,2024-11-14T08:08:48,91238.53,sl,-45.1,-1.0019,2024-11
2024-11-14T08:15:01,cont,BUY,91448.41,91210.75,91638.54,237.66,28.0,2024-11-14T08:17:10,91210.44,sl,-4.7594,-1.0013,2024-11
2024-11-14T08:39:01,flip,SELL,90908.97,91288.59,90605.27,379.62,0.0,2024-11-14T08:47:19,90605.27,tp,6.0739,0.8,2024-11
2024-11-14T09:18:01,cont,SELL,90418.37,90942.36,89999.18,523.99,39.0,2024-11-14T09:58:29,90942.41,sl,-10.4808,-1.0001,2024-11
2024-11-14T11:51:01,flip,BUY,91671.63,90501.46,92607.77,1170.17,0.0,2024-11-14T14:38:19,90499.1,sl,-23.4506,-1.002,2024-11
2024-11-14T15:00:01,flip,SELL,88746.48,89519.78,88127.84,773.3,0.0,2024-11-14T15:15:29,89520.06,sl,-15.4716,-1.0004,2024-11
2024-11-14T15:49:01,cont,SELL,88433.4,89625.93,87479.38,1192.53,49.0,2024-11-14T18:06:25,89627.57,sl,-23.8834,-1.0014,2024-11
2024-11-14T20:38:01,flip,SELL,88033.46,88661.42,87531.09,627.96,0.0,2024-11-14T21:06:17,87531.09,tp,10.0474,0.8,2024-11
2024-11-14T21:47:01,flip,BUY,88182.61,87691.85,88575.22,490.76,0.0,2024-11-14T22:10:05,87676.79,sl,-10.1164,-1.0307,2024-11
2024-11-14T22:34:01,flip,SELL,87202.83,88143.22,86450.52,940.39,0.0,2024-11-15T00:13:37,88147.46,sl,-18.8926,-1.0045,2024-11
2024-11-15T02:45:01,flip,BUY,88415.86,87416.17,89215.61,999.69,0.0,2024-11-15T04:37:15,87412.39,sl,-20.0694,-1.0038,2024-11
2024-11-15T04:48:01,cont,SELL,87109.77,87387.14,86887.87,277.37,85.0,2024-11-15T04:57:04,87391.78,sl,-5.6402,-1.0167,2024-11
2024-11-15T05:09:01,flip,BUY,87639.3,87262.13,87941.04,377.17,0.0,2024-11-15T06:04:24,87941.04,tp,6.0347,0.8,2024-11
2024-11-15T06:19:01,cont,BUY,88052.98,87834.9,88227.44,218.08,70.0,2024-11-15T06:32:11,87830.15,sl,-4.4566,-1.0218,2024-11
2024-11-15T06:52:01,cont,BUY,88117.99,87658.51,88485.57,459.48,103.0,2024-11-15T07:58:02,87655.9,sl,-9.2418,-1.0057,2024-11
2024-11-15T08:06:01,cont,SELL,87643.64,87809.8,87510.71,166.16,14.0,2024-11-15T08:08:20,87510.71,tp,2.6586,0.8,2024-11
2024-11-15T09:22:01,flip,BUY,88932.41,88649.4,89158.82,283.01,0.0,2024-11-15T09:25:22,89158.82,tp,4.5282,0.8,2024-11
2024-11-15T10:54:01,cont,BUY,89418.64,88899.32,89834.1,519.32,92.0,2024-11-15T12:02:56,89834.1,tp,8.3091,0.8,2024-11
2024-11-15T13:04:01,flip,SELL,89639.46,90018.03,89336.6,378.57,0.0,2024-11-15T13:18:12,90019.82,sl,-7.6072,-1.0047,2024-11
2024-11-15T13:25:01,cont,SELL,89613.78,90001.59,89303.53,387.81,21.0,2024-11-15T13:45:21,90002.24,sl,-7.7692,-1.0017,2024-11
2024-11-15T14:31:01,cont,SELL,89196.39,90483.0,88167.1,1286.61,87.0,2024-11-15T15:20:40,88167.1,tp,20.5858,0.8,2024-11
2024-11-15T15:50:01,flip,BUY,88627.19,88094.11,89053.65,533.08,0.0,2024-11-15T15:56:44,88086.82,sl,-10.8074,-1.0137,2024-11
2024-11-15T16:06:01,cont,BUY,88686.99,88064.09,89185.31,622.9,16.0,2024-11-15T16:15:23,89185.31,tp,9.9664,0.8,2024-11
2024-11-15T16:23:01,cont,BUY,89191.96,88895.95,89428.77,296.01,33.0,2024-11-15T16:24:12,89428.77,tp,4.7362,0.8,2024-11
2024-11-15T16:34:01,cont,BUY,89730.49,89408.17,89988.35,322.32,44.0,2024-11-15T16:35:47,89405.13,sl,-6.5072,-1.0094,2024-11
2024-11-15T17:18:01,cont,BUY,89788.3,88929.45,90475.38,858.85,88.0,2024-11-15T19:42:35,90475.38,tp,13.7416,0.8,2024-11
2024-11-15T22:20:02,flip,SELL,91211.45,91456.67,91015.27,245.22,0.0,2024-11-15T22:37:20,91460.5,sl,-4.981,-1.0156,2024-11
2024-11-15T23:35:01,cont,SELL,91178.44,91668.71,90786.22,490.27,75.0,2024-11-16T02:20:17,91671.67,sl,-9.8646,-1.006,2024-11
2024-11-16T04:20:01,flip,SELL,91074.87,91229.01,90951.56,154.14,0.0,2024-11-16T04:33:25,91229.41,sl,-3.0908,-1.0026,2024-11
2024-11-16T04:52:01,flip,BUY,91346.89,91131.45,91519.24,215.44,0.0,2024-11-16T05:19:25,91519.24,tp,3.447,0.8,2024-11
2024-11-16T07:45:01,flip,SELL,91099.68,91391.31,90866.38,291.63,0.0,2024-11-16T08:30:35,91399.38,sl,-5.994,-1.0277,2024-11
2024-11-16T08:31:01,flip,BUY,91407.32,91172.03,91595.55,235.29,0.0,2024-11-16T10:37:16,91595.55,tp,3.7646,0.8,2024-11
2024-11-16T11:33:02,flip,SELL,91072.15,91209.9,90961.95,137.75,0.0,2024-11-16T11:51:17,91210.13,sl,-2.7596,-1.0017,2024-11
2024-11-16T12:05:01,flip,BUY,91294.4,91107.51,91443.91,186.89,0.0,2024-11-16T12:06:24,91106.97,sl,-3.7486,-1.0029,2024-11
2024-11-16T15:11:01,flip,SELL,90507.62,91193.29,89959.08,685.67,0.0,2024-11-16T18:13:26,91194.14,sl,-13.7304,-1.0012,2024-11
2024-11-16T19:23:01,flip,SELL,91024.93,91130.16,90940.75,105.23,0.0,2024-11-16T19:39:15,90940.75,tp,1.6837,0.8,2024-11
2024-11-16T20:20:01,cont,SELL,90914.37,91114.87,90753.97,200.5,57.0,2024-11-16T20:24:10,90753.97,tp,3.208,0.8,2024-11
2024-11-17T04:11:01,flip,BUY,90379.49,90157.48,90557.1,222.01,0.0,2024-11-17T04:39:04,90557.1,tp,3.5522,0.8,2024-11
2024-11-17T05:04:01,cont,BUY,90712.92,90291.01,91050.45,421.91,53.0,2024-11-17T09:02:09,91050.45,tp,6.7506,0.8,2024-11
2024-11-17T19:02:01,flip,SELL,89797.43,90608.61,89148.49,811.18,0.0,2024-11-17T21:57:22,89148.49,tp,12.9789,0.8,2024-11
2024-11-17T21:58:01,cont,SELL,89023.39,89694.3,88486.66,670.91,91.0,2024-11-17T23:06:05,89696.14,sl,-13.455,-1.0027,2024-11
2024-11-17T23:29:01,cont,BUY,89746.33,89297.3,90105.55,449.03,23.0,2024-11-18T01:07:38,90105.55,tp,7.1845,0.8,2024-11
2024-11-18T02:22:01,flip,SELL,90414.63,90694.1,90191.05,279.47,0.0,2024-11-18T02:45:34,90695.34,sl,-5.6142,-1.0044,2024-11
2024-11-18T03:06:02,cont,SELL,90411.68,90693.95,90185.86,282.27,44.0,2024-11-18T04:03:50,90696.3,sl,-5.6924,-1.0083,2024-11
2024-11-18T04:04:01,cont,BUY,90677.75,90557.58,90773.89,120.17,16.0,2024-11-18T04:11:02,90556.89,sl,-2.4172,-1.0057,2024-11
2024-11-18T04:56:01,flip,SELL,90467.0,90589.67,90368.86,122.67,0.0,2024-11-18T05:06:23,90590.09,sl,-2.4618,-1.0034,2024-11
2024-11-18T06:18:01,flip,BUY,90819.63,90551.13,91034.43,268.5,0.0,2024-11-18T06:22:30,91034.43,tp,4.296,0.8,2024-11
2024-11-18T06:35:01,cont,BUY,91184.19,90881.19,91426.59,303.0,17.0,2024-11-18T06:44:14,91426.59,tp,4.848,0.8,2024-11
2024-11-18T06:50:01,cont,BUY,91529.28,91349.37,91673.21,179.91,32.0,2024-11-18T06:51:56,91340.34,sl,-3.7788,-1.0502,2024-11
2024-11-18T06:57:01,cont,BUY,91620.3,91228.62,91933.64,391.68,39.0,2024-11-18T06:58:54,91933.64,tp,6.2669,0.8,2024-11
2024-11-18T11:27:01,flip,SELL,90878.74,91190.47,90629.36,311.73,0.0,2024-11-18T11:36:46,90629.36,tp,4.9877,0.8,2024-11
2024-11-18T13:05:01,cont,SELL,89837.73,90727.68,89125.77,889.95,98.0,2024-11-18T14:34:37,90728.75,sl,-17.8204,-1.0012,2024-11
2024-11-18T15:36:01,cont,BUY,91094.11,89632.48,92263.41,1461.63,84.0,2024-11-18T15:43:00,92263.41,tp,23.3861,0.8,2024-11
2024-11-18T16:02:01,cont,BUY,92649.24,92220.65,92992.11,428.59,110.0,2024-11-18T16:03:44,92214.21,sl,-8.7006,-1.015,2024-11
2024-11-18T16:16:01,flip,SELL,91926.68,92165.91,91735.3,239.23,0.0,2024-11-18T16:16:41,92168.98,sl,-4.846,-1.0128,2024-11
2024-11-18T16:46:01,cont,SELL,91614.96,92099.26,91227.52,484.3,30.0,2024-11-18T16:49:09,91227.52,tp,7.7488,0.8,2024-11
2024-11-18T17:07:01,cont,SELL,91136.45,91514.77,90833.79,378.32,51.0,2024-11-18T17:18:29,91518.14,sl,-7.6338,-1.0089,2024-11
2024-11-18T17:49:01,cont,SELL,90975.05,92190.97,90002.31,1215.92,93.0,2024-11-18T19:11:19,90002.31,tp,19.4547,0.8,2024-11
2024-11-18T19:52:01,flip,BUY,90480.36,90199.43,90705.1,280.93,0.0,2024-11-18T20:01:26,90705.1,tp,4.4949,0.8,2024-11
2024-11-18T20:06:01,cont,BUY,90782.91,90553.79,90966.21,229.12,14.0,2024-11-18T20:16:00,90546.58,sl,-4.7266,-1.0315,2024-11
2024-11-18T20:19:01,cont,BUY,90943.66,90561.59,91249.32,382.07,27.0,2024-11-18T20:22:13,91249.32,tp,6.1131,0.8,2024-11
2024-11-18T21:15:01,cont,BUY,92042.56,91028.39,92853.9,1014.17,83.0,2024-11-18T22:06:24,90961.8,sl,-21.6152,-1.0657,2024-11
2024-11-18T23:18:01,flip,SELL,90699.94,90960.75,90491.29,260.81,0.0,2024-11-18T23:24:16,90491.29,tp,4.173,0.8,2024-11
2024-11-19T01:07:01,flip,BUY,91249.66,90997.36,91451.5,252.3,0.0,2024-11-19T01:12:20,90996.76,sl,-5.058,-1.0024,2024-11
2024-11-19T01:39:01,flip,SELL,90728.23,91150.25,90390.61,422.02,0.0,2024-11-19T02:16:13,91152.91,sl,-8.4936,-1.0063,2024-11
2024-11-19T02:43:01,flip,BUY,91287.25,90994.69,91521.3,292.56,0.0,2024-11-19T03:26:00,91521.3,tp,4.681,0.8,2024-11
2024-11-19T04:23:01,cont,BUY,91534.93,91232.79,91776.64,302.14,100.0,2024-11-19T04:35:11,91776.64,tp,4.8342,0.8,2024-11
2024-11-19T04:56:01,flip,SELL,91364.16,91435.62,91306.99,71.46,0.0,2024-11-19T04:56:43,91436.53,sl,-1.4474,-1.0127,2024-11
2024-11-19T05:26:01,cont,SELL,91272.35,91646.61,90972.94,374.26,30.0,2024-11-19T05:52:36,91647.77,sl,-7.5084,-1.0031,2024-11
2024-11-19T06:30:01,flip,BUY,91941.24,91593.51,92219.42,347.73,0.0,2024-11-19T07:59:39,91590.35,sl,-7.0178,-1.0091,2024-11
2024-11-19T08:11:01,cont,SELL,91590.48,91976.51,91281.66,386.03,53.0,2024-11-19T09:28:59,91281.66,tp,6.1765,0.8,2024-11
2024-11-19T13:54:01,flip,SELL,91387.17,91687.7,91146.75,300.53,0.0,2024-11-19T13:59:16,91146.75,tp,4.8085,0.8,2024-11
2024-11-19T14:45:01,flip,BUY,91981.92,91153.79,92644.42,828.13,0.0,2024-11-19T16:28:37,92644.42,tp,13.2501,0.8,2024-11
2024-11-19T19:58:01,flip,SELL,93233.13,93954.65,92655.91,721.52,0.0,2024-11-19T20:50:22,92655.91,tp,11.5443,0.8,2024-11
2024-11-19T21:12:01,cont,SELL,92225.97,92778.98,91783.56,553.01,74.0,2024-11-19T22:31:26,91783.56,tp,8.8482,0.8,2024-11
2024-11-20T09:55:01,flip,SELL,93000.13,93290.45,92767.87,290.32,0.0,2024-11-20T10:06:41,93291.56,sl,-5.8286,-1.0038,2024-11
2024-11-20T10:45:01,flip,BUY,93556.62,93264.63,93790.21,291.99,0.0,2024-11-20T11:02:10,93260.95,sl,-5.9134,-1.0126,2024-11
2024-11-20T11:51:01,cont,BUY,93578.21,92838.62,94169.88,739.59,66.0,2024-11-20T13:15:30,94169.88,tp,11.8334,0.8,2024-11
2024-11-20T18:46:01,flip,SELL,93341.0,94407.58,92487.74,1066.58,0.0,2024-11-20T20:35:07,94408.7,sl,-21.354,-1.0011,2024-11
2024-11-21T00:26:01,flip,BUY,94755.8,93834.97,95492.46,920.83,0.0,2024-11-21T03:28:13,95492.46,tp,14.7333,0.8,2024-11
2024-11-21T03:53:01,cont,BUY,95958.71,95555.32,96281.42,403.39,28.0,2024-11-21T04:04:16,96281.42,tp,6.4542,0.8,2024-11
2024-11-21T04:56:01,cont,BUY,97212.58,96267.94,97968.29,944.64,91.0,2024-11-21T11:02:40,97968.29,tp,15.1142,0.8,2024-11
2024-11-21T13:25:01,flip,SELL,97219.22,97576.59,96933.32,357.37,0.0,2024-11-21T13:34:39,97582.04,sl,-7.2564,-1.0153,2024-11
2024-11-21T14:35:01,cont,SELL,97035.85,97747.9,96466.21,712.05,70.0,2024-11-21T15:28:22,96466.21,tp,11.3928,0.8,2024-11
2024-11-21T15:55:01,flip,BUY,96612.63,96186.28,96953.71,426.35,0.0,2024-11-21T16:21:04,96953.71,tp,6.8216,0.8,2024-11
2024-11-21T16:52:01,cont,BUY,97268.32,96998.7,97484.02,269.62,57.0,2024-11-21T17:04:31,96993.93,sl,-5.4878,-1.0177,2024-11
2024-11-21T17:11:01,cont,BUY,97400.33,96968.49,97745.8,431.84,76.0,2024-11-21T17:45:43,97745.8,tp,6.9094,0.8,2024-11
2024-11-21T17:47:01,cont,BUY,97749.6,97448.91,97990.15,300.69,112.0,2024-11-21T17:59:03,97990.15,tp,4.811,0.8,2024-11
2024-11-21T20:51:01,flip,SELL,97669.28,98720.23,96828.52,1050.95,0.0,2024-11-21T23:06:50,98720.99,sl,-21.0342,-1.0007,2024-11
2024-11-22T02:42:01,flip,BUY,98849.87,97864.48,99638.18,985.39,0.0,2024-11-22T13:25:46,97861.99,sl,-19.7576,-1.0025,2024-11
2024-11-22T13:28:01,cont,SELL,97705.71,98005.62,97465.78,299.91,42.0,2024-11-22T13:30:28,98012.52,sl,-6.1362,-1.023,2024-11
2024-11-22T13:43:01,cont,SELL,97528.59,98098.43,97072.72,569.84,57.0,2024-11-22T13:50:00,98143.4,sl,-12.2962,-1.0789,2024-11
2024-11-22T15:25:01,flip,BUY,98435.82,98109.55,98696.84,326.27,0.0,2024-11-22T15:37:51,98696.84,tp,5.2203,0.8,2024-11
2024-11-22T15:51:01,cont,BUY,98866.55,98687.02,99010.17,179.53,26.0,2024-11-22T16:00:11,98684.68,sl,-3.6374,-1.013,2024-11
2024-11-22T16:05:01,flip,SELL,98437.06,98562.93,98336.36,125.87,0.0,2024-11-22T16:07:16,98563.07,sl,-2.5202,-1.0011,2024-11
2024-11-22T16:15:01,cont,SELL,98328.1,98548.17,98152.04,220.07,10.0,2024-11-22T16:18:29,98549.19,sl,-4.4218,-1.0046,2024-11
2024-11-22T16:31:01,flip,BUY,98747.66,98511.53,98936.56,236.13,0.0,2024-11-22T16:33:37,98511.03,sl,-4.7326,-1.0021,2024-11
2024-11-22T16:50:01,cont,BUY,98872.09,98467.6,99195.68,404.49,19.0,2024-11-22T17:10:09,99195.68,tp,6.4718,0.8,2024-11
2024-11-22T17:23:01,cont,BUY,99353.04,99093.72,99560.5,259.32,52.0,2024-11-22T17:28:45,99091.36,sl,-5.2336,-1.0091,2024-11
2024-11-22T17:39:01,flip,SELL,98903.04,99259.6,98617.79,356.56,0.0,2024-11-22T18:07:02,99260.0,sl,-7.1392,-1.0011,2024-11
2024-11-22T18:30:01,cont,SELL,98802.81,99272.21,98427.29,469.4,51.0,2024-11-22T18:55:49,99276.69,sl,-9.4776,-1.0095,2024-11
2024-11-22T19:32:01,flip,BUY,99576.95,99214.65,99866.79,362.3,0.0,2024-11-22T19:40:38,99201.05,sl,-7.518,-1.0375,2024-11
2024-11-22T20:04:01,flip,SELL,98985.28,99548.69,98534.55,563.41,0.0,2024-11-23T01:04:28,98534.55,tp,9.0146,0.8,2024-11
2024-11-23T03:24:01,flip,BUY,98731.42,98590.57,98844.1,140.85,0.0,2024-11-23T03:39:16,98588.49,sl,-2.8586,-1.0148,2024-11
2024-11-23T04:42:01,flip,SELL,98418.6,98658.0,98227.08,239.4,0.0,2024-11-23T05:41:55,98662.1,sl,-4.87,-1.0171,2024-11
2024-11-23T05:57:01,flip,BUY,98732.46,98637.4,98808.51,95.06,0.0,2024-11-23T06:08:11,98637.4,sl,-1.9012,-1.0,2024-11
2024-11-23T06:17:01,flip,SELL,98611.28,98675.14,98560.19,63.86,0.0,2024-11-23T06:17:29,98675.59,sl,-1.2862,-1.007,2024-11
2024-11-23T06:50:01,flip,BUY,98771.11,98687.61,98837.91,83.5,0.0,2024-11-23T06:54:04,98686.36,sl,-1.695,-1.015,2024-11
2024-11-23T07:04:01,flip,SELL,98618.85,98663.39,98583.22,44.54,0.0,2024-11-23T07:04:42,98663.6,sl,-0.895,-1.0047,2024-11
2024-11-23T07:13:01,cont,SELL,98592.34,98621.39,98569.1,29.05,9.0,2024-11-23T07:14:48,98626.48,sl,-0.6828,-1.1752,2024-11
2024-11-23T07:28:02,cont,SELL,98569.61,98672.84,98487.03,103.23,24.0,2024-11-23T07:31:16,98487.03,tp,1.6517,0.8,2024-11
2024-11-23T08:27:01,cont,SELL,98333.06,98565.92,98146.77,232.86,83.0,2024-11-23T12:13:12,98569.35,sl,-4.7258,-1.0147,2024-11
2024-11-23T15:43:01,flip,SELL,98523.98,98885.59,98234.69,361.61,0.0,2024-11-23T16:15:28,98234.69,tp,5.7858,0.8,2024-11
2024-11-23T16:23:01,cont,SELL,97863.24,98249.95,97553.87,386.71,40.0,2024-11-23T17:06:03,97553.87,tp,6.1874,0.8,2024-11
2024-11-23T17:45:01,flip,BUY,98198.22,98095.87,98280.1,102.35,0.0,2024-11-23T17:46:06,98095.3,sl,-2.0584,-1.0056,2024-11
2024-11-23T17:53:01,flip,SELL,97944.59,98125.2,97800.1,180.61,0.0,2024-11-23T18:03:42,97800.1,tp,2.8898,0.8,2024-11
2024-11-23T19:13:01,cont,SELL,97720.73,98069.24,97441.92,348.51,80.0,2024-11-23T20:08:22,97441.92,tp,5.5762,0.8,2024-11
2024-11-23T21:00:01,flip,BUY,97825.0,97656.04,97960.17,168.96,0.0,2024-11-23T21:03:04,97655.21,sl,-3.3958,-1.0049,2024-11
2024-11-23T21:10:01,cont,BUY,97905.52,97697.92,98071.6,207.6,10.0,2024-11-23T21:52:48,98071.6,tp,3.3216,0.8,2024-11
2024-11-23T22:29:01,flip,SELL,97837.57,97971.74,97730.23,134.17,0.0,2024-11-23T22:34:16,97730.23,tp,2.1467,0.8,2024-11
2024-11-23T23:23:02,cont,SELL,97605.41,97834.54,97422.11,229.13,54.0,2024-11-24T00:02:24,97834.95,sl,-4.5908,-1.0018,2024-11
2024-11-24T00:23:01,flip,BUY,98059.43,97851.28,98225.95,208.15,0.0,2024-11-24T00:38:24,97845.97,sl,-4.2692,-1.0255,2024-11
2024-11-24T01:02:01,cont,BUY,98100.88,97827.94,98319.23,272.94,39.0,2024-11-24T01:12:26,98319.23,tp,4.367,0.8,2024-11
2024-11-24T01:13:01,cont,BUY,98500.27,98190.71,98747.92,309.56,50.0,2024-11-24T01:20:49,98188.13,sl,-6.2428,-1.0083,2024-11
2024-11-24T02:13:01,cont,BUY,98608.4,98086.25,99026.12,522.15,110.0,2024-11-24T04:17:24,98084.05,sl,-10.487,-1.0042,2024-11
2024-11-24T04:34:01,flip,SELL,98036.62,98189.95,97913.96,153.33,0.0,2024-11-24T04:54:45,98190.2,sl,-3.0716,-1.0016,2024-11
2024-11-24T04:55:01,flip,BUY,98214.67,98022.24,98368.61,192.43,0.0,2024-11-24T05:37:58,98016.01,sl,-3.9732,-1.0324,2024-11
2024-11-24T06:04:00,cont,BUY,98307.12,97930.01,98608.81,377.11,66.0,2024-11-24T09:23:32,97929.42,sl,-7.554,-1.0016,2024-11
2024-11-24T09:37:01,flip,SELL,97826.07,97941.83,97733.46,115.76,0.0,2024-11-24T09:38:18,97941.88,sl,-2.3162,-1.0004,2024-11
2024-11-24T10:35:01,cont,SELL,97788.4,98046.15,97582.2,257.75,58.0,2024-11-24T10:45:41,97582.2,tp,4.124,0.8,2024-11
2024-11-24T11:09:01,cont,SELL,97450.29,97808.06,97164.07,357.77,92.0,2024-11-24T12:29:07,97164.07,tp,5.7243,0.8,2024-11
2024-11-24T13:17:01,flip,BUY,97440.81,97185.27,97645.24,255.54,0.0,2024-11-24T13:29:41,97645.24,tp,4.0886,0.8,2024-11
2024-11-24T13:33:01,cont,BUY,97670.53,97529.74,97783.16,140.79,16.0,2024-11-24T13:35:01,97527.91,sl,-2.8524,-1.013,2024-11
2024-11-24T14:01:01,flip,SELL,97200.66,97542.22,96927.41,341.56,0.0,2024-11-24T14:14:44,96927.41,tp,5.465,0.8,2024-11
2024-11-24T14:15:01,cont,SELL,96839.62,97134.35,96603.84,294.73,14.0,2024-11-24T14:36:49,97150.25,sl,-6.2126,-1.0539,2024-11
2024-11-24T15:26:01,cont,SELL,96522.24,97206.73,95974.65,684.49,85.0,2024-11-24T15:59:43,95974.65,tp,10.9518,0.8,2024-11
2024-11-24T16:46:02,flip,BUY,96733.45,96269.81,97104.36,463.64,0.0,2024-11-24T17:06:17,96269.27,sl,-9.2836,-1.0012,2024-11
2024-11-24T17:22:01,flip,SELL,95927.68,96069.7,95814.06,142.02,0.0,2024-11-24T17:23:03,96073.01,sl,-2.9066,-1.0233,2024-11
2024-11-24T17:27:01,cont,SELL,95879.16,96035.57,95754.03,156.41,5.0,2024-11-24T17:30:54,96038.14,sl,-3.1796,-1.0164,2024-11
2024-11-24T17:44:01,cont,SELL,95775.33,96040.67,95563.06,265.34,22.0,2024-11-24T17:52:04,96043.75,sl,-5.3684,-1.0116,2024-11
2024-11-24T18:32:01,flip,BUY,96327.54,96152.01,96467.96,175.53,0.0,2024-11-24T18:47:30,96467.96,tp,2.8085,0.8,2024-11
2024-11-24T18:56:01,cont,BUY,96644.59,96442.92,96805.93,201.67,24.0,2024-11-24T19:00:56,96439.18,sl,-4.1082,-1.0185,2024-11
2024-11-24T19:09:01,flip,SELL,96315.34,96415.6,96235.13,100.26,0.0,2024-11-24T19:11:51,96235.13,tp,1.6042,0.8,2024-11
2024-11-24T19:48:01,flip,BUY,96470.25,96199.28,96687.03,270.97,0.0,2024-11-24T20:27:50,96687.03,tp,4.3355,0.8,2024-11
2024-11-24T20:43:01,cont,BUY,96862.38,96727.5,96970.28,134.88,55.0,2024-11-24T21:06:37,96726.63,sl,-2.715,-1.0065,2024-11
2024-11-24T21:44:01,cont,BUY,96979.55,96674.31,97223.74,305.24,116.0,2024-11-24T22:07:13,97223.74,tp,4.8838,0.8,2024-11
2024-11-24T23:31:02,flip,SELL,97988.74,98216.98,97806.15,228.24,0.0,2024-11-24T23:32:57,97806.15,tp,3.6518,0.8,2024-11
2024-11-25T01:18:01,cont,SELL,97504.06,98153.19,96984.76,649.13,107.0,2024-11-25T04:13:53,98154.37,sl,-13.0062,-1.0018,2024-11
2024-11-25T04:14:01,cont,BUY,98151.44,97926.39,98331.48,225.05,27.0,2024-11-25T04:16:24,97919.48,sl,-4.6392,-1.0307,2024-11
2024-11-25T04:29:01,flip,SELL,97762.78,97900.88,97652.3,138.1,0.0,2024-11-25T04:32:03,97903.19,sl,-2.8082,-1.0167,2024-11
2024-11-25T04:49:01,cont,SELL,97686.13,97898.08,97516.57,211.95,20.0,2024-11-25T04:57:40,97903.73,sl,-4.352,-1.0267,2024-11
2024-11-25T05:16:01,flip,BUY,98115.73,97943.44,98253.56,172.29,0.0,2024-11-25T05:23:18,98253.56,tp,2.7566,0.8,2024-11
2024-11-25T05:34:01,cont,BUY,98328.64,98169.6,98455.87,159.04,18.0,2024-11-25T05:36:22,98166.9,sl,-3.2348,-1.017,2024-11
2024-11-25T06:10:01,cont,BUY,98351.0,98058.5,98585.0,292.5,54.0,2024-11-25T07:23:14,98058.45,sl,-5.851,-1.0002,2024-11
2024-11-25T07:37:01,cont,SELL,97998.02,98163.0,97866.04,164.98,49.0,2024-11-25T07:46:20,97866.04,tp,2.6397,0.8,2024-11
2024-11-25T08:25:01,flip,BUY,98342.05,98210.07,98447.63,131.98,0.0,2024-11-25T08:33:53,98209.38,sl,-2.6534,-1.0052,2024-11
2024-11-25T08:53:01,cont,BUY,98361.55,98188.98,98499.61,172.57,28.0,2024-11-25T09:06:24,98499.61,tp,2.7611,0.8,2024-11
2024-11-25T09:18:01,cont,BUY,98767.23,98586.82,98911.56,180.41,53.0,2024-11-25T09:21:13,98911.56,tp,2.8866,0.8,2024-11
2024-11-25T10:18:01,flip,SELL,98494.38,98673.73,98350.9,179.35,0.0,2024-11-25T10:21:34,98350.9,tp,2.8696,0.8,2024-11
2024-11-25T11:43:01,cont,SELL,98213.54,98562.68,97934.23,349.14,85.0,2024-11-25T12:45:04,97934.23,tp,5.5862,0.8,2024-11
2024-11-25T13:41:01,flip,BUY,97772.63,97478.9,98007.61,293.73,0.0,2024-11-25T14:15:37,97472.68,sl,-5.999,-1.0212,2024-11
2024-11-25T14:31:01,flip,SELL,97138.31,97342.77,96974.74,204.46,0.0,2024-11-25T14:32:25,97342.92,sl,-4.0922,-1.0007,2024-11
2024-11-25T14:34:01,cont,SELL,97145.82,97429.35,96919.0,283.53,3.0,2024-11-25T14:41:22,96919.0,tp,4.5365,0.8,2024-11
2024-11-25T15:00:01,cont,SELL,95402.02,96142.92,94809.3,740.9,29.0,2024-11-25T15:12:21,94809.3,tp,11.8544,0.8,2024-11
2024-11-25T15:50:01,flip,BUY,96484.09,95556.11,97226.47,927.98,0.0,2024-11-25T17:05:08,95554.13,sl,-18.5992,-1.0021,2024-11
2024-11-25T17:10:01,cont,SELL,95484.15,95663.23,95340.89,179.08,6.0,2024-11-25T17:12:03,95340.89,tp,2.8653,0.8,2024-11
2024-11-25T17:22:01,cont,SELL,94932.96,95379.77,94575.51,446.81,18.0,2024-11-25T17:31:07,95384.22,sl,-9.0252,-1.01,2024-11
2024-11-25T18:15:01,flip,BUY,95674.37,94927.03,96272.24,747.34,0.0,2024-11-25T18:48:02,94925.87,sl,-14.97,-1.0016,2024-11
2024-11-25T19:06:01,cont,SELL,94836.47,95184.31,94558.2,347.84,30.0,2024-11-25T19:08:01,95186.02,sl,-6.991,-1.0049,2024-11
2024-11-25T19:22:01,cont,SELL,94657.54,95294.66,94147.84,637.12,46.0,2024-11-25T20:32:50,95304.0,sl,-12.9292,-1.0147,2024-11
2024-11-25T22:09:01,flip,BUY,94048.94,93790.23,94255.91,258.71,0.0,2024-11-25T22:16:20,93760.24,sl,-5.774,-1.1159,2024-11
2024-11-25T22:21:01,flip,SELL,93595.92,93877.22,93370.88,281.3,0.0,2024-11-25T22:23:46,93370.88,tp,4.5008,0.8,2024-11
2024-11-25T22:36:01,cont,SELL,93040.6,93514.94,92661.13,474.34,15.0,2024-11-25T22:39:03,92661.13,tp,7.5894,0.8,2024-11
2024-11-26T00:04:01,cont,SELL,92841.52,94438.98,91563.55,1597.46,103.0,2024-11-26T01:21:31,94443.61,sl,-32.0418,-1.0029,2024-11
2024-11-26T01:54:01,flip,BUY,94929.61,94470.44,95296.95,459.17,0.0,2024-11-26T03:11:28,94470.31,sl,-9.186,-1.0003,2024-11
2024-11-26T03:22:01,cont,SELL,94400.6,94665.09,94189.01,264.49,51.0,2024-11-26T03:38:30,94666.67,sl,-5.3214,-1.006,2024-11
2024-11-26T03:51:01,flip,BUY,94812.9,94638.3,94952.58,174.6,0.0,2024-11-26T03:58:30,94637.98,sl,-3.4984,-1.0018,2024-11
2024-11-26T07:01:01,flip,SELL,94461.25,94634.92,94322.31,173.67,0.0,2024-11-26T07:06:01,94635.95,sl,-3.494,-1.0059,2024-11
2024-11-26T07:09:02,cont,SELL,94331.22,94613.12,94105.7,281.9,8.0,2024-11-26T07:14:22,94105.7,tp,4.5104,0.8,2024-11
2024-11-26T08:03:01,cont,SELL,93624.0,94185.89,93174.49,561.89,62.0,2024-11-26T08:15:48,93174.49,tp,8.9902,0.8,2024-11
2024-11-26T08:30:01,cont,SELL,92494.29,92965.81,92117.07,471.52,89.0,2024-11-26T08:51:37,92967.78,sl,-9.4698,-1.0042,2024-11
2024-11-26T09:00:01,flip,BUY,93171.29,92903.56,93385.47,267.73,0.0,2024-11-26T09:05:06,93385.47,tp,4.2837,0.8,2024-11
2024-11-26T09:13:01,cont,BUY,93588.21,93205.68,93894.23,382.53,13.0,2024-11-26T09:46:40,93197.87,sl,-7.8068,-1.0204,2024-11
2024-11-26T09:47:01,flip,SELL,93212.28,93542.26,92948.3,329.98,0.0,2024-11-26T09:53:03,93544.41,sl,-6.6426,-1.0065,2024-11
2024-11-26T10:04:01,flip,BUY,93797.73,93532.0,94010.31,265.73,0.0,2024-11-26T10:05:48,93531.29,sl,-5.3288,-1.0027,2024-11
2024-11-26T10:32:01,flip,SELL,92894.29,93160.32,92681.47,266.03,0.0,2024-11-26T10:42:34,92681.47,tp,4.2565,0.8,2024-11
2024-11-26T11:00:01,cont,SELL,92286.88,92616.23,92023.4,329.35,28.0,2024-11-26T11:04:25,92023.4,tp,5.2696,0.8,2024-11
2024-11-26T11:23:01,cont,SELL,91995.31,92598.9,91512.44,603.59,51.0,2024-11-26T11:32:09,91512.44,tp,9.6574,0.8,2024-11
2024-11-26T11:44:01,cont,SELL,91480.16,91878.37,91161.59,398.21,72.0,2024-11-26T11:49:40,91878.78,sl,-7.9724,-1.001,2024-11
2024-11-26T12:07:01,flip,BUY,92396.58,91960.09,92745.77,436.49,0.0,2024-11-26T12:35:13,91953.72,sl,-8.8572,-1.0146,2024-11
2024-11-26T12:49:01,flip,SELL,91837.53,92196.63,91550.25,359.1,0.0,2024-11-26T12:58:51,92196.78,sl,-7.185,-1.0004,2024-11
2024-11-26T14:31:01,cont,SELL,91689.97,92899.28,90722.52,1209.31,102.0,2024-11-26T14:41:10,92899.68,sl,-24.1942,-1.0003,2024-11
2024-11-26T14:50:01,flip,BUY,93391.95,93183.76,93558.5,208.19,0.0,2024-11-26T14:52:08,93181.41,sl,-4.2108,-1.0113,2024-11
2024-11-26T15:04:01,cont,BUY,93519.77,93089.61,93863.9,430.16,14.0,2024-11-26T15:12:03,93089.45,sl,-8.6064,-1.0004,2024-11
2024-11-26T16:22:01,cont,BUY,93725.46,92316.38,94852.72,1409.08,92.0,2024-11-26T18:31:38,92303.89,sl,-28.4314,-1.0089,2024-11
2024-11-26T19:21:01,cont,SELL,91932.12,92674.0,91338.62,741.88,83.0,2024-11-26T20:18:50,91338.62,tp,11.8701,0.8,2024-11
2024-11-26T21:37:01,flip,BUY,91730.87,90740.47,92523.19,990.4,0.0,2024-11-27T01:18:57,92523.19,tp,15.8464,0.8,2024-11
2024-11-27T01:40:01,cont,BUY,92612.53,92264.4,92891.03,348.13,106.0,2024-11-27T02:24:58,92891.03,tp,5.5701,0.8,2024-11
2024-11-27T08:15:03,flip,SELL,93409.93,93574.75,93278.07,164.82,0.0,2024-11-27T08:43:21,93575.14,sl,-3.3042,-1.0024,2024-11
2024-11-27T09:10:01,cont,SELL,93277.97,93595.63,93023.84,317.66,55.0,2024-11-27T10:15:51,93602.25,sl,-6.4856,-1.0208,2024-11
2024-11-27T10:32:01,flip,BUY,93794.22,93593.76,93954.59,200.46,0.0,2024-11-27T10:57:42,93954.59,tp,3.2074,0.8,2024-11
2024-11-27T10:58:01,cont,BUY,93976.97,93670.35,94222.27,306.62,26.0,2024-11-27T11:16:08,93668.78,sl,-6.1638,-1.0051,2024-11
2024-11-27T11:37:01,flip,SELL,93481.94,93734.76,93279.68,252.82,0.0,2024-11-27T12:09:05,93279.68,tp,4.0451,0.8,2024-11
2024-11-27T12:23:01,cont,SELL,93182.97,93406.21,93004.38,223.24,46.0,2024-11-27T12:29:42,93004.38,tp,3.5718,0.8,2024-11
2024-11-27T13:02:01,flip,BUY,93596.88,93452.17,93712.65,144.71,0.0,2024-11-27T13:03:55,93712.65,tp,2.3154,0.8,2024-11
2024-11-27T13:30:01,cont,BUY,93945.64,93535.15,94274.03,410.49,28.0,2024-11-27T13:58:16,94274.03,tp,6.5678,0.8,2024-11
2024-11-27T14:02:01,cont,BUY,94411.08,94255.92,94535.21,155.16,60.0,2024-11-27T14:06:28,94535.21,tp,2.4826,0.8,2024-11
2024-11-27T14:22:01,cont,BUY,94601.39,94200.54,94922.07,400.85,80.0,2024-11-27T14:44:17,94922.07,tp,6.4136,0.8,2024-11
2024-11-27T14:58:01,cont,BUY,94965.48,94551.5,95296.66,413.98,116.0,2024-11-27T15:18:26,94550.57,sl,-8.2982,-1.0022,2024-11
2024-11-27T19:09:01,flip,SELL,96072.26,96539.43,95698.52,467.17,0.0,2024-11-27T19:23:51,96546.18,sl,-9.4784,-1.0144,2024-11
2024-11-27T19:41:01,flip,BUY,96659.59,96376.93,96885.72,282.66,0.0,2024-11-27T20:03:05,96885.72,tp,4.5226,0.8,2024-11
2024-11-27T20:09:01,cont,BUY,96975.13,96790.47,97122.86,184.66,28.0,2024-11-27T20:15:06,97122.86,tp,2.9546,0.8,2024-11
2024-11-27T20:30:01,cont,BUY,97404.95,97200.0,97568.91,204.95,49.0,2024-11-27T20:32:51,97198.0,sl,-4.139,-1.0098,2024-11
2024-11-27T20:42:01,flip,SELL,96896.13,97096.9,96735.51,200.77,0.0,2024-11-27T20:45:51,96735.51,tp,3.2123,0.8,2024-11
2024-11-27T21:07:01,cont,SELL,96428.01,96740.25,96178.22,312.24,25.0,2024-11-27T21:11:14,96745.05,sl,-6.3408,-1.0154,2024-11
2024-11-27T21:26:01,cont,SELL,96428.06,96723.03,96192.08,294.97,44.0,2024-11-27T23:04:36,96192.08,tp,4.7195,0.8,2024-11
2024-11-27T23:11:01,flip,SELL,96104.81,96343.65,95913.74,238.84,0.0,2024-11-27T23:39:18,95913.74,tp,3.8214,0.8,2024-11
2024-11-28T00:16:01,cont,SELL,95916.51,96213.79,95678.69,297.28,65.0,2024-11-28T00:35:17,96214.99,sl,-5.9696,-1.004,2024-11
2024-11-28T00:54:01,flip,BUY,96545.37,96307.58,96735.6,237.79,0.0,2024-11-28T00:59:43,96735.6,tp,3.8046,0.8,2024-11
2024-11-28T01:54:01,flip,SELL,96258.44,96478.16,96082.66,219.72,0.0,2024-11-28T02:00:12,96481.85,sl,-4.4682,-1.0168,2024-11
2024-11-28T02:22:01,flip,BUY,96599.41,96309.51,96831.33,289.9,0.0,2024-11-28T02:43:57,96309.28,sl,-5.8026,-1.0008,2024-11
2024-11-28T03:03:01,flip,SELL,95715.7,95926.83,95546.8,211.13,0.0,2024-11-28T03:09:53,95546.8,tp,3.3781,0.8,2024-11
2024-11-28T03:21:01,cont,SELL,95503.65,95777.97,95284.19,274.32,18.0,2024-11-28T03:27:50,95284.19,tp,4.3891,0.8,2024-11
2024-11-28T03:31:01,cont,SELL,95171.99,95299.82,95069.73,127.83,28.0,2024-11-28T03:32:01,95069.73,tp,2.0453,0.8,2024-11
2024-11-28T03:39:01,cont,SELL,94944.47,95162.23,94770.26,217.76,36.0,2024-11-28T03:41:04,95163.91,sl,-4.3888,-1.0077,2024-11
2024-11-28T04:05:01,flip,BUY,95716.42,95468.03,95915.13,248.39,0.0,2024-11-28T04:25:41,95915.13,tp,3.9742,0.8,2024-11
2024-11-28T05:03:01,cont,BUY,96076.23,95732.9,96350.89,343.33,58.0,2024-11-28T05:24:59,95731.75,sl,-6.8896,-1.0033,2024-11
2024-11-28T05:40:01,flip,SELL,95647.39,95927.26,95423.49,279.87,0.0,2024-11-28T06:03:20,95423.49,tp,4.4779,0.8,2024-11
2024-11-28T07:18:01,flip,BUY,95922.51,95599.21,96181.15,323.3,0.0,2024-11-28T07:43:30,95591.41,sl,-6.622,-1.0241,2024-11
2024-11-28T07:49:01,flip,SELL,95508.93,95629.61,95412.39,120.68,0.0,2024-11-28T07:55:17,95412.39,tp,1.9309,0.8,2024-11
2024-11-28T08:06:01,cont,SELL,95307.86,95520.7,95137.59,212.84,17.0,2024-11-28T08:21:29,95520.73,sl,-4.2574,-1.0001,2024-11
2024-11-28T08:29:01,flip,BUY,95591.14,95393.29,95749.42,197.85,0.0,2024-11-28T09:07:05,95391.3,sl,-3.9968,-1.0101,2024-11
2024-11-28T09:25:01,flip,SELL,95251.09,95434.47,95104.39,183.38,0.0,2024-11-28T09:28:35,95435.39,sl,-3.686,-1.005,2024-11
2024-11-28T09:52:01,cont,SELL,95229.73,95526.61,94992.23,296.88,27.0,2024-11-28T10:02:23,94992.23,tp,4.7501,0.8,2024-11
2024-11-28T10:03:01,cont,SELL,94934.56,95124.78,94782.38,190.22,38.0,2024-11-28T10:08:05,94782.38,tp,3.0435,0.8,2024-11
2024-11-28T11:42:01,flip,BUY,95265.42,94827.29,95615.92,438.13,0.0,2024-11-28T11:48:52,95615.92,tp,7.0101,0.8,2024-11
2024-11-28T16:53:01,flip,SELL,94934.54,95393.55,94567.33,459.01,0.0,2024-11-28T18:44:26,95393.59,sl,-9.181,-1.0001,2024-11
2024-11-28T19:02:01,cont,BUY,95462.97,95267.53,95619.32,195.44,53.0,2024-11-28T19:13:20,95266.98,sl,-3.9198,-1.0028,2024-11
2024-11-28T19:33:01,flip,SELL,95091.84,95201.66,95003.98,109.82,0.0,2024-11-28T19:36:58,95201.73,sl,-2.1978,-1.0006,2024-11
2024-11-28T20:07:01,cont,SELL,95063.5,95277.81,94892.05,214.31,34.0,2024-11-28T20:37:48,94892.05,tp,3.429,0.8,2024-11
2024-11-28T20:38:01,cont,SELL,94851.72,95005.72,94728.52,154.0,65.0,2024-11-28T20:49:43,95007.37,sl,-3.113,-1.0107,2024-11
2024-11-28T21:29:01,flip,BUY,95188.81,94953.2,95377.3,235.61,0.0,2024-11-28T21:35:02,94950.85,sl,-4.7592,-1.01,2024-11
2024-11-28T21:48:01,cont,BUY,95252.35,94961.87,95484.73,290.48,19.0,2024-11-28T22:20:08,95484.73,tp,4.6477,0.8,2024-11
2024-11-28T22:25:01,cont,BUY,95508.33,95375.94,95614.24,132.39,56.0,2024-11-28T22:30:06,95374.19,sl,-2.6828,-1.0132,2024-11
2024-11-28T22:39:01,cont,BUY,95561.37,95264.82,95798.61,296.55,70.0,2024-11-28T23:00:46,95798.61,tp,4.7448,0.8,2024-11
2024-11-28T23:18:01,cont,BUY,95860.68,95608.74,96062.23,251.94,109.0,2024-11-28T23:28:47,96062.23,tp,4.031,0.8,2024-11
2024-11-29T00:06:01,flip,SELL,95673.19,95801.26,95570.73,128.07,0.0,2024-11-29T00:09:19,95570.73,tp,2.0491,0.8,2024-11
2024-11-29T00:53:01,cont,SELL,95449.36,95906.45,95083.69,457.09,47.0,2024-11-29T01:45:41,95907.33,sl,-9.1594,-1.0019,2024-11
2024-11-29T02:11:01,flip,BUY,96624.67,96197.73,96966.22,426.94,0.0,2024-11-29T02:45:52,96966.22,tp,6.831,0.8,2024-11
2024-11-29T05:59:01,flip,SELL,96275.17,96614.85,96003.43,339.68,0.0,2024-11-29T07:37:54,96003.43,tp,5.4349,0.8,2024-11
2024-11-29T07:38:01,cont,SELL,95973.34,96084.87,95884.12,111.53,99.0,2024-11-29T07:45:23,95884.12,tp,1.7845,0.8,2024-11
2024-11-29T09:17:01,flip,BUY,96184.98,95948.79,96373.93,236.19,0.0,2024-11-29T09:34:24,96373.93,tp,3.779,0.8,2024-11
2024-11-29T10:09:01,cont,BUY,96723.26,96432.98,96955.48,290.28,52.0,2024-11-29T10:51:16,96955.48,tp,4.6445,0.8,2024-11
2024-11-29T10:57:01,cont,BUY,96973.31,96870.81,97055.31,102.5,100.0,2024-11-29T11:01:20,96866.09,sl,-2.1444,-1.046,2024-11
2024-11-29T11:20:01,flip,SELL,96703.56,96868.11,96571.92,164.55,0.0,2024-11-29T11:24:29,96870.67,sl,-3.3422,-1.0156,2024-11
2024-11-29T11:43:01,flip,BUY,97260.17,97065.04,97416.27,195.13,0.0,2024-11-29T11:46:22,97416.27,tp,3.1221,0.8,2024-11
2024-11-29T12:11:01,cont,BUY,97524.09,97334.12,97676.07,189.97,28.0,2024-11-29T12:28:58,97332.74,sl,-3.827,-1.0073,2024-11
2024-11-29T12:49:01,flip,SELL,97080.8,97157.91,97019.11,77.11,0.0,2024-11-29T12:50:42,97162.66,sl,-1.6372,-1.0616,2024-11
2024-11-29T13:01:01,cont,SELL,97005.09,97094.24,96933.77,89.15,12.0,2024-11-29T13:05:15,96933.77,tp,1.4264,0.8,2024-11
2024-11-29T13:18:02,cont,SELL,96904.41,97143.13,96713.43,238.72,29.0,2024-11-29T13:39:46,97144.03,sl,-4.7924,-1.0038,2024-11
2024-11-29T14:32:01,flip,BUY,97468.5,97014.72,97831.52,453.78,0.0,2024-11-29T14:48:27,97831.52,tp,7.2605,0.8,2024-11
2024-11-29T14:53:01,cont,BUY,97972.52,97710.6,98182.06,261.92,21.0,2024-11-29T14:59:47,98182.06,tp,4.1907,0.8,2024-11
2024-11-29T15:00:01,cont,BUY,98163.0,97946.96,98335.83,216.04,28.0,2024-11-29T15:05:26,98335.83,tp,3.4566,0.8,2024-11
2024-11-29T15:20:01,cont,BUY,98744.88,98542.67,98906.65,202.21,48.0,2024-11-29T15:21:36,98542.55,sl,-4.0466,-1.0006,2024-11
2024-11-29T15:30:01,flip,SELL,98247.32,98530.25,98020.98,282.93,0.0,2024-11-29T15:32:20,98020.98,tp,4.5269,0.8,2024-11
2024-11-29T17:02:01,cont,SELL,97823.92,98618.43,97188.31,794.51,92.0,2024-11-29T17:20:28,97188.31,tp,12.7122,0.8,2024-11
2024-11-29T17:24:01,cont,SELL,97158.61,97300.18,97045.35,141.57,114.0,2024-11-29T17:25:59,97302.49,sl,-2.8776,-1.0163,2024-11
2024-11-29T17:29:02,cont,SELL,97092.48,97319.11,96911.18,226.63,119.0,2024-11-29T17:31:14,97321.32,sl,-4.5768,-1.0098,2024-11
2024-11-29T18:26:01,flip,BUY,97390.32,97170.89,97565.86,219.43,0.0,2024-11-29T19:02:52,97161.81,sl,-4.5702,-1.0414,2024-11
2024-11-29T19:03:01,flip,SELL,97136.6,97330.22,96981.7,193.62,0.0,2024-11-29T19:33:02,97330.96,sl,-3.8872,-1.0038,2024-11
2024-11-29T19:46:01,cont,BUY,97509.6,97279.45,97693.72,230.15,17.0,2024-11-29T20:37:43,97693.72,tp,3.6824,0.8,2024-11
2024-11-30T00:43:01,flip,SELL,97115.75,97627.48,96706.37,511.73,0.0,2024-11-30T01:23:09,96706.37,tp,8.1877,0.8,2024-11
2024-11-30T01:47:01,cont,SELL,96578.58,96918.75,96306.44,340.17,64.0,2024-11-30T05:00:37,96920.19,sl,-6.8322,-1.0042,2024-11
2024-11-30T06:54:01,flip,SELL,96820.89,97083.54,96610.77,262.65,0.0,2024-11-30T08:19:28,97090.42,sl,-5.3906,-1.0262,2024-11
2024-11-30T11:24:01,flip,BUY,96463.11,96405.31,96509.35,57.8,0.0,2024-11-30T11:25:15,96401.9,sl,-1.2242,-1.059,2024-11
2024-11-30T11:29:01,cont,BUY,96486.32,96396.84,96557.9,89.48,5.0,2024-11-30T11:41:33,96396.55,sl,-1.7954,-1.0032,2024-11
2024-11-30T11:53:01,flip,SELL,96379.88,96445.11,96327.7,65.23,0.0,2024-11-30T12:03:23,96448.55,sl,-1.3734,-1.0527,2024-11
2024-11-30T12:17:01,flip,BUY,96568.36,96441.89,96669.54,126.47,0.0,2024-11-30T12:52:39,96669.54,tp,2.0235,0.8,2024-11
2024-11-30T13:00:01,cont,BUY,96692.18,96556.76,96800.52,135.42,43.0,2024-11-30T13:57:00,96552.29,sl,-2.7978,-1.033,2024-11
2024-11-30T16:29:01,flip,SELL,96647.79,96719.74,96590.23,71.95,0.0,2024-11-30T16:37:23,96725.84,sl,-1.561,-1.0848,2024-11
2024-11-30T16:46:02,flip,BUY,96791.12,96639.19,96912.66,151.93,0.0,2024-11-30T16:51:21,96912.66,tp,2.4309,0.8,2024-11
2024-11-30T17:04:01,cont,BUY,97067.92,96954.03,97159.03,113.89,18.0,2024-11-30T17:08:07,96943.11,sl,-2.4962,-1.0959,2024-11
2024-11-30T17:57:03,flip,SELL,96881.33,97036.27,96757.38,154.94,0.0,2024-11-30T18:19:21,97037.8,sl,-3.1294,-1.0099,2024-11
2024-11-30T18:56:01,flip,BUY,97110.24,97054.89,97154.52,55.35,0.0,2024-11-30T18:58:15,97054.6,sl,-1.1128,-1.0052,2024-11
2024-11-30T19:11:01,flip,SELL,97006.66,97095.72,96935.41,89.06,0.0,2024-11-30T19:37:04,97101.17,sl,-1.8902,-1.0612,2024-11
2024-11-30T20:43:01,cont,SELL,96969.9,97176.12,96804.92,206.22,92.0,2024-11-30T22:23:44,96804.92,tp,3.2995,0.8,2024-11
2024-12-01T00:26:01,flip,BUY,96731.04,96611.22,96826.9,119.82,0.0,2024-12-01T00:27:09,96609.89,sl,-2.423,-1.0111,2024-12
2024-12-01T00:33:01,cont,BUY,96729.33,96630.93,96808.05,98.4,7.0,2024-12-01T00:37:53,96628.94,sl,-2.0078,-1.0202,2024-12
2024-12-01T01:05:01,flip,SELL,96262.64,96531.38,96047.65,268.74,0.0,2024-12-01T01:24:11,96532.85,sl,-5.4042,-1.0055,2024-12
2024-12-01T01:57:01,cont,SELL,96160.15,96600.86,95807.58,440.71,52.0,2024-12-01T02:58:25,95807.58,tp,7.0514,0.8,2024-12
2024-12-01T04:49:01,flip,BUY,96562.25,96279.41,96788.52,282.84,0.0,2024-12-01T08:11:44,96788.52,tp,4.5254,0.8,2024-12
2024-12-01T08:20:01,cont,BUY,96948.37,96805.56,97062.62,142.81,60.0,2024-12-01T08:26:29,97062.62,tp,2.285,0.8,2024-12
2024-12-01T20:28:03,flip,SELL,96938.03,97170.69,96751.9,232.66,0.0,2024-12-01T20:53:14,97171.95,sl,-4.6784,-1.0054,2024-12
2024-12-01T21:04:01,flip,BUY,97221.5,97139.23,97287.32,82.27,0.0,2024-12-01T21:05:42,97287.32,tp,1.3163,0.8,2024-12
2024-12-01T21:23:01,cont,BUY,97455.88,97362.57,97530.53,93.31,19.0,2024-12-01T21:30:37,97361.26,sl,-1.8924,-1.014,2024-12
2024-12-01T21:39:01,cont,BUY,97481.76,97344.59,97591.5,137.17,35.0,2024-12-01T21:47:02,97591.5,tp,2.1947,0.8,2024-12
2024-12-01T22:04:01,cont,BUY,97938.78,97841.15,98016.88,97.63,60.0,2024-12-01T22:04:54,97840.39,sl,-1.9678,-1.0078,2024-12
2024-12-01T23:18:01,flip,SELL,97505.91,97891.62,97197.34,385.71,0.0,2024-12-02T01:21:08,97891.66,sl,-7.715,-1.0001,2024-12
2024-12-02T04:06:01,flip,SELL,96471.7,96727.86,96266.77,256.16,0.0,2024-12-02T04:08:10,96266.77,tp,4.0986,0.8,2024-12
2024-12-02T05:07:01,flip,BUY,96978.17,96712.91,97190.38,265.26,0.0,2024-12-02T05:35:58,96712.24,sl,-5.3186,-1.0025,2024-12
2024-12-02T06:01:01,flip,SELL,96435.44,96543.35,96349.11,107.91,0.0,2024-12-02T06:06:20,96349.11,tp,1.7266,0.8,2024-12
2024-12-02T06:24:01,cont,SELL,96258.72,96394.32,96150.24,135.6,23.0,2024-12-02T06:31:33,96404.2,sl,-2.9096,-1.0729,2024-12
2024-12-02T06:48:01,flip,BUY,96460.38,96335.65,96560.16,124.73,0.0,2024-12-02T07:16:15,96333.99,sl,-2.5278,-1.0133,2024-12
2024-12-02T07:29:01,flip,SELL,95858.94,96080.95,95681.33,222.01,0.0,2024-12-02T07:33:28,96081.06,sl,-4.4424,-1.0005,2024-12
2024-12-02T07:52:01,flip,BUY,96127.93,95988.21,96239.71,139.72,0.0,2024-12-02T08:00:22,95987.52,sl,-2.8082,-1.0049,2024-12
2024-12-02T08:12:01,cont,BUY,96178.64,95854.4,96438.03,324.24,20.0,2024-12-02T08:16:34,95852.53,sl,-6.5222,-1.0058,2024-12
2024-12-02T08:27:01,flip,SELL,95288.29,95497.95,95120.56,209.66,0.0,2024-12-02T08:39:30,95120.56,tp,3.3546,0.8,2024-12
2024-12-02T13:31:02,flip,BUY,95812.21,95531.58,96036.71,280.63,0.0,2024-12-02T14:30:04,96036.71,tp,4.4901,0.8,2024-12
2024-12-02T14:41:01,cont,BUY,96568.79,96193.17,96869.29,375.62,70.0,2024-12-02T14:44:30,96869.29,tp,6.0099,0.8,2024-12
2024-12-02T15:23:01,cont,BUY,97113.08,95984.21,98016.18,1128.87,112.0,2024-12-02T17:18:10,95979.76,sl,-22.6664,-1.0039,2024-12
2024-12-02T17:39:01,cont,SELL,95190.15,95475.57,94961.81,285.42,61.0,2024-12-02T17:42:53,95482.88,sl,-5.8546,-1.0256,2024-12
2024-12-02T17:52:01,cont,SELL,95114.35,95522.35,94787.95,408.0,74.0,2024-12-02T17:58:39,94787.95,tp,6.528,0.8,2024-12
2024-12-02T18:33:01,flip,BUY,95804.29,95449.17,96088.39,355.12,0.0,2024-12-02T19:11:00,95447.08,sl,-7.1442,-1.0059,2024-12
2024-12-02T20:03:01,cont,BUY,96054.95,95223.22,96720.33,831.73,90.0,2024-12-02T22:31:33,95223.05,sl,-16.638,-1.0002,2024-12
2024-12-02T23:16:01,flip,BUY,95680.35,95502.75,95822.43,177.6,0.0,2024-12-02T23:40:12,95822.43,tp,2.8416,0.8,2024-12
2024-12-02T23:52:01,cont,BUY,95874.75,95674.19,96035.2,200.56,36.0,2024-12-03T00:13:10,96035.2,tp,3.209,0.8,2024-12
2024-12-03T00:38:01,cont,BUY,96186.01,95795.97,96498.04,390.04,82.0,2024-12-03T01:03:27,95795.74,sl,-7.8054,-1.0006,2024-12
2024-12-03T01:43:01,flip,SELL,95649.95,95854.81,95486.06,204.86,0.0,2024-12-03T02:15:52,95860.36,sl,-4.2082,-1.0271,2024-12
2024-12-03T02:37:01,flip,BUY,96025.0,95897.53,96126.98,127.47,0.0,2024-12-03T02:39:11,96126.98,tp,2.0395,0.8,2024-12
2024-12-03T07:19:02,flip,SELL,95420.0,95766.71,95142.63,346.71,0.0,2024-12-03T07:31:26,95767.89,sl,-6.9578,-1.0034,2024-12
2024-12-03T07:39:01,cont,SELL,95383.15,95739.63,95097.97,356.48,20.0,2024-12-03T08:08:42,95739.78,sl,-7.1326,-1.0004,2024-12
2024-12-03T09:18:01,cont,SELL,95346.59,95715.48,95051.48,368.89,119.0,2024-12-03T10:53:35,95051.48,tp,5.9022,0.8,2024-12
2024-12-03T13:14:01,flip,SELL,94663.99,95087.08,94325.52,423.09,0.0,2024-12-03T13:48:14,94325.52,tp,6.7694,0.8,2024-12
2024-12-03T13:49:01,cont,SELL,94321.42,94723.83,93999.49,402.41,35.0,2024-12-03T13:55:25,93999.49,tp,6.4386,0.8,2024-12
2024-12-03T14:35:01,cont,SELL,93627.35,94448.3,92970.59,820.95,81.0,2024-12-03T14:40:01,94450.16,sl,-16.4562,-1.0023,2024-12
2024-12-03T15:12:01,flip,BUY,96005.06,95690.69,96256.56,314.37,0.0,2024-12-03T15:24:19,96256.56,tp,5.0299,0.8,2024-12
2024-12-03T15:48:01,flip,SELL,95740.68,96093.51,95458.42,352.83,0.0,2024-12-03T16:06:32,96093.59,sl,-7.0582,-1.0002,2024-12
2024-12-03T16:40:01,cont,SELL,95458.56,96293.33,94790.74,834.77,52.0,2024-12-03T22:58:43,96298.14,sl,-16.7916,-1.0058,2024-12
2024-12-04T00:37:01,flip,SELL,95890.71,96171.6,95666.0,280.89,0.0,2024-12-04T01:05:16,95666.0,tp,4.4942,0.8,2024-12
2024-12-04T02:14:01,cont,SELL,95578.27,96719.64,94665.17,1141.37,97.0,2024-12-04T06:01:12,96722.16,sl,-22.8778,-1.0022,2024-12
2024-12-04T06:29:01,flip,BUY,96789.78,96456.58,97056.34,333.2,0.0,2024-12-04T09:16:04,97056.34,tp,5.3312,0.8,2024-12
2024-12-04T10:14:01,flip,SELL,96758.69,96875.0,96665.64,116.31,0.0,2024-12-04T10:39:01,96665.64,tp,1.861,0.8,2024-12
2024-12-04T10:49:01,cont,SELL,96582.39,96730.59,96463.83,148.2,35.0,2024-12-04T11:30:27,96463.83,tp,2.3712,0.8,2024-12
2024-12-04T11:49:02,cont,SELL,96435.52,96631.32,96278.88,195.8,95.0,2024-12-04T12:02:43,96278.88,tp,3.1328,0.8,2024-12
2024-12-04T12:03:01,cont,SELL,96234.13,96377.97,96119.06,143.84,109.0,2024-12-04T12:06:59,96379.47,sl,-2.9068,-1.0104,2024-12
2024-12-04T12:12:01,cont,SELL,96188.54,96397.2,96021.61,208.66,118.0,2024-12-04T12:16:50,96021.61,tp,3.3386,0.8,2024-12
2024-12-04T14:33:01,flip,BUY,96115.29,95790.38,96375.22,324.91,0.0,2024-12-04T14:35:43,96375.22,tp,5.1986,0.8,2024-12
2024-12-04T16:09:01,flip,SELL,95581.76,96538.09,94816.7,956.33,0.0,2024-12-04T16:50:21,94816.7,tp,15.3013,0.8,2024-12
2024-12-04T17:02:01,flip,BUY,95152.99,94910.79,95346.75,242.2,0.0,2024-12-04T17:06:41,94908.35,sl,-4.8928,-1.0101,2024-12
2024-12-04T17:35:01,cont,BUY,95282.62,94771.99,95691.12,510.63,33.0,2024-12-04T18:00:22,95691.12,tp,8.1701,0.8,2024-12
2024-12-04T18:01:01,cont,BUY,95768.32,95533.03,95956.55,235.29,59.0,2024-12-04T18:12:37,95956.55,tp,3.7646,0.8,2024-12
2024-12-04T18:40:01,cont,BUY,96073.89,95689.12,96381.71,384.77,98.0,2024-12-04T18:57:37,96381.71,tp,6.1563,0.8,2024-12
2024-12-05T17:17:01,flip,SELL,100640.06,101559.71,99904.34,919.65,0.0,2024-12-05T19:44:17,99904.34,tp,14.7144,0.8,2024-12
2024-12-05T20:18:01,cont,SELL,98121.35,99343.67,97143.49,1222.32,42.0,2024-12-05T21:06:18,99344.53,sl,-24.4636,-1.0007,2024-12
2024-12-05T22:05:01,flip,SELL,98868.37,99211.73,98593.68,343.36,0.0,2024-12-05T22:14:46,98593.68,tp,5.4938,0.8,2024-12
2024-12-05T22:20:01,cont,SELL,98377.09,98731.54,98093.53,354.45,15.0,2024-12-05T22:21:56,98093.53,tp,5.6712,0.8,2024-12
2024-12-05T22:26:02,cont,SELL,98020.67,98294.03,97801.98,273.36,21.0,2024-12-05T22:26:42,97801.98,tp,4.3738,0.8,2024-12
2024-12-06T01:46:01,flip,BUY,98409.73,98100.62,98657.02,309.11,0.0,2024-12-06T01:49:48,98657.02,tp,4.9458,0.8,2024-12
2024-12-06T02:54:01,flip,SELL,97572.39,98098.95,97151.14,526.56,0.0,2024-12-06T05:14:40,98103.89,sl,-10.63,-1.0094,2024-12
2024-12-06T05:15:01,cont,BUY,98122.29,97649.75,98500.32,472.54,92.0,2024-12-06T08:16:06,98500.32,tp,7.5606,0.8,2024-12
2024-12-06T10:24:01,flip,SELL,97758.85,98092.91,97491.6,334.06,0.0,2024-12-06T10:35:41,98096.71,sl,-6.7572,-1.0114,2024-12
2024-12-06T11:02:01,flip,BUY,98316.85,98133.23,98463.75,183.62,0.0,2024-12-06T11:11:35,98130.75,sl,-3.722,-1.0135,2024-12
2024-12-06T11:22:01,flip,SELL,97982.97,98122.62,97871.25,139.65,0.0,2024-12-06T11:23:01,98125.98,sl,-2.8602,-1.0241,2024-12
2024-12-06T11:40:01,cont,SELL,97954.67,98186.51,97769.2,231.84,18.0,2024-12-06T11:58:51,98187.47,sl,-4.656,-1.0041,2024-12
2024-12-06T12:10:01,flip,BUY,98453.82,98304.4,98573.36,149.42,0.0,2024-12-06T12:19:29,98303.32,sl,-3.01,-1.0072,2024-12
2024-12-06T12:24:01,flip,SELL,98204.53,98348.96,98088.99,144.43,0.0,2024-12-06T12:28:45,98088.99,tp,2.3109,0.8,2024-12
2024-12-06T12:40:01,cont,SELL,98017.77,98229.95,97848.03,212.18,16.0,2024-12-06T12:51:17,97848.03,tp,3.3949,0.8,2024-12
2024-12-06T13:30:01,flip,BUY,98113.2,97750.55,98403.32,362.65,0.0,2024-12-06T13:32:07,98403.32,tp,5.8024,0.8,2024-12
2024-12-06T14:25:01,cont,BUY,99063.19,98440.53,99561.32,622.66,55.0,2024-12-06T14:57:04,99561.32,tp,9.9626,0.8,2024-12
2024-12-06T14:58:01,cont,BUY,99565.29,98743.11,100223.03,822.18,88.0,2024-12-06T15:22:25,98742.6,sl,-16.4538,-1.0006,2024-12
2024-12-06T16:22:01,flip,SELL,99207.43,99498.07,98974.92,290.64,0.0,2024-12-06T16:27:15,98974.92,tp,4.6502,0.8,2024-12
2024-12-06T17:49:01,flip,BUY,101013.31,100293.55,101589.12,719.76,0.0,2024-12-06T18:07:33,101589.12,tp,11.5162,0.8,2024-12
2024-12-06T18:08:01,cont,BUY,101580.3,100904.06,102121.29,676.24,19.0,2024-12-06T21:36:20,100902.57,sl,-13.5546,-1.0022,2024-12
2024-12-06T21:45:01,cont,SELL,100759.85,100955.24,100603.54,195.39,31.0,2024-12-06T21:47:22,100603.54,tp,3.1262,0.8,2024-12
2024-12-06T23:11:01,cont,SELL,100415.93,100793.07,100114.22,377.14,117.0,2024-12-06T23:21:47,100114.22,tp,6.0342,0.8,2024-12
2024-12-07T01:03:01,flip,BUY,100566.27,100233.37,100832.59,332.9,0.0,2024-12-07T01:16:31,100233.29,sl,-6.6596,-1.0002,2024-12
2024-12-07T03:02:01,flip,SELL,99961.06,100300.32,99689.65,339.26,0.0,2024-12-07T03:19:12,99689.65,tp,5.4282,0.8,2024-12
2024-12-07T04:02:01,cont,SELL,99384.63,99735.72,99103.76,351.09,60.0,2024-12-07T04:09:51,99744.39,sl,-7.1952,-1.0247,2024-12
2024-12-07T04:26:01,cont,SELL,99331.76,99731.12,99012.27,399.36,84.0,2024-12-07T04:45:53,99734.15,sl,-8.0478,-1.0076,2024-12
2024-12-07T18:43:01,flip,BUY,99992.67,99107.09,100701.13,885.58,0.0,2024-12-08T08:56:36,99105.92,sl,-17.735,-1.0013,2024-12
2024-12-08T09:04:01,cont,SELL,98985.24,99128.16,98870.9,142.92,48.0,2024-12-08T09:07:12,99131.16,sl,-2.9184,-1.021,2024-12
2024-12-08T09:16:01,flip,BUY,99289.74,99122.33,99423.67,167.41,0.0,2024-12-08T09:44:32,99122.08,sl,-3.3532,-1.0015,2024-12
2024-12-08T10:15:01,cont,BUY,99474.56,98672.0,100116.61,802.56,59.0,2024-12-08T12:50:12,100116.61,tp,12.841,0.8,2024-12
2024-12-08T14:28:01,flip,SELL,100157.78,100356.82,99998.55,199.04,0.0,2024-12-08T14:50:59,99998.55,tp,3.1846,0.8,2024-12
2024-12-08T14:51:01,cont,SELL,99988.76,100230.03,99795.74,241.27,23.0,2024-12-08T15:02:58,99795.74,tp,3.8603,0.8,2024-12
2024-12-08T23:14:01,flip,BUY,100501.29,100197.88,100744.02,303.41,0.0,2024-12-08T23:20:39,100744.02,tp,4.8546,0.8,2024-12
2024-12-08T23:21:01,cont,BUY,100771.6,100422.38,101050.98,349.22,7.0,2024-12-09T02:32:46,99329.67,sl,-28.8386,-4.129,2024-12
2024-12-09T02:41:02,flip,SELL,99280.35,99546.81,99067.18,266.46,0.0,2024-12-09T03:24:51,99067.18,tp,4.2634,0.8,2024-12
2024-12-09T03:25:01,cont,SELL,99040.96,99369.33,98778.26,328.37,44.0,2024-12-09T03:52:39,98778.26,tp,5.2539,0.8,2024-12
2024-12-09T04:52:01,flip,BUY,99474.71,98893.63,99939.57,581.08,0.0,2024-12-09T07:08:23,98891.61,sl,-11.662,-1.0035,2024-12
2024-12-09T07:42:01,cont,BUY,99421.38,98363.76,100267.48,1057.62,58.0,2024-12-09T10:00:05,98362.63,sl,-21.175,-1.0011,2024-12
2024-12-09T10:28:01,cont,SELL,98267.87,98525.68,98061.62,257.81,98.0,2024-12-09T10:34:19,98526.74,sl,-5.1774,-1.0041,2024-12
2024-12-09T10:53:01,flip,BUY,98678.18,98342.73,98946.54,335.45,0.0,2024-12-09T11:10:10,98342.5,sl,-6.7136,-1.0007,2024-12
2024-12-09T11:16:01,flip,SELL,98290.8,98392.62,98209.34,101.82,0.0,2024-12-09T11:16:45,98392.88,sl,-2.0416,-1.0026,2024-12
2024-12-09T11:23:01,cont,SELL,98266.06,98412.05,98149.27,145.99,7.0,2024-12-09T11:25:10,98149.27,tp,2.3358,0.8,2024-12
2024-12-09T11:31:01,cont,SELL,98183.98,98490.09,97939.09,306.11,15.0,2024-12-09T12:01:47,97939.09,tp,4.8978,0.8,2024-12
2024-12-09T12:03:01,cont,SELL,97977.07,98232.57,97772.67,255.5,47.0,2024-12-09T12:05:00,98235.69,sl,-5.1724,-1.0122,2024-12
2024-12-09T12:22:01,flip,BUY,98451.28,98063.42,98761.57,387.86,0.0,2024-12-09T13:18:16,98761.57,tp,6.2058,0.8,2024-12
2024-12-09T13:48:01,cont,BUY,99151.35,98927.77,99330.21,223.58,86.0,2024-12-09T14:02:02,98927.33,sl,-4.4804,-1.002,2024-12
2024-12-09T14:18:01,cont,BUY,99404.34,98901.25,99806.81,503.09,116.0,2024-12-09T14:45:28,99806.81,tp,8.0494,0.8,2024-12
2024-12-09T15:33:01,flip,SELL,98100.38,98546.93,97743.14,446.55,0.0,2024-12-09T15:39:18,97743.14,tp,7.1448,0.8,2024-12
2024-12-09T15:48:01,cont,SELL,97673.14,98055.13,97367.55,381.99,15.0,2024-12-09T16:12:55,98061.35,sl,-7.7642,-1.0163,2024-12
2024-12-09T16:18:01,flip,BUY,98150.73,97871.4,98374.19,279.33,0.0,2024-12-09T16:33:45,97869.79,sl,-5.6188,-1.0058,2024-12
2024-12-09T17:01:01,flip,SELL,97690.45,98165.71,97310.24,475.26,0.0,2024-12-09T17:08:21,98172.61,sl,-9.6432,-1.0145,2024-12
2024-12-09T17:34:01,cont,SELL,97714.87,98231.45,97301.61,516.58,33.0,2024-12-09T18:25:25,98243.23,sl,-10.5672,-1.0228,2024-12
2024-12-09T21:32:01,flip,BUY,97196.05,96532.22,97727.11,663.83,0.0,2024-12-09T22:18:51,96529.85,sl,-13.324,-1.0036,2024-12
2024-12-09T23:12:01,cont,BUY,97555.72,94847.73,99722.11,2707.99,100.0,2024-12-10T16:38:22,94837.77,sl,-54.359,-1.0037,2024-12
2024-12-10T19:10:01,flip,BUY,95502.06,94999.35,95904.23,502.71,0.0,2024-12-10T19:20:42,95904.23,tp,8.0434,0.8,2024-12
2024-12-10T19:38:01,cont,BUY,96005.39,95755.58,96205.24,249.81,28.0,2024-12-10T19:47:21,95751.3,sl,-5.0818,-1.0171,2024-12
2024-12-10T20:20:01,cont,BUY,96210.3,95628.17,96676.0,582.13,70.0,2024-12-10T20:49:29,96676.0,tp,9.3141,0.8,2024-12
2024-12-10T21:07:01,cont,BUY,96749.34,96329.89,97084.9,419.45,117.0,2024-12-10T21:30:13,97084.9,tp,6.7112,0.8,2024-12
2024-12-11T01:57:01,flip,SELL,95787.1,96690.75,95064.18,903.65,0.0,2024-12-11T02:32:13,96695.56,sl,-18.1692,-1.0053,2024-12
2024-12-11T02:41:01,flip,BUY,97178.33,96939.52,97369.38,238.81,0.0,2024-12-11T02:44:37,97369.38,tp,3.821,0.8,2024-12
2024-12-11T03:06:01,cont,BUY,97602.37,97127.13,97982.56,475.24,25.0,2024-12-11T08:22:28,97982.56,tp,7.6038,0.8,2024-12
2024-12-11T08:39:01,flip,BUY,98232.23,98050.2,98377.85,182.03,0.0,2024-12-11T08:43:22,98377.85,tp,2.9125,0.8,2024-12
2024-12-11T09:14:01,flip,SELL,97945.04,98297.08,97663.41,352.04,0.0,2024-12-11T10:51:03,98297.15,sl,-7.0422,-1.0002,2024-12
2024-12-11T11:05:01,cont,BUY,98335.98,98166.64,98471.45,169.34,64.0,2024-12-11T11:17:19,98471.45,tp,2.7094,0.8,2024-12
2024-12-11T11:30:01,cont,BUY,98535.85,98356.54,98679.3,179.31,89.0,2024-12-11T11:38:18,98349.36,sl,-3.7298,-1.04,2024-12
2024-12-11T21:06:01,flip,SELL,101168.2,101546.79,100865.33,378.59,0.0,2024-12-11T21:46:10,101546.82,sl,-7.5724,-1.0001,2024-12
2024-12-11T22:07:01,flip,BUY,101839.38,101658.67,101983.95,180.71,0.0,2024-12-11T22:13:25,101658.13,sl,-3.625,-1.003,2024-12
2024-12-11T22:36:01,flip,SELL,101398.73,101672.98,101179.33,274.25,0.0,2024-12-11T23:52:09,101179.33,tp,4.388,0.8,2024-12
2024-12-12T00:03:01,flip,SELL,101094.65,101223.9,100991.25,129.25,0.0,2024-12-12T00:17:58,101238.31,sl,-2.8732,-1.1115,2024-12
2024-12-12T00:22:01,cont,SELL,100964.47,101227.43,100754.1,262.96,19.0,2024-12-12T00:47:49,100754.1,tp,4.2074,0.8,2024-12
2024-12-12T01:33:01,cont,SELL,100601.83,100900.88,100362.59,299.05,90.0,2024-12-12T02:23:16,100901.98,sl,-6.003,-1.0037,2024-12
2024-12-12T02:45:01,cont,BUY,100910.37,100746.5,101041.47,163.87,27.0,2024-12-12T02:46:42,101041.47,tp,2.6219,0.8,2024-12
2024-12-12T06:07:01,flip,SELL,100564.66,101101.18,100135.44,536.52,0.0,2024-12-12T09:04:27,101104.09,sl,-10.7886,-1.0054,2024-12
2024-12-12T10:01:01,flip,SELL,100750.86,101034.99,100523.56,284.13,0.0,2024-12-12T10:09:25,100523.56,tp,4.5461,0.8,2024-12
2024-12-12T11:05:01,cont,SELL,100465.88,100711.84,100269.11,245.96,64.0,2024-12-12T11:13:40,100269.11,tp,3.9354,0.8,2024-12
2024-12-12T11:21:01,cont,SELL,100161.44,100376.42,99989.46,214.98,80.0,2024-12-12T11:24:24,100379.12,sl,-4.3536,-1.0126,2024-12
2024-12-12T12:02:01,flip,BUY,100439.33,100188.96,100639.63,250.37,0.0,2024-12-12T12:21:02,100639.63,tp,4.0059,0.8,2024-12
2024-12-12T12:55:01,cont,BUY,100910.17,100724.23,101058.92,185.94,53.0,2024-12-12T13:17:21,101058.92,tp,2.975,0.8,2024-12
2024-12-12T17:07:01,flip,SELL,101319.48,101522.12,101157.37,202.64,0.0,2024-12-12T17:09:00,101532.4,sl,-4.2584,-1.0507,2024-12
2024-12-12T17:18:01,flip,BUY,101693.36,101485.01,101860.04,208.35,0.0,2024-12-12T17:20:00,101482.96,sl,-4.208,-1.0098,2024-12
2024-12-12T18:36:01,flip,SELL,101166.29,101662.32,100769.47,496.03,0.0,2024-12-12T19:00:32,100769.47,tp,7.9365,0.8,2024-12
2024-12-12T19:15:02,cont,SELL,100724.53,100970.61,100527.67,246.08,39.0,2024-12-12T19:18:02,100527.67,tp,3.9373,0.8,2024-12
2024-12-12T19:36:01,cont,SELL,99685.87,100094.85,99358.69,408.98,60.0,2024-12-12T19:43:04,99358.69,tp,6.5437,0.8,2024-12
2024-12-12T22:45:01,flip,BUY,100407.24,99528.1,101110.55,879.14,0.0,2024-12-13T01:38:13,99526.12,sl,-17.6224,-1.0023,2024-12
2024-12-13T01:39:01,cont,SELL,99492.01,99650.21,99365.45,158.2,22.0,2024-12-13T01:50:30,99365.45,tp,2.5312,0.8,2024-12
2024-12-13T03:48:01,flip,BUY,99785.57,99591.26,99941.02,194.31,0.0,2024-12-13T04:35:59,99941.02,tp,3.109,0.8,2024-12
2024-12-13T04:50:01,cont,BUY,100070.17,99869.4,100230.79,200.77,62.0,2024-12-13T05:45:30,99864.06,sl,-4.1222,-1.0266,2024-12
2024-12-13T06:38:01,cont,SELL,99850.88,100090.34,99659.31,239.46,54.0,2024-12-13T07:03:05,99659.31,tp,3.8314,0.8,2024-12
2024-12-13T08:27:01,flip,BUY,100262.91,99916.28,100540.21,346.63,0.0,2024-12-13T09:35:23,99907.48,sl,-7.1086,-1.0254,2024-12
2024-12-13T12:13:01,flip,SELL,100285.91,100482.6,100128.56,196.69,0.0,2024-12-13T12:38:50,100128.56,tp,3.147,0.8,2024-12
2024-12-13T13:10:01,cont,SELL,100121.42,100282.07,99992.9,160.65,57.0,2024-12-13T13:35:49,99992.9,tp,2.5704,0.8,2024-12
2024-12-13T13:36:01,cont,SELL,99981.1,100155.84,99841.31,174.74,83.0,2024-12-13T13:43:54,100160.28,sl,-3.5836,-1.0254,2024-12
2024-12-13T14:34:01,flip,BUY,100594.01,100195.58,100912.75,398.43,0.0,2024-12-13T14:55:52,100912.75,tp,6.3749,0.8,2024-12
2024-12-13T14:57:01,cont,BUY,101008.87,100668.51,101281.16,340.36,23.0,2024-12-13T15:13:50,101281.16,tp,5.4458,0.8,2024-12
2024-12-13T15:39:01,cont,BUY,101441.39,101182.72,101648.33,258.67,65.0,2024-12-13T15:41:35,101177.47,sl,-5.2784,-1.0203,2024-12
2024-12-13T18:12:01,flip,SELL,101597.58,101785.35,101447.36,187.77,0.0,2024-12-13T18:18:36,101447.36,tp,3.0043,0.8,2024-12
2024-12-13T19:38:01,cont,SELL,101232.27,101895.05,100702.05,662.78,86.0,2024-12-13T20:45:31,101898.54,sl,-13.3254,-1.0053,2024-12
2024-12-14T14:03:01,flip,BUY,101398.96,101074.58,101658.46,324.38,0.0,2024-12-14T15:21:53,101658.46,tp,5.1901,0.8,2024-12
2024-12-14T16:18:01,flip,SELL,101414.39,101534.43,101318.36,120.04,0.0,2024-12-14T16:19:49,101537.29,sl,-2.458,-1.0238,2024-12
2024-12-14T16:50:01,flip,BUY,101628.86,101422.46,101793.98,206.4,0.0,2024-12-14T17:17:29,101421.65,sl,-4.1442,-1.0039,2024-12
2024-12-14T18:54:01,flip,SELL,100819.8,101151.46,100554.47,331.66,0.0,2024-12-14T19:10:25,101157.04,sl,-6.7448,-1.0168,2024-12
2024-12-14T20:50:01,cont,SELL,100804.02,101410.59,100318.76,606.57,116.0,2024-12-14T23:30:36,101411.16,sl,-12.1428,-1.0009,2024-12
2024-12-15T00:04:01,flip,BUY,101484.4,101339.27,101600.5,145.13,0.0,2024-12-15T00:35:19,101337.08,sl,-2.9464,-1.0151,2024-12
2024-12-15T01:21:01,cont,BUY,101583.24,101217.47,101875.86,365.77,77.0,2024-12-15T01:45:34,101875.86,tp,5.8523,0.8,2024-12
2024-12-15T07:39:01,flip,SELL,101617.6,101726.28,101530.66,108.68,0.0,2024-12-15T07:41:34,101530.66,tp,1.7389,0.8,2024-12
2024-12-15T07:45:01,cont,SELL,101503.47,101656.83,101380.78,153.36,6.0,2024-12-15T07:51:52,101658.56,sl,-3.1018,-1.0113,2024-12
2024-12-15T07:57:01,flip,BUY,101709.81,101634.34,101770.19,75.47,0.0,2024-12-15T08:02:38,101629.61,sl,-1.604,-1.0627,2024-12
2024-12-15T08:10:01,cont,BUY,101751.08,101556.78,101906.52,194.3,13.0,2024-12-15T08:43:50,101906.52,tp,3.1088,0.8,2024-12
2024-12-15T08:55:01,cont,BUY,101966.76,101845.14,102064.06,121.62,58.0,2024-12-15T09:07:16,102064.06,tp,1.9459,0.8,2024-12
2024-12-15T09:46:01,cont,BUY,102162.47,101936.37,102343.35,226.1,109.0,2024-12-15T10:10:03,102343.35,tp,3.6176,0.8,2024-12
2024-12-16T11:44:01,flip,SELL,103985.46,104219.47,103798.25,234.01,0.0,2024-12-16T11:53:43,103798.25,tp,3.7442,0.8,2024-12
2024-12-16T12:43:02,cont,SELL,103524.34,104018.13,103129.31,493.79,59.0,2024-12-16T13:22:16,104018.7,sl,-9.8872,-1.0012,2024-12
2024-12-16T14:27:01,flip,BUY,104200.85,104041.56,104328.28,159.29,0.0,2024-12-16T14:31:35,104328.28,tp,2.5486,0.8,2024-12
2024-12-16T15:13:01,cont,BUY,106022.36,105024.62,106820.55,997.74,46.0,2024-12-16T16:16:57,106820.55,tp,15.9638,0.8,2024-12
2024-12-16T21:00:01,flip,SELL,105817.72,106617.09,105178.22,799.37,0.0,2024-12-17T03:21:18,106617.18,sl,-15.9892,-1.0001,2024-12
2024-12-17T03:28:01,cont,BUY,106705.99,106456.93,106905.24,249.06,80.0,2024-12-17T03:43:05,106905.24,tp,3.985,0.8,2024-12
2024-12-17T04:33:01,flip,SELL,106422.46,106515.71,106347.86,93.25,0.0,2024-12-17T04:46:31,106516.66,sl,-1.884,-1.0102,2024-12
2024-12-17T05:32:03,flip,BUY,106671.05,106366.31,106914.84,304.74,0.0,2024-12-17T06:30:08,106363.04,sl,-6.1602,-1.0107,2024-12
2024-12-17T06:40:01,flip,SELL,106318.1,106498.94,106173.43,180.84,0.0,2024-12-17T06:53:06,106500.61,sl,-3.6502,-1.0092,2024-12
2024-12-17T07:06:01,flip,BUY,106656.93,106393.08,106868.01,263.85,0.0,2024-12-17T07:07:38,106868.01,tp,4.2216,0.8,2024-12
2024-12-17T07:27:01,cont,BUY,107046.94,106870.11,107188.4,176.83,21.0,2024-12-17T07:35:08,106865.15,sl,-3.6358,-1.028,2024-12
2024-12-17T08:29:01,cont,BUY,107136.34,106657.27,107519.6,479.07,83.0,2024-12-17T11:51:15,106652.02,sl,-9.6864,-1.011,2024-12
2024-12-17T12:02:01,flip,SELL,106693.43,106884.09,106540.9,190.66,0.0,2024-12-17T12:13:47,106540.9,tp,3.0506,0.8,2024-12
2024-12-17T12:22:01,cont,SELL,106498.96,106704.77,106334.31,205.81,20.0,2024-12-17T12:25:35,106707.31,sl,-4.167,-1.0123,2024-12
2024-12-17T12:50:01,flip,BUY,107012.7,106849.95,107142.9,162.75,0.0,2024-12-17T13:22:58,107142.9,tp,2.604,0.8,2024-12
2024-12-17T13:23:01,cont,BUY,107178.95,106912.39,107392.2,266.56,33.0,2024-12-17T13:27:38,107392.2,tp,4.265,0.8,2024-12
2024-12-17T14:25:01,cont,BUY,107681.69,107149.88,108107.14,531.81,95.0,2024-12-17T14:38:15,107146.67,sl,-10.7004,-1.006,2024-12
2024-12-17T14:44:01,cont,BUY,107763.61,106989.55,108382.86,774.06,114.0,2024-12-17T15:13:36,106988.14,sl,-15.5094,-1.0018,2024-12
2024-12-18T05:24:01,flip,BUY,104050.96,103474.9,104511.81,576.06,0.0,2024-12-18T05:50:48,103474.65,sl,-11.5262,-1.0004,2024-12
2024-12-18T06:48:01,flip,SELL,103148.33,103942.7,102512.83,794.37,0.0,2024-12-18T07:05:49,103946.61,sl,-15.9656,-1.0049,2024-12
2024-12-18T07:14:01,flip,BUY,104157.7,104014.55,104272.22,143.15,0.0,2024-12-18T07:30:21,104005.24,sl,-3.0492,-1.065,2024-12
2024-12-18T07:52:01,cont,BUY,104217.03,103867.31,104496.81,349.72,38.0,2024-12-18T08:20:51,103859.4,sl,-7.1526,-1.0226,2024-12
2024-12-18T08:42:01,flip,SELL,103779.0,104016.13,103589.3,237.13,0.0,2024-12-18T09:06:19,104018.54,sl,-4.7908,-1.0102,2024-12
2024-12-18T09:22:01,flip,BUY,104245.45,104114.36,104350.32,131.09,0.0,2024-12-18T09:24:38,104350.32,tp,2.0974,0.8,2024-12
2024-12-18T09:54:01,flip,SELL,104019.96,104123.46,103937.16,103.5,0.0,2024-12-18T10:02:13,103937.16,tp,1.656,0.8,2024-12
2024-12-18T10:39:01,flip,BUY,104273.57,103978.74,104509.43,294.83,0.0,2024-12-18T10:47:19,104509.43,tp,4.7173,0.8,2024-12
2024-12-18T11:26:02,cont,BUY,104747.87,104535.5,104917.77,212.37,47.0,2024-12-18T11:37:52,104917.77,tp,3.3979,0.8,2024-12
2024-12-18T11:59:01,cont,BUY,105009.43,104689.98,105264.99,319.45,80.0,2024-12-18T12:12:58,105264.99,tp,5.1112,0.8,2024-12
2024-12-18T12:40:01,flip,SELL,104743.26,104884.02,104630.65,140.76,0.0,2024-12-18T12:42:52,104884.37,sl,-2.8222,-1.0025,2024-12
2024-12-18T12:53:01,cont,SELL,104648.77,105045.72,104331.21,396.95,13.0,2024-12-18T13:16:15,105047.44,sl,-7.9734,-1.0043,2024-12
2024-12-18T13:59:02,cont,SELL,104597.82,105208.42,104109.34,610.6,79.0,2024-12-18T14:33:33,104109.34,tp,9.7696,0.8,2024-12
2024-12-18T18:12:01,flip,BUY,104870.47,104454.2,105203.49,416.27,0.0,2024-12-18T18:34:28,104453.17,sl,-8.346,-1.0025,2024-12
2024-12-18T19:06:01,flip,SELL,103811.57,104789.26,103029.42,977.69,0.0,2024-12-18T19:48:37,103029.42,tp,15.643,0.8,2024-12
2024-12-18T19:58:01,cont,SELL,102860.35,103328.91,102485.5,468.56,52.0,2024-12-18T20:03:16,102485.5,tp,7.497,0.8,2024-12
2024-12-18T20:44:01,cont,SELL,100521.12,102520.98,98921.23,1999.86,98.0,2024-12-19T02:12:47,98921.23,tp,31.9978,0.8,2024-12
2024-12-19T02:28:01,cont,SELL,98845.51,99667.1,98188.24,821.59,47.0,2024-12-19T02:50:58,99667.3,sl,-16.4358,-1.0002,2024-12
2024-12-19T03:35:01,flip,BUY,101199.75,100620.32,101663.29,579.43,0.0,2024-12-19T04:57:16,100619.04,sl,-11.6142,-1.0022,2024-12
2024-12-19T05:16:01,cont,BUY,101231.01,100556.3,101770.78,674.71,101.0,2024-12-19T08:30:31,101770.78,tp,10.7954,0.8,2024-12
2024-12-19T11:06:01,flip,SELL,102325.63,102457.95,102219.77,132.32,0.0,2024-12-19T11:24:57,102458.75,sl,-2.6624,-1.006,2024-12
2024-12-19T11:40:01,cont,SELL,102191.56,102497.35,101946.93,305.79,34.0,2024-12-19T12:06:42,102499.69,sl,-6.1626,-1.0077,2024-12
2024-12-19T12:33:01,cont,SELL,102133.25,102505.31,101835.6,372.06,87.0,2024-12-19T13:35:49,101835.6,tp,5.953,0.8,2024-12
2024-12-19T14:06:01,cont,BUY,102161.95,101618.24,102596.92,543.71,55.0,2024-12-19T14:32:05,102596.92,tp,8.6994,0.8,2024-12
2024-12-19T15:07:01,flip,SELL,100595.93,101438.25,99922.07,842.32,0.0,2024-12-19T15:23:46,99922.07,tp,13.4771,0.8,2024-12
2024-12-19T15:28:01,cont,SELL,99634.15,100065.4,99289.15,431.25,21.0,2024-12-19T15:32:31,100070.22,sl,-8.7214,-1.0112,2024-12
2024-12-19T15:36:01,cont,SELL,99555.0,100090.23,99126.82,535.23,29.0,2024-12-19T15:44:22,100113.25,sl,-11.165,-1.043,2024-12
2024-12-19T16:37:01,flip,BUY,100686.0,99801.12,101393.9,884.88,0.0,2024-12-19T17:19:00,99798.4,sl,-17.752,-1.0031,2024-12
2024-12-19T17:27:01,flip,SELL,99462.76,99791.91,99199.44,329.15,0.0,2024-12-19T17:31:41,99199.44,tp,5.2664,0.8,2024-12
2024-12-19T17:36:01,cont,SELL,99036.11,99330.48,98800.61,294.37,9.0,2024-12-19T17:40:03,98800.61,tp,4.7099,0.8,2024-12
2024-12-19T17:44:01,cont,SELL,98687.35,99122.09,98339.56,434.74,17.0,2024-12-19T17:49:50,98339.56,tp,6.9558,0.8,2024-12
2024-12-19T17:50:01,cont,SELL,98363.61,98935.46,97906.13,571.85,23.0,2024-12-19T17:52:56,97906.13,tp,9.1496,0.8,2024-12
2024-12-19T18:19:01,cont,SELL,97195.06,98878.32,95848.45,1683.26,52.0,2024-12-19T19:06:08,98884.24,sl,-33.7836,-1.0035,2024-12
2024-12-19T22:50:01,flip,BUY,97827.21,97015.65,98476.46,811.56,0.0,2024-12-20T00:17:44,97015.64,sl,-16.2314,-1.0,2024-12
2024-12-20T00:30:01,flip,SELL,96637.5,97177.97,96205.12,540.47,0.0,2024-12-20T00:38:12,97181.47,sl,-10.8794,-1.0065,2024-12
2024-12-20T01:42:01,cont,SELL,96390.6,97413.26,95572.47,1022.66,72.0,2024-12-20T02:57:10,97414.42,sl,-20.4764,-1.0011,2024-12
2024-12-20T02:58:01,cont,BUY,97513.9,97128.04,97822.59,385.86,24.0,2024-12-20T03:13:18,97127.65,sl,-7.725,-1.001,2024-12
2024-12-20T03:17:01,cont,BUY,97564.11,97114.88,97923.49,449.23,43.0,2024-12-20T03:33:01,97107.32,sl,-9.1358,-1.0168,2024-12
2024-12-20T03:40:01,flip,SELL,97001.84,97157.09,96877.64,155.25,0.0,2024-12-20T03:44:30,96877.64,tp,2.484,0.8,2024-12
2024-12-20T04:09:01,cont,SELL,96781.91,97124.92,96507.5,343.01,29.0,2024-12-20T04:22:04,97129.94,sl,-6.9606,-1.0146,2024-12
2024-12-20T04:43:01,flip,BUY,97647.82,97388.17,97855.54,259.65,0.0,2024-12-20T04:52:31,97384.64,sl,-5.2636,-1.0136,2024-12
2024-12-20T05:11:01,flip,SELL,97078.11,97298.78,96901.57,220.67,0.0,2024-12-20T05:18:52,96901.57,tp,3.5307,0.8,2024-12
2024-12-20T05:30:01,cont,SELL,96804.56,97098.34,96569.54,293.78,19.0,2024-12-20T05:40:18,97102.27,sl,-5.9542,-1.0134,2024-12
2024-12-20T05:51:01,cont,SELL,96729.94,97090.0,96441.89,360.06,40.0,2024-12-20T06:19:06,97090.57,sl,-7.2126,-1.0016,2024-12
2024-12-20T07:00:01,cont,BUY,97143.75,96203.8,97895.71,939.95,48.0,2024-12-20T07:06:20,97895.71,tp,15.0392,0.8,2024-12
2024-12-20T09:03:01,flip,SELL,95089.31,95546.44,94723.61,457.13,0.0,2024-12-20T09:48:06,94723.61,tp,7.3141,0.8,2024-12
2024-12-20T10:07:01,cont,SELL,94426.0,95080.52,93902.38,654.52,64.0,2024-12-20T10:14:56,93902.38,tp,10.4723,0.8,2024-12
2024-12-20T12:33:01,flip,BUY,93703.13,93359.84,93977.76,343.29,0.0,2024-12-20T12:49:35,93977.76,tp,5.4926,0.8,2024-12
2024-12-20T13:31:01,cont,BUY,94741.09,93577.92,95671.63,1163.17,58.0,2024-12-20T13:48:02,95671.63,tp,18.6107,0.8,2024-12
2024-12-20T16:48:01,flip,SELL,96988.81,97540.53,96547.43,551.72,0.0,2024-12-20T16:53:17,96547.43,tp,8.8275,0.8,2024-12
2024-12-21T00:03:01,flip,BUY,97774.22,97403.12,98071.1,371.1,0.0,2024-12-21T00:07:15,97401.88,sl,-7.4468,-1.0033,2024-12
2024-12-21T00:31:01,flip,SELL,97166.91,97321.05,97043.6,154.14,0.0,2024-12-21T00:33:49,97321.16,sl,-3.085,-1.0007,2024-12
2024-12-21T00:51:01,flip,BUY,97462.88,97243.95,97638.02,218.93,0.0,2024-12-21T00:56:37,97638.02,tp,3.5029,0.8,2024-12
2024-12-21T01:12:01,cont,BUY,97591.57,97406.1,97739.95,185.47,21.0,2024-12-21T01:17:28,97389.46,sl,-4.0422,-1.0897,2024-12
2024-12-21T01:34:01,flip,SELL,97220.53,97502.56,96994.91,282.03,0.0,2024-12-21T02:26:09,97504.84,sl,-5.6862,-1.0081,2024-12
2024-12-21T02:27:01,flip,BUY,97505.83,97147.67,97792.36,358.16,0.0,2024-12-21T05:40:46,97792.36,tp,5.7306,0.8,2024-12
2024-12-21T05:41:01,cont,BUY,97767.1,97478.53,97997.96,288.57,53.0,2024-12-21T05:46:31,97997.96,tp,4.6171,0.8,2024-12
2024-12-21T06:11:01,cont,BUY,98721.74,98378.71,98996.16,343.03,83.0,2024-12-21T06:22:54,98376.98,sl,-6.8952,-1.005,2024-12
2024-12-21T09:46:01,flip,SELL,98235.67,98520.49,98007.81,284.82,0.0,2024-12-21T09:51:51,98520.78,sl,-5.7022,-1.001,2024-12
2024-12-21T10:37:01,cont,SELL,98091.19,98571.02,97707.33,479.83,51.0,2024-12-21T12:11:17,97707.33,tp,7.6773,0.8,2024-12
2024-12-21T13:59:01,flip,BUY,97450.25,97133.45,97703.69,316.8,0.0,2024-12-21T14:18:18,97703.69,tp,5.0688,0.8,2024-12
2024-12-21T14:56:02,flip,SELL,97204.6,97603.97,96885.1,399.37,0.0,2024-12-21T15:49:15,97603.98,sl,-7.9876,-1.0,2024-12
2024-12-21T16:10:01,cont,SELL,96925.62,97673.39,96327.4,747.77,74.0,2024-12-21T16:18:23,97674.58,sl,-14.9792,-1.0016,2024-12
2024-12-21T20:19:01,flip,BUY,97972.17,97603.69,98266.95,368.48,0.0,2024-12-21T20:33:56,97598.19,sl,-7.4796,-1.0149,2024-12
2024-12-21T20:43:01,flip,SELL,97454.21,97606.91,97332.05,152.7,0.0,2024-12-21T20:46:50,97332.05,tp,2.4432,0.8,2024-12
2024-12-21T21:11:01,cont,SELL,97281.11,97501.91,97104.47,220.8,28.0,2024-12-21T21:20:29,97104.47,tp,3.5328,0.8,2024-12
2024-12-21T21:38:01,cont,SELL,96983.37,97270.62,96753.57,287.25,55.0,2024-12-21T21:52:22,96753.57,tp,4.596,0.8,2024-12
2024-12-21T21:53:01,cont,SELL,96656.19,96952.35,96419.26,296.16,70.0,2024-12-21T21:58:30,96952.35,sl,-5.9232,-1.0,2024-12
2024-12-21T22:19:02,flip,BUY,97022.24,96596.58,97362.77,425.66,0.0,2024-12-21T22:42:49,97362.77,tp,6.8106,0.8,2024-12
2024-12-21T22:43:01,cont,BUY,97364.24,96911.9,97726.11,452.34,24.0,2024-12-21T23:05:06,96902.62,sl,-9.2324,-1.0205,2024-12
2024-12-22T02:46:01,flip,SELL,96671.12,97198.81,96248.97,527.69,0.0,2024-12-22T03:23:26,97199.8,sl,-10.5736,-1.0019,2024-12
2024-12-22T04:44:01,cont,SELL,96440.53,97266.27,95779.94,825.74,118.0,2024-12-22T10:37:53,97277.08,sl,-16.731,-1.0131,2024-12
2024-12-22T14:06:01,flip,SELL,96734.5,97200.52,96361.68,466.02,0.0,2024-12-22T14:20:41,96361.68,tp,7.4563,0.8,2024-12
2024-12-22T14:54:01,cont,SELL,95599.27,96056.41,95233.56,457.14,48.0,2024-12-22T15:03:55,95233.56,tp,7.3142,0.8,2024-12
2024-12-22T15:04:01,cont,SELL,95129.86,95460.96,94864.98,331.1,58.0,2024-12-22T15:05:11,95464.92,sl,-6.7012,-1.012,2024-12
2024-12-22T16:21:01,flip,BUY,95684.97,95066.9,96179.43,618.07,0.0,2024-12-22T18:29:41,96179.43,tp,9.8891,0.8,2024-12
2024-12-22T18:34:01,flip,BUY,96376.41,96047.19,96639.79,329.22,0.0,2024-12-22T18:38:50,96046.29,sl,-6.6024,-1.0027,2024-12
2024-12-22T19:13:01,flip,SELL,95792.8,96128.16,95524.51,335.36,0.0,2024-12-22T19:32:51,95524.51,tp,5.3658,0.8,2024-12
2024-12-22T19:33:01,cont,SELL,95519.23,95961.89,95165.1,442.66,20.0,2024-12-22T19:48:55,95165.1,tp,7.0826,0.8,2024-12
2024-12-22T20:05:01,cont,SELL,94589.64,94791.89,94427.84,202.25,52.0,2024-12-22T20:08:08,94427.84,tp,3.236,0.8,2024-12
2024-12-22T20:43:01,flip,BUY,95235.7,94944.93,95468.32,290.77,0.0,2024-12-22T20:52:56,95468.32,tp,4.6523,0.8,2024-12
2024-12-22T20:53:01,cont,BUY,95474.68,95298.19,95615.87,176.49,10.0,2024-12-22T21:04:20,95290.97,sl,-3.6742,-1.0409,2024-12
2024-12-22T21:08:01,cont,BUY,95599.88,95323.61,95820.9,276.27,25.0,2024-12-22T21:35:16,95320.1,sl,-5.5956,-1.0127,2024-12
2024-12-22T21:48:01,flip,SELL,95301.34,95424.74,95202.62,123.4,0.0,2024-12-22T21:48:51,95202.62,tp,1.9744,0.8,2024-12
2024-12-22T22:02:01,cont,SELL,94897.12,95298.13,94576.31,401.01,14.0,2024-12-22T22:06:11,94576.31,tp,6.4162,0.8,2024-12
2024-12-22T23:06:01,flip,BUY,95715.96,95313.55,96037.89,402.41,0.0,2024-12-22T23:13:44,95308.52,sl,-8.1488,-1.0125,2024-12
2024-12-22T23:33:02,flip,SELL,95150.58,95405.62,94946.55,255.04,0.0,2024-12-23T00:11:07,94946.55,tp,4.0806,0.8,2024-12
2024-12-23T00:12:01,cont,SELL,94791.04,95351.3,94342.83,560.26,39.0,2024-12-23T00:35:21,94342.83,tp,8.9642,0.8,2024-12
2024-12-23T00:53:01,cont,SELL,94261.97,94686.92,93922.01,424.95,80.0,2024-12-23T01:17:14,93922.01,tp,6.7992,0.8,2024-12
2024-12-23T01:27:01,cont,SELL,93738.22,94000.77,93528.18,262.55,114.0,2024-12-23T01:29:12,94006.32,sl,-5.362,-1.0211,2024-12
2024-12-23T03:12:01,flip,BUY,95230.25,93731.1,96429.57,1499.15,0.0,2024-12-23T04:13:49,96429.57,tp,23.9864,0.8,2024-12
2024-12-23T05:11:01,flip,SELL,95548.5,95899.44,95267.75,350.94,0.0,2024-12-23T06:06:59,95267.75,tp,5.615,0.8,2024-12
2024-12-23T06:07:01,cont,SELL,95264.05,95733.76,94888.28,469.71,56.0,2024-12-23T06:35:17,94888.28,tp,7.5154,0.8,2024-12
2024-12-23T06:37:03,cont,SELL,94831.93,95440.16,94345.35,608.23,86.0,2024-12-23T07:45:08,95443.02,sl,-12.2218,-1.0047,2024-12
2024-12-23T09:02:01,flip,BUY,95621.53,94971.11,96141.87,650.42,0.0,2024-12-23T10:10:49,96141.87,tp,10.4067,0.8,2024-12
2024-12-23T10:11:01,cont,BUY,96127.32,95782.87,96402.88,344.45,69.0,2024-12-23T11:02:45,96402.88,tp,5.5112,0.8,2024-12
2024-12-23T11:27:01,flip,SELL,95925.04,96203.97,95701.9,278.93,0.0,2024-12-23T12:22:51,96205.9,sl,-5.6172,-1.0069,2024-12
2024-12-23T12:50:01,cont,BUY,96278.73,95996.6,96504.43,282.13,28.0,2024-12-23T13:07:10,95993.41,sl,-5.7064,-1.0113,2024-12
2024-12-23T13:13:17,flip,SELL,95842.12,95983.21,95729.25,141.09,0.0,2024-12-23T13:22:40,95729.25,tp,2.2574,0.8,2024-12
2024-12-23T13:23:01,cont,SELL,95687.47,95856.14,95552.53,168.67,10.0,2024-12-23T13:32:12,95552.53,tp,2.6987,0.8,2024-12
2024-12-23T13:53:01,cont,SELL,94834.34,95196.8,94544.37,362.46,40.0,2024-12-23T14:06:02,95208.07,sl,-7.4746,-1.0311,2024-12
2024-12-23T14:41:01,cont,SELL,94284.78,95477.49,93330.61,1192.71,88.0,2024-12-23T15:25:02,93330.61,tp,19.0834,0.8,2024-12
2024-12-23T16:45:01,flip,BUY,93339.47,92880.65,93706.53,458.82,0.0,2024-12-23T16:47:50,93706.53,tp,7.3411,0.8,2024-12
2024-12-23T20:08:02,flip,SELL,92573.89,93581.87,91767.51,1007.98,0.0,2024-12-23T21:05:01,93588.6,sl,-20.2942,-1.0067,2024-12
2024-12-23T21:13:01,cont,BUY,93993.36,93659.94,94260.1,333.42,46.0,2024-12-23T22:20:42,94260.1,tp,5.3347,0.8,2024-12
2024-12-23T23:40:01,flip,SELL,94669.77,94850.79,94524.95,181.02,0.0,2024-12-24T00:09:20,94524.95,tp,2.8963,0.8,2024-12
2024-12-24T00:24:01,cont,SELL,94283.87,94569.83,94055.1,285.96,44.0,2024-12-24T00:57:17,94577.73,sl,-5.8772,-1.0276,2024-12
2024-12-24T01:37:01,cont,SELL,94087.15,94582.2,93691.11,495.05,117.0,2024-12-24T02:16:17,93691.11,tp,7.9208,0.8,2024-12
2024-12-24T03:48:01,flip,BUY,94274.51,94122.9,94395.8,151.61,0.0,2024-12-24T04:08:35,94119.35,sl,-3.1032,-1.0234,2024-12
2024-12-24T04:40:01,flip,SELL,94017.65,94291.47,93798.59,273.82,0.0,2024-12-24T04:56:28,94299.7,sl,-5.641,-1.0301,2024-12
2024-12-24T05:16:01,flip,BUY,94434.46,94196.29,94625.0,238.17,0.0,2024-12-24T06:18:32,94195.08,sl,-4.7876,-1.0051,2024-12
2024-12-24T06:52:01,cont,SELL,94065.65,94362.29,93828.34,296.64,36.0,2024-12-24T06:57:15,93828.34,tp,4.7462,0.8,2024-12
2024-12-24T07:05:01,cont,SELL,93725.84,93872.52,93608.5,146.68,49.0,2024-12-24T07:15:13,93874.23,sl,-2.9678,-1.0117,2024-12
2024-12-24T07:31:01,flip,BUY,94126.07,93985.96,94238.16,140.11,0.0,2024-12-24T07:45:40,93980.97,sl,-2.902,-1.0356,2024-12
2024-12-24T08:04:01,cont,BUY,94210.28,93964.6,94406.82,245.68,33.0,2024-12-24T08:05:20,94406.82,tp,3.9309,0.8,2024-12
2024-12-24T10:05:01,flip,SELL,93764.93,94131.04,93472.04,366.11,0.0,2024-12-24T11:19:15,94131.89,sl,-7.3392,-1.0023,2024-12
2024-12-24T11:27:01,cont,BUY,94221.2,94053.9,94355.04,167.3,8.0,2024-12-24T12:16:58,94052.86,sl,-3.3668,-1.0062,2024-12
2024-12-24T12:42:01,flip,SELL,93983.91,94262.21,93761.27,278.3,0.0,2024-12-24T13:05:13,94263.38,sl,-5.5894,-1.0042,2024-12
2024-12-24T13:22:01,flip,BUY,94549.71,94400.94,94668.73,148.77,0.0,2024-12-24T13:24:35,94668.73,tp,2.3803,0.8,2024-12
2024-12-24T13:25:01,cont,BUY,94661.33,94433.26,94843.79,228.07,3.0,2024-12-24T13:31:37,94843.79,tp,3.6491,0.8,2024-12
2024-12-24T13:32:01,cont,BUY,94873.96,94627.37,95071.23,246.59,10.0,2024-12-24T13:38:09,95071.23,tp,3.9454,0.8,2024-12
2024-12-24T13:49:01,cont,BUY,95263.65,95035.07,95446.51,228.58,27.0,2024-12-24T13:49:48,95446.51,tp,3.6573,0.8,2024-12
2024-12-24T14:08:01,cont,BUY,96268.94,95797.25,96646.29,471.69,46.0,2024-12-24T14:22:57,96646.29,tp,7.547,0.8,2024-12
2024-12-24T14:33:01,cont,BUY,96906.45,96492.0,97238.01,414.45,71.0,2024-12-24T14:52:26,97238.01,tp,6.6312,0.8,2024-12
2024-12-24T14:53:01,cont,BUY,97335.43,96826.62,97742.48,508.81,91.0,2024-12-24T15:12:54,97742.48,tp,8.141,0.8,2024-12
2024-12-24T19:38:01,flip,SELL,98105.11,98396.58,97871.93,291.47,0.0,2024-12-24T19:52:05,97871.93,tp,4.6635,0.8,2024-12
2024-12-24T20:06:01,cont,SELL,97482.31,97693.06,97313.71,210.75,28.0,2024-12-24T20:08:42,97313.71,tp,3.372,0.8,2024-12
2024-12-24T21:00:01,cont,SELL,97256.07,98039.52,96629.31,783.45,82.0,2024-12-24T21:16:41,98046.8,sl,-15.8146,-1.0093,2024-12
2024-12-24T21:44:01,flip,BUY,98255.62,98012.31,98450.27,243.31,0.0,2024-12-24T22:00:30,98450.27,tp,3.893,0.8,2024-12
2024-12-24T22:03:01,cont,BUY,98529.87,98333.99,98686.57,195.88,19.0,2024-12-24T22:11:15,98686.57,tp,3.1341,0.8,2024-12
2024-12-25T01:14:01,flip,SELL,98221.74,98534.29,97971.7,312.55,0.0,2024-12-25T01:36:44,97971.7,tp,5.0008,0.8,2024-12
2024-12-25T01:59:02,cont,SELL,97905.12,98129.34,97725.74,224.22,45.0,2024-12-25T02:10:44,97725.74,tp,3.5875,0.8,2024-12
2024-12-25T02:11:04,cont,SELL,97701.93,97937.2,97513.71,235.27,57.0,2024-12-25T02:16:00,97939.46,sl,-4.7506,-1.0096,2024-12
2024-12-25T02:38:01,flip,BUY,98141.08,97808.05,98407.5,333.03,0.0,2024-12-25T04:02:43,97804.08,sl,-6.74,-1.0119,2024-12
2024-12-25T04:03:01,flip,SELL,97818.68,98197.19,97515.87,378.51,0.0,2024-12-25T04:33:30,98197.48,sl,-7.576,-1.0008,2024-12
2024-12-25T06:19:01,flip,BUY,98429.32,98076.79,98711.34,352.53,0.0,2024-12-25T06:25:35,98075.8,sl,-7.0704,-1.0028,2024-12
2024-12-25T06:58:01,flip,SELL,97845.26,98050.93,97680.72,205.67,0.0,2024-12-25T07:09:49,98053.99,sl,-4.1746,-1.0149,2024-12
2024-12-25T10:10:01,flip,BUY,98397.38,97835.94,98846.53,561.44,0.0,2024-12-25T10:18:29,98846.53,tp,8.983,0.8,2024-12
2024-12-26T00:38:01,flip,SELL,99059.5,99268.93,98891.96,209.43,0.0,2024-12-26T00:45:45,99273.65,sl,-4.283,-1.0225,2024-12
2024-12-26T00:53:01,cont,SELL,98925.59,99299.39,98626.55,373.8,15.0,2024-12-26T01:14:55,98626.55,tp,5.9808,0.8,2024-12
2024-12-26T11:36:01,flip,BUY,95821.57,95619.26,95983.42,202.31,0.0,2024-12-26T11:43:58,95615.02,sl,-4.131,-1.021,2024-12
2024-12-26T12:02:01,flip,SELL,95493.93,95741.19,95296.12,247.26,0.0,2024-12-26T12:26:14,95744.21,sl,-5.0056,-1.0122,2024-12
2024-12-26T13:21:01,cont,SELL,95247.45,95767.17,94831.67,519.72,79.0,2024-12-26T14:06:53,95768.06,sl,-10.4122,-1.0017,2024-12
2024-12-26T14:07:01,cont,BUY,95774.19,95472.84,96015.27,301.35,11.0,2024-12-26T14:11:30,96015.27,tp,4.8216,0.8,2024-12
2024-12-26T14:54:01,flip,SELL,95138.57,95818.47,94594.65,679.9,0.0,2024-12-26T15:22:48,95836.77,sl,-13.964,-1.0269,2024-12
2024-12-26T16:10:01,flip,BUY,96131.63,95647.67,96518.8,483.96,0.0,2024-12-26T16:56:27,96518.8,tp,7.7434,0.8,2024-12
2024-12-26T18:13:01,flip,SELL,95510.25,96137.76,95008.24,627.51,0.0,2024-12-26T19:57:57,96142.56,sl,-12.6462,-1.0076,2024-12
2024-12-26T22:22:01,flip,BUY,95850.84,95560.79,96082.88,290.05,0.0,2024-12-26T22:42:27,95558.81,sl,-5.8406,-1.0068,2024-12
2024-12-26T23:05:01,flip,SELL,95400.99,95839.43,95050.24,438.44,0.0,2024-12-27T00:08:57,95841.59,sl,-8.812,-1.0049,2024-12
2024-12-27T02:08:01,flip,BUY,96197.17,95720.6,96578.43,476.57,0.0,2024-12-27T02:49:15,95717.74,sl,-9.5886,-1.006,2024-12
2024-12-27T04:01:01,cont,BUY,96367.06,95590.27,96988.49,776.79,113.0,2024-12-27T07:25:32,95585.27,sl,-15.6358,-1.0064,2024-12
2024-12-27T08:27:01,flip,BUY,96134.27,95855.82,96357.03,278.45,0.0,2024-12-27T08:47:21,95851.48,sl,-5.6558,-1.0156,2024-12
2024-12-27T09:06:01,cont,BUY,96889.46,95580.53,97936.6,1308.93,39.0,2024-12-27T14:39:11,95576.34,sl,-26.2624,-1.0032,2024-12
2024-12-27T14:46:01,flip,SELL,95223.73,95569.17,94947.38,345.44,0.0,2024-12-27T14:55:27,95576.27,sl,-7.0508,-1.0206,2024-12
2024-12-27T15:16:01,cont,SELL,95056.13,95599.75,94621.23,543.62,30.0,2024-12-27T15:19:12,94621.23,tp,8.6979,0.8,2024-12
2024-12-27T15:33:01,cont,SELL,94267.13,94750.41,93880.51,483.28,47.0,2024-12-27T16:32:47,94794.61,sl,-10.5496,-1.0915,2024-12
2024-12-27T18:05:01,flip,BUY,94294.22,94079.74,94465.8,214.48,0.0,2024-12-27T18:17:14,94465.8,tp,3.4317,0.8,2024-12
2024-12-27T18:35:01,cont,BUY,94589.95,94308.46,94815.14,281.49,30.0,2024-12-27T18:47:20,94306.17,sl,-5.6756,-1.0081,2024-12
2024-12-27T19:22:01,flip,SELL,94212.71,94606.33,93897.81,393.62,0.0,2024-12-27T19:55:59,94607.47,sl,-7.8952,-1.0029,2024-12
2024-12-27T21:14:02,flip,BUY,94686.54,94223.03,95057.35,463.51,0.0,2024-12-27T22:02:10,94220.42,sl,-9.3224,-1.0056,2024-12
2024-12-27T23:40:01,flip,SELL,94020.39,94556.95,93591.14,536.56,0.0,2024-12-28T03:42:04,94563.44,sl,-10.861,-1.0121,2024-12
2024-12-28T03:43:01,cont,BUY,94577.4,94154.99,94915.33,422.41,98.0,2024-12-28T14:16:10,94915.33,tp,6.7586,0.8,2024-12
2024-12-28T22:53:01,flip,BUY,95427.13,94935.78,95820.21,491.35,0.0,2024-12-29T00:47:38,94933.97,sl,-9.8632,-1.0037,2024-12
2024-12-29T01:23:02,flip,SELL,94828.02,94962.95,94720.08,134.93,0.0,2024-12-29T01:56:53,94720.08,tp,2.1589,0.8,2024-12
2024-12-29T03:56:01,flip,BUY,95107.48,94853.23,95310.88,254.25,0.0,2024-12-29T12:30:18,94845.97,sl,-5.2302,-1.0286,2024-12
2024-12-29T12:31:02,cont,SELL,94816.05,95044.58,94633.23,228.53,65.0,2024-12-29T14:02:29,95052.36,sl,-4.7262,-1.034,2024-12
2024-12-29T20:45:01,flip,BUY,93571.14,93258.76,93821.04,312.38,0.0,2024-12-29T21:02:55,93821.04,tp,4.9981,0.8,2024-12
2024-12-29T21:18:01,flip,SELL,93510.27,93654.47,93394.91,144.2,0.0,2024-12-29T21:20:13,93654.85,sl,-2.8916,-1.0026,2024-12
2024-12-29T21:47:01,cont,SELL,93436.18,93828.12,93122.63,391.94,29.0,2024-12-29T21:52:14,93122.63,tp,6.271,0.8,2024-12
2024-12-29T22:24:01,cont,SELL,92993.57,93390.38,92676.12,396.81,66.0,2024-12-29T22:31:16,93394.86,sl,-8.0258,-1.0113,2024-12
2024-12-29T22:42:01,flip,BUY,93561.46,93294.41,93775.1,267.05,0.0,2024-12-29T22:54:45,93289.0,sl,-5.4492,-1.0203,2024-12
2024-12-29T23:07:01,flip,SELL,92936.32,93185.63,92736.87,249.31,0.0,2024-12-29T23:21:05,93191.56,sl,-5.1048,-1.0238,2024-12
2024-12-30T01:35:01,flip,BUY,93837.08,93244.29,94311.31,592.79,0.0,2024-12-30T02:34:02,93242.43,sl,-11.893,-1.0031,2024-12
2024-12-30T13:36:01,flip,SELL,92987.41,94070.96,92120.57,1083.55,0.0,2024-12-30T14:35:30,92120.57,tp,17.3368,0.8,2024-12
2024-12-30T14:36:01,cont,SELL,91997.93,92965.62,91223.78,967.69,60.0,2024-12-30T17:37:33,92977.11,sl,-19.5836,-1.0119,2024-12
2024-12-30T18:14:01,flip,BUY,94514.77,93457.92,95360.25,1056.85,0.0,2024-12-30T21:37:33,93455.74,sl,-21.1806,-1.0021,2024-12
2024-12-30T21:40:01,flip,SELL,93098.32,93712.17,92607.24,613.85,0.0,2024-12-30T21:40:33,92607.24,tp,9.8216,0.8,2024-12
2024-12-31T12:28:01,flip,BUY,94671.03,93576.84,95546.38,1094.19,0.0,2024-12-31T13:28:15,95546.38,tp,17.507,0.8,2024-12
2024-12-31T15:08:01,flip,SELL,95061.65,95884.7,94403.21,823.05,0.0,2024-12-31T15:39:41,95885.92,sl,-16.4854,-1.0015,2024-12
2024-12-31T16:32:01,cont,SELL,94626.29,95916.02,93594.51,1289.73,84.0,2024-12-31T17:37:45,93594.51,tp,20.6357,0.8,2024-12
