entry_time_utc,kind,dir,entry,sl,tp,stop_dist,age_min,exit_time_utc,exit,why,pnl_002,R,month
2025-01-01T05:00:01,flip,SELL,93425.97,93974.17,92987.41,548.2,0.0,2025-01-01T09:24:13,92987.41,tp,8.7712,0.8,2025-01
2025-01-01T10:20:01,flip,BUY,93408.22,93234.55,93547.16,173.67,0.0,2025-01-01T10:35:30,93232.89,sl,-3.5066,-1.0096,2025-01
2025-01-01T11:03:01,flip,SELL,93111.64,93295.74,92964.36,184.1,0.0,2025-01-01T11:18:05,93298.26,sl,-3.7324,-1.0137,2025-01
2025-01-01T11:30:01,flip,BUY,93401.06,93241.29,93528.88,159.77,0.0,2025-01-01T11:45:41,93528.88,tp,2.5563,0.8,2025-01
2025-01-01T12:23:01,cont,BUY,93644.34,93261.35,93950.73,382.99,53.0,2025-01-01T14:00:30,93950.73,tp,6.1278,0.8,2025-01
2025-01-01T23:23:01,flip,SELL,94526.08,94822.41,94289.02,296.33,0.0,2025-01-02T00:18:05,94289.02,tp,4.7413,0.8,2025-01
2025-01-02T00:47:01,flip,BUY,95180.63,94569.09,95669.86,611.54,0.0,2025-01-02T04:41:03,95669.86,tp,9.7846,0.8,2025-01
2025-01-02T15:42:01,flip,SELL,96206.59,96698.59,95812.99,492.0,0.0,2025-01-02T16:15:49,96704.52,sl,-9.9586,-1.0121,2025-01
2025-01-02T16:35:01,flip,BUY,97472.95,97203.94,97688.16,269.01,0.0,2025-01-02T16:54:16,97193.91,sl,-5.5808,-1.0373,2025-01
2025-01-02T17:30:01,flip,SELL,96998.25,97522.34,96578.98,524.09,0.0,2025-01-02T17:36:08,96578.98,tp,8.3854,0.8,2025-01
2025-01-02T20:21:01,flip,BUY,97701.73,97080.45,98198.75,621.28,0.0,2025-01-02T21:08:36,97080.23,sl,-12.43,-1.0004,2025-01
2025-01-02T21:32:01,flip,SELL,96958.2,97087.06,96855.11,128.86,0.0,2025-01-02T21:36:07,97087.92,sl,-2.5944,-1.0067,2025-01
2025-01-02T22:06:01,cont,SELL,96946.92,97172.67,96766.32,225.75,34.0,2025-01-02T22:20:06,96766.32,tp,3.612,0.8,2025-01
2025-01-03T11:23:01,flip,BUY,96628.44,96338.93,96860.05,289.51,0.0,2025-01-03T14:19:20,96860.05,tp,4.6322,0.8,2025-01
2025-01-03T20:02:01,flip,SELL,98434.14,98566.72,98328.08,132.58,0.0,2025-01-03T20:11:51,98328.08,tp,2.1213,0.8,2025-01
2025-01-03T20:12:01,cont,SELL,98249.87,98450.45,98089.41,200.58,10.0,2025-01-03T20:14:29,98455.89,sl,-4.1204,-1.0271,2025-01
2025-01-03T21:02:01,cont,SELL,98233.82,98697.27,97863.06,463.45,60.0,2025-01-04T00:38:40,97863.06,tp,7.4152,0.8,2025-01
2025-01-04T02:38:01,flip,BUY,98078.4,97778.0,98318.72,300.4,0.0,2025-01-04T09:15:25,97777.14,sl,-6.0252,-1.0029,2025-01
2025-01-04T09:48:01,cont,SELL,97592.85,97886.33,97358.07,293.48,39.0,2025-01-04T11:52:31,97891.28,sl,-5.9686,-1.0169,2025-01
2025-01-04T13:54:01,flip,BUY,98019.52,97695.88,98278.43,323.64,0.0,2025-01-04T15:28:03,97691.04,sl,-6.5696,-1.015,2025-01
2025-01-04T21:31:01,flip,SELL,98432.2,98614.43,98286.42,182.23,0.0,2025-01-04T22:23:20,98286.42,tp,2.9157,0.8,2025-01
2025-01-04T23:08:01,cont,SELL,98210.9,98469.56,98003.97,258.66,97.0,2025-01-05T04:28:36,98470.81,sl,-5.1982,-1.0048,2025-01
2025-01-05T08:50:01,flip,SELL,97774.21,97904.29,97670.15,130.08,0.0,2025-01-05T09:13:37,97909.36,sl,-2.703,-1.039,2025-01
2025-01-05T09:51:01,cont,SELL,97742.89,97895.04,97621.17,152.15,61.0,2025-01-05T09:58:50,97621.17,tp,2.4344,0.8,2025-01
2025-01-05T16:08:01,flip,BUY,98264.78,97968.9,98501.48,295.88,0.0,2025-01-05T16:32:31,97968.66,sl,-5.9224,-1.0008,2025-01
2025-01-05T17:17:01,flip,SELL,97923.73,98116.72,97769.34,192.99,0.0,2025-01-05T17:46:54,97769.34,tp,3.0878,0.8,2025-01
2025-01-05T18:04:01,cont,SELL,97635.41,97762.64,97533.63,127.23,47.0,2025-01-05T18:09:09,97770.55,sl,-2.7028,-1.0622,2025-01
2025-01-05T18:56:01,flip,BUY,97935.16,97828.72,98020.31,106.44,0.0,2025-01-05T19:11:00,98020.31,tp,1.703,0.8,2025-01
2025-01-05T20:11:01,cont,BUY,98145.28,97961.32,98292.45,183.96,75.0,2025-01-05T20:17:56,98292.45,tp,2.9434,0.8,2025-01
2025-01-05T23:58:02,flip,SELL,98302.81,98489.46,98153.49,186.65,0.0,2025-01-06T00:00:11,98490.49,sl,-3.7536,-1.0055,2025-01
2025-01-06T00:26:01,flip,BUY,98713.41,98302.64,99042.03,410.77,0.0,2025-01-06T00:37:45,98302.23,sl,-8.2236,-1.001,2025-01
2025-01-06T01:09:01,flip,SELL,98148.31,98342.92,97992.62,194.61,0.0,2025-01-06T01:19:39,97992.62,tp,3.1138,0.8,2025-01
2025-01-06T02:02:01,flip,BUY,98913.34,98650.24,99123.82,263.1,0.0,2025-01-06T02:05:54,99123.82,tp,4.2096,0.8,2025-01
2025-01-06T06:08:01,flip,SELL,99545.43,99706.14,99416.86,160.71,0.0,2025-01-06T06:16:28,99416.86,tp,2.5714,0.8,2025-01
2025-01-06T07:05:02,cont,SELL,99297.52,99773.75,98916.54,476.23,57.0,2025-01-06T10:04:24,98916.54,tp,7.6197,0.8,2025-01
2025-01-06T11:23:01,flip,BUY,99076.45,98914.13,99206.31,162.32,0.0,2025-01-06T11:26:42,99206.31,tp,2.5971,0.8,2025-01
2025-01-06T11:37:01,cont,BUY,99369.47,99208.98,99497.86,160.49,14.0,2025-01-06T11:39:05,99199.53,sl,-3.3988,-1.0589,2025-01
2025-01-06T12:07:01,cont,BUY,99405.25,99149.96,99609.48,255.29,44.0,2025-01-06T12:24:22,99609.48,tp,4.0846,0.8,2025-01
2025-01-06T12:25:01,cont,BUY,99663.99,99372.34,99897.31,291.65,62.0,2025-01-06T12:49:20,99353.91,sl,-6.2016,-1.0632,2025-01
2025-01-06T13:02:01,flip,SELL,99127.94,99187.84,99080.02,59.9,0.0,2025-01-06T13:02:08,99188.24,sl,-1.206,-1.0067,2025-01
2025-01-06T13:14:01,cont,SELL,98987.53,99157.29,98851.72,169.76,12.0,2025-01-06T13:21:11,99157.45,sl,-3.3984,-1.0009,2025-01
2025-01-06T13:52:01,flip,BUY,99383.72,99101.4,99609.58,282.32,0.0,2025-01-06T14:15:40,99096.78,sl,-5.7388,-1.0164,2025-01
2025-01-06T14:46:01,cont,BUY,99778.6,98713.79,100630.45,1064.81,54.0,2025-01-06T14:49:40,100630.45,tp,17.037,0.8,2025-01
2025-01-06T15:14:01,cont,BUY,101261.49,100585.62,101802.19,675.87,82.0,2025-01-06T15:30:25,101802.19,tp,10.8139,0.8,2025-01
2025-01-06T15:45:01,cont,BUY,102009.53,101675.35,102276.87,334.18,113.0,2025-01-06T15:52:53,102276.87,tp,5.3469,0.8,2025-01
2025-01-06T17:32:01,flip,SELL,101770.19,102311.38,101337.24,541.19,0.0,2025-01-06T17:42:12,101337.24,tp,8.659,0.8,2025-01
2025-01-06T18:23:01,flip,BUY,102019.67,101862.27,102145.59,157.4,0.0,2025-01-06T18:32:12,101860.3,sl,-3.1874,-1.0125,2025-01
2025-01-06T20:13:02,cont,BUY,102159.42,101677.35,102545.08,482.07,110.0,2025-01-06T21:56:51,101676.72,sl,-9.654,-1.0013,2025-01
2025-01-07T10:12:01,flip,SELL,101460.92,102038.15,100999.14,577.23,0.0,2025-01-07T11:37:58,100999.14,tp,9.2357,0.8,2025-01
2025-01-07T19:03:01,flip,BUY,96948.1,96631.42,97201.44,316.68,0.0,2025-01-07T19:31:06,96629.13,sl,-6.3794,-1.0072,2025-01
2025-01-07T19:38:01,flip,SELL,96529.88,96797.59,96315.71,267.71,0.0,2025-01-07T19:40:52,96315.71,tp,4.2834,0.8,2025-01
2025-01-07T20:01:01,cont,SELL,96319.73,96794.4,95939.99,474.67,23.0,2025-01-07T21:06:45,96798.32,sl,-9.5718,-1.0083,2025-01
2025-01-07T21:07:01,flip,BUY,96783.75,96382.46,97104.78,401.29,0.0,2025-01-07T21:42:13,96381.26,sl,-8.0498,-1.003,2025-01
2025-01-07T22:39:01,cont,BUY,97102.16,96352.35,97702.01,749.81,92.0,2025-01-08T03:43:37,96349.52,sl,-15.0528,-1.0038,2025-01
2025-01-08T04:12:01,flip,BUY,96631.19,96393.82,96821.09,237.37,0.0,2025-01-08T04:15:43,96381.5,sl,-4.9938,-1.0519,2025-01
2025-01-08T04:26:01,flip,SELL,96238.64,96371.96,96131.98,133.32,0.0,2025-01-08T04:28:52,96376.54,sl,-2.758,-1.0344,2025-01
2025-01-08T04:48:01,cont,SELL,96108.73,96524.1,95776.43,415.37,22.0,2025-01-08T05:19:36,96524.35,sl,-8.3124,-1.0006,2025-01
2025-01-08T08:37:01,flip,BUY,96034.99,95708.61,96296.09,326.38,0.0,2025-01-08T09:37:31,95708.12,sl,-6.5374,-1.0015,2025-01
2025-01-08T09:57:01,flip,SELL,95571.16,95676.44,95486.94,105.28,0.0,2025-01-08T09:59:20,95486.94,tp,1.6845,0.8,2025-01
2025-01-08T10:25:01,flip,BUY,95723.12,95431.25,95956.62,291.87,0.0,2025-01-08T10:57:44,95956.62,tp,4.6699,0.8,2025-01
2025-01-08T17:15:01,flip,SELL,93803.23,94221.0,93469.01,417.77,0.0,2025-01-08T17:23:54,93469.01,tp,6.6843,0.8,2025-01
2025-01-08T18:11:01,flip,BUY,94549.11,94091.05,94915.56,458.06,0.0,2025-01-08T18:26:56,94915.56,tp,7.329,0.8,2025-01
2025-01-08T20:13:01,flip,SELL,93756.74,94834.7,92894.37,1077.96,0.0,2025-01-08T22:10:06,94844.51,sl,-21.7554,-1.0091,2025-01
2025-01-08T22:38:01,cont,BUY,95006.52,94567.12,95358.04,439.4,55.0,2025-01-09T01:24:34,95358.04,tp,7.0304,0.8,2025-01
2025-01-09T07:36:01,flip,SELL,93408.75,94835.47,92267.37,1426.72,0.0,2025-01-09T13:37:20,92267.37,tp,22.8275,0.8,2025-01
2025-01-09T14:05:01,cont,SELL,91749.6,92197.98,91390.9,448.38,32.0,2025-01-09T14:10:12,92201.24,sl,-9.0328,-1.0073,2025-01
2025-01-09T15:00:01,flip,BUY,92823.31,92017.2,93468.2,806.11,0.0,2025-01-09T15:27:32,93468.2,tp,12.8978,0.8,2025-01
2025-01-09T15:28:01,cont,BUY,93447.88,93178.66,93663.26,269.22,28.0,2025-01-09T15:31:46,93663.26,tp,4.3075,0.8,2025-01
2025-01-09T15:45:01,cont,BUY,93905.43,93552.6,94187.69,352.83,45.0,2025-01-09T15:49:04,94187.69,tp,5.6453,0.8,2025-01
2025-01-09T16:10:01,cont,BUY,94619.58,94193.41,94960.52,426.17,70.0,2025-01-09T16:17:32,94192.14,sl,-8.5488,-1.003,2025-01
2025-01-09T16:33:01,flip,SELL,93838.19,94073.22,93650.17,235.03,0.0,2025-01-09T16:34:05,94073.78,sl,-4.7118,-1.0024,2025-01
2025-01-09T17:19:01,cont,SELL,93754.06,94335.61,93288.82,581.55,46.0,2025-01-09T17:45:51,93288.82,tp,9.3048,0.8,2025-01
2025-01-09T22:37:01,flip,BUY,92494.71,91611.99,93200.89,882.72,0.0,2025-01-10T02:01:41,93200.89,tp,14.1235,0.8,2025-01
2025-01-10T04:28:01,flip,SELL,93551.31,93801.79,93350.93,250.48,0.0,2025-01-10T04:53:55,93803.5,sl,-5.0438,-1.0068,2025-01
2025-01-10T04:54:01,flip,BUY,93801.36,93653.54,93919.62,147.82,0.0,2025-01-10T05:25:23,93650.38,sl,-3.0196,-1.0214,2025-01
2025-01-10T05:26:01,flip,SELL,93680.54,93772.93,93606.63,92.39,0.0,2025-01-10T05:27:38,93773.33,sl,-1.8558,-1.0043,2025-01
2025-01-10T06:58:01,flip,BUY,94346.71,93733.71,94837.11,613.0,0.0,2025-01-10T07:42:31,94837.11,tp,9.808,0.8,2025-01
2025-01-10T13:31:01,flip,SELL,93293.92,95163.23,91798.47,1869.31,0.0,2025-01-10T17:56:25,95165.14,sl,-37.4244,-1.001,2025-01
2025-01-13T13:19:01,flip,BUY,91690.87,91236.38,92054.46,454.49,0.0,2025-01-13T13:30:37,91229.98,sl,-9.2178,-1.0141,2025-01
2025-01-13T13:44:01,flip,SELL,91109.14,91495.69,90799.9,386.55,0.0,2025-01-13T14:03:13,90799.9,tp,6.1848,0.8,2025-01
2025-01-13T14:04:01,cont,SELL,90739.0,91187.56,90380.15,448.56,20.0,2025-01-13T14:33:37,90380.15,tp,7.177,0.8,2025-01
2025-01-13T14:34:01,cont,SELL,90136.32,91060.9,89396.66,924.58,50.0,2025-01-13T14:35:53,89396.66,tp,14.7933,0.8,2025-01
2025-01-13T15:07:01,flip,BUY,92198.36,91559.3,92709.61,639.06,0.0,2025-01-13T15:18:53,92709.61,tp,10.225,0.8,2025-01
2025-01-13T15:19:01,cont,BUY,92782.0,92238.88,93216.5,543.12,12.0,2025-01-13T15:28:29,92237.53,sl,-10.8894,-1.0025,2025-01
2025-01-13T16:00:01,flip,SELL,92169.59,92704.85,91741.38,535.26,0.0,2025-01-13T16:11:30,91741.38,tp,8.5642,0.8,2025-01
2025-01-13T16:23:01,cont,SELL,91532.91,91915.31,91226.99,382.4,23.0,2025-01-13T16:34:34,91917.08,sl,-7.6834,-1.0046,2025-01
2025-01-13T16:56:01,cont,SELL,91425.9,92136.06,90857.77,710.16,56.0,2025-01-13T17:27:32,92138.1,sl,-14.244,-1.0029,2025-01
2025-01-13T18:09:01,flip,BUY,92353.41,91566.85,92982.66,786.56,0.0,2025-01-13T20:43:43,92982.66,tp,12.585,0.8,2025-01
2025-01-13T23:02:01,flip,SELL,94185.3,94465.36,93961.25,280.06,0.0,2025-01-13T23:10:31,94466.32,sl,-5.6204,-1.0034,2025-01
2025-01-13T23:56:01,flip,BUY,94520.21,94215.46,94764.01,304.75,0.0,2025-01-14T00:18:50,94764.01,tp,4.876,0.8,2025-01
2025-01-14T00:19:01,cont,BUY,94749.93,94365.24,95057.68,384.69,23.0,2025-01-14T00:44:27,94360.74,sl,-7.7838,-1.0117,2025-01
2025-01-14T01:11:01,cont,BUY,94975.39,94333.46,95488.93,641.93,75.0,2025-01-14T08:12:43,95488.93,tp,10.2709,0.8,2025-01
2025-01-14T08:18:01,cont,BUY,95711.59,95413.03,95950.44,298.56,98.0,2025-01-14T08:21:14,95412.87,sl,-5.9744,-1.0005,2025-01
2025-01-14T16:39:01,flip,SELL,95604.05,97247.23,94289.51,1643.18,0.0,2025-01-15T00:25:25,97274.77,sl,-33.4144,-1.0168,2025-01
2025-01-15T01:44:01,flip,BUY,97410.24,96770.97,97921.66,639.27,0.0,2025-01-15T02:34:20,96767.8,sl,-12.8488,-1.005,2025-01
2025-01-15T03:57:01,flip,BUY,97298.12,96760.94,97727.86,537.18,0.0,2025-01-15T05:15:47,96728.66,sl,-11.3892,-1.0601,2025-01
2025-01-15T11:17:01,flip,SELL,96637.3,97132.5,96241.14,495.2,0.0,2025-01-15T12:43:12,97138.11,sl,-10.0162,-1.0113,2025-01
2025-01-15T13:25:01,flip,BUY,97259.89,96834.72,97600.03,425.17,0.0,2025-01-15T13:30:02,97600.03,tp,6.8027,0.8,2025-01
2025-01-15T13:47:01,cont,BUY,98722.09,98344.2,99024.4,377.89,22.0,2025-01-15T13:48:39,99024.4,tp,6.0462,0.8,2025-01
2025-01-15T14:01:01,cont,BUY,99272.01,98758.7,99682.66,513.31,36.0,2025-01-15T14:16:44,98749.51,sl,-10.45,-1.0179,2025-01
2025-01-15T15:01:01,cont,BUY,99735.21,98648.98,100604.19,1086.23,96.0,2025-01-15T17:59:02,98642.48,sl,-21.8546,-1.006,2025-01
2025-01-15T19:36:01,flip,BUY,99622.21,99331.95,99854.42,290.26,0.0,2025-01-15T19:57:00,99854.42,tp,4.6442,0.8,2025-01
2025-01-15T20:09:01,cont,BUY,100155.8,99799.82,100440.58,355.98,33.0,2025-01-15T20:12:21,100440.58,tp,5.6957,0.8,2025-01
2025-01-15T20:48:01,flip,SELL,99663.72,99825.9,99533.98,162.18,0.0,2025-01-15T20:50:37,99533.98,tp,2.5949,0.8,2025-01
2025-01-15T20:59:01,cont,SELL,99512.63,99769.22,99307.36,256.59,11.0,2025-01-15T21:02:08,99769.4,sl,-5.1354,-1.0007,2025-01
2025-01-15T23:28:01,flip,BUY,99981.21,99594.18,100290.83,387.03,0.0,2025-01-15T23:40:39,100290.83,tp,6.1925,0.8,2025-01
2025-01-15T23:56:01,cont,BUY,100355.67,100141.17,100527.27,214.5,28.0,2025-01-15T23:57:54,100527.27,tp,3.432,0.8,2025-01
2025-01-16T00:37:01,flip,SELL,99827.98,100557.48,99244.38,729.5,0.0,2025-01-16T03:37:04,99244.38,tp,11.672,0.8,2025-01
2025-01-16T15:25:01,flip,BUY,98323.03,97676.59,98840.18,646.44,0.0,2025-01-16T15:56:45,98840.18,tp,10.343,0.8,2025-01
2025-01-16T16:32:01,cont,BUY,99780.26,99058.03,100358.04,722.23,67.0,2025-01-16T17:36:30,100358.04,tp,11.5557,0.8,2025-01
2025-01-16T19:59:01,flip,BUY,100457.39,99229.32,101439.85,1228.07,0.0,2025-01-17T01:40:16,101439.85,tp,19.6491,0.8,2025-01
2025-01-17T12:37:01,flip,SELL,102356.83,102521.99,102224.7,165.16,0.0,2025-01-17T12:40:06,102529.21,sl,-3.4476,-1.0437,2025-01
2025-01-17T14:37:01,flip,BUY,103146.01,102334.79,103794.99,811.22,0.0,2025-01-17T14:43:59,102331.33,sl,-16.2936,-1.0043,2025-01
2025-01-17T14:57:01,cont,BUY,103287.88,102318.01,104063.78,969.87,20.0,2025-01-17T15:09:34,104063.78,tp,15.5179,0.8,2025-01
2025-01-17T16:13:01,cont,BUY,104395.39,103529.89,105087.79,865.5,96.0,2025-01-17T17:25:54,105087.79,tp,13.848,0.8,2025-01
2025-01-17T17:51:01,flip,SELL,104205.11,104474.06,103989.95,268.95,0.0,2025-01-17T18:16:56,104474.29,sl,-5.3836,-1.0009,2025-01
2025-01-17T18:38:01,flip,BUY,104847.97,104539.06,105095.1,308.91,0.0,2025-01-17T19:13:08,105095.1,tp,4.9426,0.8,2025-01
2025-01-17T19:19:01,cont,BUY,105471.55,105069.26,105793.38,402.29,41.0,2025-01-17T19:25:16,105793.38,tp,6.4366,0.8,2025-01
2025-01-17T19:52:01,cont,BUY,105875.48,105165.36,106443.58,710.12,74.0,2025-01-17T20:31:02,105163.27,sl,-14.2442,-1.0029,2025-01
2025-01-17T20:52:01,flip,SELL,104854.16,105114.8,104645.65,260.64,0.0,2025-01-17T20:57:37,104645.65,tp,4.1702,0.8,2025-01
2025-01-17T21:52:02,cont,SELL,104547.4,105042.35,104151.44,494.95,60.0,2025-01-17T23:53:06,104151.44,tp,7.9192,0.8,2025-01
2025-01-18T04:57:01,flip,BUY,103539.07,103230.67,103785.79,308.4,0.0,2025-01-18T05:55:45,103228.74,sl,-6.2066,-1.0063,2025-01
2025-01-18T07:38:01,flip,SELL,102687.86,103593.8,101963.11,905.94,0.0,2025-01-18T11:43:38,103600.04,sl,-18.2436,-1.0069,2025-01
2025-01-18T12:22:01,cont,BUY,103944.62,103433.2,104353.76,511.42,44.0,2025-01-18T12:35:29,103429.79,sl,-10.2966,-1.0067,2025-01
2025-01-18T13:02:01,flip,SELL,103352.14,103542.65,103199.73,190.51,0.0,2025-01-18T13:08:14,103199.73,tp,3.0482,0.8,2025-01
2025-01-18T13:57:01,flip,BUY,104047.01,103756.56,104279.37,290.45,0.0,2025-01-18T13:58:50,104279.37,tp,4.6472,0.8,2025-01
2025-01-18T15:38:01,cont,BUY,104626.59,103687.05,105378.22,939.54,101.0,2025-01-18T16:38:25,103680.74,sl,-18.917,-1.0067,2025-01
2025-01-18T16:39:01,cont,SELL,103661.01,104149.62,103270.12,488.61,27.0,2025-01-18T16:50:38,103270.12,tp,7.8178,0.8,2025-01
2025-01-18T18:48:01,flip,BUY,104349.89,103736.35,104840.72,613.54,0.0,2025-01-18T20:49:00,103734.51,sl,-12.3076,-1.003,2025-01
2025-01-18T21:06:01,flip,BUY,104118.68,103958.45,104246.86,160.23,0.0,2025-01-18T21:25:41,103957.79,sl,-3.2178,-1.0041,2025-01
2025-01-18T21:57:01,flip,SELL,103817.89,104031.21,103647.23,213.32,0.0,2025-01-18T22:15:06,104034.03,sl,-4.3228,-1.0132,2025-01
2025-01-18T22:31:01,cont,BUY,104182.4,103997.11,104330.63,185.29,16.0,2025-01-18T23:02:08,104330.63,tp,2.9646,0.8,2025-01
2025-01-18T23:15:01,cont,BUY,104530.99,104367.48,104661.8,163.51,60.0,2025-01-18T23:16:12,104661.8,tp,2.6162,0.8,2025-01
2025-01-19T00:12:01,flip,SELL,104290.94,104489.69,104131.94,198.75,0.0,2025-01-19T00:25:08,104131.94,tp,3.18,0.8,2025-01
2025-01-19T00:26:01,cont,SELL,104121.46,104335.08,103950.56,213.62,14.0,2025-01-19T00:46:33,104337.91,sl,-4.329,-1.0132,2025-01
2025-01-19T00:58:01,cont,SELL,104056.32,104333.06,103834.93,276.74,46.0,2025-01-19T01:28:13,104334.8,sl,-5.5696,-1.0063,2025-01
2025-01-19T02:07:01,flip,BUY,104687.07,104405.42,104912.39,281.65,0.0,2025-01-19T02:24:34,104912.39,tp,4.5064,0.8,2025-01
2025-01-19T09:14:01,flip,SELL,103966.17,104349.88,103659.2,383.71,0.0,2025-01-19T09:16:48,103659.2,tp,6.1394,0.8,2025-01
2025-01-19T09:50:01,flip,BUY,104716.33,104280.83,105064.73,435.5,0.0,2025-01-19T09:53:10,105064.73,tp,6.968,0.8,2025-01
2025-01-19T21:59:01,flip,SELL,103611.5,104305.61,103056.21,694.11,0.0,2025-01-19T22:04:09,103056.21,tp,11.1058,0.8,2025-01
2025-01-19T22:11:01,cont,SELL,102810.27,103510.13,102250.38,699.86,12.0,2025-01-19T22:13:17,103513.66,sl,-14.0678,-1.005,2025-01
2025-01-19T22:48:01,cont,SELL,102502.58,104326.35,101043.56,1823.77,49.0,2025-01-19T22:49:00,101043.56,tp,29.1803,0.8,2025-01
2025-01-19T23:12:01,cont,SELL,101011.14,103298.81,99181.0,2287.67,73.0,2025-01-20T06:39:01,103299.75,sl,-45.7722,-1.0004,2025-01
2025-01-21T01:30:01,flip,SELL,100315.71,104510.86,96959.59,4195.15,0.0,2025-01-21T12:18:29,104512.1,sl,-83.9278,-1.0003,2025-01
2025-01-21T13:16:01,flip,BUY,104877.8,104098.14,105501.53,779.66,0.0,2025-01-21T14:35:11,104080.29,sl,-15.9502,-1.0229,2025-01
2025-01-21T14:58:01,flip,SELL,103033.64,104230.85,102075.87,1197.21,0.0,2025-01-21T16:06:23,104232.17,sl,-23.9706,-1.0011,2025-01
2025-01-21T16:22:01,flip,BUY,106305.49,105659.43,106822.34,646.06,0.0,2025-01-21T16:27:10,105649.91,sl,-13.1116,-1.0147,2025-01
2025-01-21T18:22:01,cont,BUY,106500.41,104826.42,107839.6,1673.99,120.0,2025-01-22T08:21:17,104825.81,sl,-33.492,-1.0004,2025-01
2025-01-22T08:38:01,flip,SELL,104692.42,104946.58,104489.09,254.16,0.0,2025-01-22T08:41:18,104952.1,sl,-5.1936,-1.0217,2025-01
2025-01-22T11:54:01,flip,BUY,105408.13,104615.3,106042.39,792.83,0.0,2025-01-22T13:38:00,104602.43,sl,-16.114,-1.0162,2025-01
2025-01-22T14:04:01,cont,SELL,103703.36,104140.54,103353.62,437.18,29.0,2025-01-22T14:16:16,104144.08,sl,-8.8144,-1.0081,2025-01
2025-01-22T14:32:01,flip,BUY,104778.05,104475.56,105020.04,302.49,0.0,2025-01-22T14:33:21,104468.1,sl,-6.199,-1.0247,2025-01
2025-01-22T14:37:01,flip,SELL,104194.69,104632.01,103844.83,437.32,0.0,2025-01-22T14:47:24,103844.83,tp,6.9971,0.8,2025-01
2025-01-22T15:09:01,flip,BUY,104716.81,104073.25,105231.66,643.56,0.0,2025-01-22T15:35:23,104068.17,sl,-12.9728,-1.0079,2025-01
2025-01-22T16:03:01,flip,SELL,103937.68,104635.84,103379.15,698.16,0.0,2025-01-22T16:42:14,103379.15,tp,11.1706,0.8,2025-01
2025-01-22T16:43:01,cont,SELL,103479.14,104064.62,103010.76,585.48,40.0,2025-01-22T17:03:33,104070.31,sl,-11.8234,-1.0097,2025-01
2025-01-22T17:19:01,flip,BUY,104279.85,103915.64,104571.22,364.21,0.0,2025-01-22T17:40:33,104571.22,tp,5.8274,0.8,2025-01
2025-01-22T18:13:01,cont,BUY,104703.32,104174.09,105126.7,529.23,54.0,2025-01-22T18:21:22,104169.6,sl,-10.6744,-1.0085,2025-01
2025-01-22T18:57:01,flip,SELL,103927.81,104565.98,103417.27,638.17,0.0,2025-01-22T19:17:50,104571.51,sl,-12.874,-1.0087,2025-01
2025-01-22T20:08:01,flip,BUY,104789.81,104280.96,105196.89,508.85,0.0,2025-01-22T20:37:50,104268.83,sl,-10.4196,-1.0238,2025-01
2025-01-22T20:53:01,flip,SELL,104096.01,104312.37,103922.92,216.36,0.0,2025-01-22T20:55:55,104317.65,sl,-4.4328,-1.0244,2025-01
2025-01-22T21:02:01,cont,SELL,104080.14,104498.96,103745.08,418.82,9.0,2025-01-22T21:21:29,103745.08,tp,6.7011,0.8,2025-01
2025-01-22T21:22:01,cont,SELL,103678.07,103932.66,103474.4,254.59,29.0,2025-01-22T21:30:37,103934.85,sl,-5.1356,-1.0086,2025-01
2025-01-22T22:33:01,flip,BUY,104199.76,103740.8,104566.93,458.96,0.0,2025-01-22T23:10:25,103738.54,sl,-9.2244,-1.0049,2025-01
2025-01-23T00:04:01,flip,SELL,103542.76,103686.96,103427.4,144.2,0.0,2025-01-23T00:04:20,103687.09,sl,-2.8866,-1.0009,2025-01
2025-01-23T00:19:01,cont,SELL,103464.26,103734.82,103247.81,270.56,15.0,2025-01-23T00:24:15,103247.81,tp,4.329,0.8,2025-01
2025-01-23T00:48:01,cont,SELL,103080.15,103513.16,102733.74,433.01,44.0,2025-01-23T01:30:25,103514.48,sl,-8.6866,-1.003,2025-01
2025-01-23T01:50:01,cont,SELL,102743.14,103567.85,102083.37,824.71,106.0,2025-01-23T02:18:41,102083.37,tp,13.1954,0.8,2025-01
2025-01-23T03:02:01,flip,BUY,102636.23,102330.2,102881.05,306.03,0.0,2025-01-23T03:26:47,102881.05,tp,4.8965,0.8,2025-01
2025-01-23T03:40:01,cont,BUY,102910.56,102688.66,103088.08,221.9,38.0,2025-01-23T03:48:31,102620.6,sl,-5.7992,-1.3067,2025-01
2025-01-23T04:13:01,flip,SELL,102054.57,102376.11,101797.34,321.54,0.0,2025-01-23T04:21:14,101797.34,tp,5.1446,0.8,2025-01
2025-01-23T04:31:01,cont,SELL,101638.32,101884.5,101441.38,246.18,18.0,2025-01-23T04:36:15,101898.46,sl,-5.2028,-1.0567,2025-01
2025-01-23T04:39:01,cont,SELL,101537.61,101881.91,101262.17,344.3,26.0,2025-01-23T04:46:19,101889.94,sl,-7.0466,-1.0233,2025-01
2025-01-23T04:56:01,flip,BUY,101943.03,101771.61,102080.17,171.42,0.0,2025-01-23T05:08:49,102080.17,tp,2.7427,0.8,2025-01
2025-01-23T05:09:01,cont,BUY,102089.42,101806.99,102315.36,282.43,13.0,2025-01-23T05:40:24,102315.36,tp,4.5189,0.8,2025-01
2025-01-23T06:02:01,cont,BUY,102558.36,102277.07,102783.39,281.29,66.0,2025-01-23T06:11:28,102783.39,tp,4.5006,0.8,2025-01
2025-01-23T09:35:01,flip,SELL,101811.66,102686.1,101112.11,874.44,0.0,2025-01-23T14:31:11,102721.01,sl,-18.187,-1.0399,2025-01
2025-01-23T14:32:01,cont,BUY,103317.64,101891.08,104458.89,1426.56,35.0,2025-01-23T14:37:14,104458.89,tp,22.825,0.8,2025-01
2025-01-23T14:46:01,cont,BUY,105274.64,104417.63,105960.25,857.01,49.0,2025-01-23T14:50:01,105960.25,tp,13.7122,0.8,2025-01
2025-01-23T21:18:01,flip,SELL,102454.92,103214.06,101847.61,759.14,0.0,2025-01-23T21:24:18,103215.94,sl,-15.2204,-1.0025,2025-01
2025-01-23T22:05:01,flip,BUY,103319.73,102419.18,104040.17,900.55,0.0,2025-01-23T22:21:02,104040.17,tp,14.4088,0.8,2025-01
2025-01-23T22:31:01,cont,BUY,104336.22,103881.16,104700.27,455.06,26.0,2025-01-23T22:32:11,104700.27,tp,7.281,0.8,2025-01
2025-01-24T00:20:01,flip,SELL,103553.79,104557.02,102751.21,1003.23,0.0,2025-01-24T03:24:50,102751.21,tp,16.0517,0.8,2025-01
2025-01-24T03:25:01,flip,SELL,102735.15,103443.86,102168.18,708.71,0.0,2025-01-24T03:27:44,103453.17,sl,-14.3604,-1.0131,2025-01
2025-01-24T03:35:01,flip,BUY,103889.45,103406.23,104276.03,483.22,0.0,2025-01-24T03:36:42,104276.03,tp,7.7315,0.8,2025-01
2025-01-24T05:32:01,cont,BUY,104967.65,104367.23,105447.99,600.42,117.0,2025-01-24T08:28:57,105447.99,tp,9.6067,0.8,2025-01
2025-01-24T09:21:01,cont,BUY,105723.61,105258.68,106095.55,464.93,80.0,2025-01-24T09:40:49,105257.31,sl,-9.326,-1.0029,2025-01
2025-01-24T10:22:01,flip,SELL,105053.76,105327.96,104834.4,274.2,0.0,2025-01-24T10:33:13,105329.5,sl,-5.5148,-1.0056,2025-01
2025-01-24T10:42:02,flip,BUY,105410.98,105184.54,105592.13,226.44,0.0,2025-01-24T10:46:36,105183.42,sl,-4.5512,-1.0049,2025-01
2025-01-24T11:01:01,cont,BUY,105458.52,105086.56,105756.09,371.96,19.0,2025-01-24T13:04:44,105756.09,tp,5.9514,0.8,2025-01
2025-01-24T14:33:01,flip,SELL,104789.61,105306.06,104376.45,516.45,0.0,2025-01-24T14:37:24,105306.49,sl,-10.3376,-1.0008,2025-01
2025-01-24T17:23:01,flip,BUY,106337.26,105306.61,107161.78,1030.65,0.0,2025-01-24T18:28:07,107161.78,tp,16.4904,0.8,2025-01
2025-01-24T19:11:01,flip,SELL,106005.62,106507.06,105604.47,501.44,0.0,2025-01-24T20:16:02,105604.47,tp,8.023,0.8,2025-01
2025-01-24T20:17:01,cont,SELL,105484.7,105785.85,105243.78,301.15,66.0,2025-01-24T20:25:31,105243.78,tp,4.8184,0.8,2025-01
2025-01-24T20:26:02,cont,SELL,105213.83,105557.13,104939.19,343.3,75.0,2025-01-24T20:40:36,104939.19,tp,5.4928,0.8,2025-01
2025-01-24T20:41:01,cont,SELL,104881.43,105052.77,104744.36,171.34,90.0,2025-01-24T20:43:31,105059.41,sl,-3.5596,-1.0388,2025-01
2025-01-24T20:47:01,cont,SELL,104849.4,105121.2,104631.96,271.8,96.0,2025-01-24T20:52:31,105123.0,sl,-5.472,-1.0066,2025-01
2025-01-25T03:47:01,flip,BUY,105082.77,104732.3,105363.15,350.47,0.0,2025-01-25T04:32:08,104723.13,sl,-7.1928,-1.0262,2025-01
2025-01-25T04:52:01,flip,SELL,104691.22,104802.91,104601.87,111.69,0.0,2025-01-25T04:56:08,104601.87,tp,1.787,0.8,2025-01
2025-01-25T05:56:01,cont,SELL,104235.15,104600.4,103942.95,365.25,64.0,2025-01-25T10:48:36,104607.46,sl,-7.4462,-1.0193,2025-01
2025-01-25T11:55:01,flip,BUY,104653.37,104325.74,104915.47,327.63,0.0,2025-01-25T15:14:10,104915.47,tp,5.2421,0.8,2025-01
2025-01-25T18:31:01,flip,BUY,105219.2,104417.46,105860.59,801.74,0.0,2025-01-26T09:34:09,104406.55,sl,-16.253,-1.0136,2025-01
2025-01-26T22:12:01,flip,SELL,104347.09,105226.62,103643.47,879.53,0.0,2025-01-26T23:06:41,103643.47,tp,14.0725,0.8,2025-01
2025-01-26T23:16:01,cont,SELL,103051.31,103669.72,102556.58,618.41,64.0,2025-01-26T23:53:20,102556.58,tp,9.8946,0.8,2025-01
2025-01-26T23:54:01,cont,SELL,102515.24,103211.15,101958.51,695.91,102.0,2025-01-27T00:06:55,103217.12,sl,-14.0376,-1.0086,2025-01
2025-01-27T07:48:01,flip,BUY,99141.65,98835.35,99386.69,306.3,0.0,2025-01-27T08:00:30,98831.29,sl,-6.2072,-1.0133,2025-01
2025-01-27T09:16:01,cont,BUY,99425.13,98619.22,100069.86,805.91,88.0,2025-01-27T10:36:05,98618.58,sl,-16.131,-1.0008,2025-01
2025-01-27T10:52:01,flip,SELL,98472.86,98993.85,98056.07,520.99,0.0,2025-01-27T11:18:11,99001.25,sl,-10.5678,-1.0142,2025-01
2025-01-27T11:34:01,flip,BUY,99138.22,98907.68,99322.65,230.54,0.0,2025-01-27T11:39:45,98899.26,sl,-4.7792,-1.0365,2025-01
2025-01-27T11:57:01,flip,SELL,98779.6,98963.83,98632.22,184.23,0.0,2025-01-27T12:06:20,98965.62,sl,-3.7204,-1.0097,2025-01
2025-01-27T12:36:01,flip,BUY,99207.61,98878.07,99471.24,329.54,0.0,2025-01-27T12:41:55,99471.24,tp,5.2726,0.8,2025-01
2025-01-27T18:50:01,flip,SELL,98956.6,99880.78,98217.26,924.18,0.0,2025-01-27T19:32:19,99884.15,sl,-18.551,-1.0036,2025-01
2025-01-27T20:31:01,flip,BUY,100394.21,100148.42,100590.84,245.79,0.0,2025-01-27T20:31:29,100590.84,tp,3.9326,0.8,2025-01
2025-01-27T20:51:01,cont,BUY,101248.08,101015.96,101433.78,232.12,20.0,2025-01-27T20:52:33,101433.78,tp,3.7139,0.8,2025-01
2025-01-27T21:03:01,cont,BUY,101793.74,101404.55,102105.09,389.19,32.0,2025-01-27T21:08:50,102105.09,tp,6.227,0.8,2025-01
2025-01-27T21:17:01,cont,BUY,102427.71,102153.86,102646.79,273.85,46.0,2025-01-27T21:21:55,102153.75,sl,-5.4792,-1.0004,2025-01
2025-01-27T21:35:01,flip,SELL,101532.06,101705.73,101393.12,173.67,0.0,2025-01-27T21:35:46,101707.06,sl,-3.5,-1.0077,2025-01
2025-01-27T22:44:01,flip,BUY,101738.25,101297.9,102090.53,440.35,0.0,2025-01-27T23:09:44,102090.53,tp,7.0456,0.8,2025-01
2025-01-27T23:58:01,cont,BUY,102244.04,101758.72,102632.3,485.32,74.0,2025-01-28T00:04:20,102632.3,tp,7.7651,0.8,2025-01
2025-01-28T00:52:01,flip,SELL,102089.92,102442.58,101807.79,352.66,0.0,2025-01-28T01:07:53,101807.79,tp,5.6426,0.8,2025-01
2025-01-28T01:23:01,cont,SELL,101749.71,102075.34,101489.21,325.63,31.0,2025-01-28T01:59:19,101489.21,tp,5.2101,0.8,2025-01
2025-01-28T02:00:01,cont,SELL,101405.81,101912.06,101000.81,506.25,68.0,2025-01-28T02:20:19,101912.91,sl,-10.142,-1.0017,2025-01
2025-01-28T02:26:01,cont,BUY,102076.22,101758.79,102330.16,317.43,8.0,2025-01-28T02:41:19,102330.16,tp,5.0789,0.8,2025-01
2025-01-28T03:33:01,cont,BUY,102568.62,102114.51,102931.91,454.11,75.0,2025-01-28T03:54:21,102931.91,tp,7.2658,0.8,2025-01
2025-01-28T04:09:01,cont,BUY,102935.48,102641.28,103170.84,294.2,111.0,2025-01-28T04:30:41,103170.84,tp,4.7072,0.8,2025-01
2025-01-28T07:03:01,flip,SELL,102635.81,102934.5,102396.86,298.69,0.0,2025-01-28T07:07:07,102936.62,sl,-6.0162,-1.0071,2025-01
2025-01-28T15:32:01,flip,BUY,103731.27,102738.01,104525.88,993.26,0.0,2025-01-28T15:46:07,102735.22,sl,-19.921,-1.0028,2025-01
2025-01-28T16:07:01,flip,SELL,102475.11,102943.93,102100.05,468.82,0.0,2025-01-28T16:25:44,102100.05,tp,7.5011,0.8,2025-01
2025-01-28T16:26:01,cont,SELL,102021.74,102473.44,101660.38,451.7,19.0,2025-01-28T16:45:33,102474.76,sl,-9.0604,-1.0029,2025-01
2025-01-28T17:06:01,flip,BUY,102708.4,101970.53,103298.7,737.87,0.0,2025-01-28T19:08:16,101970.44,sl,-14.7592,-1.0001,2025-01
2025-01-28T20:48:01,flip,SELL,101772.54,102698.56,101031.72,926.02,0.0,2025-01-28T21:35:51,101031.72,tp,14.8163,0.8,2025-01
2025-01-29T00:39:01,flip,BUY,101647.98,101380.29,101862.13,267.69,0.0,2025-01-29T01:03:27,101862.13,tp,4.283,0.8,2025-01
2025-01-29T01:04:01,cont,BUY,101909.5,101641.58,102123.84,267.92,25.0,2025-01-29T01:25:36,101639.28,sl,-5.4044,-1.0086,2025-01
2025-01-29T01:34:01,flip,SELL,101573.23,101690.79,101479.18,117.56,0.0,2025-01-29T01:36:01,101479.18,tp,1.881,0.8,2025-01
2025-01-29T02:01:01,flip,BUY,101925.46,101767.15,102052.11,158.31,0.0,2025-01-29T02:05:08,102052.11,tp,2.533,0.8,2025-01
2025-01-29T09:58:01,flip,SELL,102327.56,102539.85,102157.73,212.29,0.0,2025-01-29T10:18:50,102540.43,sl,-4.2574,-1.0027,2025-01
2025-01-29T10:37:01,flip,BUY,102711.51,102525.95,102859.96,185.56,0.0,2025-01-29T10:41:54,102524.77,sl,-3.7348,-1.0064,2025-01
2025-01-29T11:01:01,flip,SELL,102436.34,102555.67,102340.88,119.33,0.0,2025-01-29T11:16:59,102556.91,sl,-2.4114,-1.0104,2025-01
2025-01-29T11:44:01,flip,BUY,102750.28,102515.99,102937.71,234.29,0.0,2025-01-29T11:56:48,102513.73,sl,-4.731,-1.0096,2025-01
2025-01-29T12:37:01,flip,SELL,102311.99,102478.36,102178.89,166.37,0.0,2025-01-29T13:00:51,102178.89,tp,2.6619,0.8,2025-01
2025-01-29T13:01:01,cont,SELL,102182.51,102416.48,101995.33,233.97,24.0,2025-01-29T13:05:53,101995.33,tp,3.7435,0.8,2025-01
2025-01-29T13:20:01,cont,SELL,101841.61,102167.7,101580.74,326.09,43.0,2025-01-29T14:25:27,102169.73,sl,-6.5624,-1.0062,2025-01
2025-01-29T17:35:01,flip,BUY,102697.83,101648.09,103537.62,1049.74,0.0,2025-01-29T19:17:39,101640.95,sl,-21.1376,-1.0068,2025-01
2025-01-29T19:18:01,flip,SELL,101609.84,102163.23,101167.13,553.39,0.0,2025-01-29T19:32:22,102165.51,sl,-11.1134,-1.0041,2025-01
2025-01-29T19:39:01,flip,BUY,102437.23,101747.08,102989.35,690.15,0.0,2025-01-29T19:40:08,102989.35,tp,11.0424,0.8,2025-01
2025-01-30T07:37:01,flip,SELL,104854.39,105118.98,104642.72,264.59,0.0,2025-01-30T07:56:58,105119.04,sl,-5.293,-1.0002,2025-01
2025-01-30T09:35:01,flip,BUY,105465.58,104960.04,105870.01,505.54,0.0,2025-01-30T12:41:04,104956.06,sl,-10.1904,-1.0079,2025-01
2025-01-30T14:04:01,cont,SELL,104856.57,105399.21,104422.46,542.64,111.0,2025-01-30T14:48:02,105401.52,sl,-10.899,-1.0043,2025-01
2025-01-31T04:24:01,flip,BUY,104364.41,104147.99,104537.55,216.42,0.0,2025-01-31T04:47:11,104144.4,sl,-4.4002,-1.0166,2025-01
2025-01-31T08:29:01,flip,SELL,104000.36,104307.44,103754.7,307.08,0.0,2025-01-31T09:32:14,104311.2,sl,-6.2168,-1.0122,2025-01
2025-01-31T10:49:01,flip,BUY,104304.91,104050.74,104508.25,254.17,0.0,2025-01-31T11:10:15,104508.25,tp,4.0667,0.8,2025-01
2025-01-31T11:29:01,cont,BUY,104816.73,104569.47,105014.54,247.26,40.0,2025-01-31T11:50:42,104568.68,sl,-4.961,-1.0032,2025-01
2025-01-31T12:22:01,cont,BUY,104857.6,104535.93,105114.94,321.67,93.0,2025-01-31T14:27:02,104534.34,sl,-6.4652,-1.0049,2025-01
2025-01-31T14:34:01,flip,SELL,104460.8,104871.21,104132.47,410.41,0.0,2025-01-31T14:50:37,104132.47,tp,6.5666,0.8,2025-01
2025-01-31T14:51:01,cont,SELL,104147.92,104574.76,103806.45,426.84,17.0,2025-01-31T15:00:37,104582.85,sl,-8.6986,-1.019,2025-01
2025-01-31T15:24:01,flip,BUY,105041.78,104555.13,105431.1,486.65,0.0,2025-01-31T15:31:20,105431.1,tp,7.7864,0.8,2025-01
2025-01-31T18:20:01,flip,SELL,104412.37,104817.43,104088.32,405.06,0.0,2025-01-31T18:26:21,104088.32,tp,6.481,0.8,2025-01
2025-01-31T18:27:01,cont,SELL,104085.62,104364.81,103862.27,279.19,7.0,2025-01-31T18:31:54,103862.27,tp,4.467,0.8,2025-01
2025-01-31T18:45:01,cont,SELL,103071.75,103607.99,102642.76,536.24,25.0,2025-01-31T18:53:18,102642.76,tp,8.5798,0.8,2025-01
2025-01-31T19:00:01,cont,SELL,102644.37,102860.55,102471.43,216.18,40.0,2025-01-31T19:01:49,102861.08,sl,-4.3342,-1.0025,2025-01
2025-01-31T19:09:01,cont,SELL,102511.03,102873.55,102221.01,362.52,49.0,2025-01-31T19:15:32,102874.74,sl,-7.2742,-1.0033,2025-01
2025-01-31T19:21:01,cont,SELL,102330.33,102852.35,101912.71,522.02,61.0,2025-01-31T20:22:07,101912.71,tp,8.3523,0.8,2025-01
2025-01-31T21:48:01,flip,BUY,102004.84,101750.88,102208.01,253.96,0.0,2025-01-31T22:02:20,102208.01,tp,4.0634,0.8,2025-01
2025-01-31T22:22:01,cont,BUY,102160.88,101877.34,102387.71,283.54,34.0,2025-01-31T22:35:12,102387.71,tp,4.5366,0.8,2025-01
2025-01-31T22:44:01,cont,BUY,102484.57,102328.27,102609.61,156.3,56.0,2025-01-31T22:47:45,102324.1,sl,-3.2094,-1.0267,2025-01
2025-01-31T23:05:01,flip,SELL,102027.59,102274.62,101829.97,247.03,0.0,2025-01-31T23:27:02,102275.24,sl,-4.953,-1.0025,2025-01
2025-02-01T00:07:02,flip,BUY,102443.06,102276.38,102576.4,166.68,0.0,2025-02-01T00:14:31,102576.4,tp,2.6669,0.8,2025-02
2025-02-01T00:26:01,flip,SELL,102330.82,102438.65,102244.56,107.83,0.0,2025-02-01T00:30:31,102244.56,tp,1.7253,0.8,2025-02
2025-02-01T01:02:01,flip,BUY,102564.53,102337.18,102746.41,227.35,0.0,2025-02-01T01:33:58,102746.41,tp,3.6376,0.8,2025-02
2025-02-01T01:34:01,cont,BUY,102767.51,102622.34,102883.65,145.17,32.0,2025-02-01T01:47:57,102621.69,sl,-2.9164,-1.0045,2025-02
2025-02-01T02:01:02,flip,SELL,102449.02,102667.67,102274.1,218.65,0.0,2025-02-01T02:07:25,102667.96,sl,-4.3788,-1.0013,2025-02
2025-02-01T02:59:01,cont,SELL,102421.27,102808.4,102111.57,387.13,58.0,2025-02-01T08:17:08,102111.57,tp,6.1941,0.8,2025-02
2025-02-01T08:53:01,cont,SELL,101863.13,102035.93,101724.89,172.8,37.0,2025-02-01T08:57:43,102037.33,sl,-3.484,-1.0081,2025-02
2025-02-01T09:29:01,cont,SELL,101788.4,102040.9,101586.4,252.5,73.0,2025-02-01T09:48:03,101586.4,tp,4.04,0.8,2025-02
2025-02-01T10:25:01,flip,BUY,101918.11,101672.91,102114.27,245.2,0.0,2025-02-01T10:51:05,101671.87,sl,-4.9248,-1.0042,2025-02
2025-02-01T11:20:01,cont,BUY,102012.56,101604.72,102338.83,407.84,55.0,2025-02-01T12:52:13,102338.83,tp,6.5254,0.8,2025-02
2025-02-01T13:02:01,flip,SELL,102208.68,102293.03,102141.2,84.35,0.0,2025-02-01T13:07:45,102294.17,sl,-1.7098,-1.0135,2025-02
2025-02-01T13:46:01,cont,SELL,102072.87,102287.86,101900.88,214.99,44.0,2025-02-01T13:56:36,101900.88,tp,3.4398,0.8,2025-02
2025-02-01T17:21:01,flip,BUY,102268.76,101875.97,102582.99,392.79,0.0,2025-02-01T19:04:06,101874.59,sl,-7.8834,-1.0035,2025-02
2025-02-01T19:19:01,cont,SELL,101848.15,102010.95,101717.91,162.8,44.0,2025-02-01T19:37:03,101717.91,tp,2.6048,0.8,2025-02
2025-02-01T19:38:01,cont,SELL,101619.13,101850.33,101434.17,231.2,63.0,2025-02-01T19:47:31,101434.17,tp,3.6992,0.8,2025-02
2025-02-01T20:07:01,cont,SELL,101365.84,101664.31,101127.06,298.47,92.0,2025-02-01T20:32:33,101127.06,tp,4.7755,0.8,2025-02
2025-02-01T20:33:01,cont,SELL,101082.26,101485.21,100759.9,402.95,118.0,2025-02-01T20:57:20,101487.88,sl,-8.1124,-1.0066,2025-02
2025-02-01T21:04:01,flip,BUY,101465.12,101120.35,101740.94,344.77,0.0,2025-02-01T21:50:05,101119.55,sl,-6.9114,-1.0023,2025-02
2025-02-01T21:55:01,cont,SELL,101112.66,101270.99,100986.0,158.33,5.0,2025-02-01T21:57:01,101273.26,sl,-3.212,-1.0143,2025-02
2025-02-01T22:05:01,flip,BUY,101413.4,101178.87,101601.02,234.53,0.0,2025-02-01T22:12:34,101176.41,sl,-4.7398,-1.0105,2025-02
2025-02-01T22:31:01,flip,SELL,100516.75,100847.17,100252.41,330.42,0.0,2025-02-01T22:43:51,100848.41,sl,-6.6332,-1.0038,2025-02
2025-02-01T22:55:01,cont,SELL,100451.5,100927.58,100070.64,476.08,24.0,2025-02-02T00:21:46,100940.42,sl,-9.7784,-1.027,2025-02
2025-02-02T00:22:01,cont,BUY,100941.19,100813.79,101043.11,127.4,45.0,2025-02-02T00:24:03,100803.94,sl,-2.745,-1.0773,2025-02
2025-02-02T00:28:01,cont,BUY,101028.04,100741.43,101257.33,286.61,51.0,2025-02-02T00:46:00,101257.33,tp,4.5858,0.8,2025-02
2025-02-02T00:46:01,cont,BUY,101278.75,101051.02,101460.93,227.73,69.0,2025-02-02T02:08:04,101046.22,sl,-4.6506,-1.0211,2025-02
2025-02-02T02:09:01,cont,SELL,100988.66,101174.23,100840.2,185.57,28.0,2025-02-02T02:18:21,100840.2,tp,2.9691,0.8,2025-02
2025-02-02T02:37:01,cont,SELL,100619.28,101047.79,100276.47,428.51,56.0,2025-02-02T03:01:40,100276.47,tp,6.8562,0.8,2025-02
2025-02-02T03:09:01,cont,SELL,100170.61,100630.86,99802.41,460.25,88.0,2025-02-02T03:13:27,99802.41,tp,7.364,0.8,2025-02
2025-02-02T03:23:01,cont,SELL,99542.78,99996.95,99179.44,454.17,102.0,2025-02-02T03:56:57,99179.44,tp,7.2667,0.8,2025-02
2025-02-02T04:47:01,flip,BUY,99733.43,99509.5,99912.57,223.93,0.0,2025-02-02T04:56:04,99506.12,sl,-4.5462,-1.0151,2025-02
2025-02-02T05:21:01,cont,BUY,99830.67,99402.97,100172.83,427.7,34.0,2025-02-02T05:38:46,100172.83,tp,6.8432,0.8,2025-02
2025-02-02T05:52:01,cont,BUY,100294.87,100042.82,100496.51,252.05,65.0,2025-02-02T07:06:00,100040.19,sl,-5.0936,-1.0104,2025-02
2025-02-02T07:19:01,flip,SELL,99988.99,100233.52,99793.37,244.53,0.0,2025-02-02T07:27:19,99793.37,tp,3.9125,0.8,2025-02
2025-02-02T07:48:01,cont,SELL,99541.68,99747.76,99376.82,206.08,29.0,2025-02-02T08:02:12,99748.67,sl,-4.1398,-1.0044,2025-02
2025-02-02T08:12:01,cont,SELL,99456.42,99767.86,99207.27,311.44,53.0,2025-02-02T08:30:47,99769.44,sl,-6.2604,-1.0051,2025-02
2025-02-02T08:37:01,flip,BUY,99944.23,99774.87,100079.72,169.36,0.0,2025-02-02T08:52:20,99773.53,sl,-3.414,-1.0079,2025-02
2025-02-02T08:53:01,flip,SELL,99750.21,99908.34,99623.71,158.13,0.0,2025-02-02T08:55:18,99623.71,tp,2.5301,0.8,2025-02
2025-02-02T09:05:01,cont,SELL,99520.29,99765.58,99324.06,245.29,12.0,2025-02-02T09:19:24,99324.06,tp,3.9246,0.8,2025-02
2025-02-02T10:15:01,cont,SELL,99191.51,99769.61,98729.03,578.1,82.0,2025-02-02T11:44:53,98729.03,tp,9.2496,0.8,2025-02
2025-02-02T14:04:01,flip,BUY,98816.41,98416.64,99136.23,399.77,0.0,2025-02-02T14:11:33,99136.23,tp,6.3963,0.8,2025-02
2025-02-02T14:29:01,cont,BUY,99313.64,99068.15,99510.03,245.49,25.0,2025-02-02T15:00:13,99066.08,sl,-4.9512,-1.0084,2025-02
2025-02-02T15:28:01,flip,SELL,98793.78,99184.61,98481.12,390.83,0.0,2025-02-02T15:36:36,99186.44,sl,-7.8532,-1.0047,2025-02
2025-02-02T15:54:01,flip,BUY,99323.11,98988.05,99591.16,335.06,0.0,2025-02-02T16:11:32,98978.92,sl,-6.8838,-1.0272,2025-02
2025-02-02T16:28:01,flip,SELL,98808.97,99157.58,98530.08,348.61,0.0,2025-02-02T16:36:32,98530.08,tp,5.5778,0.8,2025-02
2025-02-02T16:46:01,cont,SELL,98442.0,98780.53,98171.18,338.53,18.0,2025-02-02T16:55:06,98171.18,tp,5.4165,0.8,2025-02
2025-02-02T17:18:01,cont,SELL,97960.26,98482.97,97542.09,522.71,50.0,2025-02-02T17:26:35,97542.09,tp,8.3634,0.8,2025-02
2025-02-02T17:50:01,cont,SELL,97322.13,97808.5,96933.03,486.37,82.0,2025-02-02T17:57:50,96933.03,tp,7.7819,0.8,2025-02
2025-02-02T22:59:01,flip,BUY,97886.69,96978.14,98613.53,908.55,0.0,2025-02-02T23:24:29,96977.92,sl,-18.1754,-1.0002,2025-02
2025-02-03T00:20:01,flip,SELL,96430.49,97698.2,95416.32,1267.71,0.0,2025-02-03T00:44:53,95416.32,tp,20.2834,0.8,2025-02
2025-02-03T01:23:01,cont,SELL,95124.88,96760.92,93816.05,1636.04,63.0,2025-02-03T01:44:04,93816.05,tp,26.1766,0.8,2025-02
2025-02-03T02:08:01,cont,SELL,91132.0,93771.52,89020.38,2639.52,108.0,2025-02-03T02:12:12,93781.46,sl,-52.9892,-1.0038,2025-02
2025-02-03T07:47:01,flip,BUY,94882.89,92632.53,96683.18,2250.36,0.0,2025-02-03T14:58:45,96683.18,tp,36.0058,0.8,2025-02
2025-02-03T14:59:01,flip,BUY,96741.71,95660.55,97606.64,1081.16,0.0,2025-02-03T15:22:39,97606.64,tp,17.2986,0.8,2025-02
2025-02-04T01:14:01,flip,SELL,100840.02,101175.52,100571.62,335.5,0.0,2025-02-04T01:27:48,101176.79,sl,-6.7354,-1.0038,2025-02
2025-02-04T01:39:01,flip,BUY,101371.99,101103.18,101587.04,268.81,0.0,2025-02-04T01:43:19,101587.04,tp,4.301,0.8,2025-02
2025-02-04T02:54:01,flip,SELL,101015.75,101289.96,100796.38,274.21,0.0,2025-02-04T03:22:59,100796.38,tp,4.3874,0.8,2025-02
2025-02-04T03:23:01,cont,SELL,100771.97,101053.78,100546.52,281.81,29.0,2025-02-04T04:06:09,100546.52,tp,4.509,0.8,2025-02
2025-02-04T04:32:01,flip,SELL,100175.72,100488.1,99925.82,312.38,0.0,2025-02-04T05:02:14,99925.82,tp,4.9981,0.8,2025-02
2025-02-04T05:15:01,cont,SELL,99141.83,99587.97,98784.92,446.14,43.0,2025-02-04T05:16:57,98784.92,tp,7.1382,0.8,2025-02
2025-02-04T05:27:01,cont,SELL,98525.97,99004.76,98142.94,478.79,55.0,2025-02-04T05:46:36,99007.93,sl,-9.6392,-1.0066,2025-02
2025-02-04T06:06:01,flip,BUY,99355.65,98845.68,99763.63,509.97,0.0,2025-02-04T07:34:15,98845.55,sl,-10.202,-1.0003,2025-02
2025-02-04T07:36:01,flip,SELL,98859.38,99550.22,98306.71,690.84,0.0,2025-02-04T07:53:53,98306.71,tp,11.0534,0.8,2025-02
2025-02-04T08:01:01,cont,SELL,98279.65,98527.75,98081.17,248.1,25.0,2025-02-04T08:06:11,98081.17,tp,3.9696,0.8,2025-02
2025-02-04T08:37:01,cont,SELL,98118.09,98697.66,97654.43,579.57,61.0,2025-02-04T09:22:20,98701.34,sl,-11.665,-1.0063,2025-02
2025-02-04T09:39:01,cont,BUY,98784.43,98439.35,99060.49,345.08,17.0,2025-02-04T09:54:28,98436.23,sl,-6.964,-1.009,2025-02
2025-02-04T10:44:01,cont,BUY,98847.87,98313.21,99275.6,534.66,82.0,2025-02-04T11:08:31,99275.6,tp,8.5546,0.8,2025-02
2025-02-04T13:58:01,flip,SELL,99071.47,99559.86,98680.76,488.39,0.0,2025-02-04T14:13:20,98680.76,tp,7.8142,0.8,2025-02
2025-02-04T15:18:01,cont,SELL,98436.87,100336.64,96917.05,1899.77,80.0,2025-02-04T19:17:03,100342.86,sl,-38.1198,-1.0033,2025-02
2025-02-04T19:36:02,flip,BUY,100739.65,100279.21,101108.0,460.44,0.0,2025-02-04T19:39:16,100276.22,sl,-9.2686,-1.0065,2025-02
2025-02-04T19:47:01,flip,SELL,99810.05,100489.98,99266.11,679.93,0.0,2025-02-04T19:48:54,99266.11,tp,10.8789,0.8,2025-02
2025-02-04T19:53:01,cont,SELL,98966.96,99634.78,98432.7,667.82,6.0,2025-02-04T20:08:50,98432.7,tp,10.6851,0.8,2025-02
2025-02-04T20:13:01,cont,SELL,98366.78,99208.9,97693.08,842.12,26.0,2025-02-04T21:02:06,97693.08,tp,13.4739,0.8,2025-02
2025-02-04T21:03:01,cont,SELL,97925.87,98974.15,97087.25,1048.28,76.0,2025-02-04T21:31:08,97087.25,tp,16.7725,0.8,2025-02
2025-02-04T22:48:01,flip,BUY,97436.84,97062.08,97736.65,374.76,0.0,2025-02-04T22:49:38,97736.65,tp,5.9962,0.8,2025-02
2025-02-04T23:10:01,cont,BUY,97955.13,97433.49,98372.44,521.64,22.0,2025-02-05T00:56:27,98372.44,tp,8.3462,0.8,2025-02
2025-02-05T01:46:01,flip,SELL,97980.96,98331.34,97700.66,350.38,0.0,2025-02-05T01:57:27,97700.66,tp,5.6061,0.8,2025-02
2025-02-05T01:58:01,cont,SELL,97667.88,97918.2,97467.62,250.32,12.0,2025-02-05T01:59:07,97923.98,sl,-5.122,-1.0231,2025-02
2025-02-05T02:17:01,cont,SELL,97624.31,97991.71,97330.39,367.4,31.0,2025-02-05T02:23:47,97330.39,tp,5.8784,0.8,2025-02
2025-02-05T04:45:01,flip,BUY,98251.81,97785.69,98624.71,466.12,0.0,2025-02-05T05:32:06,97780.86,sl,-9.419,-1.0104,2025-02
2025-02-05T05:41:01,flip,SELL,97716.89,97846.1,97613.52,129.21,0.0,2025-02-05T05:42:46,97847.39,sl,-2.61,-1.01,2025-02
2025-02-05T06:40:01,cont,SELL,97600.35,98229.72,97096.85,629.37,59.0,2025-02-05T11:49:07,98236.47,sl,-12.7224,-1.0107,2025-02
2025-02-05T15:04:01,flip,SELL,97982.81,98519.01,97553.85,536.2,0.0,2025-02-05T15:30:03,98519.24,sl,-10.7286,-1.0004,2025-02
2025-02-05T16:09:01,cont,SELL,97698.02,98535.44,97028.08,837.42,65.0,2025-02-05T18:13:02,97028.08,tp,13.3987,0.8,2025-02
2025-02-05T20:02:01,flip,BUY,97499.67,97281.23,97674.42,218.44,0.0,2025-02-05T20:09:07,97674.42,tp,3.495,0.8,2025-02
2025-02-05T21:57:01,flip,SELL,96844.27,97529.55,96296.05,685.28,0.0,2025-02-05T22:45:07,96296.05,tp,10.9645,0.8,2025-02
2025-02-05T23:04:01,cont,SELL,96309.85,96582.06,96092.08,272.21,67.0,2025-02-05T23:07:44,96584.07,sl,-5.4844,-1.0074,2025-02
2025-02-05T23:24:01,flip,BUY,96860.32,96565.12,97096.48,295.2,0.0,2025-02-05T23:27:56,96560.76,sl,-5.9912,-1.0148,2025-02
2025-02-06T00:21:01,cont,BUY,96919.05,96196.9,97496.77,722.15,57.0,2025-02-06T03:43:48,97496.77,tp,11.5544,0.8,2025-02
2025-02-06T11:33:01,flip,SELL,98547.53,98716.9,98412.03,169.37,0.0,2025-02-06T11:34:34,98412.03,tp,2.7099,0.8,2025-02
2025-02-06T12:35:01,cont,SELL,98366.31,99111.05,97770.52,744.74,62.0,2025-02-06T15:02:49,97770.52,tp,11.9158,0.8,2025-02
2025-02-06T15:03:01,cont,SELL,97672.51,98380.18,97106.37,707.67,46.0,2025-02-06T15:40:14,97106.37,tp,11.3227,0.8,2025-02
2025-02-06T17:38:01,flip,BUY,97068.42,96508.97,97515.98,559.45,0.0,2025-02-06T18:11:12,96507.83,sl,-11.2118,-1.002,2025-02
2025-02-06T18:22:01,flip,SELL,96301.05,96494.43,96146.35,193.38,0.0,2025-02-06T18:30:48,96146.35,tp,3.0941,0.8,2025-02
2025-02-06T18:31:01,cont,SELL,96134.1,96393.95,95926.22,259.85,9.0,2025-02-06T18:35:21,96395.48,sl,-5.2276,-1.0059,2025-02
2025-02-06T18:44:01,flip,BUY,96512.39,96296.15,96685.38,216.24,0.0,2025-02-06T18:57:07,96295.35,sl,-4.3408,-1.0037,2025-02
2025-02-06T19:17:01,cont,BUY,96892.29,96017.49,97592.13,874.8,33.0,2025-02-06T19:32:03,96013.34,sl,-17.579,-1.0047,2025-02
2025-02-07T13:31:01,flip,SELL,97489.64,97692.62,97327.26,202.98,0.0,2025-02-07T13:31:11,97695.28,sl,-4.1128,-1.0131,2025-02
2025-02-07T13:58:01,flip,BUY,98811.79,98555.88,99016.52,255.91,0.0,2025-02-07T14:06:19,99016.52,tp,4.0946,0.8,2025-02
2025-02-07T14:47:01,cont,BUY,100027.87,99140.72,100737.59,887.15,49.0,2025-02-07T15:01:30,99137.29,sl,-17.8116,-1.0039,2025-02
2025-02-07T15:14:01,flip,SELL,98357.94,99107.08,97758.63,749.14,0.0,2025-02-07T15:20:43,97758.63,tp,11.9862,0.8,2025-02
2025-02-07T23:12:01,flip,BUY,96139.39,95886.59,96341.63,252.8,0.0,2025-02-07T23:33:22,96341.63,tp,4.0448,0.8,2025-02
2025-02-07T23:53:01,cont,BUY,96555.9,96406.65,96675.3,149.25,41.0,2025-02-08T00:16:02,96403.56,sl,-3.0468,-1.0207,2025-02
2025-02-08T00:20:01,cont,BUY,96639.36,96417.75,96816.65,221.61,68.0,2025-02-08T00:25:48,96816.65,tp,3.5458,0.8,2025-02
2025-02-08T05:04:01,flip,SELL,96170.42,96430.07,95962.7,259.65,0.0,2025-02-08T06:56:48,95962.7,tp,4.1544,0.8,2025-02
2025-02-08T06:57:01,cont,SELL,95946.06,96238.12,95712.41,292.06,113.0,2025-02-08T07:38:14,96240.92,sl,-5.8972,-1.0096,2025-02
2025-02-08T07:49:01,flip,BUY,96284.01,96146.88,96393.71,137.13,0.0,2025-02-08T08:12:27,96146.39,sl,-2.7524,-1.0036,2025-02
2025-02-08T08:19:01,flip,SELL,96153.61,96238.78,96085.47,85.17,0.0,2025-02-08T08:29:03,96239.21,sl,-1.712,-1.005,2025-02
2025-02-08T08:37:01,cont,SELL,96049.24,96262.72,95878.46,213.48,18.0,2025-02-08T10:02:25,96265.86,sl,-4.3324,-1.0147,2025-02
2025-02-08T10:13:01,flip,BUY,96269.43,96067.61,96430.89,201.82,0.0,2025-02-08T10:52:02,96063.33,sl,-4.122,-1.0212,2025-02
2025-02-08T11:24:01,cont,SELL,95984.12,96137.39,95861.5,153.27,33.0,2025-02-08T11:59:43,96138.91,sl,-3.0958,-1.0099,2025-02
2025-02-08T13:38:01,flip,BUY,96308.12,95901.31,96633.57,406.81,0.0,2025-02-08T15:30:08,95859.88,sl,-8.9648,-1.1018,2025-02
2025-02-09T06:05:01,flip,SELL,96922.11,97348.25,96581.2,426.14,0.0,2025-02-09T08:00:13,97357.19,sl,-8.7016,-1.021,2025-02
2025-02-09T08:01:01,cont,BUY,97271.65,97049.54,97449.34,222.11,28.0,2025-02-09T09:00:25,97044.68,sl,-4.5394,-1.0219,2025-02
2025-02-09T10:01:01,flip,SELL,96890.1,97055.21,96758.01,165.11,0.0,2025-02-09T10:02:02,96758.01,tp,2.6418,0.8,2025-02
2025-02-09T11:35:01,cont,SELL,96687.4,97068.74,96382.33,381.34,94.0,2025-02-09T13:15:33,96382.33,tp,6.1014,0.8,2025-02
2025-02-09T15:22:01,flip,BUY,96507.16,96275.57,96692.43,231.59,0.0,2025-02-09T15:41:12,96692.43,tp,3.7054,0.8,2025-02
2025-02-09T17:24:01,flip,SELL,96235.92,96347.6,96146.58,111.68,0.0,2025-02-09T17:31:07,96146.58,tp,1.7869,0.8,2025-02
2025-02-09T22:35:01,flip,BUY,95829.05,95498.31,96093.64,330.74,0.0,2025-02-09T22:41:05,96093.64,tp,5.2918,0.8,2025-02
2025-02-09T23:54:01,cont,BUY,96612.33,95728.23,97319.61,884.1,79.0,2025-02-10T01:44:16,95723.67,sl,-17.7732,-1.0052,2025-02
2025-02-10T05:13:01,flip,BUY,97162.63,96645.7,97576.17,516.93,0.0,2025-02-10T05:52:04,97576.17,tp,8.2709,0.8,2025-02
2025-02-10T12:49:01,flip,SELL,97199.45,97372.75,97060.81,173.3,0.0,2025-02-10T12:51:27,97372.9,sl,-3.469,-1.0009,2025-02
2025-02-10T13:01:01,flip,BUY,97452.32,97206.97,97648.6,245.35,0.0,2025-02-10T13:16:04,97648.6,tp,3.9256,0.8,2025-02
2025-02-10T13:42:01,cont,BUY,97726.94,97401.84,97987.02,325.1,41.0,2025-02-10T13:47:34,97987.02,tp,5.2016,0.8,2025-02
2025-02-10T14:48:01,flip,SELL,97179.04,97551.21,96881.3,372.17,0.0,2025-02-10T14:55:02,97551.59,sl,-7.451,-1.001,2025-02
2025-02-10T15:27:01,cont,SELL,96981.04,97541.99,96532.28,560.95,39.0,2025-02-10T17:55:09,97543.32,sl,-11.2456,-1.0024,2025-02
2025-02-10T19:05:01,flip,BUY,97580.43,97479.57,97661.12,100.86,0.0,2025-02-10T19:35:08,97475.89,sl,-2.0908,-1.0365,2025-02
2025-02-10T20:22:01,flip,SELL,97232.48,97449.66,97058.74,217.18,0.0,2025-02-10T20:42:08,97450.06,sl,-4.3516,-1.0018,2025-02
2025-02-10T21:18:01,cont,SELL,97169.44,97493.82,96909.94,324.38,56.0,2025-02-10T22:28:22,97494.51,sl,-6.5014,-1.0021,2025-02
2025-02-11T00:27:01,flip,BUY,97855.34,97617.76,98045.4,237.58,0.0,2025-02-11T00:42:43,98045.4,tp,3.8013,0.8,2025-02
2025-02-11T08:27:01,flip,SELL,98117.65,98471.1,97834.89,353.45,0.0,2025-02-11T12:13:53,97834.89,tp,5.6552,0.8,2025-02
2025-02-11T21:32:01,flip,BUY,95889.85,95653.17,96079.19,236.68,0.0,2025-02-11T21:38:22,96079.19,tp,3.7869,0.8,2025-02
2025-02-11T21:47:01,cont,BUY,96452.74,96099.89,96735.02,352.85,15.0,2025-02-11T22:35:05,96097.78,sl,-7.0992,-1.006,2025-02
2025-02-11T22:57:01,flip,SELL,95664.63,96157.17,95270.6,492.54,0.0,2025-02-12T00:50:31,96163.16,sl,-9.9706,-1.0122,2025-02
2025-02-12T01:50:01,flip,BUY,96313.09,95871.08,96666.7,442.01,0.0,2025-02-12T02:47:29,95870.98,sl,-8.8422,-1.0002,2025-02
2025-02-12T09:02:01,flip,SELL,96318.91,96438.7,96223.08,119.79,0.0,2025-02-12T09:05:02,96440.03,sl,-2.4224,-1.0111,2025-02
2025-02-12T09:08:01,cont,SELL,96271.89,96388.73,96178.42,116.84,6.0,2025-02-12T09:22:05,96178.42,tp,1.8694,0.8,2025-02
2025-02-12T09:23:01,cont,SELL,96101.45,96322.62,95924.51,221.17,21.0,2025-02-12T11:22:11,96323.13,sl,-4.4336,-1.0023,2025-02
2025-02-12T11:42:01,flip,BUY,96408.19,96226.81,96553.29,181.38,0.0,2025-02-12T11:50:37,96225.19,sl,-3.66,-1.0089,2025-02
2025-02-12T12:59:01,flip,SELL,96082.97,96406.89,95823.83,323.92,0.0,2025-02-12T13:22:28,96407.38,sl,-6.4882,-1.0015,2025-02
2025-02-12T13:31:01,cont,SELL,95313.7,96655.48,94240.28,1341.78,32.0,2025-02-12T13:38:07,94240.28,tp,21.4685,0.8,2025-02
2025-02-12T17:28:01,flip,BUY,97397.09,96795.39,97878.45,601.7,0.0,2025-02-12T18:27:41,96791.35,sl,-12.1148,-1.0067,2025-02
2025-02-12T19:10:01,flip,SELL,96585.07,97064.56,96201.48,479.49,0.0,2025-02-12T19:47:30,97064.95,sl,-9.5976,-1.0008,2025-02
2025-02-12T20:12:01,flip,BUY,97320.99,96996.17,97580.85,324.82,0.0,2025-02-12T20:26:32,97580.85,tp,5.1971,0.8,2025-02
2025-02-12T20:43:01,flip,SELL,97091.23,97209.1,96996.93,117.87,0.0,2025-02-12T20:53:43,96996.93,tp,1.8859,0.8,2025-02
2025-02-12T21:02:01,cont,SELL,96944.33,97103.05,96817.35,158.72,19.0,2025-02-12T21:08:57,97104.89,sl,-3.2112,-1.0116,2025-02
2025-02-12T21:42:01,flip,BUY,97712.2,97404.26,97958.55,307.94,0.0,2025-02-12T22:29:56,97958.55,tp,4.927,0.8,2025-02
2025-02-12T22:38:01,cont,BUY,98114.11,97591.85,98531.92,522.26,56.0,2025-02-12T23:31:56,97591.6,sl,-10.4502,-1.0005,2025-02
2025-02-13T02:53:01,flip,SELL,97424.47,98083.46,96897.28,658.99,0.0,2025-02-13T04:53:31,96897.28,tp,10.5438,0.8,2025-02
2025-02-13T16:46:01,flip,BUY,95634.05,95362.83,95851.03,271.22,0.0,2025-02-13T16:55:15,95362.75,sl,-5.426,-1.0003,2025-02
2025-02-13T17:09:01,cont,BUY,95691.94,95217.99,96071.1,473.95,23.0,2025-02-13T19:01:06,96071.1,tp,7.5832,0.8,2025-02
2025-02-14T04:22:01,flip,SELL,96895.79,97010.09,96804.35,114.3,0.0,2025-02-14T04:48:32,96804.35,tp,1.8288,0.8,2025-02
2025-02-14T04:59:01,cont,SELL,96775.66,96903.25,96673.59,127.59,37.0,2025-02-14T05:00:15,96907.66,sl,-2.64,-1.0346,2025-02
2025-02-14T05:31:01,cont,SELL,96769.52,96941.6,96631.86,172.08,69.0,2025-02-14T05:48:28,96631.86,tp,2.7533,0.8,2025-02
2025-02-14T05:49:01,cont,SELL,96599.43,96766.44,96465.82,167.01,87.0,2025-02-14T05:55:09,96766.64,sl,-3.3442,-1.0012,2025-02
2025-02-14T07:01:01,flip,BUY,96915.36,96642.79,97133.42,272.57,0.0,2025-02-14T09:39:39,97133.42,tp,4.3611,0.8,2025-02
2025-02-14T10:25:01,flip,SELL,97038.17,97154.38,96945.2,116.21,0.0,2025-02-14T11:21:06,97155.06,sl,-2.3378,-1.0059,2025-02
2025-02-14T12:03:01,flip,SELL,96775.48,96914.41,96664.34,138.93,0.0,2025-02-14T12:18:38,96664.34,tp,2.2229,0.8,2025-02
2025-02-14T12:45:01,cont,SELL,96619.68,96837.38,96445.52,217.7,42.0,2025-02-14T13:32:08,96841.81,sl,-4.4426,-1.0203,2025-02
2025-02-14T14:37:01,flip,BUY,97102.59,96572.93,97526.32,529.66,0.0,2025-02-14T14:53:33,97526.32,tp,8.4746,0.8,2025-02
2025-02-14T21:11:01,flip,SELL,96770.33,97283.9,96359.47,513.57,0.0,2025-02-14T21:31:30,97284.18,sl,-10.277,-1.0005,2025-02
2025-02-14T21:57:01,flip,BUY,97462.03,97309.92,97583.72,152.11,0.0,2025-02-14T22:20:14,97300.95,sl,-3.2216,-1.059,2025-02
2025-02-14T22:32:01,flip,SELL,97265.81,97454.54,97114.83,188.73,0.0,2025-02-14T22:36:09,97114.83,tp,3.0197,0.8,2025-02
2025-02-14T22:52:01,cont,SELL,97017.64,97340.74,96759.16,323.1,20.0,2025-02-14T23:22:49,97343.54,sl,-6.518,-1.0087,2025-02
2025-02-14T23:27:01,flip,BUY,97361.93,97267.32,97437.62,94.61,0.0,2025-02-14T23:32:53,97437.62,tp,1.5138,0.8,2025-02
2025-02-14T23:33:01,cont,BUY,97433.54,97299.79,97540.54,133.75,6.0,2025-02-15T00:29:50,97297.47,sl,-2.7214,-1.0173,2025-02
2025-02-15T01:02:01,cont,BUY,97520.12,97234.12,97748.92,286.0,95.0,2025-02-15T01:53:36,97748.92,tp,4.576,0.8,2025-02
2025-02-15T04:36:01,flip,SELL,97486.81,97718.87,97301.16,232.06,0.0,2025-02-15T08:06:36,97301.16,tp,3.713,0.8,2025-02
2025-02-15T08:07:01,cont,SELL,97285.73,97432.76,97168.11,147.03,56.0,2025-02-15T08:21:42,97435.99,sl,-3.0052,-1.022,2025-02
2025-02-15T08:35:01,flip,BUY,97512.91,97400.89,97602.53,112.02,0.0,2025-02-15T09:27:17,97398.3,sl,-2.2922,-1.0231,2025-02
2025-02-15T10:35:01,cont,BUY,97578.3,97380.91,97736.21,197.39,120.0,2025-02-15T12:36:56,97736.21,tp,3.1582,0.8,2025-02
2025-02-15T14:24:01,flip,SELL,97515.03,97704.95,97363.09,189.92,0.0,2025-02-15T17:19:33,97363.09,tp,3.0387,0.8,2025-02
2025-02-16T09:40:01,flip,BUY,97234.46,97154.91,97298.1,79.55,0.0,2025-02-16T09:42:52,97298.1,tp,1.2728,0.8,2025-02
2025-02-16T12:47:01,flip,SELL,97122.87,97315.43,96968.82,192.56,0.0,2025-02-16T13:41:52,96968.82,tp,3.081,0.8,2025-02
2025-02-16T13:51:01,cont,SELL,96840.66,97001.21,96712.22,160.55,64.0,2025-02-16T14:01:27,96712.22,tp,2.5688,0.8,2025-02
2025-02-16T14:46:01,flip,BUY,96964.16,96748.64,97136.58,215.52,0.0,2025-02-16T17:12:42,97136.58,tp,3.4483,0.8,2025-02
2025-02-16T18:12:01,flip,SELL,96864.35,96981.97,96770.25,117.62,0.0,2025-02-16T18:30:24,96770.25,tp,1.8819,0.8,2025-02
2025-02-16T19:18:01,flip,BUY,96992.94,96776.88,97165.79,216.06,0.0,2025-02-16T20:21:04,97165.79,tp,3.457,0.8,2025-02
2025-02-16T20:22:01,cont,BUY,97176.08,97030.32,97292.69,145.76,64.0,2025-02-16T20:28:50,97023.71,sl,-3.0474,-1.0453,2025-02
2025-02-16T20:48:01,flip,SELL,96911.02,96981.15,96854.92,70.13,0.0,2025-02-16T21:01:00,96983.37,sl,-1.447,-1.0317,2025-02
2025-02-16T21:31:01,flip,BUY,97048.78,96852.05,97206.16,196.73,0.0,2025-02-16T21:39:37,97206.16,tp,3.1477,0.8,2025-02
2025-02-16T23:01:01,flip,SELL,96588.38,96963.61,96288.2,375.23,0.0,2025-02-16T23:17:01,96288.2,tp,6.0037,0.8,2025-02
2025-02-16T23:33:01,cont,SELL,96153.35,96437.85,95925.75,284.5,32.0,2025-02-17T00:21:54,96439.76,sl,-5.7282,-1.0067,2025-02
2025-02-17T01:53:01,cont,BUY,96517.47,96134.81,96823.6,382.66,106.0,2025-02-17T03:16:56,96131.91,sl,-7.7112,-1.0076,2025-02
2025-02-17T04:59:01,flip,SELL,96087.86,96285.3,95929.91,197.44,0.0,2025-02-17T05:02:58,95929.91,tp,3.159,0.8,2025-02
2025-02-17T06:05:01,flip,BUY,96397.04,95954.97,96750.7,442.07,0.0,2025-02-17T07:50:50,95946.22,sl,-9.0164,-1.0198,2025-02
2025-02-17T08:50:01,flip,BUY,96361.35,96044.31,96614.98,317.04,0.0,2025-02-17T11:38:54,96039.94,sl,-6.4282,-1.0138,2025-02
2025-02-17T12:47:01,flip,BUY,96458.97,96258.07,96619.69,200.9,0.0,2025-02-17T14:07:04,96619.69,tp,3.2144,0.8,2025-02
2025-02-17T14:18:01,cont,BUY,97061.49,96873.93,97211.54,187.56,91.0,2025-02-17T14:20:24,96871.94,sl,-3.791,-1.0106,2025-02
2025-02-17T14:46:01,flip,SELL,96643.98,96842.68,96485.02,198.7,0.0,2025-02-17T14:48:22,96845.23,sl,-4.025,-1.0128,2025-02
2025-02-17T15:19:01,cont,SELL,96624.03,96930.75,96378.65,306.72,33.0,2025-02-17T15:31:12,96378.65,tp,4.9075,0.8,2025-02
2025-02-17T16:21:01,cont,SELL,95539.94,95981.89,95186.38,441.95,95.0,2025-02-17T19:04:35,95186.38,tp,7.0712,0.8,2025-02
2025-02-17T23:18:01,flip,SELL,95890.4,96065.24,95750.53,174.84,0.0,2025-02-17T23:46:14,95750.53,tp,2.7974,0.8,2025-02
2025-02-18T00:24:01,cont,SELL,95719.76,96112.12,95405.87,392.36,66.0,2025-02-18T01:12:09,96113.47,sl,-7.8742,-1.0034,2025-02
2025-02-18T01:33:01,flip,BUY,96178.73,96032.96,96295.35,145.77,0.0,2025-02-18T01:51:13,96295.35,tp,2.3323,0.8,2025-02
2025-02-18T04:54:01,flip,SELL,96035.15,96383.88,95756.17,348.73,0.0,2025-02-18T05:45:53,95756.17,tp,5.5797,0.8,2025-02
2025-02-18T05:46:01,cont,SELL,95739.68,95970.94,95554.67,231.26,52.0,2025-02-18T06:03:22,95554.67,tp,3.7002,0.8,2025-02
2025-02-18T06:11:01,cont,SELL,95359.83,95560.3,95199.45,200.47,77.0,2025-02-18T06:42:15,95561.32,sl,-4.0298,-1.0051,2025-02
2025-02-18T07:28:01,flip,BUY,95612.36,95292.06,95868.6,320.3,0.0,2025-02-18T08:06:03,95289.25,sl,-6.4622,-1.0088,2025-02
2025-02-18T08:49:01,cont,SELL,95112.37,95552.09,94760.59,439.72,59.0,2025-02-18T09:16:15,95555.24,sl,-8.8574,-1.0072,2025-02
2025-02-18T10:00:01,flip,BUY,95826.96,95602.5,96006.53,224.46,0.0,2025-02-18T11:22:38,95599.16,sl,-4.556,-1.0149,2025-02
2025-02-18T14:51:01,flip,SELL,95521.43,95866.12,95245.68,344.69,0.0,2025-02-18T14:56:57,95868.44,sl,-6.9402,-1.0067,2025-02
2025-02-18T15:12:01,cont,SELL,95409.8,95848.14,95059.13,438.34,21.0,2025-02-18T16:35:12,95059.13,tp,7.0134,0.8,2025-02
2025-02-18T16:47:01,cont,SELL,94609.68,94739.45,94505.86,129.77,116.0,2025-02-18T16:49:14,94741.17,sl,-2.6298,-1.0133,2025-02
2025-02-18T20:14:01,flip,BUY,94386.7,93937.4,94746.14,449.3,0.0,2025-02-18T20:37:49,93935.61,sl,-9.0218,-1.004,2025-02
2025-02-18T21:04:01,cont,BUY,94684.9,93747.8,95434.58,937.1,50.0,2025-02-18T22:31:55,95434.58,tp,14.9936,0.8,2025-02
2025-02-19T00:56:01,flip,SELL,95431.55,95653.85,95253.71,222.3,0.0,2025-02-19T01:14:59,95253.71,tp,3.5568,0.8,2025-02
2025-02-19T01:15:01,cont,SELL,95227.67,95403.98,95086.62,176.31,19.0,2025-02-19T01:24:58,95086.62,tp,2.821,0.8,2025-02
2025-02-19T01:59:01,flip,BUY,95480.07,95307.21,95618.36,172.86,0.0,2025-02-19T02:09:08,95618.36,tp,2.7658,0.8,2025-02
2025-02-19T02:47:01,cont,BUY,95813.74,95509.86,96056.84,303.88,48.0,2025-02-19T04:37:38,95506.44,sl,-6.146,-1.0113,2025-02
2025-02-19T04:55:01,flip,SELL,95399.03,95498.07,95319.8,99.04,0.0,2025-02-19T04:58:07,95319.8,tp,1.5846,0.8,2025-02
2025-02-19T05:18:01,cont,SELL,95161.22,95315.03,95038.17,153.81,23.0,2025-02-19T05:41:06,95316.12,sl,-3.098,-1.0071,2025-02
2025-02-19T06:13:01,flip,BUY,95397.44,95248.77,95516.38,148.67,0.0,2025-02-19T06:49:31,95516.38,tp,2.3787,0.8,2025-02
2025-02-19T07:46:01,cont,BUY,95833.33,95618.6,96005.11,214.73,93.0,2025-02-19T09:55:33,96005.11,tp,3.4357,0.8,2025-02
2025-02-19T15:00:01,flip,SELL,95811.26,95934.5,95712.67,123.24,0.0,2025-02-19T15:01:41,95712.67,tp,1.9718,0.8,2025-02
2025-02-19T15:31:01,flip,BUY,96133.48,95863.04,96349.83,270.44,0.0,2025-02-19T15:32:03,96349.83,tp,4.327,0.8,2025-02
2025-02-19T17:05:01,cont,BUY,96508.53,95951.83,96953.89,556.7,94.0,2025-02-19T18:13:23,95936.26,sl,-11.4454,-1.028,2025-02
2025-02-19T18:35:01,flip,SELL,95895.53,96205.75,95647.35,310.22,0.0,2025-02-19T19:01:04,95647.35,tp,4.9635,0.8,2025-02
2025-02-19T19:05:01,cont,SELL,95627.36,95743.98,95534.06,116.62,30.0,2025-02-19T19:10:49,95534.06,tp,1.8659,0.8,2025-02
2025-02-19T19:11:01,cont,SELL,95538.46,95719.09,95393.96,180.63,36.0,2025-02-19T19:14:09,95719.44,sl,-3.6196,-1.0019,2025-02
2025-02-19T19:59:01,flip,BUY,96249.6,95929.92,96505.34,319.68,0.0,2025-02-19T20:20:24,96505.34,tp,5.1149,0.8,2025-02
2025-02-19T20:33:01,cont,BUY,96538.93,96280.93,96745.33,258.0,34.0,2025-02-19T20:39:37,96280.28,sl,-5.173,-1.0025,2025-02
2025-02-20T13:22:01,flip,SELL,97358.26,97497.1,97247.19,138.84,0.0,2025-02-20T13:31:56,97501.94,sl,-2.8736,-1.0349,2025-02
2025-02-20T13:39:01,cont,SELL,97303.33,97500.22,97145.82,196.89,17.0,2025-02-20T13:56:21,97506.61,sl,-4.0656,-1.0325,2025-02
2025-02-20T14:34:01,flip,BUY,98029.23,97718.06,98278.17,311.17,0.0,2025-02-20T14:45:01,97710.42,sl,-6.3762,-1.0246,2025-02
2025-02-20T14:53:01,flip,SELL,97259.0,97502.59,97064.13,243.59,0.0,2025-02-20T14:55:10,97064.13,tp,3.8974,0.8,2025-02
2025-02-20T16:30:01,flip,BUY,97737.86,97398.05,98009.71,339.81,0.0,2025-02-20T17:53:46,98009.71,tp,5.437,0.8,2025-02
2025-02-20T17:54:01,cont,BUY,98016.14,97531.94,98403.5,484.2,84.0,2025-02-20T18:20:33,98403.5,tp,7.7472,0.8,2025-02
2025-02-20T18:21:01,cont,BUY,98385.99,98055.37,98650.49,330.62,111.0,2025-02-20T20:20:26,98650.49,tp,5.2899,0.8,2025-02
2025-02-20T21:45:01,flip,SELL,98140.03,98291.33,98018.99,151.3,0.0,2025-02-20T21:55:33,98018.99,tp,2.4208,0.8,2025-02
2025-02-20T22:37:01,flip,BUY,98365.33,98054.42,98614.06,310.91,0.0,2025-02-21T09:18:07,98614.06,tp,4.9746,0.8,2025-02
2025-02-21T14:23:01,flip,SELL,99017.43,99202.05,98869.73,184.62,0.0,2025-02-21T14:30:20,98869.73,tp,2.9539,0.8,2025-02
2025-02-21T14:31:01,cont,SELL,98751.11,99079.25,98488.6,328.14,8.0,2025-02-21T14:37:50,98488.6,tp,5.2502,0.8,2025-02
2025-02-21T15:12:01,flip,BUY,99288.65,98888.14,99609.06,400.51,0.0,2025-02-21T15:21:24,98884.46,sl,-8.0838,-1.0092,2025-02
2025-02-21T17:41:01,flip,SELL,97193.15,98760.02,95939.65,1566.87,0.0,2025-02-21T19:26:46,95939.65,tp,25.0699,0.8,2025-02
2025-02-21T19:39:01,cont,SELL,95718.26,96275.59,95272.4,557.33,118.0,2025-02-21T19:47:26,95272.4,tp,8.9173,0.8,2025-02
2025-02-21T22:25:01,flip,BUY,95584.59,95391.15,95739.34,193.44,0.0,2025-02-21T22:27:34,95739.34,tp,3.095,0.8,2025-02
2025-02-21T22:54:01,cont,BUY,95904.49,95469.77,96252.27,434.72,29.0,2025-02-22T01:00:38,96252.27,tp,6.9555,0.8,2025-02
2025-02-22T01:07:01,cont,BUY,96289.92,96152.02,96400.24,137.9,19.0,2025-02-22T01:28:16,96400.24,tp,2.2064,0.8,2025-02
2025-02-22T02:25:01,flip,SELL,96184.34,96306.58,96086.55,122.24,0.0,2025-02-22T02:34:23,96307.79,sl,-2.469,-1.0099,2025-02
2025-02-22T04:15:01,flip,BUY,96503.12,96174.98,96765.63,328.14,0.0,2025-02-22T08:46:34,96174.34,sl,-6.5756,-1.002,2025-02
2025-02-22T09:23:01,flip,BUY,96462.1,96343.93,96556.64,118.17,0.0,2025-02-22T10:07:37,96556.64,tp,1.8907,0.8,2025-02
2025-02-22T10:46:01,cont,BUY,96617.81,96465.82,96739.4,151.99,83.0,2025-02-22T12:16:07,96739.4,tp,2.4318,0.8,2025-02
2025-02-22T13:56:01,flip,SELL,96569.39,96780.21,96400.73,210.82,0.0,2025-02-22T15:57:36,96781.93,sl,-4.2508,-1.0082,2025-02
2025-02-22T18:38:01,flip,BUY,96873.3,96487.44,97181.99,385.86,0.0,2025-02-22T18:54:57,96487.1,sl,-7.724,-1.0009,2025-02
2025-02-23T05:20:01,flip,SELL,96397.13,96777.83,96092.57,380.7,0.0,2025-02-23T12:14:44,96092.57,tp,6.0912,0.8,2025-02
2025-02-23T13:17:01,flip,BUY,96009.89,95895.7,96101.24,114.19,0.0,2025-02-23T13:19:08,95894.78,sl,-2.3022,-1.0081,2025-02
2025-02-23T13:26:01,flip,SELL,95801.47,95908.64,95715.73,107.17,0.0,2025-02-23T13:33:30,95911.03,sl,-2.1912,-1.0223,2025-02
2025-02-23T13:48:01,flip,BUY,95977.45,95896.04,96042.58,81.41,0.0,2025-02-23T13:59:59,96042.58,tp,1.3026,0.8,2025-02
2025-02-23T14:06:01,cont,BUY,96091.94,95969.47,96189.92,122.47,18.0,2025-02-23T14:31:41,95966.34,sl,-2.512,-1.0256,2025-02
2025-02-23T14:54:01,flip,SELL,95775.25,95936.84,95645.98,161.59,0.0,2025-02-23T14:58:44,95645.98,tp,2.5854,0.8,2025-02
2025-02-23T15:46:01,cont,SELL,95574.54,95771.03,95417.35,196.49,52.0,2025-02-23T17:13:35,95417.35,tp,3.1438,0.8,2025-02
2025-02-23T17:53:01,flip,BUY,95723.37,95570.74,95845.47,152.63,0.0,2025-02-23T18:19:14,95845.47,tp,2.4421,0.8,2025-02
2025-02-24T01:12:01,flip,SELL,96199.83,96574.27,95900.28,374.44,0.0,2025-02-24T01:41:46,95900.28,tp,5.991,0.8,2025-02
2025-02-24T03:01:01,cont,SELL,95770.08,96264.73,95374.36,494.65,109.0,2025-02-24T04:28:57,95374.36,tp,7.9144,0.8,2025-02
2025-02-24T05:11:01,flip,BUY,95498.42,95247.0,95699.56,251.42,0.0,2025-02-24T05:34:08,95699.56,tp,4.0227,0.8,2025-02
2025-02-24T05:54:01,cont,BUY,95793.63,95702.22,95866.76,91.41,43.0,2025-02-24T06:17:12,95697.97,sl,-1.9132,-1.0465,2025-02
2025-02-24T06:37:01,cont,BUY,95856.66,95681.42,95996.85,175.24,86.0,2025-02-24T07:05:24,95996.85,tp,2.8038,0.8,2025-02
2025-02-24T08:16:01,flip,SELL,95777.64,96010.25,95591.55,232.61,0.0,2025-02-24T08:23:37,95591.55,tp,3.7218,0.8,2025-02
2025-02-25T01:39:01,flip,BUY,92282.38,91173.35,93169.6,1109.03,0.0,2025-02-25T07:06:37,91172.65,sl,-22.1946,-1.0006,2025-02
2025-02-25T12:10:01,flip,BUY,89315.79,89001.88,89566.92,313.91,0.0,2025-02-25T12:37:31,88992.38,sl,-6.4682,-1.0303,2025-02
2025-02-25T13:38:01,flip,SELL,88815.61,89579.37,88204.6,763.76,0.0,2025-02-25T14:40:36,88204.6,tp,12.2202,0.8,2025-02
2025-02-25T15:01:01,cont,SELL,86495.31,87451.68,85730.21,956.37,83.0,2025-02-25T15:03:04,87457.9,sl,-19.2518,-1.0065,2025-02
2025-02-25T15:21:01,cont,SELL,86338.45,87410.0,85481.21,1071.55,103.0,2025-02-25T15:51:35,87413.81,sl,-21.5072,-1.0036,2025-02
2025-02-25T16:52:01,cont,BUY,87695.29,86122.33,88953.66,1572.96,66.0,2025-02-25T22:03:44,88953.66,tp,25.1674,0.8,2025-02
2025-02-26T13:18:01,flip,SELL,87501.79,88044.43,87067.68,542.64,0.0,2025-02-26T13:58:37,87067.68,tp,8.6822,0.8,2025-02
2025-02-26T15:10:01,flip,BUY,87899.48,87416.89,88285.55,482.59,0.0,2025-02-26T15:12:00,88285.55,tp,7.7214,0.8,2025-02
2025-02-26T16:17:01,flip,SELL,86353.28,86897.9,85917.58,544.62,0.0,2025-02-26T16:27:17,86900.08,sl,-10.936,-1.004,2025-02
2025-02-26T16:41:01,flip,BUY,87229.83,86760.52,87605.28,469.31,0.0,2025-02-26T16:59:26,86756.44,sl,-9.4678,-1.0087,2025-02
2025-02-26T17:21:01,flip,SELL,86627.48,87231.21,86144.5,603.73,0.0,2025-02-26T17:50:17,86144.5,tp,9.6597,0.8,2025-02
2025-02-26T17:52:01,cont,SELL,86118.8,86604.6,85730.16,485.8,31.0,2025-02-26T17:55:19,85730.16,tp,7.7728,0.8,2025-02
2025-02-26T18:29:01,cont,SELL,85409.64,86393.4,84622.63,983.76,68.0,2025-02-26T18:37:13,84622.63,tp,15.7402,0.8,2025-02
2025-02-27T01:29:01,flip,BUY,85392.95,83906.86,86581.82,1486.09,0.0,2025-02-27T06:41:07,86581.82,tp,23.7774,0.8,2025-02
2025-02-27T08:42:01,flip,SELL,85903.72,86129.39,85723.18,225.67,0.0,2025-02-27T09:01:08,86131.7,sl,-4.5596,-1.0102,2025-02
2025-02-27T10:07:01,flip,BUY,86404.41,85824.9,86868.02,579.51,0.0,2025-02-27T10:55:31,86868.02,tp,9.2722,0.8,2025-02
2025-02-27T13:33:01,flip,SELL,86192.0,86658.41,85818.87,466.41,0.0,2025-02-27T13:39:25,86662.86,sl,-9.4172,-1.0095,2025-02
2025-02-27T13:51:01,cont,SELL,85790.35,86751.2,85021.67,960.85,18.0,2025-02-27T14:58:03,85021.67,tp,15.3736,0.8,2025-02
2025-02-27T15:39:01,flip,BUY,85878.12,85376.58,86279.35,501.54,0.0,2025-02-27T16:19:43,85374.17,sl,-10.079,-1.0048,2025-02
2025-02-27T16:33:01,flip,SELL,84733.01,85026.69,84498.07,293.68,0.0,2025-02-27T16:43:16,85034.87,sl,-6.0372,-1.0279,2025-02
2025-02-27T16:52:01,cont,SELL,84529.67,85016.41,84140.28,486.74,19.0,2025-02-27T17:30:31,85021.68,sl,-9.8402,-1.0108,2025-02
2025-02-27T20:51:01,flip,BUY,83472.89,82944.79,83895.37,528.1,0.0,2025-02-27T21:15:29,83895.37,tp,8.4496,0.8,2025-02
2025-02-27T21:35:01,cont,BUY,84314.86,83787.61,84736.66,527.25,44.0,2025-02-27T23:22:02,84736.66,tp,8.436,0.8,2025-02
2025-02-27T23:23:01,flip,BUY,84762.99,84382.78,85067.16,380.21,0.0,2025-02-28T00:48:20,84380.19,sl,-7.656,-1.0068,2025-02
2025-02-28T00:49:01,flip,SELL,84287.26,84624.56,84017.42,337.3,0.0,2025-02-28T01:23:04,84017.42,tp,5.3968,0.8,2025-02
2025-02-28T02:33:01,cont,SELL,80750.4,82910.87,79022.02,2160.47,104.0,2025-02-28T06:46:55,79022.02,tp,34.5675,0.8,2025-02
2025-02-28T11:41:01,flip,BUY,80714.05,79559.63,81637.59,1154.42,0.0,2025-02-28T13:36:35,81637.59,tp,18.4707,0.8,2025-02
2025-02-28T13:37:01,cont,BUY,81613.66,80623.98,82405.4,989.68,116.0,2025-02-28T14:42:40,82405.4,tp,15.8349,0.8,2025-02
2025-02-28T14:56:01,flip,SELL,81958.35,82185.77,81776.41,227.42,0.0,2025-02-28T14:59:34,82193.71,sl,-4.7072,-1.0349,2025-02
2025-02-28T15:07:01,flip,BUY,82761.43,82189.66,83218.85,571.77,0.0,2025-02-28T15:11:17,83218.85,tp,9.1483,0.8,2025-02
2025-02-28T16:39:01,cont,BUY,84608.33,83575.86,85434.31,1032.47,92.0,2025-02-28T18:19:07,83572.33,sl,-20.72,-1.0034,2025-02
2025-03-01T03:07:01,flip,SELL,85080.57,85385.16,84836.9,304.59,0.0,2025-03-01T03:35:46,85390.14,sl,-6.1914,-1.0163,2025-03
2025-03-01T04:10:01,flip,BUY,85620.57,85131.69,86011.67,488.88,0.0,2025-03-01T04:20:55,86011.67,tp,7.8221,0.8,2025-03
2025-03-01T07:39:01,flip,SELL,84788.73,85113.86,84528.63,325.13,0.0,2025-03-01T08:16:01,85115.41,sl,-6.5336,-1.0048,2025-03
2025-03-01T08:56:01,flip,BUY,85338.52,85077.14,85547.62,261.38,0.0,2025-03-01T09:19:39,85547.62,tp,4.1821,0.8,2025-03
2025-03-01T10:06:01,flip,SELL,85141.31,85498.58,84855.49,357.27,0.0,2025-03-01T10:56:39,84855.49,tp,5.7163,0.8,2025-03
2025-03-01T16:40:01,flip,BUY,85133.18,84927.37,85297.83,205.81,0.0,2025-03-01T16:59:53,85297.83,tp,3.293,0.8,2025-03
2025-03-01T17:47:01,cont,BUY,85339.51,84966.38,85638.01,373.13,67.0,2025-03-01T20:22:45,85638.01,tp,5.9701,0.8,2025-03
2025-03-02T02:25:01,flip,SELL,86176.85,86394.8,86002.49,217.95,0.0,2025-03-02T02:30:30,86002.49,tp,3.4872,0.8,2025-03
2025-03-02T02:53:01,cont,SELL,85742.41,85952.69,85574.19,210.28,28.0,2025-03-02T03:04:38,85952.9,sl,-4.2098,-1.001,2025-03
2025-03-02T03:49:01,flip,BUY,86159.9,85778.94,86464.67,380.96,0.0,2025-03-02T04:02:48,85775.15,sl,-7.695,-1.0099,2025-03
2025-03-02T04:19:01,flip,SELL,85695.55,85788.33,85621.33,92.78,0.0,2025-03-02T04:22:44,85621.33,tp,1.4845,0.8,2025-03
2025-03-02T05:14:01,flip,BUY,85900.97,85655.27,86097.53,245.7,0.0,2025-03-02T06:04:00,86097.53,tp,3.9312,0.8,2025-03
2025-03-02T06:05:01,cont,BUY,86123.71,85849.07,86343.42,274.64,51.0,2025-03-02T06:29:29,86343.42,tp,4.3942,0.8,2025-03
2025-03-02T13:21:01,flip,SELL,85680.09,86258.71,85217.19,578.62,0.0,2025-03-02T14:18:42,85217.19,tp,9.2579,0.8,2025-03
2025-03-02T16:17:01,flip,BUY,88832.43,87040.95,90265.61,1791.48,0.0,2025-03-02T16:35:53,90265.61,tp,28.6637,0.8,2025-03
2025-03-02T16:36:01,cont,BUY,90237.87,88874.22,91328.79,1363.65,19.0,2025-03-02T16:39:21,91328.79,tp,21.8184,0.8,2025-03
2025-03-02T17:18:01,cont,BUY,92254.97,90764.15,93447.63,1490.82,61.0,2025-03-02T17:32:10,93447.63,tp,23.8531,0.8,2025-03
2025-03-03T06:52:01,flip,SELL,91738.08,92303.53,91285.72,565.45,0.0,2025-03-03T07:03:03,91285.72,tp,9.0472,0.8,2025-03
2025-03-03T07:12:01,flip,BUY,91846.22,91404.64,92199.48,441.58,0.0,2025-03-03T07:37:57,92199.48,tp,7.0653,0.8,2025-03
2025-03-03T07:40:01,cont,BUY,92247.45,91897.37,92527.51,350.08,28.0,2025-03-03T07:55:29,92527.51,tp,5.6013,0.8,2025-03
2025-03-03T08:49:01,flip,SELL,91606.06,92206.35,91125.83,600.29,0.0,2025-03-03T08:57:46,91125.83,tp,9.6046,0.8,2025-03
2025-03-03T09:01:01,cont,SELL,91229.89,91470.08,91037.74,240.19,12.0,2025-03-03T09:03:23,91481.54,sl,-5.033,-1.0477,2025-03
2025-03-03T09:11:01,flip,BUY,91692.66,91402.18,91925.04,290.48,0.0,2025-03-03T09:15:56,91925.04,tp,4.6477,0.8,2025-03
2025-03-03T09:16:01,cont,BUY,91928.53,91609.45,92183.79,319.08,5.0,2025-03-03T09:19:40,91606.98,sl,-6.431,-1.0077,2025-03
2025-03-03T09:36:01,cont,BUY,91997.5,91291.49,92562.31,706.01,25.0,2025-03-03T10:58:54,92562.31,tp,11.2962,0.8,2025-03
2025-03-03T11:10:01,cont,BUY,92860.18,92432.42,93202.39,427.76,119.0,2025-03-03T12:03:43,93202.39,tp,6.8442,0.8,2025-03
2025-03-03T14:53:01,flip,SELL,90381.64,91546.25,89449.95,1164.61,0.0,2025-03-03T14:57:24,89449.95,tp,18.6338,0.8,2025-03
2025-03-03T21:16:01,flip,BUY,86495.57,85931.46,86946.86,564.11,0.0,2025-03-03T21:46:40,85929.68,sl,-11.3178,-1.0032,2025-03
2025-03-03T22:27:01,cont,BUY,86523.68,85034.04,87715.39,1489.64,71.0,2025-03-04T01:38:21,85026.63,sl,-29.941,-1.005,2025-03
2025-03-04T02:40:01,flip,BUY,83851.4,82919.68,84596.78,931.72,0.0,2025-03-04T05:07:00,84596.78,tp,14.9075,0.8,2025-03
2025-03-04T08:59:01,flip,BUY,83972.05,83400.2,84429.53,571.85,0.0,2025-03-04T11:12:23,84429.53,tp,9.1496,0.8,2025-03
2025-03-04T12:10:01,flip,SELL,83708.0,84178.09,83331.93,470.09,0.0,2025-03-04T12:25:17,83331.93,tp,7.5214,0.8,2025-03
2025-03-04T13:14:01,cont,SELL,83291.2,84007.2,82718.4,716.0,64.0,2025-03-04T13:22:47,82718.4,tp,11.456,0.8,2025-03
2025-03-04T17:46:01,flip,BUY,85477.63,84786.6,86030.45,691.03,0.0,2025-03-04T18:12:28,86030.45,tp,11.0565,0.8,2025-03
2025-03-04T18:52:01,cont,BUY,86321.98,85200.4,87219.24,1121.58,66.0,2025-03-04T19:03:16,87219.24,tp,17.9453,0.8,2025-03
2025-03-04T19:24:01,cont,BUY,88495.81,88018.19,88877.91,477.62,98.0,2025-03-04T19:27:19,88016.09,sl,-9.5944,-1.0044,2025-03
2025-03-04T19:32:01,flip,SELL,87679.57,88021.21,87406.26,341.64,0.0,2025-03-04T19:37:12,88025.41,sl,-6.9168,-1.0123,2025-03
2025-03-04T20:18:01,flip,BUY,88473.36,87918.08,88917.58,555.28,0.0,2025-03-04T20:33:26,87911.53,sl,-11.2366,-1.0118,2025-03
2025-03-04T20:51:01,flip,SELL,87665.38,88211.85,87228.2,546.47,0.0,2025-03-04T20:57:24,87228.2,tp,8.7435,0.8,2025-03
2025-03-04T20:58:01,cont,SELL,87055.61,87557.4,86654.18,501.79,7.0,2025-03-04T21:03:17,86654.18,tp,8.0286,0.8,2025-03
2025-03-05T12:20:01,flip,BUY,90633.46,89545.15,91504.11,1088.31,0.0,2025-03-05T13:25:01,89539.28,sl,-21.8836,-1.0054,2025-03
2025-03-05T13:44:01,cont,SELL,89297.42,90039.92,88703.42,742.5,29.0,2025-03-05T14:37:31,88703.42,tp,11.88,0.8,2025-03
2025-03-05T14:58:01,cont,SELL,88275.0,89772.8,87076.76,1497.8,103.0,2025-03-05T17:25:25,89773.15,sl,-29.963,-1.0002,2025-03
2025-03-06T00:22:01,flip,SELL,90441.71,90707.83,90228.81,266.12,0.0,2025-03-06T00:32:45,90228.81,tp,4.2579,0.8,2025-03
2025-03-06T00:43:01,cont,SELL,90096.13,90314.32,89921.58,218.19,21.0,2025-03-06T01:07:57,90314.55,sl,-4.3684,-1.0011,2025-03
2025-03-06T01:15:01,flip,BUY,90461.77,90173.04,90692.75,288.73,0.0,2025-03-06T01:32:16,90170.09,sl,-5.8336,-1.0102,2025-03
2025-03-06T01:44:01,cont,BUY,90663.83,90234.4,91007.37,429.43,29.0,2025-03-06T01:46:24,91007.37,tp,6.8709,0.8,2025-03
2025-03-06T02:51:01,cont,BUY,92087.55,90994.25,92962.19,1093.3,96.0,2025-03-06T09:05:49,90975.45,sl,-22.242,-1.0172,2025-03
2025-03-06T09:36:01,cont,SELL,90738.04,91075.04,90468.44,337.0,35.0,2025-03-06T10:15:32,91077.05,sl,-6.7802,-1.006,2025-03
2025-03-06T15:41:01,flip,BUY,91497.76,90531.57,92270.71,966.19,0.0,2025-03-06T16:22:15,90529.54,sl,-19.3644,-1.0021,2025-03
2025-03-06T16:54:01,flip,SELL,89827.63,90449.87,89329.84,622.24,0.0,2025-03-06T16:59:14,89329.84,tp,9.9558,0.8,2025-03
2025-03-06T17:18:01,cont,SELL,88530.09,89047.31,88116.31,517.22,24.0,2025-03-06T17:50:19,88116.31,tp,8.2755,0.8,2025-03
2025-03-06T17:51:01,cont,SELL,88125.81,88371.56,87929.21,245.75,57.0,2025-03-06T17:54:53,88375.1,sl,-4.9858,-1.0144,2025-03
2025-03-06T18:19:01,flip,BUY,88964.26,88428.65,89392.75,535.61,0.0,2025-03-06T18:30:19,88428.21,sl,-10.721,-1.0008,2025-03
2025-03-06T19:03:01,flip,SELL,88171.87,88624.43,87809.82,452.56,0.0,2025-03-06T19:42:09,88630.25,sl,-9.1676,-1.0129,2025-03
2025-03-06T21:09:01,flip,BUY,89390.12,88502.35,90100.34,887.77,0.0,2025-03-06T22:00:04,90100.34,tp,14.2043,0.8,2025-03
2025-03-07T00:14:01,flip,BUY,91199.56,89521.62,92541.91,1677.94,0.0,2025-03-07T00:15:26,89518.14,sl,-33.6284,-1.0021,2025-03
2025-03-07T00:47:01,flip,SELL,85532.89,86363.51,84868.39,830.62,0.0,2025-03-07T00:55:07,84868.39,tp,13.2899,0.8,2025-03
2025-03-07T01:15:01,flip,BUY,86501.94,86086.0,86834.69,415.94,0.0,2025-03-07T01:16:34,86834.69,tp,6.655,0.8,2025-03
2025-03-07T16:21:01,flip,SELL,88041.97,89271.83,87058.08,1229.86,0.0,2025-03-07T16:42:52,87058.08,tp,19.6778,0.8,2025-03
2025-03-07T16:52:01,cont,SELL,86790.72,87453.83,86260.23,663.11,31.0,2025-03-07T17:02:22,87457.39,sl,-13.3334,-1.0054,2025-03
2025-03-07T17:38:01,flip,BUY,87701.96,86513.35,88652.85,1188.61,0.0,2025-03-07T18:51:12,88652.85,tp,19.0178,0.8,2025-03
2025-03-07T18:52:01,cont,BUY,88611.57,87570.65,89444.31,1040.92,74.0,2025-03-07T19:45:33,87569.39,sl,-20.8436,-1.0012,2025-03
2025-03-07T20:38:01,flip,SELL,87107.96,88292.71,86160.16,1184.75,0.0,2025-03-07T20:52:42,88293.6,sl,-23.7128,-1.0008,2025-03
2025-03-07T20:57:01,cont,SELL,86786.27,88529.8,85391.45,1743.53,19.0,2025-03-08T01:33:35,85391.45,tp,27.8965,0.8,2025-03
2025-03-09T20:32:01,flip,BUY,83372.84,82381.06,84166.26,991.78,0.0,2025-03-09T21:17:07,82380.9,sl,-19.8388,-1.0002,2025-03
2025-03-09T22:13:01,flip,SELL,81474.11,82298.81,80814.35,824.7,0.0,2025-03-09T22:52:33,80814.35,tp,13.1952,0.8,2025-03
2025-03-10T02:35:01,flip,BUY,82562.06,82092.42,82937.77,469.64,0.0,2025-03-10T03:07:04,82081.75,sl,-9.6062,-1.0227,2025-03
2025-03-10T03:13:01,flip,SELL,81959.66,82135.95,81818.63,176.29,0.0,2025-03-10T03:26:00,81818.63,tp,2.8206,0.8,2025-03
2025-03-10T04:07:01,flip,BUY,82392.73,82031.97,82681.34,360.76,0.0,2025-03-10T05:00:25,82681.34,tp,5.7722,0.8,2025-03
2025-03-10T06:08:01,flip,SELL,82131.09,82378.26,81933.35,247.17,0.0,2025-03-10T06:18:36,82378.94,sl,-4.957,-1.0028,2025-03
2025-03-10T06:41:01,cont,SELL,82085.29,82411.33,81824.46,326.04,33.0,2025-03-10T06:57:54,82411.51,sl,-6.5244,-1.0006,2025-03
2025-03-10T20:57:01,flip,BUY,79665.51,78407.46,80671.95,1258.05,0.0,2025-03-11T00:18:50,78400.12,sl,-25.3078,-1.0058,2025-03
2025-03-11T00:19:01,flip,SELL,78378.78,79267.96,77667.44,889.18,0.0,2025-03-11T00:25:25,77667.44,tp,14.2269,0.8,2025-03
2025-03-11T00:30:01,cont,SELL,77281.65,78019.54,76691.34,737.89,11.0,2025-03-11T00:51:43,76691.34,tp,11.8062,0.8,2025-03
2025-03-11T00:52:01,cont,SELL,76626.43,77198.27,76168.96,571.84,33.0,2025-03-11T00:54:57,77202.58,sl,-11.523,-1.0075,2025-03
2025-03-11T00:59:01,flip,BUY,77497.72,76980.15,77911.78,517.57,0.0,2025-03-11T01:06:25,76979.57,sl,-10.363,-1.0011,2025-03
2025-03-11T01:27:01,cont,BUY,77765.89,76808.45,78531.84,957.44,28.0,2025-03-11T01:36:52,78531.84,tp,15.319,0.8,2025-03
2025-03-11T01:52:01,cont,BUY,79020.35,78577.13,79374.93,443.22,53.0,2025-03-11T02:01:01,79374.93,tp,7.0915,0.8,2025-03
2025-03-11T02:09:01,cont,BUY,79518.67,79022.43,79915.66,496.24,70.0,2025-03-11T03:12:21,79915.66,tp,7.9398,0.8,2025-03
2025-03-11T10:00:01,flip,SELL,81560.99,81724.28,81430.36,163.29,0.0,2025-03-11T10:01:15,81430.36,tp,2.6126,0.8,2025-03
2025-03-11T10:18:01,flip,BUY,81791.27,81617.69,81930.13,173.58,0.0,2025-03-11T10:31:34,81930.13,tp,2.7773,0.8,2025-03
2025-03-11T11:31:01,cont,BUY,81985.14,81473.17,82394.72,511.97,73.0,2025-03-11T12:11:16,81470.15,sl,-10.2998,-1.0059,2025-03
2025-03-11T12:49:01,flip,SELL,81251.1,81983.1,80665.5,732.0,0.0,2025-03-11T13:09:51,80665.5,tp,11.712,0.8,2025-03
2025-03-11T14:03:01,cont,SELL,80404.15,82279.83,78903.61,1875.68,74.0,2025-03-11T18:12:41,82282.16,sl,-37.5602,-1.0012,2025-03
2025-03-11T19:25:01,flip,SELL,82885.46,83167.55,82659.79,282.09,0.0,2025-03-11T19:26:25,83169.51,sl,-5.681,-1.0069,2025-03
2025-03-11T20:15:01,cont,SELL,82854.71,83505.27,82334.26,650.56,50.0,2025-03-12T01:43:02,83507.51,sl,-13.056,-1.0034,2025-03
2025-03-12T01:47:01,flip,BUY,83534.64,83370.79,83665.72,163.85,0.0,2025-03-12T01:52:45,83665.72,tp,2.6216,0.8,2025-03
2025-03-12T01:53:01,cont,BUY,83673.76,83498.0,83814.37,175.76,6.0,2025-03-12T01:54:32,83814.37,tp,2.8122,0.8,2025-03
2025-03-12T02:24:01,flip,SELL,82755.67,83328.03,82297.78,572.36,0.0,2025-03-12T02:40:34,82297.78,tp,9.1578,0.8,2025-03
2025-03-12T03:34:01,cont,SELL,82203.37,82628.62,81863.17,425.25,70.0,2025-03-12T04:05:06,81863.17,tp,6.804,0.8,2025-03
2025-03-12T05:02:01,flip,BUY,81944.25,81826.65,82038.33,117.6,0.0,2025-03-12T05:06:01,81826.59,sl,-2.3532,-1.0005,2025-03
2025-03-12T05:35:01,cont,BUY,82040.89,81652.91,82351.27,387.98,33.0,2025-03-12T06:11:14,81651.49,sl,-7.788,-1.0037,2025-03
2025-03-12T06:48:01,flip,SELL,81513.56,81861.15,81235.49,347.59,0.0,2025-03-12T07:28:19,81862.21,sl,-6.973,-1.003,2025-03
2025-03-12T07:44:01,cont,BUY,81958.25,81636.87,82215.35,321.38,16.0,2025-03-12T07:49:23,82215.35,tp,5.1421,0.8,2025-03
2025-03-12T08:13:01,cont,BUY,82849.17,82423.07,83190.05,426.1,45.0,2025-03-12T08:16:45,82420.73,sl,-8.5688,-1.0055,2025-03
2025-03-12T09:03:01,cont,BUY,82922.56,82046.89,83623.1,875.67,95.0,2025-03-12T12:30:01,83623.1,tp,14.0107,0.8,2025-03
2025-03-12T14:16:01,flip,SELL,82380.3,82937.3,81934.7,557.0,0.0,2025-03-12T14:32:35,81934.7,tp,8.912,0.8,2025-03
2025-03-12T14:33:01,cont,SELL,81986.21,82779.18,81351.83,792.97,17.0,2025-03-12T15:02:13,81351.83,tp,12.6875,0.8,2025-03
2025-03-12T16:06:01,flip,BUY,82117.41,81541.49,82578.15,575.92,0.0,2025-03-12T17:11:00,82578.15,tp,9.2147,0.8,2025-03
2025-03-12T21:39:01,flip,SELL,83125.58,83289.14,82994.73,163.56,0.0,2025-03-12T21:51:37,82994.73,tp,2.617,0.8,2025-03
2025-03-12T21:52:01,cont,SELL,82965.14,83054.53,82893.63,89.39,13.0,2025-03-12T21:55:01,82893.63,tp,1.4302,0.8,2025-03
2025-03-12T22:37:01,flip,BUY,83638.21,83505.25,83744.58,132.96,0.0,2025-03-12T23:11:05,83744.58,tp,2.1274,0.8,2025-03
2025-03-12T23:26:01,flip,SELL,83489.52,83590.59,83408.66,101.07,0.0,2025-03-12T23:33:16,83590.86,sl,-2.0268,-1.0027,2025-03
2025-03-12T23:50:01,flip,BUY,83760.05,83657.18,83842.35,102.87,0.0,2025-03-12T23:52:52,83842.35,tp,1.6459,0.8,2025-03
2025-03-13T00:17:01,flip,SELL,83513.03,83856.24,83238.46,343.21,0.0,2025-03-13T00:21:05,83857.52,sl,-6.8898,-1.0037,2025-03
2025-03-13T00:59:01,cont,SELL,83483.64,84040.12,83038.46,556.48,42.0,2025-03-13T01:51:07,84059.54,sl,-11.518,-1.0349,2025-03
2025-03-13T02:07:01,cont,BUY,84216.34,83874.99,84489.42,341.35,34.0,2025-03-13T02:31:25,83874.15,sl,-6.8438,-1.0025,2025-03
2025-03-13T03:08:01,flip,SELL,83763.24,83906.93,83648.29,143.69,0.0,2025-03-13T03:10:10,83906.99,sl,-2.875,-1.0004,2025-03
2025-03-13T03:32:01,cont,SELL,83745.42,84179.46,83398.19,434.04,24.0,2025-03-13T04:34:32,83398.19,tp,6.9446,0.8,2025-03
2025-03-13T04:58:01,cont,SELL,83225.08,83457.66,83039.02,232.58,110.0,2025-03-13T05:05:52,83458.06,sl,-4.6596,-1.0017,2025-03
2025-03-13T06:46:01,flip,BUY,83159.14,83018.33,83271.79,140.81,0.0,2025-03-13T06:46:57,83271.79,tp,2.253,0.8,2025-03
2025-03-13T07:06:01,cont,BUY,83349.04,83188.96,83477.1,160.08,20.0,2025-03-13T07:09:13,83188.75,sl,-3.2058,-1.0013,2025-03
2025-03-13T07:22:01,cont,BUY,83418.9,83136.45,83644.86,282.45,36.0,2025-03-13T07:59:18,83134.18,sl,-5.6944,-1.008,2025-03
2025-03-13T08:41:01,flip,SELL,82451.85,82799.3,82173.89,347.45,0.0,2025-03-13T08:46:48,82802.49,sl,-7.0128,-1.0092,2025-03
2025-03-13T08:58:01,flip,BUY,83046.67,82841.16,83211.08,205.51,0.0,2025-03-13T09:00:43,83211.08,tp,3.2882,0.8,2025-03
2025-03-13T11:48:01,flip,SELL,82724.68,83001.7,82503.06,277.02,0.0,2025-03-13T12:00:45,83004.14,sl,-5.5892,-1.0088,2025-03
2025-03-13T12:50:01,cont,SELL,82670.56,83286.56,82177.76,616.0,62.0,2025-03-13T13:47:07,82177.76,tp,9.856,0.8,2025-03
2025-03-13T15:16:01,cont,SELL,81545.09,82517.44,80767.21,972.35,97.0,2025-03-13T16:46:58,80767.21,tp,15.5576,0.8,2025-03
2025-03-13T18:24:01,flip,BUY,80902.12,80551.22,81182.84,350.9,0.0,2025-03-13T19:26:10,80547.17,sl,-7.099,-1.0115,2025-03
2025-03-13T19:43:01,cont,SELL,80387.21,80707.43,80131.03,320.22,17.0,2025-03-13T20:19:22,80709.66,sl,-6.449,-1.007,2025-03
2025-03-13T20:31:01,cont,BUY,80722.5,80563.06,80850.05,159.44,14.0,2025-03-13T20:42:26,80562.86,sl,-3.1928,-1.0013,2025-03
2025-03-13T21:41:01,cont,BUY,80827.45,80292.17,81255.67,535.28,84.0,2025-03-13T22:47:27,81255.67,tp,8.5645,0.8,2025-03
2025-03-13T23:42:01,flip,SELL,81134.98,81275.21,81022.8,140.23,0.0,2025-03-13T23:50:06,81275.25,sl,-2.8054,-1.0003,2025-03
2025-03-14T00:01:01,cont,SELL,81120.09,81259.04,81008.93,138.95,19.0,2025-03-14T00:06:46,81008.93,tp,2.2232,0.8,2025-03
2025-03-14T00:51:01,flip,BUY,81685.42,81438.13,81883.25,247.29,0.0,2025-03-14T01:03:31,81433.24,sl,-5.0436,-1.0198,2025-03
2025-03-14T01:35:01,cont,BUY,81753.91,81254.95,82153.08,498.96,44.0,2025-03-14T02:53:21,82153.08,tp,7.9834,0.8,2025-03
2025-03-14T03:31:01,flip,SELL,81901.09,82192.52,81667.95,291.43,0.0,2025-03-14T05:56:13,82192.89,sl,-5.836,-1.0013,2025-03
2025-03-14T05:57:01,cont,BUY,82247.23,82007.96,82438.65,239.27,105.0,2025-03-14T06:16:11,82007.64,sl,-4.7918,-1.0013,2025-03
2025-03-14T06:43:01,flip,SELL,81820.93,81992.76,81683.47,171.83,0.0,2025-03-14T06:52:17,81994.19,sl,-3.4652,-1.0083,2025-03
2025-03-14T07:13:01,flip,BUY,82087.96,81911.6,82229.05,176.36,0.0,2025-03-14T07:42:43,82229.05,tp,2.8218,0.8,2025-03
2025-03-14T08:17:01,cont,BUY,82527.44,82166.44,82816.24,361.0,64.0,2025-03-14T09:21:09,82816.24,tp,5.776,0.8,2025-03
2025-03-14T15:54:01,flip,SELL,84691.24,85065.95,84391.47,374.71,0.0,2025-03-14T16:30:36,84391.47,tp,5.9954,0.8,2025-03
2025-03-16T14:57:01,flip,BUY,83354.76,82484.32,84051.11,870.44,0.0,2025-03-16T16:08:31,84051.11,tp,13.927,0.8,2025-03
2025-03-16T21:39:01,flip,SELL,82762.04,83451.15,82210.75,689.11,0.0,2025-03-16T22:37:42,82210.75,tp,11.0258,0.8,2025-03
2025-03-16T22:56:01,cont,SELL,82133.43,82598.34,81761.5,464.91,77.0,2025-03-16T23:34:33,82603.2,sl,-9.3954,-1.0105,2025-03
2025-03-17T00:21:01,flip,BUY,82860.26,82713.98,82977.28,146.28,0.0,2025-03-17T00:33:33,82977.28,tp,2.3405,0.8,2025-03
2025-03-17T00:47:01,cont,BUY,83098.71,82818.55,83322.84,280.16,26.0,2025-03-17T01:46:37,83322.84,tp,4.4826,0.8,2025-03
2025-03-17T04:49:01,flip,SELL,83574.71,83725.54,83454.05,150.83,0.0,2025-03-17T05:04:26,83454.05,tp,2.4133,0.8,2025-03
2025-03-17T05:12:01,cont,SELL,83404.53,83536.25,83299.15,131.72,23.0,2025-03-17T05:13:54,83299.15,tp,2.1075,0.8,2025-03
2025-03-17T05:37:01,cont,SELL,83204.37,83373.13,83069.36,168.76,48.0,2025-03-17T06:25:34,83069.36,tp,2.7002,0.8,2025-03
2025-03-17T07:46:01,flip,BUY,83515.72,83232.75,83742.1,282.97,0.0,2025-03-17T08:18:25,83229.71,sl,-5.7202,-1.0107,2025-03
2025-03-17T08:47:01,cont,BUY,83679.99,83204.82,84060.13,475.17,61.0,2025-03-17T11:06:00,83203.07,sl,-9.5384,-1.0037,2025-03
2025-03-17T11:06:01,cont,SELL,83209.07,83384.39,83068.81,175.32,29.0,2025-03-17T11:13:27,83385.81,sl,-3.5348,-1.0081,2025-03
2025-03-17T11:39:01,flip,BUY,83677.59,83519.46,83804.09,158.13,0.0,2025-03-17T11:45:27,83512.72,sl,-3.2974,-1.0426,2025-03
2025-03-17T12:01:01,cont,BUY,83751.17,83478.06,83969.66,273.11,22.0,2025-03-17T12:02:29,83476.1,sl,-5.5014,-1.0072,2025-03
2025-03-17T13:03:01,flip,SELL,82912.55,83948.16,82084.06,1035.61,0.0,2025-03-17T17:22:27,83952.42,sl,-20.7974,-1.0041,2025-03
2025-03-17T17:23:01,flip,BUY,83930.26,83101.96,84592.9,828.3,0.0,2025-03-17T18:53:11,84592.9,tp,13.2528,0.8,2025-03
2025-03-17T20:22:01,flip,SELL,84134.49,84340.89,83969.37,206.4,0.0,2025-03-17T20:35:45,83969.37,tp,3.3024,0.8,2025-03
2025-03-17T20:58:01,cont,SELL,83861.06,84175.57,83609.45,314.51,36.0,2025-03-17T21:21:49,84176.91,sl,-6.317,-1.0043,2025-03
2025-03-17T22:28:01,flip,BUY,84217.67,84017.42,84377.87,200.25,0.0,2025-03-17T23:00:56,84016.86,sl,-4.0162,-1.0028,2025-03
2025-03-17T23:22:01,flip,SELL,83958.04,84076.1,83863.59,118.06,0.0,2025-03-17T23:30:30,83863.59,tp,1.889,0.8,2025-03
2025-03-17T23:42:01,flip,BUY,84046.94,83954.43,84120.95,92.51,0.0,2025-03-17T23:44:34,84120.95,tp,1.4802,0.8,2025-03
2025-03-18T00:28:01,flip,SELL,83855.03,83998.98,83739.87,143.95,0.0,2025-03-18T00:30:12,83739.87,tp,2.3032,0.8,2025-03
2025-03-18T01:11:01,cont,SELL,83654.3,83912.63,83447.64,258.33,43.0,2025-03-18T01:15:54,83447.64,tp,4.1333,0.8,2025-03
2025-03-18T01:22:01,cont,SELL,83355.75,83465.24,83268.16,109.49,54.0,2025-03-18T01:24:08,83268.16,tp,1.7518,0.8,2025-03
2025-03-18T01:33:01,cont,SELL,83176.24,83430.32,82972.98,254.08,65.0,2025-03-18T02:19:23,83430.61,sl,-5.0874,-1.0011,2025-03
2025-03-18T02:28:01,cont,BUY,83435.62,83243.74,83589.12,191.88,15.0,2025-03-18T03:02:59,83241.59,sl,-3.8806,-1.0112,2025-03
2025-03-18T03:07:01,cont,SELL,83208.2,83308.94,83127.61,100.74,5.0,2025-03-18T03:11:33,83312.63,sl,-2.0886,-1.0366,2025-03
2025-03-18T03:18:01,cont,SELL,83154.19,83309.97,83029.57,155.78,16.0,2025-03-18T03:20:15,83310.0,sl,-3.1162,-1.0002,2025-03
2025-03-18T03:30:01,cont,SELL,83107.8,83311.95,82944.48,204.15,28.0,2025-03-18T04:48:40,82944.48,tp,3.2664,0.8,2025-03
2025-03-18T04:51:01,cont,SELL,82920.93,83245.78,82661.05,324.85,109.0,2025-03-18T06:27:26,82661.05,tp,5.1976,0.8,2025-03
2025-03-18T07:47:01,flip,BUY,83238.28,82847.63,83550.8,390.65,0.0,2025-03-18T09:58:48,82842.24,sl,-7.9208,-1.0138,2025-03
2025-03-18T10:14:01,flip,SELL,82770.45,82979.43,82603.27,208.98,0.0,2025-03-18T11:40:03,82603.27,tp,3.3437,0.8,2025-03
2025-03-18T11:41:01,cont,SELL,82585.25,82913.18,82322.91,327.93,87.0,2025-03-18T13:14:45,82322.91,tp,5.2469,0.8,2025-03
2025-03-18T13:15:01,cont,SELL,82323.25,82486.24,82192.86,162.99,23.0,2025-03-18T13:20:10,82487.28,sl,-3.2806,-1.0064,2025-03
2025-03-18T13:23:01,cont,SELL,82277.8,82419.54,82164.41,141.74,31.0,2025-03-18T13:30:01,82419.68,sl,-2.8376,-1.001,2025-03
2025-03-18T13:32:01,cont,SELL,82172.78,82399.41,81991.48,226.63,40.0,2025-03-18T13:33:11,82402.18,sl,-4.588,-1.0122,2025-03
2025-03-18T13:35:01,cont,SELL,82114.15,82399.71,81885.7,285.56,43.0,2025-03-18T13:36:02,81885.7,tp,4.569,0.8,2025-03
2025-03-18T13:45:01,cont,SELL,81410.9,81789.87,81107.72,378.97,53.0,2025-03-18T14:37:02,81790.37,sl,-7.5894,-1.0013,2025-03
2025-03-18T15:34:01,cont,BUY,82008.7,81547.13,82377.96,461.57,64.0,2025-03-18T16:08:22,81544.6,sl,-9.282,-1.0055,2025-03
2025-03-18T18:12:01,flip,SELL,81350.64,81870.28,80934.93,519.64,0.0,2025-03-18T18:47:09,81876.39,sl,-10.515,-1.0118,2025-03
2025-03-18T19:16:01,flip,BUY,82049.1,81779.99,82264.39,269.11,0.0,2025-03-18T19:51:54,82264.39,tp,4.3058,0.8,2025-03
2025-03-18T20:37:01,flip,SELL,81952.69,82064.18,81863.5,111.49,0.0,2025-03-18T20:53:54,82065.67,sl,-2.2596,-1.0134,2025-03
2025-03-18T21:09:01,flip,BUY,82128.39,82053.22,82188.53,75.17,0.0,2025-03-18T21:14:13,82188.53,tp,1.2027,0.8,2025-03
2025-03-18T22:13:01,cont,BUY,82290.51,81958.45,82556.16,332.06,64.0,2025-03-18T22:53:44,82556.16,tp,5.313,0.8,2025-03
2025-03-19T01:20:01,flip,SELL,82869.05,82973.5,82785.49,104.45,0.0,2025-03-19T01:33:24,82977.07,sl,-2.1604,-1.0342,2025-03
2025-03-19T01:59:01,cont,SELL,82708.14,83108.51,82387.84,400.37,39.0,2025-03-19T03:57:04,83110.8,sl,-8.0532,-1.0057,2025-03
2025-03-19T05:40:01,flip,BUY,83242.52,83006.06,83431.69,236.46,0.0,2025-03-19T08:10:32,83431.69,tp,3.7834,0.8,2025-03
2025-03-19T12:22:01,flip,SELL,83698.79,83883.99,83550.63,185.2,0.0,2025-03-19T12:40:48,83550.63,tp,2.9632,0.8,2025-03
2025-03-19T14:04:01,flip,BUY,84387.86,83638.39,84987.44,749.47,0.0,2025-03-19T18:00:11,84987.44,tp,11.9915,0.8,2025-03
2025-03-19T18:07:01,cont,SELL,83635.3,85113.01,82453.13,1477.71,112.0,2025-03-19T18:53:05,85138.7,sl,-30.068,-1.0174,2025-03
2025-03-19T19:09:01,flip,BUY,85987.99,85366.58,86485.12,621.41,0.0,2025-03-19T19:21:06,85364.39,sl,-12.472,-1.0035,2025-03
2025-03-20T01:45:01,flip,SELL,85819.57,86437.94,85324.87,618.37,0.0,2025-03-20T10:17:17,85324.87,tp,9.8939,0.8,2025-03
2025-03-20T17:09:01,flip,BUY,84117.2,83819.96,84354.99,297.24,0.0,2025-03-20T17:25:33,83818.76,sl,-5.9688,-1.004,2025-03
2025-03-20T17:43:01,cont,BUY,84206.14,83737.16,84581.32,468.98,34.0,2025-03-20T20:42:03,84581.32,tp,7.5037,0.8,2025-03
2025-03-20T23:16:01,flip,SELL,83951.74,84311.37,83664.04,359.63,0.0,2025-03-20T23:50:18,84312.71,sl,-7.2194,-1.0037,2025-03
2025-03-21T00:05:01,flip,BUY,84336.16,84162.39,84475.18,173.77,0.0,2025-03-21T00:43:20,84475.18,tp,2.7803,0.8,2025-03
2025-03-21T00:44:01,cont,BUY,84491.61,84240.84,84692.23,250.77,39.0,2025-03-21T01:51:06,84692.23,tp,4.0123,0.8,2025-03
2025-03-21T01:57:01,cont,BUY,84772.31,84644.65,84874.44,127.66,112.0,2025-03-21T02:10:45,84643.45,sl,-2.5772,-1.0094,2025-03
2025-03-21T03:08:01,flip,SELL,84469.07,84749.01,84245.12,279.94,0.0,2025-03-21T04:32:13,84758.08,sl,-5.7802,-1.0324,2025-03
2025-03-21T09:34:01,flip,BUY,84213.49,83704.16,84620.95,509.33,0.0,2025-03-21T12:41:21,83700.19,sl,-10.266,-1.0078,2025-03
2025-03-21T12:57:01,flip,SELL,83598.25,83875.64,83376.34,277.39,0.0,2025-03-21T12:58:01,83376.34,tp,4.4382,0.8,2025-03
2025-03-21T13:36:01,cont,SELL,83264.7,83864.89,82784.55,600.19,39.0,2025-03-21T13:45:41,83872.08,sl,-12.1476,-1.012,2025-03
2025-03-21T14:22:01,flip,BUY,84057.02,83487.75,84512.44,569.27,0.0,2025-03-21T16:02:21,83487.66,sl,-11.3872,-1.0002,2025-03
2025-03-23T18:25:01,flip,SELL,84843.65,85155.79,84593.94,312.14,0.0,2025-03-23T20:00:07,85159.94,sl,-6.3258,-1.0133,2025-03
2025-03-23T20:09:01,flip,BUY,85216.75,85137.53,85280.13,79.22,0.0,2025-03-23T20:32:35,85280.13,tp,1.2675,0.8,2025-03
2025-03-23T20:47:01,cont,BUY,85327.55,85205.24,85425.4,122.31,38.0,2025-03-23T20:55:14,85198.21,sl,-2.5868,-1.0575,2025-03
2025-03-23T22:02:01,cont,BUY,85399.94,84941.74,85766.5,458.2,113.0,2025-03-23T23:26:31,85766.5,tp,7.3312,0.8,2025-03
2025-03-24T01:29:01,flip,SELL,85730.4,85966.29,85541.69,235.89,0.0,2025-03-24T02:53:02,85966.85,sl,-4.729,-1.0024,2025-03
2025-03-24T03:03:01,cont,BUY,85994.93,85898.52,86072.06,96.41,31.0,2025-03-24T03:05:23,86072.06,tp,1.5426,0.8,2025-03
2025-03-24T03:20:01,cont,BUY,86384.62,86143.2,86577.76,241.42,48.0,2025-03-24T03:59:10,86577.76,tp,3.8627,0.8,2025-03
2025-03-24T04:01:01,cont,BUY,86722.78,86259.92,87093.07,462.86,89.0,2025-03-24T06:08:02,87093.07,tp,7.4058,0.8,2025-03
2025-03-24T09:53:01,flip,SELL,87138.31,87344.65,86973.24,206.34,0.0,2025-03-24T10:08:55,87356.3,sl,-4.3598,-1.0565,2025-03
2025-03-24T10:36:01,flip,BUY,87580.79,87457.23,87679.64,123.56,0.0,2025-03-24T10:38:51,87679.64,tp,1.977,0.8,2025-03
2025-03-24T10:53:01,cont,BUY,87815.23,87621.24,87970.42,193.99,17.0,2025-03-24T11:18:28,87621.06,sl,-3.8834,-1.0009,2025-03
2025-03-24T12:02:01,flip,SELL,87416.16,87803.6,87106.21,387.44,0.0,2025-03-24T14:01:46,87804.51,sl,-7.767,-1.0023,2025-03
2025-03-24T14:02:01,cont,BUY,87839.7,87650.59,87990.99,189.11,4.0,2025-03-24T14:02:39,87990.99,tp,3.0258,0.8,2025-03
2025-03-24T22:46:01,flip,SELL,87481.56,87666.3,87333.77,184.74,0.0,2025-03-24T22:47:01,87333.77,tp,2.9558,0.8,2025-03
2025-03-24T23:16:01,cont,SELL,87259.33,87426.04,87125.96,166.71,30.0,2025-03-24T23:23:34,87125.96,tp,2.6674,0.8,2025-03
2025-03-25T00:22:01,flip,BUY,87603.85,87271.85,87869.45,332.0,0.0,2025-03-25T01:19:20,87267.47,sl,-6.7276,-1.0132,2025-03
2025-03-25T01:27:01,cont,SELL,87244.22,87327.95,87177.24,83.73,21.0,2025-03-25T01:27:45,87177.24,tp,1.3397,0.8,2025-03
2025-03-25T02:56:01,cont,SELL,86849.98,87295.49,86493.57,445.51,110.0,2025-03-25T03:44:11,86493.57,tp,7.1282,0.8,2025-03
2025-03-25T05:32:01,flip,BUY,86709.72,86381.65,86972.18,328.07,0.0,2025-03-25T07:38:31,86378.86,sl,-6.6172,-1.0085,2025-03
2025-03-25T07:39:01,cont,SELL,86407.59,86471.92,86356.13,64.33,50.0,2025-03-25T07:40:50,86356.13,tp,1.0293,0.8,2025-03
2025-03-25T08:03:01,flip,BUY,86570.82,86418.4,86692.76,152.42,0.0,2025-03-25T08:19:13,86413.38,sl,-3.1488,-1.0329,2025-03
2025-03-25T08:24:01,cont,BUY,86639.3,86393.08,86836.28,246.22,21.0,2025-03-25T09:19:01,86836.28,tp,3.9395,0.8,2025-03
2025-03-25T09:32:01,cont,BUY,86975.86,86812.89,87106.24,162.97,89.0,2025-03-25T09:36:11,87106.24,tp,2.6075,0.8,2025-03
2025-03-25T16:33:01,flip,SELL,87698.38,88022.19,87439.33,323.81,0.0,2025-03-25T17:02:15,88023.61,sl,-6.5046,-1.0044,2025-03
2025-03-25T23:06:01,flip,SELL,87255.96,87684.92,86912.79,428.96,0.0,2025-03-26T00:36:37,87687.22,sl,-8.6252,-1.0054,2025-03
2025-03-26T00:37:01,cont,BUY,87734.38,87543.31,87887.24,191.07,67.0,2025-03-26T01:20:58,87887.24,tp,3.0571,0.8,2025-03
2025-03-26T01:21:01,flip,BUY,87922.31,87703.15,88097.64,219.16,0.0,2025-03-26T02:03:24,87702.8,sl,-4.3902,-1.0016,2025-03
2025-03-26T02:15:01,flip,SELL,87577.8,87689.51,87488.43,111.71,0.0,2025-03-26T02:20:24,87488.43,tp,1.7874,0.8,2025-03
2025-03-26T02:33:01,cont,SELL,87491.47,87582.99,87418.25,91.52,18.0,2025-03-26T02:50:50,87418.25,tp,1.4643,0.8,2025-03
2025-03-26T03:04:01,cont,SELL,87338.94,87445.49,87253.7,106.55,49.0,2025-03-26T03:10:57,87253.7,tp,1.7048,0.8,2025-03
2025-03-26T03:40:01,cont,SELL,87147.38,87362.68,86975.14,215.3,85.0,2025-03-26T04:31:51,87363.72,sl,-4.3268,-1.0048,2025-03
2025-03-26T04:34:01,flip,BUY,87374.42,87138.02,87563.54,236.4,0.0,2025-03-26T05:42:38,87563.54,tp,3.7824,0.8,2025-03
2025-03-26T05:43:01,cont,BUY,87584.91,87241.7,87859.48,343.21,69.0,2025-03-26T06:54:34,87859.48,tp,5.4914,0.8,2025-03
2025-03-26T12:35:01,flip,SELL,87633.61,87859.96,87452.53,226.35,0.0,2025-03-26T12:53:58,87864.86,sl,-4.625,-1.0216,2025-03
2025-03-26T13:16:01,cont,SELL,87593.18,87847.68,87389.58,254.5,41.0,2025-03-26T13:37:54,87849.65,sl,-5.1294,-1.0077,2025-03
2025-03-26T13:52:01,cont,SELL,87343.83,87954.75,86855.09,610.92,77.0,2025-03-26T13:58:15,86855.09,tp,9.7747,0.8,2025-03
2025-03-26T14:20:01,cont,SELL,86829.1,87351.53,86411.16,522.43,105.0,2025-03-26T18:49:02,86411.16,tp,8.3589,0.8,2025-03
2025-03-26T20:35:01,flip,BUY,87422.84,87214.18,87589.77,208.66,0.0,2025-03-26T20:57:01,87209.81,sl,-4.2606,-1.0209,2025-03
2025-03-26T21:20:01,flip,SELL,87136.17,87351.19,86964.15,215.02,0.0,2025-03-26T21:37:36,86964.15,tp,3.4403,0.8,2025-03
2025-03-26T22:29:01,cont,SELL,86828.22,87291.24,86457.8,463.02,69.0,2025-03-27T00:35:35,87292.15,sl,-9.2786,-1.002,2025-03
2025-03-27T01:50:01,cont,BUY,87528.76,87218.21,87777.2,310.55,118.0,2025-03-27T02:48:48,87777.2,tp,4.9688,0.8,2025-03
2025-03-27T05:19:01,flip,SELL,87443.55,87727.29,87216.56,283.74,0.0,2025-03-27T10:47:15,87216.56,tp,4.5398,0.8,2025-03
2025-03-27T11:48:01,flip,SELL,86848.45,87076.68,86665.87,228.23,0.0,2025-03-27T12:13:14,87079.59,sl,-4.6228,-1.0128,2025-03
2025-03-27T12:52:01,cont,SELL,86827.07,87141.82,86575.27,314.75,64.0,2025-03-27T13:18:59,86575.27,tp,5.036,0.8,2025-03
2025-03-27T13:19:01,cont,SELL,86543.55,86712.93,86408.05,169.38,91.0,2025-03-27T13:22:10,86408.05,tp,2.7101,0.8,2025-03
2025-03-27T13:34:02,cont,SELL,86096.75,86440.76,85821.54,344.01,106.0,2025-03-27T13:40:16,85821.54,tp,5.5042,0.8,2025-03
2025-03-27T14:38:01,flip,BUY,86800.65,86196.24,87284.18,604.41,0.0,2025-03-27T14:54:04,87284.18,tp,9.6706,0.8,2025-03
2025-03-27T15:11:01,cont,BUY,87338.04,87134.33,87501.01,203.71,33.0,2025-03-27T15:17:43,87501.01,tp,3.2594,0.8,2025-03
2025-03-27T15:47:01,flip,SELL,86777.52,86999.57,86599.88,222.05,0.0,2025-03-27T15:50:55,87002.94,sl,-4.5084,-1.0152,2025-03
2025-03-27T16:07:01,flip,BUY,87127.12,86920.57,87292.36,206.55,0.0,2025-03-27T16:50:19,86919.48,sl,-4.1528,-1.0053,2025-03
2025-03-27T19:22:01,flip,BUY,87462.89,87148.36,87714.51,314.53,0.0,2025-03-27T19:53:16,87145.91,sl,-6.3396,-1.0078,2025-03
2025-03-27T20:01:01,flip,SELL,87091.56,87213.49,86994.02,121.93,0.0,2025-03-27T20:06:59,86994.02,tp,1.9509,0.8,2025-03
2025-03-27T20:41:01,flip,BUY,87344.91,87134.26,87513.43,210.65,0.0,2025-03-27T21:31:27,87513.43,tp,3.3704,0.8,2025-03
2025-03-27T21:32:01,cont,BUY,87715.13,87402.11,87965.55,313.02,51.0,2025-03-27T22:09:38,87396.92,sl,-6.3642,-1.0166,2025-03
2025-03-27T22:35:01,flip,SELL,87338.57,87433.97,87262.25,95.4,0.0,2025-03-27T22:54:10,87434.49,sl,-1.9184,-1.0055,2025-03
2025-03-27T23:01:01,cont,SELL,87316.01,87435.41,87220.49,119.4,26.0,2025-03-27T23:12:08,87220.49,tp,1.9104,0.8,2025-03
2025-03-27T23:44:01,cont,SELL,87131.1,87331.16,86971.05,200.06,69.0,2025-03-28T00:27:21,86971.05,tp,3.201,0.8,2025-03
2025-03-28T00:49:01,flip,BUY,87288.82,87127.02,87418.26,161.8,0.0,2025-03-28T01:15:32,87124.98,sl,-3.2768,-1.0126,2025-03
2025-03-28T01:35:01,cont,BUY,87400.62,87111.34,87632.04,289.28,46.0,2025-03-28T02:31:56,87103.17,sl,-5.949,-1.0282,2025-03
2025-03-28T02:46:01,flip,SELL,87034.78,87180.78,86917.98,146.0,0.0,2025-03-28T03:06:23,86917.98,tp,2.336,0.8,2025-03
2025-03-28T03:30:01,cont,SELL,86772.1,86924.59,86650.11,152.49,44.0,2025-03-28T04:31:56,86650.11,tp,2.4398,0.8,2025-03
2025-03-28T04:33:01,cont,SELL,86595.07,86780.55,86446.69,185.48,107.0,2025-03-28T04:39:45,86446.69,tp,2.9677,0.8,2025-03
2025-03-28T11:58:01,flip,BUY,85238.25,84856.02,85544.03,382.23,0.0,2025-03-28T12:30:08,85544.03,tp,6.1157,0.8,2025-03
2025-03-28T13:18:01,cont,BUY,85484.91,84859.73,85985.05,625.18,80.0,2025-03-28T14:04:35,84856.2,sl,-12.5742,-1.0056,2025-03
2025-03-28T14:13:01,flip,SELL,84326.22,84532.13,84161.49,205.91,0.0,2025-03-28T14:15:26,84533.95,sl,-4.1546,-1.0088,2025-03
2025-03-28T14:33:01,cont,SELL,84240.42,84586.35,83963.68,345.93,20.0,2025-03-28T15:04:14,83963.68,tp,5.5349,0.8,2025-03
2025-03-28T15:33:01,flip,BUY,84352.6,84045.48,84598.3,307.12,0.0,2025-03-28T15:58:06,84042.84,sl,-6.1952,-1.0086,2025-03
2025-03-28T17:09:01,flip,SELL,83731.86,84054.28,83473.92,322.42,0.0,2025-03-28T18:00:47,84056.12,sl,-6.4852,-1.0057,2025-03
2025-03-28T19:21:01,flip,SELL,83637.85,83723.37,83569.43,85.52,0.0,2025-03-28T19:23:59,83723.95,sl,-1.722,-1.0068,2025-03
2025-03-28T19:56:01,flip,BUY,83827.33,83657.82,83962.94,169.51,0.0,2025-03-28T20:21:31,83962.94,tp,2.7122,0.8,2025-03
2025-03-28T20:39:01,cont,BUY,84051.66,83865.81,84200.34,185.85,43.0,2025-03-28T20:55:00,83865.55,sl,-3.7222,-1.0014,2025-03
2025-03-28T21:02:01,flip,SELL,83729.19,83846.26,83635.53,117.07,0.0,2025-03-28T21:07:26,83850.97,sl,-2.4356,-1.0402,2025-03
2025-03-28T21:27:01,flip,BUY,84070.88,83802.22,84285.81,268.66,0.0,2025-03-28T22:29:00,84285.81,tp,4.2986,0.8,2025-03
2025-03-28T22:29:01,cont,BUY,84297.81,84146.87,84418.56,150.94,62.0,2025-03-28T22:55:15,84418.56,tp,2.415,0.8,2025-03
2025-03-28T22:56:01,cont,BUY,84416.93,84316.39,84497.36,100.54,89.0,2025-03-28T23:03:40,84497.36,tp,1.6086,0.8,2025-03
2025-03-28T23:22:01,flip,SELL,84261.4,84398.77,84151.5,137.37,0.0,2025-03-28T23:35:13,84399.25,sl,-2.757,-1.0035,2025-03
2025-03-29T00:00:03,flip,BUY,84438.86,84343.5,84515.15,95.36,0.0,2025-03-29T00:04:26,84343.31,sl,-1.911,-1.002,2025-03
2025-03-29T00:11:01,cont,BUY,84467.43,84344.4,84565.85,123.03,11.0,2025-03-29T00:26:55,84565.85,tp,1.9685,0.8,2025-03
2025-03-29T00:37:01,cont,BUY,84617.32,84472.34,84733.3,144.98,37.0,2025-03-29T00:47:49,84469.9,sl,-2.9484,-1.0168,2025-03
2025-03-29T01:17:01,flip,SELL,84351.14,84505.6,84227.57,154.46,0.0,2025-03-29T01:28:33,84227.57,tp,2.4714,0.8,2025-03
2025-03-29T01:52:01,cont,SELL,84204.59,84393.85,84053.18,189.26,35.0,2025-03-29T02:00:07,84396.4,sl,-3.8362,-1.0135,2025-03
2025-03-29T02:26:01,cont,SELL,84156.54,84418.46,83947.0,261.92,69.0,2025-03-29T02:57:06,83947.0,tp,4.1907,0.8,2025-03
2025-03-29T03:11:01,cont,SELL,83749.37,84012.72,83538.69,263.35,114.0,2025-03-29T03:17:07,84013.02,sl,-5.273,-1.0011,2025-03
2025-03-29T03:31:01,flip,BUY,84184.69,84011.07,84323.59,173.62,0.0,2025-03-29T04:22:34,84006.46,sl,-3.5646,-1.0266,2025-03
2025-03-29T04:32:01,flip,SELL,83994.0,84074.53,83929.58,80.53,0.0,2025-03-29T04:35:05,84079.26,sl,-1.7052,-1.0587,2025-03
2025-03-29T05:22:01,cont,SELL,83978.25,84116.48,83867.67,138.23,50.0,2025-03-29T06:08:11,83867.67,tp,2.2117,0.8,2025-03
2025-03-29T06:10:01,cont,SELL,83816.76,84048.73,83631.18,231.97,98.0,2025-03-29T09:44:46,83631.18,tp,3.7115,0.8,2025-03
2025-03-29T11:19:01,flip,SELL,82709.16,83100.03,82396.46,390.87,0.0,2025-03-29T11:25:36,82396.46,tp,6.2539,0.8,2025-03
2025-03-29T11:39:01,cont,SELL,82094.23,82420.83,81832.95,326.6,20.0,2025-03-29T12:12:42,82421.77,sl,-6.5508,-1.0029,2025-03
2025-03-29T13:03:01,flip,BUY,82595.05,82243.94,82875.94,351.11,0.0,2025-03-29T13:55:53,82875.94,tp,5.6178,0.8,2025-03
2025-03-29T14:04:01,cont,BUY,82898.85,82759.99,83009.94,138.86,61.0,2025-03-29T14:07:01,82757.89,sl,-2.8192,-1.0151,2025-03
2025-03-29T14:23:01,flip,SELL,82647.58,82809.87,82517.75,162.29,0.0,2025-03-29T14:25:41,82517.75,tp,2.5966,0.8,2025-03
2025-03-29T15:37:01,cont,SELL,82457.9,82726.69,82242.87,268.79,74.0,2025-03-29T16:13:24,82727.37,sl,-5.3894,-1.0025,2025-03
2025-03-29T18:34:01,flip,BUY,82594.34,82106.78,82984.39,487.56,0.0,2025-04-01T02:16:49,82984.39,tp,7.801,0.8,2025-03
2025-04-01T04:07:01,flip,SELL,82911.48,83033.64,82813.75,122.16,0.0,2025-04-01T04:26:03,83033.86,sl,-2.4476,-1.0018,2025-04
2025-04-01T05:17:01,flip,BUY,83282.21,83011.17,83499.04,271.04,0.0,2025-04-01T05:57:45,83009.41,sl,-5.456,-1.0065,2025-04
2025-04-01T06:12:01,flip,SELL,82898.62,83047.11,82779.83,148.49,0.0,2025-04-01T06:16:22,83048.97,sl,-3.007,-1.0125,2025-04
2025-04-01T06:28:01,flip,BUY,83094.36,82982.96,83183.48,111.4,0.0,2025-04-01T06:36:11,83183.48,tp,1.7824,0.8,2025-04
2025-04-01T06:50:01,cont,BUY,83429.41,83286.28,83543.91,143.13,22.0,2025-04-01T07:14:28,83543.91,tp,2.2901,0.8,2025-04
2025-04-01T07:15:01,cont,BUY,83546.55,83407.43,83657.85,139.12,47.0,2025-04-01T07:25:48,83407.23,sl,-2.7864,-1.0014,2025-04
2025-04-01T07:41:01,cont,BUY,83635.02,83390.79,83830.4,244.23,73.0,2025-04-01T08:17:38,83830.4,tp,3.9077,0.8,2025-04
2025-04-01T11:32:01,flip,SELL,83928.99,84167.62,83738.09,238.63,0.0,2025-04-01T12:42:33,83738.09,tp,3.8181,0.8,2025-04
2025-04-01T12:49:01,cont,SELL,83597.74,83787.55,83445.89,189.81,77.0,2025-04-01T12:51:39,83794.51,sl,-3.9354,-1.0367,2025-04
2025-04-01T13:07:01,cont,SELL,83578.51,83781.2,83416.36,202.69,95.0,2025-04-01T13:11:56,83781.26,sl,-4.055,-1.0003,2025-04
2025-04-01T13:31:01,cont,SELL,83461.72,83766.01,83218.29,304.29,119.0,2025-04-01T13:32:27,83767.11,sl,-6.1078,-1.0036,2025-04
2025-04-01T13:49:01,flip,BUY,83862.57,83483.77,84165.61,378.8,0.0,2025-04-01T13:57:26,83482.79,sl,-7.5956,-1.0026,2025-04
2025-04-01T14:52:01,cont,BUY,83961.28,82556.12,85085.41,1405.16,63.0,2025-04-01T15:17:33,85085.41,tp,22.4826,0.8,2025-04
2025-04-01T15:39:01,cont,BUY,85185.81,84688.67,85583.52,497.14,110.0,2025-04-01T23:33:24,85583.52,tp,7.9542,0.8,2025-04
2025-04-02T03:37:01,flip,SELL,84630.16,84880.41,84429.96,250.25,0.0,2025-04-02T05:04:27,84429.96,tp,4.004,0.8,2025-04
2025-04-02T05:05:01,cont,SELL,84424.47,84609.8,84276.21,185.33,88.0,2025-04-02T05:19:55,84276.21,tp,2.9653,0.8,2025-04
2025-04-02T07:32:01,flip,BUY,84332.5,84010.38,84590.2,322.12,0.0,2025-04-02T08:28:00,84590.2,tp,5.1539,0.8,2025-04
2025-04-02T08:46:01,cont,BUY,84734.32,84536.82,84892.32,197.5,74.0,2025-04-02T09:05:20,84892.32,tp,3.16,0.8,2025-04
2025-04-02T12:08:01,flip,SELL,84480.3,84658.67,84337.6,178.37,0.0,2025-04-02T12:12:16,84659.01,sl,-3.5742,-1.0019,2025-04
2025-04-02T12:41:01,flip,BUY,84884.49,84541.55,85158.84,342.94,0.0,2025-04-02T13:30:52,84539.42,sl,-6.9014,-1.0062,2025-04
2025-04-02T15:08:01,flip,BUY,86414.99,85156.83,87421.52,1258.16,0.0,2025-04-02T20:14:04,87421.52,tp,20.1306,0.8,2025-04
2025-04-02T20:28:01,cont,SELL,85847.97,88521.5,83709.15,2673.53,16.0,2025-04-02T22:10:52,83709.15,tp,42.7765,0.8,2025-04
2025-04-02T22:31:01,flip,SELL,83222.77,83544.98,82965.0,322.21,0.0,2025-04-02T22:38:46,82965.0,tp,5.1554,0.8,2025-04
2025-04-02T22:44:01,cont,SELL,82798.97,83046.69,82600.79,247.72,13.0,2025-04-02T22:45:03,82600.79,tp,3.9635,0.8,2025-04
2025-04-02T23:01:01,cont,SELL,82458.3,83034.31,81997.49,576.01,30.0,2025-04-03T00:19:14,83050.17,sl,-11.8374,-1.0275,2025-04
2025-04-03T00:33:01,flip,BUY,83196.11,82840.97,83480.22,355.14,0.0,2025-04-03T01:36:52,83480.22,tp,5.6822,0.8,2025-04
2025-04-03T01:37:01,cont,BUY,83434.46,83079.04,83718.8,355.42,64.0,2025-04-03T01:45:51,83718.8,tp,5.6867,0.8,2025-04
2025-04-03T02:27:01,flip,SELL,83272.04,83459.2,83122.31,187.16,0.0,2025-04-03T02:37:44,83467.29,sl,-3.905,-1.0432,2025-04
2025-04-03T02:38:01,flip,BUY,83509.37,83309.68,83669.12,199.69,0.0,2025-04-03T02:52:08,83669.12,tp,3.195,0.8,2025-04
2025-04-03T04:21:01,flip,SELL,83272.79,83541.9,83057.5,269.11,0.0,2025-04-03T04:42:17,83542.59,sl,-5.396,-1.0026,2025-04
2025-04-03T06:01:01,cont,SELL,83262.5,83670.47,82936.12,407.97,100.0,2025-04-03T08:15:43,83671.11,sl,-8.1722,-1.0016,2025-04
2025-04-03T09:06:01,cont,BUY,83696.52,83482.27,83867.92,214.25,70.0,2025-04-03T09:55:47,83470.46,sl,-4.5212,-1.0551,2025-04
2025-04-03T10:22:01,flip,SELL,83380.16,83715.32,83112.03,335.16,0.0,2025-04-03T11:00:26,83112.03,tp,5.3626,0.8,2025-04
2025-04-03T11:01:01,cont,SELL,83106.9,83429.52,82848.8,322.62,39.0,2025-04-03T12:05:16,82848.8,tp,5.1619,0.8,2025-04
2025-04-03T12:16:01,cont,SELL,82799.2,83029.67,82614.82,230.47,114.0,2025-04-03T12:26:34,82614.82,tp,3.6875,0.8,2025-04
2025-04-03T15:42:01,flip,BUY,81898.25,81524.64,82197.14,373.61,0.0,2025-04-03T16:02:57,82197.14,tp,5.9778,0.8,2025-04
2025-04-03T18:19:01,flip,SELL,81523.47,82062.16,81092.52,538.69,0.0,2025-04-03T18:41:50,82062.95,sl,-10.7896,-1.0015,2025-04
2025-04-03T19:07:01,flip,BUY,82288.58,81933.6,82572.56,354.98,0.0,2025-04-03T19:17:08,81931.7,sl,-7.1376,-1.0054,2025-04
2025-04-03T20:29:01,flip,SELL,81754.18,82213.46,81386.76,459.28,0.0,2025-04-03T20:53:51,82215.01,sl,-9.2166,-1.0034,2025-04
2025-04-03T21:56:01,flip,BUY,82576.01,82317.45,82782.86,258.56,0.0,2025-04-03T21:58:56,82782.86,tp,4.137,0.8,2025-04
2025-04-03T23:31:01,cont,BUY,82806.58,82448.67,83092.91,357.91,95.0,2025-04-03T23:48:22,83092.91,tp,5.7266,0.8,2025-04
2025-04-04T01:36:01,flip,SELL,82934.1,83307.56,82635.33,373.46,0.0,2025-04-04T01:57:07,82635.33,tp,5.9754,0.8,2025-04
2025-04-04T07:43:01,flip,BUY,83681.74,83409.0,83899.93,272.74,0.0,2025-04-04T07:48:54,83899.93,tp,4.3638,0.8,2025-04
2025-04-04T08:16:01,cont,BUY,84341.15,83994.52,84618.45,346.63,33.0,2025-04-04T08:45:40,84618.45,tp,5.5461,0.8,2025-04
2025-04-04T08:46:01,cont,BUY,84646.37,84369.08,84868.2,277.29,63.0,2025-04-04T08:57:38,84345.38,sl,-6.0198,-1.0855,2025-04
2025-04-04T10:45:01,flip,SELL,82780.09,83140.82,82491.51,360.73,0.0,2025-04-04T10:52:05,82491.51,tp,5.7717,0.8,2025-04
2025-04-04T11:08:01,cont,SELL,82347.53,82682.18,82079.81,334.65,23.0,2025-04-04T11:13:04,82079.81,tp,5.3544,0.8,2025-04
2025-04-04T11:22:01,cont,SELL,81954.04,82269.62,81701.58,315.58,37.0,2025-04-04T11:28:57,81701.58,tp,5.0493,0.8,2025-04
2025-04-04T12:45:01,flip,BUY,82719.94,82159.65,83168.17,560.29,0.0,2025-04-04T13:03:09,83168.17,tp,8.9646,0.8,2025-04
2025-04-04T13:41:01,flip,SELL,82143.29,82421.2,81920.96,277.91,0.0,2025-04-04T13:43:34,82424.19,sl,-5.618,-1.0108,2025-04
2025-04-04T13:57:01,flip,BUY,82958.03,82502.51,83322.45,455.52,0.0,2025-04-04T13:58:37,83322.45,tp,7.2883,0.8,2025-04
2025-04-04T14:45:01,flip,SELL,82183.7,82494.09,81935.39,310.39,0.0,2025-04-04T14:49:15,81935.39,tp,4.9662,0.8,2025-04
2025-04-04T15:02:01,flip,BUY,82851.52,82488.44,83141.98,363.08,0.0,2025-04-04T15:04:14,83141.98,tp,5.8093,0.8,2025-04
2025-04-04T15:14:01,cont,BUY,83514.51,82865.38,84033.81,649.13,12.0,2025-04-04T15:35:45,82860.04,sl,-13.0894,-1.0082,2025-04
2025-04-04T18:15:01,flip,SELL,83978.99,84138.97,83851.01,159.98,0.0,2025-04-04T18:17:14,83851.01,tp,2.5597,0.8,2025-04
2025-04-04T19:14:01,flip,BUY,84221.27,83754.33,84594.82,466.94,0.0,2025-04-04T20:13:41,83754.29,sl,-9.3396,-1.0001,2025-04
2025-04-04T20:14:01,cont,SELL,83787.3,84104.97,83533.16,317.67,26.0,2025-04-04T20:18:47,83533.16,tp,5.0827,0.8,2025-04
2025-04-04T21:11:01,flip,BUY,84257.5,84011.42,84454.36,246.08,0.0,2025-04-04T21:33:36,84009.47,sl,-4.9606,-1.0079,2025-04
2025-04-04T21:43:01,cont,BUY,84338.99,83908.49,84683.39,430.5,32.0,2025-04-04T23:07:01,83907.48,sl,-8.6302,-1.0023,2025-04
2025-04-04T23:26:01,flip,SELL,83676.58,83865.37,83525.55,188.79,0.0,2025-04-04T23:46:40,83867.17,sl,-3.8118,-1.0095,2025-04
2025-04-05T00:39:01,cont,SELL,83574.97,83867.06,83341.3,292.09,73.0,2025-04-05T01:05:20,83870.77,sl,-5.916,-1.0127,2025-04
2025-04-05T14:43:01,flip,BUY,83001.48,82673.81,83263.62,327.67,0.0,2025-04-05T15:26:40,82671.44,sl,-6.6008,-1.0072,2025-04
2025-04-05T15:27:01,cont,SELL,82659.07,82794.38,82550.82,135.31,18.0,2025-04-05T15:42:01,82550.82,tp,2.165,0.8,2025-04
2025-04-05T15:43:01,cont,SELL,82429.69,82655.82,82248.79,226.13,34.0,2025-04-05T16:00:53,82656.15,sl,-4.5292,-1.0015,2025-04
2025-04-05T16:10:01,flip,BUY,82725.05,82620.75,82808.49,104.3,0.0,2025-04-05T16:20:14,82620.52,sl,-2.0906,-1.0022,2025-04
2025-04-05T16:37:01,cont,BUY,82786.95,82580.76,82951.9,206.19,27.0,2025-04-05T17:32:31,82951.9,tp,3.299,0.8,2025-04
2025-04-05T18:06:01,cont,BUY,82981.85,82831.56,83102.08,150.29,116.0,2025-04-05T18:19:20,83102.08,tp,2.4046,0.8,2025-04
2025-04-05T19:41:01,flip,SELL,82917.98,83004.41,82848.84,86.43,0.0,2025-04-05T19:46:43,82848.84,tp,1.3829,0.8,2025-04
2025-04-05T20:29:01,flip,BUY,83064.54,82938.7,83165.21,125.84,0.0,2025-04-05T20:41:28,82924.49,sl,-2.801,-1.1129,2025-04
2025-04-05T20:44:01,cont,BUY,83115.01,82816.62,83353.72,298.39,15.0,2025-04-05T23:50:48,83353.72,tp,4.7742,0.8,2025-04
2025-04-06T07:31:01,flip,SELL,83021.34,83191.56,82885.16,170.22,0.0,2025-04-06T08:07:37,82885.16,tp,2.7235,0.8,2025-04
2025-04-06T08:23:01,cont,SELL,82819.06,82868.71,82779.34,49.65,52.0,2025-04-06T08:26:57,82779.34,tp,0.7944,0.8,2025-04
2025-04-06T09:21:01,flip,BUY,83036.34,82864.49,83173.82,171.85,0.0,2025-04-06T10:05:16,82858.97,sl,-3.5474,-1.0321,2025-04
2025-04-06T11:19:01,cont,SELL,82604.64,82858.13,82401.85,253.49,76.0,2025-04-06T12:02:04,82865.71,sl,-5.2214,-1.0299,2025-04
2025-04-06T14:50:01,flip,BUY,82684.96,82321.72,82975.55,363.24,0.0,2025-04-06T16:19:06,82321.21,sl,-7.275,-1.0014,2025-04
2025-04-06T16:42:01,cont,SELL,82209.99,82405.03,82053.96,195.04,23.0,2025-04-06T16:44:47,82053.96,tp,3.1206,0.8,2025-04
2025-04-06T17:01:01,cont,SELL,81871.54,82155.71,81644.2,284.17,42.0,2025-04-06T17:15:28,81644.2,tp,4.5467,0.8,2025-04
2025-04-06T17:28:01,cont,SELL,81518.11,81852.15,81250.88,334.04,69.0,2025-04-06T17:42:43,81250.88,tp,5.3446,0.8,2025-04
2025-04-06T17:43:01,cont,SELL,81275.4,81472.62,81117.62,197.22,84.0,2025-04-06T17:43:59,81117.62,tp,3.1555,0.8,2025-04
2025-04-06T17:55:01,cont,SELL,80718.11,81363.56,80201.75,645.45,96.0,2025-04-06T18:07:49,80201.75,tp,10.3272,0.8,2025-04
2025-04-06T18:16:01,cont,SELL,80096.22,80462.99,79802.8,366.77,117.0,2025-04-06T18:21:26,79802.8,tp,5.8683,0.8,2025-04
2025-04-06T23:46:01,flip,BUY,78329.48,77999.81,78593.22,329.67,0.0,2025-04-06T23:56:03,77997.07,sl,-6.6482,-1.0083,2025-04
2025-04-07T01:01:01,cont,BUY,78567.38,77342.78,79547.06,1224.6,75.0,2025-04-07T03:44:28,77341.34,sl,-24.5208,-1.0012,2025-04
2025-04-07T03:45:01,cont,SELL,77304.81,77738.57,76957.8,433.76,66.0,2025-04-07T04:01:43,77738.88,sl,-8.6814,-1.0007,2025-04
2025-04-07T04:11:01,cont,SELL,77094.43,77793.69,76535.02,699.26,92.0,2025-04-07T06:17:13,76535.02,tp,11.1882,0.8,2025-04
2025-04-07T08:03:01,flip,BUY,75402.7,74883.06,75818.41,519.64,0.0,2025-04-07T08:19:36,75818.41,tp,8.3142,0.8,2025-04
2025-04-07T08:20:01,cont,BUY,75845.13,75195.52,76364.82,649.61,17.0,2025-04-07T08:35:44,76364.82,tp,10.3938,0.8,2025-04
2025-04-07T08:36:01,cont,BUY,76427.9,75930.8,76825.58,497.1,33.0,2025-04-07T09:15:30,75926.98,sl,-10.0184,-1.0077,2025-04
2025-04-07T11:36:01,flip,SELL,76656.14,77329.41,76117.52,673.27,0.0,2025-04-07T12:29:05,77333.09,sl,-13.539,-1.0055,2025-04
2025-04-07T12:30:01,cont,BUY,77368.06,76902.25,77740.71,465.81,4.0,2025-04-07T12:40:26,76894.66,sl,-9.468,-1.0163,2025-04
2025-04-07T13:31:01,flip,SELL,76638.95,77539.99,75918.12,901.04,0.0,2025-04-07T13:42:28,75918.12,tp,14.4166,0.8,2025-04
2025-04-07T14:11:01,flip,BUY,78948.4,77872.59,79809.05,1075.81,0.0,2025-04-07T14:13:43,79809.05,tp,17.213,0.8,2025-04
2025-04-07T16:23:01,flip,SELL,77656.87,79032.29,76556.53,1375.42,0.0,2025-04-07T17:45:45,79050.12,sl,-27.865,-1.013,2025-04
2025-04-07T21:49:01,flip,BUY,79328.1,77969.29,80415.15,1358.81,0.0,2025-04-08T01:38:06,80415.15,tp,21.741,0.8,2025-04
2025-04-08T01:42:01,flip,BUY,80543.06,80323.0,80719.11,220.06,0.0,2025-04-08T01:43:08,80321.11,sl,-4.439,-1.0086,2025-04
2025-04-08T01:53:01,cont,BUY,80612.5,80204.88,80938.6,407.62,11.0,2025-04-08T02:36:46,80201.59,sl,-8.2182,-1.0081,2025-04
2025-04-08T02:46:01,cont,SELL,80148.11,80334.15,79999.28,186.04,10.0,2025-04-08T02:54:21,79999.28,tp,2.9766,0.8,2025-04
2025-04-08T03:18:01,cont,SELL,79821.4,80108.95,79591.36,287.55,42.0,2025-04-08T03:28:15,80109.6,sl,-5.764,-1.0023,2025-04
2025-04-08T03:53:01,cont,SELL,79735.33,80159.69,79395.84,424.36,77.0,2025-04-08T04:21:47,80162.34,sl,-8.5402,-1.0062,2025-04
2025-04-08T04:38:01,flip,BUY,80312.54,80087.19,80492.82,225.35,0.0,2025-04-08T04:46:06,80083.95,sl,-4.5718,-1.0144,2025-04
2025-04-08T05:23:01,flip,SELL,79601.02,79783.02,79455.42,182.0,0.0,2025-04-08T05:38:04,79783.24,sl,-3.6444,-1.0012,2025-04
2025-04-08T06:13:01,cont,SELL,79502.36,79856.84,79218.78,354.48,50.0,2025-04-08T07:08:25,79218.78,tp,5.6717,0.8,2025-04
2025-04-08T11:18:01,flip,BUY,79287.9,78997.7,79520.06,290.2,0.0,2025-04-08T11:32:20,79520.06,tp,4.6432,0.8,2025-04
2025-04-08T11:52:01,cont,BUY,79825.12,79522.38,80067.31,302.74,34.0,2025-04-08T12:00:08,80067.31,tp,4.8438,0.8,2025-04
2025-04-08T13:10:01,cont,BUY,80244.24,79576.94,80778.08,667.3,112.0,2025-04-08T13:36:22,79574.9,sl,-13.3868,-1.0031,2025-04
2025-04-08T14:31:01,flip,SELL,79247.92,80239.29,78454.82,991.37,0.0,2025-04-08T14:59:24,78454.82,tp,15.8619,0.8,2025-04
2025-04-08T15:09:01,cont,SELL,78398.6,78826.94,78055.93,428.34,38.0,2025-04-08T16:17:05,78055.93,tp,6.8534,0.8,2025-04
2025-04-08T17:53:01,flip,BUY,77341.16,76856.01,77729.28,485.15,0.0,2025-04-08T18:30:08,77729.28,tp,7.7624,0.8,2025-04
2025-04-08T18:31:01,cont,BUY,77788.01,77263.63,78207.51,524.38,38.0,2025-04-08T18:52:01,77257.07,sl,-10.6188,-1.0125,2025-04
2025-04-08T19:36:01,flip,SELL,76321.01,76914.85,75845.94,593.84,0.0,2025-04-08T19:51:37,76914.95,sl,-11.8788,-1.0002,2025-04
2025-04-08T20:42:01,flip,BUY,77107.89,76873.27,77295.59,234.62,0.0,2025-04-08T21:09:31,76867.06,sl,-4.8166,-1.0265,2025-04
2025-04-08T21:31:01,flip,SELL,76645.97,77058.12,76316.25,412.15,0.0,2025-04-08T21:49:25,77058.52,sl,-8.251,-1.001,2025-04
2025-04-08T22:04:01,cont,SELL,76570.56,77064.75,76175.21,494.19,33.0,2025-04-08T22:38:02,76175.21,tp,7.907,0.8,2025-04
2025-04-09T07:03:01,flip,BUY,77479.5,76732.22,78077.32,747.28,0.0,2025-04-09T11:01:06,76725.1,sl,-15.088,-1.0095,2025-04
2025-04-09T13:32:01,flip,BUY,77233.07,76617.55,77725.49,615.52,0.0,2025-04-09T13:41:27,77725.49,tp,9.8483,0.8,2025-04
2025-04-09T14:01:01,cont,BUY,77943.77,77056.0,78653.99,887.77,29.0,2025-04-09T14:51:39,77050.22,sl,-17.871,-1.0065,2025-04
2025-04-09T15:00:01,flip,SELL,76783.15,77178.24,76467.08,395.09,0.0,2025-04-09T15:04:40,77178.87,sl,-7.9144,-1.0016,2025-04
2025-04-09T15:16:01,flip,BUY,77591.02,77192.87,77909.54,398.15,0.0,2025-04-09T15:32:33,77185.32,sl,-8.114,-1.019,2025-04
2025-04-09T16:14:01,cont,BUY,77768.73,76922.2,78445.95,846.53,58.0,2025-04-09T17:02:04,78445.95,tp,13.5445,0.8,2025-04
2025-04-09T17:03:01,cont,BUY,78579.88,78124.44,78944.23,455.44,107.0,2025-04-09T17:10:21,78123.07,sl,-9.1362,-1.003,2025-04
2025-04-09T17:19:01,flip,SELL,77745.73,78467.18,77168.57,721.45,0.0,2025-04-09T17:19:24,78481.9,sl,-14.7234,-1.0204,2025-04
2025-04-09T17:32:01,flip,BUY,81654.71,80547.18,82540.73,1107.53,0.0,2025-04-09T18:18:18,82540.73,tp,17.7205,0.8,2025-04
2025-04-09T21:40:01,flip,SELL,82981.72,83279.75,82743.3,298.03,0.0,2025-04-09T21:48:15,83289.45,sl,-6.1546,-1.0325,2025-04
2025-04-09T23:24:01,cont,SELL,82897.07,83567.49,82360.73,670.42,104.0,2025-04-10T00:39:46,82360.73,tp,10.7267,0.8,2025-04
2025-04-10T01:18:01,flip,BUY,82643.27,82479.36,82774.4,163.91,0.0,2025-04-10T01:23:34,82477.36,sl,-3.3182,-1.0122,2025-04
2025-04-10T01:57:01,flip,SELL,82321.36,82529.11,82155.16,207.75,0.0,2025-04-10T02:09:13,82529.19,sl,-4.1566,-1.0004,2025-04
2025-04-10T03:00:01,cont,SELL,82255.1,82610.24,81970.99,355.14,63.0,2025-04-10T03:10:15,81970.99,tp,5.6822,0.8,2025-04
2025-04-10T03:32:01,cont,SELL,81571.19,81745.8,81431.5,174.61,95.0,2025-04-10T03:39:35,81747.22,sl,-3.5206,-1.0081,2025-04
2025-04-10T04:50:01,flip,BUY,81992.33,81645.29,82269.96,347.04,0.0,2025-04-10T05:42:26,82269.96,tp,5.5526,0.8,2025-04
2025-04-10T06:03:01,cont,BUY,82335.46,82079.04,82540.6,256.42,73.0,2025-04-10T06:30:50,82072.67,sl,-5.2558,-1.0248,2025-04
2025-04-10T07:29:01,flip,SELL,81874.84,82293.17,81540.18,418.33,0.0,2025-04-10T07:34:06,81540.18,tp,6.6933,0.8,2025-04
2025-04-10T16:51:01,flip,BUY,79463.61,78974.68,79854.75,488.93,0.0,2025-04-10T17:05:27,78974.59,sl,-9.7804,-1.0002,2025-04
2025-04-10T18:23:01,cont,BUY,79602.29,78557.53,80438.1,1044.76,92.0,2025-04-11T02:00:08,80438.1,tp,16.7162,0.8,2025-04
2025-04-11T02:24:01,cont,BUY,80515.55,80106.29,80842.96,409.26,25.0,2025-04-11T03:55:36,80842.96,tp,6.5482,0.8,2025-04
2025-04-11T03:56:01,cont,BUY,80859.82,80644.91,81031.75,214.91,117.0,2025-04-11T04:30:05,81031.75,tp,3.4386,0.8,2025-04
2025-04-11T05:04:01,flip,SELL,80622.72,80899.69,80401.14,276.97,0.0,2025-04-11T06:00:26,80900.64,sl,-5.5584,-1.0034,2025-04
2025-04-11T06:43:01,flip,BUY,81186.48,80949.53,81376.04,236.95,0.0,2025-04-11T07:10:03,80949.0,sl,-4.7496,-1.0022,2025-04
2025-04-11T07:43:01,cont,BUY,81396.28,80839.9,81841.38,556.38,60.0,2025-04-11T08:01:35,80839.82,sl,-11.1292,-1.0001,2025-04
2025-04-11T08:06:01,cont,BUY,81691.03,80792.61,82409.77,898.42,83.0,2025-04-11T09:55:00,82409.77,tp,14.3747,0.8,2025-04
2025-04-11T11:20:01,flip,SELL,82506.79,82901.08,82191.36,394.29,0.0,2025-04-11T11:37:59,82191.36,tp,6.3086,0.8,2025-04
2025-04-11T11:51:01,cont,SELL,82065.24,82300.52,81877.02,235.28,31.0,2025-04-11T12:12:07,81877.02,tp,3.7645,0.8,2025-04
2025-04-11T13:14:01,cont,SELL,81881.35,82527.69,81364.28,646.34,114.0,2025-04-11T13:35:05,82530.69,sl,-12.9868,-1.0046,2025-04
2025-04-11T18:04:01,flip,BUY,84102.55,83670.14,84448.48,432.41,0.0,2025-04-11T18:21:33,83664.54,sl,-8.7602,-1.013,2025-04
2025-04-11T22:09:01,flip,SELL,83619.02,84360.49,83025.84,741.47,0.0,2025-04-12T02:49:11,83025.84,tp,11.8635,0.8,2025-04
2025-04-12T03:39:01,flip,BUY,83107.37,82983.62,83206.37,123.75,0.0,2025-04-12T03:57:07,82977.7,sl,-2.5934,-1.0478,2025-04
2025-04-12T04:27:01,cont,BUY,83166.95,82822.78,83442.29,344.17,48.0,2025-04-12T05:18:46,83442.29,tp,5.5067,0.8,2025-04
2025-04-12T05:19:01,cont,BUY,83425.66,82892.2,83852.43,533.46,100.0,2025-04-12T08:06:35,83852.43,tp,8.5354,0.8,2025-04
2025-04-12T09:17:01,flip,SELL,83459.28,83766.96,83213.14,307.68,0.0,2025-04-12T12:23:18,83771.13,sl,-6.237,-1.0136,2025-04
2025-04-12T13:06:01,cont,BUY,83956.52,83621.47,84224.56,335.05,51.0,2025-04-12T13:22:22,83611.98,sl,-6.8908,-1.0283,2025-04
2025-04-12T13:43:01,cont,BUY,84197.4,83579.96,84691.35,617.44,88.0,2025-04-12T14:08:39,84691.35,tp,9.879,0.8,2025-04
2025-04-12T14:09:01,cont,BUY,84759.41,84322.58,85108.87,436.83,114.0,2025-04-12T14:19:37,84322.4,sl,-8.7402,-1.0004,2025-04
2025-04-12T15:07:01,flip,SELL,84688.95,85022.41,84422.18,333.46,0.0,2025-04-12T15:20:05,85031.35,sl,-6.848,-1.0268,2025-04
2025-04-12T15:44:01,flip,BUY,85447.87,85156.05,85681.33,291.82,0.0,2025-04-12T15:48:29,85152.78,sl,-5.9018,-1.0112,2025-04
2025-04-12T16:07:01,flip,SELL,84940.08,85223.54,84713.31,283.46,0.0,2025-04-12T16:48:18,84713.31,tp,4.5354,0.8,2025-04
2025-04-12T17:08:01,cont,SELL,84578.43,84805.72,84396.6,227.29,61.0,2025-04-12T17:38:06,84813.09,sl,-4.6932,-1.0324,2025-04
2025-04-12T17:45:01,flip,BUY,84882.49,84736.26,84999.47,146.23,0.0,2025-04-12T17:47:21,84736.14,sl,-2.927,-1.0008,2025-04
2025-04-12T18:03:01,cont,BUY,84915.59,84696.54,85090.83,219.05,18.0,2025-04-12T18:46:14,85090.83,tp,3.5048,0.8,2025-04
2025-04-12T19:19:01,cont,BUY,85264.37,85017.56,85461.82,246.81,94.0,2025-04-12T19:28:26,85016.76,sl,-4.9522,-1.0032,2025-04
2025-04-12T19:40:01,flip,SELL,84962.29,85149.49,84812.53,187.2,0.0,2025-04-12T20:13:39,85150.57,sl,-3.7656,-1.0058,2025-04
2025-04-12T20:30:01,flip,BUY,85327.03,85097.47,85510.68,229.56,0.0,2025-04-12T20:33:26,85510.68,tp,3.673,0.8,2025-04
2025-04-13T02:29:01,flip,SELL,84818.25,85054.99,84628.86,236.74,0.0,2025-04-13T02:41:11,85057.53,sl,-4.7856,-1.0107,2025-04
2025-04-13T02:56:01,flip,BUY,85230.92,85119.63,85319.95,111.29,0.0,2025-04-13T02:57:28,85319.95,tp,1.7806,0.8,2025-04
2025-04-13T03:50:01,cont,BUY,85582.24,85269.15,85832.71,313.09,54.0,2025-04-13T04:05:19,85267.68,sl,-6.2912,-1.0047,2025-04
2025-04-13T04:34:01,flip,SELL,84707.24,85080.35,84408.75,373.11,0.0,2025-04-13T05:51:59,84408.75,tp,5.9698,0.8,2025-04
2025-04-13T05:52:01,cont,SELL,84377.86,84800.45,84039.79,422.59,78.0,2025-04-13T06:32:57,84802.16,sl,-8.486,-1.004,2025-04
2025-04-13T16:05:01,flip,BUY,84174.62,83617.85,84620.04,556.77,0.0,2025-04-13T17:15:17,84620.04,tp,8.9083,0.8,2025-04
2025-04-13T21:07:01,flip,SELL,83004.45,84429.1,81864.73,1424.65,0.0,2025-04-14T00:18:41,84431.25,sl,-28.536,-1.0015,2025-04
2025-04-14T02:32:01,flip,BUY,85229.67,83994.03,86218.18,1235.64,0.0,2025-04-14T15:40:24,83988.55,sl,-24.8224,-1.0044,2025-04
2025-04-14T15:50:01,flip,SELL,83799.36,84240.87,83446.15,441.51,0.0,2025-04-14T15:56:10,84241.19,sl,-8.8366,-1.0007,2025-04
2025-04-14T16:22:01,flip,BUY,84466.17,83829.18,84975.76,636.99,0.0,2025-04-14T18:04:10,84975.76,tp,10.1918,0.8,2025-04
2025-04-14T19:02:01,cont,BUY,85089.42,84719.74,85385.16,369.68,94.0,2025-04-14T20:07:33,84718.27,sl,-7.423,-1.004,2025-04
2025-04-14T20:08:01,cont,SELL,84711.81,84976.42,84500.12,264.61,17.0,2025-04-14T21:15:04,84981.3,sl,-5.3898,-1.0184,2025-04
2025-04-14T21:17:01,cont,BUY,84952.66,84682.89,85168.48,269.77,22.0,2025-04-14T21:32:33,84680.08,sl,-5.4516,-1.0104,2025-04
2025-04-14T22:23:01,flip,SELL,84435.06,84751.54,84181.88,316.48,0.0,2025-04-14T23:21:43,84752.23,sl,-6.3434,-1.0022,2025-04
2025-04-15T00:16:01,cont,SELL,84388.57,84761.27,84090.41,372.7,113.0,2025-04-15T00:36:49,84761.98,sl,-7.4682,-1.0019,2025-04
2025-04-15T00:57:01,flip,BUY,84903.52,84691.44,85073.18,212.08,0.0,2025-04-15T01:05:55,84691.37,sl,-4.243,-1.0003,2025-04
2025-04-15T01:31:01,cont,BUY,84975.45,84545.92,85319.07,429.53,34.0,2025-04-15T03:01:02,85319.07,tp,6.8725,0.8,2025-04
2025-04-15T03:34:01,flip,BUY,85366.73,85061.09,85611.24,305.64,0.0,2025-04-15T05:02:47,85611.24,tp,4.8902,0.8,2025-04
2025-04-15T05:18:01,cont,BUY,85704.2,85533.87,85840.46,170.33,104.0,2025-04-15T05:30:57,85533.13,sl,-3.4214,-1.0043,2025-04
2025-04-15T06:12:01,flip,SELL,85467.73,85697.38,85284.01,229.65,0.0,2025-04-15T07:22:28,85698.77,sl,-4.6208,-1.0061,2025-04
2025-04-15T08:03:01,flip,BUY,85813.4,85631.97,85958.54,181.43,0.0,2025-04-15T08:17:08,85958.54,tp,2.9029,0.8,2025-04
2025-04-15T09:59:01,cont,BUY,86012.55,85628.9,86319.47,383.65,116.0,2025-04-15T10:33:08,85625.29,sl,-7.7452,-1.0094,2025-04
2025-04-15T11:19:01,flip,SELL,85402.06,85695.89,85167.0,293.83,0.0,2025-04-15T12:03:44,85700.39,sl,-5.9666,-1.0153,2025-04
2025-04-15T12:58:01,flip,BUY,85813.14,85473.79,86084.62,339.35,0.0,2025-04-15T13:39:00,86084.62,tp,5.4296,0.8,2025-04
2025-04-15T13:48:01,cont,BUY,86392.94,85933.07,86760.84,459.87,50.0,2025-04-15T13:55:06,85931.98,sl,-9.2192,-1.0024,2025-04
2025-04-15T14:19:01,flip,SELL,85191.58,85995.89,84548.13,804.31,0.0,2025-04-15T17:53:12,84548.13,tp,12.869,0.8,2025-04
2025-04-15T21:58:01,flip,BUY,84214.81,84036.0,84357.86,178.81,0.0,2025-04-15T22:00:17,84035.44,sl,-3.5874,-1.0031,2025-04
2025-04-15T22:25:01,flip,SELL,83818.16,83970.78,83696.06,152.62,0.0,2025-04-15T22:30:27,83971.42,sl,-3.0652,-1.0042,2025-04
2025-04-15T22:43:01,flip,BUY,84061.82,83924.7,84171.52,137.12,0.0,2025-04-15T22:45:35,83921.35,sl,-2.8094,-1.0244,2025-04
2025-04-15T23:08:01,flip,SELL,83662.62,83851.49,83511.52,188.87,0.0,2025-04-16T00:06:04,83511.52,tp,3.0219,0.8,2025-04
2025-04-16T00:57:01,cont,SELL,83164.99,83581.74,82831.59,416.75,109.0,2025-04-16T01:26:17,83582.61,sl,-8.3524,-1.0021,2025-04
2025-04-16T02:17:01,flip,BUY,83843.1,83741.04,83924.75,102.06,0.0,2025-04-16T02:19:17,83740.93,sl,-2.0434,-1.0011,2025-04
2025-04-16T02:32:01,cont,BUY,83899.28,83651.51,84097.5,247.77,15.0,2025-04-16T03:47:11,83651.1,sl,-4.9636,-1.0017,2025-04
2025-04-16T04:03:01,flip,SELL,83637.83,83747.81,83549.85,109.98,0.0,2025-04-16T04:05:45,83748.67,sl,-2.2168,-1.0078,2025-04
2025-04-16T04:17:01,cont,SELL,83524.28,83781.76,83318.3,257.48,14.0,2025-04-16T05:12:05,83782.53,sl,-5.165,-1.003,2025-04
2025-04-16T05:17:01,flip,BUY,83829.07,83713.48,83921.54,115.59,0.0,2025-04-16T05:19:21,83709.58,sl,-2.3898,-1.0337,2025-04
2025-04-16T08:09:01,flip,SELL,83188.08,83760.46,82730.18,572.38,0.0,2025-04-16T08:29:07,83770.81,sl,-11.6546,-1.0181,2025-04
2025-04-16T08:42:01,flip,BUY,83967.67,83707.6,84175.73,260.07,0.0,2025-04-16T08:54:24,83698.93,sl,-5.3748,-1.0333,2025-04
2025-04-16T09:59:01,flip,SELL,83612.53,83899.73,83382.77,287.2,0.0,2025-04-16T10:19:19,83906.15,sl,-5.8724,-1.0224,2025-04
2025-04-16T10:47:01,flip,BUY,83963.1,83810.98,84084.8,152.12,0.0,2025-04-16T11:12:26,84084.8,tp,2.4339,0.8,2025-04
2025-04-16T11:20:01,cont,BUY,84092.96,83907.25,84241.53,185.71,33.0,2025-04-16T11:23:36,83906.88,sl,-3.7216,-1.002,2025-04
2025-04-16T11:49:01,cont,BUY,84140.6,83779.76,84429.27,360.84,62.0,2025-04-16T12:51:17,83779.33,sl,-7.2254,-1.0012,2025-04
2025-04-16T13:04:01,flip,SELL,83693.94,83856.37,83564.0,162.43,0.0,2025-04-16T13:31:07,83564.0,tp,2.5989,0.8,2025-04
2025-04-16T14:21:01,flip,BUY,84183.36,83615.05,84638.01,568.31,0.0,2025-04-16T14:43:43,84638.01,tp,9.093,0.8,2025-04
2025-04-16T14:53:01,cont,BUY,84807.3,84607.39,84967.23,199.91,32.0,2025-04-16T14:56:25,84607.37,sl,-3.9986,-1.0001,2025-04
2025-04-16T15:12:01,cont,BUY,84850.69,84485.79,85142.61,364.9,51.0,2025-04-16T15:24:30,85142.61,tp,5.8384,0.8,2025-04
2025-04-21T04:28:01,flip,SELL,87089.0,87592.81,86685.95,503.81,0.0,2025-04-21T05:48:50,87597.12,sl,-10.1624,-1.0086,2025-04
2025-04-21T09:07:01,flip,BUY,87743.43,87304.52,88094.56,438.91,0.0,2025-04-21T09:26:55,87304.22,sl,-8.7842,-1.0007,2025-04
2025-04-21T10:29:01,flip,SELL,87268.71,87559.11,87036.39,290.4,0.0,2025-04-21T11:16:40,87036.39,tp,4.6464,0.8,2025-04
2025-04-21T14:14:01,flip,BUY,87662.81,86788.69,88362.11,874.12,0.0,2025-04-21T14:29:33,88362.11,tp,13.9859,0.8,2025-04
2025-04-23T11:44:01,flip,SELL,93376.33,93723.96,93098.23,347.63,0.0,2025-04-23T12:12:36,93726.81,sl,-7.0096,-1.0082,2025-04
2025-04-23T12:32:01,cont,BUY,93797.92,93548.39,93997.54,249.53,24.0,2025-04-23T12:41:13,93547.59,sl,-5.0066,-1.0032,2025-04
2025-04-23T13:12:01,cont,BUY,93901.65,93536.65,94193.65,365.0,64.0,2025-04-23T13:32:04,94193.65,tp,5.84,0.8,2025-04
2025-04-23T13:38:01,cont,BUY,94452.86,93449.29,95255.72,1003.57,90.0,2025-04-23T13:39:10,93423.99,sl,-20.5774,-1.0252,2025-04
2025-04-23T14:19:01,flip,SELL,92726.38,93640.45,91995.12,914.07,0.0,2025-04-23T15:27:17,91995.12,tp,14.6251,0.8,2025-04
2025-04-23T16:06:01,flip,BUY,93276.1,92956.73,93531.6,319.37,0.0,2025-04-23T16:22:36,92946.84,sl,-6.5852,-1.031,2025-04
2025-04-23T16:30:01,cont,BUY,93370.87,92866.49,93774.37,504.38,24.0,2025-04-23T17:02:53,93774.37,tp,8.0701,0.8,2025-04
2025-04-23T17:03:01,cont,BUY,93815.2,93449.75,94107.56,365.45,57.0,2025-04-23T18:10:24,94107.56,tp,5.8472,0.8,2025-04
2025-04-23T18:51:01,flip,SELL,93608.29,93745.39,93498.61,137.1,0.0,2025-04-23T18:55:59,93748.89,sl,-2.812,-1.0255,2025-04
2025-04-23T19:00:01,cont,SELL,93572.03,93728.74,93446.66,156.71,9.0,2025-04-23T19:04:40,93446.66,tp,2.5074,0.8,2025-04
2025-04-23T21:12:01,flip,BUY,93919.43,93589.08,94183.71,330.35,0.0,2025-04-23T21:41:21,93587.72,sl,-6.6342,-1.0041,2025-04
2025-04-23T21:58:01,flip,SELL,93336.19,93652.68,93083.0,316.49,0.0,2025-04-23T22:36:20,93652.73,sl,-6.3308,-1.0002,2025-04
2025-04-23T23:08:01,flip,BUY,93824.35,93699.56,93924.18,124.79,0.0,2025-04-23T23:16:32,93694.83,sl,-2.5904,-1.0379,2025-04
2025-04-23T23:28:01,flip,SELL,93674.55,93777.99,93591.8,103.44,0.0,2025-04-23T23:41:20,93591.8,tp,1.655,0.8,2025-04
2025-04-24T00:06:01,cont,SELL,93525.05,93787.64,93314.98,262.59,38.0,2025-04-24T00:28:40,93314.98,tp,4.2014,0.8,2025-04
2025-04-24T00:29:01,cont,SELL,93303.71,93633.69,93039.73,329.98,61.0,2025-04-24T00:41:45,93637.88,sl,-6.6834,-1.0127,2025-04
2025-04-24T01:14:01,cont,SELL,93217.58,93635.23,92883.46,417.65,106.0,2025-04-24T02:16:17,93635.51,sl,-8.3586,-1.0007,2025-04
2025-04-24T05:14:01,flip,BUY,92861.54,92757.08,92945.11,104.46,0.0,2025-04-24T05:19:08,92756.56,sl,-2.0996,-1.005,2025-04
2025-04-24T06:09:01,flip,SELL,92481.22,92727.19,92284.44,245.97,0.0,2025-04-24T06:18:08,92284.44,tp,3.9355,0.8,2025-04
2025-04-24T07:39:01,cont,SELL,92232.43,92661.81,91888.93,429.38,90.0,2025-04-24T08:28:36,91888.93,tp,6.8701,0.8,2025-04
2025-04-24T09:13:01,flip,BUY,92294.09,92166.21,92396.39,127.88,0.0,2025-04-24T09:17:12,92396.39,tp,2.0461,0.8,2025-04
2025-04-24T10:03:01,cont,BUY,92542.98,92243.42,92782.63,299.56,50.0,2025-04-24T12:36:14,92782.63,tp,4.793,0.8,2025-04
2025-04-24T13:31:01,cont,BUY,92847.42,92616.34,93032.28,231.08,108.0,2025-04-24T13:41:12,92615.73,sl,-4.6338,-1.0026,2025-04
2025-04-24T17:09:01,flip,SELL,93241.42,93452.73,93072.37,211.31,0.0,2025-04-24T17:12:28,93072.37,tp,3.381,0.8,2025-04
2025-04-24T17:44:01,cont,SELL,92763.58,93092.39,92500.53,328.81,35.0,2025-04-24T18:02:04,93094.6,sl,-6.6204,-1.0067,2025-04
2025-04-24T18:48:01,flip,BUY,93450.54,93158.45,93684.21,292.09,0.0,2025-04-24T21:28:06,93146.89,sl,-6.073,-1.0396,2025-04
2025-04-24T22:34:01,cont,BUY,93592.51,93009.33,94059.05,583.18,87.0,2025-04-25T01:09:46,94059.05,tp,9.3309,0.8,2025-04
2025-04-25T12:54:01,flip,SELL,94353.06,94870.08,93939.44,517.02,0.0,2025-04-25T13:32:40,93939.44,tp,8.2723,0.8,2025-04
2025-04-25T13:33:01,cont,SELL,94059.07,94361.33,93817.26,302.26,39.0,2025-04-25T13:35:13,94361.44,sl,-6.0474,-1.0004,2025-04
2025-04-25T13:46:01,flip,BUY,94589.62,94353.59,94778.44,236.03,0.0,2025-04-25T13:52:40,94345.46,sl,-4.8832,-1.0344,2025-04
2025-04-25T14:07:01,cont,BUY,94788.53,94292.81,95185.11,495.72,21.0,2025-04-25T14:12:19,95185.11,tp,7.9315,0.8,2025-04
2025-04-25T14:47:01,cont,BUY,95600.65,94595.71,96404.6,1004.94,61.0,2025-04-25T17:47:10,94590.95,sl,-20.194,-1.0047,2025-04
2025-04-26T08:13:02,flip,SELL,94387.01,95373.04,93598.19,986.03,0.0,2025-04-28T00:07:00,93598.19,tp,15.7765,0.8,2025-04
2025-04-28T01:12:01,cont,SELL,93259.88,93776.61,92846.5,516.73,71.0,2025-04-28T01:37:17,92846.5,tp,8.2677,0.8,2025-04
2025-04-28T02:49:01,flip,BUY,93597.05,93413.36,93744.0,183.69,0.0,2025-04-28T03:18:46,93744.0,tp,2.939,0.8,2025-04
2025-04-28T03:25:01,cont,BUY,93823.42,93692.68,93928.01,130.74,36.0,2025-04-28T03:32:28,93928.01,tp,2.0918,0.8,2025-04
2025-04-28T03:33:01,cont,BUY,93890.87,93714.61,94031.88,176.26,44.0,2025-04-28T04:18:54,94031.88,tp,2.8202,0.8,2025-04
2025-04-28T04:19:01,cont,BUY,94052.55,93739.48,94303.01,313.07,90.0,2025-04-28T05:28:07,94303.01,tp,5.0091,0.8,2025-04
2025-04-28T12:02:01,flip,SELL,95223.77,95345.76,95126.18,121.99,0.0,2025-04-28T12:03:38,95126.18,tp,1.9518,0.8,2025-04
2025-04-28T12:10:01,cont,SELL,95075.52,95277.92,94913.6,202.4,8.0,2025-04-28T12:17:13,95279.74,sl,-4.0844,-1.009,2025-04
2025-04-28T12:33:01,flip,BUY,95360.55,95247.87,95450.69,112.68,0.0,2025-04-28T12:38:08,95243.45,sl,-2.342,-1.0392,2025-04
2025-04-28T12:41:01,cont,BUY,95456.23,95266.44,95608.06,189.79,8.0,2025-04-28T12:47:20,95608.06,tp,3.0366,0.8,2025-04
2025-04-28T13:30:01,flip,SELL,95058.93,95296.49,94868.88,237.56,0.0,2025-04-28T13:32:06,94868.88,tp,3.801,0.8,2025-04
2025-04-28T13:49:01,cont,SELL,94433.42,94788.02,94149.74,354.6,19.0,2025-04-28T13:56:19,94149.74,tp,5.6736,0.8,2025-04
2025-04-28T15:22:01,cont,SELL,93895.22,94870.7,93114.84,975.48,112.0,2025-04-28T19:32:23,94874.25,sl,-19.5806,-1.0036,2025-04
2025-04-28T19:38:01,cont,BUY,94895.2,94673.99,95072.17,221.21,101.0,2025-04-28T20:02:25,94665.45,sl,-4.595,-1.0386,2025-04
2025-04-28T20:11:01,flip,SELL,94604.49,94683.8,94541.04,79.31,0.0,2025-04-28T20:21:30,94684.66,sl,-1.6034,-1.0108,2025-04
2025-04-28T20:32:01,cont,SELL,94545.78,94723.85,94403.32,178.07,21.0,2025-04-28T20:51:08,94403.32,tp,2.8491,0.8,2025-04
2025-04-28T21:12:01,cont,SELL,94390.93,94550.41,94263.35,159.48,61.0,2025-04-28T21:52:28,94553.39,sl,-3.2492,-1.0187,2025-04
2025-04-28T22:06:01,flip,BUY,94625.99,94453.31,94764.13,172.68,0.0,2025-04-28T22:20:49,94448.85,sl,-3.5428,-1.0258,2025-04
2025-04-28T22:47:01,cont,BUY,94743.17,94448.84,94978.63,294.33,41.0,2025-04-28T23:10:09,94978.63,tp,4.7093,0.8,2025-04
2025-04-28T23:26:01,cont,BUY,95066.87,94872.28,95222.54,194.59,80.0,2025-04-29T00:06:55,94870.12,sl,-3.935,-1.0111,2025-04
2025-04-29T00:32:01,flip,BUY,95108.97,94992.98,95201.76,115.99,0.0,2025-04-29T00:34:21,94992.3,sl,-2.3334,-1.0059,2025-04
2025-04-29T00:43:01,cont,BUY,95146.99,94931.24,95319.59,215.75,11.0,2025-04-29T00:49:18,94927.74,sl,-4.385,-1.0162,2025-04
2025-04-29T01:12:01,cont,BUY,95398.12,94909.39,95789.1,488.73,40.0,2025-04-29T01:15:32,94908.42,sl,-9.794,-1.002,2025-04
2025-04-29T02:02:01,flip,SELL,94770.19,95436.54,94237.11,666.35,0.0,2025-04-29T05:13:20,94237.11,tp,10.6616,0.8,2025-04
2025-04-29T05:14:01,flip,SELL,94207.56,94372.42,94075.67,164.86,0.0,2025-04-29T05:23:25,94372.92,sl,-3.3072,-1.003,2025-04
2025-04-29T06:03:01,flip,BUY,94433.56,94173.21,94641.84,260.35,0.0,2025-04-29T06:20:14,94641.84,tp,4.1656,0.8,2025-04
2025-04-29T06:26:01,cont,BUY,94701.39,94579.35,94799.02,122.04,23.0,2025-04-29T06:42:44,94578.38,sl,-2.4602,-1.0079,2025-04
2025-04-29T06:54:01,cont,BUY,94788.97,94556.93,94974.6,232.04,51.0,2025-04-29T07:54:09,94974.6,tp,3.7126,0.8,2025-04
2025-04-29T21:16:01,flip,SELL,94531.42,95435.45,93808.2,904.03,0.0,2025-04-29T23:10:31,93808.2,tp,14.4645,0.8,2025-04
2025-04-29T23:55:01,flip,BUY,94333.2,94232.83,94413.5,100.37,0.0,2025-04-30T00:00:12,94232.49,sl,-2.0142,-1.0034,2025-04
2025-04-30T00:09:01,cont,BUY,94361.88,94144.5,94535.78,217.38,14.0,2025-04-30T00:34:09,94535.78,tp,3.4781,0.8,2025-04
2025-04-30T04:27:01,flip,SELL,94893.19,94990.14,94815.63,96.95,0.0,2025-04-30T04:27:54,94991.26,sl,-1.9614,-1.0116,2025-04
2025-04-30T04:56:01,flip,BUY,95056.08,94895.39,95184.63,160.69,0.0,2025-04-30T05:47:13,94894.92,sl,-3.2232,-1.0029,2025-04
2025-04-30T06:07:01,flip,SELL,94864.43,94927.8,94813.73,63.37,0.0,2025-04-30T06:15:19,94927.98,sl,-1.271,-1.0028,2025-04
2025-04-30T06:38:01,cont,SELL,94797.22,94952.93,94672.65,155.71,31.0,2025-04-30T07:32:12,94672.65,tp,2.4914,0.8,2025-04
2025-04-30T09:31:01,flip,BUY,94809.63,94620.91,94960.61,188.72,0.0,2025-04-30T09:42:26,94960.61,tp,3.0195,0.8,2025-04
2025-04-30T11:27:01,cont,BUY,95057.67,94840.5,95231.41,217.17,116.0,2025-04-30T12:31:34,94839.12,sl,-4.371,-1.0064,2025-04
2025-04-30T13:14:01,flip,SELL,94256.04,94605.01,93976.86,348.97,0.0,2025-04-30T13:26:51,94611.24,sl,-7.104,-1.0179,2025-04
2025-04-30T13:39:01,cont,SELL,94134.7,94646.13,93725.56,511.43,25.0,2025-04-30T13:42:00,93725.56,tp,8.1829,0.8,2025-04
2025-04-30T13:47:01,cont,SELL,93644.1,93894.01,93444.17,249.91,33.0,2025-04-30T13:53:30,93444.17,tp,3.9986,0.8,2025-04
2025-04-30T14:33:01,flip,BUY,94314.13,94012.86,94555.15,301.27,0.0,2025-04-30T14:36:47,94011.43,sl,-6.054,-1.0047,2025-04
2025-04-30T14:51:01,flip,SELL,93693.67,94098.31,93369.96,404.64,0.0,2025-04-30T15:34:55,94113.53,sl,-8.3972,-1.0376,2025-04
2025-04-30T16:17:01,cont,SELL,93581.8,94100.54,93166.81,518.74,86.0,2025-04-30T16:41:24,94101.21,sl,-10.3882,-1.0013,2025-04
2025-04-30T17:39:01,flip,BUY,94199.12,93748.06,94559.97,451.06,0.0,2025-04-30T19:26:57,93744.58,sl,-9.0908,-1.0077,2025-04
2025-04-30T20:26:01,flip,BUY,94673.75,94462.54,94842.72,211.21,0.0,2025-04-30T21:45:04,94461.43,sl,-4.2464,-1.0053,2025-04
2025-04-30T21:55:01,flip,SELL,94403.95,94557.42,94281.17,153.47,0.0,2025-04-30T22:00:38,94557.73,sl,-3.0756,-1.002,2025-04
2025-04-30T22:30:01,cont,SELL,94362.65,94723.41,94074.04,360.76,35.0,2025-04-30T22:49:16,94074.04,tp,5.7722,0.8,2025-04
2025-05-01T01:00:01,flip,BUY,94397.22,94286.8,94485.56,110.42,0.0,2025-05-01T01:06:40,94485.56,tp,1.7667,0.8,2025-05
2025-05-01T01:07:01,cont,BUY,94545.34,94421.76,94644.2,123.58,7.0,2025-05-01T01:16:27,94644.2,tp,1.9773,0.8,2025-05
2025-05-01T01:17:01,cont,BUY,94658.29,94471.44,94807.77,186.85,17.0,2025-05-01T01:40:56,94469.36,sl,-3.7786,-1.0111,2025-05
2025-05-01T01:45:01,cont,BUY,94699.26,94461.01,94889.86,238.25,45.0,2025-05-01T02:27:06,94889.86,tp,3.812,0.8,2025-05
2025-05-01T07:02:01,flip,SELL,94778.04,94904.34,94677.0,126.3,0.0,2025-05-01T07:05:17,94906.13,sl,-2.5618,-1.0142,2025-05
2025-05-01T07:25:01,flip,BUY,95021.67,94911.74,95109.61,109.93,0.0,2025-05-01T08:06:30,94909.66,sl,-2.2402,-1.0189,2025-05
2025-05-01T08:53:01,flip,BUY,95170.75,95055.7,95262.79,115.05,0.0,2025-05-01T09:20:27,95262.79,tp,1.8408,0.8,2025-05
2025-05-01T09:21:01,cont,BUY,95294.27,95112.56,95439.64,181.71,28.0,2025-05-01T09:35:00,95439.64,tp,2.9074,0.8,2025-05
2025-05-01T09:51:01,cont,BUY,95670.24,95361.52,95917.22,308.72,58.0,2025-05-01T10:16:55,95917.22,tp,4.9395,0.8,2025-05
2025-05-01T10:17:01,cont,BUY,95933.96,95500.6,96280.65,433.36,84.0,2025-05-01T10:20:13,96280.65,tp,6.9338,0.8,2025-05
2025-05-01T13:40:01,flip,SELL,96139.98,96473.93,95872.82,333.95,0.0,2025-05-01T13:54:19,95872.82,tp,5.3432,0.8,2025-05
2025-05-01T14:37:01,flip,BUY,96568.51,96176.02,96882.5,392.49,0.0,2025-05-01T14:58:52,96882.5,tp,6.2798,0.8,2025-05
2025-05-01T14:59:01,cont,BUY,96857.48,96372.98,97245.08,484.5,22.0,2025-05-01T15:10:38,97245.08,tp,7.752,0.8,2025-05
2025-05-01T17:29:01,flip,SELL,96827.01,97355.23,96404.43,528.22,0.0,2025-05-01T18:30:37,96404.43,tp,8.4515,0.8,2025-05
2025-05-01T18:31:01,cont,SELL,96420.96,96510.74,96349.14,89.78,62.0,2025-05-01T18:32:57,96513.92,sl,-1.8592,-1.0354,2025-05
2025-05-01T18:45:01,flip,BUY,96740.7,96613.92,96842.12,126.78,0.0,2025-05-01T18:48:28,96842.12,tp,2.0285,0.8,2025-05
2025-05-01T19:25:01,flip,SELL,96394.39,96590.97,96237.13,196.58,0.0,2025-05-01T19:34:32,96591.95,sl,-3.9512,-1.005,2025-05
2025-05-01T20:02:01,cont,SELL,96380.38,96662.08,96155.02,281.7,37.0,2025-05-01T20:13:38,96662.55,sl,-5.6434,-1.0017,2025-05
2025-05-01T20:27:01,flip,BUY,96838.47,96722.56,96931.2,115.91,0.0,2025-05-01T20:28:25,96722.15,sl,-2.3264,-1.0035,2025-05
2025-05-01T20:50:01,flip,SELL,96464.62,96670.63,96299.81,206.01,0.0,2025-05-01T21:14:03,96671.3,sl,-4.1336,-1.0033,2025-05
2025-05-02T00:57:01,flip,BUY,97002.25,96689.42,97252.51,312.83,0.0,2025-05-02T02:03:26,96686.56,sl,-6.3138,-1.0091,2025-05
2025-05-02T04:31:01,flip,SELL,97007.41,97208.64,96846.43,201.23,0.0,2025-05-02T04:45:55,96846.43,tp,3.2197,0.8,2025-05
2025-05-02T05:18:01,cont,SELL,96799.42,96948.22,96680.38,148.8,47.0,2025-05-02T05:52:38,96680.38,tp,2.3808,0.8,2025-05
2025-05-02T05:53:01,cont,SELL,96629.17,96829.74,96468.71,200.57,82.0,2025-05-02T06:31:31,96831.98,sl,-4.0562,-1.0112,2025-05
2025-05-02T07:10:01,flip,SELL,96394.62,96508.43,96303.57,113.81,0.0,2025-05-02T07:10:44,96509.47,sl,-2.297,-1.0091,2025-05
2025-05-02T07:38:01,cont,SELL,96320.18,96660.98,96047.54,340.8,28.0,2025-05-02T08:37:51,96664.64,sl,-6.8892,-1.0107,2025-05
2025-05-02T09:11:01,flip,BUY,96756.31,96401.63,97040.05,354.68,0.0,2025-05-02T11:24:40,97040.05,tp,5.6749,0.8,2025-05
2025-05-02T12:11:01,flip,SELL,96795.98,96986.1,96643.88,190.12,0.0,2025-05-02T12:30:02,96992.82,sl,-3.9368,-1.0353,2025-05
2025-05-02T12:35:01,cont,SELL,96632.98,97054.64,96295.65,421.66,24.0,2025-05-02T12:47:32,97056.05,sl,-8.4614,-1.0033,2025-05
2025-05-02T14:33:01,flip,BUY,97210.91,96622.01,97682.03,588.9,0.0,2025-05-02T14:54:09,97682.03,tp,9.4224,0.8,2025-05
2025-05-02T14:55:01,cont,BUY,97680.76,97283.43,97998.62,397.33,22.0,2025-05-02T15:26:07,97282.46,sl,-7.966,-1.0024,2025-05
2025-05-02T17:12:01,flip,SELL,97033.01,97779.59,96435.75,746.58,0.0,2025-05-03T01:31:26,96435.75,tp,11.9453,0.8,2025-05
2025-05-03T01:52:01,cont,SELL,96404.02,96441.53,96374.01,37.51,32.0,2025-05-03T01:52:22,96442.96,sl,-0.7788,-1.0381,2025-05
2025-05-03T02:01:01,flip,BUY,96547.77,96402.46,96664.02,145.31,0.0,2025-05-03T02:32:09,96664.02,tp,2.325,0.8,2025-05
2025-05-03T03:02:01,flip,SELL,96481.71,96546.55,96429.84,64.84,0.0,2025-05-03T03:18:18,96429.84,tp,1.0374,0.8,2025-05
2025-05-03T03:36:01,cont,SELL,96308.63,96384.3,96248.09,75.67,34.0,2025-05-03T03:42:58,96387.5,sl,-1.5774,-1.0423,2025-05
2025-05-03T04:24:01,flip,BUY,96498.11,96285.03,96668.57,213.08,0.0,2025-05-03T06:14:46,96284.96,sl,-4.263,-1.0003,2025-05
2025-05-03T06:18:01,cont,SELL,96281.39,96338.38,96235.8,56.99,11.0,2025-05-03T06:18:10,96235.8,tp,0.9118,0.8,2025-05
2025-05-03T06:30:01,cont,SELL,96207.13,96304.37,96129.34,97.24,23.0,2025-05-03T06:37:01,96305.97,sl,-1.9768,-1.0165,2025-05
2025-05-03T06:51:01,cont,SELL,96139.64,96316.53,95998.13,176.89,44.0,2025-05-03T07:34:39,96320.74,sl,-3.622,-1.0238,2025-05
2025-05-03T08:38:01,flip,BUY,96420.58,96152.05,96635.4,268.53,0.0,2025-05-03T10:11:33,96148.66,sl,-5.4384,-1.0126,2025-05
2025-05-03T17:03:01,flip,SELL,96088.11,96214.02,95987.38,125.91,0.0,2025-05-03T17:10:10,95987.38,tp,2.0146,0.8,2025-05
2025-05-03T18:23:01,flip,BUY,96277.08,96182.57,96352.69,94.51,0.0,2025-05-03T18:27:21,96175.81,sl,-2.0254,-1.0715,2025-05
2025-05-03T18:44:01,flip,SELL,96095.44,96173.14,96033.28,77.7,0.0,2025-05-03T18:47:42,96176.19,sl,-1.615,-1.0393,2025-05
2025-05-03T19:16:01,flip,BUY,96239.36,96184.63,96283.14,54.73,0.0,2025-05-03T19:24:48,96182.83,sl,-1.1306,-1.0329,2025-05
2025-05-03T19:31:01,cont,BUY,96284.59,96169.15,96376.94,115.44,15.0,2025-05-03T20:00:05,96376.94,tp,1.847,0.8,2025-05
2025-05-03T22:04:01,flip,SELL,96213.78,96336.55,96115.56,122.77,0.0,2025-05-03T22:05:35,96359.25,sl,-2.9094,-1.1849,2025-05
2025-05-03T22:48:01,cont,SELL,96195.97,96360.22,96064.57,164.25,44.0,2025-05-03T23:24:58,96064.57,tp,2.628,0.8,2025-05
2025-05-03T23:35:01,cont,SELL,95872.57,96025.76,95750.02,153.19,91.0,2025-05-04T00:15:35,96032.32,sl,-3.195,-1.0428,2025-05
2025-05-04T15:02:01,flip,BUY,95710.79,95525.14,95859.31,185.65,0.0,2025-05-04T15:35:33,95523.07,sl,-3.7544,-1.0112,2025-05
2025-05-04T15:44:01,flip,SELL,95485.78,95563.71,95423.44,77.93,0.0,2025-05-04T16:00:16,95423.44,tp,1.2469,0.8,2025-05
2025-05-04T16:17:01,cont,SELL,95399.14,95561.2,95269.49,162.06,33.0,2025-05-04T16:24:13,95576.21,sl,-3.5414,-1.0926,2025-05
2025-05-04T16:41:01,cont,SELL,95328.42,95584.86,95123.27,256.44,57.0,2025-05-04T19:33:08,95592.08,sl,-5.2732,-1.0282,2025-05
2025-05-04T20:04:01,cont,BUY,95711.18,95557.72,95833.95,153.46,93.0,2025-05-04T22:02:54,95552.56,sl,-3.1724,-1.0336,2025-05
2025-05-04T22:33:01,cont,SELL,94993.7,95359.16,94701.33,365.46,32.0,2025-05-04T23:06:05,94701.33,tp,5.8474,0.8,2025-05
2025-05-04T23:07:01,cont,SELL,94714.09,95060.09,94437.29,346.0,66.0,2025-05-04T23:30:01,94437.29,tp,5.536,0.8,2025-05
2025-05-04T23:45:01,cont,SELL,94220.3,94541.74,93963.15,321.44,104.0,2025-05-05T00:16:39,94542.39,sl,-6.4418,-1.002,2025-05
2025-05-05T00:23:01,flip,BUY,94600.97,94473.56,94702.9,127.41,0.0,2025-05-05T00:28:15,94702.9,tp,2.0386,0.8,2025-05
2025-05-05T00:36:01,cont,BUY,94828.73,94670.33,94955.45,158.4,13.0,2025-05-05T01:00:06,94669.69,sl,-3.1808,-1.004,2025-05
2025-05-05T01:19:01,flip,SELL,94367.22,94562.57,94210.94,195.35,0.0,2025-05-05T01:30:56,94210.94,tp,3.1256,0.8,2025-05
2025-05-05T02:09:01,cont,SELL,93694.66,94107.25,93364.59,412.59,50.0,2025-05-05T02:14:14,94108.17,sl,-8.2702,-1.0022,2025-05
2025-05-05T02:31:01,flip,BUY,94387.64,94228.16,94515.22,159.48,0.0,2025-05-05T03:00:50,94227.53,sl,-3.2022,-1.004,2025-05
2025-05-05T03:08:01,flip,SELL,94170.69,94354.71,94023.47,184.02,0.0,2025-05-05T04:26:04,94354.88,sl,-3.6838,-1.0009,2025-05
2025-05-05T04:27:01,flip,BUY,94349.59,94243.58,94434.4,106.01,0.0,2025-05-05T04:37:18,94434.4,tp,1.6962,0.8,2025-05
2025-05-05T05:29:01,cont,BUY,94476.59,94293.67,94622.93,182.92,62.0,2025-05-05T05:52:40,94622.93,tp,2.9267,0.8,2025-05
2025-05-05T09:15:01,flip,SELL,94508.23,94630.61,94410.33,122.38,0.0,2025-05-05T09:24:54,94632.12,sl,-2.4778,-1.0123,2025-05
2025-05-05T10:05:01,cont,SELL,94464.25,94638.4,94324.93,174.15,50.0,2025-05-05T10:39:03,94324.93,tp,2.7864,0.8,2025-05
2025-05-05T13:02:01,flip,BUY,94405.36,94233.68,94542.7,171.68,0.0,2025-05-05T13:08:53,94232.34,sl,-3.4604,-1.0078,2025-05
2025-05-05T13:27:01,flip,SELL,94177.52,94367.45,94025.58,189.93,0.0,2025-05-05T13:31:25,94025.58,tp,3.0389,0.8,2025-05
2025-05-05T13:32:01,cont,SELL,94044.53,94189.26,93928.75,144.73,5.0,2025-05-05T13:32:46,93928.75,tp,2.3157,0.8,2025-05
2025-05-05T13:40:01,cont,SELL,93838.61,94229.4,93525.98,390.79,13.0,2025-05-05T13:59:41,94232.63,sl,-7.8804,-1.0083,2025-05
2025-05-05T15:06:01,cont,SELL,93691.76,94512.18,93035.42,820.42,99.0,2025-05-05T17:36:01,94522.75,sl,-16.6198,-1.0129,2025-05
2025-05-05T17:40:01,cont,BUY,94587.42,94411.44,94728.2,175.98,11.0,2025-05-05T17:46:00,94411.11,sl,-3.5262,-1.0019,2025-05
2025-05-05T18:34:01,cont,BUY,94746.17,94554.4,94899.59,191.77,65.0,2025-05-05T18:37:45,94899.59,tp,3.0683,0.8,2025-05
2025-05-05T20:01:01,flip,SELL,94303.35,94413.22,94215.45,109.87,0.0,2025-05-05T20:05:51,94215.45,tp,1.7579,0.8,2025-05
2025-05-05T20:31:01,cont,SELL,94089.52,94220.4,93984.82,130.88,30.0,2025-05-05T20:32:10,93984.82,tp,2.0941,0.8,2025-05
2025-05-05T21:12:01,flip,BUY,94541.36,94442.54,94620.42,98.82,0.0,2025-05-05T21:22:38,94620.42,tp,1.5811,0.8,2025-05
2025-05-05T21:23:01,cont,BUY,94633.46,94525.51,94719.82,107.95,11.0,2025-05-05T21:32:52,94523.98,sl,-2.1896,-1.0142,2025-05
2025-05-05T21:49:01,cont,BUY,94716.85,94357.14,95004.62,359.71,37.0,2025-05-05T22:16:06,95004.62,tp,5.7554,0.8,2025-05
2025-05-05T22:17:01,cont,BUY,94976.66,94678.43,95215.24,298.23,65.0,2025-05-05T22:41:59,95215.24,tp,4.7717,0.8,2025-05
2025-05-06T00:16:01,flip,SELL,94648.17,94711.51,94597.5,63.34,0.0,2025-05-06T00:22:18,94597.5,tp,1.0134,0.8,2025-05
2025-05-06T00:36:01,cont,SELL,94552.01,94739.13,94402.31,187.12,20.0,2025-05-06T01:12:56,94739.36,sl,-3.747,-1.0012,2025-05
2025-05-06T01:19:01,flip,BUY,94872.54,94784.86,94942.68,87.68,0.0,2025-05-06T01:23:31,94942.68,tp,1.4029,0.8,2025-05
2025-05-06T02:06:01,flip,SELL,94263.95,94410.69,94146.56,146.74,0.0,2025-05-06T02:20:11,94146.56,tp,2.3478,0.8,2025-05
2025-05-06T03:07:01,flip,BUY,94396.82,94217.52,94540.26,179.3,0.0,2025-05-06T03:21:31,94216.15,sl,-3.6134,-1.0076,2025-05
2025-05-06T03:28:01,cont,BUY,94424.18,94213.92,94592.39,210.26,21.0,2025-05-06T04:32:24,94592.39,tp,3.3642,0.8,2025-05
2025-05-06T04:33:01,cont,BUY,94618.26,94516.76,94699.46,101.5,86.0,2025-05-06T04:36:41,94512.77,sl,-2.1098,-1.0393,2025-05
2025-05-06T05:01:01,cont,BUY,94642.11,94455.26,94791.59,186.85,114.0,2025-05-06T05:17:08,94454.25,sl,-3.7572,-1.0054,2025-05
2025-05-06T05:33:01,flip,SELL,94311.97,94408.39,94234.83,96.42,0.0,2025-05-06T05:40:27,94408.67,sl,-1.934,-1.0029,2025-05
2025-05-06T06:18:01,flip,BUY,94469.88,94373.82,94546.73,96.06,0.0,2025-05-06T06:32:25,94369.67,sl,-2.0042,-1.0432,2025-05
2025-05-06T07:00:01,cont,BUY,94509.3,94358.61,94629.85,150.69,42.0,2025-05-06T07:02:45,94629.85,tp,2.411,0.8,2025-05
2025-05-06T08:12:01,flip,SELL,94253.63,94391.93,94142.99,138.3,0.0,2025-05-06T08:17:00,94142.99,tp,2.2128,0.8,2025-05
2025-05-06T12:48:01,flip,BUY,94016.38,93882.93,94123.14,133.45,0.0,2025-05-06T13:01:02,93882.35,sl,-2.6806,-1.0043,2025-05
2025-05-06T13:31:01,flip,SELL,93680.16,93845.94,93547.54,165.78,0.0,2025-05-06T13:32:29,93855.22,sl,-3.5012,-1.056,2025-05
2025-05-06T13:51:01,cont,SELL,93604.36,93977.14,93306.14,372.78,20.0,2025-05-06T14:01:52,93978.55,sl,-7.4838,-1.0038,2025-05
2025-05-06T14:17:01,flip,BUY,94251.85,93999.28,94453.91,252.57,0.0,2025-05-06T14:19:34,94453.91,tp,4.0411,0.8,2025-05
2025-05-06T15:37:01,cont,BUY,94750.78,94063.39,95300.69,687.39,80.0,2025-05-06T22:03:38,95300.69,tp,10.9982,0.8,2025-05
2025-05-06T22:27:01,cont,BUY,95568.26,95090.91,95950.14,477.35,26.0,2025-05-06T22:30:47,95950.14,tp,7.6376,0.8,2025-05
2025-05-06T22:43:01,cont,BUY,96085.34,95638.35,96442.93,446.99,42.0,2025-05-06T23:23:07,96442.93,tp,7.1518,0.8,2025-05
2025-05-06T23:24:01,cont,BUY,96576.02,96095.27,96960.62,480.75,83.0,2025-05-07T00:07:21,96960.62,tp,7.692,0.8,2025-05
2025-05-07T02:29:01,flip,SELL,96814.24,97038.94,96634.48,224.7,0.0,2025-05-07T02:47:40,96634.48,tp,3.5952,0.8,2025-05
2025-05-07T03:18:01,cont,SELL,96310.39,96400.53,96238.28,90.14,49.0,2025-05-07T03:18:19,96238.28,tp,1.4422,0.8,2025-05
2025-05-07T03:53:01,flip,BUY,96568.08,96406.92,96697.01,161.16,0.0,2025-05-07T04:50:07,96405.57,sl,-3.2502,-1.0084,2025-05
2025-05-07T05:16:01,cont,SELL,96419.97,96566.93,96302.4,146.96,28.0,2025-05-07T05:46:01,96302.4,tp,2.3514,0.8,2025-05
2025-05-07T07:09:01,flip,BUY,96676.46,96422.14,96879.92,254.32,0.0,2025-05-07T07:46:09,96879.92,tp,4.0691,0.8,2025-05
2025-05-07T07:58:01,cont,BUY,96999.9,96923.93,97060.68,75.97,49.0,2025-05-07T08:01:04,96920.8,sl,-1.582,-1.0412,2025-05
2025-05-07T08:39:01,cont,BUY,97049.87,96830.39,97225.45,219.48,90.0,2025-05-07T10:28:08,96828.64,sl,-4.4246,-1.008,2025-05
2025-05-07T10:44:01,flip,BUY,97055.36,96806.59,97254.38,248.77,0.0,2025-05-07T13:08:09,96806.17,sl,-4.9838,-1.0017,2025-05
2025-05-07T13:18:01,cont,SELL,96768.88,96828.04,96721.55,59.16,16.0,2025-05-07T13:25:27,96721.55,tp,0.9466,0.8,2025-05
2025-05-07T13:26:01,cont,SELL,96696.64,96796.7,96616.59,100.06,24.0,2025-05-07T13:31:01,96835.94,sl,-2.786,-1.3922,2025-05
2025-05-07T13:40:01,flip,BUY,96991.99,96728.99,97202.39,263.0,0.0,2025-05-07T13:43:31,97202.39,tp,4.208,0.8,2025-05
2025-05-07T14:11:01,cont,BUY,97295.4,96870.47,97635.34,424.93,31.0,2025-05-07T14:52:42,96863.92,sl,-8.6296,-1.0154,2025-05
2025-05-07T15:03:01,flip,SELL,96750.25,96930.72,96605.87,180.47,0.0,2025-05-07T15:10:19,96933.29,sl,-3.6608,-1.0142,2025-05
2025-05-07T15:33:01,flip,BUY,97043.93,96798.34,97240.4,245.59,0.0,2025-05-07T15:50:39,96795.52,sl,-4.9682,-1.0115,2025-05
2025-05-07T16:06:01,flip,SELL,96751.13,96930.92,96607.3,179.79,0.0,2025-05-07T16:10:10,96607.3,tp,2.8766,0.8,2025-05
2025-05-07T16:22:01,cont,SELL,96513.27,96766.32,96310.83,253.05,16.0,2025-05-07T16:47:37,96770.48,sl,-5.1442,-1.0164,2025-05
2025-05-07T17:53:01,cont,SELL,96357.71,96919.14,95908.57,561.43,107.0,2025-05-07T18:10:06,95908.57,tp,8.9829,0.8,2025-05
2025-05-07T19:42:01,flip,BUY,96255.07,95910.05,96531.09,345.02,0.0,2025-05-07T19:43:11,96531.09,tp,5.5203,0.8,2025-05
2025-05-07T20:51:01,cont,BUY,96681.95,96042.75,97193.31,639.2,69.0,2025-05-07T21:30:04,97193.31,tp,10.2272,0.8,2025-05
2025-05-07T23:42:01,flip,SELL,97025.38,97147.12,96927.99,121.74,0.0,2025-05-08T00:20:00,97147.62,sl,-2.4448,-1.0041,2025-05
2025-05-08T00:36:01,cont,SELL,96920.46,97135.88,96748.12,215.42,54.0,2025-05-08T00:53:53,97135.93,sl,-4.3094,-1.0002,2025-05
2025-05-08T02:25:01,flip,BUY,98347.04,97555.74,98980.08,791.3,0.0,2025-05-08T03:44:18,98980.08,tp,12.6608,0.8,2025-05
2025-05-08T03:59:01,cont,BUY,99157.78,98794.25,99448.6,363.53,94.0,2025-05-08T05:18:24,98793.78,sl,-7.28,-1.0013,2025-05
2025-05-08T05:55:01,cont,SELL,98697.93,98886.09,98547.4,188.16,42.0,2025-05-08T06:45:54,98886.86,sl,-3.7786,-1.0041,2025-05
2025-05-08T07:20:01,flip,BUY,99107.47,99015.08,99181.38,92.39,0.0,2025-05-08T07:23:20,99181.38,tp,1.4782,0.8,2025-05
2025-05-08T07:34:01,cont,BUY,99300.01,99136.03,99431.19,163.98,14.0,2025-05-08T07:37:18,99135.5,sl,-3.2902,-1.0032,2025-05
2025-05-08T08:49:01,cont,BUY,99677.93,99380.68,99915.73,297.25,89.0,2025-05-08T11:57:28,99380.6,sl,-5.9466,-1.0003,2025-05
2025-05-08T12:15:01,cont,SELL,99339.46,99447.01,99253.42,107.55,18.0,2025-05-08T12:18:17,99447.15,sl,-2.1538,-1.0013,2025-05
2025-05-08T12:36:01,cont,SELL,99306.17,99505.81,99146.46,199.64,39.0,2025-05-08T13:35:22,99508.91,sl,-4.0548,-1.0155,2025-05
2025-05-08T13:47:01,cont,SELL,99157.48,99591.79,98810.03,434.31,110.0,2025-05-08T14:31:02,99599.73,sl,-8.845,-1.0183,2025-05
2025-05-08T14:51:01,flip,BUY,99805.24,99504.21,100046.06,301.03,0.0,2025-05-08T14:55:23,99501.89,sl,-6.067,-1.0077,2025-05
2025-05-08T15:21:01,cont,BUY,99902.31,99350.16,100344.03,552.15,30.0,2025-05-08T15:24:31,100344.03,tp,8.8344,0.8,2025-05
2025-05-08T15:25:01,cont,BUY,100546.68,99668.08,101249.56,878.6,34.0,2025-05-08T15:40:59,101249.56,tp,14.0576,0.8,2025-05
2025-05-11T02:06:01,flip,SELL,103859.41,104519.62,103331.24,660.21,0.0,2025-05-11T07:41:20,103331.24,tp,10.5634,0.8,2025-05
2025-05-11T09:12:01,flip,BUY,104020.9,103686.08,104288.76,334.82,0.0,2025-05-11T09:30:01,104288.76,tp,5.3571,0.8,2025-05
2025-05-11T10:34:01,cont,BUY,104487.96,104168.99,104743.14,318.97,82.0,2025-05-11T11:00:13,104743.14,tp,5.1035,0.8,2025-05
2025-05-11T13:43:01,flip,SELL,104167.1,104440.57,103948.32,273.47,0.0,2025-05-11T13:59:20,103948.32,tp,4.3755,0.8,2025-05
2025-05-11T18:49:01,flip,BUY,104738.78,103703.98,105566.62,1034.8,0.0,2025-05-11T22:35:48,103703.78,sl,-20.7,-1.0002,2025-05
2025-05-11T22:45:01,flip,SELL,103520.15,103767.21,103322.5,247.06,0.0,2025-05-11T22:59:08,103771.68,sl,-5.0306,-1.0181,2025-05
2025-05-11T23:09:01,flip,BUY,103905.67,103793.89,103995.09,111.78,0.0,2025-05-11T23:10:19,103791.59,sl,-2.2816,-1.0206,2025-05
2025-05-11T23:48:01,cont,BUY,104015.03,103717.77,104252.84,297.26,39.0,2025-05-12T00:13:47,104252.84,tp,4.7562,0.8,2025-05
2025-05-12T00:14:01,cont,BUY,104308.63,104104.43,104471.99,204.2,65.0,2025-05-12T00:30:47,104471.99,tp,3.2672,0.8,2025-05
2025-05-12T00:31:01,cont,BUY,104552.04,104297.13,104755.97,254.91,82.0,2025-05-12T00:44:43,104294.99,sl,-5.141,-1.0084,2025-05
2025-05-12T01:02:01,cont,BUY,104635.82,104287.85,104914.2,347.97,113.0,2025-05-12T01:06:56,104914.2,tp,5.5675,0.8,2025-05
2025-05-12T03:06:01,flip,SELL,103678.14,104149.42,103301.12,471.28,0.0,2025-05-12T06:27:43,104155.94,sl,-9.556,-1.0138,2025-05
2025-05-12T07:01:01,flip,BUY,104974.2,104232.23,105567.78,741.97,0.0,2025-05-12T07:04:46,105567.78,tp,11.8715,0.8,2025-05
2025-05-12T08:12:01,flip,SELL,104048.09,104302.26,103844.75,254.17,0.0,2025-05-12T08:16:37,104303.68,sl,-5.1118,-1.0056,2025-05
2025-05-12T08:42:01,flip,BUY,104389.75,104078.24,104638.96,311.51,0.0,2025-05-12T08:51:31,104638.96,tp,4.9842,0.8,2025-05
2025-05-12T14:27:01,flip,SELL,103344.3,104593.87,102344.64,1249.57,0.0,2025-05-12T18:05:57,102344.64,tp,19.9931,0.8,2025-05
2025-05-13T09:19:01,flip,BUY,103263.33,101457.06,104708.35,1806.27,0.0,2025-05-13T19:30:54,104708.35,tp,28.9003,0.8,2025-05
2025-05-13T19:43:01,cont,BUY,104856.54,104635.26,105033.56,221.28,97.0,2025-05-13T19:52:15,104627.81,sl,-4.5746,-1.0337,2025-05
2025-05-13T20:17:01,flip,SELL,104487.81,104959.84,104110.19,472.03,0.0,2025-05-13T22:55:14,104110.19,tp,7.5525,0.8,2025-05
2025-05-14T04:36:01,flip,BUY,103684.91,103528.61,103809.95,156.3,0.0,2025-05-14T05:05:13,103809.95,tp,2.5008,0.8,2025-05
2025-05-14T05:06:01,cont,BUY,103809.94,103628.4,103955.17,181.54,30.0,2025-05-14T05:32:29,103628.14,sl,-3.636,-1.0014,2025-05
2025-05-14T05:50:01,cont,BUY,103864.95,103613.26,104066.3,251.69,74.0,2025-05-14T06:37:07,103609.13,sl,-5.1164,-1.0164,2025-05
2025-05-14T07:15:01,flip,SELL,103561.24,103733.49,103423.44,172.25,0.0,2025-05-14T07:24:51,103423.44,tp,2.756,0.8,2025-05
2025-05-14T08:06:01,flip,BUY,103829.92,103602.34,104011.98,227.58,0.0,2025-05-14T08:08:40,103601.96,sl,-4.5592,-1.0017,2025-05
2025-05-14T08:59:01,flip,SELL,103345.24,103725.08,103041.37,379.84,0.0,2025-05-14T09:04:04,103041.37,tp,6.0774,0.8,2025-05
2025-05-14T11:15:01,flip,BUY,103965.38,103643.12,104223.19,322.26,0.0,2025-05-14T13:33:13,104223.19,tp,5.1562,0.8,2025-05
2025-05-14T14:11:01,flip,SELL,103543.49,103969.39,103202.77,425.9,0.0,2025-05-14T14:20:54,103202.77,tp,6.8144,0.8,2025-05
2025-05-14T14:25:01,cont,SELL,103137.27,103378.78,102944.06,241.51,14.0,2025-05-14T14:34:08,102944.06,tp,3.8642,0.8,2025-05
2025-05-14T15:05:01,cont,SELL,102900.27,103459.0,102453.29,558.73,54.0,2025-05-14T15:34:01,103460.79,sl,-11.2104,-1.0032,2025-05
2025-05-14T15:40:01,flip,BUY,103526.43,103364.76,103655.77,161.67,0.0,2025-05-14T15:45:45,103362.86,sl,-3.2714,-1.0118,2025-05
2025-05-14T16:06:01,cont,BUY,103602.15,103238.22,103893.29,363.93,26.0,2025-05-14T16:49:48,103234.3,sl,-7.357,-1.0108,2025-05
2025-05-14T17:13:01,cont,SELL,103073.89,103432.2,102787.24,358.31,25.0,2025-05-14T17:23:02,102787.24,tp,5.733,0.8,2025-05
2025-05-14T19:17:01,flip,BUY,103609.23,103498.46,103697.85,110.77,0.0,2025-05-14T19:17:28,103697.85,tp,1.7723,0.8,2025-05
2025-05-15T01:21:01,flip,SELL,103541.67,103688.63,103424.1,146.96,0.0,2025-05-15T01:31:15,103424.1,tp,2.3514,0.8,2025-05
2025-05-15T02:16:01,cont,SELL,102964.7,103221.94,102758.91,257.24,55.0,2025-05-15T03:57:01,102758.91,tp,4.1158,0.8,2025-05
2025-05-15T04:33:01,flip,BUY,102976.36,102747.66,103159.32,228.7,0.0,2025-05-15T05:06:38,102745.94,sl,-4.6084,-1.0075,2025-05
2025-05-15T05:21:01,flip,SELL,102591.76,102656.14,102540.26,64.38,0.0,2025-05-15T05:30:13,102540.26,tp,1.0301,0.8,2025-05
2025-05-15T05:31:01,cont,SELL,102531.6,102622.57,102458.82,90.97,10.0,2025-05-15T05:31:31,102624.3,sl,-1.854,-1.019,2025-05
2025-05-15T05:35:01,cont,SELL,102444.57,102630.53,102295.8,185.96,14.0,2025-05-15T06:22:17,102635.65,sl,-3.8216,-1.0275,2025-05
2025-05-15T07:15:01,flip,SELL,102086.74,102410.39,101827.82,323.65,0.0,2025-05-15T07:33:44,101827.82,tp,5.1784,0.8,2025-05
2025-05-15T07:48:01,cont,SELL,101748.47,101972.56,101569.2,224.09,33.0,2025-05-15T08:01:54,101989.2,sl,-4.8146,-1.0743,2025-05
2025-05-15T08:17:01,flip,BUY,102096.59,101920.81,102237.21,175.78,0.0,2025-05-15T08:21:02,101920.5,sl,-3.5218,-1.0018,2025-05
2025-05-15T08:32:01,cont,BUY,102220.83,101872.91,102499.17,347.92,15.0,2025-05-15T09:23:49,101872.19,sl,-6.9728,-1.0021,2025-05
2025-05-15T09:46:01,cont,SELL,101590.68,101724.1,101483.94,133.42,24.0,2025-05-15T09:51:15,101727.29,sl,-2.7322,-1.0239,2025-05
2025-05-15T11:06:01,flip,BUY,101984.12,101578.02,102309.0,406.1,0.0,2025-05-15T11:23:13,102309.0,tp,6.4976,0.8,2025-05
2025-05-15T11:31:01,cont,BUY,102352.52,102255.53,102430.11,96.99,25.0,2025-05-15T11:31:34,102430.11,tp,1.5518,0.8,2025-05
2025-05-15T12:03:01,cont,BUY,102461.84,102195.46,102674.94,266.38,57.0,2025-05-15T12:30:02,102674.94,tp,4.2621,0.8,2025-05
2025-05-15T13:47:01,flip,SELL,102003.99,102363.32,101716.53,359.33,0.0,2025-05-15T13:50:35,101716.53,tp,5.7493,0.8,2025-05
2025-05-15T14:47:01,cont,SELL,101466.82,102434.14,100692.96,967.32,60.0,2025-05-15T15:27:51,102434.76,sl,-19.3588,-1.0006,2025-05
2025-05-15T16:43:01,flip,BUY,103600.07,103072.48,104022.14,527.59,0.0,2025-05-15T17:20:40,104022.14,tp,8.4414,0.8,2025-05
2025-05-15T17:44:01,flip,BUY,104140.41,103888.87,104341.64,251.54,0.0,2025-05-15T18:01:28,103883.72,sl,-5.1338,-1.0205,2025-05
2025-05-15T18:21:01,flip,SELL,103688.95,104007.56,103434.06,318.61,0.0,2025-05-15T18:30:14,103434.06,tp,5.0978,0.8,2025-05
2025-05-15T18:37:01,cont,SELL,103343.75,103588.81,103147.7,245.06,16.0,2025-05-15T18:38:26,103147.7,tp,3.921,0.8,2025-05
2025-05-15T18:48:01,cont,SELL,103106.71,103324.04,102932.85,217.33,27.0,2025-05-15T18:48:40,102932.85,tp,3.4773,0.8,2025-05
2025-05-15T20:44:01,flip,BUY,103496.42,102885.65,103985.04,610.77,0.0,2025-05-15T21:22:51,102879.95,sl,-12.3294,-1.0093,2025-05
2025-05-15T22:06:01,cont,BUY,103537.01,102724.29,104187.19,812.72,82.0,2025-05-16T02:00:10,104187.19,tp,13.0035,0.8,2025-05
2025-05-16T02:01:01,cont,BUY,104252.85,103933.72,104508.15,319.13,28.0,2025-05-16T02:18:57,103931.47,sl,-6.4276,-1.0071,2025-05
2025-05-16T02:36:01,cont,BUY,104398.33,103931.47,104771.82,466.86,63.0,2025-05-16T04:22:22,103928.91,sl,-9.3884,-1.0055,2025-05
2025-05-16T04:40:01,flip,SELL,103903.72,103975.33,103846.43,71.61,0.0,2025-05-16T04:43:12,103846.43,tp,1.1458,0.8,2025-05
2025-05-16T05:11:01,flip,BUY,104040.41,103951.89,104111.23,88.52,0.0,2025-05-16T05:11:53,103947.1,sl,-1.8662,-1.0541,2025-05
2025-05-16T05:19:01,cont,BUY,104064.22,103936.83,104166.13,127.39,8.0,2025-05-16T05:33:38,103936.54,sl,-2.5536,-1.0023,2025-05
2025-05-16T08:02:01,flip,SELL,103663.07,103769.94,103577.57,106.87,0.0,2025-05-16T08:04:36,103577.57,tp,1.7099,0.8,2025-05
2025-05-16T08:21:01,cont,SELL,103273.83,103419.03,103157.67,145.2,19.0,2025-05-16T08:24:19,103157.67,tp,2.3232,0.8,2025-05
2025-05-16T09:03:01,flip,BUY,103486.71,103384.66,103568.35,102.05,0.0,2025-05-16T09:06:30,103568.35,tp,1.6328,0.8,2025-05
2025-05-16T09:56:01,cont,BUY,103819.04,103621.62,103976.98,197.42,53.0,2025-05-16T11:25:02,103621.49,sl,-3.951,-1.0007,2025-05
2025-05-16T12:24:01,flip,SELL,103578.97,103792.43,103408.2,213.46,0.0,2025-05-16T13:35:54,103798.47,sl,-4.39,-1.0283,2025-05
2025-05-16T13:48:01,flip,BUY,103918.94,103566.72,104200.72,352.22,0.0,2025-05-16T14:11:40,103563.14,sl,-7.116,-1.0102,2025-05
2025-05-16T14:42:01,cont,SELL,103526.9,103974.39,103168.91,447.49,33.0,2025-05-16T15:04:18,103975.01,sl,-8.9622,-1.0014,2025-05
2025-05-16T16:01:01,flip,BUY,104308.17,103853.82,104671.65,454.35,0.0,2025-05-16T16:38:20,103852.75,sl,-9.1084,-1.0024,2025-05
2025-05-16T18:53:01,flip,SELL,103770.85,104128.7,103484.57,357.85,0.0,2025-05-16T22:06:22,103484.57,tp,5.7256,0.8,2025-05
2025-05-16T22:07:01,cont,SELL,103475.02,103733.99,103267.84,258.97,80.0,2025-05-17T00:35:18,103267.84,tp,4.1435,0.8,2025-05
2025-05-17T02:24:01,flip,BUY,103142.92,102791.01,103424.45,351.91,0.0,2025-05-17T04:37:40,103424.45,tp,5.6306,0.8,2025-05
2025-05-17T06:30:01,flip,SELL,103335.87,103491.47,103211.39,155.6,0.0,2025-05-17T06:43:37,103493.47,sl,-3.152,-1.0129,2025-05
2025-05-17T07:22:01,flip,BUY,103550.15,103453.08,103627.81,97.07,0.0,2025-05-17T07:46:40,103450.01,sl,-2.0028,-1.0316,2025-05
2025-05-17T08:04:01,flip,SELL,103412.22,103475.29,103361.76,63.07,0.0,2025-05-17T08:08:15,103361.76,tp,1.0091,0.8,2025-05
2025-05-17T08:22:01,cont,SELL,103145.51,103375.76,102961.31,230.25,18.0,2025-05-17T08:26:47,103376.35,sl,-4.6168,-1.0026,2025-05
2025-05-17T09:18:01,cont,SELL,103040.88,103567.74,102619.39,526.86,74.0,2025-05-18T05:48:12,103570.47,sl,-10.5918,-1.0052,2025-05
2025-05-18T17:59:01,flip,SELL,104948.89,105165.25,104775.8,216.36,0.0,2025-05-18T18:00:43,104775.8,tp,3.4618,0.8,2025-05
2025-05-18T19:59:01,cont,SELL,103882.89,104769.82,103173.35,886.93,120.0,2025-05-18T22:24:23,104770.71,sl,-17.7564,-1.001,2025-05
2025-05-18T22:51:01,flip,BUY,105508.66,104958.16,105949.06,550.5,0.0,2025-05-18T22:59:31,105949.06,tp,8.808,0.8,2025-05
2025-05-18T23:51:01,cont,BUY,106215.53,105471.05,106811.11,744.48,60.0,2025-05-19T00:07:10,106811.11,tp,11.9117,0.8,2025-05
2025-05-19T00:42:01,flip,SELL,105572.14,105971.55,105252.61,399.41,0.0,2025-05-19T00:46:15,105252.61,tp,6.3906,0.8,2025-05
2025-05-19T01:02:01,cont,SELL,105101.3,105292.48,104948.36,191.18,20.0,2025-05-19T01:02:12,105295.47,sl,-3.8834,-1.0156,2025-05
2025-05-19T01:18:01,cont,SELL,104786.38,105048.11,104577.0,261.73,36.0,2025-05-19T01:23:56,105051.58,sl,-5.304,-1.0133,2025-05
2025-05-19T01:34:01,flip,BUY,105168.29,104944.46,105347.35,223.83,0.0,2025-05-19T01:38:30,104936.99,sl,-4.626,-1.0334,2025-05
2025-05-19T02:12:01,flip,SELL,104688.25,105171.63,104301.55,483.38,0.0,2025-05-19T03:10:48,104301.55,tp,7.7341,0.8,2025-05
2025-05-19T03:11:01,cont,SELL,104250.79,104408.71,104124.45,157.92,59.0,2025-05-19T03:15:14,104124.45,tp,2.5267,0.8,2025-05
2025-05-19T03:31:01,cont,SELL,104131.47,104280.68,104012.1,149.21,79.0,2025-05-19T03:40:05,104012.1,tp,2.3874,0.8,2025-05
2025-05-19T03:42:01,cont,SELL,103916.0,104090.3,103776.56,174.3,90.0,2025-05-19T03:45:09,103776.56,tp,2.7888,0.8,2025-05
2025-05-19T03:53:01,cont,SELL,103711.96,103937.11,103531.84,225.15,101.0,2025-05-19T04:00:50,103531.84,tp,3.6024,0.8,2025-05
2025-05-19T05:39:01,flip,BUY,103076.81,102895.21,103222.09,181.6,0.0,2025-05-19T05:45:36,102885.94,sl,-3.8174,-1.051,2025-05
2025-05-19T06:09:01,cont,BUY,103059.07,102771.57,103289.07,287.5,30.0,2025-05-19T06:20:58,102767.42,sl,-5.833,-1.0144,2025-05
2025-05-19T10:10:01,flip,SELL,102871.9,103311.47,102520.24,439.57,0.0,2025-05-19T12:17:49,102520.24,tp,7.0331,0.8,2025-05
2025-05-19T13:54:01,flip,BUY,103336.75,103019.33,103590.69,317.42,0.0,2025-05-19T14:10:53,103590.69,tp,5.0787,0.8,2025-05
2025-05-19T14:11:01,cont,BUY,103597.98,103165.32,103944.11,432.66,17.0,2025-05-19T14:47:27,103944.11,tp,6.9226,0.8,2025-05
2025-05-19T14:48:01,cont,BUY,103991.49,103657.42,104258.75,334.07,54.0,2025-05-19T14:55:03,104258.75,tp,5.3451,0.8,2025-05
2025-05-19T15:14:01,cont,BUY,104623.39,104471.01,104745.29,152.38,80.0,2025-05-19T15:16:25,104468.18,sl,-3.1042,-1.0186,2025-05
2025-05-19T15:22:01,cont,BUY,104700.63,104390.47,104948.76,310.16,88.0,2025-05-19T15:38:18,104948.76,tp,4.9626,0.8,2025-05
2025-05-19T19:03:01,flip,SELL,104654.7,104830.71,104513.89,176.01,0.0,2025-05-19T19:06:33,104832.69,sl,-3.5598,-1.0112,2025-05
2025-05-19T19:34:01,flip,BUY,105269.66,104813.13,105634.88,456.53,0.0,2025-05-19T20:03:02,105634.88,tp,7.3045,0.8,2025-05
2025-05-19T20:49:01,flip,SELL,105318.41,105753.43,104970.39,435.02,0.0,2025-05-19T23:05:27,105756.09,sl,-8.7536,-1.0061,2025-05
2025-05-20T00:08:01,flip,BUY,105870.44,105422.55,106228.75,447.89,0.0,2025-05-20T00:15:25,106228.75,tp,7.1662,0.8,2025-05
2025-05-20T01:38:01,cont,BUY,106532.89,105581.05,107294.36,951.84,90.0,2025-05-20T03:47:48,105580.79,sl,-19.042,-1.0003,2025-05
2025-05-20T03:48:01,cont,SELL,105567.68,105762.2,105412.06,194.52,55.0,2025-05-20T04:00:15,105762.7,sl,-3.9004,-1.0026,2025-05
2025-05-20T04:14:01,cont,SELL,105486.02,105761.43,105265.69,275.41,81.0,2025-05-20T04:45:32,105762.59,sl,-5.5314,-1.0042,2025-05
2025-05-20T05:10:01,flip,BUY,106313.4,106050.75,106523.52,262.65,0.0,2025-05-20T05:46:17,106046.21,sl,-5.3438,-1.0173,2025-05
2025-05-20T06:06:01,flip,SELL,106011.95,106214.13,105850.21,202.18,0.0,2025-05-20T06:13:36,105850.21,tp,3.2349,0.8,2025-05
2025-05-20T07:03:01,cont,SELL,105350.7,105600.06,105151.21,249.36,57.0,2025-05-20T07:09:11,105606.04,sl,-5.1068,-1.024,2025-05
2025-05-20T07:36:01,cont,SELL,105312.74,105706.07,104998.08,393.33,90.0,2025-05-20T07:48:32,104998.08,tp,6.2933,0.8,2025-05
2025-05-20T09:03:01,flip,BUY,105303.16,105088.41,105474.96,214.75,0.0,2025-05-20T10:20:41,105086.38,sl,-4.3356,-1.0095,2025-05
2025-05-20T10:21:01,flip,SELL,105123.5,105264.48,105010.72,140.98,0.0,2025-05-20T10:23:25,105264.57,sl,-2.8214,-1.0006,2025-05
2025-05-20T10:36:01,cont,SELL,105077.5,105329.9,104875.58,252.4,15.0,2025-05-20T11:37:24,105330.27,sl,-5.0554,-1.0015,2025-05
2025-05-20T11:45:01,flip,BUY,105348.01,105285.18,105398.27,62.83,0.0,2025-05-20T11:45:19,105283.51,sl,-1.29,-1.0266,2025-05
2025-05-20T12:02:01,flip,SELL,105138.15,105225.9,105067.95,87.75,0.0,2025-05-20T12:10:56,105067.95,tp,1.404,0.8,2025-05
2025-05-20T12:34:01,cont,SELL,104761.71,104858.23,104684.49,96.52,32.0,2025-05-20T12:35:41,104684.49,tp,1.5443,0.8,2025-05
2025-05-20T13:07:01,cont,SELL,104640.76,104836.8,104483.93,196.04,65.0,2025-05-20T13:31:45,104483.93,tp,3.1366,0.8,2025-05
2025-05-20T13:32:01,cont,SELL,104555.15,104797.1,104361.59,241.95,90.0,2025-05-20T13:36:15,104361.59,tp,3.8712,0.8,2025-05
2025-05-20T15:28:01,flip,BUY,105004.4,104485.36,105419.63,519.04,0.0,2025-05-20T16:03:08,105419.63,tp,8.3046,0.8,2025-05
2025-05-20T17:06:01,cont,BUY,105544.03,105090.98,105906.47,453.05,98.0,2025-05-20T17:10:34,105906.47,tp,7.2488,0.8,2025-05
2025-05-20T18:29:01,flip,SELL,105808.26,106101.57,105573.61,293.31,0.0,2025-05-20T18:47:00,105573.61,tp,4.693,0.8,2025-05
2025-05-20T18:57:01,cont,SELL,105346.24,105550.22,105183.06,203.98,28.0,2025-05-20T19:07:02,105550.76,sl,-4.0904,-1.0026,2025-05
2025-05-20T19:19:01,flip,BUY,106000.39,105759.02,106193.49,241.37,0.0,2025-05-20T19:23:27,106193.49,tp,3.8619,0.8,2025-05
2025-05-20T19:47:01,cont,BUY,106708.59,106481.97,106889.89,226.62,28.0,2025-05-20T19:50:47,106889.89,tp,3.6259,0.8,2025-05
2025-05-20T21:30:01,flip,SELL,106286.27,106808.53,105868.46,522.26,0.0,2025-05-20T22:56:12,106898.77,sl,-12.25,-1.1728,2025-05
2025-05-20T23:16:01,flip,BUY,106936.88,106646.57,107169.13,290.31,0.0,2025-05-20T23:20:04,107169.13,tp,4.645,0.8,2025-05
2025-05-21T00:17:01,cont,BUY,107168.62,106607.57,107617.46,561.05,61.0,2025-05-21T00:28:23,106599.75,sl,-11.3774,-1.0139,2025-05
2025-05-21T00:36:01,flip,SELL,106477.86,106827.7,106197.99,349.84,0.0,2025-05-21T00:47:57,106830.18,sl,-7.0464,-1.0071,2025-05
2025-05-21T01:07:01,flip,BUY,106904.85,106666.83,107095.27,238.02,0.0,2025-05-21T01:26:34,106665.75,sl,-4.782,-1.0045,2025-05
2025-05-21T08:19:01,flip,SELL,106455.65,106818.69,106165.22,363.04,0.0,2025-05-21T09:32:15,106165.22,tp,5.8086,0.8,2025-05
2025-05-21T09:41:01,cont,SELL,106180.71,106364.53,106033.65,183.82,82.0,2025-05-21T10:13:13,106370.45,sl,-3.7948,-1.0322,2025-05
2025-05-21T11:15:01,flip,BUY,106472.53,106119.32,106755.1,353.21,0.0,2025-05-21T12:27:08,106755.1,tp,5.6514,0.8,2025-05
2025-05-21T17:44:01,flip,SELL,106683.53,107643.66,105915.43,960.13,0.0,2025-05-21T19:34:24,107645.28,sl,-19.235,-1.0017,2025-05
2025-05-21T19:51:01,flip,BUY,108493.55,108010.29,108880.16,483.26,0.0,2025-05-21T20:42:38,108009.19,sl,-9.6872,-1.0023,2025-05
2025-05-21T21:46:01,flip,BUY,108580.86,108078.41,108982.82,502.45,0.0,2025-05-21T22:43:18,108982.82,tp,8.0392,0.8,2025-05
2025-05-21T22:44:01,cont,BUY,108979.18,108711.76,109193.12,267.42,58.0,2025-05-21T23:01:23,108710.87,sl,-5.3662,-1.0033,2025-05
2025-05-21T23:13:01,cont,BUY,109150.29,108716.66,109497.19,433.63,87.0,2025-05-21T23:16:07,109497.19,tp,6.9381,0.8,2025-05
2025-05-23T11:47:01,flip,SELL,110021.48,111913.38,108507.96,1891.9,0.0,2025-05-23T12:01:07,108507.96,tp,30.2704,0.8,2025-05
2025-05-24T01:08:01,flip,BUY,107643.96,107305.4,107914.81,338.56,0.0,2025-05-24T02:00:23,107287.04,sl,-7.1384,-1.0542,2025-05
2025-05-24T02:01:01,flip,SELL,107209.68,107582.22,106911.65,372.54,0.0,2025-05-24T02:10:36,107582.96,sl,-7.4656,-1.002,2025-05
2025-05-24T02:34:01,flip,BUY,107794.26,107674.23,107890.28,120.03,0.0,2025-05-24T02:35:56,107673.95,sl,-2.4062,-1.0023,2025-05
2025-05-24T02:40:01,cont,BUY,107813.87,107670.0,107928.97,143.87,6.0,2025-05-24T02:53:11,107663.07,sl,-3.016,-1.0482,2025-05
2025-05-24T03:03:01,cont,BUY,107881.28,107603.03,108103.88,278.25,29.0,2025-05-24T03:22:04,108103.88,tp,4.452,0.8,2025-05
2025-05-24T04:00:02,cont,BUY,108263.64,107995.62,108478.06,268.02,86.0,2025-05-24T04:50:40,108478.06,tp,4.2883,0.8,2025-05
2025-05-24T05:12:01,flip,SELL,108199.41,108407.07,108033.28,207.66,0.0,2025-05-24T05:46:22,108033.28,tp,3.3226,0.8,2025-05
2025-05-24T06:19:01,cont,SELL,107923.62,108225.21,107682.35,301.59,67.0,2025-05-24T06:34:10,107682.35,tp,4.8254,0.8,2025-05
2025-05-24T09:31:01,flip,BUY,108365.11,108101.92,108575.66,263.19,0.0,2025-05-24T09:48:58,108099.12,sl,-5.3198,-1.0106,2025-05
2025-05-24T10:31:01,cont,BUY,108451.56,108086.12,108743.91,365.44,60.0,2025-05-24T10:37:49,108743.91,tp,5.847,0.8,2025-05
2025-05-24T22:59:01,flip,SELL,107869.49,108218.51,107590.27,349.02,0.0,2025-05-24T23:17:03,108219.61,sl,-7.0024,-1.0032,2025-05
2025-05-24T23:47:01,cont,SELL,107404.54,108302.93,106685.83,898.39,48.0,2025-05-25T09:36:26,106685.83,tp,14.3742,0.8,2025-05
2025-05-25T10:42:01,flip,BUY,107207.89,106972.69,107396.05,235.2,0.0,2025-05-25T10:52:34,106971.31,sl,-4.7316,-1.0059,2025-05
2025-05-25T12:15:01,cont,BUY,107353.41,106730.18,107851.99,623.23,93.0,2025-05-25T15:24:14,106728.25,sl,-12.5032,-1.0031,2025-05
2025-05-25T16:21:01,cont,SELL,106631.49,107155.93,106211.94,524.44,59.0,2025-05-25T16:46:17,107161.33,sl,-10.5968,-1.0103,2025-05
2025-05-25T17:25:01,flip,BUY,107296.33,107077.12,107471.7,219.21,0.0,2025-05-25T18:22:04,107471.7,tp,3.5074,0.8,2025-05
2025-05-25T21:32:01,flip,SELL,107131.08,107819.49,106580.35,688.41,0.0,2025-05-25T22:08:09,107820.02,sl,-13.7788,-1.0008,2025-05
2025-05-25T22:51:01,flip,BUY,108752.43,108074.83,109294.51,677.6,0.0,2025-05-26T00:48:28,109294.51,tp,10.8416,0.8,2025-05
2025-05-26T17:47:01,flip,SELL,108860.53,109667.58,108214.89,807.05,0.0,2025-05-26T22:13:33,109673.69,sl,-16.2632,-1.0076,2025-05
2025-05-26T22:14:01,flip,BUY,109823.46,109122.92,110383.89,700.54,0.0,2025-05-26T23:01:45,109121.71,sl,-14.035,-1.0017,2025-05
2025-05-27T01:02:01,flip,SELL,109072.8,109652.29,108609.21,579.49,0.0,2025-05-27T01:15:14,108609.21,tp,9.2718,0.8,2025-05
2025-05-27T04:49:01,flip,BUY,109356.61,108843.02,109767.48,513.59,0.0,2025-05-27T05:05:45,108843.01,sl,-10.272,-1.0,2025-05
2025-05-27T05:16:01,flip,SELL,108802.16,108960.93,108675.14,158.77,0.0,2025-05-27T05:17:15,108675.14,tp,2.5403,0.8,2025-05
2025-05-27T06:36:01,flip,BUY,109246.63,108900.0,109523.93,346.63,0.0,2025-05-27T06:53:51,108898.97,sl,-6.9532,-1.003,2025-05
2025-05-27T07:32:01,cont,BUY,109377.64,108809.11,109832.46,568.53,56.0,2025-05-27T09:54:06,109832.46,tp,9.0965,0.8,2025-05
2025-05-27T13:52:01,flip,SELL,109769.18,110307.36,109338.64,538.18,0.0,2025-05-27T14:31:06,109338.64,tp,8.6109,0.8,2025-05
2025-05-27T16:37:01,flip,BUY,110363.46,109892.08,110740.56,471.38,0.0,2025-05-27T17:28:18,109888.17,sl,-9.5058,-1.0083,2025-05
2025-05-27T19:01:01,flip,SELL,109780.12,109953.18,109641.67,173.06,0.0,2025-05-27T19:12:17,109641.67,tp,2.769,0.8,2025-05
2025-05-27T19:18:01,cont,SELL,109564.11,109726.73,109434.01,162.62,17.0,2025-05-27T19:30:57,109730.57,sl,-3.3292,-1.0236,2025-05
2025-05-27T20:57:01,cont,SELL,109551.55,110003.53,109189.97,451.98,116.0,2025-05-27T21:24:23,109189.97,tp,7.2317,0.8,2025-05
2025-05-28T03:53:01,flip,BUY,108914.55,108531.54,109220.96,383.01,0.0,2025-05-28T09:29:27,108528.98,sl,-7.7114,-1.0067,2025-05
2025-05-28T10:20:01,flip,SELL,108322.63,108804.91,107936.81,482.28,0.0,2025-05-28T10:50:17,108805.39,sl,-9.6552,-1.001,2025-05
2025-05-28T12:16:01,flip,BUY,108950.5,108697.66,109152.77,252.84,0.0,2025-05-28T13:20:09,108691.29,sl,-5.1842,-1.0252,2025-05
2025-05-28T13:21:01,flip,SELL,108647.04,108904.05,108441.43,257.01,0.0,2025-05-28T13:24:05,108916.87,sl,-5.3966,-1.0499,2025-05
2025-05-28T13:43:01,cont,SELL,108559.86,108945.3,108251.51,385.44,22.0,2025-05-28T13:55:32,108251.51,tp,6.167,0.8,2025-05
2025-05-28T13:56:01,cont,SELL,108230.5,108417.64,108080.79,187.14,35.0,2025-05-28T13:57:14,108080.79,tp,2.9942,0.8,2025-05
2025-05-28T14:39:01,cont,SELL,107560.83,107935.58,107261.03,374.75,78.0,2025-05-28T15:10:11,107261.03,tp,5.996,0.8,2025-05
2025-05-28T17:18:01,flip,BUY,107815.26,107537.11,108037.78,278.15,0.0,2025-05-28T17:26:30,107531.13,sl,-5.6826,-1.0215,2025-05
2025-05-28T19:36:01,flip,SELL,107302.31,107832.59,106878.09,530.28,0.0,2025-05-28T20:00:03,106878.09,tp,8.4845,0.8,2025-05
2025-05-28T20:01:01,cont,SELL,106826.21,107194.84,106531.31,368.63,25.0,2025-05-28T20:23:09,107202.49,sl,-7.5256,-1.0208,2025-05
2025-05-28T21:19:01,flip,BUY,107405.61,107135.74,107621.51,269.87,0.0,2025-05-28T22:33:27,107130.72,sl,-5.4978,-1.0186,2025-05
2025-05-28T22:34:01,flip,SELL,107144.56,107321.84,107002.74,177.28,0.0,2025-05-28T22:36:38,107322.75,sl,-3.5638,-1.0051,2025-05
2025-05-28T23:01:01,flip,BUY,107466.48,107365.1,107547.58,101.38,0.0,2025-05-28T23:04:09,107547.58,tp,1.6221,0.8,2025-05
2025-05-28T23:24:01,cont,BUY,108031.43,107833.11,108190.09,198.32,23.0,2025-05-28T23:25:25,107828.77,sl,-4.0532,-1.0219,2025-05
2025-05-29T00:02:01,flip,SELL,107700.66,107827.53,107599.16,126.87,0.0,2025-05-29T00:04:05,107599.16,tp,2.0299,0.8,2025-05
2025-05-29T00:56:01,flip,BUY,108111.65,107779.66,108377.24,331.99,0.0,2025-05-29T02:52:00,108377.24,tp,5.3118,0.8,2025-05
2025-05-29T02:52:01,cont,BUY,108458.41,107944.11,108869.85,514.3,116.0,2025-05-29T04:11:10,107943.45,sl,-10.2992,-1.0013,2025-05
2025-05-29T12:19:01,flip,SELL,108546.21,108730.81,108398.53,184.6,0.0,2025-05-29T12:28:02,108735.1,sl,-3.7778,-1.0232,2025-05
2025-05-29T12:42:01,cont,SELL,108524.64,108727.9,108362.03,203.26,23.0,2025-05-29T13:17:15,108362.03,tp,3.2522,0.8,2025-05
2025-05-29T13:18:01,cont,SELL,108287.17,108601.34,108035.83,314.17,59.0,2025-05-29T13:32:15,108035.83,tp,5.0267,0.8,2025-05
2025-05-29T13:33:01,cont,SELL,107972.01,108369.88,107653.71,397.87,74.0,2025-05-29T13:41:29,107653.71,tp,6.3659,0.8,2025-05
2025-05-29T14:08:01,cont,SELL,107394.32,107893.9,106994.66,499.58,109.0,2025-05-29T14:24:26,106994.66,tp,7.9933,0.8,2025-05
2025-05-29T14:54:01,flip,BUY,107631.17,107400.18,107815.96,230.99,0.0,2025-05-29T14:56:40,107815.96,tp,3.6958,0.8,2025-05
2025-05-29T15:40:01,flip,SELL,107291.03,107529.98,107099.87,238.95,0.0,2025-05-29T15:45:53,107099.87,tp,3.8232,0.8,2025-05
2025-05-29T16:06:01,cont,SELL,106893.54,107121.44,106711.22,227.9,26.0,2025-05-29T16:08:41,106711.22,tp,3.6464,0.8,2025-05
2025-05-29T16:57:01,cont,SELL,106613.3,107146.16,106187.01,532.86,77.0,2025-05-29T17:44:16,106187.01,tp,8.5258,0.8,2025-05
2025-05-29T20:22:01,flip,BUY,106198.72,105874.97,106457.72,323.75,0.0,2025-05-29T23:18:14,105784.1,sl,-8.2924,-1.2807,2025-05
2025-05-29T23:19:01,cont,SELL,105812.48,106035.45,105634.1,222.97,22.0,2025-05-29T23:48:07,105634.1,tp,3.5675,0.8,2025-05
2025-05-29T23:49:01,cont,SELL,105279.48,105847.64,104824.95,568.16,52.0,2025-05-30T00:05:43,105849.96,sl,-11.4096,-1.0041,2025-05
2025-05-30T00:57:01,cont,SELL,105175.46,106209.46,104348.26,1034.0,120.0,2025-05-30T02:44:35,106209.65,sl,-20.6838,-1.0002,2025-05
2025-05-30T05:32:01,flip,BUY,106287.04,106087.71,106446.5,199.33,0.0,2025-05-30T05:51:25,106087.47,sl,-3.9914,-1.0012,2025-05
2025-05-30T06:16:01,flip,SELL,106042.37,106164.71,105944.5,122.34,0.0,2025-05-30T06:28:16,105944.5,tp,1.9574,0.8,2025-05
2025-05-30T06:38:01,cont,SELL,105921.72,106037.47,105829.12,115.75,22.0,2025-05-30T06:46:52,105829.12,tp,1.852,0.8,2025-05
2025-05-30T07:09:01,cont,SELL,105447.95,105862.01,105116.7,414.06,53.0,2025-05-30T07:35:13,105116.7,tp,6.625,0.8,2025-05
2025-05-30T07:46:01,cont,SELL,104900.1,105284.71,104592.41,384.61,90.0,2025-05-30T08:30:23,105287.23,sl,-7.7426,-1.0066,2025-05
2025-05-30T08:47:01,flip,BUY,105382.12,105111.69,105598.46,270.43,0.0,2025-05-30T09:10:11,105108.98,sl,-5.4628,-1.01,2025-05
2025-05-30T09:55:01,cont,BUY,105432.87,104603.72,106096.19,829.15,68.0,2025-05-30T16:30:21,104602.62,sl,-16.605,-1.0013,2025-05
2025-05-30T18:54:01,flip,BUY,104824.6,104579.06,105021.03,245.54,0.0,2025-05-30T19:41:59,104572.28,sl,-5.0464,-1.0276,2025-05
2025-05-30T19:47:01,flip,SELL,104520.05,104624.92,104436.15,104.87,0.0,2025-05-30T19:49:41,104629.8,sl,-2.195,-1.0465,2025-05
2025-05-30T20:07:01,cont,SELL,104395.92,104731.75,104127.26,335.83,20.0,2025-05-30T20:45:26,104733.57,sl,-6.753,-1.0054,2025-05
2025-05-30T21:16:01,flip,BUY,104875.87,104517.08,105162.9,358.79,0.0,2025-05-30T22:06:58,104504.49,sl,-7.4276,-1.0351,2025-05
2025-05-30T22:27:01,flip,SELL,104485.11,104675.55,104332.76,190.44,0.0,2025-05-30T22:39:19,104332.76,tp,3.047,0.8,2025-05
2025-05-30T23:00:01,cont,SELL,103950.67,104295.52,103674.79,344.85,33.0,2025-05-30T23:35:50,103674.79,tp,5.5176,0.8,2025-05
2025-05-31T00:20:01,cont,SELL,103683.52,104192.19,103276.58,508.67,113.0,2025-05-31T00:39:46,104196.59,sl,-10.2614,-1.0087,2025-05
2025-05-31T03:47:01,flip,BUY,103604.57,103267.71,103874.06,336.86,0.0,2025-05-31T05:01:43,103874.06,tp,5.3898,0.8,2025-05
2025-05-31T05:54:01,flip,SELL,103590.51,103779.98,103438.93,189.47,0.0,2025-05-31T06:35:34,103783.0,sl,-3.8498,-1.0159,2025-05
2025-05-31T12:49:01,flip,BUY,103980.74,103724.09,104186.06,256.65,0.0,2025-05-31T13:06:26,104186.06,tp,4.1064,0.8,2025-05
2025-05-31T14:02:01,cont,BUY,104238.65,104000.46,104429.2,238.19,73.0,2025-05-31T14:13:06,104429.2,tp,3.811,0.8,2025-05
2025-05-31T16:02:01,flip,SELL,104472.48,104709.16,104283.14,236.68,0.0,2025-05-31T16:06:36,104715.57,sl,-4.8618,-1.0271,2025-05
2025-05-31T16:20:01,flip,BUY,104776.89,104644.48,104882.82,132.41,0.0,2025-05-31T16:37:39,104642.72,sl,-2.6834,-1.0133,2025-05
2025-05-31T17:52:01,flip,SELL,104349.78,104672.28,104091.78,322.5,0.0,2025-05-31T18:21:43,104681.35,sl,-6.6314,-1.0281,2025-05
2025-05-31T19:50:01,flip,BUY,104800.9,104629.49,104938.03,171.41,0.0,2025-05-31T20:10:38,104625.6,sl,-3.506,-1.0227,2025-05
2025-05-31T20:54:01,cont,BUY,104806.81,104575.88,104991.55,230.93,64.0,2025-05-31T23:02:17,104566.9,sl,-4.7982,-1.0389,2025-05
2025-06-01T00:14:01,cont,SELL,104503.69,104880.09,104202.57,376.4,76.0,2025-06-01T01:39:27,104202.57,tp,6.0224,0.8,2025-06
2025-06-01T04:19:01,flip,BUY,104523.32,104364.64,104650.26,158.68,0.0,2025-06-01T04:31:49,104650.26,tp,2.5389,0.8,2025-06
2025-06-01T09:10:01,flip,SELL,104179.31,104462.84,103952.49,283.53,0.0,2025-06-01T09:31:03,103952.49,tp,4.5365,0.8,2025-06
2025-06-01T12:13:01,flip,BUY,104190.44,104013.63,104331.89,176.81,0.0,2025-06-01T12:24:26,104005.01,sl,-3.7086,-1.0488,2025-06
2025-06-01T12:34:01,flip,SELL,103891.25,104049.7,103764.49,158.45,0.0,2025-06-01T13:08:16,104051.19,sl,-3.1988,-1.0094,2025-06
2025-06-01T13:47:01,flip,BUY,104361.85,104145.8,104534.69,216.05,0.0,2025-06-01T14:06:18,104534.69,tp,3.4568,0.8,2025-06
2025-06-01T14:07:01,cont,BUY,104545.22,104248.97,104782.22,296.25,20.0,2025-06-01T14:46:51,104782.22,tp,4.74,0.8,2025-06
2025-06-01T14:47:01,cont,BUY,104802.58,104595.6,104968.16,206.98,60.0,2025-06-01T14:51:07,104589.28,sl,-4.266,-1.0305,2025-06
2025-06-01T15:37:01,cont,BUY,104847.79,104531.58,105100.76,316.21,110.0,2025-06-01T16:09:50,105100.76,tp,5.0594,0.8,2025-06
2025-06-01T22:48:01,flip,SELL,105507.76,105629.29,105410.54,121.53,0.0,2025-06-01T22:52:03,105630.94,sl,-2.4636,-1.0136,2025-06
2025-06-01T23:20:01,flip,BUY,105896.71,105736.36,106024.99,160.35,0.0,2025-06-01T23:30:06,105733.4,sl,-3.2662,-1.0185,2025-06
2025-06-01T23:52:01,flip,SELL,105685.81,105850.34,105554.19,164.53,0.0,2025-06-02T00:19:51,105554.19,tp,2.6325,0.8,2025-06
2025-06-02T00:52:01,cont,SELL,105507.06,105814.33,105261.24,307.27,60.0,2025-06-02T02:20:26,105261.24,tp,4.9163,0.8,2025-06
2025-06-02T02:41:01,flip,BUY,105378.6,105279.74,105457.69,98.86,0.0,2025-06-02T02:48:12,105279.28,sl,-1.9864,-1.0047,2025-06
2025-06-02T02:58:01,flip,SELL,105115.67,105173.39,105069.49,57.72,0.0,2025-06-02T03:02:20,105069.49,tp,0.9235,0.8,2025-06
2025-06-02T03:18:01,cont,SELL,104792.52,104927.27,104684.72,134.75,20.0,2025-06-02T03:21:40,104684.72,tp,2.156,0.8,2025-06
2025-06-02T06:41:01,flip,BUY,105094.19,104650.57,105449.09,443.62,0.0,2025-06-02T07:18:24,105449.09,tp,7.0979,0.8,2025-06
2025-06-02T07:23:01,cont,BUY,105460.43,105310.5,105580.37,149.93,42.0,2025-06-02T07:30:07,105304.64,sl,-3.1158,-1.0391,2025-06
2025-06-02T07:43:01,cont,BUY,105491.11,105245.45,105687.64,245.66,62.0,2025-06-02T08:26:48,105687.64,tp,3.9306,0.8,2025-06
2025-06-02T09:31:01,flip,SELL,104723.53,104925.85,104561.67,202.32,0.0,2025-06-02T09:32:24,104927.57,sl,-4.0808,-1.0085,2025-06
2025-06-02T09:45:01,cont,SELL,104638.94,104954.83,104386.23,315.89,14.0,2025-06-02T10:20:59,104386.23,tp,5.0542,0.8,2025-06
2025-06-02T10:46:01,cont,SELL,104338.47,104509.71,104201.48,171.24,75.0,2025-06-02T10:53:31,104511.98,sl,-3.4702,-1.0133,2025-06
2025-06-02T11:08:01,cont,SELL,104299.77,104494.59,104143.91,194.82,97.0,2025-06-02T11:11:04,104495.97,sl,-3.924,-1.0071,2025-06
2025-06-02T11:22:01,cont,SELL,104311.14,104507.38,104154.15,196.24,111.0,2025-06-02T11:42:33,104154.15,tp,3.1398,0.8,2025-06
2025-06-02T13:38:01,flip,BUY,104424.35,103863.37,104873.13,560.98,0.0,2025-06-02T13:50:19,103862.3,sl,-11.241,-1.0019,2025-06
2025-06-02T14:01:01,flip,SELL,103674.51,103914.61,103482.43,240.1,0.0,2025-06-02T14:01:50,103919.09,sl,-4.8916,-1.0187,2025-06
2025-06-02T14:20:01,flip,BUY,104179.83,103834.58,104456.03,345.25,0.0,2025-06-02T14:26:07,104456.03,tp,5.524,0.8,2025-06
2025-06-03T03:04:01,flip,SELL,105623.95,105768.99,105507.92,145.04,0.0,2025-06-03T03:10:02,105507.92,tp,2.3206,0.8,2025-06
2025-06-03T03:13:01,cont,SELL,105409.12,105537.88,105306.11,128.76,9.0,2025-06-03T03:15:13,105544.19,sl,-2.7014,-1.049,2025-06
2025-06-03T04:16:01,cont,SELL,105327.6,105727.0,105008.08,399.4,72.0,2025-06-03T08:13:56,105008.08,tp,6.3904,0.8,2025-06
2025-06-03T13:42:01,flip,BUY,105652.96,105036.76,106145.92,616.2,0.0,2025-06-03T14:41:20,106145.92,tp,9.8592,0.8,2025-06
2025-06-03T18:16:01,flip,SELL,105653.27,105825.32,105515.63,172.05,0.0,2025-06-03T18:20:15,105833.63,sl,-3.6072,-1.0483,2025-06
2025-06-03T19:01:01,flip,BUY,106121.68,105930.26,106274.82,191.42,0.0,2025-06-03T19:22:55,106274.82,tp,3.0627,0.8,2025-06
2025-06-03T21:57:01,flip,SELL,105352.35,105932.09,104888.56,579.74,0.0,2025-06-03T22:35:48,105933.4,sl,-11.621,-1.0023,2025-06
2025-06-04T00:58:01,flip,BUY,105496.55,105426.69,105552.44,69.86,0.0,2025-06-04T01:01:44,105552.44,tp,1.1178,0.8,2025-06
2025-06-04T01:10:01,cont,BUY,105674.84,105582.56,105748.66,92.28,12.0,2025-06-04T01:15:55,105581.97,sl,-1.8574,-1.0064,2025-06
2025-06-04T01:25:01,cont,BUY,105716.99,105525.22,105870.41,191.77,27.0,2025-06-04T01:35:39,105522.1,sl,-3.8978,-1.0163,2025-06
2025-06-04T01:48:01,flip,SELL,105447.12,105659.37,105277.32,212.25,0.0,2025-06-04T02:02:13,105660.24,sl,-4.2624,-1.0041,2025-06
2025-06-04T02:09:01,flip,BUY,105793.26,105645.07,105911.81,148.19,0.0,2025-06-04T02:25:37,105642.42,sl,-3.0168,-1.0179,2025-06
2025-06-04T02:37:01,flip,SELL,105608.16,105673.43,105555.94,65.27,0.0,2025-06-04T02:38:26,105555.94,tp,1.0443,0.8,2025-06
2025-06-04T02:53:01,cont,SELL,105467.4,105564.12,105390.02,96.72,16.0,2025-06-04T03:03:47,105574.39,sl,-2.1398,-1.1062,2025-06
2025-06-04T03:20:01,flip,BUY,105752.37,105600.76,105873.66,151.61,0.0,2025-06-04T03:31:36,105600.02,sl,-3.047,-1.0049,2025-06
2025-06-04T03:49:01,flip,SELL,105559.87,105703.65,105444.85,143.78,0.0,2025-06-04T04:42:58,105444.85,tp,2.3005,0.8,2025-06
2025-06-04T04:46:01,cont,SELL,105418.1,105459.34,105385.11,41.24,57.0,2025-06-04T04:48:56,105460.28,sl,-0.8436,-1.0228,2025-06
2025-06-04T05:01:01,cont,SELL,105389.17,105435.51,105352.1,46.34,72.0,2025-06-04T05:01:23,105437.41,sl,-0.9648,-1.041,2025-06
2025-06-04T09:44:01,flip,BUY,105646.91,105322.71,105906.27,324.2,0.0,2025-06-04T09:55:25,105906.27,tp,5.1872,0.8,2025-06
2025-06-04T10:13:01,cont,BUY,105952.85,105766.12,106102.23,186.73,29.0,2025-06-04T10:27:29,105765.79,sl,-3.7412,-1.0018,2025-06
2025-06-04T10:41:01,flip,SELL,105714.76,105753.35,105683.89,38.59,0.0,2025-06-04T10:42:34,105757.3,sl,-0.8508,-1.1024,2025-06
2025-06-04T10:50:01,cont,SELL,105671.95,105769.61,105593.82,97.66,9.0,2025-06-04T11:04:28,105776.95,sl,-2.1,-1.0752,2025-06
2025-06-04T11:19:01,cont,SELL,105594.67,105811.88,105420.9,217.21,38.0,2025-06-04T11:26:06,105420.9,tp,3.4754,0.8,2025-06
2025-06-04T12:21:01,cont,SELL,104963.35,105140.74,104821.44,177.39,100.0,2025-06-04T12:33:13,104821.44,tp,2.8382,0.8,2025-06
2025-06-04T13:21:01,flip,BUY,105099.52,104864.66,105287.41,234.86,0.0,2025-06-04T13:52:36,104838.14,sl,-5.2276,-1.1129,2025-06
2025-06-04T15:17:01,cont,BUY,105278.72,104144.48,106186.11,1134.24,116.0,2025-06-05T14:15:47,104136.4,sl,-22.8464,-1.0071,2025-06
2025-06-05T23:13:01,flip,BUY,101752.06,101461.56,101984.46,290.5,0.0,2025-06-06T00:03:26,101450.7,sl,-6.0272,-1.0374,2025-06
2025-06-06T00:04:01,flip,SELL,101455.19,101679.55,101275.7,224.36,0.0,2025-06-06T00:15:42,101275.7,tp,3.5898,0.8,2025-06
2025-06-06T00:22:01,cont,SELL,101224.04,101419.32,101067.82,195.28,18.0,2025-06-06T00:23:46,101423.11,sl,-3.9814,-1.0194,2025-06
2025-06-06T00:43:01,flip,BUY,101819.02,101681.28,101929.21,137.74,0.0,2025-06-06T00:52:56,101929.21,tp,2.2038,0.8,2025-06
2025-06-06T00:57:01,cont,BUY,101964.33,101911.28,102006.77,53.05,14.0,2025-06-06T01:00:16,101906.42,sl,-1.1582,-1.0916,2025-06
2025-06-06T01:10:01,cont,BUY,101992.48,101850.38,102106.16,142.1,27.0,2025-06-06T01:16:46,101849.16,sl,-2.8664,-1.0086,2025-06
2025-06-06T02:16:01,flip,SELL,101721.7,102002.72,101496.88,281.02,0.0,2025-06-06T02:52:07,102005.46,sl,-5.6752,-1.0098,2025-06
2025-06-06T03:18:01,flip,BUY,102290.2,102095.06,102446.31,195.14,0.0,2025-06-06T03:32:03,102446.31,tp,3.1222,0.8,2025-06
2025-06-06T03:43:01,cont,BUY,102553.59,102399.81,102676.61,153.78,25.0,2025-06-06T04:16:24,102676.61,tp,2.4605,0.8,2025-06
2025-06-06T04:36:01,cont,BUY,102742.65,102486.78,102947.35,255.87,78.0,2025-06-06T05:06:15,102947.35,tp,4.0939,0.8,2025-06
2025-06-06T05:07:01,cont,BUY,102943.73,102845.68,103022.17,98.05,109.0,2025-06-06T05:20:02,102843.32,sl,-2.0082,-1.0241,2025-06
2025-06-06T17:09:01,flip,SELL,104646.55,105401.36,104042.7,754.81,0.0,2025-06-07T00:16:10,104042.7,tp,12.077,0.8,2025-06
2025-06-07T02:55:01,flip,BUY,104740.46,104429.98,104988.84,310.48,0.0,2025-06-07T03:41:19,104988.84,tp,4.9677,0.8,2025-06
2025-06-07T07:18:01,flip,SELL,104947.82,105085.7,104837.52,137.88,0.0,2025-06-07T07:20:21,105086.66,sl,-2.7768,-1.007,2025-06
2025-06-07T08:12:01,cont,SELL,104931.89,105188.62,104726.51,256.73,54.0,2025-06-07T10:16:42,105189.05,sl,-5.1432,-1.0017,2025-06
2025-06-07T10:54:01,flip,BUY,105284.68,105017.91,105498.1,266.77,0.0,2025-06-07T12:38:25,105498.1,tp,4.2683,0.8,2025-06
2025-06-07T22:09:01,flip,SELL,105781.64,105942.3,105653.11,160.66,0.0,2025-06-07T22:24:59,105945.31,sl,-3.2734,-1.0187,2025-06
2025-06-07T23:32:01,cont,SELL,105737.71,106041.56,105494.63,303.85,83.0,2025-06-08T03:21:01,105494.63,tp,4.8616,0.8,2025-06
2025-06-08T12:14:01,flip,BUY,105821.34,105659.64,105950.7,161.7,0.0,2025-06-08T12:22:04,105658.75,sl,-3.2518,-1.0055,2025-06
2025-06-08T12:37:01,flip,SELL,105643.31,105748.61,105559.07,105.3,0.0,2025-06-08T12:49:28,105757.07,sl,-2.2752,-1.0803,2025-06
2025-06-08T13:34:01,flip,BUY,105931.11,105705.76,106111.39,225.35,0.0,2025-06-08T13:48:17,106111.39,tp,3.6056,0.8,2025-06
2025-06-08T22:37:01,flip,SELL,105940.92,106114.96,105801.69,174.04,0.0,2025-06-08T22:49:00,105801.69,tp,2.7846,0.8,2025-06
2025-06-08T22:49:01,cont,SELL,105772.27,106012.74,105579.89,240.47,12.0,2025-06-09T00:33:03,106014.76,sl,-4.8498,-1.0084,2025-06
2025-06-09T01:52:01,flip,SELL,105591.45,105814.91,105412.68,223.46,0.0,2025-06-09T03:21:37,105412.68,tp,3.5754,0.8,2025-06
2025-06-09T08:49:01,flip,BUY,105836.38,105362.67,106215.35,473.71,0.0,2025-06-09T09:29:55,106215.35,tp,7.5794,0.8,2025-06
2025-06-09T09:38:01,cont,BUY,106302.86,106215.85,106372.47,87.01,49.0,2025-06-09T09:39:18,106372.47,tp,1.3922,0.8,2025-06
2025-06-09T10:14:01,cont,BUY,107094.16,106635.24,107461.3,458.92,85.0,2025-06-09T10:15:34,107461.3,tp,7.3427,0.8,2025-06
2025-06-09T13:39:01,flip,SELL,107392.26,107819.57,107050.41,427.31,0.0,2025-06-09T13:55:22,107050.41,tp,6.837,0.8,2025-06
2025-06-09T14:32:01,flip,BUY,107793.45,107632.83,107921.95,160.62,0.0,2025-06-09T14:34:35,107921.95,tp,2.5699,0.8,2025-06
2025-06-09T14:43:01,cont,BUY,107991.74,107786.72,108155.76,205.02,11.0,2025-06-09T14:47:07,107785.14,sl,-4.132,-1.0077,2025-06
2025-06-09T14:49:01,cont,BUY,108053.06,107777.63,108273.4,275.43,17.0,2025-06-09T14:50:10,107775.29,sl,-5.5554,-1.0085,2025-06
2025-06-10T04:21:01,flip,SELL,109396.84,109676.7,109172.95,279.86,0.0,2025-06-10T05:16:19,109679.66,sl,-5.6564,-1.0106,2025-06
2025-06-10T05:32:01,cont,SELL,109331.59,109719.92,109020.93,388.33,71.0,2025-06-10T11:16:34,109724.34,sl,-7.855,-1.0114,2025-06
2025-06-10T11:38:01,flip,BUY,109851.67,109752.49,109931.01,99.18,0.0,2025-06-10T11:44:09,109752.13,sl,-1.9908,-1.0036,2025-06
2025-06-10T13:20:01,cont,BUY,109923.34,109427.75,110319.81,495.59,102.0,2025-06-10T13:34:41,109422.66,sl,-10.0136,-1.0103,2025-06
2025-06-10T14:29:01,flip,SELL,108772.16,109353.23,108307.3,581.07,0.0,2025-06-10T18:56:21,109355.01,sl,-11.657,-1.0031,2025-06
2025-06-10T19:14:01,cont,BUY,109530.5,109429.34,109611.43,101.16,22.0,2025-06-10T19:16:34,109428.86,sl,-2.0328,-1.0047,2025-06
2025-06-11T09:46:01,flip,SELL,109188.86,110245.91,108343.22,1057.05,0.0,2025-06-11T14:19:32,110252.54,sl,-21.2736,-1.0063,2025-06
2025-06-11T23:07:01,flip,BUY,108484.77,108289.06,108641.34,195.71,0.0,2025-06-11T23:36:12,108641.34,tp,3.1314,0.8,2025-06
2025-06-11T23:40:01,cont,BUY,108697.36,108576.62,108793.95,120.74,33.0,2025-06-12T00:05:24,108575.11,sl,-2.445,-1.0125,2025-06
2025-06-12T00:22:01,cont,BUY,108762.38,108575.09,108912.21,187.29,75.0,2025-06-12T00:28:03,108575.08,sl,-3.746,-1.0001,2025-06
2025-06-12T01:32:01,flip,SELL,108352.2,108757.45,108028.0,405.25,0.0,2025-06-12T02:07:22,108759.12,sl,-8.1384,-1.0041,2025-06
2025-06-12T03:19:01,cont,SELL,108197.77,108744.82,107760.13,547.05,107.0,2025-06-12T03:20:25,107760.13,tp,8.7528,0.8,2025-06
2025-06-12T06:41:01,flip,BUY,107934.36,107611.04,108193.02,323.32,0.0,2025-06-12T07:33:28,107609.85,sl,-6.4902,-1.0037,2025-06
2025-06-12T08:06:01,flip,SELL,107421.99,107669.93,107223.64,247.94,0.0,2025-06-12T08:12:08,107670.35,sl,-4.9672,-1.0017,2025-06
2025-06-12T08:22:01,flip,BUY,107765.49,107646.45,107860.72,119.04,0.0,2025-06-12T08:45:36,107642.79,sl,-2.454,-1.0307,2025-06
2025-06-12T09:19:01,flip,SELL,107581.25,107663.12,107515.75,81.87,0.0,2025-06-12T09:30:20,107663.7,sl,-1.649,-1.0071,2025-06
2025-06-12T09:55:01,cont,SELL,107485.8,107695.95,107317.68,210.15,36.0,2025-06-12T10:16:55,107317.68,tp,3.3624,0.8,2025-06
2025-06-12T10:26:01,cont,SELL,107257.53,107431.14,107118.64,173.61,67.0,2025-06-12T11:27:05,107118.64,tp,2.7778,0.8,2025-06
2025-06-12T11:47:01,flip,BUY,107164.1,107035.66,107266.85,128.44,0.0,2025-06-12T11:50:15,107035.64,sl,-2.5692,-1.0002,2025-06
2025-06-12T12:32:01,cont,BUY,107192.88,106870.96,107450.42,321.92,45.0,2025-06-12T12:44:40,107450.42,tp,5.1507,0.8,2025-06
2025-06-12T13:26:01,flip,SELL,106840.23,107184.45,106564.85,344.22,0.0,2025-06-12T13:45:03,107186.67,sl,-6.9288,-1.0064,2025-06
2025-06-12T14:03:01,flip,BUY,107246.28,106935.79,107494.67,310.49,0.0,2025-06-12T14:14:15,107494.67,tp,4.9678,0.8,2025-06
2025-06-12T14:36:01,cont,BUY,107610.48,107380.25,107794.66,230.23,33.0,2025-06-12T15:05:55,107794.66,tp,3.6837,0.8,2025-06
2025-06-12T15:06:01,cont,BUY,107815.69,107672.05,107930.6,143.64,63.0,2025-06-12T15:10:27,107667.1,sl,-2.9718,-1.0345,2025-06
2025-06-12T15:17:01,flip,SELL,107606.87,107744.87,107496.47,138.0,0.0,2025-06-12T15:23:03,107496.47,tp,2.208,0.8,2025-06
2025-06-12T15:51:01,cont,SELL,107024.61,107473.84,106665.23,449.23,34.0,2025-06-12T16:08:51,107474.01,sl,-8.988,-1.0004,2025-06
2025-06-12T17:05:01,flip,BUY,107880.66,107503.1,108182.71,377.56,0.0,2025-06-12T17:26:24,108182.71,tp,6.041,0.8,2025-06
2025-06-12T17:27:01,cont,BUY,108274.21,108051.37,108452.48,222.84,22.0,2025-06-12T17:47:19,108452.48,tp,3.5654,0.8,2025-06
2025-06-12T18:06:01,flip,SELL,108230.39,108484.75,108026.9,254.36,0.0,2025-06-12T18:17:19,108026.9,tp,4.0698,0.8,2025-06
2025-06-12T18:18:01,cont,SELL,107977.86,108291.2,107727.19,313.34,12.0,2025-06-12T18:43:04,107727.19,tp,5.0134,0.8,2025-06
2025-06-12T19:49:01,cont,SELL,107266.92,107910.67,106751.92,643.75,103.0,2025-06-12T19:56:21,106751.92,tp,10.3,0.8,2025-06
2025-06-13T03:55:01,flip,BUY,104517.3,104024.38,104911.64,492.92,0.0,2025-06-13T04:04:14,104024.33,sl,-9.8594,-1.0001,2025-06
2025-06-13T04:21:01,flip,SELL,103891.07,104090.14,103731.81,199.07,0.0,2025-06-13T04:29:00,104090.32,sl,-3.985,-1.0009,2025-06
2025-06-13T04:41:01,flip,BUY,104269.28,104172.09,104347.03,97.19,0.0,2025-06-13T04:42:01,104347.03,tp,1.555,0.8,2025-06
2025-06-13T05:59:01,flip,SELL,104017.25,104391.93,103717.51,374.68,0.0,2025-06-13T06:52:10,104392.14,sl,-7.4978,-1.0006,2025-06
2025-06-13T07:30:01,flip,BUY,104774.49,104340.42,105121.75,434.07,0.0,2025-06-13T08:09:20,105121.75,tp,6.9451,0.8,2025-06
2025-06-13T10:06:01,flip,SELL,104439.28,104885.2,104082.54,445.92,0.0,2025-06-13T10:58:30,104892.24,sl,-9.0592,-1.0158,2025-06
2025-06-13T12:05:01,flip,BUY,105061.52,104605.57,105426.28,455.95,0.0,2025-06-13T14:04:26,104597.59,sl,-9.2786,-1.0175,2025-06
2025-06-13T14:21:01,flip,SELL,104302.46,104528.36,104121.74,225.9,0.0,2025-06-13T14:30:02,104121.74,tp,3.6144,0.8,2025-06
2025-06-13T14:43:01,flip,BUY,104678.87,104373.73,104922.98,305.14,0.0,2025-06-13T14:58:36,104922.98,tp,4.8822,0.8,2025-06
2025-06-13T15:08:01,cont,BUY,105175.05,104834.62,105447.39,340.43,25.0,2025-06-13T15:13:34,105447.39,tp,5.4469,0.8,2025-06
2025-06-13T16:13:01,cont,BUY,105809.53,105345.53,106180.73,464.0,90.0,2025-06-13T17:15:54,105345.06,sl,-9.2894,-1.001,2025-06
2025-06-13T17:46:01,flip,SELL,105050.05,105308.24,104843.5,258.19,0.0,2025-06-13T17:52:43,105309.11,sl,-5.1812,-1.0034,2025-06
2025-06-13T18:33:01,cont,SELL,104809.31,105509.19,104249.41,699.88,47.0,2025-06-13T20:44:10,105514.36,sl,-14.101,-1.0074,2025-06
2025-06-14T01:56:01,flip,SELL,105459.93,105627.81,105325.63,167.88,0.0,2025-06-14T02:21:12,105630.78,sl,-3.417,-1.0177,2025-06
2025-06-14T02:33:01,cont,SELL,105382.34,105659.66,105160.48,277.32,37.0,2025-06-14T06:20:09,105160.48,tp,4.4371,0.8,2025-06
2025-06-14T19:09:01,flip,BUY,105081.45,104389.26,105635.2,692.19,0.0,2025-06-14T20:10:09,104389.04,sl,-13.8482,-1.0003,2025-06
2025-06-15T07:30:01,flip,SELL,105355.48,105522.28,105222.04,166.8,0.0,2025-06-15T07:53:10,105525.02,sl,-3.3908,-1.0164,2025-06
2025-06-15T08:39:01,cont,SELL,105262.25,105569.18,105016.71,306.93,69.0,2025-06-15T09:10:47,105016.71,tp,4.9109,0.8,2025-06
2025-06-15T09:19:01,cont,SELL,104970.79,105018.1,104932.94,47.31,109.0,2025-06-15T09:19:30,105018.25,sl,-0.9492,-1.0032,2025-06
2025-06-15T10:49:01,flip,BUY,105210.87,104990.28,105387.34,220.59,0.0,2025-06-15T11:33:02,104990.14,sl,-4.4146,-1.0006,2025-06
2025-06-15T11:46:01,flip,SELL,104947.95,105047.38,104868.41,99.43,0.0,2025-06-15T11:52:35,105050.0,sl,-2.041,-1.0264,2025-06
2025-06-15T12:10:01,flip,BUY,105141.17,104945.38,105297.8,195.79,0.0,2025-06-15T12:50:39,105297.8,tp,3.1326,0.8,2025-06
2025-06-15T12:51:01,cont,BUY,105291.19,105045.6,105487.66,245.59,41.0,2025-06-15T13:09:05,105487.66,tp,3.9294,0.8,2025-06
2025-06-15T13:25:01,cont,BUY,105642.9,105371.14,105860.31,271.76,75.0,2025-06-15T13:38:01,105368.55,sl,-5.487,-1.0095,2025-06
2025-06-15T13:47:01,cont,BUY,105737.64,105358.85,106040.67,378.79,97.0,2025-06-15T19:41:01,105344.87,sl,-7.8554,-1.0369,2025-06
2025-06-15T20:28:01,flip,SELL,105027.83,105122.92,104951.76,95.09,0.0,2025-06-15T20:34:14,105127.64,sl,-1.9962,-1.0496,2025-06
2025-06-15T20:36:01,cont,SELL,105004.92,105096.65,104931.54,91.73,8.0,2025-06-15T20:37:26,104931.54,tp,1.4677,0.8,2025-06
2025-06-15T20:46:01,cont,SELL,104748.21,104860.17,104658.64,111.96,18.0,2025-06-15T20:50:33,104658.64,tp,1.7914,0.8,2025-06
2025-06-15T21:08:01,cont,SELL,104600.48,104859.91,104392.94,259.43,40.0,2025-06-15T21:28:24,104864.82,sl,-5.2868,-1.0189,2025-06
2025-06-15T22:15:01,flip,BUY,105201.65,105015.26,105350.76,186.39,0.0,2025-06-15T22:26:05,105350.76,tp,2.9822,0.8,2025-06
2025-06-15T22:48:01,cont,BUY,105411.24,105082.78,105674.01,328.46,33.0,2025-06-15T23:43:34,105674.01,tp,5.2554,0.8,2025-06
2025-06-16T01:08:01,flip,SELL,105292.01,105561.44,105076.47,269.43,0.0,2025-06-16T01:16:00,105076.47,tp,4.3109,0.8,2025-06
2025-06-16T01:16:01,cont,SELL,105069.34,105330.14,104860.7,260.8,8.0,2025-06-16T01:37:41,105332.09,sl,-5.255,-1.0075,2025-06
2025-06-16T01:53:01,flip,BUY,105902.08,105562.38,106173.84,339.7,0.0,2025-06-16T04:21:29,106173.84,tp,5.4352,0.8,2025-06
2025-06-16T05:01:01,cont,BUY,106560.97,106226.63,106828.44,334.34,94.0,2025-06-16T05:26:07,106828.44,tp,5.3494,0.8,2025-06
2025-06-16T17:56:01,flip,SELL,107766.13,107969.55,107603.39,203.42,0.0,2025-06-16T18:08:39,107973.26,sl,-4.1426,-1.0182,2025-06
2025-06-16T18:23:01,flip,BUY,108054.79,107895.13,108182.52,159.66,0.0,2025-06-16T18:24:50,108182.52,tp,2.5546,0.8,2025-06
2025-06-16T18:55:01,cont,BUY,108220.28,108093.43,108321.76,126.85,32.0,2025-06-16T18:58:02,108321.76,tp,2.0296,0.8,2025-06
2025-06-16T23:35:01,flip,SELL,107420.47,108092.52,106882.83,672.05,0.0,2025-06-16T23:56:16,106882.83,tp,10.7528,0.8,2025-06
2025-06-17T00:02:01,cont,SELL,106718.43,106886.21,106584.21,167.78,27.0,2025-06-17T00:05:38,106584.21,tp,2.6845,0.8,2025-06
2025-06-17T00:42:01,flip,BUY,107098.65,106735.34,107389.3,363.31,0.0,2025-06-17T01:00:28,107389.3,tp,5.813,0.8,2025-06
2025-06-17T01:56:01,cont,BUY,107453.41,107016.05,107803.3,437.36,74.0,2025-06-17T02:18:39,107011.54,sl,-8.8374,-1.0103,2025-06
2025-06-17T02:27:01,flip,SELL,106835.17,106997.1,106705.63,161.93,0.0,2025-06-17T02:34:24,106705.63,tp,2.5909,0.8,2025-06
2025-06-17T02:35:01,cont,SELL,106662.36,106817.76,106538.04,155.4,8.0,2025-06-17T02:36:55,106820.23,sl,-3.1574,-1.0159,2025-06
2025-06-17T02:52:01,flip,BUY,107123.38,106774.86,107402.2,348.52,0.0,2025-06-17T02:55:08,107402.2,tp,5.5763,0.8,2025-06
2025-06-17T07:30:01,flip,SELL,106535.99,106692.88,106410.48,156.89,0.0,2025-06-17T07:31:41,106695.56,sl,-3.1914,-1.0171,2025-06
2025-06-17T07:49:01,flip,BUY,106778.06,106597.71,106922.34,180.35,0.0,2025-06-17T08:40:00,106591.28,sl,-3.7356,-1.0357,2025-06
2025-06-17T08:45:01,flip,SELL,106549.62,106632.34,106483.44,82.72,0.0,2025-06-17T08:45:21,106633.82,sl,-1.684,-1.0179,2025-06
2025-06-17T09:04:01,flip,BUY,106678.57,106553.08,106778.96,125.49,0.0,2025-06-17T09:08:31,106537.47,sl,-2.822,-1.1244,2025-06
2025-06-17T10:06:01,flip,SELL,106111.99,106345.32,105925.33,233.33,0.0,2025-06-17T10:38:07,105925.33,tp,3.7333,0.8,2025-06
2025-06-17T11:09:01,cont,SELL,105770.48,105991.08,105594.0,220.6,63.0,2025-06-17T11:27:00,105594.0,tp,3.5296,0.8,2025-06
2025-06-17T11:41:01,cont,SELL,105525.41,105675.1,105405.66,149.69,95.0,2025-06-17T11:57:44,105676.23,sl,-3.0164,-1.0075,2025-06
2025-06-17T12:11:01,flip,BUY,105806.32,105695.2,105895.22,111.12,0.0,2025-06-17T12:20:38,105693.36,sl,-2.2592,-1.0166,2025-06
2025-06-17T12:31:01,flip,SELL,105667.14,105794.16,105565.52,127.02,0.0,2025-06-17T12:39:00,105795.73,sl,-2.5718,-1.0124,2025-06
2025-06-17T12:49:01,cont,SELL,105621.19,105866.11,105425.25,244.92,18.0,2025-06-17T13:44:18,105425.25,tp,3.9187,0.8,2025-06
2025-06-17T14:06:01,flip,SELL,105097.69,105421.47,104838.67,323.78,0.0,2025-06-17T14:08:06,105422.21,sl,-6.4904,-1.0023,2025-06
2025-06-17T14:41:01,cont,SELL,105041.86,105701.87,104513.85,660.01,35.0,2025-06-17T15:16:24,104513.85,tp,10.5602,0.8,2025-06
2025-06-18T04:16:01,flip,BUY,105371.0,104201.72,106306.42,1169.28,0.0,2025-06-18T10:54:26,104197.44,sl,-23.4712,-1.0037,2025-06
2025-06-18T12:14:01,flip,BUY,104865.17,104698.85,104998.23,166.32,0.0,2025-06-18T12:19:11,104697.33,sl,-3.3568,-1.0091,2025-06
2025-06-18T12:38:01,flip,SELL,104550.49,104870.95,104294.12,320.46,0.0,2025-06-18T13:06:00,104294.12,tp,5.1274,0.8,2025-06
2025-06-18T13:29:01,cont,SELL,103889.46,104048.69,103762.08,159.23,51.0,2025-06-18T13:31:34,104052.82,sl,-3.2672,-1.0259,2025-06
2025-06-18T13:56:01,flip,BUY,104363.41,103938.24,104703.55,425.17,0.0,2025-06-18T14:04:05,104703.55,tp,6.8027,0.8,2025-06
2025-06-18T14:14:01,cont,BUY,105049.94,104747.77,105291.68,302.17,18.0,2025-06-18T14:25:47,105291.68,tp,4.8347,0.8,2025-06
2025-06-18T15:12:01,flip,SELL,104387.55,104841.65,104024.27,454.1,0.0,2025-06-18T15:30:09,104842.57,sl,-9.1004,-1.002,2025-06
2025-06-18T17:06:01,cont,SELL,104121.17,104992.57,103424.05,871.4,114.0,2025-06-18T20:54:43,104994.53,sl,-17.4672,-1.0022,2025-06
2025-06-19T01:05:01,flip,SELL,104619.47,105027.38,104293.14,407.91,0.0,2025-06-19T02:40:50,105028.88,sl,-8.1882,-1.0037,2025-06
2025-06-19T03:29:01,flip,BUY,105068.32,104743.58,105328.11,324.74,0.0,2025-06-19T06:14:18,104743.37,sl,-6.499,-1.0006,2025-06
2025-06-19T10:23:01,flip,BUY,105087.39,104961.9,105187.78,125.49,0.0,2025-06-19T10:45:28,104961.43,sl,-2.5192,-1.0037,2025-06
2025-06-19T11:07:01,flip,SELL,104854.39,104983.26,104751.29,128.87,0.0,2025-06-19T11:41:17,104751.29,tp,2.0619,0.8,2025-06
2025-06-19T11:42:01,cont,SELL,104752.12,104932.11,104608.13,179.99,35.0,2025-06-19T12:14:45,104934.63,sl,-3.6502,-1.014,2025-06
2025-06-19T12:46:01,cont,SELL,104686.4,104928.12,104493.02,241.72,99.0,2025-06-19T13:46:14,104493.02,tp,3.8675,0.8,2025-06
2025-06-19T23:16:01,flip,BUY,104856.18,104085.7,105472.56,770.48,0.0,2025-06-20T07:35:36,105472.56,tp,12.3277,0.8,2025-06
2025-06-20T09:08:01,flip,SELL,105874.33,106306.05,105528.95,431.72,0.0,2025-06-20T13:51:13,105528.95,tp,6.9075,0.8,2025-06
2025-06-20T14:24:01,cont,SELL,105393.8,105817.26,105055.03,423.46,35.0,2025-06-20T14:42:12,105055.03,tp,6.7754,0.8,2025-06
2025-06-20T14:43:01,cont,SELL,104875.42,105505.45,104371.4,630.03,54.0,2025-06-20T14:51:01,104371.4,tp,10.0805,0.8,2025-06
2025-06-20T18:20:01,flip,BUY,103347.46,102990.25,103633.23,357.21,0.0,2025-06-20T18:28:08,102984.29,sl,-7.2634,-1.0167,2025-06
2025-06-20T19:56:01,cont,BUY,103406.98,102942.4,103778.64,464.58,96.0,2025-06-20T22:42:42,102942.31,sl,-9.2934,-1.0002,2025-06
2025-06-20T22:43:01,cont,SELL,102964.48,103242.19,102742.31,277.71,38.0,2025-06-20T23:34:43,103243.53,sl,-5.581,-1.0048,2025-06
2025-06-21T01:27:01,cont,BUY,103261.45,103018.61,103455.72,242.84,116.0,2025-06-21T03:00:41,103455.72,tp,3.8854,0.8,2025-06
2025-06-21T03:55:01,flip,SELL,103503.15,103558.62,103458.77,55.47,0.0,2025-06-21T03:58:50,103458.77,tp,0.8875,0.8,2025-06
2025-06-21T04:04:01,cont,SELL,103402.44,103467.55,103350.35,65.11,9.0,2025-06-21T04:07:39,103350.35,tp,1.0418,0.8,2025-06
2025-06-21T04:31:01,cont,SELL,103301.67,103355.21,103258.84,53.54,36.0,2025-06-21T04:50:01,103258.84,tp,0.8566,0.8,2025-06
2025-06-21T05:25:01,flip,BUY,103369.46,103263.72,103454.05,105.74,0.0,2025-06-21T06:20:19,103263.42,sl,-2.1208,-1.0028,2025-06
2025-06-21T06:24:01,cont,BUY,103466.87,103234.0,103653.17,232.87,59.0,2025-06-21T08:56:06,103653.17,tp,3.7259,0.8,2025-06
2025-06-21T13:44:01,flip,SELL,103693.16,103900.5,103527.29,207.34,0.0,2025-06-21T13:46:40,103527.29,tp,3.3174,0.8,2025-06
2025-06-21T14:17:01,cont,SELL,103479.54,103615.27,103370.96,135.73,33.0,2025-06-21T14:27:10,103370.96,tp,2.1717,0.8,2025-06
2025-06-21T15:26:01,cont,SELL,103342.71,103725.32,103036.62,382.61,102.0,2025-06-21T18:45:08,103036.62,tp,6.1218,0.8,2025-06
2025-06-21T19:12:01,cont,SELL,102409.61,102678.9,102194.18,269.29,96.0,2025-06-21T19:41:37,102194.18,tp,4.3086,0.8,2025-06
2025-06-21T20:44:01,flip,BUY,102604.66,102428.01,102745.98,176.65,0.0,2025-06-21T20:53:43,102745.98,tp,2.8264,0.8,2025-06
2025-06-21T20:54:01,cont,BUY,102777.63,102567.42,102945.8,210.21,10.0,2025-06-21T21:05:05,102566.33,sl,-4.226,-1.0052,2025-06
2025-06-21T21:25:01,flip,SELL,101458.44,102494.92,100629.26,1036.48,0.0,2025-06-22T00:03:23,102500.63,sl,-20.8438,-1.0055,2025-06
2025-06-22T00:23:01,flip,BUY,102574.57,101760.76,103225.62,813.81,0.0,2025-06-22T00:36:51,103225.62,tp,13.021,0.8,2025-06
2025-06-22T02:11:01,flip,SELL,101843.46,102830.22,101054.05,986.76,0.0,2025-06-22T05:19:32,102849.91,sl,-20.129,-1.02,2025-06
2025-06-22T06:14:01,flip,BUY,102898.18,102542.97,103182.35,355.21,0.0,2025-06-22T07:19:13,102537.72,sl,-7.2092,-1.0148,2025-06
2025-06-22T07:39:01,flip,SELL,102330.48,102417.57,102260.81,87.09,0.0,2025-06-22T07:42:19,102260.81,tp,1.3934,0.8,2025-06
2025-06-22T08:30:01,flip,BUY,102531.03,102238.92,102764.72,292.11,0.0,2025-06-22T09:23:00,102236.63,sl,-5.888,-1.0078,2025-06
2025-06-22T09:51:01,flip,SELL,102181.55,102408.84,101999.72,227.29,0.0,2025-06-22T10:24:37,102409.62,sl,-4.5614,-1.0034,2025-06
2025-06-22T11:06:01,flip,BUY,102539.03,102351.6,102688.97,187.43,0.0,2025-06-22T11:53:04,102688.97,tp,2.9989,0.8,2025-06
2025-06-22T12:00:01,cont,BUY,102713.12,102478.61,102900.73,234.51,54.0,2025-06-22T13:07:55,102477.45,sl,-4.7134,-1.0049,2025-06
2025-06-22T13:08:01,flip,SELL,102506.3,102756.7,102305.98,250.4,0.0,2025-06-22T13:12:35,102305.98,tp,4.0064,0.8,2025-06
2025-06-22T14:21:01,cont,SELL,100125.87,101194.04,99271.33,1068.17,73.0,2025-06-22T14:43:15,99271.33,tp,17.0907,0.8,2025-06
2025-06-22T17:00:01,flip,BUY,99697.88,99422.62,99918.09,275.26,0.0,2025-06-22T17:09:48,99918.09,tp,4.4042,0.8,2025-06
2025-06-22T17:49:01,flip,SELL,99409.94,99852.48,99055.91,442.54,0.0,2025-06-22T19:43:01,99055.91,tp,7.0806,0.8,2025-06
2025-06-22T19:46:01,cont,SELL,99003.0,99459.11,98638.11,456.11,117.0,2025-06-22T20:09:31,98638.11,tp,7.2978,0.8,2025-06
2025-06-22T20:42:01,flip,BUY,99274.74,98977.52,99512.52,297.22,0.0,2025-06-22T20:51:09,99512.52,tp,4.7555,0.8,2025-06
2025-06-22T22:04:01,cont,BUY,99789.3,99028.03,100398.32,761.27,82.0,2025-06-22T22:11:06,100398.32,tp,12.1803,0.8,2025-06
2025-06-22T22:18:01,cont,BUY,100586.37,100309.34,100807.99,277.03,96.0,2025-06-22T22:19:06,100303.27,sl,-5.662,-1.0219,2025-06
2025-06-23T00:33:01,flip,SELL,100552.17,100765.13,100381.8,212.96,0.0,2025-06-23T00:36:24,100768.93,sl,-4.3352,-1.0178,2025-06
2025-06-23T05:48:01,flip,BUY,101711.2,100583.76,102613.15,1127.44,0.0,2025-06-23T14:00:11,102613.15,tp,18.039,0.8,2025-06
2025-06-23T14:40:01,flip,SELL,101584.35,101921.5,101314.63,337.15,0.0,2025-06-23T14:45:38,101922.99,sl,-6.7728,-1.0044,2025-06
2025-06-23T15:29:01,cont,SELL,101501.63,102054.24,101059.54,552.61,49.0,2025-06-23T16:15:01,101059.54,tp,8.8418,0.8,2025-06
2025-06-23T16:23:01,cont,SELL,100599.95,100976.54,100298.68,376.59,103.0,2025-06-23T16:29:02,100298.68,tp,6.0254,0.8,2025-06
2025-06-23T17:09:01,flip,BUY,101280.53,100792.06,101671.31,488.47,0.0,2025-06-23T17:26:39,101671.31,tp,7.8155,0.8,2025-06
2025-06-23T17:27:01,cont,BUY,101822.04,101240.71,102287.1,581.33,18.0,2025-06-23T17:29:01,102287.1,tp,9.3013,0.8,2025-06
2025-06-23T18:04:01,cont,BUY,102755.1,102066.0,103306.38,689.1,55.0,2025-06-23T18:36:39,103306.38,tp,11.0256,0.8,2025-06
2025-06-23T18:37:01,cont,BUY,103268.52,102622.04,103785.7,646.48,88.0,2025-06-23T20:20:53,103785.7,tp,10.3437,0.8,2025-06
2025-06-24T02:11:01,flip,SELL,104962.6,105590.27,104460.46,627.67,0.0,2025-06-24T06:02:42,105598.69,sl,-12.7218,-1.0134,2025-06
2025-06-24T06:28:01,flip,BUY,105687.79,105356.86,105952.53,330.93,0.0,2025-06-24T06:48:28,105952.53,tp,5.2949,0.8,2025-06
2025-06-24T07:53:01,flip,SELL,105147.54,105338.95,104994.41,191.41,0.0,2025-06-24T08:02:17,104994.41,tp,3.0626,0.8,2025-06
2025-06-24T08:03:01,cont,SELL,104933.72,105197.59,104722.62,263.87,10.0,2025-06-24T08:30:14,105197.74,sl,-5.2804,-1.0006,2025-06
2025-06-24T09:08:01,flip,BUY,105336.01,104987.93,105614.47,348.08,0.0,2025-06-24T09:28:30,105614.47,tp,5.5693,0.8,2025-06
2025-06-24T12:26:01,flip,SELL,105100.76,105480.42,104797.03,379.66,0.0,2025-06-24T13:19:33,105480.97,sl,-7.6042,-1.0014,2025-06
2025-06-24T13:33:01,flip,SELL,105015.25,105225.36,104847.16,210.11,0.0,2025-06-24T13:36:34,105234.13,sl,-4.3776,-1.0417,2025-06
2025-06-24T14:16:01,flip,BUY,105394.15,104893.61,105794.58,500.54,0.0,2025-06-24T15:05:20,105794.58,tp,8.0086,0.8,2025-06
2025-06-24T15:08:01,cont,BUY,105768.87,105402.47,106061.99,366.4,52.0,2025-06-24T15:41:43,105401.92,sl,-7.339,-1.0015,2025-06
2025-06-24T15:58:01,flip,SELL,105275.8,105494.09,105101.17,218.29,0.0,2025-06-24T16:04:16,105494.45,sl,-4.373,-1.0016,2025-06
2025-06-24T16:37:01,flip,BUY,105623.27,105244.28,105926.46,378.99,0.0,2025-06-24T16:43:48,105926.46,tp,6.0638,0.8,2025-06
2025-06-25T01:24:01,flip,SELL,106127.87,106296.97,105992.59,169.1,0.0,2025-06-25T01:26:14,106297.03,sl,-3.3832,-1.0004,2025-06
2025-06-25T01:33:01,cont,SELL,106078.17,106339.25,105869.31,261.08,9.0,2025-06-25T01:37:03,106341.02,sl,-5.257,-1.0068,2025-06
2025-06-25T01:45:01,flip,BUY,106502.17,106367.48,106609.92,134.69,0.0,2025-06-25T01:48:30,106366.77,sl,-2.708,-1.0053,2025-06
2025-06-25T02:09:01,cont,BUY,106679.4,106346.39,106945.81,333.01,24.0,2025-06-25T03:43:56,106346.1,sl,-6.666,-1.0009,2025-06
2025-06-25T04:06:01,flip,SELL,106246.76,106376.71,106142.8,129.95,0.0,2025-06-25T04:36:46,106142.8,tp,2.0792,0.8,2025-06
2025-06-25T04:43:01,cont,SELL,106089.87,106158.42,106035.03,68.55,37.0,2025-06-25T04:46:11,106166.56,sl,-1.5338,-1.1187,2025-06
2025-06-25T05:43:01,flip,BUY,106340.37,106074.47,106553.09,265.9,0.0,2025-06-25T07:24:24,106553.09,tp,4.2544,0.8,2025-06
2025-06-25T07:25:01,cont,BUY,106572.48,106385.44,106722.11,187.04,102.0,2025-06-25T07:38:21,106722.11,tp,2.9926,0.8,2025-06
2025-06-25T15:19:01,flip,SELL,107219.59,107917.08,106661.6,697.49,0.0,2025-06-25T19:20:31,107922.59,sl,-14.06,-1.0079,2025-06
2025-06-25T21:04:01,flip,BUY,108050.4,107588.84,108419.65,461.56,0.0,2025-06-25T21:24:42,107587.6,sl,-9.256,-1.0027,2025-06
2025-06-25T21:54:01,flip,SELL,107522.45,107687.82,107390.15,165.37,0.0,2025-06-25T22:31:45,107390.15,tp,2.6459,0.8,2025-06
2025-06-25T22:34:01,cont,SELL,107369.46,107545.99,107228.24,176.53,40.0,2025-06-25T23:03:00,107228.24,tp,2.8245,0.8,2025-06
2025-06-25T23:03:01,cont,SELL,107200.24,107349.08,107081.17,148.84,69.0,2025-06-25T23:14:34,107355.27,sl,-3.1006,-1.0416,2025-06
2025-06-26T00:03:01,flip,BUY,107465.15,107191.53,107684.05,273.62,0.0,2025-06-26T00:15:55,107684.05,tp,4.3779,0.8,2025-06
2025-06-26T01:06:01,flip,SELL,107303.07,107472.75,107167.33,169.68,0.0,2025-06-26T01:29:00,107472.95,sl,-3.3976,-1.0012,2025-06
2025-06-26T01:33:01,flip,BUY,107575.25,107368.83,107740.39,206.42,0.0,2025-06-26T01:33:51,107740.39,tp,3.3027,0.8,2025-06
2025-06-26T02:09:01,cont,BUY,108021.41,107451.38,108477.43,570.03,36.0,2025-06-26T09:08:57,107449.44,sl,-11.4394,-1.0034,2025-06
2025-06-26T09:09:01,flip,SELL,107440.11,108225.11,106812.11,785.0,0.0,2025-06-26T15:32:12,106812.11,tp,12.56,0.8,2025-06
2025-06-29T10:21:01,flip,BUY,108235.95,108078.09,108362.24,157.86,0.0,2025-06-29T10:31:06,108077.46,sl,-3.1698,-1.004,2025-06
2025-06-29T11:55:01,cont,BUY,108451.06,107851.43,108930.76,599.63,94.0,2025-06-29T14:38:50,107849.66,sl,-12.028,-1.003,2025-06
2025-06-29T15:48:01,flip,SELL,107787.38,108035.91,107588.56,248.53,0.0,2025-06-29T16:26:04,107588.56,tp,3.9765,0.8,2025-06
2025-06-29T16:48:01,cont,SELL,107389.54,107628.35,107198.49,238.81,60.0,2025-06-29T16:58:35,107630.65,sl,-4.8222,-1.0096,2025-06
2025-06-29T18:47:01,flip,BUY,107702.47,107584.78,107796.62,117.69,0.0,2025-06-29T19:04:18,107584.34,sl,-2.3626,-1.0037,2025-06
2025-06-29T19:16:01,flip,SELL,107517.11,107604.66,107447.07,87.55,0.0,2025-06-29T19:27:46,107607.56,sl,-1.809,-1.0331,2025-06
2025-06-29T19:40:01,cont,SELL,107500.48,107592.48,107426.88,92.0,24.0,2025-06-29T19:41:23,107426.88,tp,1.472,0.8,2025-06
2025-06-29T21:01:01,cont,SELL,107308.73,107512.41,107145.79,203.68,105.0,2025-06-29T21:08:30,107513.1,sl,-4.0874,-1.0034,2025-06
2025-06-29T21:33:01,flip,BUY,107623.42,107540.71,107689.59,82.71,0.0,2025-06-29T21:43:50,107689.59,tp,1.3234,0.8,2025-06
2025-06-29T22:03:01,cont,BUY,107759.39,107502.66,107964.77,256.73,30.0,2025-06-29T22:20:41,107964.77,tp,4.1077,0.8,2025-06
2025-06-29T22:38:01,cont,BUY,108235.24,107866.65,108530.11,368.59,65.0,2025-06-30T00:24:34,108530.11,tp,5.8974,0.8,2025-06
2025-06-30T06:30:01,flip,SELL,108159.36,108324.33,108027.38,164.97,0.0,2025-06-30T06:38:43,108027.38,tp,2.6395,0.8,2025-06
2025-06-30T07:04:01,cont,SELL,107540.89,107696.9,107416.08,156.01,34.0,2025-06-30T07:17:19,107700.38,sl,-3.1898,-1.0223,2025-06
2025-06-30T11:05:01,flip,BUY,107711.51,107613.43,107789.97,98.08,0.0,2025-06-30T11:17:42,107789.97,tp,1.5693,0.8,2025-06
2025-06-30T11:18:01,cont,BUY,107798.19,107663.71,107905.77,134.48,13.0,2025-06-30T11:23:31,107905.77,tp,2.1517,0.8,2025-06
2025-06-30T12:34:01,flip,SELL,107610.98,107845.13,107423.66,234.15,0.0,2025-06-30T13:21:59,107845.87,sl,-4.6978,-1.0032,2025-06
2025-06-30T13:29:01,cont,BUY,107879.24,107784.91,107954.7,94.33,17.0,2025-06-30T13:31:27,107784.3,sl,-1.8988,-1.0065,2025-06
2025-06-30T13:51:01,flip,SELL,107548.43,107794.64,107351.46,246.21,0.0,2025-06-30T14:08:38,107351.46,tp,3.9394,0.8,2025-06
2025-06-30T14:50:01,cont,SELL,107163.84,107607.95,106808.55,444.11,59.0,2025-06-30T14:59:45,106808.55,tp,7.1058,0.8,2025-06
2025-06-30T16:13:01,flip,BUY,107912.42,107487.42,108252.42,425.0,0.0,2025-06-30T16:22:10,107485.46,sl,-8.5392,-1.0046,2025-06
2025-06-30T18:31:01,flip,SELL,107312.13,107895.24,106845.64,583.11,0.0,2025-06-30T19:59:51,107896.55,sl,-11.6884,-1.0022,2025-06
2025-07-01T05:49:01,flip,BUY,107020.1,106826.32,107175.12,193.78,0.0,2025-07-01T06:08:32,106823.44,sl,-3.9332,-1.0149,2025-07
2025-07-01T06:16:01,cont,SELL,106845.46,106885.68,106813.28,40.22,9.0,2025-07-01T06:18:23,106888.65,sl,-0.8638,-1.0738,2025-07
2025-07-01T07:01:01,flip,BUY,106996.27,106823.52,107134.47,172.75,0.0,2025-07-01T07:19:00,106818.95,sl,-3.5464,-1.0265,2025-07
2025-07-01T07:31:01,cont,BUY,107114.64,106680.68,107461.81,433.96,30.0,2025-07-01T09:39:35,106678.54,sl,-8.722,-1.0049,2025-07
2025-07-01T10:30:01,flip,SELL,106623.11,106790.31,106489.35,167.2,0.0,2025-07-01T10:49:28,106489.35,tp,2.6752,0.8,2025-07
2025-07-01T12:03:01,flip,BUY,106787.8,106461.0,107049.24,326.8,0.0,2025-07-01T13:43:33,106459.05,sl,-6.575,-1.006,2025-07
2025-07-01T14:01:01,cont,BUY,107038.43,106391.54,107555.94,646.89,118.0,2025-07-01T14:40:05,106388.35,sl,-13.0016,-1.0049,2025-07
2025-07-01T20:31:01,flip,BUY,105749.02,105619.86,105852.35,129.16,0.0,2025-07-01T20:39:08,105852.35,tp,2.0666,0.8,2025-07
2025-07-01T20:47:01,cont,BUY,105897.3,105794.54,105979.51,102.76,16.0,2025-07-01T20:51:28,105979.51,tp,1.6442,0.8,2025-07
2025-07-01T20:59:01,cont,BUY,106095.56,106006.52,106166.79,89.04,28.0,2025-07-01T20:59:55,106004.86,sl,-1.814,-1.0186,2025-07
2025-07-01T21:22:01,cont,BUY,106131.04,105837.89,106365.56,293.15,51.0,2025-07-01T21:58:33,105837.44,sl,-5.872,-1.0015,2025-07
2025-07-01T22:31:01,flip,SELL,105792.36,106032.05,105600.61,239.69,0.0,2025-07-01T23:04:58,105600.61,tp,3.835,0.8,2025-07
2025-07-02T02:49:01,flip,BUY,105951.85,105663.3,106182.69,288.55,0.0,2025-07-02T03:12:38,106182.69,tp,4.6168,0.8,2025-07
2025-07-02T03:13:01,cont,BUY,106237.95,106088.22,106357.73,149.73,24.0,2025-07-02T03:40:10,106357.73,tp,2.3957,0.8,2025-07
2025-07-02T04:40:01,cont,BUY,106409.71,106275.09,106517.41,134.62,111.0,2025-07-02T04:55:00,106517.41,tp,2.1539,0.8,2025-07
2025-07-02T12:11:01,flip,SELL,107459.66,107578.41,107364.66,118.75,0.0,2025-07-02T12:19:08,107364.66,tp,1.9,0.8,2025-07
2025-07-02T12:24:01,cont,SELL,107314.37,107438.99,107214.67,124.62,13.0,2025-07-02T12:51:06,107440.08,sl,-2.5142,-1.0087,2025-07
2025-07-02T13:05:01,flip,BUY,107544.96,107339.25,107709.53,205.71,0.0,2025-07-02T13:13:39,107709.53,tp,3.2914,0.8,2025-07
2025-07-02T13:40:01,cont,BUY,107769.91,107494.1,107990.56,275.81,35.0,2025-07-02T13:47:53,107990.56,tp,4.413,0.8,2025-07
2025-07-02T14:27:01,cont,BUY,108149.93,107667.12,108536.18,482.81,82.0,2025-07-02T15:11:01,108536.18,tp,7.725,0.8,2025-07
2025-07-02T17:48:01,flip,SELL,108927.1,109250.44,108668.43,323.34,0.0,2025-07-02T17:53:53,109256.19,sl,-6.5818,-1.0178,2025-07
2025-07-02T18:26:01,flip,BUY,109403.21,109073.01,109667.37,330.2,0.0,2025-07-02T19:57:03,109667.37,tp,5.2832,0.8,2025-07
2025-07-02T20:56:01,flip,SELL,109237.76,109546.4,108990.85,308.64,0.0,2025-07-02T21:54:28,109549.43,sl,-6.2334,-1.0098,2025-07
2025-07-02T22:47:01,cont,SELL,109148.93,109600.32,108787.82,451.39,111.0,2025-07-02T23:42:32,108787.82,tp,7.2222,0.8,2025-07
2025-07-03T03:34:01,flip,BUY,108866.22,108664.82,109027.34,201.4,0.0,2025-07-03T04:02:05,108663.78,sl,-4.0488,-1.0052,2025-07
2025-07-03T04:14:01,cont,BUY,108874.36,108613.03,109083.42,261.33,40.0,2025-07-03T05:09:22,109083.42,tp,4.1813,0.8,2025-07
2025-07-03T05:10:01,cont,BUY,109214.18,108832.95,109519.16,381.23,96.0,2025-07-03T06:22:03,109519.16,tp,6.0997,0.8,2025-07
2025-07-04T13:34:01,flip,SELL,108417.11,109131.55,107845.56,714.44,0.0,2025-07-04T14:08:04,107845.56,tp,11.431,0.8,2025-07
2025-07-04T14:13:01,cont,SELL,107730.66,107935.6,107566.71,204.94,39.0,2025-07-04T14:20:26,107566.71,tp,3.279,0.8,2025-07
2025-07-04T22:06:01,flip,BUY,108032.88,107927.64,108117.07,105.24,0.0,2025-07-04T22:09:23,108117.07,tp,1.6838,0.8,2025-07
2025-07-05T08:37:01,flip,SELL,108026.12,108357.57,107760.96,331.45,0.0,2025-07-06T13:22:28,108359.9,sl,-6.6756,-1.007,2025-07
2025-07-06T13:23:01,flip,BUY,108396.72,108236.01,108525.29,160.71,0.0,2025-07-06T13:29:48,108525.29,tp,2.5714,0.8,2025-07
2025-07-06T13:30:01,cont,BUY,108576.97,108348.63,108759.64,228.34,7.0,2025-07-06T13:36:02,108759.64,tp,3.6534,0.8,2025-07
2025-07-06T13:46:01,cont,BUY,108893.53,108568.81,109153.31,324.72,23.0,2025-07-06T13:52:14,109153.31,tp,5.1955,0.8,2025-07
2025-07-06T14:43:01,flip,SELL,108693.98,109107.73,108362.98,413.75,0.0,2025-07-06T18:49:30,108362.98,tp,6.62,0.8,2025-07
2025-07-06T20:19:01,flip,BUY,108901.91,108777.68,109001.29,124.23,0.0,2025-07-06T20:22:54,108777.1,sl,-2.4962,-1.0047,2025-07
2025-07-06T21:00:01,flip,SELL,108710.52,108852.36,108597.05,141.84,0.0,2025-07-06T21:11:08,108854.55,sl,-2.8806,-1.0154,2025-07
2025-07-07T12:37:01,flip,BUY,108537.51,108462.71,108597.35,74.8,0.0,2025-07-07T12:49:52,108462.28,sl,-1.5046,-1.0057,2025-07
2025-07-07T13:12:01,flip,SELL,108322.06,108426.43,108238.56,104.37,0.0,2025-07-07T13:15:39,108238.56,tp,1.6699,0.8,2025-07
2025-07-07T13:59:01,flip,BUY,108582.53,108028.16,109026.03,554.37,0.0,2025-07-07T14:37:32,108022.24,sl,-11.2058,-1.0107,2025-07
2025-07-07T15:11:01,flip,BUY,108439.68,108160.33,108663.16,279.35,0.0,2025-07-07T15:31:54,108663.16,tp,4.4696,0.8,2025-07
2025-07-07T17:02:01,flip,SELL,107927.57,108368.73,107574.64,441.16,0.0,2025-07-07T17:30:18,108379.54,sl,-9.0394,-1.0245,2025-07
2025-07-07T18:28:01,cont,SELL,107643.13,108372.0,107060.03,728.87,86.0,2025-07-08T00:26:10,108372.52,sl,-14.5878,-1.0007,2025-07
2025-07-08T00:43:01,flip,BUY,108526.17,108350.39,108666.79,175.78,0.0,2025-07-08T00:49:11,108348.99,sl,-3.5436,-1.008,2025-07
2025-07-08T01:11:01,flip,SELL,108186.51,108444.51,107980.11,258.0,0.0,2025-07-08T01:41:04,107980.11,tp,4.128,0.8,2025-07
2025-07-08T01:57:01,cont,SELL,107829.96,107907.68,107767.78,77.72,46.0,2025-07-08T01:57:44,107767.78,tp,1.2435,0.8,2025-07
2025-07-08T02:09:01,cont,SELL,107649.35,107826.84,107507.36,177.49,58.0,2025-07-08T02:17:32,107507.36,tp,2.8398,0.8,2025-07
2025-07-08T02:18:01,cont,SELL,107517.41,107691.73,107377.95,174.32,67.0,2025-07-08T02:18:58,107696.82,sl,-3.5882,-1.0292,2025-07
2025-07-08T03:40:01,flip,BUY,108014.51,107579.5,108362.52,435.01,0.0,2025-07-08T06:45:46,108362.52,tp,6.9602,0.8,2025-07
2025-07-08T09:00:01,flip,SELL,108311.59,108378.79,108257.83,67.2,0.0,2025-07-08T09:05:16,108379.29,sl,-1.354,-1.0074,2025-07
2025-07-08T09:18:01,flip,BUY,108424.16,108326.23,108502.5,97.93,0.0,2025-07-08T09:22:17,108323.91,sl,-2.005,-1.0237,2025-07
2025-07-08T09:31:01,cont,BUY,108457.18,108345.78,108546.3,111.4,13.0,2025-07-08T10:13:45,108546.3,tp,1.7824,0.8,2025-07
2025-07-08T10:14:01,cont,BUY,108554.96,108435.08,108650.86,119.88,56.0,2025-07-08T10:17:04,108650.86,tp,1.9181,0.8,2025-07
2025-07-08T10:38:01,cont,BUY,108773.14,108529.91,108967.72,243.23,80.0,2025-07-08T11:04:31,108967.72,tp,3.8917,0.8,2025-07
2025-07-08T11:05:01,cont,BUY,108995.54,108825.99,109131.18,169.55,107.0,2025-07-08T11:51:52,108812.76,sl,-3.6556,-1.078,2025-07
2025-07-08T13:40:01,flip,SELL,108698.43,109002.64,108455.06,304.21,0.0,2025-07-08T13:42:47,109005.43,sl,-6.14,-1.0092,2025-07
2025-07-08T14:12:01,cont,SELL,108653.4,109246.78,108178.7,593.38,32.0,2025-07-08T16:10:25,108178.7,tp,9.4941,0.8,2025-07
2025-07-08T17:04:01,flip,BUY,108632.9,108193.74,108984.23,439.16,0.0,2025-07-08T17:17:33,108984.23,tp,7.0266,0.8,2025-07
2025-07-08T17:24:01,cont,BUY,108982.69,108728.77,109185.83,253.92,20.0,2025-07-08T18:57:23,109185.83,tp,4.0627,0.8,2025-07
2025-07-08T19:54:01,flip,SELL,108776.17,108899.89,108677.19,123.72,0.0,2025-07-08T20:24:51,108900.04,sl,-2.4774,-1.0012,2025-07
2025-07-08T20:58:01,cont,SELL,108697.79,108988.53,108465.2,290.74,64.0,2025-07-08T21:44:28,108995.99,sl,-5.964,-1.0257,2025-07
2025-07-08T22:02:01,cont,BUY,109005.66,108849.29,109130.76,156.37,22.0,2025-07-08T22:06:23,108848.39,sl,-3.1454,-1.0058,2025-07
2025-07-09T00:28:01,flip,SELL,108809.11,109002.59,108654.33,193.48,0.0,2025-07-09T00:54:36,109008.45,sl,-3.9868,-1.0303,2025-07
2025-07-09T01:28:01,cont,SELL,108787.21,109180.1,108472.9,392.89,60.0,2025-07-09T03:15:26,108472.9,tp,6.2862,0.8,2025-07
2025-07-09T04:35:01,flip,BUY,108522.43,108351.68,108659.03,170.75,0.0,2025-07-09T05:35:52,108659.03,tp,2.732,0.8,2025-07
2025-07-09T05:36:01,cont,BUY,108787.15,108518.46,109002.1,268.69,61.0,2025-07-09T11:06:48,109002.1,tp,4.299,0.8,2025-07
2025-07-09T14:30:01,flip,SELL,108920.67,109489.78,108465.38,569.11,0.0,2025-07-09T16:52:00,109498.07,sl,-11.548,-1.0146,2025-07
2025-07-09T17:22:01,flip,SELL,109205.36,109271.48,109152.46,66.12,0.0,2025-07-09T17:22:56,109152.46,tp,1.0579,0.8,2025-07
2025-07-09T17:33:01,cont,SELL,109043.82,109233.76,108891.87,189.94,11.0,2025-07-09T17:41:00,109236.09,sl,-3.8454,-1.0123,2025-07
2025-07-09T18:22:01,flip,BUY,109597.72,109428.2,109733.34,169.52,0.0,2025-07-09T18:41:20,109422.3,sl,-3.5084,-1.0348,2025-07
2025-07-09T19:08:04,cont,BUY,109607.47,109400.35,109773.17,207.12,46.0,2025-07-09T19:18:11,109773.17,tp,3.3139,0.8,2025-07
2025-07-09T19:25:01,cont,BUY,110221.19,109968.52,110423.33,252.67,63.0,2025-07-09T19:30:18,110423.33,tp,4.0427,0.8,2025-07
2025-07-09T19:38:01,cont,BUY,110973.25,110325.57,111491.39,647.68,76.0,2025-07-09T19:45:56,111491.39,tp,10.3629,0.8,2025-07
2025-07-09T19:49:01,cont,BUY,111594.34,111226.04,111888.98,368.3,87.0,2025-07-09T19:53:13,111888.98,tp,5.8928,0.8,2025-07
2025-07-09T20:25:01,flip,SELL,111067.33,111348.84,110842.12,281.51,0.0,2025-07-09T20:32:33,110842.12,tp,4.5042,0.8,2025-07
2025-07-09T20:49:01,cont,SELL,110780.52,110995.29,110608.7,214.77,24.0,2025-07-09T20:54:57,110608.7,tp,3.4363,0.8,2025-07
2025-07-09T22:14:01,flip,BUY,111289.97,110803.45,111679.19,486.52,0.0,2025-07-10T12:12:02,110800.37,sl,-9.792,-1.0063,2025-07
2025-07-10T12:26:01,flip,SELL,110780.08,110844.06,110728.9,63.98,0.0,2025-07-10T12:26:31,110846.14,sl,-1.3212,-1.0325,2025-07
2025-07-10T13:04:01,flip,BUY,110983.74,110762.78,111160.51,220.96,0.0,2025-07-10T13:33:39,110762.38,sl,-4.4272,-1.0018,2025-07
2025-07-10T14:11:01,cont,BUY,111105.01,110480.05,111604.98,624.96,67.0,2025-07-10T16:16:40,111604.98,tp,9.9994,0.8,2025-07
2025-07-10T18:39:01,flip,SELL,112974.29,113262.39,112743.81,288.1,0.0,2025-07-10T18:54:06,113262.55,sl,-5.7652,-1.0006,2025-07
2025-07-10T21:08:01,flip,BUY,113673.28,113031.76,114186.5,641.52,0.0,2025-07-10T21:17:28,114186.5,tp,10.2643,0.8,2025-07
2025-07-11T15:49:01,flip,SELL,117146.75,118187.46,116314.18,1040.71,0.0,2025-07-12T09:52:32,118191.25,sl,-20.89,-1.0036,2025-07
2025-07-12T13:20:01,flip,SELL,117267.72,117490.46,117089.53,222.74,0.0,2025-07-12T14:09:54,117490.6,sl,-4.4576,-1.0006,2025-07
2025-07-12T14:10:01,cont,BUY,117486.48,117327.63,117613.56,158.85,10.0,2025-07-12T14:10:36,117613.56,tp,2.5416,0.8,2025-07
2025-07-12T14:54:01,flip,SELL,117292.59,117340.21,117254.49,47.62,0.0,2025-07-12T14:54:08,117254.49,tp,0.7619,0.8,2025-07
2025-07-12T15:26:01,cont,SELL,117097.48,117399.75,116855.66,302.27,32.0,2025-07-12T15:49:24,116855.66,tp,4.8363,0.8,2025-07
2025-07-12T19:03:01,flip,BUY,117503.05,117330.48,117641.11,172.57,0.0,2025-07-12T20:31:34,117328.66,sl,-3.4878,-1.0105,2025-07
2025-07-12T20:53:01,flip,SELL,117211.01,117306.62,117134.52,95.61,0.0,2025-07-12T20:55:09,117134.52,tp,1.5298,0.8,2025-07
2025-07-13T01:48:01,flip,BUY,117563.72,117150.98,117893.91,412.74,0.0,2025-07-13T06:38:47,117893.91,tp,6.6038,0.8,2025-07
2025-07-13T07:38:01,flip,BUY,117990.7,117773.07,118164.8,217.63,0.0,2025-07-13T08:18:33,117764.48,sl,-4.5244,-1.0395,2025-07
2025-07-13T08:41:01,flip,SELL,117726.65,117778.91,117684.84,52.26,0.0,2025-07-13T08:58:21,117779.45,sl,-1.056,-1.0103,2025-07
2025-07-13T09:39:01,cont,SELL,117665.05,117841.2,117524.13,176.15,58.0,2025-07-13T11:05:52,117842.34,sl,-3.5458,-1.0065,2025-07
2025-07-13T11:25:01,flip,BUY,117966.21,117814.21,118087.81,152.0,0.0,2025-07-13T12:03:52,118087.81,tp,2.432,0.8,2025-07
2025-07-13T12:04:01,cont,BUY,118102.77,117903.57,118262.13,199.2,39.0,2025-07-13T12:50:47,118262.13,tp,3.1872,0.8,2025-07
2025-07-14T13:35:01,flip,SELL,121205.73,121875.65,120669.79,669.92,0.0,2025-07-14T13:45:49,121879.31,sl,-13.4716,-1.0055,2025-07
2025-07-14T14:32:01,cont,SELL,121020.56,122067.82,120182.75,1047.26,57.0,2025-07-14T15:31:48,120182.75,tp,16.7562,0.8,2025-07
2025-07-14T15:32:01,cont,SELL,120182.44,120353.86,120045.3,171.42,117.0,2025-07-14T15:35:01,120045.3,tp,2.7427,0.8,2025-07
2025-07-14T16:52:01,flip,BUY,120008.39,119578.84,120352.03,429.55,0.0,2025-07-14T17:03:26,120352.03,tp,6.8728,0.8,2025-07
2025-07-14T20:17:01,flip,SELL,119533.49,120058.04,119113.85,524.55,0.0,2025-07-14T20:34:14,120059.51,sl,-10.5204,-1.0028,2025-07
2025-07-14T20:48:01,flip,BUY,120215.88,120142.07,120274.93,73.81,0.0,2025-07-14T20:50:39,120140.2,sl,-1.5136,-1.0253,2025-07
2025-07-14T20:53:01,cont,BUY,120221.99,120114.86,120307.69,107.13,5.0,2025-07-14T20:53:57,120307.69,tp,1.7141,0.8,2025-07
2025-07-14T21:07:01,flip,SELL,119989.66,120185.48,119833.0,195.82,0.0,2025-07-14T21:15:01,119833.0,tp,3.1331,0.8,2025-07
2025-07-14T22:30:01,flip,BUY,120274.71,119910.83,120565.81,363.88,0.0,2025-07-14T23:05:52,119903.52,sl,-7.4238,-1.0201,2025-07
2025-07-14T23:17:01,flip,SELL,119863.0,119971.59,119776.13,108.59,0.0,2025-07-14T23:40:45,119972.41,sl,-2.1882,-1.0076,2025-07
2025-07-14T23:51:01,cont,SELL,119764.63,119951.8,119614.89,187.17,34.0,2025-07-15T00:13:56,119614.89,tp,2.9947,0.8,2025-07
2025-07-15T00:41:01,cont,SELL,119387.69,119923.67,118958.91,535.98,84.0,2025-07-15T01:20:02,118958.91,tp,8.5757,0.8,2025-07
2025-07-15T13:07:01,flip,BUY,117758.77,116282.41,118939.86,1476.36,0.0,2025-07-15T14:52:20,116281.59,sl,-29.5436,-1.0006,2025-07
2025-07-16T10:55:01,flip,SELL,118789.86,118896.73,118704.36,106.87,0.0,2025-07-16T10:57:54,118704.36,tp,1.7099,0.8,2025-07
2025-07-16T11:03:01,cont,SELL,118629.85,118738.01,118543.32,108.16,8.0,2025-07-16T11:05:39,118741.7,sl,-2.237,-1.0341,2025-07
2025-07-16T11:14:01,flip,BUY,118875.99,118726.89,118995.27,149.1,0.0,2025-07-16T11:55:43,118719.17,sl,-3.1364,-1.0518,2025-07
2025-07-16T12:32:01,flip,SELL,118556.66,118881.14,118297.08,324.48,0.0,2025-07-16T12:34:29,118884.49,sl,-6.5566,-1.0103,2025-07
2025-07-16T13:01:01,cont,SELL,118560.99,119052.22,118168.01,491.23,29.0,2025-07-16T13:51:38,118168.01,tp,7.8597,0.8,2025-07
2025-07-16T14:17:01,cont,SELL,118191.01,118737.4,117753.9,546.39,105.0,2025-07-16T14:47:24,118738.03,sl,-10.9404,-1.0012,2025-07
2025-07-16T18:46:01,flip,BUY,119986.8,118490.13,121184.14,1496.67,0.0,2025-07-16T23:16:22,118489.98,sl,-29.9364,-1.0001,2025-07
2025-07-16T23:17:01,cont,SELL,118506.2,118656.27,118386.14,150.07,13.0,2025-07-16T23:21:09,118660.8,sl,-3.092,-1.0302,2025-07
2025-07-16T23:37:01,flip,BUY,118692.13,118598.56,118766.99,93.57,0.0,2025-07-16T23:37:19,118766.99,tp,1.4971,0.8,2025-07
2025-07-17T00:17:01,cont,BUY,118849.34,118595.46,119052.44,253.88,40.0,2025-07-17T00:42:17,119052.44,tp,4.0621,0.8,2025-07
2025-07-17T01:33:01,flip,SELL,118524.31,118781.44,118318.61,257.13,0.0,2025-07-17T01:34:09,118318.61,tp,4.1141,0.8,2025-07
2025-07-17T01:47:01,cont,SELL,117886.95,118277.5,117574.51,390.55,14.0,2025-07-17T02:07:16,118281.33,sl,-7.8876,-1.0098,2025-07
2025-07-17T05:44:01,flip,BUY,118568.58,117748.43,119224.7,820.15,0.0,2025-07-17T12:09:05,117747.28,sl,-16.426,-1.0014,2025-07
2025-07-17T12:23:01,cont,SELL,117670.71,117845.83,117530.61,175.12,102.0,2025-07-17T12:26:57,117530.61,tp,2.8019,0.8,2025-07
2025-07-17T13:54:01,flip,BUY,118238.74,117565.56,118777.28,673.18,0.0,2025-07-17T14:30:28,118777.28,tp,10.7709,0.8,2025-07
2025-07-17T14:35:01,cont,BUY,118836.08,118617.13,119011.24,218.95,41.0,2025-07-17T14:37:43,118616.93,sl,-4.383,-1.0009,2025-07
2025-07-17T15:01:01,cont,BUY,118906.3,118486.41,119242.21,419.89,67.0,2025-07-17T15:09:48,118484.45,sl,-8.437,-1.0047,2025-07
2025-07-17T15:22:01,flip,SELL,118408.45,118569.53,118279.59,161.08,0.0,2025-07-17T15:23:53,118571.07,sl,-3.2524,-1.0096,2025-07
2025-07-17T15:38:01,flip,BUY,118705.54,118481.58,118884.71,223.96,0.0,2025-07-17T15:41:02,118884.71,tp,3.5834,0.8,2025-07
2025-07-17T19:55:01,flip,SELL,119113.85,119344.0,118929.73,230.15,0.0,2025-07-17T19:56:53,118929.73,tp,3.6824,0.8,2025-07
2025-07-17T20:03:01,cont,SELL,118865.31,119043.7,118722.6,178.39,8.0,2025-07-17T20:05:16,118722.6,tp,2.8542,0.8,2025-07
2025-07-17T21:00:01,flip,BUY,119517.17,119137.02,119821.29,380.15,0.0,2025-07-17T21:03:30,119821.29,tp,6.0824,0.8,2025-07
2025-07-17T21:21:01,cont,BUY,120681.54,120218.26,121052.16,463.28,21.0,2025-07-17T21:37:21,120204.94,sl,-9.532,-1.0288,2025-07
2025-07-17T22:51:01,flip,SELL,119861.62,120753.92,119147.78,892.3,0.0,2025-07-18T00:12:49,119147.78,tp,14.2768,0.8,2025-07
2025-07-18T00:13:01,cont,SELL,119101.3,119422.5,118844.34,321.2,82.0,2025-07-18T00:21:32,119426.67,sl,-6.5074,-1.013,2025-07
2025-07-18T00:28:01,flip,BUY,119576.52,119395.67,119721.2,180.85,0.0,2025-07-18T00:36:16,119721.2,tp,2.8936,0.8,2025-07
2025-07-18T00:44:01,cont,BUY,119807.71,119638.91,119942.75,168.8,16.0,2025-07-18T00:50:15,119618.66,sl,-3.781,-1.12,2025-07
2025-07-18T00:59:01,cont,BUY,119881.01,119581.83,120120.35,299.18,31.0,2025-07-18T01:10:33,120120.35,tp,4.7869,0.8,2025-07
2025-07-18T01:41:01,cont,BUY,120701.42,120091.77,121189.14,609.65,73.0,2025-07-18T02:06:30,120091.22,sl,-12.204,-1.0009,2025-07
2025-07-18T04:10:01,flip,SELL,119952.31,120535.08,119486.09,582.77,0.0,2025-07-18T04:55:01,120536.38,sl,-11.6814,-1.0022,2025-07
2025-07-18T05:59:01,flip,BUY,120674.31,120294.96,120977.79,379.35,0.0,2025-07-18T06:25:56,120287.3,sl,-7.7402,-1.0202,2025-07
2025-07-18T06:37:01,flip,SELL,120102.97,120244.06,119990.1,141.09,0.0,2025-07-18T06:38:26,120244.74,sl,-2.8354,-1.0048,2025-07
2025-07-18T07:14:01,cont,SELL,120061.32,120494.78,119714.55,433.46,37.0,2025-07-18T07:26:18,119714.55,tp,6.9354,0.8,2025-07
2025-07-18T07:52:01,cont,SELL,119684.22,119924.38,119492.09,240.16,75.0,2025-07-18T07:53:40,119492.09,tp,3.8426,0.8,2025-07
2025-07-18T07:59:01,cont,SELL,119432.78,119652.05,119257.36,219.27,82.0,2025-07-18T08:15:03,119257.36,tp,3.5083,0.8,2025-07
2025-07-18T08:24:01,cont,SELL,119229.98,119446.79,119056.53,216.81,107.0,2025-07-18T08:31:07,119056.53,tp,3.469,0.8,2025-07
2025-07-18T22:26:01,flip,BUY,117986.78,117453.91,118413.08,532.87,0.0,2025-07-19T03:37:54,118413.08,tp,8.5259,0.8,2025-07
2025-07-19T08:32:01,flip,SELL,118088.29,118397.07,117841.27,308.78,0.0,2025-07-19T10:40:15,118397.58,sl,-6.1858,-1.0017,2025-07
2025-07-19T15:42:01,flip,BUY,118251.28,118106.84,118366.83,144.44,0.0,2025-07-19T15:51:35,118104.98,sl,-2.926,-1.0129,2025-07
2025-07-19T16:16:01,flip,SELL,117846.23,117935.71,117774.65,89.48,0.0,2025-07-19T16:16:41,117936.18,sl,-1.799,-1.0053,2025-07
2025-07-19T16:27:01,flip,BUY,117981.91,117908.43,118040.69,73.48,0.0,2025-07-19T16:27:20,118040.69,tp,1.1757,0.8,2025-07
2025-07-19T17:57:01,flip,SELL,117758.69,117895.52,117649.23,136.83,0.0,2025-07-19T18:01:58,117895.64,sl,-2.739,-1.0009,2025-07
2025-07-19T18:16:01,flip,BUY,118013.16,117917.57,118089.63,95.59,0.0,2025-07-19T18:19:06,117916.11,sl,-1.941,-1.0153,2025-07
2025-07-19T18:40:01,cont,BUY,118049.17,117869.99,118192.51,179.18,24.0,2025-07-19T18:57:40,117866.3,sl,-3.6574,-1.0206,2025-07
2025-07-19T19:43:01,cont,BUY,118124.57,117597.71,118546.06,526.86,87.0,2025-07-19T21:13:53,117581.94,sl,-10.8526,-1.0299,2025-07
2025-07-19T21:18:01,flip,SELL,117520.61,117715.73,117364.51,195.12,0.0,2025-07-19T21:24:58,117364.51,tp,3.1219,0.8,2025-07
2025-07-19T21:25:01,cont,SELL,117362.05,117610.79,117163.06,248.74,7.0,2025-07-19T21:29:04,117611.53,sl,-4.9896,-1.003,2025-07
2025-07-19T21:59:01,flip,BUY,117786.69,117442.55,118062.0,344.14,0.0,2025-07-20T01:04:09,118062.0,tp,5.5062,0.8,2025-07
2025-07-20T01:06:01,flip,BUY,118080.16,117926.55,118203.05,153.61,0.0,2025-07-20T01:56:01,117923.25,sl,-3.1382,-1.0215,2025-07
2025-07-20T02:01:01,flip,SELL,117877.6,117980.78,117795.06,103.18,0.0,2025-07-20T02:03:25,117981.1,sl,-2.07,-1.0031,2025-07
2025-07-20T02:29:01,cont,SELL,117844.46,117984.44,117732.48,139.98,28.0,2025-07-20T02:46:38,117993.4,sl,-2.9788,-1.064,2025-07
2025-07-20T03:36:01,flip,BUY,118157.3,117756.93,118477.6,400.37,0.0,2025-07-20T12:01:58,117741.33,sl,-8.3194,-1.039,2025-07
2025-07-20T13:02:01,flip,BUY,118187.3,118023.36,118318.45,163.94,0.0,2025-07-20T13:52:55,118318.45,tp,2.623,0.8,2025-07
2025-07-20T16:20:01,flip,SELL,118510.56,118727.46,118337.04,216.9,0.0,2025-07-20T16:40:44,118735.45,sl,-4.4978,-1.0368,2025-07
2025-07-20T17:01:01,cont,SELL,118452.47,118805.77,118169.83,353.3,41.0,2025-07-20T17:41:38,118169.83,tp,5.6528,0.8,2025-07
2025-07-21T03:19:01,flip,BUY,118550.52,118366.64,118697.62,183.88,0.0,2025-07-21T03:22:32,118356.18,sl,-3.8868,-1.0569,2025-07
2025-07-21T03:33:01,cont,BUY,118605.89,118354.07,118807.35,251.82,14.0,2025-07-21T03:45:52,118348.97,sl,-5.1384,-1.0203,2025-07
2025-07-21T05:23:01,flip,SELL,118238.34,118654.84,117905.14,416.5,0.0,2025-07-21T06:23:01,118656.07,sl,-8.3546,-1.003,2025-07
2025-07-21T07:05:01,flip,BUY,119339.38,118935.9,119662.16,403.48,0.0,2025-07-21T07:29:44,119662.16,tp,6.4557,0.8,2025-07
2025-07-21T08:39:01,flip,SELL,119220.66,119370.96,119100.42,150.3,0.0,2025-07-21T08:39:18,119100.42,tp,2.4048,0.8,2025-07
2025-07-21T09:19:01,cont,SELL,118843.59,119120.84,118621.79,277.25,40.0,2025-07-21T09:41:05,118621.79,tp,4.436,0.8,2025-07
2025-07-21T10:29:01,cont,SELL,118502.57,118830.19,118240.47,327.62,110.0,2025-07-21T11:25:21,118832.7,sl,-6.6026,-1.0077,2025-07
2025-07-21T14:22:01,flip,BUY,119130.41,118470.58,119658.27,659.83,0.0,2025-07-21T15:37:46,118468.02,sl,-13.2478,-1.0039,2025-07
2025-07-21T15:42:01,cont,SELL,118490.11,118608.53,118395.37,118.42,7.0,2025-07-21T15:43:34,118395.37,tp,1.8947,0.8,2025-07
2025-07-21T15:59:01,cont,SELL,118332.84,118608.14,118112.6,275.3,24.0,2025-07-21T16:06:41,118112.6,tp,4.4048,0.8,2025-07
2025-07-21T16:12:01,cont,SELL,117975.87,118171.77,117819.15,195.9,37.0,2025-07-21T16:16:30,117819.15,tp,3.1344,0.8,2025-07
2025-07-21T16:21:01,cont,SELL,117544.03,117739.51,117387.65,195.48,46.0,2025-07-21T16:25:20,117743.2,sl,-3.9834,-1.0189,2025-07
2025-07-21T19:15:01,flip,BUY,117440.72,117237.66,117603.17,203.06,0.0,2025-07-21T19:19:59,117234.79,sl,-4.1186,-1.0141,2025-07
2025-07-21T20:01:01,flip,SELL,116743.22,117000.17,116537.66,256.95,0.0,2025-07-21T20:14:14,117000.97,sl,-5.155,-1.0031,2025-07
2025-07-21T20:43:01,flip,BUY,117242.88,116948.34,117478.51,294.54,0.0,2025-07-21T20:57:41,116945.62,sl,-5.9452,-1.0092,2025-07
2025-07-21T21:40:01,cont,BUY,117344.34,116944.97,117663.84,399.37,57.0,2025-07-21T22:35:32,117663.84,tp,6.3899,0.8,2025-07
2025-07-22T00:43:01,flip,SELL,117101.78,117299.75,116943.4,197.97,0.0,2025-07-22T00:46:40,117300.45,sl,-3.9734,-1.0035,2025-07
2025-07-22T01:02:01,cont,SELL,117033.04,117315.59,116807.0,282.55,19.0,2025-07-22T01:15:38,116807.0,tp,4.5208,0.8,2025-07
2025-07-22T01:16:01,cont,SELL,116743.91,117096.02,116462.22,352.11,33.0,2025-07-22T01:17:31,116462.22,tp,5.6338,0.8,2025-07
2025-07-22T01:30:01,flip,BUY,117291.19,117057.04,117478.51,234.15,0.0,2025-07-22T01:36:52,117478.51,tp,3.7464,0.8,2025-07
2025-07-22T01:37:01,cont,BUY,117487.99,117153.94,117755.23,334.05,7.0,2025-07-22T01:40:35,117755.23,tp,5.3448,0.8,2025-07
2025-07-22T03:18:01,flip,SELL,116823.01,117230.34,116497.15,407.33,0.0,2025-07-22T03:31:03,117232.02,sl,-8.1802,-1.0041,2025-07
2025-07-22T04:37:01,flip,BUY,117303.4,116866.93,117652.58,436.47,0.0,2025-07-22T04:44:51,116866.4,sl,-8.74,-1.0012,2025-07
2025-07-22T04:54:01,flip,SELL,116745.07,116811.81,116691.68,66.74,0.0,2025-07-22T04:55:55,116813.33,sl,-1.3652,-1.0228,2025-07
2025-07-22T05:00:01,cont,SELL,116577.02,116816.96,116385.07,239.94,6.0,2025-07-22T05:01:09,116823.7,sl,-4.9336,-1.0281,2025-07
2025-07-22T05:20:01,flip,BUY,117327.68,117160.2,117461.66,167.48,0.0,2025-07-22T05:24:16,117158.06,sl,-3.3924,-1.0128,2025-07
2025-07-22T05:46:01,flip,SELL,117036.8,117357.27,116780.42,320.47,0.0,2025-07-22T05:57:32,117358.58,sl,-6.4356,-1.0041,2025-07
2025-07-22T06:20:01,flip,BUY,117633.1,117448.39,117780.87,184.71,0.0,2025-07-22T06:56:44,117780.87,tp,2.9554,0.8,2025-07
2025-07-22T06:59:01,cont,BUY,117845.63,117495.78,118125.51,349.85,39.0,2025-07-22T07:08:27,118125.51,tp,5.5976,0.8,2025-07
2025-07-23T03:44:01,flip,SELL,118834.4,118986.94,118712.37,152.54,0.0,2025-07-23T03:46:18,118712.37,tp,2.4406,0.8,2025-07
2025-07-23T09:52:01,flip,BUY,118193.92,118058.57,118302.2,135.35,0.0,2025-07-23T09:59:53,118058.27,sl,-2.713,-1.0022,2025-07
2025-07-23T10:11:01,flip,SELL,117900.75,118155.17,117697.21,254.42,0.0,2025-07-23T10:21:27,118183.94,sl,-5.6638,-1.1131,2025-07
2025-07-23T10:41:01,flip,BUY,118365.1,118194.35,118501.7,170.75,0.0,2025-07-23T11:14:58,118193.51,sl,-3.4318,-1.0049,2025-07
2025-07-23T11:23:01,cont,BUY,118545.89,118185.97,118833.83,359.92,42.0,2025-07-23T12:50:55,118184.1,sl,-7.2358,-1.0052,2025-07
2025-07-23T13:37:01,flip,SELL,117803.31,118247.96,117447.59,444.65,0.0,2025-07-23T13:50:03,117447.59,tp,7.1144,0.8,2025-07
2025-07-23T15:44:01,flip,BUY,118338.06,117873.63,118709.6,464.43,0.0,2025-07-23T15:56:08,118709.6,tp,7.4309,0.8,2025-07
2025-07-23T16:18:01,flip,SELL,117900.25,118124.03,117721.23,223.78,0.0,2025-07-23T16:22:30,117721.23,tp,3.5805,0.8,2025-07
2025-07-23T16:35:01,cont,SELL,117617.94,117947.14,117354.58,329.2,17.0,2025-07-23T16:53:17,117948.25,sl,-6.6062,-1.0034,2025-07
2025-07-23T17:09:01,cont,SELL,117581.5,117953.47,117283.92,371.97,51.0,2025-07-23T17:44:30,117953.75,sl,-7.445,-1.0008,2025-07
2025-07-23T18:05:01,flip,BUY,118278.05,118059.61,118452.8,218.44,0.0,2025-07-23T18:13:43,118047.79,sl,-4.6052,-1.0541,2025-07
2025-07-23T18:25:01,cont,BUY,118367.26,118037.41,118631.14,329.85,20.0,2025-07-23T20:27:18,118033.51,sl,-6.675,-1.0118,2025-07
2025-07-23T20:40:01,flip,SELL,117690.91,117906.65,117518.32,215.74,0.0,2025-07-23T20:44:42,117909.0,sl,-4.3618,-1.0109,2025-07
2025-07-23T20:55:01,flip,BUY,118100.13,117864.32,118288.78,235.81,0.0,2025-07-23T21:18:49,117863.79,sl,-4.7268,-1.0022,2025-07
2025-07-23T21:50:01,cont,BUY,118139.72,117408.67,118724.56,731.05,55.0,2025-07-23T23:04:28,118724.56,tp,11.6968,0.8,2025-07
2025-07-24T01:09:01,flip,SELL,118971.7,119167.49,118815.07,195.79,0.0,2025-07-24T01:49:07,119167.66,sl,-3.9192,-1.0009,2025-07
2025-07-24T01:50:01,flip,BUY,119158.14,119048.45,119245.89,109.69,0.0,2025-07-24T02:05:18,119047.06,sl,-2.2216,-1.0127,2025-07
2025-07-24T02:10:01,flip,SELL,119023.1,119128.9,118938.46,105.8,0.0,2025-07-24T02:21:15,118938.46,tp,1.6928,0.8,2025-07
2025-07-24T03:24:01,flip,BUY,119183.98,118978.99,119347.97,204.99,0.0,2025-07-24T03:29:51,119347.97,tp,3.2798,0.8,2025-07
2025-07-24T03:55:01,flip,SELL,118686.18,118793.82,118600.07,107.64,0.0,2025-07-24T03:56:37,118600.07,tp,1.7222,0.8,2025-07
2025-07-24T04:41:01,cont,SELL,118059.06,118650.21,117586.14,591.15,46.0,2025-07-24T05:27:30,117586.14,tp,9.4584,0.8,2025-07
2025-07-24T07:42:01,flip,BUY,118209.69,117960.11,118409.35,249.58,0.0,2025-07-24T07:56:17,118409.35,tp,3.9933,0.8,2025-07
2025-07-24T08:07:01,cont,BUY,118569.5,118303.4,118782.38,266.1,25.0,2025-07-24T08:12:04,118782.38,tp,4.2576,0.8,2025-07
2025-07-24T09:04:01,cont,BUY,118869.8,118549.24,119126.25,320.56,82.0,2025-07-24T09:18:51,118532.82,sl,-6.7396,-1.0512,2025-07
2025-07-24T09:38:01,flip,SELL,118470.57,118724.25,118267.63,253.68,0.0,2025-07-24T10:18:22,118267.63,tp,4.0589,0.8,2025-07
2025-07-24T10:31:01,cont,SELL,118108.19,118219.1,118019.46,110.91,53.0,2025-07-24T10:31:50,118019.46,tp,1.7746,0.8,2025-07
2025-07-24T11:12:01,flip,BUY,118513.12,118363.87,118632.52,149.25,0.0,2025-07-24T11:14:28,118632.52,tp,2.388,0.8,2025-07
2025-07-24T14:09:01,flip,SELL,118197.43,118539.63,117923.67,342.2,0.0,2025-07-24T14:12:39,117923.67,tp,5.4752,0.8,2025-07
2025-07-24T14:50:01,flip,BUY,118872.63,118528.01,119148.33,344.62,0.0,2025-07-24T14:58:40,119148.33,tp,5.5139,0.8,2025-07
2025-07-24T22:48:01,flip,SELL,118323.66,119463.01,117412.18,1139.35,0.0,2025-07-25T01:23:02,117412.18,tp,18.2296,0.8,2025-07
2025-07-25T04:49:01,flip,BUY,116061.45,115676.38,116369.51,385.07,0.0,2025-07-25T05:08:36,115672.71,sl,-7.7748,-1.0095,2025-07
2025-07-25T05:14:01,flip,SELL,115441.45,115760.45,115186.25,319.0,0.0,2025-07-25T05:19:04,115765.93,sl,-6.4896,-1.0172,2025-07
2025-07-25T06:28:01,cont,SELL,115264.77,115825.73,114816.0,560.96,74.0,2025-07-25T07:16:14,115825.77,sl,-11.22,-1.0001,2025-07
2025-07-25T10:35:01,flip,BUY,116424.64,116013.57,116753.5,411.07,0.0,2025-07-25T11:24:37,116753.5,tp,6.5771,0.8,2025-07
2025-07-25T12:12:01,flip,SELL,116407.15,116554.42,116289.33,147.27,0.0,2025-07-25T12:14:59,116556.96,sl,-2.9962,-1.0172,2025-07
2025-07-25T12:23:01,cont,SELL,116386.26,116628.09,116192.8,241.83,11.0,2025-07-25T12:32:12,116192.8,tp,3.8693,0.8,2025-07
2025-07-25T12:40:01,cont,SELL,115984.59,116255.55,115767.82,270.96,28.0,2025-07-25T12:42:02,116256.2,sl,-5.4322,-1.0024,2025-07
2025-07-25T13:32:01,cont,SELL,115955.94,116504.71,115516.92,548.77,80.0,2025-07-25T13:33:42,116507.19,sl,-11.025,-1.0045,2025-07
2025-07-25T13:41:01,cont,SELL,115841.35,116569.53,115258.81,728.18,89.0,2025-07-25T14:39:31,115258.81,tp,11.6509,0.8,2025-07
2025-07-25T15:26:01,flip,BUY,115598.57,115206.2,115912.47,392.37,0.0,2025-07-25T16:07:55,115912.47,tp,6.2779,0.8,2025-07
2025-07-25T16:48:01,cont,BUY,116016.29,115506.87,116423.83,509.42,82.0,2025-07-25T17:12:31,116423.83,tp,8.1507,0.8,2025-07
2025-07-26T00:10:01,flip,SELL,117445.62,117609.88,117314.21,164.26,0.0,2025-07-26T00:27:01,117613.57,sl,-3.359,-1.0225,2025-07
2025-07-26T01:40:01,cont,SELL,117345.96,117657.76,117096.52,311.8,90.0,2025-07-26T02:31:05,117671.24,sl,-6.5056,-1.0432,2025-07
2025-07-26T10:29:01,flip,BUY,117823.18,117350.69,118201.17,472.49,0.0,2025-07-26T10:42:45,118201.17,tp,7.5598,0.8,2025-07
2025-07-27T00:06:01,flip,SELL,117912.96,117995.03,117847.3,82.07,0.0,2025-07-27T00:18:43,117995.91,sl,-1.659,-1.0107,2025-07
2025-07-27T01:08:01,flip,BUY,118057.81,117860.58,118215.59,197.23,0.0,2025-07-27T01:32:44,118215.59,tp,3.1557,0.8,2025-07
2025-07-27T02:17:01,cont,BUY,118312.17,118058.44,118515.15,253.73,69.0,2025-07-27T08:08:01,118053.72,sl,-5.169,-1.0186,2025-07
2025-07-27T08:24:01,cont,SELL,118075.87,118182.38,117990.66,106.51,16.0,2025-07-27T09:01:07,117990.66,tp,1.7042,0.8,2025-07
2025-07-27T09:29:01,cont,SELL,117916.83,118049.42,117810.76,132.59,81.0,2025-07-27T10:00:27,118052.68,sl,-2.717,-1.0246,2025-07
2025-07-27T10:16:01,flip,BUY,118233.37,118126.5,118318.87,106.87,0.0,2025-07-27T10:49:55,118318.87,tp,1.7099,0.8,2025-07
2025-07-27T10:50:01,cont,BUY,118320.81,118217.79,118403.23,103.02,34.0,2025-07-27T10:57:52,118215.06,sl,-2.115,-1.0265,2025-07
2025-07-27T11:47:01,flip,SELL,118162.06,118218.87,118116.61,56.81,0.0,2025-07-27T11:48:04,118116.61,tp,0.909,0.8,2025-07
2025-07-27T12:08:01,cont,SELL,118092.27,118178.43,118023.34,86.16,21.0,2025-07-27T12:28:58,118023.34,tp,1.3786,0.8,2025-07
2025-07-27T12:29:01,cont,SELL,118022.29,118139.52,117928.51,117.23,42.0,2025-07-27T12:41:16,117928.51,tp,1.8757,0.8,2025-07
2025-07-27T13:12:01,flip,BUY,118241.66,118133.84,118327.92,107.82,0.0,2025-07-27T13:33:49,118132.72,sl,-2.1788,-1.0104,2025-07
2025-07-27T13:34:01,flip,SELL,118164.76,118257.84,118090.3,93.08,0.0,2025-07-27T13:50:54,118259.14,sl,-1.8876,-1.014,2025-07
2025-07-27T14:09:01,flip,BUY,118344.94,118207.49,118454.9,137.45,0.0,2025-07-27T14:18:50,118454.9,tp,2.1992,0.8,2025-07
2025-07-27T14:56:01,cont,BUY,118529.17,118243.93,118757.36,285.24,47.0,2025-07-27T16:00:10,118757.36,tp,4.5638,0.8,2025-07
2025-07-27T17:18:01,flip,SELL,118981.79,119202.31,118805.37,220.52,0.0,2025-07-27T17:29:03,119207.33,sl,-4.5108,-1.0228,2025-07
2025-07-27T18:04:01,flip,BUY,119352.01,119008.38,119626.91,343.63,0.0,2025-07-27T18:47:15,119007.86,sl,-6.883,-1.0015,2025-07
2025-07-27T19:05:01,flip,SELL,118937.84,119091.57,118814.86,153.73,0.0,2025-07-27T19:33:00,119094.31,sl,-3.1294,-1.0178,2025-07
2025-07-27T20:03:01,flip,BUY,119141.49,118940.38,119302.38,201.11,0.0,2025-07-27T20:30:55,118934.43,sl,-4.1412,-1.0296,2025-07
2025-07-27T20:54:01,flip,SELL,118834.29,118961.65,118732.4,127.36,0.0,2025-07-27T21:29:06,118962.34,sl,-2.561,-1.0054,2025-07
2025-07-27T21:43:01,flip,BUY,119117.03,118977.36,119228.77,139.67,0.0,2025-07-27T21:49:45,119228.77,tp,2.2347,0.8,2025-07
2025-07-27T22:01:01,cont,BUY,119513.46,119219.72,119748.45,293.74,18.0,2025-07-27T22:09:10,119748.45,tp,4.6998,0.8,2025-07
2025-07-27T22:45:01,cont,BUY,119822.13,119597.56,120001.79,224.57,62.0,2025-07-27T22:52:00,119595.66,sl,-4.5294,-1.0085,2025-07
2025-07-27T23:11:01,flip,SELL,119392.02,119575.27,119245.42,183.25,0.0,2025-07-27T23:13:51,119245.42,tp,2.932,0.8,2025-07
2025-07-28T00:48:01,cont,SELL,119235.98,119734.67,118837.03,498.69,97.0,2025-07-28T02:32:08,119734.77,sl,-9.9758,-1.0002,2025-07
2025-07-28T03:43:01,flip,SELL,119253.82,119391.09,119144.0,137.27,0.0,2025-07-28T04:00:44,119392.22,sl,-2.768,-1.0082,2025-07
2025-07-28T04:16:01,cont,SELL,119234.01,119408.38,119094.51,174.37,33.0,2025-07-28T05:16:41,119408.81,sl,-3.496,-1.0025,2025-07
2025-07-28T05:17:01,flip,BUY,119429.33,119169.45,119637.23,259.88,0.0,2025-07-28T05:52:50,119637.23,tp,4.1581,0.8,2025-07
2025-07-28T07:35:01,flip,SELL,118862.47,119160.96,118623.68,298.49,0.0,2025-07-28T08:57:20,119166.31,sl,-6.0768,-1.0179,2025-07
2025-07-28T11:47:01,flip,BUY,118823.52,118713.2,118911.78,110.32,0.0,2025-07-28T12:05:49,118911.78,tp,1.7651,0.8,2025-07
2025-07-28T12:06:01,cont,BUY,118911.61,118794.91,119004.97,116.7,19.0,2025-07-28T12:10:45,119004.97,tp,1.8672,0.8,2025-07
2025-07-28T12:22:01,cont,BUY,119099.12,118927.18,119236.67,171.94,35.0,2025-07-28T12:27:13,118919.58,sl,-3.5908,-1.0442,2025-07
2025-07-28T12:36:01,flip,SELL,118908.18,119000.92,118833.99,92.74,0.0,2025-07-28T12:37:35,119002.18,sl,-1.88,-1.0136,2025-07
2025-07-28T12:49:01,flip,BUY,119040.06,118947.69,119113.96,92.37,0.0,2025-07-28T12:51:37,118946.82,sl,-1.8648,-1.0094,2025-07
2025-07-28T13:13:01,flip,SELL,118749.36,118893.46,118634.08,144.1,0.0,2025-07-28T13:22:40,118634.08,tp,2.3056,0.8,2025-07
2025-07-28T13:33:01,cont,SELL,118410.29,118722.87,118160.23,312.58,20.0,2025-07-28T13:38:59,118726.55,sl,-6.3252,-1.0118,2025-07
2025-07-28T14:18:01,cont,SELL,118275.64,119138.97,117584.98,863.33,65.0,2025-07-28T18:05:17,117584.98,tp,13.8133,0.8,2025-07
2025-07-28T18:20:01,cont,SELL,117502.69,117807.35,117258.96,304.66,22.0,2025-07-28T18:50:50,117807.75,sl,-6.1012,-1.0013,2025-07
2025-07-28T19:04:04,flip,BUY,118066.68,117744.16,118324.7,322.52,0.0,2025-07-28T19:44:29,117736.62,sl,-6.6012,-1.0234,2025-07
2025-07-28T20:28:01,flip,SELL,117565.77,118126.12,117117.49,560.35,0.0,2025-07-28T20:55:58,118127.31,sl,-11.2308,-1.0021,2025-07
2025-07-28T21:33:01,flip,BUY,118239.02,117990.36,118437.95,248.66,0.0,2025-07-28T22:40:57,117986.17,sl,-5.057,-1.0169,2025-07
2025-07-29T02:19:01,flip,SELL,117492.87,118318.37,116832.47,825.5,0.0,2025-07-29T03:05:27,118319.7,sl,-16.5366,-1.0016,2025-07
2025-07-29T03:43:01,flip,BUY,118552.57,118310.22,118746.45,242.35,0.0,2025-07-29T03:47:59,118746.45,tp,3.8776,0.8,2025-07
2025-07-29T03:54:01,cont,BUY,118835.95,118653.86,118981.62,182.09,11.0,2025-07-29T04:16:38,118647.72,sl,-3.7646,-1.0337,2025-07
2025-07-29T04:50:01,flip,SELL,118561.42,118659.01,118483.35,97.59,0.0,2025-07-29T05:01:24,118660.8,sl,-1.9876,-1.0183,2025-07
2025-07-29T05:46:01,flip,BUY,118883.97,118635.76,119082.54,248.21,0.0,2025-07-29T06:20:24,119082.54,tp,3.9714,0.8,2025-07
2025-07-29T07:46:01,cont,BUY,119232.29,118824.94,119558.17,407.35,120.0,2025-07-29T08:29:25,118823.11,sl,-8.1836,-1.0045,2025-07
2025-07-29T09:58:01,flip,SELL,118801.51,118997.2,118644.96,195.69,0.0,2025-07-29T10:09:52,118644.96,tp,3.131,0.8,2025-07
2025-07-29T10:24:01,cont,SELL,118593.7,118744.21,118473.29,150.51,26.0,2025-07-29T10:31:10,118744.27,sl,-3.0114,-1.0004,2025-07
2025-07-29T10:41:01,cont,SELL,118585.16,118808.5,118406.49,223.34,43.0,2025-07-29T10:48:44,118406.49,tp,3.5734,0.8,2025-07
2025-07-29T10:59:01,cont,SELL,118346.96,118555.77,118179.91,208.81,61.0,2025-07-29T11:27:45,118557.04,sl,-4.2016,-1.0061,2025-07
2025-07-29T12:23:01,flip,BUY,118748.41,118479.07,118963.88,269.34,0.0,2025-07-29T12:26:55,118963.88,tp,4.3094,0.8,2025-07
2025-07-29T14:52:01,flip,SELL,117867.46,118393.22,117446.85,525.76,0.0,2025-07-29T15:41:39,117446.85,tp,8.4122,0.8,2025-07
2025-07-29T15:43:01,cont,SELL,117243.24,117534.86,117009.94,291.62,51.0,2025-07-29T15:47:30,117535.83,sl,-5.8518,-1.0033,2025-07
2025-07-29T16:34:01,cont,SELL,117203.17,117629.14,116862.39,425.97,102.0,2025-07-29T16:46:58,117630.8,sl,-8.5526,-1.0039,2025-07
2025-07-29T17:04:01,flip,BUY,117840.26,117583.82,118045.41,256.44,0.0,2025-07-29T17:30:41,118045.41,tp,4.103,0.8,2025-07
2025-07-29T17:32:01,cont,BUY,118074.39,117887.09,118224.23,187.3,28.0,2025-07-29T17:36:14,117873.97,sl,-4.0084,-1.07,2025-07
2025-07-29T18:08:01,flip,SELL,117681.22,117905.34,117501.92,224.12,0.0,2025-07-29T19:15:51,117928.05,sl,-4.9366,-1.1013,2025-07
2025-07-29T19:16:01,cont,BUY,118007.64,117547.38,118375.85,460.26,37.0,2025-07-29T19:25:07,117543.74,sl,-9.278,-1.0079,2025-07
2025-07-29T20:07:01,flip,SELL,117335.23,117709.2,117036.05,373.97,0.0,2025-07-29T20:19:39,117730.78,sl,-7.911,-1.0577,2025-07
2025-07-29T20:40:01,cont,SELL,117126.28,117828.58,116564.44,702.3,33.0,2025-07-29T22:41:27,117831.58,sl,-14.106,-1.0043,2025-07
2025-07-29T23:10:01,flip,BUY,117953.03,117864.11,118024.17,88.92,0.0,2025-07-29T23:38:27,118024.17,tp,1.4227,0.8,2025-07
2025-07-30T00:31:01,flip,SELL,117778.0,118055.73,117555.82,277.73,0.0,2025-07-30T01:18:51,117555.82,tp,4.4437,0.8,2025-07
2025-07-30T01:19:01,cont,SELL,117518.82,117854.62,117250.18,335.8,48.0,2025-07-30T01:35:55,117858.08,sl,-6.7852,-1.0103,2025-07
2025-07-30T01:46:01,flip,BUY,117964.28,117895.73,118019.12,68.55,0.0,2025-07-30T01:46:53,118019.12,tp,1.0968,0.8,2025-07
2025-07-30T02:12:01,cont,BUY,118101.27,117835.82,118313.63,265.45,26.0,2025-07-30T04:07:02,118313.63,tp,4.2472,0.8,2025-07
2025-07-30T04:49:01,flip,SELL,118022.5,118103.41,117957.77,80.91,0.0,2025-07-30T04:56:11,118106.98,sl,-1.6896,-1.0441,2025-07
2025-07-30T05:09:01,cont,SELL,117991.95,118140.79,117872.88,148.84,20.0,2025-07-30T05:12:37,117872.88,tp,2.3814,0.8,2025-07
2025-07-30T06:16:01,flip,BUY,118164.92,118089.95,118224.9,74.97,0.0,2025-07-30T06:19:04,118224.9,tp,1.1995,0.8,2025-07
2025-07-30T06:40:01,cont,BUY,118265.47,118141.23,118364.86,124.24,24.0,2025-07-30T06:50:43,118364.86,tp,1.9878,0.8,2025-07
2025-07-30T07:06:01,cont,BUY,118457.13,118306.4,118577.71,150.73,50.0,2025-07-30T07:10:18,118304.15,sl,-3.0596,-1.0149,2025-07
2025-07-30T07:41:01,flip,SELL,118225.52,118403.56,118083.09,178.04,0.0,2025-07-30T08:13:41,118083.09,tp,2.8486,0.8,2025-07
2025-07-30T12:42:01,flip,BUY,117944.6,117632.04,118194.65,312.56,0.0,2025-07-30T12:44:35,117629.17,sl,-6.3086,-1.0092,2025-07
2025-07-30T13:24:01,flip,SELL,117545.98,117926.06,117241.92,380.08,0.0,2025-07-30T14:09:13,117927.98,sl,-7.64,-1.0051,2025-07
2025-07-30T14:20:01,cont,BUY,117941.15,117698.96,118134.9,242.19,11.0,2025-07-30T14:40:01,118134.9,tp,3.875,0.8,2025-07
2025-07-30T14:51:01,cont,BUY,118356.69,118074.26,118582.63,282.43,42.0,2025-07-30T14:52:00,118582.63,tp,4.5189,0.8,2025-07
2025-07-30T17:50:01,flip,SELL,117696.95,118069.27,117399.09,372.32,0.0,2025-07-30T18:00:41,118072.03,sl,-7.5016,-1.0074,2025-07
2025-07-30T18:02:01,cont,SELL,117643.04,118088.85,117286.39,445.81,12.0,2025-07-30T18:46:44,117286.39,tp,7.133,0.8,2025-07
2025-07-31T00:17:01,flip,BUY,118008.45,117842.61,118141.12,165.84,0.0,2025-07-31T00:32:07,118141.12,tp,2.6534,0.8,2025-07
2025-07-31T08:33:01,flip,SELL,118628.0,118709.35,118562.92,81.35,0.0,2025-07-31T08:37:22,118709.44,sl,-1.6288,-1.0011,2025-07
2025-07-31T09:01:01,cont,SELL,118616.92,118811.43,118461.31,194.51,28.0,2025-07-31T10:32:54,118461.31,tp,3.1122,0.8,2025-07
2025-07-31T10:33:01,flip,SELL,118456.44,118560.12,118373.5,103.68,0.0,2025-07-31T10:35:24,118560.15,sl,-2.0742,-1.0003,2025-07
2025-07-31T11:28:01,cont,SELL,118436.48,118653.36,118262.98,216.88,55.0,2025-07-31T12:57:41,118656.58,sl,-4.402,-1.0148,2025-07
2025-07-31T13:28:01,flip,SELL,118117.74,118375.54,117911.5,257.8,0.0,2025-07-31T13:34:42,117911.5,tp,4.1248,0.8,2025-07
2025-07-31T13:53:01,flip,BUY,118578.6,118258.9,118834.36,319.7,0.0,2025-07-31T14:17:00,118258.32,sl,-6.4056,-1.0018,2025-07
2025-07-31T14:23:01,flip,SELL,118083.68,118356.6,117865.34,272.92,0.0,2025-07-31T15:44:02,118358.84,sl,-5.5032,-1.0082,2025-07
2025-07-31T16:14:01,flip,BUY,118406.93,118245.7,118535.91,161.23,0.0,2025-07-31T16:28:45,118535.91,tp,2.5797,0.8,2025-07
2025-07-31T16:29:01,cont,BUY,118569.17,118389.97,118712.53,179.2,15.0,2025-07-31T16:31:55,118712.53,tp,2.8672,0.8,2025-07
2025-07-31T17:16:01,flip,SELL,118215.29,118360.68,118098.98,145.39,0.0,2025-07-31T17:17:13,118364.77,sl,-2.9896,-1.0281,2025-07
2025-07-31T17:19:01,cont,SELL,118178.68,118402.28,117999.8,223.6,3.0,2025-07-31T17:21:59,117999.8,tp,3.5776,0.8,2025-07
2025-07-31T17:26:01,cont,SELL,117817.09,118048.6,117631.88,231.51,10.0,2025-07-31T17:36:40,118052.23,sl,-4.7028,-1.0157,2025-07
2025-07-31T17:53:01,cont,SELL,117779.48,118186.12,117454.17,406.64,37.0,2025-07-31T18:10:48,117454.17,tp,6.5062,0.8,2025-07
2025-07-31T19:13:01,cont,SELL,117311.79,117988.66,116770.29,676.87,117.0,2025-07-31T20:05:38,116770.29,tp,10.8299,0.8,2025-07
2025-07-31T23:13:02,flip,BUY,116397.37,116264.78,116503.44,132.59,0.0,2025-07-31T23:20:02,116263.84,sl,-2.6706,-1.0071,2025-07
2025-07-31T23:55:01,flip,SELL,115673.07,115978.18,115428.98,305.11,0.0,2025-08-01T00:13:56,115428.98,tp,4.8818,0.8,2025-07
2025-08-01T00:47:01,cont,SELL,115406.13,116043.46,114896.27,637.33,52.0,2025-08-01T00:51:20,114896.27,tp,10.1973,0.8,2025-08
2025-08-01T03:23:01,flip,BUY,116171.47,115927.86,116366.36,243.61,0.0,2025-08-01T03:48:22,115925.42,sl,-4.921,-1.01,2025-08
2025-08-01T04:02:01,flip,SELL,115727.09,115795.94,115672.01,68.85,0.0,2025-08-01T04:02:23,115672.01,tp,1.1016,0.8,2025-08
2025-08-01T05:02:01,flip,BUY,115887.94,115763.9,115987.17,124.04,0.0,2025-08-01T05:07:29,115987.17,tp,1.9846,0.8,2025-08
2025-08-01T05:08:01,cont,BUY,115999.58,115916.17,116066.31,83.41,6.0,2025-08-01T05:13:45,115912.46,sl,-1.7424,-1.0445,2025-08
2025-08-01T05:18:01,flip,SELL,115746.11,115982.03,115557.37,235.92,0.0,2025-08-01T05:45:47,115557.37,tp,3.7747,0.8,2025-08
2025-08-01T05:46:01,cont,SELL,115568.0,115896.51,115305.19,328.51,28.0,2025-08-01T06:30:44,115305.19,tp,5.2562,0.8,2025-08
2025-08-01T06:44:01,cont,SELL,115221.21,115452.69,115036.03,231.48,86.0,2025-08-01T07:13:20,115036.03,tp,3.7037,0.8,2025-08
2025-08-01T09:19:01,flip,BUY,115218.14,114941.51,115439.44,276.63,0.0,2025-08-01T10:01:23,114938.94,sl,-5.584,-1.0093,2025-08
2025-08-01T10:19:01,flip,BUY,115240.69,115170.34,115296.97,70.35,0.0,2025-08-01T10:23:38,115164.2,sl,-1.5298,-1.0873,2025-08
2025-08-01T10:37:01,flip,SELL,114995.65,115105.52,114907.75,109.87,0.0,2025-08-01T10:37:25,114907.75,tp,1.7579,0.8,2025-08
2025-08-01T10:49:01,cont,SELL,114925.93,115087.6,114796.59,161.67,12.0,2025-08-01T10:53:55,114796.59,tp,2.5867,0.8,2025-08
2025-08-01T11:03:02,cont,SELL,114698.14,114846.13,114579.75,147.99,26.0,2025-08-01T11:11:43,114847.31,sl,-2.9834,-1.008,2025-08
2025-08-01T11:28:01,flip,BUY,115095.72,114835.43,115303.95,260.29,0.0,2025-08-01T11:47:51,115303.95,tp,4.1646,0.8,2025-08
2025-08-01T11:48:01,cont,BUY,115319.58,115208.81,115408.2,110.77,20.0,2025-08-01T12:02:46,115408.2,tp,1.7723,0.8,2025-08
2025-08-01T12:03:01,cont,BUY,115422.69,115244.1,115565.56,178.59,35.0,2025-08-01T12:07:00,115565.56,tp,2.8574,0.8,2025-08
2025-08-01T12:31:01,cont,BUY,115661.9,115318.5,115936.62,343.4,63.0,2025-08-01T12:33:40,115936.62,tp,5.4944,0.8,2025-08
2025-08-01T12:45:01,cont,BUY,115941.51,115609.74,116206.93,331.77,77.0,2025-08-01T13:30:57,115609.33,sl,-6.6436,-1.0012,2025-08
2025-08-01T13:31:01,flip,SELL,115670.69,115861.48,115518.06,190.79,0.0,2025-08-01T13:31:34,115518.06,tp,3.0526,0.8,2025-08
2025-08-01T13:40:01,cont,SELL,115358.88,115741.98,115052.4,383.1,9.0,2025-08-01T13:45:04,115052.4,tp,6.1296,0.8,2025-08
2025-08-01T14:03:01,cont,SELL,114204.53,114640.11,113856.07,435.58,32.0,2025-08-01T14:06:48,114646.26,sl,-8.8346,-1.0141,2025-08
2025-08-01T14:21:01,flip,BUY,115480.66,114937.73,115915.0,542.93,0.0,2025-08-01T15:17:44,114927.65,sl,-11.0602,-1.0186,2025-08
2025-08-01T16:07:01,flip,BUY,115656.05,115351.66,115899.56,304.39,0.0,2025-08-01T16:38:12,115350.66,sl,-6.1078,-1.0033,2025-08
2025-08-01T16:39:01,flip,SELL,115306.0,115560.47,115102.42,254.47,0.0,2025-08-01T16:40:46,115102.42,tp,4.0715,0.8,2025-08
2025-08-01T16:56:01,cont,SELL,115033.74,115599.02,114581.52,565.28,17.0,2025-08-01T17:05:19,114581.52,tp,9.0445,0.8,2025-08
2025-08-01T17:38:01,cont,SELL,114481.83,115130.45,113962.93,648.62,59.0,2025-08-01T18:16:43,113962.93,tp,10.3779,0.8,2025-08
2025-08-01T18:20:01,cont,SELL,113808.93,114272.21,113438.31,463.28,101.0,2025-08-01T18:27:38,114276.75,sl,-9.3564,-1.0098,2025-08
2025-08-01T20:56:01,flip,BUY,113791.6,113377.4,114122.96,414.2,0.0,2025-08-01T22:23:30,113376.19,sl,-8.3082,-1.0029,2025-08
2025-08-01T22:24:01,flip,SELL,113327.74,113762.84,112979.66,435.1,0.0,2025-08-01T22:42:06,112979.66,tp,6.9616,0.8,2025-08
2025-08-02T01:02:01,flip,BUY,113823.77,113717.75,113908.59,106.02,0.0,2025-08-02T01:07:49,113714.66,sl,-2.1822,-1.0291,2025-08
2025-08-02T01:20:01,flip,SELL,113619.17,113835.48,113446.12,216.31,0.0,2025-08-02T01:32:44,113446.12,tp,3.461,0.8,2025-08
2025-08-02T01:33:01,cont,SELL,113418.9,113589.5,113282.42,170.6,13.0,2025-08-02T01:34:43,113598.15,sl,-3.585,-1.0507,2025-08
2025-08-02T02:00:01,flip,BUY,113647.97,113471.98,113788.76,175.99,0.0,2025-08-02T03:05:41,113788.76,tp,2.8158,0.8,2025-08
2025-08-02T03:59:01,cont,BUY,113937.81,113758.06,114081.61,179.75,119.0,2025-08-02T06:16:48,113750.76,sl,-3.741,-1.0406,2025-08
2025-08-02T06:40:01,flip,SELL,113503.26,113663.26,113375.26,160.0,0.0,2025-08-02T06:46:39,113663.76,sl,-3.21,-1.0031,2025-08
2025-08-02T07:21:01,flip,BUY,113798.1,113571.55,113979.34,226.55,0.0,2025-08-02T07:44:02,113979.34,tp,3.6248,0.8,2025-08
2025-08-02T07:49:01,cont,BUY,114014.4,113905.9,114101.2,108.5,28.0,2025-08-02T08:27:20,113901.09,sl,-2.2662,-1.0443,2025-08
2025-08-02T09:31:01,flip,SELL,113682.58,113864.24,113537.25,181.66,0.0,2025-08-02T10:19:04,113537.25,tp,2.9066,0.8,2025-08
2025-08-02T10:41:01,cont,SELL,113472.43,113694.93,113294.43,222.5,70.0,2025-08-02T11:24:00,113699.93,sl,-4.55,-1.0225,2025-08
2025-08-02T16:41:01,flip,BUY,113079.85,112871.85,113246.25,208.0,0.0,2025-08-02T16:46:44,113246.25,tp,3.328,0.8,2025-08
2025-08-02T17:05:01,cont,BUY,113339.08,112987.2,113620.58,351.88,24.0,2025-08-02T17:52:28,112971.04,sl,-7.3608,-1.0459,2025-08
2025-08-02T18:28:01,cont,SELL,112379.14,112743.09,112087.98,363.95,50.0,2025-08-02T18:56:53,112087.98,tp,5.8232,0.8,2025-08
2025-08-02T19:14:01,cont,SELL,112009.01,112408.47,111689.44,399.46,96.0,2025-08-02T19:19:12,112411.04,sl,-8.0406,-1.0064,2025-08
2025-08-02T19:27:01,flip,BUY,112636.54,112435.1,112797.69,201.44,0.0,2025-08-02T19:31:11,112797.69,tp,3.223,0.8,2025-08
2025-08-02T19:34:01,cont,BUY,112913.22,112741.12,113050.9,172.1,7.0,2025-08-02T19:36:10,112740.71,sl,-3.4502,-1.0024,2025-08
2025-08-02T19:48:01,flip,SELL,112532.93,112778.8,112336.23,245.87,0.0,2025-08-02T19:54:46,112336.23,tp,3.9339,0.8,2025-08
2025-08-02T19:56:01,cont,SELL,112321.49,112467.74,112204.49,146.25,8.0,2025-08-02T20:03:04,112204.49,tp,2.34,0.8,2025-08
2025-08-02T21:47:01,flip,BUY,113004.81,112575.4,113348.34,429.41,0.0,2025-08-02T22:21:04,112574.73,sl,-8.6016,-1.0016,2025-08
2025-08-02T23:21:01,flip,SELL,112408.88,112978.11,111953.5,569.23,0.0,2025-08-03T00:37:55,111953.5,tp,9.1077,0.8,2025-08
2025-08-03T01:02:01,flip,BUY,113038.95,112899.95,113150.15,139.0,0.0,2025-08-03T01:03:24,112897.55,sl,-2.828,-1.0173,2025-08
2025-08-03T01:09:01,cont,BUY,113116.98,112821.89,113353.05,295.09,7.0,2025-08-03T02:04:41,113353.05,tp,4.7214,0.8,2025-08
2025-08-03T02:34:01,cont,BUY,113458.35,113293.42,113590.29,164.93,92.0,2025-08-03T03:21:59,113590.29,tp,2.6389,0.8,2025-08
2025-08-03T04:13:01,flip,SELL,113499.86,113603.95,113416.59,104.09,0.0,2025-08-03T04:32:49,113416.59,tp,1.6654,0.8,2025-08
2025-08-03T04:33:01,cont,SELL,113413.52,113574.34,113284.86,160.82,20.0,2025-08-03T05:21:42,113574.35,sl,-3.2166,-1.0001,2025-08
2025-08-03T05:35:01,cont,BUY,113704.57,113600.53,113787.8,104.04,28.0,2025-08-03T05:39:57,113599.78,sl,-2.0958,-1.0072,2025-08
2025-08-03T06:38:01,flip,SELL,113543.08,113686.1,113428.66,143.02,0.0,2025-08-03T07:02:57,113688.6,sl,-2.9104,-1.0175,2025-08
2025-08-03T07:26:01,flip,BUY,113763.32,113661.22,113845.0,102.1,0.0,2025-08-03T08:09:22,113845.0,tp,1.6336,0.8,2025-08
2025-08-03T14:26:01,flip,SELL,113720.36,114197.03,113339.02,476.67,0.0,2025-08-03T17:09:00,114202.63,sl,-9.6454,-1.0117,2025-08
2025-08-03T18:26:01,flip,BUY,114322.81,114022.41,114563.13,300.4,0.0,2025-08-03T18:27:52,114563.13,tp,4.8064,0.8,2025-08
2025-08-03T19:21:01,cont,BUY,114637.42,114249.46,114947.79,387.96,55.0,2025-08-03T20:30:38,114249.46,sl,-7.7592,-1.0,2025-08
2025-08-04T01:23:01,flip,SELL,114728.72,114952.09,114550.02,223.37,0.0,2025-08-04T01:25:29,114955.5,sl,-4.5356,-1.0153,2025-08
2025-08-04T02:08:01,cont,SELL,114685.01,115070.21,114376.85,385.2,45.0,2025-08-04T05:07:07,114376.85,tp,6.1632,0.8,2025-08
2025-08-04T05:53:01,flip,BUY,114405.97,114231.31,114545.7,174.66,0.0,2025-08-04T06:23:53,114224.15,sl,-3.6364,-1.041,2025-08
2025-08-04T06:43:01,cont,BUY,114514.1,114179.96,114781.41,334.14,50.0,2025-08-04T07:44:50,114781.41,tp,5.3462,0.8,2025-08
2025-08-04T09:58:01,flip,SELL,114379.02,114848.62,114003.34,469.6,0.0,2025-08-04T13:44:47,114853.28,sl,-9.4852,-1.0099,2025-08
2025-08-04T13:45:01,flip,BUY,114841.51,114516.27,115101.7,325.24,0.0,2025-08-04T14:02:49,115101.7,tp,5.2038,0.8,2025-08
2025-08-04T14:30:01,cont,BUY,115565.27,115295.29,115781.25,269.98,45.0,2025-08-04T14:38:30,115293.43,sl,-5.4368,-1.0069,2025-08
2025-08-04T14:53:01,flip,SELL,114849.37,115260.97,114520.09,411.6,0.0,2025-08-04T16:07:54,115262.67,sl,-8.266,-1.0041,2025-08
2025-08-04T16:47:01,flip,BUY,115368.46,114971.44,115686.08,397.02,0.0,2025-08-04T17:06:57,115686.08,tp,6.3523,0.8,2025-08
2025-08-04T18:46:01,flip,SELL,115110.79,115395.6,114882.94,284.81,0.0,2025-08-04T19:33:18,114882.94,tp,4.557,0.8,2025-08
2025-08-04T19:47:01,cont,SELL,114807.37,114927.73,114711.08,120.36,61.0,2025-08-04T20:00:57,114711.08,tp,1.9258,0.8,2025-08
2025-08-04T20:13:01,cont,SELL,114677.61,114889.72,114507.92,212.11,87.0,2025-08-04T20:32:15,114896.57,sl,-4.3792,-1.0323,2025-08
2025-08-04T20:41:01,flip,BUY,115102.07,114978.84,115200.65,123.23,0.0,2025-08-04T20:45:41,114977.67,sl,-2.488,-1.0095,2025-08
2025-08-04T20:59:01,flip,SELL,114894.4,115019.65,114794.2,125.25,0.0,2025-08-04T21:11:22,115021.13,sl,-2.5346,-1.0118,2025-08
2025-08-04T21:37:01,flip,BUY,115200.63,114974.94,115381.18,225.69,0.0,2025-08-04T22:52:59,115381.18,tp,3.611,0.8,2025-08
2025-08-04T22:53:01,cont,BUY,115412.5,115156.95,115616.94,255.55,76.0,2025-08-04T23:49:14,115125.57,sl,-5.7386,-1.1228,2025-08
2025-08-05T00:17:01,flip,SELL,114982.23,115145.99,114851.22,163.76,0.0,2025-08-05T00:36:54,115147.98,sl,-3.315,-1.0122,2025-08
2025-08-05T00:54:01,cont,SELL,114898.96,115171.87,114680.63,272.91,37.0,2025-08-05T02:28:32,114680.63,tp,4.3666,0.8,2025-08
2025-08-05T04:56:01,flip,BUY,114401.83,114298.62,114484.4,103.21,0.0,2025-08-05T05:04:16,114484.4,tp,1.6514,0.8,2025-08
2025-08-05T06:17:01,cont,BUY,114535.58,114247.6,114765.96,287.98,81.0,2025-08-05T06:50:08,114244.59,sl,-5.8198,-1.0105,2025-08
2025-08-05T07:36:01,flip,SELL,114093.34,114404.59,113844.34,311.25,0.0,2025-08-05T07:37:57,113844.34,tp,4.98,0.8,2025-08
2025-08-05T09:21:01,flip,BUY,114557.44,114233.5,114816.59,323.94,0.0,2025-08-05T09:45:22,114816.59,tp,5.183,0.8,2025-08
2025-08-05T10:26:01,cont,BUY,114849.85,114586.59,115060.46,263.26,65.0,2025-08-05T10:26:24,115060.46,tp,4.2122,0.8,2025-08
2025-08-05T12:37:01,flip,SELL,114342.4,114519.38,114200.82,176.98,0.0,2025-08-05T12:38:20,114200.82,tp,2.8317,0.8,2025-08
2025-08-05T14:22:01,cont,SELL,113363.45,114607.65,112368.09,1244.2,105.0,2025-08-06T14:55:21,114613.04,sl,-24.9918,-1.0043,2025-08
2025-08-06T14:56:01,flip,BUY,114805.77,113908.8,115523.35,896.97,0.0,2025-08-06T15:57:13,115523.35,tp,14.3515,0.8,2025-08
2025-08-06T16:43:01,flip,SELL,115127.97,115309.0,114983.15,181.03,0.0,2025-08-06T17:15:58,115309.57,sl,-3.632,-1.0031,2025-08
2025-08-06T17:30:01,flip,BUY,115453.96,115283.9,115590.01,170.06,0.0,2025-08-06T17:48:26,115590.01,tp,2.721,0.8,2025-08
2025-08-06T18:09:01,cont,BUY,115798.24,115655.25,115912.63,142.99,39.0,2025-08-06T18:21:48,115653.3,sl,-2.8988,-1.0136,2025-08
2025-08-06T18:30:01,flip,SELL,115538.85,115622.92,115471.59,84.07,0.0,2025-08-06T18:32:26,115623.1,sl,-1.685,-1.0021,2025-08
2025-08-06T18:40:01,cont,SELL,115545.43,115694.85,115425.89,149.42,10.0,2025-08-06T19:34:48,115425.89,tp,2.3907,0.8,2025-08
2025-08-06T19:35:01,flip,SELL,115402.58,115620.85,115227.96,218.27,0.0,2025-08-06T20:33:42,115227.96,tp,3.4923,0.8,2025-08
2025-08-07T06:48:01,flip,BUY,114849.59,114612.49,115039.27,237.1,0.0,2025-08-07T08:02:39,115039.27,tp,3.7936,0.8,2025-08
2025-08-07T08:03:01,cont,BUY,115087.22,114833.98,115289.81,253.24,75.0,2025-08-07T08:26:51,115289.81,tp,4.0518,0.8,2025-08
2025-08-07T12:45:01,flip,SELL,116305.53,116492.53,116155.93,187.0,0.0,2025-08-07T12:49:03,116155.93,tp,2.992,0.8,2025-08
2025-08-07T15:45:01,flip,BUY,116816.58,116231.0,117285.04,585.58,0.0,2025-08-07T16:44:24,116230.0,sl,-11.7316,-1.0017,2025-08
2025-08-07T22:48:01,flip,BUY,117655.17,117075.01,118119.3,580.16,0.0,2025-08-08T00:19:29,117074.19,sl,-11.6196,-1.0014,2025-08
2025-08-08T01:20:01,flip,SELL,116889.74,117686.42,116252.4,796.68,0.0,2025-08-08T15:07:57,116252.4,tp,12.7469,0.8,2025-08
2025-08-08T15:31:01,cont,SELL,116212.96,116524.02,115964.11,311.06,51.0,2025-08-08T15:42:10,115964.11,tp,4.977,0.8,2025-08
2025-08-08T17:07:01,flip,BUY,116416.61,115977.19,116768.15,439.42,0.0,2025-08-08T18:00:52,116768.15,tp,7.0307,0.8,2025-08
2025-08-08T18:20:01,cont,BUY,116933.36,116742.55,117086.01,190.81,73.0,2025-08-08T18:27:43,116730.76,sl,-4.052,-1.0618,2025-08
2025-08-08T18:37:01,flip,SELL,116589.71,116718.12,116486.98,128.41,0.0,2025-08-08T18:37:31,116486.98,tp,2.0546,0.8,2025-08
2025-08-08T20:45:01,flip,BUY,116776.59,116300.15,117157.74,476.44,0.0,2025-08-09T08:44:58,117157.74,tp,7.623,0.8,2025-08
2025-08-09T11:11:01,flip,SELL,117290.44,117457.79,117156.56,167.35,0.0,2025-08-09T11:36:03,117156.56,tp,2.6776,0.8,2025-08
2025-08-09T12:40:01,cont,SELL,117029.97,117222.27,116876.13,192.3,89.0,2025-08-09T13:14:40,116876.13,tp,3.0768,0.8,2025-08
2025-08-10T03:05:01,flip,BUY,117458.8,117268.07,117611.38,190.73,0.0,2025-08-10T03:07:35,117611.38,tp,3.0517,0.8,2025-08
2025-08-10T03:22:01,cont,BUY,118033.91,117561.31,118411.99,472.6,17.0,2025-08-10T03:26:17,118411.99,tp,7.5616,0.8,2025-08
2025-08-10T04:01:01,cont,BUY,118619.07,118082.93,119047.98,536.14,56.0,2025-08-10T05:18:31,118075.54,sl,-10.8706,-1.0138,2025-08
2025-08-10T05:29:01,flip,SELL,117912.98,118047.16,117805.64,134.18,0.0,2025-08-10T05:32:01,118048.67,sl,-2.7138,-1.0113,2025-08
2025-08-10T06:20:01,cont,SELL,117860.41,118249.49,117549.15,389.08,51.0,2025-08-10T07:04:02,118254.69,sl,-7.8856,-1.0134,2025-08
2025-08-10T08:48:01,cont,BUY,118278.19,117456.07,118935.89,822.12,110.0,2025-08-10T15:06:12,118935.89,tp,13.1539,0.8,2025-08
2025-08-10T17:17:01,flip,SELL,118546.25,118975.25,118203.05,429.0,0.0,2025-08-10T20:18:51,118203.05,tp,6.864,0.8,2025-08
2025-08-10T20:48:01,cont,BUY,118807.15,118102.37,119370.97,704.78,68.0,2025-08-10T21:05:00,118098.74,sl,-14.1682,-1.0052,2025-08
2025-08-11T09:36:01,flip,SELL,121181.63,121760.97,120718.16,579.34,0.0,2025-08-11T11:18:20,120718.16,tp,9.2694,0.8,2025-08
2025-08-11T14:36:01,flip,BUY,120380.1,119731.67,120898.84,648.43,0.0,2025-08-11T17:16:39,119730.71,sl,-12.9878,-1.0015,2025-08
2025-08-11T17:47:01,flip,SELL,119594.72,119850.03,119390.47,255.31,0.0,2025-08-11T18:04:26,119390.47,tp,4.085,0.8,2025-08
2025-08-11T19:42:01,cont,SELL,119206.91,119913.87,118641.34,706.96,115.0,2025-08-11T19:52:24,118641.34,tp,11.3114,0.8,2025-08
2025-08-12T00:19:01,flip,BUY,119044.44,118617.83,119385.73,426.61,0.0,2025-08-12T05:31:18,118615.77,sl,-8.5734,-1.0048,2025-08
2025-08-12T05:33:01,cont,SELL,118573.82,118763.85,118421.8,190.03,11.0,2025-08-12T05:52:36,118766.11,sl,-3.8458,-1.0119,2025-08
2025-08-12T06:24:01,flip,BUY,118929.93,118648.41,119155.15,281.52,0.0,2025-08-12T07:16:51,119155.15,tp,4.5043,0.8,2025-08
2025-08-12T09:07:01,flip,SELL,118750.98,119094.73,118475.98,343.75,0.0,2025-08-12T09:55:31,118475.98,tp,5.5,0.8,2025-08
2025-08-12T10:05:01,cont,SELL,118313.2,118476.22,118182.78,163.02,58.0,2025-08-12T10:20:51,118476.46,sl,-3.2652,-1.0015,2025-08
2025-08-12T10:32:01,flip,BUY,118605.0,118471.77,118711.58,133.23,0.0,2025-08-12T10:37:04,118467.22,sl,-2.7556,-1.0342,2025-08
2025-08-12T11:11:01,flip,SELL,118317.33,118592.22,118097.42,274.89,0.0,2025-08-12T11:33:42,118597.58,sl,-5.605,-1.0195,2025-08
2025-08-12T12:31:01,flip,BUY,119047.76,118256.39,119680.86,791.37,0.0,2025-08-12T13:36:31,119680.86,tp,12.6619,0.8,2025-08
2025-08-12T17:29:01,flip,SELL,119500.58,119879.58,119197.38,379.0,0.0,2025-08-12T17:58:11,119197.38,tp,6.064,0.8,2025-08
2025-08-12T20:36:01,flip,BUY,120124.84,119252.19,120822.96,872.65,0.0,2025-08-13T02:07:37,119251.89,sl,-17.459,-1.0003,2025-08
2025-08-13T02:51:01,flip,BUY,119716.79,119570.1,119834.14,146.69,0.0,2025-08-13T02:53:21,119569.46,sl,-2.9466,-1.0044,2025-08
2025-08-13T03:04:01,flip,SELL,119497.28,119635.16,119386.98,137.88,0.0,2025-08-13T03:08:39,119386.98,tp,2.2061,0.8,2025-08
2025-08-13T03:21:01,cont,SELL,119297.9,119485.49,119147.83,187.59,17.0,2025-08-13T03:27:48,119486.97,sl,-3.7814,-1.0079,2025-08
2025-08-13T04:06:01,flip,BUY,119648.22,119382.98,119860.41,265.24,0.0,2025-08-13T04:41:31,119379.57,sl,-5.373,-1.0129,2025-08
2025-08-13T05:41:01,flip,SELL,119272.7,119664.01,118959.65,391.31,0.0,2025-08-13T05:51:39,118959.65,tp,6.261,0.8,2025-08
2025-08-13T05:52:01,cont,SELL,118999.19,119223.36,118819.85,224.17,11.0,2025-08-13T06:07:49,119225.31,sl,-4.5224,-1.0087,2025-08
2025-08-13T06:32:01,flip,BUY,119327.59,119058.67,119542.73,268.92,0.0,2025-08-13T07:55:50,119542.73,tp,4.3027,0.8,2025-08
2025-08-13T08:05:01,flip,BUY,119678.74,119445.75,119865.13,232.99,0.0,2025-08-13T08:12:23,119865.13,tp,3.7278,0.8,2025-08
2025-08-13T08:35:01,cont,BUY,119909.89,119689.06,120086.55,220.83,30.0,2025-08-13T09:00:42,120086.55,tp,3.5333,0.8,2025-08
2025-08-13T09:15:01,cont,BUY,120159.92,119928.86,120344.77,231.06,70.0,2025-08-13T09:24:04,119904.26,sl,-5.1132,-1.1065,2025-08
2025-08-13T10:02:01,cont,BUY,120204.49,119785.0,120540.08,419.49,117.0,2025-08-13T11:02:43,120540.08,tp,6.7118,0.8,2025-08
2025-08-13T12:53:01,flip,SELL,120274.02,120607.28,120007.41,333.26,0.0,2025-08-13T13:19:02,120607.81,sl,-6.6758,-1.0016,2025-08
2025-08-13T13:43:01,cont,SELL,120155.35,120775.54,119659.2,620.19,50.0,2025-08-13T13:48:53,120776.09,sl,-12.4148,-1.0009,2025-08
2025-08-13T14:01:01,flip,BUY,121999.56,121676.25,122258.21,323.31,0.0,2025-08-13T14:17:56,121675.86,sl,-6.474,-1.0012,2025-08
2025-08-13T14:25:01,flip,SELL,121577.68,122165.57,121107.37,587.89,0.0,2025-08-13T14:51:50,121107.37,tp,9.4062,0.8,2025-08
2025-08-13T15:16:01,cont,SELL,120676.85,121222.5,120240.33,545.65,51.0,2025-08-13T15:42:56,121224.91,sl,-10.9612,-1.0044,2025-08
2025-08-13T16:09:01,flip,BUY,121437.05,120907.24,121860.9,529.81,0.0,2025-08-13T17:24:48,121860.9,tp,8.477,0.8,2025-08
2025-08-13T18:03:01,cont,BUY,121877.32,121520.31,122162.93,357.01,114.0,2025-08-13T18:37:50,121517.92,sl,-7.188,-1.0067,2025-08
2025-08-14T00:50:01,flip,SELL,123664.71,123894.52,123480.86,229.81,0.0,2025-08-14T00:55:55,123895.56,sl,-4.617,-1.0045,2025-08
2025-08-14T01:17:01,cont,SELL,123435.83,123993.78,122989.47,557.95,27.0,2025-08-14T05:12:21,122989.47,tp,8.9272,0.8,2025-08
2025-08-14T05:27:01,cont,SELL,122827.76,123063.47,122639.19,235.71,94.0,2025-08-14T05:31:39,122639.19,tp,3.7714,0.8,2025-08
2025-08-14T05:48:01,cont,SELL,122613.14,122868.1,122409.17,254.96,115.0,2025-08-14T05:50:02,122409.17,tp,4.0794,0.8,2025-08
2025-08-14T14:30:01,flip,BUY,118909.06,118046.98,119598.72,862.08,0.0,2025-08-14T15:35:45,118043.19,sl,-17.3174,-1.0044,2025-08
2025-08-14T15:36:01,cont,SELL,118067.33,118321.9,117863.67,254.57,22.0,2025-08-14T15:41:31,118324.73,sl,-5.148,-1.0111,2025-08
2025-08-14T16:08:01,cont,SELL,117859.56,118298.3,117508.57,438.74,54.0,2025-08-14T16:27:21,117508.57,tp,7.0198,0.8,2025-08
2025-08-14T16:31:01,cont,SELL,117437.43,117942.74,117033.18,505.31,77.0,2025-08-14T16:51:48,117946.14,sl,-10.1742,-1.0067,2025-08
2025-08-14T17:26:01,flip,BUY,118113.42,117566.94,118550.6,546.48,0.0,2025-08-14T18:22:00,117563.62,sl,-10.996,-1.0061,2025-08
2025-08-14T18:51:01,cont,BUY,118254.84,117187.88,119108.41,1066.96,85.0,2025-08-15T03:28:16,119108.41,tp,17.0714,0.8,2025-08
2025-08-15T05:13:01,flip,SELL,118841.22,119070.94,118657.44,229.72,0.0,2025-08-15T05:59:43,119078.04,sl,-4.7364,-1.0309,2025-08
2025-08-15T06:42:01,cont,BUY,119289.95,118941.98,119568.33,347.97,44.0,2025-08-15T07:15:07,118939.3,sl,-7.013,-1.0077,2025-08
2025-08-15T07:39:01,flip,SELL,118865.87,119018.5,118743.77,152.63,0.0,2025-08-15T07:55:49,119022.79,sl,-3.1384,-1.0281,2025-08
2025-08-15T08:21:01,flip,BUY,119188.43,118956.05,119374.33,232.38,0.0,2025-08-15T08:52:39,118940.79,sl,-4.9528,-1.0657,2025-08
2025-08-15T08:53:01,flip,SELL,119014.69,119113.53,118935.62,98.84,0.0,2025-08-15T09:06:22,119114.59,sl,-1.998,-1.0107,2025-08
2025-08-15T09:19:01,cont,SELL,118905.8,119122.61,118732.35,216.81,26.0,2025-08-15T09:56:06,118732.35,tp,3.469,0.8,2025-08
2025-08-15T10:21:01,flip,BUY,119076.65,118896.81,119220.52,179.84,0.0,2025-08-15T12:20:29,118893.58,sl,-3.6614,-1.018,2025-08
2025-08-15T13:12:01,flip,SELL,118519.5,119205.28,117970.88,685.78,0.0,2025-08-15T13:45:41,117970.88,tp,10.9725,0.8,2025-08
2025-08-15T13:46:01,cont,SELL,117917.72,118290.58,117619.43,372.86,34.0,2025-08-15T14:16:23,118293.85,sl,-7.5226,-1.0088,2025-08
2025-08-15T14:32:01,flip,SELL,117815.16,118058.06,117620.84,242.9,0.0,2025-08-15T14:37:46,118060.45,sl,-4.9058,-1.0098,2025-08
2025-08-15T14:44:01,cont,SELL,117802.58,118076.62,117583.35,274.04,12.0,2025-08-15T14:47:26,117583.35,tp,4.3846,0.8,2025-08
2025-08-15T15:08:01,cont,SELL,117230.6,117451.22,117054.1,220.62,36.0,2025-08-15T15:09:37,117054.1,tp,3.5299,0.8,2025-08
2025-08-15T15:45:01,cont,SELL,116877.77,117631.58,116274.72,753.81,73.0,2025-08-15T17:26:52,117635.61,sl,-15.1568,-1.0053,2025-08
2025-08-15T17:27:01,flip,BUY,117614.61,117040.19,118074.15,574.42,0.0,2025-08-15T19:42:44,117016.09,sl,-11.9704,-1.042,2025-08
2025-08-15T19:50:01,cont,SELL,116977.48,117433.07,116613.01,455.59,83.0,2025-08-15T21:02:21,117438.79,sl,-9.2262,-1.0126,2025-08
2025-08-15T22:24:01,flip,BUY,117459.42,117367.58,117532.89,91.84,0.0,2025-08-15T22:33:45,117532.89,tp,1.4694,0.8,2025-08
2025-08-15T22:46:01,cont,BUY,117595.35,117502.4,117669.71,92.95,22.0,2025-08-15T22:52:20,117669.71,tp,1.4872,0.8,2025-08
2025-08-15T23:01:01,cont,BUY,117841.13,117739.43,117922.49,101.7,37.0,2025-08-15T23:03:47,117738.7,sl,-2.0486,-1.0072,2025-08
2025-08-15T23:16:01,flip,SELL,117341.06,117478.09,117231.44,137.03,0.0,2025-08-15T23:23:15,117231.44,tp,2.1925,0.8,2025-08
2025-08-16T00:34:01,flip,BUY,117682.34,117425.15,117888.09,257.19,0.0,2025-08-16T01:15:22,117888.09,tp,4.115,0.8,2025-08
2025-08-16T01:53:01,cont,BUY,117980.39,117796.55,118127.46,183.84,79.0,2025-08-16T02:04:34,117733.54,sl,-4.937,-1.3427,2025-08
2025-08-16T02:41:01,flip,SELL,117634.05,117794.96,117505.32,160.91,0.0,2025-08-16T03:01:33,117505.32,tp,2.5746,0.8,2025-08
2025-08-16T03:02:01,cont,SELL,117522.54,117617.52,117446.56,94.98,21.0,2025-08-16T03:03:07,117617.89,sl,-1.907,-1.0039,2025-08
2025-08-16T03:24:01,flip,BUY,117737.54,117631.59,117822.3,105.95,0.0,2025-08-16T03:31:37,117627.03,sl,-2.2102,-1.043,2025-08
2025-08-16T03:51:01,flip,SELL,117584.93,117668.01,117518.47,83.08,0.0,2025-08-16T03:57:42,117518.47,tp,1.3293,0.8,2025-08
2025-08-16T04:28:01,flip,BUY,117792.85,117705.38,117862.83,87.47,0.0,2025-08-16T04:28:26,117862.83,tp,1.3995,0.8,2025-08
2025-08-16T04:49:03,cont,BUY,117956.35,117782.54,118095.4,173.81,21.0,2025-08-16T05:16:15,117778.5,sl,-3.557,-1.0232,2025-08
2025-08-16T05:56:01,flip,SELL,117616.83,117744.83,117514.43,128.0,0.0,2025-08-16T06:15:06,117514.43,tp,2.048,0.8,2025-08
2025-08-16T06:37:01,cont,SELL,117434.95,117583.12,117316.41,148.17,41.0,2025-08-16T07:05:12,117588.56,sl,-3.0722,-1.0367,2025-08
2025-08-16T07:35:01,flip,BUY,117636.92,117457.08,117780.79,179.84,0.0,2025-08-16T09:08:40,117780.79,tp,2.8774,0.8,2025-08
2025-08-16T09:09:01,cont,BUY,117784.02,117560.28,117963.01,223.74,94.0,2025-08-16T09:49:53,117559.25,sl,-4.4954,-1.0046,2025-08
2025-08-16T09:58:01,flip,SELL,117504.4,117604.47,117424.34,100.07,0.0,2025-08-16T09:59:35,117424.34,tp,1.6011,0.8,2025-08
2025-08-16T10:22:01,cont,SELL,117294.2,117516.17,117116.62,221.97,24.0,2025-08-16T11:05:31,117516.94,sl,-4.4548,-1.0035,2025-08
2025-08-16T11:12:01,flip,BUY,117565.67,117508.31,117611.56,57.36,0.0,2025-08-16T11:30:52,117506.84,sl,-1.1766,-1.0256,2025-08
2025-08-16T11:42:01,flip,SELL,117493.85,117527.79,117466.7,33.94,0.0,2025-08-16T11:45:53,117528.18,sl,-0.6866,-1.0115,2025-08
2025-08-16T11:54:01,cont,SELL,117438.85,117533.02,117363.51,94.17,12.0,2025-08-16T12:15:12,117534.24,sl,-1.9078,-1.013,2025-08
2025-08-16T12:29:01,flip,BUY,117576.41,117425.94,117696.79,150.47,0.0,2025-08-16T12:30:59,117696.79,tp,2.4075,0.8,2025-08
2025-08-16T13:02:01,cont,BUY,117845.61,117701.18,117961.15,144.43,33.0,2025-08-16T13:10:43,117697.53,sl,-2.9616,-1.0253,2025-08
2025-08-16T14:17:01,flip,SELL,117645.86,117807.58,117516.48,161.72,0.0,2025-08-16T14:23:33,117809.25,sl,-3.2678,-1.0103,2025-08
2025-08-16T14:59:01,flip,BUY,117857.32,117720.63,117966.67,136.69,0.0,2025-08-16T15:40:26,117720.26,sl,-2.7412,-1.0027,2025-08
2025-08-16T16:31:01,cont,BUY,117888.23,117684.15,118051.49,204.08,92.0,2025-08-16T20:03:25,117683.42,sl,-4.0962,-1.0036,2025-08
2025-08-16T21:33:01,flip,SELL,117605.92,117783.5,117463.86,177.58,0.0,2025-08-16T22:01:39,117463.86,tp,2.8413,0.8,2025-08
2025-08-16T22:02:01,cont,SELL,117480.06,117606.52,117378.89,126.46,29.0,2025-08-16T22:02:26,117378.89,tp,2.0234,0.8,2025-08
2025-08-17T01:31:01,flip,BUY,117417.93,117363.36,117461.59,54.57,0.0,2025-08-17T01:32:05,117461.59,tp,0.8731,0.8,2025-08
2025-08-17T02:26:01,cont,BUY,117606.65,117409.7,117764.21,196.95,55.0,2025-08-17T03:42:38,117764.21,tp,3.1512,0.8,2025-08
2025-08-17T06:34:01,flip,SELL,118054.26,118191.94,117944.12,137.68,0.0,2025-08-17T07:05:19,117944.12,tp,2.2029,0.8,2025-08
2025-08-17T07:06:01,cont,SELL,117951.09,118042.18,117878.22,91.09,32.0,2025-08-17T07:08:12,118043.14,sl,-1.841,-1.0105,2025-08
2025-08-17T08:39:01,flip,BUY,118192.9,117967.62,118373.12,225.28,0.0,2025-08-17T08:51:12,118373.12,tp,3.6045,0.8,2025-08
2025-08-17T13:19:01,flip,SELL,118122.3,118201.94,118058.59,79.64,0.0,2025-08-17T13:21:35,118204.35,sl,-1.641,-1.0303,2025-08
2025-08-17T13:39:01,flip,BUY,118330.05,118201.2,118433.13,128.85,0.0,2025-08-17T13:51:34,118433.13,tp,2.0616,0.8,2025-08
2025-08-17T13:52:01,cont,BUY,118525.32,118353.25,118662.98,172.07,13.0,2025-08-17T14:19:48,118339.16,sl,-3.7232,-1.0819,2025-08
2025-08-17T14:56:01,flip,SELL,118206.05,118373.59,118072.02,167.54,0.0,2025-08-17T16:01:43,118373.69,sl,-3.3528,-1.0006,2025-08
2025-08-17T16:15:01,cont,SELL,118173.53,118367.64,118018.24,194.11,79.0,2025-08-17T16:39:18,118018.24,tp,3.1058,0.8,2025-08
2025-08-17T16:41:01,cont,SELL,117981.31,118249.74,117766.57,268.43,105.0,2025-08-17T16:53:51,117766.57,tp,4.2949,0.8,2025-08
2025-08-17T17:46:01,flip,BUY,117994.99,117925.36,118050.69,69.63,0.0,2025-08-17T17:50:39,117924.7,sl,-1.4058,-1.0095,2025-08
2025-08-17T18:22:01,flip,SELL,117860.27,118003.41,117745.76,143.14,0.0,2025-08-17T18:54:41,117745.76,tp,2.2902,0.8,2025-08
2025-08-17T18:55:01,cont,SELL,117633.18,117912.25,117409.92,279.07,33.0,2025-08-17T18:55:43,117409.92,tp,4.4651,0.8,2025-08
2025-08-17T22:43:01,flip,BUY,118050.3,117936.91,118141.01,113.39,0.0,2025-08-17T23:05:05,117934.88,sl,-2.3084,-1.0179,2025-08
2025-08-17T23:12:01,flip,SELL,117872.64,117958.03,117804.33,85.39,0.0,2025-08-17T23:19:32,117804.33,tp,1.3662,0.8,2025-08
2025-08-17T23:50:01,cont,SELL,117564.12,117678.11,117472.93,113.99,38.0,2025-08-17T23:52:28,117472.93,tp,1.8238,0.8,2025-08
2025-08-18T00:20:01,cont,SELL,117354.02,117600.36,117156.95,246.34,68.0,2025-08-18T00:30:33,117156.95,tp,3.9414,0.8,2025-08
2025-08-18T04:26:01,flip,BUY,115492.49,115165.59,115754.01,326.9,0.0,2025-08-18T05:07:48,115754.01,tp,5.2304,0.8,2025-08
2025-08-18T06:01:01,cont,BUY,115801.55,115035.83,116414.13,765.72,95.0,2025-08-18T06:43:20,115031.08,sl,-15.4094,-1.0062,2025-08
2025-08-18T09:20:01,flip,SELL,114823.55,115054.07,114639.13,230.52,0.0,2025-08-18T09:41:22,115054.16,sl,-4.6122,-1.0004,2025-08
2025-08-18T09:54:01,flip,BUY,115205.85,115027.76,115348.32,178.09,0.0,2025-08-18T11:21:01,115023.62,sl,-3.6446,-1.0232,2025-08
2025-08-18T11:22:01,flip,SELL,114996.75,115332.49,114728.16,335.74,0.0,2025-08-18T12:37:35,115334.68,sl,-6.7586,-1.0065,2025-08
2025-08-18T12:44:01,cont,BUY,115394.9,115135.61,115602.33,259.29,10.0,2025-08-18T13:02:55,115602.33,tp,4.1486,0.8,2025-08
2025-08-18T13:24:01,cont,BUY,115722.98,115528.08,115878.9,194.9,50.0,2025-08-18T13:37:30,115522.07,sl,-4.0182,-1.0308,2025-08
2025-08-18T13:42:01,flip,SELL,115471.95,115667.3,115315.67,195.35,0.0,2025-08-18T13:50:43,115315.67,tp,3.1256,0.8,2025-08
2025-08-18T15:38:01,flip,BUY,115774.39,115442.1,116040.22,332.29,0.0,2025-08-18T15:50:12,116040.22,tp,5.3166,0.8,2025-08
2025-08-18T15:51:01,cont,BUY,116199.94,115773.51,116541.08,426.43,13.0,2025-08-18T17:25:47,116541.08,tp,6.8229,0.8,2025-08
2025-08-18T17:26:01,cont,BUY,116547.64,116362.57,116695.7,185.07,10.0,2025-08-18T17:28:24,116695.7,tp,2.9611,0.8,2025-08
2025-08-18T17:32:01,cont,BUY,116822.5,116535.84,117051.83,286.66,16.0,2025-08-18T17:47:43,116529.88,sl,-5.8524,-1.0208,2025-08
2025-08-18T18:01:01,flip,SELL,116467.86,116654.98,116318.16,187.12,0.0,2025-08-18T18:20:16,116318.16,tp,2.9939,0.8,2025-08
2025-08-18T18:21:01,cont,SELL,116304.22,116401.3,116226.56,97.08,20.0,2025-08-18T18:22:31,116401.55,sl,-1.9466,-1.0026,2025-08
2025-08-18T18:35:01,flip,BUY,116579.66,116396.1,116726.51,183.56,0.0,2025-08-18T19:10:35,116395.43,sl,-3.6846,-1.0037,2025-08
2025-08-18T19:16:01,flip,SELL,116289.38,116442.1,116167.2,152.72,0.0,2025-08-18T19:30:09,116445.15,sl,-3.1154,-1.02,2025-08
2025-08-18T20:30:01,flip,BUY,116569.9,116379.91,116721.89,189.99,0.0,2025-08-18T20:37:46,116379.44,sl,-3.8092,-1.0025,2025-08
2025-08-18T21:15:01,cont,BUY,116648.22,116106.19,117081.84,542.03,45.0,2025-08-19T00:22:49,116100.48,sl,-10.9548,-1.0105,2025-08
2025-08-19T00:23:01,cont,SELL,116008.05,116366.57,115721.23,358.52,64.0,2025-08-19T00:31:33,115721.23,tp,5.7363,0.8,2025-08
2025-08-19T04:20:01,flip,BUY,115065.11,114687.12,115367.5,377.99,0.0,2025-08-19T04:57:39,115367.5,tp,6.0478,0.8,2025-08
2025-08-19T05:01:01,cont,BUY,115446.6,115324.78,115544.06,121.82,41.0,2025-08-19T05:04:11,115313.74,sl,-2.6572,-1.0906,2025-08
2025-08-19T05:06:01,cont,BUY,115515.52,115329.99,115663.94,185.53,46.0,2025-08-19T05:07:34,115329.09,sl,-3.7286,-1.0049,2025-08
2025-08-19T05:36:01,flip,SELL,115180.89,115453.35,114962.92,272.46,0.0,2025-08-19T06:00:33,114962.92,tp,4.3594,0.8,2025-08
2025-08-19T06:26:01,flip,BUY,115203.67,114939.47,115415.03,264.2,0.0,2025-08-19T07:02:58,114934.07,sl,-5.392,-1.0204,2025-08
2025-08-19T07:11:01,flip,SELL,114887.04,115076.58,114735.41,189.54,0.0,2025-08-19T07:23:43,114735.41,tp,3.0326,0.8,2025-08
2025-08-19T07:33:01,cont,SELL,114671.78,114855.52,114524.79,183.74,22.0,2025-08-19T07:38:05,114862.49,sl,-3.8142,-1.0379,2025-08
2025-08-19T08:15:01,flip,BUY,115081.09,114841.36,115272.87,239.73,0.0,2025-08-19T08:32:05,114841.06,sl,-4.8006,-1.0013,2025-08
2025-08-19T08:51:01,cont,BUY,115190.75,114827.15,115481.63,363.6,36.0,2025-08-19T09:22:45,115481.63,tp,5.8176,0.8,2025-08
2025-08-19T09:31:01,cont,BUY,115514.71,115400.16,115606.35,114.55,76.0,2025-08-19T09:42:46,115399.56,sl,-2.303,-1.0052,2025-08
2025-08-19T09:49:01,flip,SELL,115374.58,115490.77,115281.63,116.19,0.0,2025-08-19T10:05:37,115491.45,sl,-2.3374,-1.0059,2025-08
2025-08-19T10:22:01,flip,BUY,115567.43,115411.48,115692.19,155.95,0.0,2025-08-19T10:32:46,115410.79,sl,-3.1328,-1.0044,2025-08
2025-08-19T11:21:01,cont,BUY,115646.89,115354.19,115881.05,292.7,59.0,2025-08-19T12:49:04,115353.15,sl,-5.8748,-1.0036,2025-08
2025-08-19T14:13:01,flip,SELL,114815.26,115400.49,114347.08,585.23,0.0,2025-08-19T14:27:53,114347.08,tp,9.3637,0.8,2025-08
2025-08-19T14:37:01,cont,SELL,114138.16,114439.64,113896.98,301.48,24.0,2025-08-19T14:43:56,113896.98,tp,4.8237,0.8,2025-08
2025-08-19T15:07:01,cont,SELL,113754.95,114067.06,113505.26,312.11,54.0,2025-08-19T15:23:31,114070.99,sl,-6.3208,-1.0126,2025-08
2025-08-19T19:36:01,flip,BUY,113463.27,113276.08,113613.02,187.19,0.0,2025-08-19T19:47:50,113269.94,sl,-3.8666,-1.0328,2025-08
2025-08-19T20:07:01,flip,SELL,113035.85,113278.03,112842.11,242.18,0.0,2025-08-19T20:27:07,113278.2,sl,-4.847,-1.0007,2025-08
2025-08-20T00:46:01,flip,BUY,113252.69,112835.45,113586.48,417.24,0.0,2025-08-20T01:32:16,112833.57,sl,-8.3824,-1.0045,2025-08
2025-08-20T02:35:01,flip,BUY,113344.69,113279.65,113396.72,65.04,0.0,2025-08-20T02:40:25,113278.36,sl,-1.3266,-1.0198,2025-08
2025-08-20T02:52:01,cont,BUY,113396.5,113294.92,113477.76,101.58,17.0,2025-08-20T02:54:38,113477.76,tp,1.6253,0.8,2025-08
2025-08-20T03:02:01,cont,BUY,113498.22,113413.18,113566.25,85.04,27.0,2025-08-20T03:05:54,113411.89,sl,-1.7266,-1.0152,2025-08
2025-08-20T03:21:01,cont,BUY,113548.38,113322.22,113729.31,226.16,46.0,2025-08-20T05:55:02,113729.31,tp,3.6186,0.8,2025-08
2025-08-20T09:53:01,flip,SELL,113685.13,113937.9,113482.91,252.77,0.0,2025-08-20T11:24:35,113482.91,tp,4.0443,0.8,2025-08
2025-08-20T11:31:01,cont,SELL,113397.1,113541.83,113281.32,144.73,98.0,2025-08-20T11:32:07,113281.32,tp,2.3157,0.8,2025-08
2025-08-20T15:07:01,flip,BUY,114002.55,113355.67,114520.05,646.88,0.0,2025-08-20T15:56:41,113349.74,sl,-13.0562,-1.0092,2025-08
2025-08-21T00:10:01,flip,SELL,114148.52,114256.52,114062.12,108.0,0.0,2025-08-21T00:19:14,114062.12,tp,1.728,0.8,2025-08
2025-08-21T00:23:01,cont,SELL,114019.23,114107.15,113948.89,87.92,13.0,2025-08-21T00:25:02,114107.4,sl,-1.7634,-1.0028,2025-08
2025-08-21T00:35:01,flip,BUY,114282.67,114173.71,114369.84,108.96,0.0,2025-08-21T00:43:32,114369.84,tp,1.7434,0.8,2025-08
2025-08-21T01:56:01,cont,BUY,114618.35,113942.32,115159.17,676.03,81.0,2025-08-21T02:23:33,113941.88,sl,-13.5294,-1.0007,2025-08
2025-08-21T04:10:01,flip,SELL,113867.36,114488.41,113370.52,621.05,0.0,2025-08-21T09:17:51,113370.52,tp,9.9368,0.8,2025-08
2025-08-21T12:21:01,flip,BUY,113224.77,112991.84,113411.11,232.93,0.0,2025-08-21T12:48:24,112991.55,sl,-4.6644,-1.0012,2025-08
2025-08-21T13:37:01,cont,BUY,113406.0,112922.52,113792.78,483.48,76.0,2025-08-21T14:10:10,113792.78,tp,7.7357,0.8,2025-08
2025-08-21T14:13:01,cont,BUY,113855.29,113572.83,114081.26,282.46,112.0,2025-08-21T14:30:55,113571.39,sl,-5.678,-1.0051,2025-08
2025-08-21T15:13:01,flip,SELL,112706.64,113392.16,112158.22,685.52,0.0,2025-08-21T19:24:54,112158.22,tp,10.9683,0.8,2025-08
2025-08-22T00:21:01,flip,BUY,112767.67,112087.5,113311.81,680.17,0.0,2025-08-22T02:19:38,113311.81,tp,10.8827,0.8,2025-08
2025-08-22T10:24:01,flip,SELL,112654.18,113350.75,112096.92,696.57,0.0,2025-08-22T12:09:04,112096.92,tp,11.1451,0.8,2025-08
2025-08-22T14:01:01,flip,BUY,113561.19,111907.43,114884.2,1653.76,0.0,2025-08-22T14:07:47,114884.2,tp,26.4602,0.8,2025-08
2025-08-22T14:15:01,cont,BUY,115194.3,114626.04,115648.91,568.26,14.0,2025-08-22T14:16:09,115648.91,tp,9.0922,0.8,2025-08
2025-08-22T14:38:01,cont,BUY,115750.7,114719.08,116576.0,1031.62,37.0,2025-08-22T15:09:38,116576.0,tp,16.5059,0.8,2025-08
2025-08-22T15:46:01,cont,BUY,117039.57,116621.62,117373.93,417.95,105.0,2025-08-22T15:57:58,116617.63,sl,-8.4388,-1.0095,2025-08
2025-08-22T16:19:01,flip,SELL,116297.77,116712.3,115966.15,414.53,0.0,2025-08-22T17:14:02,116714.61,sl,-8.3368,-1.0056,2025-08
2025-08-22T17:29:01,flip,BUY,117011.21,116719.47,117244.6,291.74,0.0,2025-08-22T17:32:02,116715.19,sl,-5.9204,-1.0147,2025-08
2025-08-22T17:41:01,flip,SELL,116598.08,116800.51,116436.14,202.43,0.0,2025-08-22T17:53:51,116801.89,sl,-4.0762,-1.0068,2025-08
2025-08-22T18:09:01,flip,BUY,117215.36,117046.23,117350.66,169.13,0.0,2025-08-22T18:12:48,117350.66,tp,2.7061,0.8,2025-08
2025-08-22T18:51:01,flip,SELL,116776.28,117139.72,116485.53,363.44,0.0,2025-08-22T21:48:16,117140.83,sl,-7.291,-1.0031,2025-08
2025-08-22T21:49:01,flip,BUY,117181.11,116797.97,117487.62,383.14,0.0,2025-08-22T22:13:25,116729.46,sl,-9.033,-1.1788,2025-08
2025-08-23T01:34:01,flip,SELL,116501.93,116988.54,116112.64,486.61,0.0,2025-08-23T02:22:45,116112.64,tp,7.7858,0.8,2025-08
2025-08-23T02:33:01,cont,SELL,115744.97,115972.7,115562.79,227.73,59.0,2025-08-23T02:37:30,115562.79,tp,3.6437,0.8,2025-08
2025-08-23T15:29:01,flip,BUY,114871.45,114703.48,115005.83,167.97,0.0,2025-08-23T16:11:57,114692.71,sl,-3.5748,-1.0641,2025-08
2025-08-23T16:54:01,cont,BUY,114987.34,114660.3,115248.97,327.04,85.0,2025-08-23T20:32:18,115248.97,tp,5.2326,0.8,2025-08
2025-08-23T21:28:01,flip,SELL,115035.3,115089.7,114991.78,54.4,0.0,2025-08-23T21:40:19,114991.78,tp,0.8704,0.8,2025-08
2025-08-23T22:08:01,flip,BUY,115182.81,114972.09,115351.39,210.72,0.0,2025-08-23T23:51:49,115351.39,tp,3.3715,0.8,2025-08
2025-08-24T01:26:01,flip,SELL,115154.8,115359.4,114991.12,204.6,0.0,2025-08-24T01:39:57,115360.05,sl,-4.105,-1.0032,2025-08
2025-08-24T02:09:01,flip,BUY,115590.86,115387.19,115753.8,203.67,0.0,2025-08-24T02:32:19,115384.59,sl,-4.1254,-1.0128,2025-08
2025-08-24T02:46:01,flip,SELL,115092.91,115262.15,114957.52,169.24,0.0,2025-08-24T03:00:49,114957.52,tp,2.7078,0.8,2025-08
2025-08-24T18:13:01,flip,BUY,114632.6,114268.96,114923.51,363.64,0.0,2025-08-24T19:33:58,114265.14,sl,-7.3492,-1.0105,2025-08
2025-08-25T20:10:01,flip,SELL,110471.92,113688.49,107898.66,3216.57,0.0,2025-08-29T20:06:25,107898.66,tp,51.4651,0.8,2025-08
2025-08-29T21:50:01,flip,BUY,108439.85,108240.2,108599.57,199.65,0.0,2025-08-29T22:39:25,108239.12,sl,-4.0146,-1.0054,2025-08
2025-08-29T23:22:01,flip,BUY,108536.1,108341.48,108691.8,194.62,0.0,2025-08-29T23:59:17,108336.32,sl,-3.9956,-1.0265,2025-08
2025-08-30T00:38:01,flip,SELL,108192.83,108432.05,108001.45,239.22,0.0,2025-08-30T01:48:02,108001.45,tp,3.8275,0.8,2025-08
2025-08-30T03:32:01,flip,BUY,108327.96,108169.59,108454.66,158.37,0.0,2025-08-30T04:00:20,108454.66,tp,2.5339,0.8,2025-08
2025-08-30T04:01:01,cont,BUY,108461.09,108265.86,108617.27,195.23,29.0,2025-08-30T04:26:02,108617.27,tp,3.1237,0.8,2025-08
2025-08-30T04:46:01,flip,SELL,108457.19,108548.87,108383.85,91.68,0.0,2025-08-30T04:49:41,108549.03,sl,-1.8368,-1.0017,2025-08
2025-08-30T05:00:01,cont,SELL,108440.44,108540.62,108360.3,100.18,14.0,2025-08-30T05:06:55,108360.3,tp,1.6029,0.8,2025-08
2025-08-30T05:11:01,cont,SELL,108318.27,108431.99,108227.29,113.72,25.0,2025-08-30T05:29:09,108227.29,tp,1.8195,0.8,2025-08
2025-08-30T15:38:01,flip,BUY,108817.16,108198.13,109312.38,619.03,0.0,2025-08-31T00:47:02,109312.38,tp,9.9045,0.8,2025-08
2025-08-31T02:37:01,flip,SELL,109257.39,109303.71,109220.33,46.32,0.0,2025-08-31T02:40:00,109304.78,sl,-0.9478,-1.0231,2025-08
2025-08-31T03:32:01,cont,SELL,109181.2,109357.15,109040.44,175.95,55.0,2025-08-31T03:46:03,109357.38,sl,-3.5236,-1.0013,2025-08
2025-08-31T04:01:01,cont,SELL,109172.07,109384.33,109002.26,212.26,84.0,2025-08-31T04:15:53,109002.26,tp,3.3962,0.8,2025-08
2025-08-31T04:30:01,cont,SELL,108844.7,108929.38,108776.96,84.68,113.0,2025-08-31T04:30:41,108776.96,tp,1.3549,0.8,2025-08
2025-08-31T05:54:01,flip,BUY,108781.17,108670.88,108869.4,110.29,0.0,2025-08-31T06:20:33,108669.09,sl,-2.2416,-1.0162,2025-08
2025-08-31T07:07:01,cont,BUY,108818.5,108536.27,109044.28,282.23,73.0,2025-08-31T09:06:48,109044.28,tp,4.5157,0.8,2025-08
2025-08-31T09:53:01,flip,SELL,108603.42,108766.83,108472.69,163.41,0.0,2025-08-31T09:58:35,108472.69,tp,2.6146,0.8,2025-08
2025-08-31T10:23:01,cont,SELL,108362.41,108531.97,108226.76,169.56,30.0,2025-08-31T10:30:36,108533.93,sl,-3.4304,-1.0116,2025-08
2025-08-31T10:48:01,cont,SELL,108329.59,108509.24,108185.87,179.65,55.0,2025-08-31T10:49:39,108510.14,sl,-3.611,-1.005,2025-08
2025-08-31T10:54:01,flip,BUY,108541.7,108450.6,108614.58,91.1,0.0,2025-08-31T10:55:18,108614.58,tp,1.4576,0.8,2025-08
2025-08-31T13:06:01,flip,SELL,108273.72,108556.61,108047.41,282.89,0.0,2025-08-31T15:02:18,108557.59,sl,-5.6774,-1.0035,2025-08
2025-08-31T15:44:01,flip,BUY,108711.75,108455.67,108916.61,256.08,0.0,2025-08-31T16:46:30,108916.61,tp,4.0973,0.8,2025-08
2025-08-31T16:55:01,cont,BUY,108971.51,108815.79,109096.09,155.72,71.0,2025-08-31T18:21:25,109096.09,tp,2.4915,0.8,2025-08
2025-08-31T19:09:01,flip,SELL,109069.96,109172.82,108987.67,102.86,0.0,2025-08-31T19:13:21,108987.67,tp,1.6458,0.8,2025-08
2025-08-31T20:02:01,cont,SELL,108881.1,109131.82,108680.52,250.72,53.0,2025-08-31T20:31:57,109133.48,sl,-5.0476,-1.0066,2025-08
2025-09-01T00:57:01,flip,BUY,108404.84,108067.95,108674.35,336.89,0.0,2025-09-01T01:09:08,108065.71,sl,-6.7826,-1.0066,2025-09
2025-09-01T01:47:01,cont,BUY,108450.21,107963.34,108839.71,486.87,50.0,2025-09-01T02:12:04,107961.41,sl,-9.776,-1.004,2025-09
2025-09-01T02:50:01,flip,SELL,107466.9,107657.38,107314.52,190.48,0.0,2025-09-01T02:54:29,107659.51,sl,-3.8522,-1.0112,2025-09
2025-09-01T03:07:01,flip,BUY,107778.18,107475.14,108020.61,303.04,0.0,2025-09-01T03:15:12,107469.98,sl,-6.164,-1.017,2025-09
2025-09-01T03:34:01,flip,SELL,107460.83,107552.24,107387.7,91.41,0.0,2025-09-01T03:39:13,107555.98,sl,-1.903,-1.0409,2025-09
2025-09-01T03:56:01,flip,BUY,107688.46,107473.23,107860.64,215.23,0.0,2025-09-01T04:24:14,107466.12,sl,-4.4468,-1.033,2025-09
2025-09-01T05:13:01,flip,SELL,107306.16,107697.35,106993.21,391.19,0.0,2025-09-01T05:22:40,107697.57,sl,-7.8282,-1.0006,2025-09
2025-09-01T06:22:01,flip,BUY,108013.8,107589.24,108353.45,424.56,0.0,2025-09-01T07:21:15,108353.45,tp,6.793,0.8,2025-09
2025-09-01T07:30:01,cont,BUY,108461.22,108264.32,108618.74,196.9,68.0,2025-09-01T07:31:39,108618.74,tp,3.1504,0.8,2025-09
2025-09-01T07:46:01,cont,BUY,108896.48,108609.88,109125.76,286.6,84.0,2025-09-01T07:51:32,109125.76,tp,4.5856,0.8,2025-09
2025-09-01T09:55:01,flip,SELL,109592.96,109812.55,109417.29,219.59,0.0,2025-09-01T10:01:47,109417.29,tp,3.5134,0.8,2025-09
2025-09-01T10:12:01,cont,SELL,109204.68,109442.34,109014.55,237.66,17.0,2025-09-01T10:22:27,109014.55,tp,3.8026,0.8,2025-09
2025-09-01T10:40:01,cont,SELL,108196.07,108647.67,107834.79,451.6,45.0,2025-09-01T11:06:40,108648.31,sl,-9.0448,-1.0014,2025-09
2025-09-01T11:52:01,flip,BUY,108753.04,108470.0,108979.47,283.04,0.0,2025-09-01T12:24:50,108979.47,tp,4.5286,0.8,2025-09
2025-09-01T12:34:01,cont,BUY,109013.32,108888.69,109113.02,124.63,42.0,2025-09-01T12:38:38,109113.02,tp,1.9941,0.8,2025-09
2025-09-01T13:03:01,cont,BUY,109215.11,108896.58,109469.93,318.53,71.0,2025-09-01T13:22:57,109469.93,tp,5.0965,0.8,2025-09
2025-09-01T14:33:01,flip,SELL,108900.46,109299.36,108581.34,398.9,0.0,2025-09-01T15:04:33,109299.55,sl,-7.9818,-1.0005,2025-09
2025-09-01T15:24:01,cont,SELL,108743.44,109392.59,108224.12,649.15,51.0,2025-09-01T21:24:02,108224.12,tp,10.3864,0.8,2025-09
2025-09-02T01:45:01,flip,BUY,109502.43,108880.19,110000.22,622.24,0.0,2025-09-02T02:58:23,110000.22,tp,9.9558,0.8,2025-09
2025-09-02T11:49:01,flip,SELL,109871.03,110002.29,109766.02,131.26,0.0,2025-09-02T11:54:09,109766.02,tp,2.1002,0.8,2025-09
2025-09-02T12:07:01,cont,SELL,109471.91,109866.91,109155.91,395.0,18.0,2025-09-02T12:42:21,109155.91,tp,6.32,0.8,2025-09
2025-09-02T13:36:01,flip,BUY,109919.68,109037.83,110625.16,881.85,0.0,2025-09-02T13:45:16,110625.16,tp,14.1096,0.8,2025-09
2025-09-02T14:32:01,cont,BUY,111679.71,110791.0,112390.68,888.71,56.0,2025-09-02T15:51:02,110789.36,sl,-17.807,-1.0018,2025-09
2025-09-02T16:29:01,flip,SELL,110625.56,111145.38,110209.7,519.82,0.0,2025-09-02T18:47:01,110209.7,tp,8.3171,0.8,2025-09
2025-09-02T19:09:01,flip,BUY,110810.28,110551.93,111016.96,258.35,0.0,2025-09-02T19:14:43,110551.5,sl,-5.1756,-1.0017,2025-09
2025-09-02T20:03:01,cont,BUY,110859.48,110458.66,111180.14,400.82,54.0,2025-09-02T20:14:56,111180.14,tp,6.4131,0.8,2025-09
2025-09-02T20:41:01,cont,BUY,111403.87,111107.6,111640.89,296.27,92.0,2025-09-02T22:00:07,111089.45,sl,-6.2884,-1.0613,2025-09
2025-09-03T06:22:01,flip,BUY,110835.07,110725.09,110923.05,109.98,0.0,2025-09-03T06:49:06,110718.78,sl,-2.3258,-1.0574,2025-09
2025-09-03T06:56:01,flip,SELL,110700.29,110773.92,110641.39,73.63,0.0,2025-09-03T07:00:18,110774.74,sl,-1.489,-1.0111,2025-09
2025-09-03T07:08:01,cont,SELL,110633.1,110866.99,110445.99,233.89,12.0,2025-09-03T07:31:00,110868.09,sl,-4.6998,-1.0047,2025-09
2025-09-03T07:38:01,flip,BUY,110993.83,110792.79,111154.66,201.04,0.0,2025-09-03T08:01:14,111154.66,tp,3.2166,0.8,2025-09
2025-09-03T08:17:01,cont,BUY,111299.54,111172.39,111401.26,127.15,39.0,2025-09-03T08:18:12,111171.84,sl,-2.554,-1.0043,2025-09
2025-09-03T08:26:01,flip,SELL,111072.9,111166.21,110998.25,93.31,0.0,2025-09-03T08:31:47,111168.61,sl,-1.9142,-1.0257,2025-09
2025-09-03T08:38:01,cont,SELL,111016.67,111155.89,110905.29,139.22,12.0,2025-09-03T09:18:00,111157.67,sl,-2.82,-1.0128,2025-09
2025-09-03T10:00:01,flip,BUY,111331.0,111101.27,111514.78,229.73,0.0,2025-09-03T11:02:16,111514.78,tp,3.6757,0.8,2025-09
2025-09-03T18:37:01,flip,SELL,111943.74,112166.62,111765.44,222.88,0.0,2025-09-03T19:51:24,112167.91,sl,-4.4834,-1.0058,2025-09
2025-09-03T20:08:01,flip,BUY,112307.18,112183.55,112406.08,123.63,0.0,2025-09-03T20:10:39,112179.92,sl,-2.5452,-1.0294,2025-09
2025-09-03T20:20:01,flip,SELL,112122.27,112174.95,112080.13,52.68,0.0,2025-09-03T20:22:30,112180.07,sl,-1.156,-1.0972,2025-09
2025-09-03T20:48:01,flip,BUY,112273.02,112123.08,112392.97,149.94,0.0,2025-09-03T21:24:24,112122.99,sl,-3.0006,-1.0006,2025-09
2025-09-03T21:32:01,flip,SELL,112089.67,112158.84,112034.33,69.17,0.0,2025-09-03T21:32:14,112034.33,tp,1.1067,0.8,2025-09
2025-09-04T00:53:01,flip,BUY,112194.19,112041.58,112316.28,152.61,0.0,2025-09-04T01:03:14,112040.6,sl,-3.0718,-1.0064,2025-09
2025-09-04T01:11:01,flip,SELL,111901.25,111966.84,111848.78,65.59,0.0,2025-09-04T01:12:04,111848.78,tp,1.0494,0.8,2025-09
2025-09-04T02:21:01,cont,SELL,111667.94,112051.63,111360.99,383.69,70.0,2025-09-04T03:29:22,111360.99,tp,6.139,0.8,2025-09
2025-09-04T04:18:01,flip,BUY,111358.64,111230.53,111461.13,128.11,0.0,2025-09-04T04:22:14,111229.86,sl,-2.5756,-1.0052,2025-09
2025-09-04T04:54:01,flip,SELL,111122.53,111238.68,111029.61,116.15,0.0,2025-09-04T04:58:11,111029.61,tp,1.8584,0.8,2025-09
2025-09-04T05:19:01,cont,SELL,110747.15,110908.36,110618.18,161.21,25.0,2025-09-04T05:30:30,110921.23,sl,-3.4816,-1.0798,2025-09
2025-09-04T05:57:01,cont,SELL,110647.37,110918.58,110430.4,271.21,63.0,2025-09-04T06:22:47,110430.4,tp,4.3394,0.8,2025-09
2025-09-04T06:48:01,cont,SELL,110384.2,110591.88,110218.06,207.68,114.0,2025-09-04T07:11:40,110598.55,sl,-4.287,-1.0321,2025-09
2025-09-04T08:06:01,flip,BUY,110631.94,110382.03,110831.87,249.91,0.0,2025-09-04T08:29:25,110831.87,tp,3.9986,0.8,2025-09
2025-09-04T10:03:01,cont,BUY,110893.23,110634.7,111100.05,258.53,117.0,2025-09-04T10:10:44,111100.05,tp,4.1365,0.8,2025-09
2025-09-04T12:41:01,flip,SELL,110626.53,111154.98,110203.77,528.45,0.0,2025-09-04T14:03:35,110203.77,tp,8.4552,0.8,2025-09
2025-09-04T14:04:01,cont,SELL,110133.3,110593.59,109765.07,460.29,83.0,2025-09-04T14:10:03,109765.07,tp,7.3646,0.8,2025-09
2025-09-04T21:01:01,flip,BUY,110438.37,110260.01,110581.06,178.36,0.0,2025-09-04T22:05:15,110581.06,tp,2.8538,0.8,2025-09
2025-09-04T22:06:01,cont,BUY,110600.8,110490.42,110689.1,110.38,65.0,2025-09-04T22:25:31,110689.1,tp,1.7661,0.8,2025-09
2025-09-04T22:57:01,cont,BUY,111205.81,110744.94,111574.51,460.87,116.0,2025-09-04T22:58:35,111574.51,tp,7.3739,0.8,2025-09
2025-09-05T00:08:01,flip,SELL,110619.12,110811.89,110464.9,192.77,0.0,2025-09-05T00:34:54,110812.49,sl,-3.8674,-1.0031,2025-09
2025-09-05T00:56:01,cont,SELL,110504.6,110939.11,110156.99,434.51,48.0,2025-09-05T01:36:45,110950.27,sl,-8.9134,-1.0257,2025-09
2025-09-05T01:52:01,flip,BUY,111089.09,110927.88,111218.06,161.21,0.0,2025-09-05T02:03:16,111218.06,tp,2.5794,0.8,2025-09
2025-09-05T02:04:01,cont,BUY,111249.58,111034.92,111421.31,214.66,12.0,2025-09-05T02:09:20,111421.31,tp,3.4346,0.8,2025-09
2025-09-05T02:54:01,cont,BUY,111486.95,111083.88,111809.41,403.07,62.0,2025-09-05T03:38:14,111080.07,sl,-8.1376,-1.0095,2025-09
2025-09-05T15:02:01,flip,SELL,110373.28,110850.04,109991.87,476.76,0.0,2025-09-05T15:21:59,110851.03,sl,-9.555,-1.0021,2025-09
2025-09-05T15:43:01,flip,BUY,111014.53,110659.18,111298.81,355.35,0.0,2025-09-05T16:00:41,110656.95,sl,-7.1516,-1.0063,2025-09
2025-09-05T17:37:01,flip,SELL,110504.12,110930.6,110162.94,426.48,0.0,2025-09-05T18:20:35,110930.97,sl,-8.537,-1.0009,2025-09
2025-09-05T19:21:01,flip,BUY,111344.2,111093.91,111544.43,250.29,0.0,2025-09-05T19:59:34,111544.43,tp,4.0046,0.8,2025-09
2025-09-05T21:00:01,cont,BUY,111684.82,111298.82,111993.62,386.0,99.0,2025-09-05T21:10:29,111289.28,sl,-7.9108,-1.0247,2025-09
2025-09-05T21:17:01,flip,SELL,110597.14,111356.03,109990.03,758.89,0.0,2025-09-06T16:21:24,109990.03,tp,12.1422,0.8,2025-09
2025-09-07T01:28:01,flip,BUY,110556.18,110360.7,110712.56,195.48,0.0,2025-09-07T02:55:13,110712.56,tp,3.1277,0.8,2025-09
2025-09-07T03:22:01,cont,BUY,110734.4,110606.19,110836.97,128.21,114.0,2025-09-07T04:09:12,110601.19,sl,-2.6642,-1.039,2025-09
2025-09-07T04:41:01,cont,SELL,110499.91,110604.97,110415.86,105.06,60.0,2025-09-07T05:02:07,110608.99,sl,-2.1816,-1.0383,2025-09
2025-09-07T05:26:01,flip,BUY,110721.12,110595.32,110821.76,125.8,0.0,2025-09-07T06:09:06,110591.22,sl,-2.598,-1.0326,2025-09
2025-09-07T06:39:01,flip,SELL,110569.6,110624.07,110526.02,54.47,0.0,2025-09-07T06:58:28,110526.02,tp,0.8715,0.8,2025-09
2025-09-07T07:04:01,cont,SELL,110514.65,110560.74,110477.78,46.09,25.0,2025-09-07T07:18:05,110563.97,sl,-0.9864,-1.0701,2025-09
2025-09-07T07:27:01,flip,BUY,110573.34,110471.02,110655.2,102.32,0.0,2025-09-07T07:29:35,110655.2,tp,1.6371,0.8,2025-09
2025-09-07T08:20:01,cont,BUY,110977.93,110695.81,111203.63,282.12,53.0,2025-09-07T08:24:08,111203.63,tp,4.5139,0.8,2025-09
2025-09-07T12:17:01,flip,SELL,111083.85,111195.73,110994.35,111.88,0.0,2025-09-07T12:36:15,111195.79,sl,-2.2388,-1.0005,2025-09
2025-09-07T13:16:01,cont,SELL,111045.16,111202.71,110919.12,157.55,59.0,2025-09-07T13:33:46,111202.87,sl,-3.1542,-1.001,2025-09
2025-09-07T13:51:01,flip,BUY,111260.16,111185.18,111320.14,74.98,0.0,2025-09-07T13:52:02,111183.63,sl,-1.5306,-1.0207,2025-09
2025-09-07T13:55:01,flip,SELL,111152.38,111204.16,111110.96,51.78,0.0,2025-09-07T13:57:11,111209.37,sl,-1.1398,-1.1006,2025-09
2025-09-07T14:08:01,flip,BUY,111307.27,111157.3,111427.25,149.97,0.0,2025-09-07T14:12:31,111156.65,sl,-3.0124,-1.0043,2025-09
2025-09-07T17:18:01,flip,SELL,111036.33,111380.91,110760.67,344.58,0.0,2025-09-07T20:59:31,111386.13,sl,-6.996,-1.0151,2025-09
2025-09-07T21:42:01,cont,SELL,111128.67,111373.53,110932.78,244.86,65.0,2025-09-07T23:18:38,111373.79,sl,-4.9024,-1.0011,2025-09
2025-09-08T00:41:01,flip,BUY,111268.87,111022.27,111466.15,246.6,0.0,2025-09-08T00:46:17,111021.09,sl,-4.9556,-1.0048,2025-09
2025-09-08T02:21:01,flip,SELL,110678.61,110976.3,110440.46,297.69,0.0,2025-09-08T02:32:30,110982.09,sl,-6.0696,-1.0194,2025-09
2025-09-08T07:19:01,flip,BUY,111388.91,110892.8,111785.8,496.11,0.0,2025-09-08T08:40:08,111785.8,tp,7.9378,0.8,2025-09
2025-09-08T08:43:01,cont,BUY,111749.3,111542.18,111915.0,207.12,84.0,2025-09-08T09:13:21,111915.0,tp,3.3139,0.8,2025-09
2025-09-08T11:28:01,flip,SELL,111805.21,111988.08,111658.91,182.87,0.0,2025-09-08T11:48:21,111988.47,sl,-3.6652,-1.0021,2025-09
2025-09-08T12:36:01,flip,BUY,112128.92,111903.67,112309.12,225.25,0.0,2025-09-08T13:06:43,112309.12,tp,3.604,0.8,2025-09
2025-09-08T14:32:01,cont,BUY,112357.12,111865.44,112750.46,491.68,116.0,2025-09-08T14:35:22,112750.46,tp,7.8669,0.8,2025-09
2025-09-08T17:06:01,flip,SELL,112277.93,112704.58,111936.61,426.65,0.0,2025-09-08T20:43:30,111936.61,tp,6.8264,0.8,2025-09
2025-09-08T22:11:01,flip,BUY,112485.49,112362.15,112584.16,123.34,0.0,2025-09-08T22:22:01,112360.08,sl,-2.5082,-1.0168,2025-09
2025-09-08T22:27:01,flip,SELL,112334.32,112400.87,112281.08,66.55,0.0,2025-09-08T22:42:08,112403.08,sl,-1.3752,-1.0332,2025-09
2025-09-08T22:49:01,cont,SELL,112302.07,112414.65,112212.01,112.58,22.0,2025-09-08T23:25:55,112212.01,tp,1.8013,0.8,2025-09
2025-09-08T23:26:01,cont,SELL,112194.03,112291.28,112116.23,97.25,59.0,2025-09-08T23:31:35,112116.23,tp,1.556,0.8,2025-09
2025-09-08T23:42:01,cont,SELL,112081.21,112149.05,112026.94,67.84,75.0,2025-09-08T23:51:02,112026.94,tp,1.0854,0.8,2025-09
2025-09-08T23:52:01,cont,SELL,112011.6,112083.15,111954.36,71.55,85.0,2025-09-08T23:54:24,112084.16,sl,-1.4512,-1.0141,2025-09
2025-09-09T00:19:01,cont,SELL,111952.45,112133.86,111807.32,181.41,112.0,2025-09-09T00:23:14,111807.32,tp,2.9026,0.8,2025-09
2025-09-09T03:13:01,flip,BUY,111480.51,111215.07,111692.86,265.44,0.0,2025-09-09T03:48:18,111692.86,tp,4.247,0.8,2025-09
2025-09-09T03:52:01,cont,BUY,111737.93,111658.33,111801.61,79.6,39.0,2025-09-09T04:02:12,111655.85,sl,-1.6416,-1.0312,2025-09
2025-09-09T04:12:01,cont,BUY,111773.43,111624.02,111892.96,149.41,59.0,2025-09-09T04:17:13,111892.96,tp,2.3906,0.8,2025-09
2025-09-09T10:28:01,flip,SELL,112789.68,113174.52,112481.81,384.84,0.0,2025-09-09T11:59:36,112481.81,tp,6.1574,0.8,2025-09
2025-09-09T12:21:01,flip,BUY,112804.82,112679.51,112905.07,125.31,0.0,2025-09-09T12:34:40,112678.09,sl,-2.5346,-1.0113,2025-09
2025-09-09T12:42:01,flip,SELL,112663.28,112841.51,112520.7,178.23,0.0,2025-09-09T13:05:38,112520.7,tp,2.8517,0.8,2025-09
2025-09-09T13:29:01,flip,BUY,112832.58,112584.69,113030.89,247.89,0.0,2025-09-09T14:00:59,112584.03,sl,-4.971,-1.0027,2025-09
2025-09-09T14:34:01,flip,SELL,111868.77,112462.9,111393.47,594.13,0.0,2025-09-09T15:12:04,111393.47,tp,9.5061,0.8,2025-09
2025-09-09T15:19:01,cont,SELL,111380.34,111560.9,111235.89,180.56,45.0,2025-09-09T15:22:06,111562.51,sl,-3.6434,-1.0089,2025-09
2025-09-09T15:29:01,cont,SELL,111337.88,111547.24,111170.39,209.36,55.0,2025-09-09T15:31:32,111170.39,tp,3.3498,0.8,2025-09
2025-09-09T15:38:01,cont,SELL,111034.42,111310.34,110813.68,275.92,64.0,2025-09-09T15:45:08,110813.68,tp,4.4147,0.8,2025-09
2025-09-09T19:51:01,flip,BUY,111393.01,111271.17,111490.48,121.84,0.0,2025-09-09T20:05:05,111270.49,sl,-2.4504,-1.0056,2025-09
2025-09-09T20:15:01,flip,SELL,111212.5,111257.58,111176.44,45.08,0.0,2025-09-09T20:15:20,111257.93,sl,-0.9086,-1.0078,2025-09
2025-09-09T21:09:01,flip,BUY,111601.14,111409.46,111754.48,191.68,0.0,2025-09-09T21:25:26,111408.87,sl,-3.8454,-1.0031,2025-09
2025-09-09T21:48:01,flip,SELL,111356.41,111517.92,111227.2,161.51,0.0,2025-09-09T22:09:44,111522.34,sl,-3.3186,-1.0274,2025-09
2025-09-09T22:46:01,flip,BUY,111545.78,111360.13,111694.3,185.65,0.0,2025-09-09T23:21:25,111359.22,sl,-3.7312,-1.0049,2025-09
2025-09-09T23:35:01,cont,SELL,111374.75,111483.18,111288.01,108.43,15.0,2025-09-09T23:37:36,111484.98,sl,-2.2046,-1.0166,2025-09
2025-09-10T00:05:01,flip,BUY,111572.85,111465.6,111658.65,107.25,0.0,2025-09-10T00:09:09,111461.71,sl,-2.2228,-1.0363,2025-09
2025-09-10T00:50:01,flip,SELL,111128.75,111281.69,111006.4,152.94,0.0,2025-09-10T00:55:13,111006.4,tp,2.447,0.8,2025-09
2025-09-10T02:12:01,flip,BUY,111335.84,111190.74,111451.92,145.1,0.0,2025-09-10T02:18:17,111190.49,sl,-2.907,-1.0017,2025-09
2025-09-10T02:25:01,cont,BUY,111428.26,111190.49,111618.48,237.77,13.0,2025-09-10T04:27:37,111618.48,tp,3.8043,0.8,2025-09
2025-09-10T05:03:01,flip,SELL,111424.45,111600.79,111283.38,176.34,0.0,2025-09-10T05:14:27,111607.83,sl,-3.6676,-1.0399,2025-09
2025-09-10T06:29:01,flip,BUY,111692.36,111362.43,111956.3,329.93,0.0,2025-09-10T06:42:50,111956.3,tp,5.2789,0.8,2025-09
2025-09-10T07:24:01,cont,BUY,112018.59,111737.68,112243.32,280.91,55.0,2025-09-10T07:29:35,112243.32,tp,4.4946,0.8,2025-09
2025-09-10T07:50:01,cont,BUY,112353.16,112081.59,112570.42,271.57,81.0,2025-09-10T07:54:43,112570.42,tp,4.3451,0.8,2025-09
2025-09-10T08:07:01,cont,BUY,112593.81,112449.31,112709.41,144.5,98.0,2025-09-10T08:12:00,112709.41,tp,2.312,0.8,2025-09
2025-09-10T09:05:01,flip,SELL,112277.03,112426.38,112157.55,149.35,0.0,2025-09-10T09:07:21,112157.55,tp,2.3896,0.8,2025-09
2025-09-10T12:31:01,flip,BUY,113423.52,112566.01,114109.53,857.51,0.0,2025-09-10T13:45:10,114109.53,tp,13.7202,0.8,2025-09
2025-09-10T19:17:01,flip,SELL,113336.69,113670.96,113069.27,334.27,0.0,2025-09-10T20:01:32,113672.41,sl,-6.7144,-1.0043,2025-09
2025-09-10T23:01:01,flip,BUY,113977.14,113574.63,114299.15,402.51,0.0,2025-09-11T03:43:43,114299.15,tp,6.4402,0.8,2025-09
2025-09-11T04:35:01,flip,SELL,114138.83,114337.2,113980.13,198.37,0.0,2025-09-11T05:39:08,114339.54,sl,-4.0142,-1.0118,2025-09
2025-09-11T06:33:01,flip,BUY,114411.17,114112.09,114650.43,299.08,0.0,2025-09-11T07:04:25,114110.81,sl,-6.0072,-1.0043,2025-09
2025-09-11T09:11:01,flip,SELL,113948.16,114263.1,113696.21,314.94,0.0,2025-09-11T12:05:30,114264.87,sl,-6.3342,-1.0056,2025-09
2025-09-11T12:30:01,cont,BUY,114473.0,114140.26,114739.19,332.74,99.0,2025-09-11T12:30:07,114136.45,sl,-6.731,-1.0115,2025-09
2025-09-12T01:28:01,flip,SELL,115779.28,116022.7,115584.54,243.42,0.0,2025-09-12T01:41:49,115584.54,tp,3.8947,0.8,2025-09
2025-09-12T01:54:01,cont,SELL,115573.32,115702.16,115470.25,128.84,26.0,2025-09-12T01:55:48,115470.25,tp,2.0614,0.8,2025-09
2025-09-12T02:53:01,cont,SELL,115369.94,115722.49,115087.9,352.55,85.0,2025-09-12T05:47:24,115725.67,sl,-7.1146,-1.009,2025-09
2025-09-12T06:39:01,flip,SELL,115318.83,115369.72,115278.12,50.89,0.0,2025-09-12T06:41:20,115369.96,sl,-1.0226,-1.0047,2025-09
2025-09-12T07:06:01,flip,BUY,115428.51,115328.54,115508.49,99.97,0.0,2025-09-12T07:14:36,115323.39,sl,-2.1024,-1.0515,2025-09
2025-09-12T07:56:01,flip,SELL,115188.83,115284.76,115112.09,95.93,0.0,2025-09-12T08:04:52,115112.09,tp,1.5349,0.8,2025-09
2025-09-12T08:05:01,cont,SELL,115102.68,115184.32,115037.37,81.64,9.0,2025-09-12T08:11:01,115037.37,tp,1.3062,0.8,2025-09
2025-09-12T09:21:01,cont,SELL,114967.91,115289.18,114710.89,321.27,85.0,2025-09-12T14:01:27,115289.61,sl,-6.434,-1.0013,2025-09
2025-09-12T19:16:01,flip,SELL,116328.05,116569.15,116135.17,241.1,0.0,2025-09-12T19:21:46,116570.82,sl,-4.8554,-1.0069,2025-09
2025-09-12T19:51:01,flip,BUY,116678.9,116522.89,116803.71,156.01,0.0,2025-09-12T19:54:37,116803.71,tp,2.4962,0.8,2025-09
2025-09-12T20:14:01,flip,SELL,116338.28,116570.44,116152.55,232.16,0.0,2025-09-12T20:20:34,116152.55,tp,3.7146,0.8,2025-09
2025-09-12T21:05:01,cont,SELL,116046.93,116461.51,115715.27,414.58,51.0,2025-09-13T01:54:49,115715.27,tp,6.6333,0.8,2025-09
2025-09-13T18:28:01,flip,BUY,115730.7,115483.61,115928.37,247.09,0.0,2025-09-13T20:04:18,115928.37,tp,3.9534,0.8,2025-09
2025-09-14T00:49:01,flip,SELL,115953.25,116062.36,115865.96,109.11,0.0,2025-09-14T01:02:30,115865.96,tp,1.7458,0.8,2025-09
2025-09-14T01:03:01,cont,SELL,115838.3,115996.26,115711.93,157.96,14.0,2025-09-14T01:43:26,116002.99,sl,-3.2938,-1.0426,2025-09
2025-09-14T01:44:01,flip,BUY,115989.61,115879.2,116077.94,110.41,0.0,2025-09-14T02:09:34,116077.94,tp,1.7666,0.8,2025-09
2025-09-14T03:06:01,flip,SELL,115720.61,115958.03,115530.67,237.42,0.0,2025-09-14T04:19:34,115530.67,tp,3.7987,0.8,2025-09
2025-09-14T05:12:01,flip,BUY,115856.44,115791.68,115908.25,64.76,0.0,2025-09-14T05:35:57,115908.25,tp,1.0362,0.8,2025-09
2025-09-14T11:27:01,flip,SELL,115973.63,116154.33,115829.07,180.7,0.0,2025-09-14T11:44:14,115829.07,tp,2.8912,0.8,2025-09
2025-09-14T12:41:01,cont,SELL,115776.85,115920.66,115661.8,143.81,74.0,2025-09-14T13:23:28,115661.8,tp,2.301,0.8,2025-09
2025-09-14T20:43:01,flip,BUY,115852.89,115721.04,115958.37,131.85,0.0,2025-09-14T21:10:38,115721.02,sl,-2.6374,-1.0002,2025-09
2025-09-14T21:19:01,cont,BUY,115967.51,115657.34,116215.65,310.17,36.0,2025-09-14T23:12:16,115654.32,sl,-6.2638,-1.0097,2025-09
2025-09-14T23:31:01,flip,SELL,115388.62,115531.1,115274.64,142.48,0.0,2025-09-14T23:45:19,115274.64,tp,2.2797,0.8,2025-09
2025-09-15T00:08:01,cont,SELL,115141.79,115422.44,114917.27,280.65,37.0,2025-09-15T01:10:42,114917.27,tp,4.4904,0.8,2025-09
2025-09-15T01:14:01,cont,SELL,114908.8,114995.49,114839.45,86.69,103.0,2025-09-15T01:19:25,114997.91,sl,-1.7822,-1.0279,2025-09
2025-09-15T02:01:01,flip,BUY,115360.55,115148.95,115529.83,211.6,0.0,2025-09-15T03:08:38,115529.83,tp,3.3856,0.8,2025-09
2025-09-15T03:09:01,cont,BUY,115550.29,115341.48,115717.34,208.81,68.0,2025-09-15T04:20:02,115717.34,tp,3.341,0.8,2025-09
2025-09-15T06:32:01,flip,SELL,116376.41,116488.37,116286.84,111.96,0.0,2025-09-15T06:35:58,116286.84,tp,1.7914,0.8,2025-09
2025-09-15T06:50:01,cont,SELL,116175.05,116328.5,116052.29,153.45,18.0,2025-09-15T07:15:36,116330.53,sl,-3.1096,-1.0132,2025-09
2025-09-15T07:31:01,cont,SELL,116025.76,116411.04,115717.54,385.28,59.0,2025-09-15T07:43:49,115717.54,tp,6.1645,0.8,2025-09
2025-09-15T08:03:01,cont,SELL,115529.12,115926.41,115211.29,397.29,91.0,2025-09-15T08:49:26,115211.29,tp,6.3566,0.8,2025-09
2025-09-15T13:20:01,flip,BUY,114939.57,114688.32,115140.57,251.25,0.0,2025-09-15T13:41:45,114685.92,sl,-5.073,-1.0096,2025-09
2025-09-15T19:31:01,flip,SELL,115051.4,115256.27,114887.5,204.87,0.0,2025-09-15T19:35:07,115257.98,sl,-4.1316,-1.0083,2025-09
2025-09-15T22:03:01,flip,BUY,115619.92,115220.25,115939.66,399.67,0.0,2025-09-16T00:21:43,115215.41,sl,-8.0902,-1.0121,2025-09
2025-09-16T00:52:01,flip,SELL,115013.81,115223.48,114846.07,209.67,0.0,2025-09-16T01:05:10,115225.95,sl,-4.2428,-1.0118,2025-09
2025-09-16T01:23:01,flip,BUY,115347.0,115232.83,115438.34,114.17,0.0,2025-09-16T01:25:51,115438.34,tp,1.8267,0.8,2025-09
2025-09-16T04:18:01,flip,SELL,115009.67,115462.69,114647.25,453.02,0.0,2025-09-16T04:49:00,115464.31,sl,-9.0928,-1.0036,2025-09
2025-09-16T05:06:01,flip,BUY,115759.75,115455.83,116002.89,303.92,0.0,2025-09-16T06:00:18,116002.89,tp,4.8627,0.8,2025-09
2025-09-16T09:48:01,flip,SELL,115543.5,115763.01,115367.89,219.51,0.0,2025-09-16T11:03:15,115367.89,tp,3.5122,0.8,2025-09
2025-09-16T12:38:01,flip,BUY,115483.8,115291.79,115637.41,192.01,0.0,2025-09-16T13:16:24,115266.08,sl,-4.3544,-1.1339,2025-09
2025-09-16T13:22:01,cont,BUY,115529.34,115258.12,115746.32,271.22,44.0,2025-09-16T13:37:37,115257.09,sl,-5.445,-1.0038,2025-09
2025-09-16T13:44:01,flip,SELL,115079.55,115220.92,114966.45,141.37,0.0,2025-09-16T13:45:45,114966.45,tp,2.2619,0.8,2025-09
2025-09-16T14:58:01,flip,BUY,115346.06,114825.29,115762.68,520.77,0.0,2025-09-16T15:55:46,115762.68,tp,8.3323,0.8,2025-09
2025-09-16T18:42:01,flip,SELL,116312.27,116834.29,115894.65,522.02,0.0,2025-09-16T19:46:46,116851.63,sl,-10.7872,-1.0332,2025-09
2025-09-16T20:19:01,flip,BUY,116976.68,116887.61,117047.94,89.07,0.0,2025-09-16T20:19:18,116887.55,sl,-1.7826,-1.0007,2025-09
2025-09-16T21:15:01,flip,SELL,116695.39,116987.93,116461.36,292.54,0.0,2025-09-16T22:05:35,116988.81,sl,-5.8684,-1.003,2025-09
2025-09-17T02:19:01,flip,BUY,116815.38,116571.15,117010.76,244.23,0.0,2025-09-17T02:52:35,117010.76,tp,3.9077,0.8,2025-09
2025-09-17T03:25:01,flip,SELL,116646.04,116812.46,116512.9,166.42,0.0,2025-09-17T03:41:14,116512.9,tp,2.6627,0.8,2025-09
2025-09-17T03:46:01,cont,SELL,116469.8,116629.53,116342.02,159.73,21.0,2025-09-17T04:30:44,116342.02,tp,2.5557,0.8,2025-09
2025-09-17T04:31:01,cont,SELL,116328.25,116378.09,116288.38,49.84,66.0,2025-09-17T04:40:15,116288.38,tp,0.7974,0.8,2025-09
2025-09-17T05:46:01,flip,BUY,116835.38,116556.76,117058.28,278.62,0.0,2025-09-17T05:55:57,117058.28,tp,4.4579,0.8,2025-09
2025-09-17T06:59:01,cont,BUY,117263.08,116623.94,117774.39,639.14,73.0,2025-09-17T09:49:50,116618.58,sl,-12.89,-1.0084,2025-09
2025-09-17T10:05:01,flip,SELL,116575.99,116654.94,116512.83,78.95,0.0,2025-09-17T10:14:27,116512.83,tp,1.2632,0.8,2025-09
2025-09-17T10:48:01,cont,SELL,116403.73,116506.34,116321.64,102.61,43.0,2025-09-17T10:53:29,116321.64,tp,1.6418,0.8,2025-09
2025-09-17T11:56:01,cont,SELL,116296.24,116401.26,116212.22,105.02,111.0,2025-09-17T12:13:27,116402.91,sl,-2.1334,-1.0157,2025-09
2025-09-17T12:32:01,flip,BUY,116420.11,116266.8,116542.76,153.31,0.0,2025-09-17T12:34:02,116542.76,tp,2.453,0.8,2025-09
2025-09-17T13:36:01,flip,SELL,116109.39,116335.73,115928.32,226.34,0.0,2025-09-17T14:20:08,115928.32,tp,3.6214,0.8,2025-09
2025-09-17T16:47:01,flip,SELL,115449.58,115928.75,115066.24,479.17,0.0,2025-09-17T17:40:02,115932.99,sl,-9.6682,-1.0088,2025-09
2025-09-17T18:05:01,flip,BUY,116248.48,115468.15,116872.74,780.33,0.0,2025-09-17T18:13:47,115467.07,sl,-15.6282,-1.0014,2025-09
2025-09-17T18:45:01,flip,SELL,114932.01,116011.1,114068.74,1079.09,0.0,2025-09-17T19:25:56,116014.61,sl,-21.652,-1.0033,2025-09
2025-09-17T20:09:01,flip,BUY,116105.3,115621.77,116492.12,483.53,0.0,2025-09-17T20:54:40,115618.28,sl,-9.7404,-1.0072,2025-09
2025-09-17T21:04:01,flip,SELL,115488.19,115676.74,115337.35,188.55,0.0,2025-09-17T21:14:00,115678.59,sl,-3.808,-1.0098,2025-09
2025-09-17T21:25:01,flip,BUY,115854.95,115723.04,115960.48,131.91,0.0,2025-09-17T21:42:40,115960.48,tp,2.1106,0.8,2025-09
2025-09-17T22:01:01,cont,BUY,116176.52,115925.32,116377.48,251.2,36.0,2025-09-17T22:39:26,116377.48,tp,4.0192,0.8,2025-09
2025-09-17T22:40:01,cont,BUY,116388.98,116173.37,116561.47,215.61,75.0,2025-09-17T22:52:17,116561.47,tp,3.4498,0.8,2025-09
2025-09-17T23:01:01,cont,BUY,116873.02,116578.19,117108.88,294.83,96.0,2025-09-17T23:29:36,116571.84,sl,-6.0236,-1.0215,2025-09
2025-09-17T23:40:01,flip,SELL,116522.0,116781.66,116314.27,259.66,0.0,2025-09-18T00:10:55,116314.27,tp,4.1546,0.8,2025-09
2025-09-18T00:25:01,cont,SELL,116203.82,116413.63,116035.97,209.81,45.0,2025-09-18T00:39:17,116413.66,sl,-4.1968,-1.0001,2025-09
2025-09-18T01:06:01,flip,BUY,116567.02,116288.18,116790.09,278.84,0.0,2025-09-18T01:43:33,116790.09,tp,4.4614,0.8,2025-09
2025-09-18T02:53:01,cont,BUY,116976.61,116468.98,117382.71,507.63,107.0,2025-09-18T03:07:19,117382.71,tp,8.1221,0.8,2025-09
2025-09-18T04:23:01,flip,SELL,117547.33,117827.63,117323.09,280.3,0.0,2025-09-18T04:37:18,117323.09,tp,4.4848,0.8,2025-09
2025-09-18T05:35:01,cont,SELL,117291.99,117657.21,116999.81,365.22,72.0,2025-09-18T06:27:17,116999.81,tp,5.8435,0.8,2025-09
2025-09-18T07:43:01,flip,BUY,117205.06,117131.71,117263.74,73.35,0.0,2025-09-18T07:52:09,117127.17,sl,-1.5578,-1.0619,2025-09
2025-09-18T08:14:01,cont,BUY,117271.02,117030.4,117463.52,240.62,31.0,2025-09-18T12:11:22,117027.67,sl,-4.867,-1.0113,2025-09
2025-09-18T12:12:01,cont,SELL,117019.6,117148.09,116916.81,128.49,22.0,2025-09-18T12:12:34,117149.65,sl,-2.601,-1.0121,2025-09
2025-09-18T12:22:01,flip,BUY,117313.27,117207.15,117398.17,106.12,0.0,2025-09-18T12:31:51,117206.78,sl,-2.1298,-1.0035,2025-09
2025-09-18T13:10:01,cont,BUY,117352.72,117088.47,117564.12,264.25,48.0,2025-09-18T13:34:21,117564.12,tp,4.228,0.8,2025-09
2025-09-18T13:35:01,cont,BUY,117572.66,117433.3,117684.15,139.36,73.0,2025-09-18T13:36:36,117684.15,tp,2.2298,0.8,2025-09
2025-09-18T14:19:01,cont,BUY,117770.7,117109.11,118299.97,661.59,117.0,2025-09-18T22:57:37,117101.91,sl,-13.3758,-1.0109,2025-09
2025-09-19T13:49:01,flip,BUY,116414.46,116166.15,116613.11,248.31,0.0,2025-09-19T14:44:20,116165.78,sl,-4.9736,-1.0015,2025-09
2025-09-19T15:05:01,flip,SELL,115711.74,116057.14,115435.42,345.4,0.0,2025-09-19T16:04:02,116060.74,sl,-6.98,-1.0104,2025-09
2025-09-19T16:46:01,flip,BUY,116147.6,115888.95,116354.52,258.65,0.0,2025-09-19T17:08:32,115887.11,sl,-5.2098,-1.0071,2025-09
2025-09-19T17:17:01,flip,SELL,115808.28,115914.18,115723.56,105.9,0.0,2025-09-19T17:39:24,115723.56,tp,1.6944,0.8,2025-09
2025-09-19T18:12:01,cont,SELL,115554.48,115622.67,115499.93,68.19,55.0,2025-09-19T18:12:35,115499.93,tp,1.091,0.8,2025-09
2025-09-19T18:21:01,cont,SELL,115439.01,115577.42,115328.28,138.41,64.0,2025-09-19T18:41:01,115577.65,sl,-2.7728,-1.0017,2025-09
2025-09-19T18:57:01,cont,SELL,115425.63,115681.31,115221.09,255.68,100.0,2025-09-19T19:45:01,115221.09,tp,4.0909,0.8,2025-09
2025-09-19T20:13:01,flip,BUY,115379.7,115268.92,115468.32,110.78,0.0,2025-09-19T20:27:30,115468.32,tp,1.7725,0.8,2025-09
2025-09-19T21:19:01,cont,BUY,115518.35,115329.38,115669.53,188.97,66.0,2025-09-19T22:14:04,115669.53,tp,3.0235,0.8,2025-09
2025-09-20T01:15:01,flip,SELL,115667.98,115763.22,115591.79,95.24,0.0,2025-09-20T01:20:10,115765.59,sl,-1.9522,-1.0249,2025-09
2025-09-20T02:01:01,cont,SELL,115634.11,115778.88,115518.29,144.77,46.0,2025-09-20T02:19:30,115518.29,tp,2.3163,0.8,2025-09
2025-09-20T02:48:01,flip,BUY,115646.61,115580.13,115699.79,66.48,0.0,2025-09-20T03:07:31,115579.61,sl,-1.34,-1.0078,2025-09
2025-09-20T03:53:01,flip,SELL,115496.37,115614.28,115402.04,117.91,0.0,2025-09-20T04:38:25,115614.28,sl,-2.3582,-1.0,2025-09
2025-09-20T05:21:01,flip,BUY,115678.14,115574.7,115760.89,103.44,0.0,2025-09-20T05:56:03,115760.89,tp,1.655,0.8,2025-09
2025-09-20T06:48:01,cont,BUY,115784.72,115685.54,115864.06,99.18,87.0,2025-09-20T07:36:05,115864.06,tp,1.5869,0.8,2025-09
2025-09-20T15:47:01,flip,SELL,116034.78,116093.57,115987.75,58.79,0.0,2025-09-20T16:02:35,116100.28,sl,-1.31,-1.1141,2025-09
2025-09-20T16:18:01,cont,SELL,116017.63,116125.73,115931.15,108.1,31.0,2025-09-20T16:37:49,116126.34,sl,-2.1742,-1.0056,2025-09
2025-09-20T17:16:01,cont,SELL,115900.04,116159.65,115692.35,259.61,89.0,2025-09-20T23:31:00,115692.35,tp,4.1538,0.8,2025-09
2025-09-20T23:31:01,cont,SELL,115684.4,115812.91,115581.59,128.51,83.0,2025-09-21T00:16:29,115814.5,sl,-2.602,-1.0124,2025-09
2025-09-21T02:41:01,flip,BUY,115690.36,115640.29,115730.42,50.07,0.0,2025-09-21T02:50:19,115730.42,tp,0.8011,0.8,2025-09
2025-09-21T02:55:01,cont,BUY,115763.5,115690.01,115822.29,73.49,14.0,2025-09-21T03:18:00,115683.77,sl,-1.5946,-1.0849,2025-09
2025-09-21T04:08:01,flip,SELL,115680.43,115738.33,115634.11,57.9,0.0,2025-09-21T04:33:18,115634.11,tp,0.9264,0.8,2025-09
2025-09-21T07:55:01,flip,BUY,115902.16,115685.31,116075.64,216.85,0.0,2025-09-21T08:28:36,115682.93,sl,-4.3846,-1.011,2025-09
2025-09-21T09:16:01,flip,SELL,115594.41,115721.43,115492.79,127.02,0.0,2025-09-21T09:31:24,115492.79,tp,2.0323,0.8,2025-09
2025-09-21T09:32:01,cont,SELL,115464.93,115547.92,115398.54,82.99,16.0,2025-09-21T09:43:53,115550.73,sl,-1.716,-1.0339,2025-09
2025-09-21T12:18:01,flip,BUY,115814.19,115558.67,116018.61,255.52,0.0,2025-09-21T14:40:32,115557.96,sl,-5.1246,-1.0028,2025-09
2025-09-21T15:34:01,cont,SELL,115544.56,115738.81,115389.16,194.25,116.0,2025-09-21T16:43:39,115389.16,tp,3.108,0.8,2025-09
2025-09-21T17:14:01,flip,BUY,115440.23,115313.51,115541.61,126.72,0.0,2025-09-21T17:22:41,115541.61,tp,2.0275,0.8,2025-09
2025-09-21T17:52:01,cont,BUY,115585.3,115413.05,115723.1,172.25,38.0,2025-09-21T18:10:23,115723.1,tp,2.756,0.8,2025-09
2025-09-21T18:11:01,cont,BUY,115739.79,115627.0,115830.02,112.79,57.0,2025-09-21T18:18:53,115626.11,sl,-2.2736,-1.0079,2025-09
2025-09-21T18:51:01,flip,SELL,115578.41,115644.85,115525.26,66.44,0.0,2025-09-21T19:05:35,115525.26,tp,1.063,0.8,2025-09
2025-09-22T04:00:01,flip,BUY,114727.22,114645.73,114792.41,81.49,0.0,2025-09-22T04:05:14,114644.03,sl,-1.6638,-1.0209,2025-09
2025-09-22T04:09:01,flip,SELL,114609.36,114705.09,114532.78,95.73,0.0,2025-09-22T04:11:12,114532.78,tp,1.5317,0.8,2025-09
2025-09-22T04:45:01,cont,SELL,114475.18,114635.84,114346.65,160.66,36.0,2025-09-22T05:57:19,114346.65,tp,2.5706,0.8,2025-09
2025-09-24T06:07:01,flip,BUY,112767.94,112655.77,112857.68,112.17,0.0,2025-09-24T06:20:23,112655.04,sl,-2.258,-1.0065,2025-09
2025-09-24T07:27:01,flip,SELL,112528.39,112780.06,112327.05,251.67,0.0,2025-09-24T09:37:35,112780.64,sl,-5.045,-1.0023,2025-09
2025-09-24T10:17:01,flip,BUY,112873.94,112683.17,113026.56,190.77,0.0,2025-09-24T11:05:56,113026.56,tp,3.0523,0.8,2025-09
2025-09-25T00:37:01,flip,SELL,113153.09,113270.72,113058.99,117.63,0.0,2025-09-25T00:39:37,113271.89,sl,-2.376,-1.0099,2025-09
2025-09-25T00:58:01,cont,SELL,113036.8,113349.6,112786.56,312.8,21.0,2025-09-25T01:13:52,113352.35,sl,-6.311,-1.0088,2025-09
2025-09-25T01:34:01,cont,SELL,112939.26,113363.8,112599.63,424.54,57.0,2025-09-25T01:51:20,112599.63,tp,6.7926,0.8,2025-09
2025-09-25T01:54:01,cont,SELL,112521.46,112726.34,112357.56,204.88,77.0,2025-09-25T01:59:06,112728.67,sl,-4.1442,-1.0114,2025-09
2025-09-25T02:32:01,flip,BUY,113043.06,112552.16,113435.78,490.9,0.0,2025-09-25T03:22:07,112551.06,sl,-9.84,-1.0022,2025-09
2025-09-25T04:17:01,flip,SELL,112214.26,112626.71,111884.3,412.45,0.0,2025-09-25T04:19:34,111884.3,tp,6.5992,0.8,2025-09
2025-09-25T05:01:01,cont,SELL,111652.38,111927.65,111432.16,275.27,44.0,2025-09-25T05:10:43,111929.09,sl,-5.5342,-1.0052,2025-09
2025-09-25T05:19:01,flip,BUY,111973.31,111811.57,112102.7,161.74,0.0,2025-09-25T05:35:48,111811.42,sl,-3.2378,-1.0009,2025-09
2025-09-25T06:12:01,flip,SELL,111655.04,111828.78,111516.05,173.74,0.0,2025-09-25T06:20:43,111831.3,sl,-3.5252,-1.0145,2025-09
2025-09-25T06:54:01,cont,SELL,111587.28,111837.81,111386.86,250.53,42.0,2025-09-25T07:18:29,111839.5,sl,-5.0444,-1.0067,2025-09
2025-09-25T08:11:01,flip,BUY,111957.9,111743.54,112129.39,214.36,0.0,2025-09-25T08:46:35,111741.91,sl,-4.3198,-1.0076,2025-09
2025-09-25T08:53:01,cont,SELL,111746.07,111832.07,111677.27,86.0,9.0,2025-09-25T09:03:27,111834.73,sl,-1.7732,-1.0309,2025-09
2025-09-25T09:09:01,flip,BUY,111883.8,111745.52,111994.42,138.28,0.0,2025-09-25T09:16:46,111994.42,tp,2.2125,0.8,2025-09
2025-09-25T09:26:01,cont,BUY,112099.98,111909.33,112252.5,190.65,17.0,2025-09-25T09:27:26,112252.5,tp,3.0504,0.8,2025-09
2025-09-25T09:43:01,flip,SELL,111872.66,111960.67,111802.25,88.01,0.0,2025-09-25T09:47:52,111802.25,tp,1.4082,0.8,2025-09
2025-09-25T11:14:01,cont,SELL,111571.88,111892.84,111315.11,320.96,91.0,2025-09-25T11:58:54,111315.11,tp,5.1354,0.8,2025-09
2025-09-25T18:55:01,flip,BUY,109712.53,109291.94,110049.0,420.59,0.0,2025-09-25T20:11:55,109288.98,sl,-8.471,-1.007,2025-09
2025-09-25T20:39:01,cont,SELL,109166.48,109460.73,108931.08,294.25,61.0,2025-09-25T21:07:21,109461.95,sl,-5.9094,-1.0041,2025-09
2025-09-26T01:48:01,flip,BUY,109810.9,109583.87,109992.52,227.03,0.0,2025-09-26T02:30:23,109582.29,sl,-4.5722,-1.007,2025-09
2025-09-26T02:31:01,cont,SELL,109532.65,109650.74,109438.18,118.09,5.0,2025-09-26T02:33:07,109650.91,sl,-2.3652,-1.0014,2025-09
2025-09-26T02:48:01,flip,BUY,109753.18,109599.02,109876.51,154.16,0.0,2025-09-26T03:01:51,109597.05,sl,-3.1226,-1.0128,2025-09
2025-09-26T03:07:01,flip,SELL,109528.12,109614.52,109459.0,86.4,0.0,2025-09-26T03:07:17,109459.0,tp,1.3824,0.8,2025-09
2025-09-26T03:29:01,cont,SELL,109389.77,109631.64,109196.27,241.87,22.0,2025-09-26T03:53:27,109642.79,sl,-5.0604,-1.0461,2025-09
2025-09-26T04:36:01,cont,SELL,109326.29,109701.45,109026.16,375.16,89.0,2025-09-26T06:21:30,109702.83,sl,-7.5308,-1.0037,2025-09
2025-09-26T06:43:01,flip,BUY,109667.8,109465.59,109829.57,202.21,0.0,2025-09-26T06:49:03,109465.03,sl,-4.0554,-1.0028,2025-09
2025-09-26T07:30:01,flip,SELL,109357.23,109657.38,109117.11,300.15,0.0,2025-09-26T07:32:23,109117.11,tp,4.8024,0.8,2025-09
2025-09-26T09:13:01,flip,BUY,109720.05,109513.54,109885.26,206.51,0.0,2025-09-26T09:40:45,109512.55,sl,-4.15,-1.0048,2025-09
2025-09-26T10:04:01,flip,SELL,109396.97,109666.58,109181.28,269.61,0.0,2025-09-26T10:17:24,109181.28,tp,4.3138,0.8,2025-09
2025-09-26T10:45:01,cont,SELL,108894.21,109034.32,108782.12,140.11,41.0,2025-09-26T10:48:21,108782.12,tp,2.2418,0.8,2025-09
2025-09-26T11:09:01,cont,SELL,108825.49,109019.92,108669.95,194.43,65.0,2025-09-26T11:33:14,109022.11,sl,-3.9324,-1.0113,2025-09
2025-09-26T11:51:01,flip,BUY,109276.98,109038.16,109468.04,238.82,0.0,2025-09-26T12:10:22,109036.27,sl,-4.8142,-1.0079,2025-09
2025-09-26T12:23:01,flip,SELL,108903.89,109148.57,108708.15,244.68,0.0,2025-09-26T12:28:28,109148.68,sl,-4.8958,-1.0004,2025-09
2025-09-26T13:44:01,flip,BUY,109678.36,109056.55,110175.81,621.81,0.0,2025-09-26T14:25:33,109056.27,sl,-12.4418,-1.0005,2025-09
2025-09-26T14:59:01,cont,SELL,108875.3,109169.3,108640.1,294.0,45.0,2025-09-26T15:04:09,109170.45,sl,-5.903,-1.0039,2025-09
2025-09-26T15:37:01,flip,BUY,109417.63,109257.49,109545.74,160.14,0.0,2025-09-26T15:38:08,109257.35,sl,-3.2056,-1.0009,2025-09
2025-09-26T15:51:01,flip,SELL,109154.35,109390.85,108965.15,236.5,0.0,2025-09-26T16:15:32,109390.91,sl,-4.7312,-1.0003,2025-09
2025-09-26T17:24:01,flip,BUY,109682.84,109306.96,109983.54,375.88,0.0,2025-09-26T17:26:54,109983.54,tp,6.0141,0.8,2025-09
2025-09-26T18:16:01,cont,BUY,110103.61,109783.86,110359.41,319.75,52.0,2025-09-26T18:26:08,110359.41,tp,5.116,0.8,2025-09
2025-09-26T19:27:01,flip,SELL,109430.31,109735.01,109186.55,304.7,0.0,2025-09-26T19:34:20,109186.55,tp,4.8752,0.8,2025-09
2025-09-28T00:29:01,flip,BUY,109844.83,109117.74,110426.5,727.09,0.0,2025-09-28T16:07:46,110426.5,tp,11.6334,0.8,2025-09
2025-09-28T21:17:01,flip,SELL,110761.85,110926.48,110630.15,164.63,0.0,2025-09-28T22:00:05,110926.95,sl,-3.302,-1.0029,2025-09
2025-09-28T22:31:01,flip,BUY,111889.14,111613.89,112109.34,275.25,0.0,2025-09-28T23:00:26,112109.34,tp,4.404,0.8,2025-09
2025-09-28T23:01:01,cont,BUY,112182.2,111877.91,112425.63,304.29,30.0,2025-09-29T01:49:54,111876.89,sl,-6.1062,-1.0034,2025-09
2025-09-29T02:39:01,flip,SELL,111726.71,112070.97,111451.3,344.26,0.0,2025-09-29T08:03:18,112073.77,sl,-6.9412,-1.0081,2025-09
2025-09-29T08:26:01,cont,BUY,112223.39,111971.5,112424.9,251.89,37.0,2025-09-29T08:47:12,112424.9,tp,4.0302,0.8,2025-09
2025-09-29T09:14:01,flip,SELL,112114.45,112208.3,112039.37,93.85,0.0,2025-09-29T09:15:36,112039.37,tp,1.5016,0.8,2025-09
2025-09-29T09:40:01,flip,BUY,112241.07,112131.18,112328.98,109.89,0.0,2025-09-29T09:42:04,112129.89,sl,-2.2236,-1.0117,2025-09
2025-09-29T10:28:01,cont,BUY,112272.48,112063.27,112439.85,209.21,48.0,2025-09-29T10:38:42,112061.73,sl,-4.215,-1.0074,2025-09
2025-09-29T17:03:01,flip,SELL,113553.05,113779.33,113372.03,226.28,0.0,2025-09-29T17:07:25,113780.98,sl,-4.5586,-1.0073,2025-09
2025-09-29T17:13:01,flip,BUY,113913.69,113842.2,113970.88,71.49,0.0,2025-09-29T17:15:16,113841.89,sl,-1.436,-1.0043,2025-09
2025-09-29T17:40:01,cont,BUY,114007.47,113698.53,114254.62,308.94,27.0,2025-09-29T17:53:55,114254.62,tp,4.943,0.8,2025-09
2025-09-30T05:47:01,flip,SELL,113958.81,114085.34,113857.59,126.53,0.0,2025-09-30T06:12:25,114086.43,sl,-2.5524,-1.0086,2025-09
2025-09-30T06:36:01,flip,BUY,114133.66,113916.8,114307.15,216.86,0.0,2025-09-30T06:58:02,113913.06,sl,-4.412,-1.0172,2025-09
2025-09-30T08:22:01,flip,SELL,113626.13,113847.7,113448.87,221.57,0.0,2025-09-30T08:34:13,113448.87,tp,3.5451,0.8,2025-09
2025-09-30T08:39:01,cont,SELL,113492.85,113679.81,113343.28,186.96,17.0,2025-09-30T09:09:42,113343.28,tp,2.9914,0.8,2025-09
2025-09-30T09:11:01,cont,SELL,113328.45,113444.38,113235.71,115.93,49.0,2025-09-30T09:36:05,113235.71,tp,1.8549,0.8,2025-09
2025-09-30T09:59:01,cont,SELL,112845.77,113004.92,112718.45,159.15,97.0,2025-09-30T10:02:22,112718.45,tp,2.5464,0.8,2025-09
2025-09-30T11:48:01,flip,BUY,113131.73,112774.81,113417.27,356.92,0.0,2025-09-30T13:36:38,113417.27,tp,5.7107,0.8,2025-09
2025-09-30T13:39:01,cont,BUY,113450.06,113226.3,113629.07,223.76,111.0,2025-09-30T13:45:29,113629.07,tp,3.5802,0.8,2025-09
2025-09-30T16:35:01,flip,SELL,112965.6,113663.77,112407.06,698.17,0.0,2025-09-30T18:53:24,113667.13,sl,-14.0306,-1.0048,2025-09
2025-09-30T19:21:01,flip,BUY,113941.72,113733.65,114108.18,208.07,0.0,2025-09-30T19:31:22,114108.18,tp,3.3291,0.8,2025-09
2025-09-30T20:54:01,cont,BUY,114539.19,114157.09,114844.87,382.1,93.0,2025-09-30T21:59:03,114152.2,sl,-7.7398,-1.0128,2025-09
2025-09-30T22:34:01,flip,SELL,113948.12,114066.56,113853.37,118.44,0.0,2025-09-30T22:50:17,114066.98,sl,-2.3772,-1.0035,2025-09
2025-09-30T23:02:01,cont,SELL,113874.78,114053.86,113731.52,179.08,28.0,2025-09-30T23:25:07,114054.97,sl,-3.6038,-1.0062,2025-09
2025-10-01T01:07:01,flip,BUY,114339.75,113977.14,114629.84,362.61,0.0,2025-10-01T04:30:07,114629.84,tp,5.8018,0.8,2025-10
2025-10-01T17:08:01,flip,SELL,117546.67,117774.67,117364.27,228.0,0.0,2025-10-01T17:18:33,117364.27,tp,3.648,0.8,2025-10
2025-10-01T17:41:01,cont,SELL,117327.19,117647.1,117071.26,319.91,33.0,2025-10-01T17:49:23,117071.26,tp,5.1186,0.8,2025-10
2025-10-01T22:02:01,flip,BUY,117806.76,117216.57,118278.91,590.19,0.0,2025-10-01T23:16:40,118278.91,tp,9.443,0.8,2025-10
2025-10-01T23:17:01,cont,BUY,118242.96,117699.52,118677.71,543.44,75.0,2025-10-01T23:58:44,118677.71,tp,8.695,0.8,2025-10
2025-10-02T17:03:01,flip,SELL,119653.85,119834.01,119509.72,180.16,0.0,2025-10-02T17:06:52,119837.39,sl,-3.6708,-1.0188,2025-10
2025-10-02T17:21:01,cont,SELL,119586.03,119908.18,119328.31,322.15,18.0,2025-10-02T17:50:46,119910.52,sl,-6.4898,-1.0073,2025-10
2025-10-02T18:25:01,flip,BUY,120311.16,120079.04,120496.86,232.12,0.0,2025-10-02T18:31:39,120077.73,sl,-4.6686,-1.0056,2025-10
2025-10-02T18:51:01,cont,BUY,120340.48,120057.62,120566.77,282.86,26.0,2025-10-02T18:54:12,120566.77,tp,4.5258,0.8,2025-10
2025-10-03T01:24:01,flip,SELL,120142.92,120747.77,119659.04,604.85,0.0,2025-10-03T08:09:12,119659.04,tp,9.6776,0.8,2025-10
2025-10-03T08:54:01,flip,BUY,120056.45,119933.65,120154.69,122.8,0.0,2025-10-03T08:59:39,120154.69,tp,1.9648,0.8,2025-10
2025-10-03T09:24:01,cont,BUY,120324.72,120091.63,120511.19,233.09,30.0,2025-10-03T10:18:34,120511.19,tp,3.7294,0.8,2025-10
2025-10-03T10:28:01,cont,BUY,120613.12,120419.99,120767.62,193.13,94.0,2025-10-03T11:10:21,120417.94,sl,-3.9036,-1.0106,2025-10
2025-10-03T12:35:01,flip,SELL,120214.53,120542.05,119952.51,327.52,0.0,2025-10-03T13:21:09,120544.01,sl,-6.5896,-1.006,2025-10
2025-10-03T13:32:01,flip,BUY,120803.63,120555.92,121001.8,247.71,0.0,2025-10-03T13:32:32,120547.27,sl,-5.1272,-1.0349,2025-10
2025-10-03T14:16:01,flip,SELL,120139.94,120677.84,119709.62,537.9,0.0,2025-10-03T14:37:53,120680.08,sl,-10.8028,-1.0042,2025-10
2025-10-03T15:18:01,flip,BUY,121180.57,120732.66,121538.9,447.91,0.0,2025-10-03T15:22:29,121538.9,tp,7.1666,0.8,2025-10
2025-10-03T15:32:01,cont,BUY,121797.45,121360.68,122146.87,436.77,14.0,2025-10-03T15:53:03,122146.87,tp,6.9883,0.8,2025-10
2025-10-03T15:55:01,cont,BUY,122178.35,121720.64,122544.52,457.71,37.0,2025-10-03T16:00:17,122544.52,tp,7.3234,0.8,2025-10
2025-10-03T16:12:01,cont,BUY,123292.84,122787.16,123697.38,505.68,54.0,2025-10-03T16:25:43,123697.38,tp,8.0909,0.8,2025-10
2025-10-03T16:34:01,cont,BUY,123947.99,123599.73,124226.6,348.26,76.0,2025-10-03T16:46:40,123597.36,sl,-7.0126,-1.0068,2025-10
2025-10-03T17:53:01,flip,SELL,121927.81,123165.13,120937.95,1237.32,0.0,2025-10-05T02:30:44,123205.41,sl,-25.552,-1.0326,2025-10
2025-10-05T04:42:01,flip,BUY,124315.34,123384.82,125059.76,930.52,0.0,2025-10-05T04:45:55,125059.76,tp,14.8883,0.8,2025-10
2025-10-05T10:04:01,flip,SELL,122708.58,123309.32,122227.99,600.74,0.0,2025-10-05T11:24:37,123312.77,sl,-12.0838,-1.0057,2025-10
2025-10-05T11:52:01,flip,BUY,123487.42,123172.19,123739.6,315.23,0.0,2025-10-05T12:02:25,123170.95,sl,-6.3294,-1.0039,2025-10
2025-10-05T14:43:01,flip,SELL,122919.55,123385.04,122547.16,465.49,0.0,2025-10-05T16:50:49,122547.16,tp,7.4478,0.8,2025-10
2025-10-05T23:09:01,flip,BUY,123508.34,122535.06,124286.96,973.28,0.0,2025-10-06T00:17:57,124286.96,tp,15.5725,0.8,2025-10
2025-10-06T21:35:03,flip,SELL,124688.38,125021.92,124421.55,333.54,0.0,2025-10-06T21:38:41,125022.83,sl,-6.689,-1.0027,2025-10
2025-10-06T21:58:10,flip,BUY,125110.56,124921.98,125261.42,188.58,0.0,2025-10-06T22:01:40,125261.42,tp,3.0173,0.8,2025-10
2025-10-06T22:05:02,cont,BUY,125290.19,125227.33,125340.48,62.86,7.0,2025-10-06T22:05:28,125218.88,sl,-1.4262,-1.1344,2025-10
2025-10-06T22:32:01,flip,SELL,125102.88,125326.22,124924.21,223.34,0.0,2025-10-06T22:40:00,124924.21,tp,3.5734,0.8,2025-10
2025-10-06T23:22:04,cont,SELL,124805.83,125179.85,124506.61,374.02,50.0,2025-10-07T02:21:06,124506.61,tp,5.9843,0.8,2025-10
2025-10-07T03:26:01,cont,SELL,124233.11,124691.76,123866.19,458.65,65.0,2025-10-07T04:39:09,124702.46,sl,-9.387,-1.0233,2025-10
2025-10-07T08:47:01,flip,BUY,123931.39,123778.33,124053.84,153.06,0.0,2025-10-07T08:52:32,124053.84,tp,2.449,0.8,2025-10
2025-10-07T09:04:01,cont,BUY,124103.99,123942.77,124232.97,161.22,17.0,2025-10-07T09:14:15,124232.97,tp,2.5795,0.8,2025-10
2025-10-07T09:32:01,cont,BUY,124257.39,124081.01,124398.49,176.38,45.0,2025-10-07T10:13:17,124398.49,tp,2.8221,0.8,2025-10
2025-10-07T10:20:01,cont,BUY,124458.09,124341.84,124551.09,116.25,93.0,2025-10-07T10:28:04,124341.65,sl,-2.3288,-1.0016,2025-10
2025-10-07T11:04:02,flip,SELL,124310.49,124453.86,124195.79,143.37,0.0,2025-10-07T11:20:59,124456.86,sl,-2.9274,-1.0209,2025-10
2025-10-07T11:28:04,flip,BUY,124493.66,124377.04,124586.96,116.62,0.0,2025-10-07T11:31:01,124586.96,tp,1.8659,0.8,2025-10
2025-10-07T12:39:01,cont,BUY,124677.86,124349.87,124940.25,327.99,71.0,2025-10-07T12:45:40,124940.25,tp,5.2478,0.8,2025-10
2025-10-07T14:08:02,flip,SELL,123411.01,124055.04,122895.79,644.03,0.0,2025-10-07T14:10:46,122895.79,tp,10.3045,0.8,2025-10
2025-10-07T14:41:01,cont,SELL,122738.84,123353.36,122247.22,614.52,33.0,2025-10-07T15:07:39,122247.22,tp,9.8323,0.8,2025-10
2025-10-07T15:38:01,cont,SELL,121752.57,122421.98,121217.04,669.41,90.0,2025-10-07T16:23:46,121217.04,tp,10.7106,0.8,2025-10
2025-10-07T20:29:02,flip,BUY,122233.88,122077.31,122359.14,156.57,0.0,2025-10-07T20:58:54,122074.92,sl,-3.1792,-1.0153,2025-10
2025-10-07T21:27:01,cont,BUY,122286.75,121859.71,122628.38,427.04,58.0,2025-10-07T21:49:38,121854.06,sl,-8.6538,-1.0132,2025-10
2025-10-07T23:19:01,flip,SELL,121824.57,121928.05,121741.79,103.48,0.0,2025-10-07T23:22:01,121741.79,tp,1.6557,0.8,2025-10
2025-10-07T23:43:01,cont,SELL,121473.91,121715.3,121280.8,241.39,24.0,2025-10-08T00:15:50,121715.69,sl,-4.8356,-1.0016,2025-10
2025-10-08T00:16:08,flip,BUY,121717.89,121502.56,121890.15,215.33,0.0,2025-10-08T00:32:36,121500.16,sl,-4.3546,-1.0111,2025-10
2025-10-08T00:42:01,cont,BUY,121889.12,121346.2,122323.46,542.92,26.0,2025-10-08T03:45:30,121344.13,sl,-10.8998,-1.0038,2025-10
2025-10-08T03:46:02,cont,SELL,121341.59,121536.08,121186.0,194.49,19.0,2025-10-08T04:04:45,121541.94,sl,-4.007,-1.0301,2025-10
2025-10-08T04:11:01,cont,SELL,121130.22,121546.54,120797.16,416.32,44.0,2025-10-08T04:18:09,121548.89,sl,-8.3734,-1.0056,2025-10
2025-10-08T04:32:04,flip,BUY,121648.69,121394.66,121851.91,254.03,0.0,2025-10-08T04:55:19,121851.91,tp,4.0645,0.8,2025-10
2025-10-08T04:56:01,cont,BUY,121865.94,121604.02,122075.48,261.92,24.0,2025-10-08T05:19:32,121589.0,sl,-5.5388,-1.0573,2025-10
2025-10-08T05:26:04,flip,SELL,121366.22,121464.27,121287.78,98.05,0.0,2025-10-08T05:30:01,121465.31,sl,-1.9818,-1.0106,2025-10
2025-10-08T05:46:01,cont,SELL,121263.45,121578.98,121011.03,315.53,20.0,2025-10-08T06:37:31,121582.8,sl,-6.387,-1.0121,2025-10
2025-10-08T06:38:01,flip,BUY,121594.76,121428.11,121728.08,166.65,0.0,2025-10-08T06:50:16,121728.08,tp,2.6664,0.8,2025-10
2025-10-08T06:55:02,cont,BUY,121740.5,121636.21,121823.93,104.29,17.0,2025-10-08T06:55:51,121823.93,tp,1.6686,0.8,2025-10
2025-10-08T07:06:02,cont,BUY,121928.39,121712.84,122100.83,215.55,28.0,2025-10-08T07:07:34,121708.91,sl,-4.3896,-1.0182,2025-10
2025-10-08T07:23:02,flip,SELL,121600.39,121768.77,121465.69,168.38,0.0,2025-10-08T07:39:46,121465.69,tp,2.6941,0.8,2025-10
2025-10-08T07:40:01,cont,SELL,121438.97,121564.5,121338.55,125.53,17.0,2025-10-08T07:43:57,121568.45,sl,-2.5896,-1.0315,2025-10
2025-10-08T08:21:02,flip,BUY,121999.3,121544.42,122363.2,454.88,0.0,2025-10-08T08:34:23,122363.2,tp,7.2781,0.8,2025-10
2025-10-08T12:10:04,flip,SELL,122775.4,123011.99,122586.13,236.59,0.0,2025-10-08T12:12:00,123013.35,sl,-4.759,-1.0057,2025-10
2025-10-08T12:23:01,cont,SELL,122760.85,123078.99,122506.34,318.14,13.0,2025-10-08T13:08:43,122506.34,tp,5.0902,0.8,2025-10
2025-10-08T13:39:01,cont,SELL,122357.89,122767.85,122029.92,409.96,89.0,2025-10-08T13:43:07,122029.92,tp,6.5594,0.8,2025-10
2025-10-08T17:10:01,flip,BUY,123396.31,121981.83,124527.89,1414.48,0.0,2025-10-09T02:28:09,121976.87,sl,-28.3888,-1.0035,2025-10
2025-10-09T03:07:02,flip,BUY,121941.69,121752.51,122093.03,189.18,0.0,2025-10-09T03:22:23,122093.03,tp,3.0269,0.8,2025-10
2025-10-09T03:23:01,cont,BUY,122129.87,121827.38,122371.86,302.49,16.0,2025-10-09T07:38:00,121827.24,sl,-6.0526,-1.0005,2025-10
2025-10-09T08:16:01,cont,SELL,121670.58,122046.58,121369.78,376.0,48.0,2025-10-09T08:27:37,121369.78,tp,6.016,0.8,2025-10
2025-10-09T08:53:01,cont,SELL,121172.8,121647.51,120793.03,474.71,85.0,2025-10-09T09:06:19,121649.46,sl,-9.5332,-1.0041,2025-10
2025-10-09T09:17:01,flip,BUY,121684.67,121539.14,121801.09,145.53,0.0,2025-10-09T09:22:27,121801.09,tp,2.3285,0.8,2025-10
2025-10-09T09:23:10,cont,BUY,121747.26,121544.47,121909.49,202.79,6.0,2025-10-09T10:03:49,121909.49,tp,3.2446,0.8,2025-10
2025-10-09T10:04:04,cont,BUY,121933.61,121796.18,122043.55,137.43,47.0,2025-10-09T10:18:16,121791.31,sl,-2.846,-1.0354,2025-10
2025-10-09T10:32:02,cont,BUY,121963.58,121721.64,122157.13,241.94,75.0,2025-10-09T10:37:05,122157.13,tp,3.871,0.8,2025-10
2025-10-09T13:56:01,flip,SELL,122337.69,123081.16,121742.91,743.47,0.0,2025-10-09T14:23:29,121742.91,tp,11.8955,0.8,2025-10
2025-10-09T14:26:01,cont,SELL,121797.53,122644.62,121119.86,847.09,30.0,2025-10-09T14:46:47,121119.86,tp,13.5534,0.8,2025-10
2025-10-09T15:44:03,cont,SELL,120852.38,121783.96,120107.12,931.58,108.0,2025-10-09T16:58:19,120107.12,tp,14.9053,0.8,2025-10
2025-10-09T19:28:01,flip,BUY,121196.71,120488.32,121763.42,708.39,0.0,2025-10-09T22:39:23,121763.42,tp,11.3342,0.8,2025-10
2025-10-09T23:14:02,flip,SELL,121524.19,121578.2,121480.98,54.01,0.0,2025-10-09T23:15:56,121480.98,tp,0.8642,0.8,2025-10
2025-10-09T23:50:01,flip,BUY,121636.19,121502.15,121743.42,134.04,0.0,2025-10-09T23:54:08,121743.42,tp,2.1446,0.8,2025-10
2025-10-10T00:03:05,cont,BUY,121821.21,121655.57,121953.72,165.64,13.0,2025-10-10T00:07:13,121655.44,sl,-3.3154,-1.0008,2025-10
2025-10-10T00:25:01,cont,BUY,121844.86,121633.89,122013.64,210.97,35.0,2025-10-10T01:40:29,121632.52,sl,-4.2468,-1.0065,2025-10
2025-10-10T02:03:05,flip,SELL,121503.13,121759.85,121297.75,256.72,0.0,2025-10-10T02:08:58,121297.75,tp,4.1075,0.8,2025-10
2025-10-10T02:33:01,cont,SELL,121290.41,121474.61,121143.05,184.2,30.0,2025-10-10T02:53:06,121143.05,tp,2.9472,0.8,2025-10
2025-10-10T02:54:01,cont,SELL,121087.01,121383.79,120849.59,296.78,51.0,2025-10-10T03:20:23,121384.53,sl,-5.9504,-1.0025,2025-10
2025-10-10T03:31:01,flip,BUY,121566.89,121355.53,121735.98,211.36,0.0,2025-10-10T03:52:34,121354.07,sl,-4.2564,-1.0069,2025-10
2025-10-10T14:18:01,flip,SELL,121196.93,122036.6,120525.19,839.67,0.0,2025-10-10T14:59:21,120525.19,tp,13.4347,0.8,2025-10
2025-10-10T15:22:01,cont,SELL,119725.95,120605.38,119022.41,879.43,64.0,2025-10-10T15:30:40,119022.41,tp,14.0709,0.8,2025-10
2025-10-10T16:18:03,cont,SELL,118630.25,119629.37,117830.95,999.12,120.0,2025-10-10T17:07:47,117830.95,tp,15.9859,0.8,2025-10
2025-10-12T22:01:01,flip,BUY,115504.22,114450.51,116347.19,1053.71,0.0,2025-10-13T11:05:25,114446.67,sl,-21.151,-1.0036,2025-10
2025-10-13T11:25:01,flip,SELL,114252.67,114711.97,113885.23,459.3,0.0,2025-10-13T11:29:50,113885.23,tp,7.3488,0.8,2025-10
2025-10-13T13:31:01,flip,BUY,115051.44,114340.24,115620.4,711.2,0.0,2025-10-13T13:33:45,115620.4,tp,11.3792,0.8,2025-10
2025-10-13T14:53:01,flip,SELL,114104.1,114890.43,113475.04,786.33,0.0,2025-10-13T16:08:28,114893.19,sl,-15.7818,-1.0035,2025-10
2025-10-13T18:23:01,flip,BUY,115329.07,114297.3,116154.49,1031.77,0.0,2025-10-14T01:56:02,114288.76,sl,-20.8062,-1.0083,2025-10
2025-10-14T11:22:01,flip,BUY,111639.57,111325.07,111891.17,314.5,0.0,2025-10-14T12:01:05,111325.03,sl,-6.2908,-1.0001,2025-10
2025-10-14T12:22:01,flip,SELL,111147.36,111421.85,110927.77,274.49,0.0,2025-10-14T12:43:53,110927.77,tp,4.3918,0.8,2025-10
2025-10-14T13:10:02,cont,SELL,110785.58,110987.48,110624.06,201.9,48.0,2025-10-14T13:13:27,110624.06,tp,3.2304,0.8,2025-10
2025-10-14T13:16:01,cont,SELL,110484.33,110791.73,110238.41,307.4,54.0,2025-10-14T13:27:14,110796.29,sl,-6.2392,-1.0148,2025-10
2025-10-14T13:33:01,flip,BUY,110982.2,110583.36,111301.27,398.84,0.0,2025-10-14T13:34:24,110574.83,sl,-8.1474,-1.0214,2025-10
2025-10-14T13:46:01,cont,BUY,111018.59,109941.68,111880.12,1076.91,13.0,2025-10-14T14:16:12,111880.12,tp,17.2306,0.8,2025-10
2025-10-14T14:47:01,cont,BUY,112142.7,111438.55,112706.02,704.15,74.0,2025-10-14T14:59:24,111437.34,sl,-14.1072,-1.0017,2025-10
2025-10-15T04:03:01,flip,SELL,111804.13,112197.12,111489.74,392.99,0.0,2025-10-15T04:18:49,112199.8,sl,-7.9134,-1.0068,2025-10
2025-10-15T04:49:01,flip,BUY,112449.15,112146.67,112691.13,302.48,0.0,2025-10-15T05:40:39,112691.13,tp,4.8397,0.8,2025-10
2025-10-15T05:41:04,cont,BUY,112681.18,112231.92,113040.59,449.26,52.0,2025-10-15T06:14:15,112229.92,sl,-9.0252,-1.0045,2025-10
2025-10-15T09:18:01,flip,SELL,112717.2,113129.35,112387.48,412.15,0.0,2025-10-15T10:02:35,112387.48,tp,6.5944,0.8,2025-10
2025-10-15T10:03:03,cont,SELL,112420.41,112786.91,112127.21,366.5,45.0,2025-10-15T11:17:08,112127.21,tp,5.864,0.8,2025-10
2025-10-15T11:18:01,cont,SELL,111917.94,112681.21,111307.32,763.27,120.0,2025-10-15T13:30:36,111307.32,tp,12.2123,0.8,2025-10
2025-10-15T18:23:01,flip,BUY,111351.16,110876.18,111731.14,474.98,0.0,2025-10-15T20:30:33,110872.17,sl,-9.5798,-1.0084,2025-10
2025-10-16T00:37:01,flip,SELL,110539.8,111499.63,109771.94,959.83,0.0,2025-10-16T02:08:26,111505.09,sl,-19.3058,-1.0057,2025-10
2025-10-16T02:56:04,flip,BUY,111605.99,111491.69,111697.43,114.3,0.0,2025-10-16T03:07:28,111491.67,sl,-2.2864,-1.0002,2025-10
2025-10-16T03:22:01,cont,BUY,111724.35,111457.21,111938.06,267.14,26.0,2025-10-16T03:36:35,111450.45,sl,-5.478,-1.0253,2025-10
2025-10-16T04:44:01,flip,SELL,111002.42,111710.98,110435.57,708.56,0.0,2025-10-16T06:50:28,111713.46,sl,-14.2208,-1.0035,2025-10
2025-10-16T12:03:01,flip,BUY,111963.53,111051.18,112693.41,912.35,0.0,2025-10-16T13:22:20,111044.07,sl,-18.3892,-1.0078,2025-10
2025-10-16T14:08:01,flip,SELL,110594.27,110859.53,110382.06,265.26,0.0,2025-10-16T14:10:41,110382.06,tp,4.2442,0.8,2025-10
2025-10-16T15:41:01,cont,SELL,109702.78,111472.91,108286.68,1770.13,93.0,2025-10-16T16:04:21,108286.68,tp,28.3221,0.8,2025-10
2025-10-17T11:03:02,flip,BUY,104945.94,104560.98,105253.91,384.96,0.0,2025-10-17T11:13:15,105253.91,tp,6.1594,0.8,2025-10
2025-10-17T21:50:02,flip,SELL,107251.29,107446.24,107095.33,194.95,0.0,2025-10-17T21:54:46,107447.5,sl,-3.9242,-1.0065,2025-10
2025-10-17T22:12:02,cont,SELL,107218.31,107462.72,107022.78,244.41,22.0,2025-10-17T22:36:04,107022.78,tp,3.9106,0.8,2025-10
2025-10-17T23:06:04,cont,SELL,106880.39,107067.27,106730.89,186.88,76.0,2025-10-17T23:29:17,106730.89,tp,2.9901,0.8,2025-10
2025-10-17T23:30:02,cont,SELL,106622.57,106812.03,106471.0,189.46,100.0,2025-10-17T23:52:44,106471.0,tp,3.0314,0.8,2025-10
2025-10-18T00:21:02,flip,BUY,106564.32,106444.41,106660.25,119.91,0.0,2025-10-18T00:22:30,106660.25,tp,1.9186,0.8,2025-10
2025-10-18T01:01:03,cont,BUY,106912.51,106610.53,107154.09,301.98,40.0,2025-10-18T01:25:22,107154.09,tp,4.8317,0.8,2025-10
2025-10-18T01:29:05,cont,BUY,107278.87,107173.14,107363.45,105.73,68.0,2025-10-18T01:35:21,107170.43,sl,-2.1688,-1.0256,2025-10
2025-10-18T02:12:03,flip,SELL,106992.73,107343.0,106712.51,350.27,0.0,2025-10-18T02:42:04,106712.51,tp,5.6043,0.8,2025-10
2025-10-18T02:52:02,cont,SELL,106533.36,106759.92,106352.11,226.56,40.0,2025-10-18T03:08:53,106760.08,sl,-4.5344,-1.0007,2025-10
2025-10-18T03:27:02,flip,BUY,107019.49,106946.57,107077.83,72.92,0.0,2025-10-18T03:34:18,107077.83,tp,1.1667,0.8,2025-10
2025-10-18T04:46:02,flip,SELL,106483.22,106759.65,106262.08,276.43,0.0,2025-10-18T05:39:51,106770.06,sl,-5.7368,-1.0377,2025-10
2025-10-18T05:46:02,flip,BUY,106786.44,106709.08,106848.33,77.36,0.0,2025-10-18T05:49:30,106848.33,tp,1.2378,0.8,2025-10
2025-10-18T05:57:05,cont,BUY,106878.57,106761.02,106972.61,117.55,11.0,2025-10-18T06:01:27,106755.21,sl,-2.4672,-1.0494,2025-10
2025-10-18T06:04:01,cont,BUY,106902.25,106749.21,107024.68,153.04,18.0,2025-10-18T07:03:04,107024.68,tp,2.4486,0.8,2025-10
2025-10-18T16:35:01,flip,SELL,106599.18,107347.21,106000.76,748.03,0.0,2025-10-18T20:31:23,107350.74,sl,-15.0312,-1.0047,2025-10
2025-10-19T00:44:01,flip,SELL,106845.39,107325.74,106461.11,480.35,0.0,2025-10-19T03:47:00,107327.52,sl,-9.6426,-1.0037,2025-10
2025-10-19T14:20:01,flip,BUY,108483.89,107410.38,109342.7,1073.51,0.0,2025-10-19T17:15:32,109342.7,tp,17.1762,0.8,2025-10
2025-10-19T18:42:01,cont,BUY,109419.96,109045.25,109719.73,374.71,94.0,2025-10-19T19:11:22,109043.38,sl,-7.5316,-1.005,2025-10
2025-10-19T19:12:02,flip,SELL,109034.48,109167.59,108927.99,133.11,0.0,2025-10-19T19:15:58,109168.04,sl,-2.6712,-1.0034,2025-10
2025-10-19T19:25:01,flip,BUY,109229.16,109104.15,109329.17,125.01,0.0,2025-10-19T19:30:32,109103.31,sl,-2.517,-1.0067,2025-10
2025-10-19T21:13:01,flip,SELL,108753.04,109050.0,108515.47,296.96,0.0,2025-10-19T22:08:11,109050.06,sl,-5.9404,-1.0002,2025-10
2025-10-19T22:31:04,flip,BUY,109390.07,109064.68,109650.38,325.39,0.0,2025-10-19T23:00:35,109062.16,sl,-6.5582,-1.0077,2025-10
2025-10-19T23:18:03,flip,SELL,108870.92,108952.49,108805.66,81.57,0.0,2025-10-19T23:24:51,108805.66,tp,1.3051,0.8,2025-10
2025-10-19T23:34:01,cont,SELL,108750.67,108862.27,108661.39,111.6,16.0,2025-10-19T23:44:34,108661.39,tp,1.7856,0.8,2025-10
2025-10-20T02:46:01,flip,BUY,108866.65,108711.4,108990.85,155.25,0.0,2025-10-20T02:50:33,108990.85,tp,2.484,0.8,2025-10
2025-10-20T03:43:01,cont,BUY,109165.31,108590.86,109624.87,574.45,57.0,2025-10-20T03:50:18,109624.87,tp,9.1912,0.8,2025-10
2025-10-20T08:22:01,flip,SELL,111045.68,111235.17,110894.09,189.49,0.0,2025-10-20T08:29:29,111240.35,sl,-3.8934,-1.0273,2025-10
2025-10-20T09:17:02,cont,SELL,110899.27,111541.32,110385.63,642.05,55.0,2025-10-20T15:07:33,111544.51,sl,-12.9048,-1.005,2025-10
2025-10-20T16:44:01,flip,SELL,110548.39,111323.19,109928.55,774.8,0.0,2025-10-20T17:38:36,109928.55,tp,12.3968,0.8,2025-10
2025-10-21T07:51:01,flip,BUY,108208.76,107676.56,108634.52,532.2,0.0,2025-10-21T08:37:55,107675.29,sl,-10.6694,-1.0024,2025-10
2025-10-21T13:08:01,flip,SELL,108609.8,108934.93,108349.7,325.13,0.0,2025-10-21T13:09:27,108349.7,tp,5.2021,0.8,2025-10
2025-10-21T14:50:02,flip,BUY,110842.23,109710.82,111747.36,1131.41,0.0,2025-10-21T14:55:50,111747.36,tp,18.1026,0.8,2025-10
2025-10-21T15:07:01,cont,BUY,112508.02,111763.21,113103.87,744.81,17.0,2025-10-21T15:28:20,113103.87,tp,11.917,0.8,2025-10
2025-10-21T15:29:01,cont,BUY,113125.6,112378.41,113723.35,747.19,39.0,2025-10-21T16:16:10,113723.35,tp,11.955,0.8,2025-10
2025-10-21T16:37:03,cont,BUY,113959.04,113659.63,114198.57,299.41,107.0,2025-10-21T16:40:26,113651.06,sl,-6.1596,-1.0286,2025-10
2025-10-21T16:52:01,flip,SELL,113462.6,113652.71,113310.51,190.11,0.0,2025-10-21T16:52:55,113310.51,tp,3.0418,0.8,2025-10
2025-10-21T17:18:01,cont,SELL,112312.05,112980.93,111776.95,668.88,26.0,2025-10-21T18:36:58,111776.95,tp,10.7021,0.8,2025-10
2025-10-21T18:37:01,cont,SELL,111748.95,112209.81,111380.26,460.86,105.0,2025-10-21T19:06:53,112211.27,sl,-9.2464,-1.0032,2025-10
2025-10-22T13:40:01,flip,BUY,108515.65,107781.51,109102.96,734.14,0.0,2025-10-22T14:23:16,107780.97,sl,-14.6936,-1.0007,2025-10
2025-10-22T18:17:01,flip,SELL,107553.63,109079.79,106332.7,1526.16,0.0,2025-10-23T06:08:48,109082.23,sl,-30.572,-1.0016,2025-10
2025-10-23T07:55:02,flip,SELL,109303.69,109593.8,109071.6,290.11,0.0,2025-10-23T08:05:01,109595.46,sl,-5.8354,-1.0057,2025-10
2025-10-23T08:17:01,flip,BUY,109761.18,109675.21,109829.96,85.97,0.0,2025-10-23T08:18:01,109829.96,tp,1.3755,0.8,2025-10
2025-10-23T08:56:01,flip,SELL,109450.5,109732.25,109225.1,281.75,0.0,2025-10-23T09:11:29,109225.1,tp,4.508,0.8,2025-10
2025-10-23T09:12:02,cont,SELL,109263.48,109403.49,109151.47,140.01,16.0,2025-10-23T09:14:51,109151.47,tp,2.2402,0.8,2025-10
2025-10-23T09:57:05,flip,BUY,109493.67,109309.02,109641.39,184.65,0.0,2025-10-23T10:15:28,109641.39,tp,2.9544,0.8,2025-10
2025-10-23T11:34:01,flip,SELL,109303.15,109684.92,108997.73,381.77,0.0,2025-10-23T12:02:14,108997.73,tp,6.1083,0.8,2025-10
2025-10-23T13:51:01,flip,BUY,109651.94,109192.78,110019.27,459.16,0.0,2025-10-23T14:07:23,109190.27,sl,-9.2334,-1.0055,2025-10
2025-10-23T14:36:01,cont,BUY,109742.26,108729.22,110552.69,1013.04,45.0,2025-10-23T16:54:54,110552.69,tp,16.2086,0.8,2025-10
2025-10-23T18:14:01,flip,SELL,110905.04,111123.98,110729.89,218.94,0.0,2025-10-23T18:22:01,110729.89,tp,3.503,0.8,2025-10
2025-10-23T18:49:04,cont,SELL,110327.04,110619.95,110092.71,292.91,35.0,2025-10-23T18:54:05,110620.18,sl,-5.8628,-1.0008,2025-10
2025-10-23T19:05:01,cont,SELL,110150.99,110659.65,109744.06,508.66,51.0,2025-10-23T20:58:13,109744.06,tp,8.1386,0.8,2025-10
2025-10-23T22:31:01,flip,BUY,110197.33,109823.9,110496.07,373.43,0.0,2025-10-24T00:41:22,110496.07,tp,5.9749,0.8,2025-10
2025-10-24T14:19:01,flip,SELL,110215.17,110998.39,109588.59,783.22,0.0,2025-10-24T20:56:14,111005.77,sl,-15.812,-1.0094,2025-10
2025-10-24T21:50:01,cont,BUY,111117.72,110657.18,111486.15,460.54,68.0,2025-10-25T04:18:05,111486.15,tp,7.3686,0.8,2025-10
2025-10-25T06:01:01,cont,BUY,111528.03,111101.02,111869.64,427.01,103.0,2025-10-25T12:48:27,111869.64,tp,6.8322,0.8,2025-10
2025-10-25T15:55:01,flip,SELL,111402.43,111561.53,111275.15,159.1,0.0,2025-10-25T16:06:00,111275.15,tp,2.5456,0.8,2025-10
2025-10-26T00:30:01,flip,BUY,111766.61,111353.87,112096.8,412.74,0.0,2025-10-26T03:39:18,111344.52,sl,-8.4418,-1.0227,2025-10
2025-10-27T07:30:01,flip,SELL,115871.52,116059.69,115720.98,188.17,0.0,2025-10-27T07:38:56,115720.98,tp,3.0107,0.8,2025-10
2025-10-27T08:14:02,cont,SELL,115467.14,115773.88,115221.75,306.74,44.0,2025-10-27T08:28:15,115221.75,tp,4.9078,0.8,2025-10
2025-10-27T08:49:01,cont,SELL,115076.29,115422.57,114799.27,346.28,79.0,2025-10-27T10:15:27,115422.94,sl,-6.933,-1.0011,2025-10
2025-10-27T10:19:03,cont,BUY,115477.28,115290.72,115626.53,186.56,58.0,2025-10-27T11:20:20,115289.71,sl,-3.7514,-1.0054,2025-10
2025-10-27T12:35:01,flip,SELL,115141.49,115526.01,114833.87,384.52,0.0,2025-10-27T13:36:22,114833.87,tp,6.1523,0.8,2025-10
2025-10-27T16:34:01,flip,BUY,115459.25,114528.31,116204.0,930.94,0.0,2025-10-27T20:56:27,114513.3,sl,-18.919,-1.0161,2025-10
2025-10-27T23:42:01,flip,BUY,114190.44,114062.01,114293.18,128.43,0.0,2025-10-28T00:00:09,114061.06,sl,-2.5876,-1.0074,2025-10
2025-10-28T00:22:01,cont,BUY,114223.9,113905.71,114478.45,318.19,40.0,2025-10-28T00:46:32,113890.26,sl,-6.6728,-1.0486,2025-10
2025-10-28T05:46:01,flip,SELL,113612.2,114097.58,113223.9,485.38,0.0,2025-10-28T06:50:23,114099.4,sl,-9.744,-1.0037,2025-10
2025-10-28T07:03:02,cont,BUY,114199.49,114081.73,114293.7,117.76,29.0,2025-10-28T07:04:55,114293.7,tp,1.8842,0.8,2025-10
2025-10-28T07:23:01,cont,BUY,114332.39,114108.68,114511.36,223.71,49.0,2025-10-28T07:37:24,114104.51,sl,-4.5576,-1.0186,2025-10
2025-10-28T08:26:01,cont,BUY,114400.22,114100.87,114639.7,299.35,112.0,2025-10-28T11:39:38,114639.7,tp,4.7896,0.8,2025-10
2025-10-28T12:09:01,flip,SELL,114250.19,114323.6,114191.46,73.41,0.0,2025-10-28T12:10:55,114329.01,sl,-1.5764,-1.0737,2025-10
2025-10-28T12:19:03,cont,SELL,114236.12,114329.08,114161.75,92.96,10.0,2025-10-28T12:24:19,114161.75,tp,1.4874,0.8,2025-10
2025-10-28T12:45:06,flip,BUY,114373.76,114314.11,114421.48,59.65,0.0,2025-10-28T12:45:43,114421.48,tp,0.9544,0.8,2025-10
2025-10-28T13:03:03,cont,BUY,114536.19,114393.8,114650.1,142.39,18.0,2025-10-28T13:08:42,114650.1,tp,2.2782,0.8,2025-10
2025-10-28T13:33:01,cont,BUY,115199.6,114963.76,115388.27,235.84,48.0,2025-10-28T13:34:35,114961.45,sl,-4.763,-1.0098,2025-10
2025-10-28T13:46:01,cont,BUY,115343.44,114929.29,115674.76,414.15,61.0,2025-10-28T14:13:10,115674.76,tp,6.6264,0.8,2025-10
2025-10-28T19:20:01,flip,SELL,114089.04,115600.77,112879.66,1511.73,0.0,2025-10-28T20:13:11,112879.66,tp,24.1877,0.8,2025-10
2025-10-28T21:08:01,cont,SELL,112245.79,113028.82,111619.37,783.03,108.0,2025-10-28T21:42:06,113033.66,sl,-15.7574,-1.0062,2025-10
2025-10-28T22:43:02,flip,BUY,113285.63,112848.92,113635.0,436.71,0.0,2025-10-28T23:21:22,112844.73,sl,-8.818,-1.0096,2025-10
2025-10-29T00:02:02,flip,SELL,112768.96,113091.79,112510.7,322.83,0.0,2025-10-29T00:47:13,112510.7,tp,5.1653,0.8,2025-10
2025-10-29T01:00:01,cont,SELL,112433.73,112659.33,112253.25,225.6,58.0,2025-10-29T01:21:12,112253.25,tp,3.6096,0.8,2025-10
2025-10-29T01:24:02,cont,SELL,112258.46,112425.35,112124.95,166.89,82.0,2025-10-29T01:25:17,112124.95,tp,2.6702,0.8,2025-10
2025-10-29T05:03:01,flip,BUY,112997.97,112280.63,113571.84,717.34,0.0,2025-10-29T07:54:51,113571.84,tp,11.4774,0.8,2025-10
2025-10-29T08:50:01,flip,SELL,113037.16,113195.52,112910.47,158.36,0.0,2025-10-29T09:11:45,112910.47,tp,2.5338,0.8,2025-10
2025-10-29T09:12:02,cont,SELL,112891.18,113097.9,112725.8,206.72,22.0,2025-10-29T09:20:34,113098.0,sl,-4.1364,-1.0005,2025-10
2025-10-29T09:32:01,cont,SELL,112803.78,113064.49,112595.21,260.71,42.0,2025-10-29T09:51:41,113069.73,sl,-5.319,-1.0201,2025-10
2025-10-29T10:05:06,flip,BUY,113113.45,112964.09,113232.94,149.36,0.0,2025-10-29T10:12:14,112960.85,sl,-3.052,-1.0217,2025-10
2025-10-29T10:37:10,cont,BUY,113137.96,112889.14,113337.02,248.82,32.0,2025-10-29T10:51:46,112888.3,sl,-4.9932,-1.0034,2025-10
2025-10-29T11:31:05,cont,BUY,113184.02,112766.57,113517.98,417.45,86.0,2025-10-29T13:17:28,113517.98,tp,6.6792,0.8,2025-10
2025-10-29T13:46:01,flip,SELL,112929.35,113118.91,112777.7,189.56,0.0,2025-10-29T13:48:13,112777.7,tp,3.033,0.8,2025-10
2025-10-29T14:03:01,cont,SELL,112666.26,113011.84,112389.8,345.58,17.0,2025-10-29T14:21:08,112389.8,tp,5.5293,0.8,2025-10
2025-10-29T15:30:01,cont,SELL,111960.63,112712.4,111359.21,751.77,104.0,2025-10-29T16:04:04,111359.21,tp,12.0283,0.8,2025-10
2025-10-29T17:50:01,flip,BUY,111888.82,111596.35,112122.8,292.47,0.0,2025-10-29T18:00:17,111595.57,sl,-5.865,-1.0027,2025-10
2025-10-29T18:03:01,cont,BUY,111986.34,111319.69,112519.66,666.65,13.0,2025-10-29T18:05:17,111318.0,sl,-13.3668,-1.0025,2025-10
2025-10-30T04:26:01,flip,SELL,109269.22,111796.25,107247.6,2527.03,0.0,2025-10-30T17:20:29,107247.6,tp,40.4325,0.8,2025-10
2025-10-30T20:36:01,flip,BUY,107337.79,106848.51,107729.21,489.28,0.0,2025-10-30T21:25:38,107729.21,tp,7.8285,0.8,2025-10
2025-10-30T21:26:01,cont,BUY,107684.33,107381.27,107926.78,303.06,50.0,2025-10-30T21:53:57,107926.78,tp,4.849,0.8,2025-10
2025-10-30T21:54:01,cont,BUY,107938.85,107640.77,108177.31,298.08,78.0,2025-10-30T22:12:20,107638.57,sl,-6.0056,-1.0074,2025-10
2025-10-30T22:29:01,flip,SELL,107619.69,107771.16,107498.51,151.47,0.0,2025-10-30T22:33:10,107498.51,tp,2.4235,0.8,2025-10
2025-10-30T23:35:01,flip,BUY,108014.37,107580.57,108361.41,433.8,0.0,2025-10-31T00:01:00,108361.41,tp,6.9408,0.8,2025-10
2025-10-31T00:14:01,cont,BUY,108642.35,108311.51,108907.02,330.84,39.0,2025-10-31T00:50:30,108907.02,tp,5.2934,0.8,2025-10
2025-10-31T01:07:01,cont,BUY,109738.82,109178.59,110187.0,560.23,92.0,2025-10-31T02:12:04,109174.45,sl,-11.2874,-1.0074,2025-10
2025-10-31T02:39:01,flip,SELL,108995.35,109457.16,108625.9,461.81,0.0,2025-10-31T02:50:15,108625.9,tp,7.389,0.8,2025-10
2025-10-31T04:41:01,flip,BUY,110196.76,109653.85,110631.09,542.91,0.0,2025-10-31T06:07:55,109653.04,sl,-10.8744,-1.0015,2025-10
2025-10-31T06:37:02,flip,SELL,109566.87,109728.61,109437.48,161.74,0.0,2025-10-31T07:06:45,109437.48,tp,2.5878,0.8,2025-10
2025-10-31T07:50:01,cont,SELL,109353.4,109725.48,109055.74,372.08,73.0,2025-10-31T08:29:18,109737.18,sl,-7.6756,-1.0314,2025-10
2025-10-31T09:18:01,flip,BUY,110347.92,110003.65,110623.34,344.27,0.0,2025-10-31T09:22:58,109999.07,sl,-6.977,-1.0133,2025-10
2025-10-31T09:41:01,flip,SELL,109884.67,109934.77,109844.59,50.1,0.0,2025-10-31T09:41:17,109945.67,sl,-1.22,-1.2176,2025-10
2025-10-31T09:53:04,cont,SELL,109832.9,109997.67,109701.08,164.77,12.0,2025-10-31T10:32:36,109701.08,tp,2.6363,0.8,2025-10
2025-10-31T10:33:01,cont,SELL,109680.75,109902.82,109503.09,222.07,52.0,2025-10-31T10:37:24,109904.54,sl,-4.4758,-1.0077,2025-10
2025-10-31T11:06:02,cont,SELL,109628.9,110088.37,109261.32,459.47,85.0,2025-10-31T11:52:08,110092.12,sl,-9.2644,-1.0082,2025-10
2025-10-31T11:57:01,flip,BUY,110417.65,110053.35,110709.09,364.3,0.0,2025-10-31T12:37:42,110048.92,sl,-7.3746,-1.0122,2025-10
2025-10-31T13:33:01,flip,SELL,109518.13,110207.02,108967.02,688.89,0.0,2025-10-31T14:06:21,110208.78,sl,-13.813,-1.0026,2025-10
2025-10-31T14:55:01,flip,BUY,110636.56,109570.42,111489.47,1066.14,0.0,2025-10-31T16:44:14,109549.87,sl,-21.7338,-1.0193,2025-10
2025-10-31T17:01:01,flip,SELL,108571.15,108785.05,108400.03,213.9,0.0,2025-10-31T17:02:56,108787.48,sl,-4.3266,-1.0114,2025-10
2025-10-31T17:32:01,flip,BUY,109220.68,108691.77,109643.81,528.91,0.0,2025-10-31T18:44:27,109643.81,tp,8.4626,0.8,2025-10
2025-10-31T19:26:02,flip,BUY,109818.9,109043.25,110439.42,775.65,0.0,2025-11-01T04:08:37,110439.42,tp,12.4104,0.8,2025-10
2025-11-01T10:12:02,flip,SELL,109809.34,110222.29,109478.98,412.95,0.0,2025-11-01T15:08:37,110224.0,sl,-8.2932,-1.0041,2025-11
2025-11-01T16:05:01,flip,BUY,110296.72,109959.19,110566.74,337.53,0.0,2025-11-01T21:55:10,109949.0,sl,-6.9544,-1.0302,2025-11
2025-11-02T05:22:02,flip,SELL,110403.75,110544.9,110290.83,141.15,0.0,2025-11-02T05:38:31,110290.83,tp,2.2584,0.8,2025-11
2025-11-02T05:39:03,cont,SELL,110262.63,110446.85,110115.25,184.22,17.0,2025-11-02T05:44:53,110447.47,sl,-3.6968,-1.0034,2025-11
2025-11-02T05:57:02,flip,BUY,110508.1,110330.55,110650.14,177.55,0.0,2025-11-02T06:17:48,110330.14,sl,-3.5592,-1.0023,2025-11
2025-11-02T06:22:02,flip,SELL,110323.12,110350.11,110301.53,26.99,0.0,2025-11-02T06:22:23,110353.48,sl,-0.6072,-1.1249,2025-11
2025-11-02T06:41:01,flip,BUY,110398.75,110256.86,110512.26,141.89,0.0,2025-11-02T06:45:16,110512.26,tp,2.2702,0.8,2025-11
2025-11-02T07:43:02,cont,BUY,110679.74,110393.68,110908.59,286.06,62.0,2025-11-02T07:52:44,110908.59,tp,4.577,0.8,2025-11
2025-11-02T10:31:01,flip,SELL,110405.58,110830.67,110065.51,425.09,0.0,2025-11-02T11:27:54,110832.62,sl,-8.5408,-1.0046,2025-11
2025-11-02T11:41:01,flip,BUY,110905.13,110679.9,111085.31,225.23,0.0,2025-11-02T11:51:56,111085.31,tp,3.6037,0.8,2025-11
2025-11-02T12:46:01,flip,SELL,110741.87,110859.54,110647.73,117.67,0.0,2025-11-02T12:47:51,110647.73,tp,1.8827,0.8,2025-11
2025-11-02T13:06:01,cont,SELL,110602.82,110789.83,110453.21,187.01,20.0,2025-11-02T13:18:09,110453.21,tp,2.9922,0.8,2025-11
2025-11-02T23:43:02,flip,BUY,110525.1,110119.3,110849.74,405.8,0.0,2025-11-03T00:52:21,110119.3,sl,-8.116,-1.0,2025-11
2025-11-03T01:36:01,cont,SELL,109365.74,109839.45,108986.77,473.71,52.0,2025-11-03T01:46:51,109839.79,sl,-9.481,-1.0007,2025-11
2025-11-03T02:30:01,cont,SELL,109214.66,109894.0,108671.19,679.34,106.0,2025-11-03T03:11:50,108671.19,tp,10.8694,0.8,2025-11
2025-11-03T14:08:01,flip,BUY,108289.18,107544.54,108884.89,744.64,0.0,2025-11-03T14:25:37,107539.68,sl,-14.99,-1.0065,2025-11
2025-11-03T14:33:01,flip,SELL,107493.09,107663.67,107356.63,170.58,0.0,2025-11-03T14:37:35,107665.25,sl,-3.4432,-1.0093,2025-11
2025-11-03T14:50:01,flip,BUY,107842.29,107409.71,108188.35,432.58,0.0,2025-11-03T15:20:25,107408.09,sl,-8.684,-1.0037,2025-11
2025-11-03T16:05:01,flip,SELL,105428.72,106530.51,104547.29,1101.79,0.0,2025-11-03T16:26:28,106531.73,sl,-22.0602,-1.0011,2025-11
2025-11-03T16:42:01,flip,BUY,106619.22,106192.25,106960.8,426.97,0.0,2025-11-03T17:18:33,106960.8,tp,6.8315,0.8,2025-11
2025-11-03T17:19:01,cont,BUY,107021.71,106727.07,107257.42,294.64,37.0,2025-11-03T17:21:13,107257.42,tp,4.7142,0.8,2025-11
2025-11-03T20:47:01,flip,SELL,106523.01,107333.93,105874.27,810.92,0.0,2025-11-03T22:30:24,105874.27,tp,12.9747,0.8,2025-11
2025-11-03T22:31:01,cont,SELL,105941.08,106993.45,105099.18,1052.37,104.0,2025-11-04T01:21:04,106997.09,sl,-21.1202,-1.0035,2025-11
2025-11-04T01:39:01,flip,BUY,107194.9,106791.55,107517.58,403.35,0.0,2025-11-04T01:51:06,106790.33,sl,-8.0914,-1.003,2025-11
2025-11-04T02:47:03,flip,SELL,106616.99,107161.12,106181.69,544.13,0.0,2025-11-04T03:43:49,107162.94,sl,-10.919,-1.0033,2025-11
2025-11-04T04:05:01,cont,BUY,107257.76,106982.29,107478.14,275.47,30.0,2025-11-04T04:16:43,106981.37,sl,-5.5278,-1.0033,2025-11
2025-11-04T05:16:03,flip,SELL,106423.46,106650.93,106241.48,227.47,0.0,2025-11-04T05:18:51,106241.48,tp,3.6395,0.8,2025-11
2025-11-04T11:11:02,flip,BUY,104161.58,103556.09,104645.97,605.49,0.0,2025-11-04T11:39:11,104645.97,tp,9.6878,0.8,2025-11
2025-11-04T12:24:02,flip,SELL,104114.59,104282.17,103980.53,167.58,0.0,2025-11-04T12:24:28,103980.53,tp,2.6813,0.8,2025-11
2025-11-04T12:37:03,cont,SELL,103807.32,104101.36,103572.09,294.04,13.0,2025-11-04T13:26:19,103572.09,tp,4.7046,0.8,2025-11
2025-11-04T18:55:01,flip,BUY,101196.2,100470.7,101776.6,725.5,0.0,2025-11-04T19:57:52,100469.98,sl,-14.5244,-1.001,2025-11
2025-11-04T19:58:01,cont,SELL,100450.73,100838.18,100140.77,387.45,6.0,2025-11-04T20:16:18,100140.77,tp,6.1992,0.8,2025-11
2025-11-04T20:17:01,cont,SELL,99980.04,100533.63,99537.17,553.59,25.0,2025-11-04T20:18:43,99537.17,tp,8.8574,0.8,2025-11
2025-11-04T21:31:01,cont,SELL,99612.1,101064.34,98450.31,1452.24,99.0,2025-11-04T22:16:57,101068.28,sl,-29.1236,-1.0027,2025-11
2025-11-04T22:33:01,flip,BUY,101326.59,100922.1,101650.18,404.49,0.0,2025-11-04T22:35:25,101650.18,tp,6.4718,0.8,2025-11
2025-11-05T00:02:01,cont,BUY,101723.58,100866.7,102409.08,856.88,89.0,2025-11-05T00:33:11,100864.67,sl,-17.1782,-1.0024,2025-11
2025-11-05T00:42:01,flip,SELL,100539.33,100803.46,100328.03,264.13,0.0,2025-11-05T01:02:45,100328.03,tp,4.2261,0.8,2025-11
2025-11-05T01:03:01,cont,SELL,100321.81,100690.38,100026.95,368.57,21.0,2025-11-05T01:17:24,100026.95,tp,5.8971,0.8,2025-11
2025-11-05T01:18:01,cont,SELL,99912.29,100393.16,99527.59,480.87,36.0,2025-11-05T01:22:38,99527.59,tp,7.6939,0.8,2025-11
2025-11-05T01:34:01,cont,SELL,99002.47,99499.08,98605.18,496.61,52.0,2025-11-05T01:37:24,99500.23,sl,-9.9552,-1.0023,2025-11
2025-11-05T02:37:01,flip,BUY,101552.89,100933.3,102048.56,619.59,0.0,2025-11-05T03:29:04,102048.56,tp,9.9134,0.8,2025-11
2025-11-05T03:35:01,cont,BUY,102165.62,101848.25,102419.52,317.37,58.0,2025-11-05T04:17:34,101842.45,sl,-6.4634,-1.0183,2025-11
2025-11-05T08:23:01,flip,SELL,101249.23,102137.43,100538.67,888.2,0.0,2025-11-05T09:08:11,102140.93,sl,-17.834,-1.0039,2025-11
2025-11-05T13:42:01,flip,BUY,102868.08,102282.01,103336.94,586.07,0.0,2025-11-05T14:34:48,102279.36,sl,-11.7744,-1.0045,2025-11
2025-11-05T14:43:01,cont,BUY,103308.96,102238.16,104165.6,1070.8,61.0,2025-11-05T18:36:12,104165.6,tp,17.1328,0.8,2025-11
2025-11-05T20:01:01,flip,SELL,103927.91,104122.86,103771.95,194.95,0.0,2025-11-05T20:05:04,104125.18,sl,-3.9454,-1.0119,2025-11
2025-11-05T20:31:01,cont,SELL,103851.87,104531.71,103308.0,679.84,30.0,2025-11-05T22:14:19,103308.0,tp,10.8774,0.8,2025-11
2025-11-05T23:01:01,flip,BUY,103815.08,103680.04,103923.11,135.04,0.0,2025-11-05T23:05:32,103676.04,sl,-2.7808,-1.0296,2025-11
2025-11-05T23:22:02,cont,BUY,103893.47,103647.96,104089.88,245.51,21.0,2025-11-05T23:44:30,104089.88,tp,3.9282,0.8,2025-11
2025-11-05T23:45:01,cont,BUY,104085.0,103840.24,104280.81,244.76,44.0,2025-11-05T23:55:04,103837.34,sl,-4.9532,-1.0118,2025-11
2025-11-06T00:24:01,flip,SELL,103404.74,103800.91,103087.8,396.17,0.0,2025-11-06T01:18:02,103087.8,tp,6.3387,0.8,2025-11
2025-11-06T01:46:01,flip,BUY,103409.84,103255.45,103533.35,154.39,0.0,2025-11-06T02:01:48,103254.07,sl,-3.1154,-1.0089,2025-11
2025-11-06T02:10:01,flip,SELL,103174.03,103338.46,103042.49,164.43,0.0,2025-11-06T02:11:27,103042.49,tp,2.6309,0.8,2025-11
2025-11-06T02:25:01,cont,SELL,102857.92,103106.42,102659.12,248.5,15.0,2025-11-06T02:33:38,103111.62,sl,-5.074,-1.0209,2025-11
2025-11-06T02:47:01,flip,BUY,103473.35,103305.93,103607.29,167.42,0.0,2025-11-06T02:59:46,103303.02,sl,-3.4066,-1.0174,2025-11
2025-11-06T03:10:01,cont,BUY,103567.53,103300.69,103781.0,266.84,23.0,2025-11-06T03:17:52,103781.0,tp,4.2694,0.8,2025-11
2025-11-06T04:46:01,cont,BUY,104168.03,103548.0,104664.05,620.03,119.0,2025-11-06T05:11:16,103545.61,sl,-12.4484,-1.0039,2025-11
2025-11-06T05:38:01,flip,SELL,103240.16,103425.52,103091.87,185.36,0.0,2025-11-06T05:39:54,103091.87,tp,2.9658,0.8,2025-11
2025-11-06T06:10:01,cont,SELL,103073.51,103329.67,102868.58,256.16,32.0,2025-11-06T06:15:25,103330.46,sl,-5.139,-1.0031,2025-11
2025-11-06T06:23:08,flip,BUY,103496.41,103324.27,103634.12,172.14,0.0,2025-11-06T06:33:07,103312.46,sl,-3.679,-1.0686,2025-11
2025-11-06T07:03:01,flip,SELL,103228.49,103458.79,103044.25,230.3,0.0,2025-11-06T07:08:03,103460.0,sl,-4.6302,-1.0053,2025-11
2025-11-06T07:16:02,cont,SELL,103157.23,103533.74,102856.02,376.51,13.0,2025-11-06T07:25:00,103534.6,sl,-7.5474,-1.0023,2025-11
2025-11-06T09:03:03,cont,SELL,102911.78,103494.57,102445.55,582.79,120.0,2025-11-06T12:44:26,102445.55,tp,9.3246,0.8,2025-11
2025-11-06T14:36:01,cont,SELL,102421.63,103544.75,101523.13,1123.12,115.0,2025-11-06T16:19:48,101523.13,tp,17.9699,0.8,2025-11
2025-11-06T16:20:01,cont,SELL,101521.24,102265.48,100925.85,744.24,31.0,2025-11-06T16:39:55,100925.85,tp,11.9078,0.8,2025-11
2025-11-06T18:49:01,flip,BUY,102081.12,100935.29,102997.78,1145.83,0.0,2025-11-06T20:31:29,100930.81,sl,-23.0062,-1.0039,2025-11
2025-11-06T20:40:01,flip,SELL,100874.19,101068.91,100718.41,194.72,0.0,2025-11-06T20:43:18,100718.41,tp,3.1155,0.8,2025-11
2025-11-06T21:06:01,cont,SELL,100596.71,101045.67,100237.54,448.96,26.0,2025-11-06T21:42:17,101047.21,sl,-9.01,-1.0034,2025-11
2025-11-06T21:53:01,cont,BUY,101118.08,100712.84,101442.27,405.24,16.0,2025-11-06T23:25:06,101442.27,tp,6.4838,0.8,2025-11
2025-11-07T03:38:02,flip,SELL,102084.29,102234.91,101963.79,150.62,0.0,2025-11-07T03:47:00,101963.79,tp,2.4099,0.8,2025-11
2025-11-07T03:53:01,cont,SELL,101939.27,102051.8,101849.25,112.53,15.0,2025-11-07T03:54:51,101849.25,tp,1.8005,0.8,2025-11
2025-11-07T05:53:01,flip,BUY,102448.93,102212.39,102638.16,236.54,0.0,2025-11-07T06:29:32,102211.59,sl,-4.7468,-1.0034,2025-11
2025-11-07T06:30:04,flip,SELL,102193.62,102422.24,102010.72,228.62,0.0,2025-11-07T06:47:47,102010.72,tp,3.6579,0.8,2025-11
2025-11-07T06:48:01,cont,SELL,101962.01,102050.53,101891.19,88.52,18.0,2025-11-07T06:54:09,101891.19,tp,1.4163,0.8,2025-11
2025-11-07T07:25:01,cont,SELL,101749.31,101961.82,101579.3,212.51,55.0,2025-11-07T07:53:18,101964.77,sl,-4.3092,-1.0139,2025-11
2025-11-07T07:59:01,flip,BUY,101982.22,101893.54,102053.16,88.68,0.0,2025-11-07T08:01:06,101890.29,sl,-1.8386,-1.0366,2025-11
2025-11-07T08:10:02,flip,SELL,101844.7,101930.91,101775.73,86.21,0.0,2025-11-07T08:15:05,101932.66,sl,-1.7592,-1.0203,2025-11
2025-11-07T08:20:01,cont,SELL,101799.54,101920.06,101703.12,120.52,10.0,2025-11-07T08:22:30,101703.12,tp,1.9283,0.8,2025-11
2025-11-07T08:38:01,cont,SELL,101582.61,101845.09,101372.63,262.48,28.0,2025-11-07T09:00:50,101372.63,tp,4.1997,0.8,2025-11
2025-11-07T09:23:01,cont,SELL,101131.9,101435.66,100888.89,303.76,73.0,2025-11-07T09:35:49,100888.89,tp,4.8602,0.8,2025-11
2025-11-07T09:52:01,cont,SELL,100820.25,100971.75,100699.05,151.5,102.0,2025-11-07T09:59:34,100972.08,sl,-3.0366,-1.0022,2025-11
2025-11-07T12:06:01,flip,BUY,100581.23,100257.38,100840.31,323.85,0.0,2025-11-07T12:12:32,100252.28,sl,-6.579,-1.0157,2025-11
2025-11-07T12:55:01,flip,SELL,99174.06,99478.82,98930.25,304.76,0.0,2025-11-07T12:56:08,99482.81,sl,-6.175,-1.0131,2025-11
2025-11-07T13:06:02,flip,BUY,99690.82,99418.69,99908.52,272.13,0.0,2025-11-07T13:10:36,99908.52,tp,4.3541,0.8,2025-11
2025-11-07T13:21:01,cont,BUY,100386.98,99827.29,100834.73,559.69,15.0,2025-11-07T14:36:05,99827.28,sl,-11.194,-1.0,2025-11
2025-11-07T15:10:01,flip,BUY,100853.5,100283.23,101309.72,570.27,0.0,2025-11-07T16:23:24,101309.72,tp,9.1243,0.8,2025-11
2025-11-07T16:24:01,cont,BUY,101334.37,100351.25,102120.87,983.12,74.0,2025-11-07T17:23:59,102120.87,tp,15.7299,0.8,2025-11
2025-11-08T00:27:01,flip,SELL,103028.2,103341.86,102777.27,313.66,0.0,2025-11-08T00:37:44,102777.27,tp,5.0186,0.8,2025-11
2025-11-08T06:37:01,flip,BUY,102429.34,102200.95,102612.05,228.39,0.0,2025-11-08T06:55:47,102199.9,sl,-4.5888,-1.0046,2025-11
2025-11-08T07:22:01,flip,SELL,101969.38,102275.67,101724.35,306.29,0.0,2025-11-08T07:49:36,102277.98,sl,-6.172,-1.0075,2025-11
2025-11-08T08:08:01,flip,BUY,102377.29,102255.64,102474.61,121.65,0.0,2025-11-08T08:10:57,102474.61,tp,1.9464,0.8,2025-11
2025-11-08T08:42:01,cont,BUY,102611.8,102133.01,102994.83,478.79,34.0,2025-11-08T11:38:02,102132.82,sl,-9.5796,-1.0004,2025-11
2025-11-08T11:46:01,flip,SELL,101905.81,102042.19,101796.71,136.38,0.0,2025-11-08T11:46:25,102048.72,sl,-2.8582,-1.0479,2025-11
2025-11-08T11:48:01,cont,SELL,101876.36,102051.65,101736.13,175.29,2.0,2025-11-08T11:51:50,102055.0,sl,-3.5728,-1.0191,2025-11
2025-11-08T11:55:05,cont,SELL,101764.03,102044.54,101539.62,280.51,9.0,2025-11-08T12:42:06,102047.79,sl,-5.6752,-1.0116,2025-11
2025-11-08T13:43:01,flip,BUY,102146.12,101873.96,102363.85,272.16,0.0,2025-11-08T13:46:23,101872.44,sl,-5.4736,-1.0056,2025-11
2025-11-08T14:19:01,flip,SELL,101488.26,101606.76,101393.46,118.5,0.0,2025-11-08T14:20:49,101608.16,sl,-2.398,-1.0118,2025-11
2025-11-08T14:51:01,flip,BUY,102039.98,101849.74,102192.17,190.24,0.0,2025-11-08T14:53:38,101845.41,sl,-3.8914,-1.0228,2025-11
2025-11-08T15:13:04,flip,SELL,101742.77,101886.43,101627.84,143.66,0.0,2025-11-08T15:15:33,101889.32,sl,-2.931,-1.0201,2025-11
2025-11-08T15:19:01,cont,SELL,101666.34,101876.72,101498.04,210.38,6.0,2025-11-08T15:24:31,101498.04,tp,3.3661,0.8,2025-11
2025-11-08T16:43:05,flip,BUY,101915.82,101697.66,102090.35,218.16,0.0,2025-11-08T16:52:54,101692.21,sl,-4.4722,-1.025,2025-11
2025-11-08T17:09:01,flip,SELL,101588.95,101842.75,101385.91,253.8,0.0,2025-11-08T17:23:42,101844.22,sl,-5.1054,-1.0058,2025-11
2025-11-08T17:41:02,flip,BUY,101921.26,101811.84,102008.8,109.42,0.0,2025-11-08T17:51:13,101811.23,sl,-2.2006,-1.0056,2025-11
2025-11-08T17:59:02,cont,BUY,101952.05,101788.52,102082.87,163.53,18.0,2025-11-08T18:31:05,102082.87,tp,2.6165,0.8,2025-11
2025-11-08T18:40:01,cont,BUY,102093.24,101874.88,102267.93,218.36,59.0,2025-11-08T19:18:35,101873.17,sl,-4.4014,-1.0078,2025-11
2025-11-08T23:48:03,flip,SELL,102278.64,102364.55,102209.91,85.91,0.0,2025-11-09T00:10:04,102209.91,tp,1.3746,0.8,2025-11
2025-11-09T09:22:01,flip,BUY,102120.55,101650.37,102496.69,470.18,0.0,2025-11-09T09:53:52,101649.08,sl,-9.4294,-1.0027,2025-11
2025-11-09T10:01:01,flip,SELL,101598.04,101700.31,101516.22,102.27,0.0,2025-11-09T10:07:23,101516.22,tp,1.6363,0.8,2025-11
2025-11-09T10:08:02,cont,SELL,101536.1,101618.95,101469.82,82.85,7.0,2025-11-09T10:09:00,101621.98,sl,-1.7176,-1.0366,2025-11
2025-11-09T10:27:08,flip,BUY,101714.72,101503.79,101883.46,210.93,0.0,2025-11-09T10:50:21,101883.46,tp,3.3749,0.8,2025-11
2025-11-09T11:01:01,cont,BUY,101932.31,101779.17,102054.82,153.14,34.0,2025-11-09T11:04:42,102054.82,tp,2.4502,0.8,2025-11
2025-11-09T12:16:03,cont,BUY,102272.02,102031.68,102464.29,240.34,109.0,2025-11-09T13:27:29,102464.29,tp,3.8454,0.8,2025-11
2025-11-09T14:59:03,flip,SELL,102952.54,103289.26,102683.16,336.72,0.0,2025-11-09T15:06:19,103291.76,sl,-6.7844,-1.0074,2025-11
2025-11-09T15:33:01,flip,BUY,103632.44,103426.18,103797.45,206.26,0.0,2025-11-09T15:35:59,103797.45,tp,3.3002,0.8,2025-11
2025-11-09T21:12:09,flip,SELL,104379.72,104669.8,104147.66,290.08,0.0,2025-11-09T21:40:05,104669.9,sl,-5.8036,-1.0003,2025-11
2025-11-09T22:07:01,cont,SELL,104334.69,104828.5,103939.64,493.81,55.0,2025-11-09T23:00:07,104830.72,sl,-9.9206,-1.0045,2025-11
2025-11-10T00:21:01,flip,BUY,105522.97,104287.44,106511.39,1235.53,0.0,2025-11-10T01:03:17,106511.39,tp,19.7685,0.8,2025-11
2025-11-10T01:04:01,cont,BUY,106516.0,106255.07,106724.74,260.93,43.0,2025-11-10T01:06:18,106255.07,sl,-5.2186,-1.0,2025-11
2025-11-10T01:22:01,flip,SELL,106072.89,106530.84,105706.53,457.95,0.0,2025-11-10T02:00:03,105706.53,tp,7.3272,0.8,2025-11
2025-11-10T04:11:01,flip,BUY,106273.0,105829.55,106627.76,443.45,0.0,2025-11-10T04:33:05,105827.52,sl,-8.9096,-1.0046,2025-11
2025-11-10T05:03:02,cont,BUY,106266.87,105817.97,106625.99,448.9,52.0,2025-11-10T09:15:08,105812.07,sl,-9.096,-1.0131,2025-11
2025-11-11T13:20:01,flip,SELL,104410.81,104691.46,104186.29,280.65,0.0,2025-11-11T14:34:37,104186.29,tp,4.4904,0.8,2025-11
2025-11-11T14:41:04,cont,SELL,104183.85,104371.45,104033.77,187.6,81.0,2025-11-11T14:48:53,104033.77,tp,3.0016,0.8,2025-11
2025-11-12T00:03:01,flip,BUY,103224.71,102835.77,103535.86,388.94,0.0,2025-11-12T00:12:27,102834.72,sl,-7.7998,-1.0027,2025-11
2025-11-12T01:05:01,flip,SELL,102713.12,103157.98,102357.23,444.86,0.0,2025-11-12T01:14:10,103163.09,sl,-8.9994,-1.0115,2025-11
2025-11-12T01:49:01,flip,BUY,103302.19,102991.75,103550.54,310.44,0.0,2025-11-12T02:32:12,102990.22,sl,-6.2394,-1.0049,2025-11
2025-11-12T06:40:01,flip,SELL,103444.79,103534.06,103373.37,89.27,0.0,2025-11-12T06:55:16,103373.37,tp,1.4283,0.8,2025-11
2025-11-12T06:57:02,cont,SELL,103359.8,103458.98,103280.46,99.18,17.0,2025-11-12T07:09:03,103461.31,sl,-2.0302,-1.0235,2025-11
2025-11-12T07:46:08,cont,SELL,103322.09,103520.69,103163.21,198.6,66.0,2025-11-12T07:56:24,103163.21,tp,3.1776,0.8,2025-11
2025-11-12T09:01:01,flip,BUY,104222.35,103979.72,104416.45,242.63,0.0,2025-11-12T09:09:28,104416.45,tp,3.8821,0.8,2025-11
2025-11-12T14:37:01,flip,SELL,104622.39,105165.46,104187.93,543.07,0.0,2025-11-12T14:48:30,104187.93,tp,8.6891,0.8,2025-11
2025-11-12T15:37:01,cont,SELL,103112.82,103686.25,102654.08,573.43,60.0,2025-11-12T15:43:01,102654.08,tp,9.1749,0.8,2025-11
2025-11-12T20:18:01,flip,BUY,101574.25,101111.28,101944.63,462.97,0.0,2025-11-12T22:56:58,101944.63,tp,7.4075,0.8,2025-11
2025-11-12T23:42:01,flip,SELL,101612.67,101980.79,101318.17,368.12,0.0,2025-11-13T00:36:22,101986.65,sl,-7.4796,-1.0159,2025-11
2025-11-13T05:54:01,flip,BUY,102969.37,102714.43,103173.32,254.94,0.0,2025-11-13T05:55:14,103173.32,tp,4.079,0.8,2025-11
2025-11-13T06:20:01,cont,BUY,103277.28,102884.87,103591.21,392.41,26.0,2025-11-13T06:23:58,103591.21,tp,6.2786,0.8,2025-11
2025-11-13T06:57:01,cont,BUY,103620.64,103305.55,103872.71,315.09,63.0,2025-11-13T07:16:40,103872.71,tp,5.0414,0.8,2025-11
2025-11-13T07:22:01,cont,BUY,103798.27,103588.7,103965.93,209.57,88.0,2025-11-13T07:25:45,103965.93,tp,3.3531,0.8,2025-11
2025-11-13T07:56:04,flip,SELL,103409.87,103518.44,103323.01,108.57,0.0,2025-11-13T07:57:24,103323.01,tp,1.7371,0.8,2025-11
2025-11-13T08:04:05,cont,SELL,103290.73,103532.08,103097.65,241.35,8.0,2025-11-13T08:06:58,103533.3,sl,-4.8514,-1.0051,2025-11
2025-11-13T08:26:02,flip,BUY,103657.36,103344.86,103907.36,312.5,0.0,2025-11-13T09:06:27,103344.33,sl,-6.2606,-1.0017,2025-11
2025-11-13T22:24:01,flip,BUY,99292.73,99064.86,99475.03,227.87,0.0,2025-11-13T22:27:25,99475.03,tp,3.6459,0.8,2025-11
2025-11-13T22:39:01,cont,BUY,99581.9,99303.18,99804.88,278.72,15.0,2025-11-13T22:42:12,99804.88,tp,4.4595,0.8,2025-11
2025-11-13T23:13:01,cont,BUY,99922.15,99494.28,100264.45,427.87,49.0,2025-11-13T23:16:40,100264.45,tp,6.8459,0.8,2025-11
2025-11-13T23:36:01,cont,BUY,100409.62,100086.57,100668.06,323.05,72.0,2025-11-13T23:47:36,100076.9,sl,-6.6544,-1.0299,2025-11
2025-11-14T00:07:01,flip,SELL,99240.94,99664.57,98902.04,423.63,0.0,2025-11-14T00:15:31,98902.04,tp,6.7781,0.8,2025-11
2025-11-14T00:16:01,cont,SELL,98842.76,99358.8,98429.93,516.04,9.0,2025-11-14T00:25:07,99363.65,sl,-10.4178,-1.0094,2025-11
2025-11-14T02:18:01,flip,BUY,99768.83,98643.8,100668.85,1125.03,0.0,2025-11-14T04:31:58,98643.13,sl,-22.514,-1.0006,2025-11
2025-11-14T06:27:01,flip,SELL,96782.65,97920.26,95872.56,1137.61,0.0,2025-11-14T06:49:04,95872.56,tp,18.2018,0.8,2025-11
2025-11-14T14:46:01,flip,BUY,96521.62,95851.81,97057.47,669.81,0.0,2025-11-14T15:13:14,95848.16,sl,-13.4692,-1.0054,2025-11
2025-11-14T15:29:01,cont,BUY,96702.14,95766.73,97450.47,935.41,43.0,2025-11-14T17:51:36,95764.98,sl,-18.7432,-1.0019,2025-11
2025-11-14T18:01:01,flip,SELL,95580.26,96074.78,95184.64,494.52,0.0,2025-11-14T18:12:18,96076.83,sl,-9.9314,-1.0041,2025-11
2025-11-14T18:39:01,cont,SELL,95507.67,96270.77,94897.19,763.1,38.0,2025-11-14T18:59:11,94897.19,tp,12.2096,0.8,2025-11
2025-11-15T02:29:01,flip,BUY,95763.18,95320.88,96117.02,442.3,0.0,2025-11-15T02:53:37,96117.02,tp,7.0768,0.8,2025-11
2025-11-15T02:58:02,cont,BUY,96188.48,95824.24,96479.87,364.24,29.0,2025-11-15T03:19:23,96479.87,tp,5.8278,0.8,2025-11
2025-11-15T08:53:01,flip,SELL,95757.89,96222.88,95385.9,464.99,0.0,2025-11-15T13:54:15,96228.09,sl,-9.404,-1.0112,2025-11
2025-11-15T14:14:01,cont,BUY,96430.71,96253.72,96572.3,176.99,113.0,2025-11-15T14:16:31,96251.6,sl,-3.5822,-1.012,2025-11
2025-11-15T14:26:03,flip,SELL,96097.17,96229.77,95991.09,132.6,0.0,2025-11-15T14:31:01,95991.09,tp,2.1216,0.8,2025-11
2025-11-15T15:10:01,flip,BUY,96342.92,96035.75,96588.66,307.17,0.0,2025-11-15T16:05:38,96035.72,sl,-6.144,-1.0001,2025-11
2025-11-15T16:07:02,flip,SELL,95811.7,96279.88,95437.16,468.18,0.0,2025-11-15T17:24:16,96283.13,sl,-9.4286,-1.0069,2025-11
2025-11-15T20:16:02,flip,SELL,95767.36,95863.3,95690.61,95.94,0.0,2025-11-15T20:17:14,95690.61,tp,1.535,0.8,2025-11
2025-11-16T02:48:01,flip,BUY,95742.79,95578.01,95874.61,164.78,0.0,2025-11-16T02:58:25,95874.61,tp,2.6365,0.8,2025-11
2025-11-16T05:40:02,flip,SELL,95815.15,95929.04,95724.04,113.89,0.0,2025-11-16T05:53:27,95931.06,sl,-2.3182,-1.0177,2025-11
2025-11-16T05:58:02,cont,SELL,95819.43,95924.19,95735.62,104.76,18.0,2025-11-16T06:06:43,95925.92,sl,-2.1298,-1.0165,2025-11
2025-11-16T06:58:01,cont,SELL,95741.34,95965.29,95562.18,223.95,78.0,2025-11-16T07:50:59,95976.3,sl,-4.6992,-1.0492,2025-11
2025-11-16T09:47:03,flip,BUY,96162.81,95786.01,96464.25,376.8,0.0,2025-11-16T09:53:52,96464.25,tp,6.0288,0.8,2025-11
2025-11-16T11:41:01,flip,SELL,95456.55,95706.3,95256.75,249.75,0.0,2025-11-16T12:15:30,95709.1,sl,-5.051,-1.0112,2025-11
2025-11-16T12:37:02,cont,SELL,95400.18,95844.97,95044.35,444.79,56.0,2025-11-16T15:53:29,95044.35,tp,7.1166,0.8,2025-11
2025-11-17T03:24:01,flip,BUY,95458.74,94652.44,96103.78,806.3,0.0,2025-11-17T13:27:09,94651.63,sl,-16.1422,-1.001,2025-11
2025-11-17T20:51:01,flip,BUY,92066.0,91375.52,92618.38,690.48,0.0,2025-11-18T00:41:50,91372.86,sl,-13.8628,-1.0039,2025-11
2025-11-18T02:03:01,flip,SELL,91191.6,92072.65,90486.76,881.05,0.0,2025-11-18T03:02:11,90486.76,tp,14.0968,0.8,2025-11
2025-11-18T03:23:01,cont,SELL,90118.71,90435.5,89865.28,316.79,80.0,2025-11-18T03:30:07,89865.28,tp,5.0686,0.8,2025-11
2025-11-18T03:31:01,cont,SELL,89693.92,90210.25,89280.86,516.33,88.0,2025-11-18T03:38:03,90211.51,sl,-10.3518,-1.0024,2025-11
2025-11-18T07:10:01,flip,BUY,89705.9,89313.04,90020.19,392.86,0.0,2025-11-18T07:26:13,90020.19,tp,6.2858,0.8,2025-11
2025-11-18T07:34:01,cont,BUY,90151.53,89913.27,90342.14,238.26,24.0,2025-11-18T07:38:03,90342.14,tp,3.8122,0.8,2025-11
2025-11-18T08:01:01,cont,BUY,90491.18,90287.53,90654.1,203.65,51.0,2025-11-18T08:06:08,90654.1,tp,3.2584,0.8,2025-11
2025-11-18T08:14:03,cont,BUY,90747.76,90574.25,90886.57,173.51,64.0,2025-11-18T08:17:25,90886.57,tp,2.7762,0.8,2025-11
2025-11-18T08:18:01,cont,BUY,90962.77,90661.57,91203.73,301.2,68.0,2025-11-18T08:22:29,90654.16,sl,-6.1722,-1.0246,2025-11
2025-11-18T08:39:01,cont,BUY,91151.44,90620.35,91576.31,531.09,89.0,2025-11-18T12:41:07,91576.31,tp,8.4974,0.8,2025-11
2025-11-18T20:45:01,flip,SELL,92760.87,93655.95,92044.81,895.08,0.0,2025-11-19T00:19:21,92044.81,tp,14.3213,0.8,2025-11
2025-11-19T07:05:01,flip,BUY,91100.51,90886.58,91271.65,213.93,0.0,2025-11-19T07:13:18,91271.65,tp,3.4229,0.8,2025-11
2025-11-19T07:24:01,cont,BUY,91320.58,91122.93,91478.7,197.65,19.0,2025-11-19T07:30:54,91121.09,sl,-3.9898,-1.0093,2025-11
2025-11-19T07:34:01,cont,BUY,91447.39,91121.09,91708.43,326.3,29.0,2025-11-19T07:39:21,91708.43,tp,5.2208,0.8,2025-11
2025-11-19T15:46:01,flip,SELL,90435.08,90791.81,90149.7,356.73,0.0,2025-11-19T15:52:47,90149.7,tp,5.7077,0.8,2025-11
2025-11-19T16:20:01,cont,SELL,89654.7,90149.24,89259.07,494.54,34.0,2025-11-19T17:15:16,89259.07,tp,7.9126,0.8,2025-11
2025-11-19T17:34:01,flip,SELL,89055.55,89484.62,88712.29,429.07,0.0,2025-11-19T17:43:10,89485.57,sl,-8.6004,-1.0022,2025-11
2025-11-19T18:49:01,cont,SELL,88793.54,89609.04,88141.14,815.5,75.0,2025-11-19T20:58:33,89610.78,sl,-16.3448,-1.0021,2025-11
2025-11-19T21:05:01,flip,BUY,89602.3,89359.31,89796.69,242.99,0.0,2025-11-19T21:06:40,89796.69,tp,3.8878,0.8,2025-11
2025-11-19T21:21:01,cont,BUY,90288.14,89504.63,90914.95,783.51,16.0,2025-11-19T23:06:05,90914.95,tp,12.5362,0.8,2025-11
2025-11-20T02:44:05,flip,SELL,92326.89,92647.74,92070.21,320.85,0.0,2025-11-20T02:55:43,92651.18,sl,-6.4858,-1.0107,2025-11
2025-11-20T04:18:01,cont,SELL,92246.66,92646.09,91927.12,399.43,94.0,2025-11-20T04:56:24,92648.62,sl,-8.0392,-1.0063,2025-11
2025-11-20T07:35:01,flip,BUY,92052.91,91770.6,92278.76,282.31,0.0,2025-11-20T07:51:22,92278.76,tp,4.517,0.8,2025-11
2025-11-20T09:19:01,flip,SELL,91844.84,92027.49,91698.72,182.65,0.0,2025-11-20T09:29:22,91698.72,tp,2.9224,0.8,2025-11
2025-11-20T09:41:01,cont,SELL,91673.36,91856.1,91527.17,182.74,22.0,2025-11-20T09:46:27,91527.17,tp,2.9238,0.8,2025-11
2025-11-20T13:31:01,flip,BUY,92135.23,91406.0,92718.61,729.23,0.0,2025-11-20T13:45:36,91405.7,sl,-14.5906,-1.0004,2025-11
2025-11-20T14:08:01,flip,SELL,90724.91,91068.17,90450.3,343.26,0.0,2025-11-20T14:10:13,90450.3,tp,5.4922,0.8,2025-11
2025-11-20T15:07:01,cont,SELL,90432.8,91592.64,89504.93,1159.84,59.0,2025-11-20T16:03:39,89504.93,tp,18.5574,0.8,2025-11
2025-11-20T22:25:03,flip,BUY,87855.4,87673.46,88000.95,181.94,0.0,2025-11-20T22:26:23,88000.95,tp,2.911,0.8,2025-11
2025-11-20T22:32:01,cont,BUY,88117.57,87926.02,88270.81,191.55,7.0,2025-11-20T22:34:17,87924.17,sl,-3.868,-1.0097,2025-11
2025-11-20T23:12:01,flip,SELL,87331.16,88104.38,86712.58,773.22,0.0,2025-11-20T23:37:58,86712.58,tp,12.3715,0.8,2025-11
2025-11-20T23:52:01,cont,SELL,86649.5,86993.16,86374.57,343.66,40.0,2025-11-21T00:08:42,86996.84,sl,-6.9468,-1.0107,2025-11
2025-11-21T00:39:01,cont,BUY,87361.61,86972.14,87673.19,389.47,33.0,2025-11-21T01:17:38,86966.1,sl,-7.9102,-1.0155,2025-11
2025-11-21T02:06:01,flip,SELL,86662.23,87289.71,86160.25,627.48,0.0,2025-11-21T02:18:30,86160.25,tp,10.0397,0.8,2025-11
2025-11-21T02:45:01,cont,SELL,85788.72,86676.93,85078.15,888.21,39.0,2025-11-21T07:20:59,85078.15,tp,14.2114,0.8,2025-11
2025-11-21T11:02:01,flip,BUY,82840.41,82330.28,83248.51,510.13,0.0,2025-11-21T11:41:19,82327.18,sl,-10.2646,-1.0061,2025-11
2025-11-21T11:48:01,flip,SELL,82230.67,82448.64,82056.29,217.97,0.0,2025-11-21T12:04:37,82056.29,tp,3.4875,0.8,2025-11
2025-11-21T12:09:01,cont,SELL,81911.05,82258.1,81633.41,347.05,21.0,2025-11-21T12:14:08,82263.33,sl,-7.0456,-1.0151,2025-11
2025-11-21T12:21:01,cont,SELL,81744.76,82276.38,81319.46,531.62,33.0,2025-11-21T12:22:01,81319.46,tp,8.5059,0.8,2025-11
2025-11-21T13:09:01,flip,BUY,83615.56,83060.76,84059.4,554.8,0.0,2025-11-21T13:17:18,84059.4,tp,8.8768,0.8,2025-11
2025-11-21T13:49:01,cont,BUY,84252.4,83292.87,85020.02,959.53,40.0,2025-11-21T14:37:19,85020.02,tp,15.3525,0.8,2025-11
2025-11-21T14:42:01,cont,BUY,85105.46,84612.11,85500.14,493.35,93.0,2025-11-21T14:45:54,84610.85,sl,-9.8922,-1.0026,2025-11
2025-11-21T14:55:01,cont,BUY,85348.27,84160.27,86298.67,1188.0,106.0,2025-11-21T15:13:05,84157.35,sl,-23.8184,-1.0025,2025-11
2025-11-21T15:28:01,flip,SELL,83702.18,84133.67,83356.99,431.49,0.0,2025-11-21T15:34:38,83356.99,tp,6.9038,0.8,2025-11
2025-11-21T15:35:01,cont,SELL,83321.72,83745.4,82982.78,423.68,7.0,2025-11-21T15:37:44,82982.78,tp,6.7789,0.8,2025-11
2025-11-21T15:53:01,cont,SELL,82775.49,83304.23,82352.5,528.74,25.0,2025-11-21T16:05:13,82352.5,tp,8.4598,0.8,2025-11
2025-11-21T16:37:01,flip,BUY,83304.61,82960.08,83580.23,344.53,0.0,2025-11-21T16:38:05,83580.23,tp,5.5125,0.8,2025-11
2025-11-21T16:50:01,cont,BUY,83777.14,83156.67,84273.52,620.47,13.0,2025-11-21T16:52:39,84273.52,tp,9.9275,0.8,2025-11
2025-11-21T17:05:01,cont,BUY,84910.47,84490.66,85246.32,419.81,28.0,2025-11-21T17:07:43,85246.32,tp,6.717,0.8,2025-11
2025-11-21T18:14:01,flip,SELL,83586.03,84103.36,83172.17,517.33,0.0,2025-11-21T18:28:39,84108.48,sl,-10.449,-1.0099,2025-11
2025-11-21T18:37:01,flip,BUY,84454.64,84097.1,84740.67,357.54,0.0,2025-11-21T18:41:23,84093.31,sl,-7.2266,-1.0106,2025-11
2025-11-21T18:49:01,cont,BUY,84869.78,84207.14,85399.89,662.64,12.0,2025-11-21T19:46:33,84199.39,sl,-13.4078,-1.0117,2025-11
2025-11-21T20:06:03,flip,SELL,83996.1,84296.15,83756.06,300.05,0.0,2025-11-21T20:19:14,83756.06,tp,4.8008,0.8,2025-11
2025-11-21T20:30:01,cont,SELL,83449.59,83810.26,83161.05,360.67,24.0,2025-11-21T20:37:53,83823.08,sl,-7.4698,-1.0355,2025-11
2025-11-21T20:58:01,flip,BUY,84560.87,84198.81,84850.52,362.06,0.0,2025-11-21T21:25:27,84850.52,tp,5.793,0.8,2025-11
2025-11-21T21:26:01,cont,BUY,84875.87,84667.45,85042.61,208.42,28.0,2025-11-21T21:35:23,85042.61,tp,3.3347,0.8,2025-11
2025-11-21T21:37:01,cont,BUY,85164.54,84877.54,85394.14,287.0,39.0,2025-11-21T22:23:26,84876.62,sl,-5.7584,-1.0032,2025-11
2025-11-21T22:59:02,cont,SELL,84269.77,84906.24,83760.59,636.47,38.0,2025-11-21T23:28:31,84910.64,sl,-12.8174,-1.0069,2025-11
2025-11-21T23:42:02,flip,BUY,85167.47,84825.04,85441.41,342.43,0.0,2025-11-22T00:08:26,85441.41,tp,5.4789,0.8,2025-11
2025-11-22T00:09:01,cont,BUY,85372.55,84976.19,85689.64,396.36,27.0,2025-11-22T00:27:27,84975.55,sl,-7.94,-1.0016,2025-11
2025-11-22T00:51:01,flip,SELL,84703.77,85213.78,84295.76,510.01,0.0,2025-11-22T02:34:51,84295.76,tp,8.1602,0.8,2025-11
2025-11-22T02:35:01,cont,SELL,84349.22,85132.29,83722.76,783.07,104.0,2025-11-22T10:25:05,83722.76,tp,12.5291,0.8,2025-11
2025-11-22T10:50:01,flip,SELL,83526.03,83717.56,83372.81,191.53,0.0,2025-11-22T10:58:29,83720.62,sl,-3.8918,-1.016,2025-11
2025-11-22T11:27:01,flip,BUY,84154.17,83814.55,84425.87,339.62,0.0,2025-11-22T12:08:30,83807.49,sl,-6.9336,-1.0208,2025-11
2025-11-22T12:26:01,flip,SELL,83594.57,83827.35,83408.35,232.78,0.0,2025-11-22T12:51:49,83829.15,sl,-4.6916,-1.0077,2025-11
2025-11-22T13:11:02,flip,BUY,84030.76,83642.69,84341.22,388.07,0.0,2025-11-22T14:14:25,84341.22,tp,6.2091,0.8,2025-11
2025-11-22T14:27:01,cont,BUY,84589.47,84299.62,84821.35,289.85,76.0,2025-11-22T14:46:00,84298.02,sl,-5.829,-1.0055,2025-11
2025-11-22T15:40:01,flip,SELL,84162.2,84497.32,83894.1,335.12,0.0,2025-11-22T16:11:08,84501.39,sl,-6.7838,-1.0121,2025-11
2025-11-22T16:43:01,flip,BUY,84612.61,84399.87,84782.8,212.74,0.0,2025-11-22T16:45:01,84782.8,tp,3.4038,0.8,2025-11
2025-11-23T00:57:01,flip,SELL,84841.95,85075.5,84655.11,233.55,0.0,2025-11-23T01:03:22,85081.42,sl,-4.7894,-1.0253,2025-11
2025-11-23T01:28:02,flip,BUY,85442.68,85243.26,85602.22,199.42,0.0,2025-11-23T01:38:08,85602.22,tp,3.1907,0.8,2025-11
2025-11-23T01:54:01,cont,BUY,85970.38,85667.7,86212.52,302.68,26.0,2025-11-23T02:08:54,85665.97,sl,-6.0882,-1.0057,2025-11
2025-11-23T02:39:01,cont,BUY,86248.24,85665.97,86714.06,582.27,71.0,2025-11-23T04:21:14,86714.06,tp,9.3163,0.8,2025-11
2025-11-23T07:18:01,flip,SELL,85684.61,85839.67,85560.56,155.06,0.0,2025-11-23T07:27:07,85560.56,tp,2.481,0.8,2025-11
2025-11-23T07:28:02,cont,SELL,85384.81,85727.5,85110.66,342.69,10.0,2025-11-23T07:49:45,85739.4,sl,-7.0918,-1.0347,2025-11
2025-11-23T08:02:01,flip,BUY,85840.64,85611.84,86023.68,228.8,0.0,2025-11-23T08:11:41,86023.68,tp,3.6608,0.8,2025-11
2025-11-23T08:57:01,cont,BUY,86088.34,85796.73,86321.63,291.61,55.0,2025-11-23T09:41:01,86321.63,tp,4.6658,0.8,2025-11
2025-11-23T11:09:01,flip,SELL,85799.9,85945.7,85683.26,145.8,0.0,2025-11-23T11:15:04,85949.04,sl,-2.9828,-1.0229,2025-11
2025-11-23T11:31:01,flip,BUY,86091.97,85993.94,86170.39,98.03,0.0,2025-11-23T11:34:35,86170.39,tp,1.5685,0.8,2025-11
2025-11-23T11:45:02,cont,BUY,86228.6,86067.86,86357.19,160.74,14.0,2025-11-23T11:48:19,86357.19,tp,2.5718,0.8,2025-11
2025-11-23T12:04:02,cont,BUY,86405.91,86177.4,86588.72,228.51,33.0,2025-11-23T12:14:31,86588.72,tp,3.6562,0.8,2025-11
2025-11-23T14:51:01,flip,SELL,86529.46,86830.48,86288.64,301.02,0.0,2025-11-23T15:33:40,86834.19,sl,-6.0946,-1.0123,2025-11
2025-11-23T15:55:02,cont,BUY,87029.4,86864.24,87161.53,165.16,22.0,2025-11-23T15:57:57,87161.53,tp,2.6426,0.8,2025-11
2025-11-23T16:05:01,cont,BUY,87245.62,87014.46,87430.55,231.16,32.0,2025-11-23T16:08:27,87430.55,tp,3.6986,0.8,2025-11
2025-11-23T16:31:02,flip,SELL,86929.82,87088.93,86802.53,159.11,0.0,2025-11-23T16:32:15,87093.29,sl,-3.2694,-1.0274,2025-11
2025-11-23T16:58:01,cont,SELL,86809.81,87365.9,86364.94,556.09,27.0,2025-11-23T19:22:56,87367.45,sl,-11.1528,-1.0028,2025-11
2025-11-23T19:36:01,flip,BUY,87623.25,87294.08,87886.59,329.17,0.0,2025-11-23T19:58:14,87290.45,sl,-6.656,-1.011,2025-11
2025-11-23T23:05:01,flip,SELL,87498.37,88066.26,87044.06,567.89,0.0,2025-11-23T23:18:25,87044.06,tp,9.0862,0.8,2025-11
2025-11-23T23:34:01,cont,SELL,86812.25,87087.2,86592.29,274.95,29.0,2025-11-24T00:05:00,86592.29,tp,4.3992,0.8,2025-11
2025-11-24T00:50:02,flip,BUY,86953.53,86645.01,87200.35,308.52,0.0,2025-11-24T00:59:01,86641.28,sl,-6.245,-1.0121,2025-11
2025-11-24T01:42:01,flip,SELL,86455.5,86940.48,86067.52,484.98,0.0,2025-11-24T01:56:03,86944.49,sl,-9.7798,-1.0083,2025-11
2025-11-24T11:37:01,flip,BUY,86313.21,85779.13,86740.47,534.08,0.0,2025-11-24T14:40:53,85777.24,sl,-10.7194,-1.0035,2025-11
2025-11-24T14:41:01,flip,SELL,85708.81,86625.23,84975.67,916.42,0.0,2025-11-24T15:07:08,86627.44,sl,-18.3726,-1.0024,2025-11
2025-11-24T16:02:01,flip,BUY,86743.01,85870.34,87441.15,872.67,0.0,2025-11-24T16:43:55,87441.15,tp,13.9627,0.8,2025-11
2025-11-24T16:44:01,cont,BUY,87497.54,87005.46,87891.2,492.08,42.0,2025-11-24T17:10:00,87004.06,sl,-9.8696,-1.0028,2025-11
2025-11-24T17:29:01,cont,BUY,87693.46,86912.78,88318.0,780.68,87.0,2025-11-24T17:57:57,88318.0,tp,12.4909,0.8,2025-11
2025-11-24T19:26:02,flip,SELL,88544.28,88754.11,88376.42,209.83,0.0,2025-11-24T19:38:34,88755.97,sl,-4.2338,-1.0089,2025-11
2025-11-24T19:43:01,cont,SELL,88369.69,88798.04,88027.01,428.35,17.0,2025-11-24T20:19:31,88807.93,sl,-8.7648,-1.0231,2025-11
2025-11-24T20:38:01,flip,BUY,88907.14,88632.06,89127.2,275.08,0.0,2025-11-24T20:49:30,89127.2,tp,4.4013,0.8,2025-11
2025-11-24T22:27:01,flip,SELL,88705.46,89079.86,88405.94,374.4,0.0,2025-11-24T23:38:30,88405.94,tp,5.9904,0.8,2025-11
2025-11-24T23:49:08,cont,SELL,88282.67,88404.22,88185.43,121.55,82.0,2025-11-25T00:01:13,88185.43,tp,1.9448,0.8,2025-11
2025-11-25T00:14:01,cont,SELL,88054.84,88204.03,87935.49,149.19,107.0,2025-11-25T00:16:29,87935.49,tp,2.387,0.8,2025-11
2025-11-25T00:27:05,cont,SELL,87886.76,88053.49,87753.38,166.73,120.0,2025-11-25T00:34:36,88056.59,sl,-3.3966,-1.0186,2025-11
2025-11-25T00:43:02,flip,BUY,88257.0,88065.14,88410.49,191.86,0.0,2025-11-25T00:48:01,88061.91,sl,-3.9018,-1.0168,2025-11
2025-11-25T01:01:03,flip,SELL,87903.03,88144.74,87709.66,241.71,0.0,2025-11-25T01:12:37,88149.12,sl,-4.9218,-1.0181,2025-11
2025-11-25T01:49:01,cont,SELL,87774.6,88169.71,87458.51,395.11,48.0,2025-11-25T02:31:54,87458.51,tp,6.3218,0.8,2025-11
2025-11-25T02:32:01,cont,SELL,87448.22,87923.91,87067.67,475.69,91.0,2025-11-25T03:06:59,87926.51,sl,-9.5658,-1.0055,2025-11
2025-11-25T04:08:05,flip,BUY,87971.92,87524.37,88329.96,447.55,0.0,2025-11-25T04:52:58,88329.96,tp,7.1608,0.8,2025-11
2025-11-25T06:40:03,flip,SELL,87877.73,88219.51,87604.31,341.78,0.0,2025-11-25T07:35:32,87604.31,tp,5.4685,0.8,2025-11
2025-11-25T07:52:01,cont,SELL,87624.64,87769.62,87508.66,144.98,72.0,2025-11-25T07:53:06,87508.66,tp,2.3197,0.8,2025-11
2025-11-25T09:57:01,flip,BUY,87143.25,86867.03,87364.23,276.22,0.0,2025-11-25T10:56:42,87364.23,tp,4.4195,0.8,2025-11
2025-11-25T11:09:02,cont,BUY,87408.57,87285.53,87507.0,123.04,72.0,2025-11-25T11:22:58,87284.06,sl,-2.4902,-1.0119,2025-11
2025-11-25T11:37:10,cont,BUY,87480.62,87283.84,87638.04,196.78,100.0,2025-11-25T12:14:38,87638.04,tp,3.1485,0.8,2025-11
2025-11-25T13:38:01,flip,SELL,87238.63,87691.89,86876.02,453.26,0.0,2025-11-25T13:46:12,86876.02,tp,7.2522,0.8,2025-11
2025-11-25T14:43:01,cont,SELL,86659.87,87278.3,86165.13,618.43,65.0,2025-11-25T14:49:54,86165.13,tp,9.8949,0.8,2025-11
2025-11-25T17:23:01,flip,BUY,87524.5,87189.96,87792.13,334.54,0.0,2025-11-25T17:34:27,87792.13,tp,5.3526,0.8,2025-11
2025-11-26T18:45:01,flip,SELL,89711.03,90005.13,89475.75,294.1,0.0,2025-11-26T18:48:48,90009.67,sl,-5.9728,-1.0154,2025-11
2025-11-26T18:58:01,flip,BUY,90119.64,90000.08,90215.29,119.56,0.0,2025-11-26T19:04:15,89998.24,sl,-2.428,-1.0154,2025-11
2025-11-26T19:13:01,flip,SELL,89780.02,90042.62,89569.94,262.6,0.0,2025-11-26T19:55:56,90046.66,sl,-5.3328,-1.0154,2025-11
2025-11-26T20:06:01,cont,SELL,89634.83,90036.04,89313.86,401.21,53.0,2025-11-26T20:17:20,90036.83,sl,-8.04,-1.002,2025-11
2025-11-26T21:26:04,flip,BUY,90228.14,89653.2,90688.09,574.94,0.0,2025-11-27T01:05:00,90688.09,tp,9.199,0.8,2025-11
2025-11-27T03:16:01,flip,SELL,91303.09,91592.77,91071.35,289.68,0.0,2025-11-27T03:19:28,91592.83,sl,-5.7948,-1.0002,2025-11
2025-11-27T03:31:03,cont,SELL,91240.41,91594.69,90956.99,354.28,15.0,2025-11-27T05:41:49,90956.99,tp,5.6685,0.8,2025-11
2025-11-27T05:57:01,flip,SELL,90936.32,91067.92,90831.04,131.6,0.0,2025-11-27T06:09:00,91069.14,sl,-2.6564,-1.0093,2025-11
2025-11-27T06:26:01,flip,BUY,91351.82,91192.35,91479.4,159.47,0.0,2025-11-27T06:51:39,91188.69,sl,-3.2626,-1.023,2025-11
2025-11-27T06:52:06,flip,SELL,91183.54,91361.62,91041.08,178.08,0.0,2025-11-27T07:19:15,91361.91,sl,-3.5674,-1.0016,2025-11
2025-11-27T07:52:01,flip,BUY,91462.47,91319.06,91577.2,143.41,0.0,2025-11-27T08:10:55,91317.67,sl,-2.896,-1.0097,2025-11
2025-11-27T08:56:01,cont,BUY,91515.86,91220.68,91752.0,295.18,64.0,2025-11-27T09:19:32,91752.0,tp,4.7229,0.8,2025-11
2025-11-27T09:34:01,cont,BUY,91812.74,91584.87,91995.04,227.87,102.0,2025-11-27T09:51:49,91580.03,sl,-4.6542,-1.0212,2025-11
2025-11-27T09:58:07,flip,SELL,91546.37,91601.93,91501.92,55.56,0.0,2025-11-27T10:05:07,91605.38,sl,-1.1802,-1.0621,2025-11
2025-11-27T10:20:01,flip,BUY,91713.18,91574.12,91824.43,139.06,0.0,2025-11-27T10:32:10,91573.28,sl,-2.798,-1.006,2025-11
2025-11-27T11:30:01,flip,SELL,91379.24,91671.53,91145.41,292.29,0.0,2025-11-27T12:41:47,91145.41,tp,4.6766,0.8,2025-11
2025-11-27T12:53:03,cont,SELL,91065.57,91200.64,90957.51,135.07,83.0,2025-11-27T12:57:50,90957.51,tp,2.1611,0.8,2025-11
2025-11-27T13:12:02,cont,SELL,90801.72,91049.28,90603.67,247.56,102.0,2025-11-27T13:16:54,90603.67,tp,3.961,0.8,2025-11
2025-11-27T13:21:02,cont,SELL,90474.3,90637.75,90343.54,163.45,111.0,2025-11-27T13:25:33,90639.4,sl,-3.302,-1.0101,2025-11
2025-11-27T13:51:01,flip,BUY,90895.01,90478.5,91228.22,416.51,0.0,2025-11-27T16:14:04,91228.22,tp,6.6642,0.8,2025-11
2025-11-27T19:34:03,flip,SELL,91515.76,91655.78,91403.74,140.02,0.0,2025-11-27T19:40:57,91662.13,sl,-2.9274,-1.0454,2025-11
2025-11-27T20:01:01,cont,SELL,91457.04,91708.93,91255.53,251.89,27.0,2025-11-27T21:06:21,91255.53,tp,4.0302,0.8,2025-11
2025-11-28T04:11:01,flip,BUY,91323.03,91097.21,91503.69,225.82,0.0,2025-11-28T05:11:19,91503.69,tp,3.6131,0.8,2025-11
2025-11-28T05:12:03,cont,BUY,91522.48,91282.17,91714.73,240.31,61.0,2025-11-28T06:30:03,91278.88,sl,-4.872,-1.0137,2025-11
2025-11-28T06:34:03,cont,SELL,91268.33,91324.2,91223.63,55.87,14.0,2025-11-28T06:35:51,91223.63,tp,0.8939,0.8,2025-11
2025-11-28T07:24:02,flip,BUY,91523.07,91274.56,91721.88,248.51,0.0,2025-11-28T07:34:37,91268.73,sl,-5.0868,-1.0235,2025-11
2025-11-28T07:54:03,flip,SELL,90897.81,90975.79,90835.43,77.98,0.0,2025-11-28T08:01:36,90976.62,sl,-1.5762,-1.0106,2025-11
2025-11-28T08:37:01,flip,BUY,91238.79,90991.68,91436.48,247.11,0.0,2025-11-28T08:51:02,91436.48,tp,3.9538,0.8,2025-11
2025-11-28T17:17:01,flip,SELL,90714.58,91196.62,90328.95,482.04,0.0,2025-11-28T17:33:05,90328.95,tp,7.7126,0.8,2025-11
2025-11-28T20:31:01,flip,BUY,91214.64,90878.97,91483.18,335.67,0.0,2025-11-28T22:03:07,90877.2,sl,-6.7488,-1.0053,2025-11
2025-11-28T22:16:03,cont,SELL,90835.4,91038.2,90673.16,202.8,22.0,2025-11-28T22:36:15,91040.73,sl,-4.1066,-1.0125,2025-11
2025-11-29T16:21:01,flip,BUY,91176.9,90866.97,91424.84,309.93,0.0,2025-11-29T17:09:25,90864.55,sl,-6.247,-1.0078,2025-11
2025-11-29T17:34:01,flip,SELL,90523.12,90778.81,90318.57,255.69,0.0,2025-11-29T18:13:02,90318.57,tp,4.091,0.8,2025-11
2025-11-29T19:06:01,flip,BUY,90758.86,90645.49,90849.56,113.37,0.0,2025-11-29T19:23:06,90849.56,tp,1.8139,0.8,2025-11
2025-11-29T20:03:03,flip,SELL,90589.03,90690.55,90507.81,101.52,0.0,2025-11-29T20:03:21,90507.81,tp,1.6243,0.8,2025-11
2025-11-29T20:45:01,flip,BUY,90854.91,90686.65,90989.52,168.26,0.0,2025-11-29T20:55:07,90989.52,tp,2.6922,0.8,2025-11
2025-12-01T00:28:01,flip,SELL,88408.13,88696.5,88177.43,288.37,0.0,2025-12-01T00:32:13,88177.43,tp,4.6139,0.8,2025-12
2025-12-01T00:46:01,cont,SELL,87647.96,88176.29,87225.3,528.33,18.0,2025-12-01T00:53:37,87225.3,tp,8.4533,0.8,2025-12
2025-12-01T06:01:01,flip,BUY,86088.69,85667.26,86425.83,421.43,0.0,2025-12-01T07:38:34,86425.83,tp,6.7429,0.8,2025-12
2025-12-01T07:39:01,cont,BUY,86450.64,86054.09,86767.88,396.55,98.0,2025-12-01T08:43:39,86767.88,tp,6.3448,0.8,2025-12
2025-12-01T09:27:03,flip,SELL,86522.66,86785.96,86312.02,263.3,0.0,2025-12-01T09:43:13,86786.92,sl,-5.2852,-1.0036,2025-12
2025-12-01T11:06:01,cont,SELL,86509.86,86892.1,86204.07,382.24,99.0,2025-12-01T11:58:52,86204.07,tp,6.1158,0.8,2025-12
2025-12-01T13:16:01,flip,BUY,86108.53,85735.05,86407.31,373.48,0.0,2025-12-01T13:35:10,85733.49,sl,-7.5008,-1.0042,2025-12
2025-12-01T14:05:01,cont,BUY,86264.08,85657.09,86749.67,606.99,49.0,2025-12-01T15:05:38,85654.14,sl,-12.1988,-1.0049,2025-12
2025-12-01T15:15:01,cont,SELL,85607.11,85909.8,85364.96,302.69,43.0,2025-12-01T15:21:38,85364.96,tp,4.843,0.8,2025-12
2025-12-01T15:22:01,cont,SELL,85398.64,85739.76,85125.74,341.12,50.0,2025-12-01T15:25:36,85125.74,tp,5.4579,0.8,2025-12
2025-12-01T20:11:01,flip,BUY,85811.9,85649.73,85941.64,162.17,0.0,2025-12-01T20:13:01,85642.25,sl,-3.393,-1.0461,2025-12
2025-12-01T20:26:01,flip,SELL,85324.25,85573.58,85124.79,249.33,0.0,2025-12-01T21:00:03,85581.63,sl,-5.1476,-1.0323,2025-12
2025-12-01T21:08:01,cont,BUY,85826.89,85568.78,86033.38,258.11,19.0,2025-12-01T21:21:14,86033.38,tp,4.1298,0.8,2025-12
2025-12-01T21:32:01,cont,BUY,86398.01,86153.25,86593.82,244.76,43.0,2025-12-01T22:01:29,86593.82,tp,3.9162,0.8,2025-12
2025-12-01T22:47:01,cont,BUY,86863.47,86314.7,87302.49,548.77,118.0,2025-12-01T23:54:24,86313.04,sl,-11.0086,-1.003,2025-12
2025-12-02T00:21:01,flip,SELL,86192.19,86581.93,85880.4,389.74,0.0,2025-12-02T00:50:05,86585.89,sl,-7.874,-1.0102,2025-12
2025-12-02T01:05:01,flip,BUY,86759.49,86464.42,86995.55,295.07,0.0,2025-12-02T01:06:15,86995.55,tp,4.7211,0.8,2025-12
2025-12-02T01:57:01,flip,SELL,86410.28,86509.58,86330.84,99.3,0.0,2025-12-02T01:59:33,86513.43,sl,-2.063,-1.0388,2025-12
2025-12-02T02:07:01,cont,SELL,86341.71,86493.47,86220.3,151.76,10.0,2025-12-02T02:11:34,86493.65,sl,-3.0388,-1.0012,2025-12
2025-12-02T02:37:01,flip,BUY,86854.18,86634.76,87029.72,219.42,0.0,2025-12-02T02:51:16,86633.58,sl,-4.412,-1.0054,2025-12
2025-12-02T03:06:01,flip,SELL,86440.04,86581.85,86326.59,141.81,0.0,2025-12-02T03:11:05,86582.12,sl,-2.8416,-1.0019,2025-12
2025-12-02T03:22:01,cont,SELL,86363.12,86636.19,86144.66,273.07,16.0,2025-12-02T03:42:21,86637.02,sl,-5.478,-1.003,2025-12
2025-12-02T04:19:01,flip,BUY,87252.27,86988.47,87463.31,263.8,0.0,2025-12-02T04:31:28,86988.46,sl,-5.2762,-1.0,2025-12
2025-12-02T04:44:03,flip,SELL,86921.8,87051.19,86818.29,129.39,0.0,2025-12-02T05:11:22,87052.74,sl,-2.6188,-1.012,2025-12
2025-12-02T06:43:01,flip,BUY,87176.6,86856.1,87433.0,320.5,0.0,2025-12-02T08:12:01,86853.77,sl,-6.4566,-1.0073,2025-12
2025-12-02T08:26:01,flip,SELL,86529.11,86681.03,86407.57,151.92,0.0,2025-12-02T08:31:03,86407.57,tp,2.4307,0.8,2025-12
2025-12-02T08:56:02,cont,SELL,86415.62,86716.03,86175.29,300.41,30.0,2025-12-02T09:06:08,86717.57,sl,-6.039,-1.0051,2025-12
2025-12-02T09:27:01,flip,BUY,86971.36,86553.83,87305.38,417.53,0.0,2025-12-02T10:48:32,87305.38,tp,6.6805,0.8,2025-12
2025-12-02T20:14:01,flip,SELL,91638.12,91925.42,91408.28,287.3,0.0,2025-12-02T20:16:29,91408.28,tp,4.5968,0.8,2025-12
2025-12-02T20:29:01,cont,SELL,91080.58,91407.51,90819.04,326.93,15.0,2025-12-02T20:37:11,90819.04,tp,5.2309,0.8,2025-12
2025-12-02T21:06:01,flip,BUY,91289.53,91051.2,91480.19,238.33,0.0,2025-12-02T21:28:32,91480.19,tp,3.8133,0.8,2025-12
2025-12-02T21:41:02,cont,BUY,91533.37,91341.87,91686.57,191.5,35.0,2025-12-02T22:01:30,91686.57,tp,3.064,0.8,2025-12
2025-12-02T22:02:01,cont,BUY,91716.05,91587.83,91818.63,128.22,56.0,2025-12-02T22:03:55,91818.63,tp,2.0515,0.8,2025-12
2025-12-02T22:43:01,cont,BUY,91932.74,91568.44,92224.18,364.3,97.0,2025-12-02T23:34:09,91567.14,sl,-7.312,-1.0036,2025-12
2025-12-02T23:55:01,flip,SELL,91333.52,91484.59,91212.66,151.07,0.0,2025-12-03T00:06:15,91212.66,tp,2.4171,0.8,2025-12
2025-12-03T00:27:01,cont,SELL,91195.13,91560.8,90902.59,365.67,32.0,2025-12-03T00:46:22,91563.16,sl,-7.3606,-1.0065,2025-12
2025-12-03T01:12:01,flip,BUY,91869.75,91436.69,92216.2,433.06,0.0,2025-12-03T01:47:57,92216.2,tp,6.929,0.8,2025-12
2025-12-03T02:05:01,cont,BUY,92588.56,92125.54,92958.98,463.02,53.0,2025-12-03T02:25:27,92958.98,tp,7.4083,0.8,2025-12
2025-12-03T07:16:01,flip,SELL,93119.69,93468.15,92840.92,348.46,0.0,2025-12-03T08:34:31,92840.92,tp,5.5754,0.8,2025-12
2025-12-03T08:35:01,cont,SELL,92841.87,93015.16,92703.24,173.29,79.0,2025-12-03T08:55:22,92703.24,tp,2.7726,0.8,2025-12
2025-12-03T09:53:01,flip,BUY,93158.26,92808.53,93438.04,349.73,0.0,2025-12-03T11:11:27,92803.97,sl,-7.0858,-1.013,2025-12
2025-12-03T13:44:02,flip,BUY,93243.33,93093.64,93363.08,149.69,0.0,2025-12-03T14:01:02,93093.09,sl,-3.0048,-1.0037,2025-12
2025-12-03T14:43:01,cont,BUY,93551.04,91728.63,95008.97,1822.41,59.0,2025-12-04T19:12:46,91721.04,sl,-36.6,-1.0042,2025-12
2025-12-04T20:51:02,flip,BUY,92539.03,92290.56,92737.81,248.47,0.0,2025-12-04T21:07:29,92737.81,tp,3.9755,0.8,2025-12
2025-12-04T21:47:01,flip,SELL,92174.22,92388.84,92002.52,214.62,0.0,2025-12-04T22:02:35,92390.93,sl,-4.3342,-1.0097,2025-12
2025-12-04T22:35:02,flip,BUY,92479.42,92168.03,92728.53,311.39,0.0,2025-12-04T23:41:03,92166.7,sl,-6.2544,-1.0043,2025-12
2025-12-05T03:57:01,flip,SELL,92042.07,92363.18,91785.18,321.11,0.0,2025-12-05T04:05:29,92363.54,sl,-6.4294,-1.0011,2025-12
2025-12-05T04:34:01,cont,SELL,91897.36,92402.98,91492.86,505.62,37.0,2025-12-05T07:08:08,92403.85,sl,-10.1298,-1.0017,2025-12
2025-12-05T07:27:02,cont,BUY,92485.31,92341.94,92600.01,143.37,80.0,2025-12-05T07:42:05,92338.28,sl,-2.9406,-1.0255,2025-12
2025-12-05T07:51:02,flip,SELL,92254.95,92344.93,92182.97,89.98,0.0,2025-12-05T08:04:30,92182.97,tp,1.4397,0.8,2025-12
2025-12-05T08:16:03,cont,SELL,92055.27,92174.0,91960.29,118.73,25.0,2025-12-05T08:23:29,92175.96,sl,-2.4138,-1.0165,2025-12
2025-12-05T08:41:01,cont,SELL,92004.97,92191.37,91855.85,186.4,50.0,2025-12-05T08:58:52,92191.49,sl,-3.7304,-1.0006,2025-12
2025-12-05T09:07:04,cont,SELL,91942.3,92181.33,91751.08,239.03,76.0,2025-12-05T09:16:28,91751.08,tp,3.8245,0.8,2025-12
2025-12-05T09:35:01,cont,SELL,91233.05,91548.89,90980.38,315.84,104.0,2025-12-05T11:08:29,91551.76,sl,-6.3742,-1.0091,2025-12
2025-12-05T11:09:01,cont,BUY,91523.4,91258.0,91735.72,265.4,43.0,2025-12-05T11:33:54,91256.21,sl,-5.3438,-1.0067,2025-12
2025-12-05T12:24:01,flip,SELL,91127.62,91453.34,90867.04,325.72,0.0,2025-12-05T13:25:58,90867.04,tp,5.2115,0.8,2025-12
2025-12-05T13:41:01,cont,SELL,90583.24,90956.03,90285.01,372.79,77.0,2025-12-05T13:46:45,90285.01,tp,5.9646,0.8,2025-12
2025-12-06T14:16:01,flip,BUY,89964.2,88838.77,90864.54,1125.43,0.0,2025-12-07T13:22:51,88809.38,sl,-23.0964,-1.0261,2025-12
2025-12-07T21:57:01,flip,SELL,89902.73,90124.1,89725.63,221.37,0.0,2025-12-07T21:58:24,90128.84,sl,-4.5222,-1.0214,2025-12
2025-12-07T22:06:01,cont,SELL,89601.23,90309.53,89034.59,708.3,9.0,2025-12-07T22:07:17,89034.59,tp,11.3328,0.8,2025-12
2025-12-08T00:36:01,flip,BUY,90580.37,89903.16,91122.14,677.21,0.0,2025-12-08T01:28:18,91122.14,tp,10.8354,0.8,2025-12
2025-12-08T01:39:01,cont,BUY,91626.96,91349.07,91849.27,277.89,63.0,2025-12-08T01:43:29,91323.62,sl,-6.0668,-1.0916,2025-12
2025-12-08T12:35:01,flip,SELL,91747.11,91928.22,91602.22,181.11,0.0,2025-12-08T13:06:23,91928.91,sl,-3.636,-1.0038,2025-12
2025-12-08T13:24:01,cont,SELL,91608.17,92152.47,91172.73,544.3,49.0,2025-12-08T14:25:24,91172.73,tp,8.7088,0.8,2025-12
2025-12-08T16:24:01,flip,BUY,90369.43,90165.31,90532.73,204.12,0.0,2025-12-08T16:35:11,90161.94,sl,-4.1498,-1.0165,2025-12
2025-12-08T17:03:01,flip,SELL,89791.65,89986.8,89635.53,195.15,0.0,2025-12-08T17:04:03,89988.3,sl,-3.933,-1.0077,2025-12
2025-12-08T17:58:02,flip,BUY,90278.69,89765.62,90689.15,513.07,0.0,2025-12-08T18:58:03,89763.62,sl,-10.3014,-1.0039,2025-12
2025-12-08T20:47:01,flip,BUY,90671.42,90332.47,90942.58,338.95,0.0,2025-12-08T20:53:50,90942.58,tp,5.4232,0.8,2025-12
2025-12-08T21:07:01,cont,BUY,90991.11,90706.67,91218.66,284.44,20.0,2025-12-08T21:31:52,91218.66,tp,4.551,0.8,2025-12
2025-12-08T21:51:03,cont,BUY,91351.02,91078.95,91568.68,272.07,64.0,2025-12-08T22:10:27,91078.51,sl,-5.4502,-1.0016,2025-12
2025-12-08T22:37:01,flip,SELL,90845.33,91074.35,90662.11,229.02,0.0,2025-12-08T23:20:50,90662.11,tp,3.6643,0.8,2025-12
2025-12-08T23:21:01,cont,SELL,90611.31,91034.68,90272.61,423.37,44.0,2025-12-09T01:04:02,90272.61,tp,6.7739,0.8,2025-12
2025-12-09T02:28:01,flip,BUY,90331.13,90130.99,90491.24,200.14,0.0,2025-12-09T02:54:53,90129.59,sl,-4.0308,-1.007,2025-12
2025-12-09T03:09:01,flip,SELL,90012.31,90147.93,89903.81,135.62,0.0,2025-12-09T03:19:42,89903.81,tp,2.1699,0.8,2025-12
2025-12-09T03:57:01,flip,BUY,90448.93,90306.52,90562.86,142.41,0.0,2025-12-09T04:31:14,90306.12,sl,-2.8562,-1.0028,2025-12
2025-12-09T05:18:01,flip,SELL,89606.36,90031.53,89266.22,425.17,0.0,2025-12-09T05:30:50,90070.69,sl,-9.2866,-1.0921,2025-12
2025-12-09T06:54:02,flip,BUY,90226.78,89776.72,90586.83,450.06,0.0,2025-12-09T08:16:44,90586.83,tp,7.201,0.8,2025-12
2025-12-09T09:29:01,flip,SELL,90305.42,90480.6,90165.28,175.18,0.0,2025-12-09T09:58:49,90165.28,tp,2.8029,0.8,2025-12
2025-12-09T09:59:01,cont,SELL,90159.14,90235.5,90098.05,76.36,30.0,2025-12-09T10:03:17,90238.54,sl,-1.588,-1.0398,2025-12
2025-12-09T10:10:01,cont,SELL,90082.72,90209.85,89981.02,127.13,41.0,2025-12-09T10:11:06,90214.47,sl,-2.635,-1.0363,2025-12
2025-12-09T10:27:02,flip,BUY,90235.26,90177.24,90281.68,58.02,0.0,2025-12-09T10:30:03,90176.94,sl,-1.1664,-1.0052,2025-12
2025-12-09T10:33:01,cont,BUY,90253.69,90164.63,90324.94,89.06,6.0,2025-12-09T10:35:25,90324.94,tp,1.425,0.8,2025-12
2025-12-09T11:08:01,cont,BUY,90345.05,89992.5,90627.09,352.55,41.0,2025-12-09T12:20:21,90627.09,tp,5.6408,0.8,2025-12
2025-12-09T14:27:01,flip,SELL,90125.27,90575.05,89765.45,449.78,0.0,2025-12-09T14:37:36,90576.21,sl,-9.0188,-1.0026,2025-12
2025-12-09T15:02:01,flip,BUY,90783.07,90031.55,91384.29,751.52,0.0,2025-12-09T15:37:36,91384.29,tp,12.0243,0.8,2025-12
2025-12-09T15:38:01,cont,BUY,91453.84,90582.87,92150.62,870.97,36.0,2025-12-09T15:45:05,92150.62,tp,13.9355,0.8,2025-12
2025-12-09T16:35:01,cont,BUY,93804.22,93336.29,94178.56,467.93,93.0,2025-12-09T16:44:54,94178.56,tp,7.4869,0.8,2025-12
2025-12-09T17:23:01,flip,SELL,93756.05,94066.15,93507.97,310.1,0.0,2025-12-09T18:19:20,94072.17,sl,-6.3224,-1.0194,2025-12
2025-12-09T19:33:01,cont,BUY,94177.62,93708.1,94553.24,469.52,74.0,2025-12-09T19:44:25,93700.91,sl,-9.5342,-1.0153,2025-12
2025-12-09T20:17:02,flip,SELL,93530.63,93845.78,93278.51,315.15,0.0,2025-12-09T20:21:09,93278.51,tp,5.0424,0.8,2025-12
2025-12-09T21:44:01,cont,SELL,92745.04,93294.09,92305.8,549.05,87.0,2025-12-09T21:54:50,92305.8,tp,8.7848,0.8,2025-12
2025-12-09T22:39:01,flip,BUY,92988.61,92503.73,93376.51,484.88,0.0,2025-12-10T00:16:15,92503.65,sl,-9.6992,-1.0002,2025-12
2025-12-10T00:49:01,cont,SELL,92240.31,92566.37,91979.46,326.06,33.0,2025-12-10T02:22:49,92571.96,sl,-6.633,-1.0171,2025-12
2025-12-10T04:18:02,flip,BUY,92619.46,92244.53,92919.4,374.93,0.0,2025-12-10T09:49:06,92919.4,tp,5.9989,0.8,2025-12
2025-12-10T11:37:01,flip,SELL,92206.83,92426.27,92031.28,219.44,0.0,2025-12-10T11:42:24,92031.28,tp,3.511,0.8,2025-12
2025-12-10T12:51:02,cont,SELL,91830.78,92211.97,91525.83,381.19,74.0,2025-12-10T13:21:53,92218.26,sl,-7.7496,-1.0165,2025-12
2025-12-10T16:28:01,flip,BUY,92545.45,92302.34,92739.94,243.11,0.0,2025-12-10T16:32:32,92301.29,sl,-4.8832,-1.0043,2025-12
2025-12-10T16:56:01,flip,SELL,92203.34,92417.01,92032.4,213.67,0.0,2025-12-10T17:17:28,92418.89,sl,-4.311,-1.0088,2025-12
2025-12-10T18:22:01,cont,SELL,92071.71,92528.88,91705.97,457.17,86.0,2025-12-10T18:32:51,92532.85,sl,-9.2228,-1.0087,2025-12
2025-12-10T19:16:01,flip,BUY,93135.25,91919.89,94107.54,1215.36,0.0,2025-12-10T20:14:40,94107.54,tp,19.4458,0.8,2025-12
2025-12-11T00:20:01,flip,SELL,91896.43,92808.84,91166.5,912.41,0.0,2025-12-11T00:48:50,91166.5,tp,14.5986,0.8,2025-12
2025-12-11T01:13:01,cont,SELL,91004.14,91453.88,90644.35,449.74,53.0,2025-12-11T02:00:06,90644.35,tp,7.1958,0.8,2025-12
2025-12-11T02:14:01,cont,SELL,90227.63,90514.39,89998.22,286.76,114.0,2025-12-11T02:18:42,89998.22,tp,4.5882,0.8,2025-12
2025-12-11T18:43:01,flip,BUY,90958.58,89322.42,92267.51,1636.16,0.0,2025-12-11T21:08:11,92267.51,tp,26.1786,0.8,2025-12
2025-12-11T22:49:01,flip,SELL,92135.51,92716.15,91671.0,580.64,0.0,2025-12-11T23:34:44,92717.18,sl,-11.6334,-1.0018,2025-12
2025-12-12T18:50:01,flip,BUY,90655.17,89835.25,91311.11,819.92,0.0,2025-12-13T21:33:21,89833.33,sl,-16.4368,-1.0023,2025-12
2025-12-14T11:05:01,flip,SELL,89657.97,90484.29,88996.91,826.32,0.0,2025-12-14T11:44:42,88996.91,tp,13.2211,0.8,2025-12
2025-12-14T23:49:01,flip,BUY,88147.08,87985.7,88276.18,161.38,0.0,2025-12-14T23:51:28,88276.18,tp,2.5821,0.8,2025-12
2025-12-15T00:02:01,cont,BUY,88505.18,88135.14,88801.21,370.04,13.0,2025-12-15T00:12:54,88134.64,sl,-7.4108,-1.0014,2025-12
2025-12-15T00:25:01,cont,BUY,88574.49,88062.01,88984.47,512.48,36.0,2025-12-15T01:34:44,88984.47,tp,8.1997,0.8,2025-12
2025-12-15T01:39:01,cont,BUY,89255.9,88912.48,89530.64,343.42,110.0,2025-12-15T02:08:09,89530.64,tp,5.4947,0.8,2025-12
2025-12-15T03:38:01,flip,SELL,89242.13,89544.71,89000.07,302.58,0.0,2025-12-15T04:10:30,89552.11,sl,-6.1996,-1.0245,2025-12
2025-12-15T04:42:01,flip,BUY,89638.4,89289.91,89917.19,348.49,0.0,2025-12-15T06:53:01,89917.19,tp,5.5758,0.8,2025-12
2025-12-15T12:02:01,flip,SELL,89567.89,89718.58,89447.34,150.69,0.0,2025-12-15T12:12:29,89447.34,tp,2.411,0.8,2025-12
2025-12-15T13:24:01,cont,SELL,89414.06,89769.12,89130.01,355.06,82.0,2025-12-15T14:33:59,89130.01,tp,5.681,0.8,2025-12
2025-12-15T14:38:01,cont,BUY,89840.3,89047.17,90474.8,793.13,31.0,2025-12-15T14:46:07,89040.13,sl,-16.0034,-1.0089,2025-12
2025-12-15T15:16:01,flip,SELL,87287.85,88180.64,86573.62,892.79,0.0,2025-12-15T16:35:00,86573.62,tp,14.2846,0.8,2025-12
2025-12-15T16:35:01,cont,SELL,86605.21,87366.03,85996.55,760.82,79.0,2025-12-15T17:32:35,85996.55,tp,12.1731,0.8,2025-12
2025-12-16T06:52:01,flip,BUY,86595.93,85246.87,87675.18,1349.06,0.0,2025-12-16T13:30:02,87675.18,tp,21.585,0.8,2025-12
2025-12-16T13:59:01,flip,SELL,86590.63,87101.2,86182.17,510.57,0.0,2025-12-16T14:02:00,86182.17,tp,8.1691,0.8,2025-12
2025-12-16T14:51:01,flip,BUY,87712.63,86815.73,88430.15,896.9,0.0,2025-12-17T04:44:11,86814.31,sl,-17.9664,-1.0016,2025-12
2025-12-17T04:46:01,flip,SELL,86804.72,86964.3,86677.06,159.58,0.0,2025-12-17T05:00:48,86677.06,tp,2.5533,0.8,2025-12
2025-12-17T05:01:01,cont,SELL,86589.14,86805.74,86415.86,216.6,15.0,2025-12-17T05:03:56,86415.86,tp,3.4656,0.8,2025-12
2025-12-17T05:23:01,cont,SELL,86330.04,86706.58,86028.81,376.54,37.0,2025-12-17T05:48:47,86718.76,sl,-7.7744,-1.0323,2025-12
2025-12-17T06:12:01,flip,BUY,86961.69,86666.04,87198.21,295.65,0.0,2025-12-17T07:10:33,86663.76,sl,-5.9586,-1.0077,2025-12
2025-12-17T07:36:02,cont,BUY,87033.73,86558.88,87413.61,474.85,84.0,2025-12-17T08:28:06,86555.2,sl,-9.5706,-1.0077,2025-12
2025-12-17T08:52:02,flip,SELL,86375.61,86435.12,86328.0,59.51,0.0,2025-12-17T08:55:53,86328.0,tp,0.9522,0.8,2025-12
2025-12-17T09:16:01,flip,BUY,86510.15,86385.53,86609.85,124.62,0.0,2025-12-17T09:23:31,86384.63,sl,-2.5104,-1.0072,2025-12
2025-12-17T10:02:01,flip,SELL,86246.88,86457.03,86078.76,210.15,0.0,2025-12-17T10:10:32,86458.63,sl,-4.235,-1.0076,2025-12
2025-12-17T10:24:01,flip,BUY,86667.13,86488.13,86810.33,179.0,0.0,2025-12-17T10:31:35,86481.91,sl,-3.7044,-1.0347,2025-12
2025-12-17T10:36:01,cont,BUY,86732.16,86452.33,86956.02,279.83,12.0,2025-12-17T11:50:39,86956.02,tp,4.4773,0.8,2025-12
2025-12-17T11:51:04,cont,BUY,86973.66,86836.97,87083.01,136.69,87.0,2025-12-17T11:52:00,87083.01,tp,2.187,0.8,2025-12
2025-12-17T12:05:01,cont,BUY,87133.04,86890.21,87327.3,242.83,101.0,2025-12-17T12:43:52,86885.69,sl,-4.947,-1.0186,2025-12
2025-12-17T16:15:01,flip,SELL,86882.03,87741.08,86194.79,859.05,0.0,2025-12-17T16:30:09,86194.79,tp,13.7448,0.8,2025-12
2025-12-17T20:22:01,flip,BUY,86154.96,85630.15,86574.81,524.81,0.0,2025-12-18T02:16:43,86574.81,tp,8.397,0.8,2025-12
2025-12-18T05:51:02,flip,SELL,86428.47,86695.07,86215.19,266.6,0.0,2025-12-18T07:00:57,86697.54,sl,-5.3814,-1.0093,2025-12
2025-12-18T08:01:01,flip,BUY,86835.19,86678.11,86960.85,157.08,0.0,2025-12-18T08:02:38,86674.89,sl,-3.206,-1.0205,2025-12
2025-12-18T08:24:01,cont,BUY,86921.6,86667.08,87125.22,254.52,23.0,2025-12-18T09:33:22,87125.22,tp,4.0723,0.8,2025-12
2025-12-18T09:45:01,flip,BUY,87346.83,87098.62,87545.4,248.21,0.0,2025-12-18T11:06:29,87096.46,sl,-5.0074,-1.0087,2025-12
2025-12-18T11:15:01,cont,SELL,87089.29,87206.5,86995.52,117.21,10.0,2025-12-18T11:30:39,87209.44,sl,-2.403,-1.0251,2025-12
2025-12-18T11:56:01,flip,BUY,87254.21,87094.08,87382.31,160.13,0.0,2025-12-18T12:26:05,87093.03,sl,-3.2236,-1.0066,2025-12
2025-12-18T12:33:01,cont,BUY,87344.97,87075.82,87560.29,269.15,37.0,2025-12-18T12:52:09,87075.0,sl,-5.3994,-1.003,2025-12
2025-12-18T13:02:01,cont,BUY,87568.48,87068.85,87968.18,499.63,66.0,2025-12-18T13:30:02,87968.18,tp,7.9941,0.8,2025-12
2025-12-18T13:44:01,cont,BUY,88682.56,87548.33,89589.94,1134.23,108.0,2025-12-18T17:03:14,87545.65,sl,-22.7382,-1.0024,2025-12
2025-12-18T18:13:01,flip,BUY,86726.33,86058.32,87260.74,668.01,0.0,2025-12-18T18:51:14,86029.11,sl,-13.9444,-1.0437,2025-12
2025-12-18T19:02:01,flip,SELL,85617.22,85993.55,85316.16,376.33,0.0,2025-12-18T19:16:37,85316.16,tp,6.0213,0.8,2025-12
2025-12-18T19:17:01,cont,SELL,85242.93,85858.96,84750.11,616.03,15.0,2025-12-18T19:41:00,84750.11,tp,9.8565,0.8,2025-12
2025-12-18T19:41:01,cont,SELL,84810.24,85773.77,84039.42,963.53,39.0,2025-12-18T21:35:03,85776.23,sl,-19.3198,-1.0026,2025-12
2025-12-19T03:04:01,flip,BUY,85975.74,85549.05,86317.09,426.69,0.0,2025-12-19T03:07:54,86317.09,tp,6.827,0.8,2025-12
2025-12-19T03:24:02,cont,BUY,86442.79,85900.97,86876.25,541.82,20.0,2025-12-19T03:27:06,86876.25,tp,8.6691,0.8,2025-12
2025-12-19T17:30:01,flip,SELL,87614.07,88846.61,86628.04,1232.54,0.0,2025-12-21T09:35:01,88854.6,sl,-24.8106,-1.0065,2025-12
2025-12-21T09:49:01,flip,BUY,88929.17,88800.93,89031.76,128.24,0.0,2025-12-21T09:54:44,89031.76,tp,2.0518,0.8,2025-12
2025-12-21T10:25:01,flip,SELL,88730.04,88804.7,88670.31,74.66,0.0,2025-12-21T10:33:00,88670.31,tp,1.1946,0.8,2025-12
2025-12-21T11:03:02,cont,SELL,88569.53,88774.52,88405.54,204.99,38.0,2025-12-21T12:16:12,88781.93,sl,-4.248,-1.0361,2025-12
2025-12-21T12:21:04,flip,BUY,88872.65,88719.28,88995.35,153.37,0.0,2025-12-21T12:33:48,88718.53,sl,-3.0824,-1.0049,2025-12
2025-12-21T13:05:01,flip,SELL,88331.52,88646.51,88079.53,314.99,0.0,2025-12-21T13:30:08,88079.53,tp,5.0398,0.8,2025-12
2025-12-21T13:32:01,cont,SELL,87908.68,88316.0,87582.82,407.32,27.0,2025-12-21T13:52:45,87582.82,tp,6.5171,0.8,2025-12
2025-12-21T15:55:01,flip,BUY,88192.39,87759.63,88538.6,432.76,0.0,2025-12-21T19:52:00,88538.6,tp,6.9242,0.8,2025-12
2025-12-21T19:52:01,cont,BUY,88515.93,88176.47,88787.5,339.46,82.0,2025-12-21T21:01:19,88171.12,sl,-6.8962,-1.0158,2025-12
2025-12-21T21:47:02,flip,SELL,88159.74,88348.62,88008.64,188.88,0.0,2025-12-21T22:14:49,88358.38,sl,-3.9728,-1.0517,2025-12
2025-12-21T22:59:01,flip,BUY,88472.17,88218.85,88674.83,253.32,0.0,2025-12-21T23:02:08,88674.83,tp,4.0531,0.8,2025-12
2025-12-22T00:06:01,cont,BUY,88835.76,88342.6,89230.29,493.16,67.0,2025-12-22T00:13:50,89230.29,tp,7.8906,0.8,2025-12
2025-12-22T13:20:01,flip,SELL,90003.63,90293.78,89771.51,290.15,0.0,2025-12-22T13:41:26,89771.51,tp,4.6424,0.8,2025-12
2025-12-22T14:18:01,flip,BUY,90114.52,89912.18,90276.39,202.34,0.0,2025-12-22T14:30:01,89911.03,sl,-4.0698,-1.0057,2025-12
2025-12-22T14:55:01,cont,BUY,90272.18,89457.01,90924.32,815.17,37.0,2025-12-22T15:22:06,89454.36,sl,-16.3564,-1.0033,2025-12
2025-12-22T19:01:01,flip,SELL,89037.69,90099.89,88187.93,1062.2,0.0,2025-12-22T19:49:06,88187.93,tp,16.9952,0.8,2025-12
2025-12-22T19:55:01,cont,SELL,88086.22,88245.42,87958.86,159.2,54.0,2025-12-22T19:57:46,87958.86,tp,2.5472,0.8,2025-12
2025-12-22T21:07:01,flip,BUY,88452.15,88089.99,88741.88,362.16,0.0,2025-12-22T22:09:57,88089.18,sl,-7.2594,-1.0022,2025-12
2025-12-22T22:46:03,flip,BUY,88417.42,88265.1,88539.28,152.32,0.0,2025-12-22T22:50:46,88539.28,tp,2.4371,0.8,2025-12
2025-12-23T00:35:01,cont,BUY,88713.28,88369.13,88988.6,344.15,109.0,2025-12-23T01:40:05,88364.8,sl,-6.9696,-1.0126,2025-12
2025-12-23T02:40:01,flip,SELL,88344.06,88703.14,88056.8,359.08,0.0,2025-12-23T03:03:28,88056.8,tp,5.7453,0.8,2025-12
2025-12-23T03:04:01,cont,SELL,88052.29,88250.38,87893.82,198.09,24.0,2025-12-23T03:06:54,87893.82,tp,3.1694,0.8,2025-12
2025-12-23T20:46:01,flip,BUY,88267.65,87115.68,89189.23,1151.97,0.0,2025-12-24T02:43:41,87114.97,sl,-23.0536,-1.0006,2025-12
2025-12-24T03:05:01,flip,SELL,86850.11,87136.66,86620.87,286.55,0.0,2025-12-24T03:20:45,87137.05,sl,-5.7388,-1.0014,2025-12
2025-12-24T03:37:01,flip,BUY,87235.4,87188.62,87272.82,46.78,0.0,2025-12-24T03:37:37,87272.82,tp,0.7485,0.8,2025-12
2025-12-24T03:51:01,cont,BUY,87340.13,87274.35,87392.75,65.78,14.0,2025-12-24T03:52:23,87273.06,sl,-1.3414,-1.0196,2025-12
2025-12-24T04:08:01,cont,BUY,87348.38,87260.51,87418.68,87.87,31.0,2025-12-24T04:25:17,87260.23,sl,-1.763,-1.0032,2025-12
2025-12-24T04:52:01,flip,SELL,87150.3,87290.6,87038.06,140.3,0.0,2025-12-24T04:57:08,87038.06,tp,2.2448,0.8,2025-12
2025-12-24T05:10:01,cont,SELL,87052.07,87189.4,86942.21,137.33,18.0,2025-12-24T05:25:03,87190.35,sl,-2.7656,-1.0069,2025-12
2025-12-24T05:37:03,cont,SELL,86984.72,87197.32,86814.64,212.6,45.0,2025-12-24T05:43:55,86814.64,tp,3.4016,0.8,2025-12
2025-12-24T10:23:03,flip,BUY,87046.71,86947.44,87126.13,99.27,0.0,2025-12-24T10:54:01,87126.13,tp,1.5883,0.8,2025-12
2025-12-24T11:05:01,cont,BUY,87157.34,87023.35,87264.53,133.99,42.0,2025-12-24T11:11:49,87264.53,tp,2.1438,0.8,2025-12
2025-12-24T12:17:01,cont,BUY,87336.47,87077.07,87543.99,259.4,114.0,2025-12-24T13:33:14,87075.87,sl,-5.212,-1.0046,2025-12
2025-12-24T14:11:01,flip,BUY,87339.06,87288.16,87379.78,50.9,0.0,2025-12-24T14:11:40,87379.78,tp,0.8144,0.8,2025-12
2025-12-24T14:33:01,flip,SELL,87152.86,87232.79,87088.92,79.93,0.0,2025-12-24T14:33:38,87088.92,tp,1.2789,0.8,2025-12
2025-12-24T22:10:02,flip,BUY,87776.07,87573.43,87938.18,202.64,0.0,2025-12-24T22:37:26,87938.18,tp,3.2422,0.8,2025-12
2025-12-25T00:38:01,flip,SELL,87509.81,87686.26,87368.65,176.45,0.0,2025-12-25T01:26:52,87690.14,sl,-3.6066,-1.022,2025-12
2025-12-25T02:43:01,flip,BUY,87840.14,87670.77,87975.64,169.37,0.0,2025-12-25T05:03:59,87670.52,sl,-3.3924,-1.0015,2025-12
2025-12-25T05:10:05,flip,SELL,87602.58,87671.42,87547.51,68.84,0.0,2025-12-25T05:21:15,87672.96,sl,-1.4076,-1.0224,2025-12
2025-12-25T05:50:04,flip,BUY,87738.2,87665.61,87796.27,72.59,0.0,2025-12-25T06:06:44,87663.64,sl,-1.4912,-1.0271,2025-12
2025-12-25T06:36:01,cont,BUY,87749.18,87620.18,87852.38,129.0,46.0,2025-12-25T08:16:16,87615.95,sl,-2.6646,-1.0328,2025-12
2025-12-25T14:51:04,flip,BUY,87706.13,87488.91,87879.91,217.22,0.0,2025-12-25T15:25:56,87879.91,tp,3.4755,0.8,2025-12
2025-12-25T22:46:01,flip,SELL,87553.08,87921.53,87258.32,368.45,0.0,2025-12-25T22:52:23,87258.32,tp,5.8952,0.8,2025-12
2025-12-25T23:34:01,cont,SELL,87093.19,87717.17,86594.01,623.98,48.0,2025-12-26T02:13:34,87720.61,sl,-12.5484,-1.0055,2025-12
2025-12-26T02:32:01,cont,BUY,89297.81,88902.68,89613.91,395.13,71.0,2025-12-26T03:15:32,88901.67,sl,-7.9228,-1.0026,2025-12
2025-12-26T03:42:02,flip,SELL,88638.01,88826.49,88487.23,188.48,0.0,2025-12-26T04:02:35,88487.23,tp,3.0157,0.8,2025-12
2025-12-26T04:03:01,cont,SELL,88489.63,88810.44,88232.98,320.81,21.0,2025-12-26T04:39:54,88819.29,sl,-6.5932,-1.0276,2025-12
2025-12-26T06:13:01,flip,BUY,89078.76,88744.32,89346.31,334.44,0.0,2025-12-26T07:23:20,89346.31,tp,5.351,0.8,2025-12
2025-12-26T07:24:01,cont,BUY,89439.79,89231.82,89606.17,207.97,71.0,2025-12-26T07:31:36,89229.3,sl,-4.2098,-1.0121,2025-12
2025-12-26T14:43:01,flip,SELL,88351.09,88982.85,87845.68,631.76,0.0,2025-12-26T14:50:07,87845.68,tp,10.1082,0.8,2025-12
2025-12-26T15:16:01,cont,SELL,86616.71,87257.14,86104.37,640.43,33.0,2025-12-26T16:23:42,87257.76,sl,-12.821,-1.001,2025-12
2025-12-26T17:41:01,flip,BUY,87303.62,86724.1,87767.24,579.52,0.0,2025-12-27T22:13:48,87767.24,tp,9.2723,0.8,2025-12
2025-12-28T20:06:01,flip,SELL,87411.54,87686.44,87191.62,274.9,0.0,2025-12-28T22:48:40,87692.54,sl,-5.62,-1.0222,2025-12
2025-12-29T00:30:01,flip,BUY,87959.41,87588.35,88256.26,371.06,0.0,2025-12-29T00:48:11,88256.26,tp,5.937,0.8,2025-12
2025-12-29T01:41:01,cont,BUY,88333.09,87786.89,88770.05,546.2,71.0,2025-12-29T02:03:03,88770.05,tp,8.7392,0.8,2025-12
2025-12-29T06:02:06,flip,SELL,89839.14,89932.83,89764.19,93.69,0.0,2025-12-29T06:11:00,89935.62,sl,-1.9296,-1.0298,2025-12
2025-12-29T06:47:02,cont,SELL,89763.9,90029.91,89551.09,266.01,45.0,2025-12-29T07:08:49,89551.09,tp,4.2562,0.8,2025-12
2025-12-30T14:51:01,flip,BUY,88320.66,87804.66,88733.46,516.0,0.0,2025-12-30T14:52:55,88733.46,tp,8.256,0.8,2025-12
2025-12-30T15:55:01,cont,BUY,88949.28,88088.61,89637.82,860.67,64.0,2025-12-30T17:47:16,88057.69,sl,-17.8318,-1.0359,2025-12
2025-12-30T19:07:01,cont,SELL,87953.72,88384.69,87608.94,430.97,81.0,2025-12-30T22:13:21,88387.67,sl,-8.679,-1.0069,2025-12
2025-12-30T23:18:01,flip,BUY,88430.64,88316.03,88522.33,114.61,0.0,2025-12-31T00:02:13,88314.13,sl,-2.3302,-1.0166,2025-12
2025-12-31T00:19:03,flip,SELL,88217.66,88318.82,88136.73,101.16,0.0,2025-12-31T00:27:55,88323.24,sl,-2.1116,-1.0437,2025-12
2025-12-31T00:32:01,cont,SELL,88160.46,88369.95,87992.87,209.49,13.0,2025-12-31T01:19:01,88371.74,sl,-4.2256,-1.0085,2025-12
2025-12-31T01:35:05,flip,BUY,88666.22,88468.76,88824.19,197.46,0.0,2025-12-31T02:01:05,88466.52,sl,-3.994,-1.0113,2025-12
2025-12-31T03:07:01,cont,BUY,88712.94,88407.42,88957.36,305.52,92.0,2025-12-31T03:30:47,88401.59,sl,-6.227,-1.0191,2025-12
2025-12-31T04:46:01,flip,SELL,88252.81,88445.2,88098.9,192.39,0.0,2025-12-31T06:23:13,88446.14,sl,-3.8666,-1.0049,2025-12
2025-12-31T07:27:01,cont,BUY,88476.34,88314.69,88605.66,161.65,115.0,2025-12-31T08:08:41,88605.66,tp,2.5864,0.8,2025-12
2025-12-31T12:38:01,flip,SELL,88762.4,88873.61,88673.43,111.21,0.0,2025-12-31T12:53:40,88673.43,tp,1.7794,0.8,2025-12
2025-12-31T13:41:02,cont,SELL,88631.2,88786.52,88506.94,155.32,63.0,2025-12-31T13:50:48,88786.74,sl,-3.1108,-1.0014,2025-12
2025-12-31T14:09:01,flip,BUY,89072.74,88828.69,89267.98,244.05,0.0,2025-12-31T14:30:00,88828.43,sl,-4.8862,-1.0011,2025-12
2025-12-31T15:06:02,flip,SELL,88199.09,88431.83,88012.9,232.74,0.0,2025-12-31T15:11:52,88012.9,tp,3.7238,0.8,2025-12
2025-12-31T15:32:02,cont,SELL,87794.32,88128.76,87526.77,334.44,26.0,2025-12-31T16:42:11,87526.77,tp,5.351,0.8,2025-12
2025-12-31T16:43:01,cont,SELL,87358.08,87798.66,87005.62,440.58,97.0,2025-12-31T18:10:09,87800.06,sl,-8.8396,-1.0032,2025-12
