entry_time_utc,kind,dir,entry,sl,tp,stop_dist,age_min,exit_time_utc,exit,why,pnl_002,R,month
2026-01-01T16:19:01,flip,SELL,87795.67,87855.6,87747.73,59.93,0.0,2026-01-01T16:31:11,87858.2,sl,-1.2506,-1.0434,2026-01
2026-01-01T16:32:03,flip,BUY,87862.9,87812.21,87903.45,50.69,0.0,2026-01-01T17:11:15,87903.45,tp,0.811,0.8,2026-01
2026-01-01T17:31:01,cont,BUY,88338.66,88043.32,88574.93,295.34,59.0,2026-01-01T18:15:02,88040.91,sl,-5.955,-1.0082,2026-01
2026-01-01T19:14:03,flip,SELL,87961.29,88092.11,87856.63,130.82,0.0,2026-01-01T19:36:48,88093.21,sl,-2.6384,-1.0084,2026-01
2026-01-01T22:01:06,flip,BUY,88313.49,88122.31,88466.43,191.18,0.0,2026-01-01T22:08:33,88466.43,tp,3.0589,0.8,2026-01
2026-01-01T22:53:01,cont,BUY,88529.55,88306.68,88707.85,222.87,52.0,2026-01-01T23:32:37,88707.85,tp,3.5659,0.8,2026-01
2026-01-01T23:44:01,cont,BUY,88748.48,88638.8,88836.22,109.68,103.0,2026-01-01T23:49:29,88637.52,sl,-2.2192,-1.0117,2026-01
2026-01-02T01:36:01,flip,SELL,88474.18,88791.68,88220.18,317.5,0.0,2026-01-02T03:13:17,88792.98,sl,-6.376,-1.0041,2026-01
2026-01-02T03:41:01,cont,BUY,88935.2,88700.21,89123.19,234.99,51.0,2026-01-02T04:12:30,88699.67,sl,-4.7106,-1.0023,2026-01
2026-01-02T04:58:02,flip,SELL,88574.77,88719.63,88458.88,144.86,0.0,2026-01-02T06:02:04,88721.28,sl,-2.9302,-1.0114,2026-01
2026-01-02T06:24:02,flip,BUY,88781.99,88615.08,88915.52,166.91,0.0,2026-01-02T06:39:01,88915.52,tp,2.6706,0.8,2026-01
2026-01-02T07:27:01,flip,SELL,88787.21,88969.96,88641.01,182.75,0.0,2026-01-02T08:13:13,88974.56,sl,-3.747,-1.0252,2026-01
2026-01-02T08:35:01,flip,BUY,89085.85,88920.64,89218.02,165.21,0.0,2026-01-02T09:11:27,89218.02,tp,2.6434,0.8,2026-01
2026-01-02T09:50:01,cont,BUY,89385.19,88986.08,89704.48,399.11,75.0,2026-01-02T10:07:16,89704.48,tp,6.3858,0.8,2026-01
2026-01-02T14:33:01,flip,SELL,88479.48,88904.68,88139.32,425.2,0.0,2026-01-02T14:38:07,88906.58,sl,-8.542,-1.0045,2026-01
2026-01-02T14:49:01,flip,BUY,89715.94,89046.42,90251.56,669.52,0.0,2026-01-02T15:11:22,89045.94,sl,-13.4,-1.0007,2026-01
2026-01-02T16:31:01,cont,BUY,90204.42,88810.95,91319.2,1393.47,102.0,2026-01-04T00:05:36,91319.2,tp,22.2955,0.8,2026-01
2026-01-05T04:21:01,flip,SELL,92665.65,93171.34,92261.1,505.69,0.0,2026-01-05T06:28:11,92261.1,tp,8.091,0.8,2026-01
2026-01-05T09:49:02,flip,BUY,92769.54,92269.61,93169.48,499.93,0.0,2026-01-05T12:18:05,93169.48,tp,7.9989,0.8,2026-01
2026-01-05T12:55:03,flip,SELL,92732.53,92830.41,92654.23,97.88,0.0,2026-01-05T12:56:53,92832.68,sl,-2.003,-1.0232,2026-01
2026-01-05T13:22:01,cont,SELL,92702.42,92945.64,92507.84,243.22,27.0,2026-01-05T13:42:05,92507.84,tp,3.8915,0.8,2026-01
2026-01-05T14:36:01,cont,SELL,92401.85,92837.31,92053.48,435.46,101.0,2026-01-05T14:38:12,92839.47,sl,-8.7524,-1.005,2026-01
2026-01-05T14:56:01,flip,BUY,93530.49,92941.77,94001.47,588.72,0.0,2026-01-05T15:53:03,94001.47,tp,9.4195,0.8,2026-01
2026-01-05T16:05:02,cont,BUY,94002.29,93786.78,94174.7,215.51,69.0,2026-01-05T16:06:48,93785.43,sl,-4.3372,-1.0063,2026-01
2026-01-05T16:21:02,cont,BUY,94064.95,93765.15,94304.79,299.8,85.0,2026-01-05T16:22:57,93737.54,sl,-6.5482,-1.0921,2026-01
2026-01-05T16:46:01,flip,SELL,93650.79,93947.13,93413.72,296.34,0.0,2026-01-05T17:22:57,93413.72,tp,4.7414,0.8,2026-01
2026-01-05T19:31:01,flip,BUY,94507.06,93897.7,94994.55,609.36,0.0,2026-01-05T21:29:05,93894.15,sl,-12.2582,-1.0058,2026-01
2026-01-05T22:18:02,flip,BUY,94322.18,93996.92,94582.39,325.26,0.0,2026-01-05T23:18:49,93991.05,sl,-6.6226,-1.018,2026-01
2026-01-05T23:31:02,flip,SELL,93974.93,94019.39,93939.36,44.46,0.0,2026-01-05T23:33:34,93939.36,tp,0.7114,0.8,2026-01
2026-01-05T23:58:02,cont,SELL,93885.62,94024.28,93774.69,138.66,27.0,2026-01-06T00:12:06,93774.69,tp,2.2186,0.8,2026-01
2026-01-06T00:26:01,cont,SELL,93682.39,93768.08,93613.84,85.69,55.0,2026-01-06T00:28:44,93769.25,sl,-1.7372,-1.0137,2026-01
2026-01-06T00:34:01,cont,SELL,93656.6,93817.84,93527.61,161.24,63.0,2026-01-06T00:56:55,93820.99,sl,-3.2878,-1.0195,2026-01
2026-01-06T01:20:01,flip,BUY,94016.75,93814.29,94178.72,202.46,0.0,2026-01-06T01:50:18,93812.79,sl,-4.0792,-1.0074,2026-01
2026-01-06T01:51:02,flip,SELL,93789.12,93963.4,93649.7,174.28,0.0,2026-01-06T02:31:26,93649.7,tp,2.7885,0.8,2026-01
2026-01-06T02:32:01,cont,SELL,93642.31,93769.2,93540.8,126.89,41.0,2026-01-06T02:38:28,93540.8,tp,2.0302,0.8,2026-01
2026-01-06T02:39:01,cont,SELL,93579.23,93648.71,93523.65,69.48,48.0,2026-01-06T02:43:32,93650.05,sl,-1.4164,-1.0193,2026-01
2026-01-06T03:32:01,flip,BUY,93877.76,93733.48,93993.18,144.28,0.0,2026-01-06T03:51:01,93731.46,sl,-2.926,-1.014,2026-01
2026-01-06T04:11:03,cont,BUY,93956.57,93719.7,94146.07,236.87,39.0,2026-01-06T05:06:25,93716.31,sl,-4.8052,-1.0143,2026-01
2026-01-06T05:10:01,flip,SELL,93660.05,93721.48,93610.91,61.43,0.0,2026-01-06T05:11:40,93724.1,sl,-1.281,-1.0427,2026-01
2026-01-06T05:37:02,cont,SELL,93669.07,93790.85,93571.65,121.78,27.0,2026-01-06T05:55:40,93571.65,tp,1.9485,0.8,2026-01
2026-01-06T05:56:01,cont,SELL,93555.72,93661.88,93470.79,106.16,46.0,2026-01-06T06:01:35,93663.8,sl,-2.1616,-1.0181,2026-01
2026-01-06T06:11:01,flip,BUY,93712.16,93550.99,93841.1,161.17,0.0,2026-01-06T06:33:05,93841.1,tp,2.5787,0.8,2026-01
2026-01-06T06:46:01,cont,BUY,93923.57,93779.39,94038.91,144.18,35.0,2026-01-06T06:51:37,93776.15,sl,-2.9484,-1.0225,2026-01
2026-01-06T07:40:01,flip,SELL,93269.26,93400.5,93164.27,131.24,0.0,2026-01-06T07:47:03,93164.27,tp,2.0998,0.8,2026-01
2026-01-06T08:48:01,cont,SELL,93142.55,93393.58,92941.73,251.03,68.0,2026-01-06T09:05:53,93394.26,sl,-5.0342,-1.0027,2026-01
2026-01-06T09:21:02,flip,BUY,93521.59,93309.14,93691.55,212.45,0.0,2026-01-06T11:09:45,93691.55,tp,3.3992,0.8,2026-01
2026-01-06T11:10:03,cont,BUY,93696.76,93604.67,93770.43,92.09,109.0,2026-01-06T11:25:30,93770.43,tp,1.4734,0.8,2026-01
2026-01-06T13:39:03,flip,SELL,93650.88,93743.25,93576.98,92.37,0.0,2026-01-06T14:00:19,93744.53,sl,-1.873,-1.0139,2026-01
2026-01-06T14:05:01,flip,BUY,93797.28,93700.62,93874.61,96.66,0.0,2026-01-06T14:07:30,93874.61,tp,1.5466,0.8,2026-01
2026-01-06T14:53:01,flip,SELL,93657.07,94082.89,93316.41,425.82,0.0,2026-01-06T15:20:04,94086.16,sl,-8.5818,-1.0077,2026-01
2026-01-06T15:41:01,cont,SELL,93542.99,94248.62,92978.49,705.63,48.0,2026-01-06T16:25:37,92978.49,tp,11.2901,0.8,2026-01
2026-01-07T19:50:01,flip,BUY,91080.78,90957.16,91179.68,123.62,0.0,2026-01-07T19:51:52,91179.68,tp,1.9779,0.8,2026-01
2026-01-07T20:02:01,cont,BUY,91209.84,91054.97,91333.74,154.87,12.0,2026-01-07T20:08:34,91047.73,sl,-3.2422,-1.0467,2026-01
2026-01-07T20:23:01,flip,SELL,90798.88,90952.73,90675.8,153.85,0.0,2026-01-07T20:33:46,90955.13,sl,-3.125,-1.0156,2026-01
2026-01-07T21:19:02,flip,BUY,91127.75,90883.37,91323.25,244.38,0.0,2026-01-07T22:00:10,90880.2,sl,-4.951,-1.013,2026-01
2026-01-07T22:34:01,cont,BUY,91214.89,90792.64,91552.69,422.25,75.0,2026-01-08T01:29:13,91552.69,tp,6.756,0.8,2026-01
2026-01-08T02:43:02,flip,SELL,90765.41,90883.63,90670.83,118.22,0.0,2026-01-08T02:47:03,90670.83,tp,1.8915,0.8,2026-01
2026-01-08T03:04:03,flip,BUY,90955.49,90812.14,91070.17,143.35,0.0,2026-01-08T03:42:55,90809.37,sl,-2.9224,-1.0193,2026-01
2026-01-08T04:27:01,cont,BUY,91053.27,90500.26,91495.68,553.01,83.0,2026-01-08T06:05:41,90499.97,sl,-11.066,-1.0005,2026-01
2026-01-08T06:12:01,flip,SELL,90323.92,90499.44,90183.5,175.52,0.0,2026-01-08T06:17:13,90183.5,tp,2.8083,0.8,2026-01
2026-01-08T06:18:01,cont,SELL,90222.82,90414.12,90069.78,191.3,6.0,2026-01-08T06:50:54,90069.78,tp,3.0608,0.8,2026-01
2026-01-08T06:51:01,cont,SELL,90060.89,90302.91,89867.27,242.02,39.0,2026-01-08T06:59:07,89867.27,tp,3.8723,0.8,2026-01
2026-01-08T07:48:04,flip,BUY,90379.08,90290.3,90450.1,88.78,0.0,2026-01-08T07:57:13,90450.1,tp,1.4205,0.8,2026-01
2026-01-08T08:13:02,cont,BUY,90499.04,90332.85,90631.99,166.19,25.0,2026-01-08T08:30:25,90631.99,tp,2.659,0.8,2026-01
2026-01-08T09:24:03,flip,SELL,89932.17,90262.66,89667.78,330.49,0.0,2026-01-08T10:52:46,90263.12,sl,-6.619,-1.0014,2026-01
2026-01-08T11:47:01,flip,SELL,89910.67,90131.69,89733.85,221.02,0.0,2026-01-08T11:51:50,90142.7,sl,-4.6406,-1.0498,2026-01
2026-01-08T12:09:02,cont,SELL,89834.95,90152.77,89580.69,317.82,22.0,2026-01-08T14:25:37,89580.69,tp,5.0851,0.8,2026-01
2026-01-08T15:07:01,flip,BUY,90072.53,89707.9,90364.23,364.63,0.0,2026-01-08T15:12:04,90364.23,tp,5.8341,0.8,2026-01
2026-01-08T15:42:01,cont,BUY,90557.54,90258.0,90797.17,299.54,35.0,2026-01-08T15:46:53,90256.35,sl,-6.0238,-1.0055,2026-01
2026-01-08T15:59:02,cont,BUY,90644.96,90253.28,90958.3,391.68,52.0,2026-01-08T16:36:20,90249.55,sl,-7.9082,-1.0095,2026-01
2026-01-08T17:00:01,cont,BUY,90880.74,90219.82,91409.48,660.92,113.0,2026-01-08T22:13:49,91409.48,tp,10.5747,0.8,2026-01
2026-01-08T22:14:01,cont,BUY,91382.23,91099.33,91608.55,282.9,35.0,2026-01-08T22:31:35,91097.85,sl,-5.6876,-1.0052,2026-01
2026-01-08T22:40:01,flip,SELL,91002.12,91129.06,90900.57,126.94,0.0,2026-01-08T22:46:27,91132.75,sl,-2.6126,-1.0291,2026-01
2026-01-08T23:00:01,flip,BUY,91199.99,91073.02,91301.57,126.97,0.0,2026-01-08T23:34:49,91067.26,sl,-2.6546,-1.0454,2026-01
2026-01-08T23:52:06,flip,SELL,91037.89,91084.91,91000.27,47.02,0.0,2026-01-08T23:52:54,91000.27,tp,0.7523,0.8,2026-01
2026-01-09T00:39:01,flip,BUY,91140.52,90980.8,91268.3,159.72,0.0,2026-01-09T01:27:08,90979.89,sl,-3.2126,-1.0057,2026-01
2026-01-09T01:30:01,cont,BUY,91439.37,90945.72,91834.29,493.65,51.0,2026-01-09T01:36:35,90943.46,sl,-9.9182,-1.0046,2026-01
2026-01-09T07:56:01,flip,SELL,90755.62,91382.85,90253.84,627.23,0.0,2026-01-09T08:42:35,90253.84,tp,10.0357,0.8,2026-01
2026-01-12T02:44:01,flip,BUY,91884.02,90006.34,93386.16,1877.68,0.0,2026-01-12T14:24:32,90000.88,sl,-37.6628,-1.0029,2026-01
2026-01-12T14:52:01,flip,BUY,91012.38,90461.02,91453.47,551.36,0.0,2026-01-12T15:36:15,91453.47,tp,8.8218,0.8,2026-01
2026-01-12T15:52:01,cont,BUY,91518.48,91282.86,91706.98,235.62,60.0,2026-01-12T16:00:30,91706.98,tp,3.7699,0.8,2026-01
2026-01-12T16:25:01,cont,BUY,91788.12,91485.14,92030.5,302.98,93.0,2026-01-12T16:29:18,92030.5,tp,4.8477,0.8,2026-01
2026-01-12T21:55:02,flip,SELL,90865.52,91985.15,89969.82,1119.63,0.0,2026-01-13T05:20:05,91988.88,sl,-22.4672,-1.0033,2026-01
2026-01-13T06:58:01,flip,BUY,92188.09,91696.13,92581.66,491.96,0.0,2026-01-13T09:21:55,92581.66,tp,7.8714,0.8,2026-01
2026-01-13T12:08:01,flip,SELL,91812.13,92266.57,91448.58,454.44,0.0,2026-01-13T13:30:03,92295.63,sl,-9.67,-1.0639,2026-01
2026-01-13T14:02:01,cont,SELL,91799.22,92487.35,91248.72,688.13,114.0,2026-01-13T14:35:35,92489.55,sl,-13.8066,-1.0032,2026-01
2026-01-13T15:37:01,flip,BUY,93085.44,92050.46,93913.42,1034.98,0.0,2026-01-13T19:33:17,93913.42,tp,16.5597,0.8,2026-01
2026-01-13T21:52:02,flip,SELL,94094.9,94517.69,93756.67,422.79,0.0,2026-01-13T22:08:56,94518.04,sl,-8.4628,-1.0008,2026-01
2026-01-14T14:55:01,flip,BUY,96721.71,94428.99,98555.89,2292.72,0.0,2026-01-16T15:33:34,94421.72,sl,-45.9998,-1.0032,2026-01
2026-01-16T16:20:01,flip,BUY,94857.42,94542.48,95109.37,314.94,0.0,2026-01-16T17:25:33,94539.93,sl,-6.3498,-1.0081,2026-01
2026-01-16T17:26:01,flip,SELL,94597.42,94880.33,94371.09,282.91,0.0,2026-01-16T17:44:10,94882.33,sl,-5.6982,-1.0071,2026-01
2026-01-16T17:59:01,flip,BUY,94941.57,94741.39,95101.71,200.18,0.0,2026-01-16T18:00:10,95101.71,tp,3.2029,0.8,2026-01
2026-01-17T07:02:01,flip,SELL,95092.52,95297.81,94928.29,205.29,0.0,2026-01-17T11:59:39,95304.0,sl,-4.2296,-1.0302,2026-01
2026-01-17T12:00:01,cont,BUY,95296.22,95247.84,95334.92,48.38,32.0,2026-01-17T12:03:23,95247.71,sl,-0.9702,-1.0027,2026-01
2026-01-17T12:15:01,cont,BUY,95320.75,95249.37,95377.85,71.38,47.0,2026-01-17T12:19:08,95249.27,sl,-1.4296,-1.0014,2026-01
2026-01-17T12:26:07,flip,SELL,95214.78,95275.05,95166.56,60.27,0.0,2026-01-17T13:17:02,95277.06,sl,-1.2456,-1.0333,2026-01
2026-01-17T13:43:01,flip,BUY,95396.19,95278.11,95490.65,118.08,0.0,2026-01-17T14:38:46,95490.65,tp,1.8893,0.8,2026-01
2026-01-17T15:07:01,cont,BUY,95612.57,95363.75,95811.63,248.82,84.0,2026-01-17T16:22:41,95343.95,sl,-5.3724,-1.0796,2026-01
2026-01-17T16:50:01,flip,SELL,95223.62,95459.7,95034.76,236.08,0.0,2026-01-17T22:46:18,95034.76,tp,3.7773,0.8,2026-01
2026-01-18T00:11:01,flip,BUY,95187.02,95060.83,95287.97,126.19,0.0,2026-01-18T00:48:04,95056.61,sl,-2.6082,-1.0334,2026-01
2026-01-18T00:55:01,flip,SELL,95057.74,95099.81,95024.08,42.07,0.0,2026-01-18T01:02:11,95024.08,tp,0.6731,0.8,2026-01
2026-01-18T05:46:02,flip,BUY,95187.24,95014.98,95325.05,172.26,0.0,2026-01-18T07:31:13,95012.49,sl,-3.495,-1.0145,2026-01
2026-01-18T08:01:01,flip,SELL,95001.58,95053.95,94959.68,52.37,0.0,2026-01-18T08:24:00,95054.49,sl,-1.0582,-1.0103,2026-01
2026-01-18T08:39:06,flip,BUY,95118.52,95064.51,95161.73,54.01,0.0,2026-01-18T08:41:39,95161.73,tp,0.8642,0.8,2026-01
2026-01-18T09:22:02,cont,BUY,95176.21,95110.38,95228.87,65.83,43.0,2026-01-18T09:37:34,95228.87,tp,1.0533,0.8,2026-01
2026-01-18T09:38:01,cont,BUY,95229.83,95194.2,95258.33,35.63,59.0,2026-01-18T09:38:41,95191.19,sl,-0.7728,-1.0845,2026-01
2026-01-18T10:01:06,cont,BUY,95265.85,95174.42,95338.99,91.43,82.0,2026-01-18T10:03:15,95173.81,sl,-1.8408,-1.0067,2026-01
2026-01-18T13:06:02,flip,SELL,95035.2,95156.67,94938.02,121.47,0.0,2026-01-18T13:21:35,94938.02,tp,1.9435,0.8,2026-01
2026-01-18T14:16:01,flip,BUY,95290.87,95099.32,95444.11,191.55,0.0,2026-01-18T14:26:27,95099.0,sl,-3.8374,-1.0017,2026-01
2026-01-18T14:56:01,flip,SELL,94997.66,95074.5,94936.19,76.84,0.0,2026-01-18T14:58:03,94936.19,tp,1.2294,0.8,2026-01
2026-01-18T16:06:02,flip,BUY,95160.68,95031.13,95264.32,129.55,0.0,2026-01-18T18:28:41,95264.32,tp,2.0728,0.8,2026-01
2026-01-20T16:12:01,flip,BUY,90724.32,90413.21,90973.21,311.11,0.0,2026-01-20T16:32:57,90409.89,sl,-6.2886,-1.0107,2026-01
2026-01-20T16:42:01,flip,SELL,90173.57,90404.35,89988.95,230.78,0.0,2026-01-20T16:45:22,89988.95,tp,3.6925,0.8,2026-01
2026-01-20T17:34:01,cont,SELL,89918.03,90393.71,89537.49,475.68,52.0,2026-01-20T17:46:13,89537.49,tp,7.6109,0.8,2026-01
2026-01-20T18:14:01,flip,BUY,89807.36,89605.22,89969.07,202.14,0.0,2026-01-20T18:20:29,89600.45,sl,-4.1382,-1.0236,2026-01
2026-01-20T18:34:02,flip,SELL,89530.27,89794.24,89319.09,263.97,0.0,2026-01-20T18:54:23,89319.09,tp,4.2235,0.8,2026-01
2026-01-20T18:55:01,cont,SELL,89307.97,89526.49,89133.15,218.52,21.0,2026-01-20T19:03:29,89526.58,sl,-4.3722,-1.0004,2026-01
2026-01-20T19:31:01,cont,SELL,89235.75,89655.95,88899.59,420.2,57.0,2026-01-20T19:53:53,89659.53,sl,-8.4756,-1.0085,2026-01
2026-01-20T20:26:04,flip,BUY,89713.26,89264.94,90071.92,448.32,0.0,2026-01-20T22:33:18,89263.31,sl,-8.999,-1.0036,2026-01
2026-01-20T22:34:01,cont,SELL,88137.17,89514.71,87035.14,1377.54,46.0,2026-01-21T04:45:38,89517.41,sl,-27.6048,-1.002,2026-01
2026-01-21T05:33:01,flip,BUY,89622.51,89328.25,89857.92,294.26,0.0,2026-01-21T05:45:06,89857.92,tp,4.7082,0.8,2026-01
2026-01-21T08:39:01,flip,SELL,88932.82,89274.37,88659.58,341.55,0.0,2026-01-21T09:18:53,89278.96,sl,-6.9228,-1.0134,2026-01
2026-01-21T09:36:01,flip,BUY,89379.07,89260.37,89474.03,118.7,0.0,2026-01-21T09:44:00,89256.96,sl,-2.4422,-1.0287,2026-01
2026-01-21T11:54:07,flip,SELL,88903.37,89294.98,88590.08,391.61,0.0,2026-01-21T11:57:57,88590.08,tp,6.2658,0.8,2026-01
2026-01-21T12:11:01,cont,SELL,88435.02,88723.36,88204.35,288.34,17.0,2026-01-21T12:13:43,88204.35,tp,4.6134,0.8,2026-01
2026-01-21T14:06:01,flip,BUY,89171.69,88483.83,89721.98,687.86,0.0,2026-01-21T14:30:47,89721.98,tp,11.0058,0.8,2026-01
2026-01-21T15:04:01,cont,BUY,89920.77,89379.82,90353.53,540.95,58.0,2026-01-21T15:16:41,90353.53,tp,8.6552,0.8,2026-01
2026-01-21T16:21:01,flip,SELL,89414.24,89756.48,89140.45,342.24,0.0,2026-01-21T16:34:36,89140.45,tp,5.4758,0.8,2026-01
2026-01-21T16:35:01,cont,SELL,89113.35,89546.4,88766.91,433.05,14.0,2026-01-21T16:37:16,88766.91,tp,6.9288,0.8,2026-01
2026-01-21T16:56:01,cont,SELL,88008.2,88608.41,87528.03,600.21,35.0,2026-01-21T16:59:17,87528.03,tp,9.6034,0.8,2026-01
2026-01-21T17:13:01,cont,SELL,87531.98,88031.43,87132.42,499.45,52.0,2026-01-21T17:43:03,88032.49,sl,-10.0102,-1.0021,2026-01
2026-01-21T18:48:01,flip,BUY,88346.08,87983.65,88636.02,362.43,0.0,2026-01-21T19:27:39,88636.02,tp,5.7989,0.8,2026-01
2026-01-21T19:28:01,cont,BUY,89028.08,88188.19,89699.99,839.89,40.0,2026-01-21T19:30:56,89699.99,tp,13.4382,0.8,2026-01
2026-01-21T19:47:01,cont,BUY,90151.91,89809.92,90425.5,341.99,59.0,2026-01-21T20:07:42,89808.64,sl,-6.8654,-1.0037,2026-01
2026-01-21T23:50:01,flip,SELL,89281.75,90322.44,88449.2,1040.69,0.0,2026-01-22T15:32:33,88449.2,tp,16.651,0.8,2026-01
2026-01-22T17:47:01,flip,BUY,89422.92,89002.18,89759.51,420.74,0.0,2026-01-22T19:38:35,89759.51,tp,6.7318,0.8,2026-01
2026-01-22T19:39:01,cont,BUY,89779.54,89050.22,90363.0,729.32,112.0,2026-01-22T22:02:26,89043.53,sl,-14.7202,-1.0092,2026-01
2026-01-23T01:21:03,flip,BUY,89607.76,89498.02,89695.55,109.74,0.0,2026-01-23T01:34:43,89695.55,tp,1.7558,0.8,2026-01
2026-01-23T02:15:03,cont,BUY,89856.27,89703.53,89978.46,152.74,54.0,2026-01-23T02:25:56,89703.41,sl,-3.0572,-1.0008,2026-01
2026-01-23T02:53:01,flip,SELL,89614.78,89730.19,89522.45,115.41,0.0,2026-01-23T03:15:06,89731.94,sl,-2.3432,-1.0152,2026-01
2026-01-23T03:24:01,flip,BUY,89821.11,89749.45,89878.44,71.66,0.0,2026-01-23T03:33:50,89747.69,sl,-1.4684,-1.0246,2026-01
2026-01-23T03:48:02,cont,BUY,89832.92,89714.95,89927.3,117.97,24.0,2026-01-23T04:14:33,89927.3,tp,1.8875,0.8,2026-01
2026-01-23T06:28:01,flip,SELL,89343.48,89691.06,89065.42,347.58,0.0,2026-01-23T08:36:45,89065.42,tp,5.5613,0.8,2026-01
2026-01-23T11:19:01,flip,BUY,89161.43,89095.35,89214.29,66.08,0.0,2026-01-23T11:21:08,89094.34,sl,-1.3418,-1.0153,2026-01
2026-01-23T12:15:01,flip,SELL,89031.64,89137.84,88946.68,106.2,0.0,2026-01-23T12:44:54,89139.96,sl,-2.1664,-1.02,2026-01
2026-01-23T13:11:05,flip,BUY,89276.14,89112.61,89406.96,163.53,0.0,2026-01-23T14:22:45,89406.96,tp,2.6165,0.8,2026-01
2026-01-23T14:23:01,cont,BUY,89471.2,89332.52,89582.14,138.68,72.0,2026-01-23T14:29:17,89582.14,tp,2.2189,0.8,2026-01
2026-01-23T18:01:01,flip,SELL,90439.19,90644.52,90274.93,205.33,0.0,2026-01-23T18:03:38,90645.34,sl,-4.123,-1.004,2026-01
2026-01-23T19:02:01,cont,SELL,90280.03,90950.38,89743.75,670.35,61.0,2026-01-23T19:17:23,89743.75,tp,10.7256,0.8,2026-01
2026-01-23T19:34:01,cont,SELL,89592.6,90088.02,89196.26,495.42,93.0,2026-01-23T20:37:39,89196.26,tp,7.9267,0.8,2026-01
2026-01-25T00:38:03,flip,BUY,89132.07,89073.71,89178.76,58.36,0.0,2026-01-25T01:01:26,89178.76,tp,0.9338,0.8,2026-01
2026-01-25T01:13:02,flip,SELL,89105.07,89161.47,89059.95,56.4,0.0,2026-01-25T01:30:02,89059.95,tp,0.9024,0.8,2026-01
2026-01-25T01:31:01,cont,SELL,89045.63,89117.15,88988.41,71.52,18.0,2026-01-25T01:33:28,88988.41,tp,1.1443,0.8,2026-01
2026-01-25T06:42:02,flip,BUY,88720.4,88567.91,88842.39,152.49,0.0,2026-01-25T07:49:27,88567.26,sl,-3.0628,-1.0043,2026-01
2026-01-25T08:01:01,flip,SELL,88497.65,88534.69,88468.02,37.04,0.0,2026-01-25T08:01:04,88536.4,sl,-0.775,-1.0462,2026-01
2026-01-25T08:36:01,cont,SELL,88470.27,88617.11,88352.8,146.84,35.0,2026-01-25T08:38:32,88352.8,tp,2.3494,0.8,2026-01
2026-01-25T08:39:01,cont,SELL,88305.69,88511.61,88140.95,205.92,38.0,2026-01-25T08:41:17,88140.95,tp,3.2947,0.8,2026-01
2026-01-25T11:35:03,flip,BUY,88567.55,88429.32,88678.13,138.23,0.0,2026-01-25T11:45:39,88426.32,sl,-2.8246,-1.0217,2026-01
2026-01-25T12:03:01,flip,SELL,88377.07,88455.44,88314.37,78.37,0.0,2026-01-25T12:05:28,88461.83,sl,-1.6952,-1.0815,2026-01
2026-01-25T12:25:01,flip,BUY,88599.91,88392.64,88765.73,207.27,0.0,2026-01-25T13:48:38,88765.73,tp,3.3163,0.8,2026-01
2026-01-25T15:50:01,flip,SELL,88466.92,88649.45,88320.9,182.53,0.0,2026-01-25T15:54:37,88320.9,tp,2.9205,0.8,2026-01
2026-01-25T21:21:01,flip,BUY,86883.1,86774.29,86970.15,108.81,0.0,2026-01-25T21:23:39,86770.67,sl,-2.2486,-1.0333,2026-01
2026-01-25T22:03:01,flip,SELL,86285.96,86549.18,86075.38,263.22,0.0,2026-01-25T22:37:22,86554.78,sl,-5.3764,-1.0213,2026-01
2026-01-25T23:02:01,cont,SELL,85996.6,86556.65,85548.56,560.05,59.0,2026-01-25T23:22:35,86559.92,sl,-11.2664,-1.0058,2026-01
2026-01-25T23:49:01,flip,BUY,86604.95,86167.28,86955.09,437.67,0.0,2026-01-26T00:09:32,86955.09,tp,7.0027,0.8,2026-01
2026-01-26T01:05:01,cont,BUY,87042.33,86403.86,87553.11,638.47,76.0,2026-01-26T01:21:45,87553.11,tp,10.2155,0.8,2026-01
2026-01-26T01:22:01,cont,BUY,87566.11,87230.44,87834.65,335.67,93.0,2026-01-26T02:30:45,87834.65,tp,5.3707,0.8,2026-01
2026-01-26T03:31:01,flip,SELL,87287.02,87393.91,87201.51,106.89,0.0,2026-01-26T03:36:10,87201.51,tp,1.7102,0.8,2026-01
2026-01-26T03:48:01,cont,SELL,87155.66,87247.54,87082.16,91.88,17.0,2026-01-26T03:52:52,87082.16,tp,1.4701,0.8,2026-01
2026-01-26T04:20:01,flip,BUY,87472.34,87329.98,87586.23,142.36,0.0,2026-01-26T04:24:19,87586.23,tp,2.2778,0.8,2026-01
2026-01-26T09:19:02,flip,SELL,87628.66,87731.68,87546.24,103.02,0.0,2026-01-26T09:22:42,87735.24,sl,-2.1316,-1.0346,2026-01
2026-01-26T09:37:02,cont,SELL,87607.35,87760.03,87485.21,152.68,18.0,2026-01-26T10:05:08,87763.69,sl,-3.1268,-1.024,2026-01
2026-01-26T10:28:04,flip,BUY,87847.82,87687.41,87976.15,160.41,0.0,2026-01-26T11:31:05,87685.92,sl,-3.238,-1.0093,2026-01
2026-01-26T12:11:02,flip,SELL,87676.47,87883.97,87510.47,207.5,0.0,2026-01-26T13:31:53,87887.4,sl,-4.2186,-1.0165,2026-01
2026-01-26T14:41:01,flip,BUY,88228.33,87963.34,88440.32,264.99,0.0,2026-01-26T14:41:40,88440.32,tp,4.2398,0.8,2026-01
2026-01-26T15:12:01,cont,BUY,88579.35,87748.11,89244.34,831.24,31.0,2026-01-26T15:40:59,87661.34,sl,-18.3602,-1.1044,2026-01
2026-01-26T16:08:01,flip,SELL,87258.08,87699.59,86904.87,441.51,0.0,2026-01-26T16:22:39,87700.91,sl,-8.8566,-1.003,2026-01
2026-01-26T17:33:01,cont,SELL,87038.94,87871.26,86373.08,832.32,85.0,2026-01-26T18:17:13,87874.83,sl,-16.7178,-1.0043,2026-01
2026-01-26T18:59:02,flip,BUY,88293.79,87839.59,88657.15,454.2,0.0,2026-01-26T20:11:46,87834.57,sl,-9.1844,-1.0111,2026-01
2026-01-26T20:39:03,flip,SELL,87668.9,87923.18,87465.48,254.28,0.0,2026-01-26T20:55:10,87465.48,tp,4.0685,0.8,2026-01
2026-01-26T21:28:01,flip,BUY,87821.62,87663.23,87948.33,158.39,0.0,2026-01-26T21:41:23,87948.33,tp,2.5342,0.8,2026-01
2026-01-26T21:42:01,cont,BUY,88097.62,87774.08,88356.45,323.54,14.0,2026-01-26T23:29:36,88356.45,tp,5.1766,0.8,2026-01
2026-01-27T03:20:03,flip,SELL,88492.19,88576.0,88425.14,83.81,0.0,2026-01-27T03:23:14,88577.17,sl,-1.6996,-1.014,2026-01
2026-01-27T03:37:01,flip,BUY,88696.94,88569.6,88798.81,127.34,0.0,2026-01-27T04:06:08,88568.48,sl,-2.5692,-1.0088,2026-01
2026-01-27T04:10:01,cont,BUY,88744.57,88601.24,88859.23,143.33,33.0,2026-01-27T04:12:13,88859.23,tp,2.2933,0.8,2026-01
2026-01-27T04:48:02,flip,SELL,88584.58,88607.33,88566.38,22.75,0.0,2026-01-27T04:48:41,88566.38,tp,0.364,0.8,2026-01
2026-01-27T05:07:01,cont,SELL,88383.23,88504.02,88286.6,120.79,19.0,2026-01-27T06:30:24,88286.6,tp,1.9326,0.8,2026-01
2026-01-27T06:31:01,cont,SELL,88250.44,88459.2,88083.43,208.76,103.0,2026-01-27T07:30:17,88463.2,sl,-4.2552,-1.0192,2026-01
2026-01-27T08:23:02,flip,SELL,88205.72,88297.97,88131.92,92.25,0.0,2026-01-27T08:27:38,88131.92,tp,1.476,0.8,2026-01
2026-01-27T08:46:01,cont,SELL,88064.25,88205.3,87951.41,141.05,23.0,2026-01-27T09:08:53,87951.41,tp,2.2568,0.8,2026-01
2026-01-27T09:16:02,cont,SELL,87868.23,87991.28,87769.79,123.05,53.0,2026-01-27T09:56:16,87769.79,tp,1.9688,0.8,2026-01
2026-01-27T09:57:07,cont,SELL,87770.89,87936.26,87638.59,165.37,94.0,2026-01-27T10:12:51,87938.09,sl,-3.344,-1.0111,2026-01
2026-01-27T11:16:07,flip,BUY,87799.24,87707.76,87872.42,91.48,0.0,2026-01-27T11:20:10,87705.37,sl,-1.8774,-1.0261,2026-01
2026-01-27T11:32:02,cont,BUY,87817.56,87679.06,87928.36,138.5,16.0,2026-01-27T11:43:33,87928.36,tp,2.216,0.8,2026-01
2026-01-27T12:15:01,cont,BUY,87991.68,87836.01,88116.22,155.67,59.0,2026-01-27T12:57:32,87835.9,sl,-3.1156,-1.0007,2026-01
2026-01-27T14:52:01,flip,SELL,87536.33,87752.44,87363.44,216.11,0.0,2026-01-27T14:55:01,87755.82,sl,-4.3898,-1.0156,2026-01
2026-01-27T15:02:01,cont,SELL,87492.77,87836.25,87217.99,343.48,10.0,2026-01-27T15:10:33,87841.37,sl,-6.972,-1.0149,2026-01
2026-01-27T16:07:01,flip,BUY,88343.36,87496.12,89021.15,847.24,0.0,2026-01-27T17:20:06,87492.56,sl,-17.016,-1.0042,2026-01
2026-01-27T17:38:01,cont,SELL,87395.75,87890.46,86999.98,494.71,37.0,2026-01-27T18:54:43,87893.25,sl,-9.95,-1.0056,2026-01
2026-01-27T19:44:01,flip,BUY,88387.48,87924.97,88757.49,462.51,0.0,2026-01-27T20:19:11,88757.49,tp,7.4002,0.8,2026-01
2026-01-27T20:48:01,cont,BUY,89136.24,88697.64,89487.12,438.6,64.0,2026-01-28T10:00:01,89487.12,tp,7.0176,0.8,2026-01
2026-01-28T11:45:01,cont,BUY,89554.24,89191.74,89844.24,362.5,105.0,2026-01-28T11:54:17,89844.24,tp,5.8,0.8,2026-01
2026-01-28T14:38:01,flip,SELL,89730.24,90029.77,89490.62,299.53,0.0,2026-01-28T14:46:48,89490.62,tp,4.7925,0.8,2026-01
2026-01-28T15:10:01,cont,SELL,89312.23,89739.07,88970.76,426.84,32.0,2026-01-28T15:15:00,88970.76,tp,6.8294,0.8,2026-01
2026-01-29T17:19:01,flip,BUY,85362.49,84942.13,85698.78,420.36,0.0,2026-01-29T17:26:30,84938.38,sl,-8.4822,-1.0089,2026-01
2026-01-29T17:40:01,flip,SELL,84803.32,85033.48,84619.19,230.16,0.0,2026-01-29T17:43:23,84619.19,tp,3.6826,0.8,2026-01
2026-01-29T18:27:01,cont,SELL,83653.74,84482.42,82990.8,828.68,47.0,2026-01-29T21:49:20,84487.25,sl,-16.6702,-1.0058,2026-01
2026-01-30T00:31:01,flip,SELL,84138.87,84245.98,84053.18,107.11,0.0,2026-01-30T00:32:42,84247.99,sl,-2.1824,-1.0188,2026-01
2026-01-30T00:46:01,flip,BUY,84361.56,84209.38,84483.3,152.18,0.0,2026-01-30T00:51:18,84208.32,sl,-3.0648,-1.007,2026-01
2026-01-30T01:22:02,flip,SELL,83708.25,84055.48,83430.47,347.23,0.0,2026-01-30T01:22:52,83430.47,tp,5.5557,0.8,2026-01
2026-01-30T01:38:01,cont,SELL,83085.22,83757.79,82547.16,672.57,16.0,2026-01-30T01:39:41,82547.16,tp,10.7611,0.8,2026-01
2026-01-30T19:02:01,flip,BUY,83923.42,83628.2,84159.6,295.22,0.0,2026-01-30T19:04:06,84159.6,tp,4.7235,0.8,2026-01
2026-01-30T19:21:01,cont,BUY,84382.75,83841.14,84816.04,541.61,19.0,2026-01-30T20:05:18,83838.78,sl,-10.8794,-1.0044,2026-01
2026-01-31T09:04:01,flip,BUY,83083.83,82914.02,83219.68,169.81,0.0,2026-01-31T09:21:01,82911.77,sl,-3.4412,-1.0133,2026-01
2026-01-31T11:53:01,flip,SELL,82758.21,83152.19,82443.03,393.98,0.0,2026-01-31T13:34:17,82443.03,tp,6.3037,0.8,2026-01
2026-02-01T00:12:01,flip,BUY,79229.94,78575.2,79753.73,654.74,0.0,2026-02-01T01:05:58,78574.3,sl,-13.1128,-1.0014,2026-02
2026-02-01T01:11:01,flip,SELL,78497.46,78620.97,78398.65,123.51,0.0,2026-02-01T01:11:08,78398.65,tp,1.9762,0.8,2026-02
2026-02-01T01:17:01,cont,SELL,78389.39,78640.8,78188.26,251.41,6.0,2026-02-01T01:27:42,78642.69,sl,-5.066,-1.0075,2026-02
2026-02-01T01:45:01,cont,SELL,78282.67,78800.61,77868.32,517.94,34.0,2026-02-01T02:15:47,78801.09,sl,-10.3684,-1.0009,2026-02
2026-02-01T04:18:03,flip,BUY,78995.73,78612.14,79302.6,383.59,0.0,2026-02-01T05:41:43,78609.98,sl,-7.715,-1.0056,2026-02
2026-02-01T06:38:01,flip,SELL,78422.82,78713.69,78190.12,290.87,0.0,2026-02-01T06:50:49,78190.12,tp,4.6539,0.8,2026-02
2026-02-01T07:05:02,cont,SELL,78091.69,78372.82,77866.79,281.13,27.0,2026-02-01T07:40:15,78375.55,sl,-5.6772,-1.0097,2026-02
2026-02-01T08:39:05,flip,BUY,78631.86,78166.49,79004.16,465.37,0.0,2026-02-01T09:58:48,79004.16,tp,7.4459,0.8,2026-02
2026-02-01T10:12:01,cont,BUY,79062.02,78809.57,79263.98,252.45,93.0,2026-02-01T10:33:43,78805.99,sl,-5.1206,-1.0142,2026-02
2026-02-01T10:56:01,flip,SELL,78165.03,78450.14,77936.94,285.11,0.0,2026-02-01T11:14:49,78452.48,sl,-5.749,-1.0082,2026-02
2026-02-01T15:58:01,flip,BUY,77699.35,77388.28,77948.21,311.07,0.0,2026-02-01T16:00:58,77387.87,sl,-6.2296,-1.0013,2026-02
2026-02-01T20:03:01,flip,SELL,76910.28,77123.93,76739.36,213.65,0.0,2026-02-01T20:10:36,77123.97,sl,-4.2738,-1.0002,2026-02
2026-02-01T20:22:01,flip,BUY,77296.49,77142.56,77419.63,153.93,0.0,2026-02-01T20:25:55,77141.06,sl,-3.1086,-1.0097,2026-02
2026-02-01T20:39:01,cont,BUY,77458.32,76502.34,78223.1,955.98,17.0,2026-02-01T21:08:24,76502.24,sl,-19.1216,-1.0001,2026-02
2026-02-01T23:07:01,flip,SELL,76122.3,77611.96,74930.57,1489.66,0.0,2026-02-02T00:14:00,77612.5,sl,-29.804,-1.0004,2026-02
2026-02-02T04:26:01,flip,BUY,76345.39,75241.1,77228.82,1104.29,0.0,2026-02-02T05:16:22,75238.57,sl,-22.1364,-1.0023,2026-02
2026-02-02T05:27:01,cont,SELL,74884.68,75286.13,74563.52,401.45,31.0,2026-02-02T05:33:29,75291.93,sl,-8.145,-1.0144,2026-02
2026-02-02T05:51:01,flip,BUY,75546.53,75012.34,75973.88,534.19,0.0,2026-02-02T06:20:00,75973.88,tp,8.547,0.8,2026-02
2026-02-02T06:43:01,cont,BUY,76348.87,74860.64,77539.45,1488.23,52.0,2026-02-02T09:37:15,77539.45,tp,23.8117,0.8,2026-02
2026-02-02T14:12:01,flip,SELL,77729.33,78432.34,77166.92,703.01,0.0,2026-02-02T14:35:15,78435.86,sl,-14.1306,-1.005,2026-02
2026-02-02T15:26:01,flip,BUY,78865.38,77501.48,79956.5,1363.9,0.0,2026-02-03T14:54:17,77497.09,sl,-27.3658,-1.0032,2026-02
2026-02-03T14:55:01,cont,SELL,77572.09,77802.49,77387.77,230.4,37.0,2026-02-03T14:55:09,77387.77,tp,3.6864,0.8,2026-02
2026-02-03T19:20:01,flip,BUY,74951.84,74178.49,75570.52,773.35,0.0,2026-02-03T20:26:09,75570.52,tp,12.3736,0.8,2026-02
2026-02-03T21:02:01,cont,BUY,76594.34,76142.97,76955.44,451.37,102.0,2026-02-03T21:38:37,76136.29,sl,-9.161,-1.0148,2026-02
2026-02-03T21:55:01,flip,SELL,76069.38,76382.34,75819.01,312.96,0.0,2026-02-03T22:08:21,75819.01,tp,5.0074,0.8,2026-02
2026-02-03T22:16:01,cont,SELL,75524.02,75890.53,75230.81,366.51,21.0,2026-02-03T22:20:19,75892.86,sl,-7.3768,-1.0064,2026-02
2026-02-03T22:29:01,flip,BUY,75982.99,75637.84,76259.11,345.15,0.0,2026-02-03T22:46:01,75636.68,sl,-6.9262,-1.0034,2026-02
2026-02-04T02:28:01,flip,SELL,76144.08,76512.21,75849.58,368.13,0.0,2026-02-04T02:41:10,75849.58,tp,5.8901,0.8,2026-02
2026-02-04T03:38:01,flip,BUY,76773.45,76280.04,77168.18,493.41,0.0,2026-02-04T05:20:18,76277.38,sl,-9.9214,-1.0054,2026-02
2026-02-04T05:40:02,flip,SELL,76242.23,76395.07,76119.96,152.84,0.0,2026-02-04T05:52:22,76119.96,tp,2.4454,0.8,2026-02
2026-02-04T05:53:01,cont,SELL,76111.8,76248.18,76002.7,136.38,13.0,2026-02-04T06:02:03,76250.25,sl,-2.769,-1.0152,2026-02
2026-02-04T06:37:01,flip,BUY,76583.65,76303.68,76807.63,279.97,0.0,2026-02-04T07:06:54,76303.46,sl,-5.6038,-1.0008,2026-02
2026-02-04T08:04:01,flip,SELL,76202.42,76536.6,75935.08,334.18,0.0,2026-02-04T09:36:59,75935.08,tp,5.3469,0.8,2026-02
2026-02-04T11:07:01,cont,SELL,75799.75,76234.84,75451.68,435.09,100.0,2026-02-04T13:39:47,75451.68,tp,6.9614,0.8,2026-02
2026-02-04T20:04:01,flip,BUY,74000.53,72962.11,74831.27,1038.42,0.0,2026-02-04T21:27:39,72959.49,sl,-20.8208,-1.0025,2026-02
2026-02-04T21:43:02,flip,SELL,72896.07,73178.13,72670.42,282.06,0.0,2026-02-04T21:44:08,72670.42,tp,4.513,0.8,2026-02
2026-02-04T22:06:01,cont,SELL,71908.26,72707.5,71268.87,799.24,23.0,2026-02-04T22:21:16,72708.17,sl,-15.9982,-1.0008,2026-02
2026-02-05T09:09:01,flip,BUY,71572.38,70480.28,72446.06,1092.1,0.0,2026-02-05T11:22:21,70474.93,sl,-21.949,-1.0049,2026-02
2026-02-05T11:31:01,flip,SELL,69824.67,70248.44,69485.65,423.77,0.0,2026-02-05T11:37:26,70250.63,sl,-8.5192,-1.0052,2026-02
2026-02-05T12:15:01,cont,SELL,69793.69,70585.44,69160.29,791.75,44.0,2026-02-05T12:21:29,69160.29,tp,12.668,0.8,2026-02
2026-02-05T15:51:01,flip,BUY,67825.51,66885.16,68577.79,940.35,0.0,2026-02-05T16:09:14,66879.83,sl,-18.9136,-1.0057,2026-02
2026-02-05T16:29:01,cont,BUY,68064.39,66823.18,69057.36,1241.21,38.0,2026-02-05T17:17:43,66822.41,sl,-24.8396,-1.0006,2026-02
2026-02-05T17:57:01,flip,SELL,66162.97,67514.93,65081.4,1351.96,0.0,2026-02-05T19:52:15,65081.4,tp,21.6314,0.8,2026-02
2026-02-05T20:06:01,cont,SELL,64996.53,65357.02,64708.14,360.49,18.0,2026-02-05T20:08:20,65358.99,sl,-7.2492,-1.0055,2026-02
2026-02-05T20:15:01,cont,SELL,64905.12,65489.81,64437.37,584.69,27.0,2026-02-05T20:15:48,64437.37,tp,9.355,0.8,2026-02
2026-02-05T20:49:01,cont,SELL,63126.67,64230.65,62243.49,1103.98,61.0,2026-02-05T20:55:03,62243.49,tp,17.6637,0.8,2026-02
2026-02-05T23:05:01,flip,BUY,64631.83,62561.9,66287.77,2069.93,0.0,2026-02-06T00:02:05,62549.18,sl,-41.653,-1.0061,2026-02
2026-02-06T18:23:01,flip,SELL,69514.61,70026.69,69104.95,512.08,0.0,2026-02-06T18:38:31,70033.58,sl,-10.3794,-1.0135,2026-02
2026-02-06T19:25:01,flip,BUY,70278.8,69634.38,70794.34,644.42,0.0,2026-02-06T19:53:18,70794.34,tp,10.3107,0.8,2026-02
2026-02-06T20:36:01,cont,BUY,70926.56,70193.92,71512.67,732.64,71.0,2026-02-06T20:42:39,70189.27,sl,-14.7458,-1.0063,2026-02
2026-02-06T20:57:02,flip,SELL,70006.41,70480.99,69626.75,474.58,0.0,2026-02-06T22:04:17,70484.34,sl,-9.5586,-1.0071,2026-02
2026-02-06T22:31:01,flip,BUY,70819.55,70252.75,71272.99,566.8,0.0,2026-02-06T22:36:33,71272.99,tp,9.0688,0.8,2026-02
2026-02-06T22:55:01,cont,BUY,71508.93,71005.52,71911.66,503.41,24.0,2026-02-06T23:15:13,71003.84,sl,-10.1018,-1.0033,2026-02
2026-02-07T00:01:01,flip,SELL,70315.59,70808.16,69921.53,492.57,0.0,2026-02-07T00:33:25,69921.53,tp,7.8811,0.8,2026-02
2026-02-07T03:12:01,flip,BUY,70686.01,70098.37,71156.12,587.64,0.0,2026-02-07T04:04:39,71156.12,tp,9.4022,0.8,2026-02
2026-02-07T05:52:01,flip,SELL,70013.95,70255.5,69820.71,241.55,0.0,2026-02-07T06:06:52,70260.08,sl,-4.9226,-1.019,2026-02
2026-02-07T06:17:01,cont,SELL,69910.49,70271.51,69621.67,361.02,25.0,2026-02-07T06:36:30,70273.98,sl,-7.2698,-1.0068,2026-02
2026-02-07T06:46:01,cont,SELL,69825.82,70263.68,69475.53,437.86,54.0,2026-02-07T06:53:32,69475.53,tp,7.0058,0.8,2026-02
2026-02-07T07:06:01,cont,SELL,68622.33,68999.65,68320.47,377.32,74.0,2026-02-07T07:08:17,68320.47,tp,6.0371,0.8,2026-02
2026-02-08T08:23:01,flip,BUY,70062.99,68250.95,71512.62,1812.04,0.0,2026-02-08T14:03:31,71512.62,tp,28.9926,0.8,2026-02
2026-02-08T15:26:01,flip,SELL,71021.72,71412.79,70708.86,391.07,0.0,2026-02-08T16:43:33,70708.86,tp,6.2571,0.8,2026-02
2026-02-08T19:51:01,flip,BUY,71396.05,71078.26,71650.28,317.79,0.0,2026-02-08T20:02:21,71077.44,sl,-6.3722,-1.0026,2026-02
2026-02-08T20:48:01,flip,SELL,70895.94,71143.82,70697.64,247.88,0.0,2026-02-08T20:54:54,70697.64,tp,3.9661,0.8,2026-02
2026-02-08T21:39:01,cont,SELL,70628.2,71072.7,70272.6,444.5,51.0,2026-02-08T22:58:27,71075.1,sl,-8.938,-1.0054,2026-02
2026-02-09T08:32:01,flip,SELL,69658.75,71392.05,68272.11,1733.3,0.0,2026-02-09T14:13:11,68272.11,tp,27.7328,0.8,2026-02
2026-02-09T17:36:01,flip,BUY,70459.23,69821.53,70969.39,637.7,0.0,2026-02-09T17:44:11,70969.39,tp,10.2032,0.8,2026-02
2026-02-09T20:26:02,flip,SELL,70556.86,70705.07,70438.29,148.21,0.0,2026-02-09T20:39:07,70710.87,sl,-3.0802,-1.0391,2026-02
2026-02-09T20:48:02,flip,BUY,70832.67,70690.62,70946.31,142.05,0.0,2026-02-09T20:50:19,70688.41,sl,-2.8852,-1.0156,2026-02
2026-02-09T21:32:02,flip,SELL,70231.17,70463.24,70045.51,232.07,0.0,2026-02-09T21:33:56,70045.51,tp,3.7131,0.8,2026-02
2026-02-10T09:24:01,flip,BUY,69338.23,69162.53,69478.79,175.7,0.0,2026-02-10T09:31:39,69160.18,sl,-3.561,-1.0134,2026-02
2026-02-10T09:37:03,flip,SELL,69068.32,69167.08,68989.31,98.76,0.0,2026-02-10T09:45:11,69167.64,sl,-1.9864,-1.0057,2026-02
2026-02-10T09:49:01,cont,SELL,68966.22,69145.72,68822.62,179.5,12.0,2026-02-10T10:01:27,69147.91,sl,-3.6338,-1.0122,2026-02
2026-02-10T10:39:04,cont,SELL,68922.88,69202.44,68699.23,279.56,62.0,2026-02-10T11:42:54,68699.23,tp,4.473,0.8,2026-02
2026-02-10T14:11:01,flip,BUY,69087.29,68814.04,69305.89,273.25,0.0,2026-02-10T14:16:40,69305.89,tp,4.372,0.8,2026-02
2026-02-10T18:48:01,flip,SELL,68632.81,69045.41,68302.73,412.6,0.0,2026-02-10T19:33:16,69046.78,sl,-8.2794,-1.0033,2026-02
2026-02-11T13:35:01,flip,BUY,67445.69,66765.16,67990.11,680.53,0.0,2026-02-11T14:07:29,67990.11,tp,10.8885,0.8,2026-02
2026-02-11T14:57:01,flip,SELL,66657.47,67069.76,66327.64,412.29,0.0,2026-02-11T15:00:53,66327.64,tp,6.5966,0.8,2026-02
2026-02-11T15:07:01,cont,SELL,66227.47,66758.83,65802.38,531.36,10.0,2026-02-11T15:12:44,65802.38,tp,8.5018,0.8,2026-02
2026-02-11T19:05:01,flip,BUY,67367.86,65820.57,68605.69,1547.29,0.0,2026-02-12T16:53:09,65817.86,sl,-31.0,-1.0018,2026-02
2026-02-12T16:54:01,cont,SELL,65568.23,66469.81,64846.97,901.58,109.0,2026-02-13T00:06:30,66472.37,sl,-18.0828,-1.0028,2026-02
2026-02-13T00:33:01,flip,SELL,65952.98,66038.86,65884.28,85.88,0.0,2026-02-13T00:33:17,65884.28,tp,1.3741,0.8,2026-02
2026-02-13T01:00:01,cont,SELL,65876.92,66076.5,65717.26,199.58,27.0,2026-02-13T01:06:29,66076.61,sl,-3.9938,-1.0006,2026-02
2026-02-13T01:31:01,flip,BUY,66240.31,66022.13,66414.85,218.18,0.0,2026-02-13T01:39:29,66414.85,tp,3.4909,0.8,2026-02
2026-02-13T01:46:01,cont,BUY,66567.76,66354.24,66738.58,213.52,15.0,2026-02-13T01:54:33,66353.86,sl,-4.278,-1.0018,2026-02
2026-02-13T02:27:01,cont,BUY,66562.64,66292.49,66778.76,270.15,56.0,2026-02-13T04:44:23,66289.51,sl,-5.4626,-1.011,2026-02
2026-02-13T04:45:02,cont,SELL,66292.78,66416.11,66194.12,123.33,14.0,2026-02-13T05:07:34,66194.12,tp,1.9733,0.8,2026-02
2026-02-13T06:00:01,cont,SELL,66125.27,66452.32,65863.63,327.05,89.0,2026-02-13T07:11:37,66453.97,sl,-6.574,-1.005,2026-02
2026-02-13T08:48:01,flip,BUY,66634.14,65980.16,67157.32,653.98,0.0,2026-02-13T11:57:00,67157.32,tp,10.4637,0.8,2026-02
2026-02-13T12:55:01,flip,BUY,67174.2,66867.12,67419.86,307.08,0.0,2026-02-13T13:30:01,67419.86,tp,4.9133,0.8,2026-02
2026-02-13T14:35:01,cont,BUY,67458.35,67087.97,67754.65,370.38,100.0,2026-02-13T14:40:57,67083.24,sl,-7.5022,-1.0128,2026-02
2026-02-13T14:46:01,cont,BUY,67667.53,66830.94,68336.8,836.59,111.0,2026-02-13T15:11:13,68336.8,tp,13.3854,0.8,2026-02
2026-02-14T09:24:02,flip,SELL,69598.5,69718.33,69502.64,119.83,0.0,2026-02-14T09:43:17,69718.62,sl,-2.4024,-1.0024,2026-02
2026-02-14T15:24:01,flip,BUY,69875.22,69589.94,70103.44,285.28,0.0,2026-02-14T16:15:11,69587.41,sl,-5.7562,-1.0089,2026-02
2026-02-15T12:13:01,flip,SELL,70127.5,70619.51,69733.89,492.01,0.0,2026-02-15T12:51:42,69733.89,tp,7.8722,0.8,2026-02
2026-02-15T13:29:03,cont,SELL,69242.84,69583.55,68970.27,340.71,76.0,2026-02-15T13:30:50,68970.27,tp,5.4514,0.8,2026-02
2026-02-15T13:51:01,cont,SELL,68740.74,69027.22,68511.56,286.48,98.0,2026-02-15T14:00:54,69032.61,sl,-5.8374,-1.0188,2026-02
2026-02-15T14:33:02,flip,BUY,69097.18,68838.76,69303.92,258.42,0.0,2026-02-15T16:07:03,68832.89,sl,-5.2858,-1.0227,2026-02
2026-02-15T16:08:01,cont,SELL,68792.11,69069.17,68570.46,277.06,39.0,2026-02-15T16:31:03,69072.44,sl,-5.6066,-1.0118,2026-02
2026-02-16T12:52:01,flip,BUY,69752.36,69285.56,70125.8,466.8,0.0,2026-02-16T13:22:10,69278.23,sl,-9.4826,-1.0157,2026-02
2026-02-16T23:52:01,flip,BUY,68915.92,68455.37,69284.36,460.55,0.0,2026-02-17T02:02:33,68452.61,sl,-9.2662,-1.006,2026-02
2026-02-17T05:20:02,flip,SELL,68173.46,68477.96,67929.86,304.5,0.0,2026-02-17T05:23:24,67929.86,tp,4.872,0.8,2026-02
2026-02-17T13:25:01,flip,BUY,68300.8,67687.48,68791.46,613.32,0.0,2026-02-17T14:38:44,67687.27,sl,-12.2706,-1.0003,2026-02
2026-02-17T14:51:01,flip,SELL,66786.25,67046.14,66578.34,259.89,0.0,2026-02-17T15:02:06,67052.32,sl,-5.3214,-1.0238,2026-02
2026-02-17T15:48:01,flip,BUY,67197.62,66564.71,67703.95,632.91,0.0,2026-02-17T16:02:02,67703.95,tp,10.1266,0.8,2026-02
2026-02-17T16:37:01,cont,BUY,68129.76,67425.68,68693.02,704.08,49.0,2026-02-17T17:10:31,67423.92,sl,-14.1168,-1.0025,2026-02
2026-02-17T17:42:01,flip,SELL,66992.68,67425.55,66646.38,432.87,0.0,2026-02-17T18:20:31,67428.12,sl,-8.7088,-1.0059,2026-02
2026-02-17T18:41:01,flip,BUY,67975.08,67651.71,68233.78,323.37,0.0,2026-02-17T20:03:54,67649.75,sl,-6.5066,-1.0061,2026-02
2026-02-17T20:04:01,cont,SELL,67662.31,67873.97,67492.98,211.66,11.0,2026-02-17T20:21:01,67492.98,tp,3.3866,0.8,2026-02
2026-02-18T02:02:01,flip,BUY,67184.66,67040.27,67300.17,144.39,0.0,2026-02-18T02:09:23,67300.17,tp,2.3102,0.8,2026-02
2026-02-18T02:37:01,cont,BUY,67392.46,67172.24,67568.64,220.22,35.0,2026-02-18T03:36:24,67568.64,tp,3.5235,0.8,2026-02
2026-02-18T09:05:03,flip,SELL,68005.38,68103.14,67927.17,97.76,0.0,2026-02-18T09:12:47,68104.38,sl,-1.98,-1.0127,2026-02
2026-02-18T09:43:01,flip,BUY,68229.01,68087.51,68342.21,141.5,0.0,2026-02-18T10:01:02,68086.84,sl,-2.8434,-1.0047,2026-02
2026-02-18T10:19:01,flip,SELL,68038.96,68147.55,67952.09,108.59,0.0,2026-02-18T10:25:30,67952.09,tp,1.7374,0.8,2026-02
2026-02-18T10:26:02,cont,SELL,67958.08,68015.67,67912.01,57.59,7.0,2026-02-18T10:29:55,68018.13,sl,-1.201,-1.0427,2026-02
2026-02-18T10:35:01,cont,SELL,67888.88,68010.26,67791.78,121.38,16.0,2026-02-18T10:43:27,67791.78,tp,1.9421,0.8,2026-02
2026-02-18T11:07:01,cont,SELL,67604.2,67811.85,67438.08,207.65,48.0,2026-02-18T11:08:23,67438.08,tp,3.3224,0.8,2026-02
2026-02-18T15:36:02,flip,BUY,67570.12,67221.14,67849.3,348.98,0.0,2026-02-18T15:37:30,67849.3,tp,5.5837,0.8,2026-02
2026-02-18T18:20:01,flip,SELL,66857.4,67425.43,66402.98,568.03,0.0,2026-02-18T18:43:09,66402.98,tp,9.0885,0.8,2026-02
2026-02-18T19:35:01,cont,SELL,66052.4,66585.03,65626.3,532.63,75.0,2026-02-19T01:02:22,66592.22,sl,-10.7964,-1.0135,2026-02
2026-02-19T01:41:01,flip,BUY,66750.03,66582.65,66883.93,167.38,0.0,2026-02-19T02:24:12,66883.93,tp,2.6781,0.8,2026-02
2026-02-19T11:51:01,flip,SELL,66498.08,66684.96,66348.58,186.88,0.0,2026-02-19T12:06:03,66348.58,tp,2.9901,0.8,2026-02
2026-02-19T13:07:01,cont,SELL,66220.56,66632.19,65891.26,411.63,76.0,2026-02-19T13:45:27,65891.26,tp,6.5861,0.8,2026-02
2026-02-19T14:47:01,flip,BUY,66281.17,66064.42,66454.57,216.75,0.0,2026-02-19T14:51:58,66454.57,tp,3.468,0.8,2026-02
2026-02-19T15:04:01,cont,BUY,66657.92,66314.05,66933.02,343.87,17.0,2026-02-19T15:11:14,66307.07,sl,-7.017,-1.0203,2026-02
2026-02-19T15:22:01,flip,SELL,65983.8,66376.24,65669.85,392.44,0.0,2026-02-19T15:35:08,66377.98,sl,-7.8836,-1.0044,2026-02
2026-02-19T16:07:01,cont,SELL,65958.3,66576.54,65463.71,618.24,45.0,2026-02-19T17:12:51,66582.42,sl,-12.4824,-1.0095,2026-02
2026-02-19T19:06:01,flip,BUY,67045.67,66179.8,67738.37,865.87,0.0,2026-02-20T05:34:01,67738.37,tp,13.8539,0.8,2026-02
2026-02-20T13:02:01,flip,SELL,67227.7,67574.87,66949.96,347.17,0.0,2026-02-20T13:32:05,66949.96,tp,5.5547,0.8,2026-02
2026-02-20T13:33:01,cont,SELL,66882.87,67196.25,66632.17,313.38,31.0,2026-02-20T13:39:10,66632.17,tp,5.0141,0.8,2026-02
2026-02-20T15:02:01,flip,BUY,68021.45,66881.02,68933.79,1140.43,0.0,2026-02-20T15:14:39,66876.41,sl,-22.9008,-1.004,2026-02
2026-02-21T11:45:01,flip,SELL,68085.57,68145.15,68037.91,59.58,0.0,2026-02-21T12:06:29,68037.91,tp,0.9533,0.8,2026-02
2026-02-21T12:07:04,cont,SELL,68015.22,68109.18,67940.05,93.96,22.0,2026-02-21T12:30:49,67940.05,tp,1.5034,0.8,2026-02
2026-02-21T12:32:01,cont,SELL,67924.23,68002.98,67861.23,78.75,47.0,2026-02-21T12:36:47,68003.92,sl,-1.5938,-1.0119,2026-02
2026-02-21T12:46:03,flip,BUY,68046.05,68005.14,68078.78,40.91,0.0,2026-02-21T12:48:53,68078.78,tp,0.6546,0.8,2026-02
2026-02-21T13:28:02,cont,BUY,68210.72,68080.91,68314.57,129.81,42.0,2026-02-21T14:20:56,68314.57,tp,2.077,0.8,2026-02
2026-02-21T14:21:01,cont,BUY,68438.6,68193.58,68634.62,245.02,95.0,2026-02-21T14:21:51,68634.62,tp,3.9203,0.8,2026-02
2026-02-21T22:43:01,flip,SELL,68103.53,68638.61,67675.47,535.08,0.0,2026-02-22T13:35:37,67675.47,tp,8.5613,0.8,2026-02
2026-02-22T14:04:01,cont,SELL,67584.92,67701.33,67491.79,116.41,30.0,2026-02-22T14:05:48,67491.79,tp,1.8626,0.8,2026-02
2026-02-22T14:44:01,cont,SELL,67432.9,67652.53,67257.2,219.63,70.0,2026-02-22T15:35:49,67653.7,sl,-4.416,-1.0053,2026-02
2026-02-23T03:06:01,flip,BUY,64927.67,64681.53,65124.58,246.14,0.0,2026-02-23T03:26:58,64681.47,sl,-4.924,-1.0002,2026-02
2026-02-23T04:40:01,flip,SELL,64679.96,65010.02,64415.91,330.06,0.0,2026-02-23T05:10:21,65020.27,sl,-6.8062,-1.0311,2026-02
2026-02-23T06:11:03,flip,BUY,65190.04,64897.72,65423.9,292.32,0.0,2026-02-23T06:22:57,65423.9,tp,4.6771,0.8,2026-02
2026-02-23T06:37:02,cont,BUY,65498.96,65261.22,65689.15,237.74,26.0,2026-02-23T06:47:33,65689.15,tp,3.8038,0.8,2026-02
2026-02-23T06:48:01,cont,BUY,65696.38,65487.91,65863.16,208.47,37.0,2026-02-23T07:05:09,65863.16,tp,3.3355,0.8,2026-02
2026-02-23T07:40:01,cont,BUY,65955.19,65612.1,66229.66,343.09,89.0,2026-02-23T08:24:44,65601.88,sl,-7.0662,-1.0298,2026-02
2026-02-23T11:38:02,flip,SELL,66172.59,66480.46,65926.29,307.87,0.0,2026-02-23T12:33:41,65926.29,tp,4.9259,0.8,2026-02
2026-02-23T12:44:02,flip,BUY,66437.21,66226.49,66605.79,210.72,0.0,2026-02-23T12:56:42,66224.76,sl,-4.249,-1.0082,2026-02
2026-02-23T13:39:01,flip,SELL,66137.39,66258.17,66040.77,120.78,0.0,2026-02-23T13:41:45,66259.81,sl,-2.4484,-1.0136,2026-02
2026-02-23T13:59:01,cont,SELL,66117.76,66435.13,65863.86,317.37,20.0,2026-02-23T14:37:03,65863.86,tp,5.0779,0.8,2026-02
2026-02-23T18:24:01,flip,BUY,64855.72,64616.85,65046.82,238.87,0.0,2026-02-23T18:36:05,65046.82,tp,3.8219,0.8,2026-02
2026-02-23T19:22:01,flip,SELL,64522.37,64819.78,64284.44,297.41,0.0,2026-02-23T19:36:17,64284.44,tp,4.7586,0.8,2026-02
2026-02-23T20:13:01,cont,SELL,64061.23,64354.44,63826.66,293.21,51.0,2026-02-23T20:51:55,64355.0,sl,-5.8754,-1.0019,2026-02
2026-02-23T21:43:01,flip,BUY,64735.26,64485.05,64935.43,250.21,0.0,2026-02-23T22:12:05,64935.43,tp,4.0034,0.8,2026-02
2026-02-23T22:13:01,cont,BUY,64959.06,64807.86,65080.02,151.2,30.0,2026-02-23T22:38:13,64806.53,sl,-3.0506,-1.0088,2026-02
2026-02-23T22:54:01,flip,SELL,64756.63,64868.11,64667.45,111.48,0.0,2026-02-23T22:55:02,64667.45,tp,1.7837,0.8,2026-02
2026-02-23T23:44:03,cont,SELL,64631.28,64875.53,64435.88,244.25,50.0,2026-02-24T00:14:41,64878.95,sl,-4.9534,-1.014,2026-02
2026-02-24T15:24:01,flip,BUY,63870.83,63355.22,64283.32,515.61,0.0,2026-02-24T16:02:42,64283.32,tp,8.2498,0.8,2026-02
2026-02-24T17:08:01,cont,BUY,64391.86,63686.36,64956.26,705.5,104.0,2026-02-25T01:11:05,64956.26,tp,11.288,0.8,2026-02
2026-02-25T20:13:01,flip,SELL,68726.34,69114.73,68415.63,388.39,0.0,2026-02-25T20:32:44,69122.69,sl,-7.927,-1.0205,2026-02
2026-02-25T21:36:01,flip,BUY,69493.3,68803.73,70044.96,689.57,0.0,2026-02-25T21:36:30,70044.96,tp,11.0331,0.8,2026-02
2026-02-25T22:38:01,flip,SELL,68734.84,68866.24,68629.72,131.4,0.0,2026-02-25T22:40:03,68629.72,tp,2.1024,0.8,2026-02
2026-02-25T23:40:01,cont,SELL,68017.71,68673.83,67492.81,656.12,62.0,2026-02-26T01:07:37,68675.76,sl,-13.161,-1.0029,2026-02
2026-02-26T04:33:01,flip,BUY,68799.78,67794.03,69604.38,1005.75,0.0,2026-02-26T08:02:39,67787.22,sl,-20.2512,-1.0068,2026-02
2026-02-26T14:46:01,flip,SELL,67450.08,68281.13,66785.24,831.05,0.0,2026-02-26T15:34:49,66785.24,tp,13.2968,0.8,2026-02
2026-02-26T15:35:01,cont,SELL,66823.83,67239.39,66491.38,415.56,49.0,2026-02-26T15:39:55,67239.87,sl,-8.3208,-1.0012,2026-02
2026-02-26T15:44:01,flip,BUY,67461.4,67210.96,67661.75,250.44,0.0,2026-02-26T16:06:10,67209.54,sl,-5.0372,-1.0057,2026-02
2026-02-26T16:36:01,flip,SELL,66933.35,67477.2,66498.27,543.85,0.0,2026-02-26T19:02:51,67486.13,sl,-11.0556,-1.0164,2026-02
2026-02-27T04:13:01,flip,BUY,67968.4,66874.37,68843.62,1094.03,0.0,2026-02-27T10:13:07,66859.03,sl,-22.1874,-1.014,2026-02
2026-02-27T10:51:01,flip,SELL,66696.5,66829.28,66590.28,132.78,0.0,2026-02-27T10:53:19,66590.28,tp,2.1245,0.8,2026-02
2026-02-27T11:20:01,cont,SELL,66395.43,66774.62,66092.08,379.19,29.0,2026-02-27T11:40:56,66092.08,tp,6.067,0.8,2026-02
2026-02-27T11:57:01,cont,SELL,65992.25,66137.73,65875.87,145.48,66.0,2026-02-27T11:58:12,66145.48,sl,-3.0646,-1.0533,2026-02
2026-02-27T12:08:01,flip,BUY,66201.92,66018.45,66348.7,183.47,0.0,2026-02-27T12:11:05,66017.72,sl,-3.684,-1.004,2026-02
2026-02-27T12:46:01,flip,SELL,65764.07,66117.78,65481.1,353.71,0.0,2026-02-27T13:04:09,66118.62,sl,-7.091,-1.0024,2026-02
2026-02-27T13:37:01,cont,SELL,65697.58,66168.1,65321.16,470.52,51.0,2026-02-27T13:47:32,66168.68,sl,-9.422,-1.0012,2026-02
2026-02-27T23:21:01,flip,BUY,65880.84,65682.13,66039.81,198.71,0.0,2026-02-28T04:17:36,65680.79,sl,-4.001,-1.0067,2026-02
2026-02-28T04:30:01,flip,SELL,65670.12,65782.78,65579.99,112.66,0.0,2026-02-28T04:30:20,65579.99,tp,1.8026,0.8,2026-02
2026-02-28T06:16:01,cont,SELL,65386.73,65720.99,65119.32,334.26,106.0,2026-02-28T06:17:33,65119.32,tp,5.3482,0.8,2026-02
2026-02-28T17:59:01,flip,BUY,65498.1,64205.32,66532.32,1292.78,0.0,2026-02-28T19:39:31,66532.32,tp,20.6845,0.8,2026-02
2026-02-28T21:33:01,flip,SELL,66413.0,66623.82,66244.34,210.82,0.0,2026-02-28T21:36:29,66626.24,sl,-4.2648,-1.0115,2026-02
2026-02-28T22:23:01,flip,BUY,67067.19,66533.47,67494.17,533.72,0.0,2026-02-28T22:36:00,67494.17,tp,8.5395,0.8,2026-02
2026-03-01T20:09:01,flip,SELL,65706.46,66691.61,64918.34,985.15,0.0,2026-03-01T22:13:09,66824.98,sl,-22.3704,-1.1354,2026-03
2026-03-01T22:14:01,cont,BUY,66266.36,65522.66,66861.32,743.7,17.0,2026-03-01T22:34:31,65517.65,sl,-14.9742,-1.0067,2026-03
2026-03-01T22:48:01,flip,SELL,65109.02,65561.22,64747.26,452.2,0.0,2026-03-01T23:02:28,65561.41,sl,-9.0478,-1.0004,2026-03
2026-03-02T00:11:02,flip,BUY,66103.49,65595.39,66509.97,508.1,0.0,2026-03-02T00:44:58,66509.97,tp,8.1296,0.8,2026-03
2026-03-02T01:11:01,cont,BUY,66903.07,66392.78,67311.3,510.29,60.0,2026-03-02T02:06:16,66392.5,sl,-10.2114,-1.0005,2026-03
2026-03-02T07:09:01,flip,SELL,65778.26,67043.34,64766.2,1265.08,0.0,2026-03-02T14:50:30,67049.33,sl,-25.4214,-1.0047,2026-03
2026-03-02T15:44:01,cont,BUY,69491.12,69205.85,69719.34,285.27,73.0,2026-03-02T15:53:08,69203.9,sl,-5.7444,-1.0068,2026-03
2026-03-02T16:10:01,cont,BUY,69762.58,68933.66,70425.72,828.92,99.0,2026-03-02T17:43:44,68933.01,sl,-16.5914,-1.0008,2026-03
2026-03-02T19:08:01,flip,SELL,68738.15,69290.58,68296.21,552.43,0.0,2026-03-02T20:45:21,69292.11,sl,-11.0792,-1.0028,2026-03
2026-03-02T21:35:01,flip,BUY,69434.65,69027.25,69760.57,407.4,0.0,2026-03-02T23:23:01,69025.02,sl,-8.1926,-1.0055,2026-03
2026-03-02T23:24:01,flip,SELL,69035.09,69460.93,68694.42,425.84,0.0,2026-03-03T00:22:48,68694.42,tp,6.8134,0.8,2026-03
2026-03-03T01:12:01,flip,BUY,69168.4,68896.36,69386.03,272.04,0.0,2026-03-03T01:18:21,68893.7,sl,-5.494,-1.0098,2026-03
2026-03-03T01:31:01,flip,SELL,68815.77,69032.52,68642.37,216.75,0.0,2026-03-03T01:34:11,69032.91,sl,-4.3428,-1.0018,2026-03
2026-03-03T01:58:01,cont,SELL,68800.13,69064.83,68588.37,264.7,27.0,2026-03-03T02:01:54,68588.37,tp,4.2352,0.8,2026-03
2026-03-03T02:22:01,cont,SELL,68250.69,68681.67,67905.91,430.98,51.0,2026-03-03T05:48:51,67905.91,tp,6.8957,0.8,2026-03
2026-03-03T16:25:01,flip,BUY,68933.95,68268.6,69466.23,665.35,0.0,2026-03-03T16:33:53,68265.23,sl,-13.3744,-1.0051,2026-03
2026-03-04T12:08:01,flip,SELL,70844.51,71201.7,70558.76,357.19,0.0,2026-03-04T12:56:30,71202.46,sl,-7.159,-1.0021,2026-03
2026-03-04T13:07:01,cont,BUY,71546.36,71269.15,71768.13,277.21,28.0,2026-03-04T13:19:50,71267.36,sl,-5.58,-1.0065,2026-03
2026-03-04T14:08:01,cont,BUY,71652.44,71208.48,72007.61,443.96,89.0,2026-03-04T14:17:11,72007.61,tp,7.1034,0.8,2026-03
2026-03-04T14:31:01,cont,BUY,72170.4,71574.35,72647.24,596.05,112.0,2026-03-04T14:32:27,72647.24,tp,9.5368,0.8,2026-03
2026-03-04T22:46:01,flip,SELL,72804.91,73548.04,72210.41,743.13,0.0,2026-03-05T06:02:05,72210.41,tp,11.8901,0.8,2026-03
2026-03-05T06:50:01,flip,BUY,72598.57,72306.27,72832.41,292.3,0.0,2026-03-05T07:35:57,72299.47,sl,-5.982,-1.0233,2026-03
2026-03-05T09:49:01,flip,SELL,72486.13,72635.3,72366.79,149.17,0.0,2026-03-05T09:57:44,72635.93,sl,-2.996,-1.0042,2026-03
2026-03-05T10:07:01,flip,BUY,72705.75,72570.71,72813.78,135.04,0.0,2026-03-05T10:17:25,72813.78,tp,2.1606,0.8,2026-03
2026-03-05T10:18:01,cont,BUY,72815.75,72677.31,72926.5,138.44,11.0,2026-03-05T10:23:28,72926.5,tp,2.215,0.8,2026-03
2026-03-05T13:25:01,flip,SELL,72474.92,72794.0,72219.66,319.08,0.0,2026-03-05T13:32:13,72219.66,tp,5.1053,0.8,2026-03
2026-03-05T14:34:01,flip,BUY,72851.16,72326.97,73270.51,524.19,0.0,2026-03-05T14:39:22,72325.91,sl,-10.505,-1.002,2026-03
2026-03-05T15:09:01,flip,SELL,71878.09,72787.8,71150.32,909.71,0.0,2026-03-05T16:06:08,71150.32,tp,14.5554,0.8,2026-03
2026-03-05T16:07:01,cont,SELL,71120.9,71768.7,70602.66,647.8,58.0,2026-03-06T01:26:49,70602.66,tp,10.3648,0.8,2026-03
2026-03-06T02:26:01,flip,BUY,71438.13,71021.15,71771.71,416.98,0.0,2026-03-06T03:14:20,71018.89,sl,-8.3848,-1.0054,2026-03
2026-03-06T04:01:01,flip,SELL,70991.75,71214.75,70813.35,223.0,0.0,2026-03-06T04:31:42,70813.35,tp,3.568,0.8,2026-03
2026-03-06T04:38:08,cont,SELL,70784.04,70913.05,70680.83,129.01,37.0,2026-03-06T04:40:26,70680.83,tp,2.0642,0.8,2026-03
2026-03-06T05:35:01,cont,SELL,70333.11,70502.13,70197.89,169.02,94.0,2026-03-06T05:41:18,70197.89,tp,2.7043,0.8,2026-03
2026-03-06T06:39:01,flip,BUY,70548.74,70380.76,70683.12,167.98,0.0,2026-03-06T06:46:57,70683.12,tp,2.6877,0.8,2026-03
2026-03-06T07:28:01,cont,BUY,70887.21,70493.85,71201.9,393.36,49.0,2026-03-06T09:16:37,70491.09,sl,-7.9224,-1.007,2026-03
2026-03-06T09:35:02,cont,SELL,70330.41,70614.43,70103.19,284.02,39.0,2026-03-06T09:46:04,70615.68,sl,-5.7054,-1.0044,2026-03
2026-03-06T10:18:01,flip,BUY,70733.86,70622.32,70823.09,111.54,0.0,2026-03-06T10:32:29,70621.9,sl,-2.2392,-1.0038,2026-03
2026-03-06T10:51:01,flip,SELL,70472.65,70599.42,70371.23,126.77,0.0,2026-03-06T10:53:04,70601.77,sl,-2.5824,-1.0185,2026-03
2026-03-06T11:04:01,cont,SELL,70440.67,70579.45,70329.65,138.78,13.0,2026-03-06T11:12:22,70583.25,sl,-2.8516,-1.0274,2026-03
2026-03-06T11:44:01,cont,SELL,70374.28,70652.51,70151.7,278.23,53.0,2026-03-06T12:01:38,70151.7,tp,4.4517,0.8,2026-03
2026-03-06T12:36:01,cont,SELL,69743.67,70191.91,69385.08,448.24,105.0,2026-03-06T13:25:25,70192.98,sl,-8.9862,-1.0024,2026-03
2026-03-06T13:26:01,flip,BUY,70109.38,69890.38,70284.58,219.0,0.0,2026-03-06T13:30:02,69882.52,sl,-4.5372,-1.0359,2026-03
2026-03-06T13:36:02,cont,BUY,70260.68,69778.97,70646.05,481.71,10.0,2026-03-06T13:55:41,69751.4,sl,-10.1856,-1.0572,2026-03
2026-03-06T14:37:01,flip,SELL,68498.43,69098.02,68018.76,599.59,0.0,2026-03-06T15:38:03,69100.56,sl,-12.0426,-1.0042,2026-03
2026-03-06T16:17:01,flip,SELL,68298.69,68790.69,67905.09,492.0,0.0,2026-03-06T17:37:13,67905.09,tp,7.872,0.8,2026-03
2026-03-08T05:32:01,flip,BUY,67182.26,67100.31,67247.82,81.95,0.0,2026-03-08T05:32:50,67092.83,sl,-1.7886,-1.0913,2026-03
2026-03-08T05:55:01,cont,BUY,67224.66,67089.93,67332.44,134.73,23.0,2026-03-08T06:13:11,67089.08,sl,-2.7116,-1.0063,2026-03
2026-03-08T06:30:02,flip,SELL,67040.22,67150.01,66952.39,109.79,0.0,2026-03-08T06:40:02,67151.42,sl,-2.224,-1.0128,2026-03
2026-03-08T06:56:02,flip,BUY,67164.02,67103.31,67212.59,60.71,0.0,2026-03-08T06:58:30,67212.59,tp,0.9714,0.8,2026-03
2026-03-08T07:05:01,cont,BUY,67268.98,67146.74,67366.77,122.24,9.0,2026-03-08T07:05:21,67366.77,tp,1.9558,0.8,2026-03
2026-03-08T08:41:01,cont,BUY,67432.2,67164.22,67646.58,267.98,105.0,2026-03-08T09:13:39,67646.58,tp,4.2877,0.8,2026-03
2026-03-08T11:37:01,flip,SELL,67507.43,67758.55,67306.53,251.12,0.0,2026-03-08T12:09:49,67306.53,tp,4.0179,0.8,2026-03
2026-03-08T12:10:01,cont,SELL,67304.64,67639.14,67037.04,334.5,33.0,2026-03-08T12:13:50,67037.04,tp,5.352,0.8,2026-03
2026-03-08T19:09:03,flip,BUY,66942.04,66764.1,67084.39,177.94,0.0,2026-03-08T19:16:38,67084.39,tp,2.847,0.8,2026-03
2026-03-08T19:44:01,cont,BUY,67366.2,67277.36,67437.27,88.84,35.0,2026-03-08T19:48:11,67437.27,tp,1.4214,0.8,2026-03
2026-03-08T20:01:01,flip,SELL,67256.07,67320.57,67204.47,64.5,0.0,2026-03-08T20:04:54,67204.47,tp,1.032,0.8,2026-03
2026-03-08T20:11:03,cont,SELL,67115.79,67234.4,67020.9,118.61,10.0,2026-03-08T20:32:41,67234.97,sl,-2.3836,-1.0048,2026-03
2026-03-08T21:10:01,cont,SELL,66926.62,67489.46,66476.35,562.84,69.0,2026-03-08T22:03:10,66476.35,tp,9.0054,0.8,2026-03
2026-03-08T23:04:01,flip,BUY,66308.2,65995.32,66558.5,312.88,0.0,2026-03-08T23:23:49,66558.5,tp,5.0061,0.8,2026-03
2026-03-08T23:54:01,flip,SELL,65994.65,66223.56,65811.52,228.91,0.0,2026-03-09T00:05:27,66223.83,sl,-4.5836,-1.0012,2026-03
2026-03-09T00:26:01,cont,SELL,65898.01,66396.27,65499.4,498.26,32.0,2026-03-09T00:33:11,66398.14,sl,-10.0026,-1.0038,2026-03
2026-03-09T03:02:01,flip,BUY,66801.61,65962.3,67473.06,839.31,0.0,2026-03-09T03:15:01,67473.06,tp,13.429,0.8,2026-03
2026-03-09T06:21:01,flip,SELL,67526.09,67690.64,67394.45,164.55,0.0,2026-03-09T06:37:31,67394.45,tp,2.6328,0.8,2026-03
2026-03-09T07:03:01,cont,SELL,67186.39,67388.03,67025.08,201.64,42.0,2026-03-09T07:18:24,67025.08,tp,3.2262,0.8,2026-03
2026-03-09T07:55:01,flip,BUY,67509.51,67338.34,67646.45,171.17,0.0,2026-03-09T08:08:59,67646.45,tp,2.7387,0.8,2026-03
2026-03-09T08:09:01,cont,BUY,67634.96,67460.89,67774.22,174.07,14.0,2026-03-09T08:16:15,67459.62,sl,-3.5068,-1.0073,2026-03
2026-03-09T08:24:01,cont,BUY,67747.25,67389.3,68033.61,357.95,29.0,2026-03-09T09:27:50,68033.61,tp,5.7272,0.8,2026-03
2026-03-09T09:33:01,cont,BUY,68113.28,67878.55,68301.06,234.73,98.0,2026-03-09T09:35:26,68301.06,tp,3.7557,0.8,2026-03
2026-03-09T10:39:01,flip,SELL,67647.76,67819.74,67510.18,171.98,0.0,2026-03-09T11:17:30,67510.18,tp,2.7517,0.8,2026-03
2026-03-09T11:18:01,cont,SELL,67456.34,67732.62,67235.32,276.28,39.0,2026-03-09T11:47:31,67738.72,sl,-5.6476,-1.0221,2026-03
2026-03-09T12:15:02,flip,BUY,67914.18,67772.14,68027.81,142.04,0.0,2026-03-09T12:22:25,68027.81,tp,2.2726,0.8,2026-03
2026-03-09T12:29:02,cont,BUY,68107.62,67997.45,68195.76,110.17,14.0,2026-03-09T12:33:38,67988.55,sl,-2.3814,-1.0808,2026-03
2026-03-09T12:38:01,cont,BUY,68258.93,67962.93,68495.73,296.0,23.0,2026-03-09T13:10:41,68495.73,tp,4.736,0.8,2026-03
2026-03-09T13:11:01,cont,BUY,68440.71,67985.51,68804.87,455.2,56.0,2026-03-09T13:30:13,68804.87,tp,7.2832,0.8,2026-03
2026-03-09T13:48:01,cont,BUY,69282.08,69023.65,69488.82,258.43,93.0,2026-03-09T13:49:35,69023.51,sl,-5.1714,-1.0005,2026-03
2026-03-09T14:07:01,flip,SELL,68784.31,69167.75,68477.56,383.44,0.0,2026-03-09T14:16:45,69176.99,sl,-7.8536,-1.0241,2026-03
2026-03-09T14:32:01,flip,BUY,69309.37,68997.79,69558.63,311.58,0.0,2026-03-09T15:09:53,68996.38,sl,-6.2598,-1.0045,2026-03
2026-03-09T15:34:01,flip,SELL,68940.84,69242.29,68699.68,301.45,0.0,2026-03-09T16:34:13,68699.68,tp,4.8232,0.8,2026-03
2026-03-09T17:30:01,cont,SELL,68619.5,69239.61,68123.41,620.11,116.0,2026-03-09T19:25:35,69252.23,sl,-12.6546,-1.0204,2026-03
2026-03-10T11:44:02,flip,SELL,70583.37,70663.61,70519.18,80.24,0.0,2026-03-10T11:48:22,70663.79,sl,-1.6084,-1.0022,2026-03
2026-03-10T12:04:01,cont,SELL,70522.72,70703.03,70378.47,180.31,20.0,2026-03-10T12:11:50,70378.47,tp,2.885,0.8,2026-03
2026-03-10T12:31:01,cont,SELL,70316.83,70557.65,70124.17,240.82,47.0,2026-03-10T12:50:29,70559.0,sl,-4.8434,-1.0056,2026-03
2026-03-10T13:03:01,flip,BUY,70625.18,70472.08,70747.66,153.1,0.0,2026-03-10T13:09:57,70747.66,tp,2.4496,0.8,2026-03
2026-03-10T14:02:01,flip,SELL,69626.69,70277.27,69106.23,650.58,0.0,2026-03-10T14:40:06,70284.35,sl,-13.1532,-1.0109,2026-03
2026-03-13T08:40:01,flip,BUY,72048.69,71039.28,72856.22,1009.41,0.0,2026-03-13T12:48:53,72856.22,tp,16.1506,0.8,2026-03
2026-03-13T13:46:01,cont,BUY,73464.86,72784.59,74009.08,680.27,73.0,2026-03-13T14:46:53,72780.28,sl,-13.6916,-1.0063,2026-03
2026-03-13T15:03:01,flip,SELL,72257.14,72554.74,72019.06,297.6,0.0,2026-03-13T15:06:29,72555.48,sl,-5.9668,-1.0025,2026-03
2026-03-13T15:43:01,cont,SELL,72004.38,72829.83,71344.02,825.45,40.0,2026-03-13T16:21:42,71344.02,tp,13.2072,0.8,2026-03
2026-03-13T17:16:01,flip,BUY,72175.31,71868.5,72420.76,306.81,0.0,2026-03-13T17:25:20,71865.47,sl,-6.1968,-1.0099,2026-03
2026-03-13T17:58:01,flip,SELL,70975.01,71168.02,70820.6,193.01,0.0,2026-03-13T18:13:07,71204.64,sl,-4.5926,-1.1897,2026-03
2026-03-13T18:31:01,flip,BUY,71271.74,70863.3,71598.49,408.44,0.0,2026-03-13T22:02:09,70837.07,sl,-8.6934,-1.0642,2026-03
2026-03-13T22:23:01,flip,SELL,70682.62,70926.67,70487.38,244.05,0.0,2026-03-13T23:18:30,70927.48,sl,-4.8972,-1.0033,2026-03
2026-03-14T03:34:03,flip,BUY,71162.01,70953.6,71328.74,208.41,0.0,2026-03-14T05:34:37,70953.55,sl,-4.1692,-1.0002,2026-03
2026-03-14T06:04:03,cont,SELL,70945.4,71031.52,70876.5,86.12,59.0,2026-03-14T06:16:08,70876.5,tp,1.3779,0.8,2026-03
2026-03-14T06:17:02,cont,SELL,70848.31,70929.32,70783.5,81.01,72.0,2026-03-14T06:25:42,70783.5,tp,1.2962,0.8,2026-03
2026-03-14T06:38:02,cont,SELL,70621.16,70707.34,70552.22,86.18,93.0,2026-03-14T06:38:56,70552.22,tp,1.3789,0.8,2026-03
2026-03-14T11:48:01,flip,BUY,70755.68,70404.09,71036.95,351.59,0.0,2026-03-14T23:06:52,71036.95,tp,5.6254,0.8,2026-03
2026-03-15T00:22:01,flip,SELL,71011.26,71116.42,70927.13,105.16,0.0,2026-03-15T00:25:31,71117.78,sl,-2.1304,-1.0129,2026-03
2026-03-15T00:36:01,cont,SELL,70999.84,71226.86,70818.22,227.02,14.0,2026-03-15T02:01:41,71229.47,sl,-4.5926,-1.0115,2026-03
2026-03-15T02:42:02,flip,BUY,71301.97,71167.81,71409.3,134.16,0.0,2026-03-15T02:44:45,71409.3,tp,2.1466,0.8,2026-03
2026-03-15T04:17:01,cont,BUY,71654.5,71233.3,71991.46,421.2,95.0,2026-03-15T17:54:07,71991.46,tp,6.7392,0.8,2026-03
2026-03-16T08:16:01,flip,SELL,73396.42,73779.19,73090.2,382.77,0.0,2026-03-16T08:44:57,73090.2,tp,6.1243,0.8,2026-03
2026-03-16T10:01:01,flip,BUY,73334.34,73243.67,73406.88,90.67,0.0,2026-03-16T10:03:37,73406.88,tp,1.4507,0.8,2026-03
2026-03-16T10:51:01,cont,BUY,73518.75,73201.09,73772.88,317.66,50.0,2026-03-16T10:55:55,73772.88,tp,5.0826,0.8,2026-03
2026-03-17T04:33:01,flip,SELL,74131.52,74684.31,73689.29,552.79,0.0,2026-03-17T10:06:13,73689.29,tp,8.8446,0.8,2026-03
2026-03-17T15:01:01,flip,BUY,74598.49,74156.24,74952.29,442.25,0.0,2026-03-17T15:11:45,74155.85,sl,-8.8528,-1.0009,2026-03
2026-03-17T15:22:01,flip,SELL,74078.02,74272.67,73922.3,194.65,0.0,2026-03-17T15:35:56,73922.3,tp,3.1144,0.8,2026-03
2026-03-17T17:23:01,flip,BUY,74477.15,74013.09,74848.4,464.06,0.0,2026-03-17T22:38:01,73980.83,sl,-9.9264,-1.0695,2026-03
2026-03-17T23:57:01,flip,SELL,73946.9,74406.24,73579.43,459.34,0.0,2026-03-18T00:38:18,73579.43,tp,7.3494,0.8,2026-03
2026-03-18T01:03:01,flip,BUY,73985.27,73794.36,74138.0,190.91,0.0,2026-03-18T01:31:00,74138.0,tp,3.0546,0.8,2026-03
2026-03-18T01:31:01,cont,BUY,74169.4,74019.6,74289.24,149.8,28.0,2026-03-18T01:54:40,74018.74,sl,-3.0132,-1.0057,2026-03
2026-03-18T02:10:02,cont,BUY,74287.59,74028.13,74495.16,259.46,67.0,2026-03-18T02:46:22,74495.16,tp,4.1514,0.8,2026-03
2026-03-18T04:50:03,flip,SELL,74199.72,74281.95,74133.94,82.23,0.0,2026-03-18T05:02:36,74282.88,sl,-1.6632,-1.0113,2026-03
2026-03-18T05:27:01,cont,SELL,74154.18,74334.6,74009.84,180.42,37.0,2026-03-18T05:46:27,74009.84,tp,2.8867,0.8,2026-03
2026-03-18T05:50:02,cont,SELL,74011.86,74082.41,73955.42,70.55,60.0,2026-03-18T05:54:26,73955.42,tp,1.1288,0.8,2026-03
2026-03-18T06:13:01,flip,BUY,74115.3,74047.19,74169.79,68.11,0.0,2026-03-18T06:24:03,74169.79,tp,1.0898,0.8,2026-03
2026-03-18T06:25:01,cont,BUY,74238.74,74067.37,74375.84,171.37,12.0,2026-03-18T06:39:34,74067.28,sl,-3.4292,-1.0005,2026-03
2026-03-18T06:57:01,flip,SELL,73997.58,74130.14,73891.53,132.56,0.0,2026-03-18T07:09:53,73891.53,tp,2.121,0.8,2026-03
2026-03-18T07:23:02,cont,SELL,73869.55,74010.45,73756.83,140.9,26.0,2026-03-18T07:35:00,73756.83,tp,2.2544,0.8,2026-03
2026-03-18T08:14:05,flip,BUY,74035.0,73911.71,74133.63,123.29,0.0,2026-03-18T08:51:23,74133.63,tp,1.9726,0.8,2026-03
2026-03-18T09:37:01,cont,BUY,74248.35,74139.03,74335.81,109.32,83.0,2026-03-18T09:52:47,74136.55,sl,-2.236,-1.0227,2026-03
2026-03-18T10:06:03,flip,SELL,74117.47,74211.41,74042.32,93.94,0.0,2026-03-18T10:10:19,74211.73,sl,-1.8852,-1.0034,2026-03
2026-03-18T10:36:03,cont,SELL,74030.74,74274.89,73835.42,244.15,30.0,2026-03-18T10:45:54,73835.42,tp,3.9064,0.8,2026-03
2026-03-18T11:07:01,cont,SELL,73777.29,73961.21,73630.15,183.92,61.0,2026-03-18T11:10:00,73962.88,sl,-3.7118,-1.0091,2026-03
2026-03-18T11:30:01,cont,SELL,73626.1,74085.13,73258.88,459.03,84.0,2026-03-18T11:30:54,73258.88,tp,7.3445,0.8,2026-03
2026-03-18T18:01:01,flip,BUY,71827.55,71498.63,72090.69,328.92,0.0,2026-03-18T18:34:56,71492.79,sl,-6.6952,-1.0178,2026-03
2026-03-18T18:51:01,flip,SELL,71389.9,71675.28,71161.6,285.38,0.0,2026-03-18T18:54:37,71161.6,tp,4.5661,0.8,2026-03
2026-03-18T20:03:03,cont,SELL,70958.24,71468.69,70549.88,510.45,72.0,2026-03-18T20:11:10,70549.88,tp,8.1672,0.8,2026-03
2026-03-19T13:50:01,flip,BUY,69872.17,69572.3,70112.07,299.87,0.0,2026-03-19T14:00:59,70112.07,tp,4.7979,0.8,2026-03
2026-03-19T14:39:01,flip,SELL,69099.8,69332.92,68913.3,233.12,0.0,2026-03-19T14:41:03,69333.6,sl,-4.676,-1.0029,2026-03
2026-03-19T14:52:01,flip,BUY,69490.65,69202.15,69721.45,288.5,0.0,2026-03-19T15:04:24,69721.45,tp,4.616,0.8,2026-03
2026-03-19T15:37:01,flip,SELL,69167.61,69320.22,69045.52,152.61,0.0,2026-03-19T15:38:36,69322.51,sl,-3.098,-1.015,2026-03
2026-03-19T15:42:01,cont,SELL,69007.63,69351.47,68732.56,343.84,5.0,2026-03-19T15:51:45,69351.67,sl,-6.8808,-1.0006,2026-03
2026-03-19T16:41:01,flip,BUY,69581.71,69152.39,69925.17,429.32,0.0,2026-03-19T17:09:02,69133.94,sl,-8.9554,-1.043,2026-03
2026-03-19T17:24:01,cont,BUY,69672.63,69096.51,70133.53,576.12,43.0,2026-03-19T19:06:34,70133.53,tp,9.2179,0.8,2026-03
2026-03-19T19:19:01,flip,BUY,70521.62,70215.19,70766.76,306.43,0.0,2026-03-19T19:30:13,70203.43,sl,-6.3638,-1.0384,2026-03
2026-03-19T20:41:02,cont,BUY,70588.3,70149.2,70939.58,439.1,82.0,2026-03-19T22:33:16,70127.02,sl,-9.2256,-1.0505,2026-03
2026-03-19T23:38:01,flip,SELL,69916.13,70288.12,69618.54,371.99,0.0,2026-03-20T00:45:56,70289.5,sl,-7.4674,-1.0037,2026-03
2026-03-20T01:31:01,flip,BUY,70499.94,70328.91,70636.76,171.03,0.0,2026-03-20T02:01:18,70327.07,sl,-3.4574,-1.0108,2026-03
2026-03-20T02:23:01,flip,SELL,70237.85,70307.0,70182.53,69.15,0.0,2026-03-20T02:27:23,70182.53,tp,1.1064,0.8,2026-03
2026-03-20T03:20:01,flip,BUY,70528.02,70395.08,70634.37,132.94,0.0,2026-03-20T03:29:18,70634.37,tp,2.127,0.8,2026-03
2026-03-20T04:08:01,cont,BUY,70924.79,70555.54,71220.19,369.25,48.0,2026-03-20T04:41:56,70552.88,sl,-7.4382,-1.0072,2026-03
2026-03-20T06:01:01,flip,SELL,70507.19,70613.11,70422.45,105.92,0.0,2026-03-20T06:02:39,70614.33,sl,-2.1428,-1.0115,2026-03
2026-03-20T06:11:01,cont,SELL,70495.57,70649.42,70372.49,153.85,10.0,2026-03-20T06:40:24,70372.49,tp,2.4616,0.8,2026-03
2026-03-20T06:41:01,cont,SELL,70356.81,70537.89,70211.95,181.08,40.0,2026-03-20T06:51:13,70540.22,sl,-3.6682,-1.0129,2026-03
2026-03-20T07:01:01,cont,SELL,70293.09,70508.72,70120.59,215.63,60.0,2026-03-20T07:23:29,70510.4,sl,-4.3462,-1.0078,2026-03
2026-03-20T07:34:01,flip,BUY,70644.74,70441.3,70807.49,203.44,0.0,2026-03-20T07:41:34,70807.49,tp,3.255,0.8,2026-03
2026-03-20T08:08:01,cont,BUY,70996.88,70779.55,71170.74,217.33,34.0,2026-03-20T08:10:15,71170.74,tp,3.4773,0.8,2026-03
2026-03-20T09:25:01,flip,SELL,70444.24,70646.15,70282.71,201.91,0.0,2026-03-20T09:32:24,70648.33,sl,-4.0818,-1.0108,2026-03
2026-03-20T10:08:01,cont,SELL,70427.94,70727.98,70187.91,300.04,43.0,2026-03-20T11:06:09,70728.44,sl,-6.01,-1.0015,2026-03
2026-03-20T12:42:02,flip,SELL,70277.01,70654.46,69975.05,377.45,0.0,2026-03-20T13:32:06,69975.05,tp,6.0392,0.8,2026-03
2026-03-20T13:58:01,cont,SELL,69862.2,70383.22,69445.38,521.02,76.0,2026-03-20T17:36:42,69445.38,tp,8.3363,0.8,2026-03
2026-03-20T20:04:02,flip,BUY,70175.24,70066.97,70261.86,108.27,0.0,2026-03-20T20:18:53,70060.65,sl,-2.2918,-1.0584,2026-03
2026-03-20T20:31:03,flip,SELL,69902.33,70027.75,69801.99,125.42,0.0,2026-03-20T20:35:23,69801.99,tp,2.0067,0.8,2026-03
2026-03-20T21:01:01,flip,BUY,70076.94,69987.45,70148.53,89.49,0.0,2026-03-20T21:02:02,69985.89,sl,-1.821,-1.0174,2026-03
2026-03-20T21:11:01,flip,SELL,69942.76,70035.33,69868.7,92.57,0.0,2026-03-20T21:13:32,70036.89,sl,-1.8826,-1.0169,2026-03
2026-03-20T22:04:02,flip,BUY,70741.78,70374.54,71035.57,367.24,0.0,2026-03-21T14:12:38,71035.57,tp,5.8758,0.8,2026-03
2026-03-21T23:03:02,flip,SELL,70210.48,70508.91,69971.74,298.43,0.0,2026-03-21T23:46:52,69971.74,tp,4.7749,0.8,2026-03
2026-03-22T12:23:01,flip,BUY,68563.84,68434.84,68667.04,129.0,0.0,2026-03-22T12:28:15,68667.04,tp,2.064,0.8,2026-03
2026-03-22T13:03:01,cont,BUY,68859.47,68541.87,69113.55,317.6,40.0,2026-03-22T13:42:50,68541.7,sl,-6.3554,-1.0005,2026-03
2026-03-22T19:30:01,flip,SELL,68285.89,68621.03,68017.78,335.14,0.0,2026-03-22T21:05:12,68017.78,tp,5.3622,0.8,2026-03
2026-03-23T05:01:01,flip,BUY,68616.19,68030.93,69084.4,585.26,0.0,2026-03-23T06:42:36,68025.93,sl,-11.8052,-1.0085,2026-03
2026-03-23T07:04:01,cont,SELL,67634.95,67922.52,67404.89,287.57,40.0,2026-03-23T07:12:10,67922.52,sl,-5.7514,-1.0,2026-03
2026-03-23T07:56:01,flip,BUY,68422.75,68307.45,68514.99,115.3,0.0,2026-03-23T07:57:41,68306.76,sl,-2.3198,-1.006,2026-03
2026-03-23T08:03:03,cont,BUY,68442.81,68277.63,68574.95,165.18,7.0,2026-03-23T08:10:30,68574.95,tp,2.6429,0.8,2026-03
2026-03-23T09:25:01,flip,SELL,68179.57,68331.56,68057.98,151.99,0.0,2026-03-23T09:33:37,68057.98,tp,2.4318,0.8,2026-03
2026-03-23T09:34:01,cont,SELL,68036.69,68235.98,67877.26,199.29,9.0,2026-03-23T09:47:05,68245.77,sl,-4.1816,-1.0491,2026-03
2026-03-23T10:03:01,flip,BUY,68384.59,68275.75,68471.66,108.84,0.0,2026-03-23T10:05:38,68471.66,tp,1.7414,0.8,2026-03
2026-03-23T11:06:01,cont,BUY,70011.07,68270.05,71403.89,1741.02,63.0,2026-03-23T11:12:52,71403.89,tp,27.8563,0.8,2026-03
2026-03-23T15:19:01,flip,SELL,71121.01,71655.9,70693.1,534.89,0.0,2026-03-23T15:41:02,70693.1,tp,8.5582,0.8,2026-03
2026-03-23T15:54:01,cont,SELL,70372.12,70841.55,69996.58,469.43,35.0,2026-03-23T17:33:45,70843.45,sl,-9.4266,-1.004,2026-03
2026-03-23T19:06:01,flip,BUY,71173.44,70859.93,71424.25,313.51,0.0,2026-03-23T19:07:25,70859.54,sl,-6.278,-1.0012,2026-03
2026-03-23T19:51:02,flip,SELL,70765.99,71064.57,70527.13,298.58,0.0,2026-03-23T22:32:13,70527.13,tp,4.7773,0.8,2026-03
2026-03-24T06:06:01,flip,BUY,70377.4,70227.85,70497.04,149.55,0.0,2026-03-24T06:57:10,70497.04,tp,2.3928,0.8,2026-03
2026-03-24T07:05:01,cont,BUY,70569.56,70444.44,70669.66,125.12,59.0,2026-03-24T07:06:06,70669.66,tp,2.0019,0.8,2026-03
2026-03-24T07:52:01,cont,BUY,71034.17,70806.52,71216.29,227.65,106.0,2026-03-24T07:57:03,71216.29,tp,3.6424,0.8,2026-03
2026-03-24T13:20:01,flip,SELL,70587.23,70870.22,70360.84,282.99,0.0,2026-03-24T13:40:49,70360.84,tp,4.5278,0.8,2026-03
2026-03-24T14:13:02,cont,SELL,69830.02,70444.76,69338.23,614.74,53.0,2026-03-24T16:39:19,69338.23,tp,9.8358,0.8,2026-03
2026-03-24T18:32:01,flip,BUY,69490.9,69341.95,69610.06,148.95,0.0,2026-03-24T18:37:21,69610.06,tp,2.3832,0.8,2026-03
2026-03-24T20:22:01,cont,BUY,69769.69,69220.1,70209.36,549.59,110.0,2026-03-24T20:26:53,70209.36,tp,8.7934,0.8,2026-03
2026-03-25T12:17:01,flip,SELL,71504.57,71826.35,71247.15,321.78,0.0,2026-03-25T12:23:05,71247.15,tp,5.1485,0.8,2026-03
2026-03-25T13:37:01,flip,BUY,71905.62,71730.36,72045.83,175.26,0.0,2026-03-25T13:43:50,71728.02,sl,-3.552,-1.0134,2026-03
2026-03-25T13:51:01,flip,SELL,71582.58,71817.23,71394.86,234.65,0.0,2026-03-25T14:05:14,71394.86,tp,3.7544,0.8,2026-03
2026-03-25T14:12:02,cont,SELL,71363.42,71666.65,71120.84,303.23,21.0,2026-03-25T15:07:42,71120.84,tp,4.8517,0.8,2026-03
2026-03-26T10:16:05,flip,BUY,69620.84,69467.2,69743.75,153.64,0.0,2026-03-26T10:40:03,69463.33,sl,-3.1502,-1.0252,2026-03
2026-03-26T11:25:01,flip,SELL,69311.94,69616.22,69068.52,304.28,0.0,2026-03-26T13:45:12,69622.05,sl,-6.2022,-1.0192,2026-03
2026-03-30T04:29:01,flip,BUY,67544.42,67306.9,67734.44,237.52,0.0,2026-03-30T05:09:59,67734.44,tp,3.8003,0.8,2026-03
2026-03-30T05:10:01,cont,BUY,67666.56,67526.31,67778.76,140.25,41.0,2026-03-30T05:15:56,67522.76,sl,-2.876,-1.0253,2026-03
2026-03-30T06:12:03,flip,SELL,67368.83,67525.17,67243.76,156.34,0.0,2026-03-30T06:19:04,67243.76,tp,2.5014,0.8,2026-03
2026-03-30T07:04:01,cont,SELL,67191.73,67370.33,67048.85,178.6,52.0,2026-03-30T07:10:33,67371.76,sl,-3.6006,-1.008,2026-03
2026-03-30T07:52:01,flip,BUY,67511.31,67221.85,67742.88,289.46,0.0,2026-03-30T08:05:15,67742.88,tp,4.6314,0.8,2026-03
2026-03-30T13:50:01,flip,SELL,67589.75,67784.41,67434.02,194.66,0.0,2026-03-30T13:59:15,67434.02,tp,3.1146,0.8,2026-03
2026-03-30T14:20:01,cont,SELL,67384.13,67712.21,67121.67,328.08,30.0,2026-03-30T14:35:58,67121.67,tp,5.2493,0.8,2026-03
2026-03-30T14:36:01,cont,SELL,67142.02,67349.11,66976.35,207.09,46.0,2026-03-30T14:53:09,67350.16,sl,-4.1628,-1.0051,2026-03
2026-03-30T20:02:01,flip,BUY,66543.28,66402.17,66656.17,141.11,0.0,2026-03-30T21:09:28,66656.17,tp,2.2578,0.8,2026-03
2026-03-30T21:10:03,cont,BUY,66661.94,66499.92,66791.56,162.02,68.0,2026-03-30T21:16:26,66791.56,tp,2.5923,0.8,2026-03
2026-03-30T23:02:02,flip,SELL,66593.0,66813.44,66416.65,220.44,0.0,2026-03-30T23:03:25,66416.65,tp,3.527,0.8,2026-03
2026-03-31T00:39:01,flip,BUY,66866.11,66754.48,66955.41,111.63,0.0,2026-03-31T00:41:01,66753.59,sl,-2.2504,-1.008,2026-03
2026-03-31T01:16:02,cont,BUY,67322.33,66953.29,67617.56,369.04,37.0,2026-03-31T01:23:39,67617.56,tp,5.9046,0.8,2026-03
2026-03-31T01:33:01,cont,BUY,67916.58,67597.41,68171.92,319.17,54.0,2026-03-31T01:34:04,68171.92,tp,5.1067,0.8,2026-03
2026-03-31T04:13:01,flip,SELL,67541.46,67724.36,67395.14,182.9,0.0,2026-03-31T04:20:24,67724.96,sl,-3.67,-1.0033,2026-03
2026-03-31T04:28:01,cont,SELL,67517.06,67830.84,67266.04,313.78,15.0,2026-03-31T07:11:56,67266.04,tp,5.0205,0.8,2026-03
2026-03-31T07:12:02,cont,SELL,67226.5,67474.6,67028.02,248.1,63.0,2026-03-31T08:39:10,67028.02,tp,3.9696,0.8,2026-03
2026-03-31T12:36:01,flip,BUY,66797.69,66448.08,67077.38,349.61,0.0,2026-03-31T13:43:25,67077.38,tp,5.5938,0.8,2026-03
2026-03-31T13:46:01,cont,BUY,67078.54,66884.85,67233.49,193.69,70.0,2026-03-31T13:46:31,67233.49,tp,3.099,0.8,2026-03
2026-03-31T14:01:01,cont,BUY,67437.81,67135.1,67679.98,302.71,85.0,2026-03-31T14:06:02,67131.72,sl,-6.1218,-1.0112,2026-03
2026-03-31T14:19:01,cont,BUY,67713.87,67052.78,68242.74,661.09,103.0,2026-03-31T14:43:38,67043.74,sl,-13.4026,-1.0137,2026-03
2026-04-01T07:42:02,flip,SELL,68824.46,68965.35,68711.75,140.89,0.0,2026-04-01T07:49:23,68711.75,tp,2.2542,0.8,2026-04
2026-04-01T07:54:02,cont,SELL,68699.28,68764.08,68647.44,64.8,12.0,2026-04-01T07:58:00,68647.44,tp,1.0368,0.8,2026-04
2026-04-01T08:07:01,cont,SELL,68591.41,68743.07,68470.08,151.66,25.0,2026-04-01T08:16:24,68470.08,tp,2.4266,0.8,2026-04
2026-04-01T08:39:01,flip,BUY,68821.42,68685.18,68930.41,136.24,0.0,2026-04-01T08:51:27,68683.12,sl,-2.766,-1.0151,2026-04
2026-04-01T08:55:01,flip,SELL,68613.91,68763.17,68494.5,149.26,0.0,2026-04-01T09:08:21,68494.5,tp,2.3882,0.8,2026-04
2026-04-01T15:32:01,flip,BUY,68813.31,68635.95,68955.2,177.36,0.0,2026-04-01T16:12:22,68623.28,sl,-3.8006,-1.0714,2026-04
2026-04-01T16:13:01,flip,SELL,68666.14,68800.02,68559.04,133.88,0.0,2026-04-01T16:23:26,68801.42,sl,-2.7056,-1.0105,2026-04
2026-04-01T16:37:01,flip,BUY,68880.35,68687.19,69034.88,193.16,0.0,2026-04-01T17:03:09,69034.88,tp,3.0906,0.8,2026-04
2026-04-01T17:04:01,cont,BUY,69078.94,68785.01,69314.08,293.93,27.0,2026-04-01T17:11:16,68783.3,sl,-5.9128,-1.0058,2026-04
2026-04-01T17:21:02,flip,SELL,68634.14,68775.5,68521.05,141.36,0.0,2026-04-01T17:23:10,68521.05,tp,2.2618,0.8,2026-04
2026-04-01T17:59:06,cont,SELL,68237.96,68458.07,68061.87,220.11,38.0,2026-04-01T18:02:28,68061.87,tp,3.5218,0.8,2026-04
2026-04-02T00:54:01,flip,BUY,68600.15,67997.16,69082.54,602.99,0.0,2026-04-02T01:05:01,67994.34,sl,-12.1162,-1.0047,2026-04
2026-04-02T01:19:01,flip,SELL,67503.22,68355.88,66821.09,852.66,0.0,2026-04-02T02:20:13,66821.09,tp,13.6426,0.8,2026-04
2026-04-02T02:21:01,cont,SELL,66782.56,67002.98,66606.22,220.42,62.0,2026-04-02T02:32:48,67004.24,sl,-4.4336,-1.0057,2026-04
2026-04-02T02:44:01,cont,SELL,66761.48,67006.83,66565.2,245.35,85.0,2026-04-02T03:42:27,66565.2,tp,3.9256,0.8,2026-04
2026-04-02T14:07:01,flip,BUY,66402.3,66169.88,66588.24,232.42,0.0,2026-04-02T14:33:53,66588.24,tp,3.7187,0.8,2026-04
2026-04-02T14:34:01,cont,BUY,66562.68,66206.0,66848.02,356.68,27.0,2026-04-02T14:36:25,66848.02,tp,5.7069,0.8,2026-04
2026-04-03T01:40:01,flip,SELL,66516.65,67101.35,66048.89,584.7,0.0,2026-04-03T07:35:06,67106.34,sl,-11.7938,-1.0085,2026-04
2026-04-03T08:10:01,cont,BUY,67264.29,67000.1,67475.64,264.19,66.0,2026-04-03T08:39:18,66999.43,sl,-5.2972,-1.0025,2026-04
2026-04-03T08:56:02,flip,SELL,66919.43,67002.89,66852.66,83.46,0.0,2026-04-03T09:02:52,67007.22,sl,-1.7558,-1.0519,2026-04
2026-04-03T09:06:02,cont,SELL,66901.37,67000.4,66822.15,99.03,10.0,2026-04-03T09:20:55,66822.15,tp,1.5845,0.8,2026-04
2026-04-03T09:21:01,cont,SELL,66774.08,66919.13,66658.04,145.05,25.0,2026-04-03T09:43:10,66921.96,sl,-2.9576,-1.0195,2026-04
2026-04-03T10:31:01,cont,SELL,66692.92,66914.8,66515.42,221.88,95.0,2026-04-03T11:00:04,66919.76,sl,-4.5368,-1.0224,2026-04
2026-04-03T11:33:01,flip,BUY,66986.0,66883.29,67068.17,102.71,0.0,2026-04-03T12:28:00,67068.17,tp,1.6434,0.8,2026-04
2026-04-03T12:29:02,cont,BUY,67108.67,66930.4,67251.29,178.27,56.0,2026-04-03T12:30:01,67251.29,tp,2.8523,0.8,2026-04
2026-04-03T12:50:01,flip,SELL,66740.83,66897.87,66615.2,157.04,0.0,2026-04-03T13:08:44,66615.2,tp,2.5126,0.8,2026-04
2026-04-03T13:49:01,cont,SELL,66530.01,66718.52,66379.2,188.51,59.0,2026-04-03T14:03:58,66719.32,sl,-3.7862,-1.0042,2026-04
2026-04-03T14:21:01,flip,BUY,66821.33,66706.42,66913.26,114.91,0.0,2026-04-03T14:26:18,66913.26,tp,1.8386,0.8,2026-04
2026-04-03T15:11:01,cont,BUY,67020.79,66799.14,67198.11,221.65,50.0,2026-04-03T15:46:23,66798.34,sl,-4.449,-1.0036,2026-04
2026-04-05T05:57:03,flip,SELL,66922.38,67180.6,66715.8,258.22,0.0,2026-04-05T06:09:57,66715.8,tp,4.1315,0.8,2026-04
2026-04-05T22:45:01,flip,BUY,67981.04,67148.59,68647.0,832.45,0.0,2026-04-05T23:15:03,68647.0,tp,13.3192,0.8,2026-04
2026-04-05T23:32:01,cont,BUY,68912.32,68670.65,69105.66,241.67,47.0,2026-04-05T23:32:10,69105.66,tp,3.8667,0.8,2026-04
2026-04-06T00:02:01,cont,BUY,69573.68,68851.95,70151.06,721.73,77.0,2026-04-06T01:04:16,68848.76,sl,-14.4984,-1.0044,2026-04
2026-04-06T01:43:03,flip,SELL,68791.65,68969.29,68649.54,177.64,0.0,2026-04-06T02:10:23,68974.22,sl,-3.6514,-1.0278,2026-04
2026-04-06T02:11:01,flip,BUY,69013.57,68798.92,69185.29,214.65,0.0,2026-04-06T02:11:22,69185.29,tp,3.4344,0.8,2026-04
2026-04-07T10:53:01,flip,SELL,68222.65,69235.95,67412.01,1013.3,0.0,2026-04-07T20:01:27,69240.42,sl,-20.3554,-1.0044,2026-04
2026-04-08T14:53:01,flip,SELL,70874.89,71194.11,70619.51,319.22,0.0,2026-04-08T15:19:53,71194.33,sl,-6.3888,-1.0007,2026-04
2026-04-08T16:03:01,flip,BUY,71366.98,71092.84,71586.29,274.14,0.0,2026-04-08T16:49:46,71586.29,tp,4.3862,0.8,2026-04
2026-04-08T17:37:01,cont,BUY,71899.84,71487.73,72229.53,412.11,94.0,2026-04-08T18:18:48,71485.45,sl,-8.2878,-1.0055,2026-04
2026-04-08T18:44:03,flip,SELL,71304.37,71576.19,71086.91,271.82,0.0,2026-04-08T18:59:40,71086.91,tp,4.3491,0.8,2026-04
2026-04-09T02:27:01,flip,BUY,71018.62,70824.4,71174.0,194.22,0.0,2026-04-09T02:52:16,71174.0,tp,3.1075,0.8,2026-04
2026-04-09T03:28:01,flip,SELL,70882.75,71000.65,70788.43,117.9,0.0,2026-04-09T03:35:50,71001.98,sl,-2.3846,-1.0113,2026-04
2026-04-09T04:23:02,cont,SELL,70859.68,71034.78,70719.6,175.1,55.0,2026-04-09T05:01:24,70719.6,tp,2.8016,0.8,2026-04
2026-04-09T07:10:04,flip,BUY,71100.29,70831.86,71315.03,268.43,0.0,2026-04-09T08:44:49,71315.03,tp,4.2949,0.8,2026-04
2026-04-09T13:33:01,flip,SELL,70965.66,71296.32,70701.13,330.66,0.0,2026-04-09T13:56:02,70701.13,tp,5.2906,0.8,2026-04
2026-04-09T14:28:02,cont,SELL,70556.47,70839.29,70330.21,282.82,55.0,2026-04-09T14:40:18,70848.34,sl,-5.8374,-1.032,2026-04
2026-04-09T15:14:01,flip,BUY,71260.04,70931.28,71523.05,328.76,0.0,2026-04-09T15:15:54,71523.05,tp,5.2602,0.8,2026-04
2026-04-09T15:33:01,cont,BUY,71686.8,71331.58,71970.98,355.22,19.0,2026-04-09T15:34:35,71970.98,tp,5.6835,0.8,2026-04
2026-04-09T17:04:01,cont,BUY,72409.38,71793.18,72902.34,616.2,110.0,2026-04-09T18:22:54,71791.29,sl,-12.3618,-1.0031,2026-04
2026-04-09T19:28:02,flip,SELL,71775.89,72138.04,71486.17,362.15,0.0,2026-04-09T19:43:05,72153.4,sl,-7.5502,-1.0424,2026-04
2026-04-09T20:18:01,flip,BUY,72263.22,71999.52,72474.18,263.7,0.0,2026-04-09T21:03:54,72474.18,tp,4.2192,0.8,2026-04
2026-04-09T21:04:01,cont,BUY,72482.54,72292.44,72634.62,190.1,46.0,2026-04-09T21:06:50,72634.62,tp,3.0416,0.8,2026-04
2026-04-09T21:21:01,flip,SELL,72178.08,72369.23,72025.16,191.15,0.0,2026-04-09T21:41:20,72375.57,sl,-3.9498,-1.0332,2026-04
2026-04-09T22:14:01,flip,BUY,72486.67,72246.85,72678.53,239.82,0.0,2026-04-09T22:15:55,72678.53,tp,3.8371,0.8,2026-04
2026-04-10T07:52:05,flip,SELL,71547.01,72370.43,70888.27,823.42,0.0,2026-04-10T12:30:01,72376.06,sl,-16.581,-1.0068,2026-04
2026-04-10T14:04:01,flip,BUY,72444.66,71914.69,72868.64,529.97,0.0,2026-04-10T14:20:06,72868.64,tp,8.4795,0.8,2026-04
2026-04-10T14:39:02,cont,BUY,73166.75,73033.78,73273.13,132.97,35.0,2026-04-10T14:42:55,73032.77,sl,-2.6796,-1.0076,2026-04
2026-04-10T15:25:01,cont,BUY,73300.51,72728.6,73758.04,571.91,81.0,2026-04-10T15:32:01,72726.91,sl,-11.472,-1.003,2026-04
2026-04-10T15:41:01,flip,SELL,72650.67,72824.05,72511.97,173.38,0.0,2026-04-10T15:55:14,72511.97,tp,2.7741,0.8,2026-04
2026-04-10T16:51:01,flip,BUY,72861.88,72661.07,73022.53,200.81,0.0,2026-04-10T16:58:04,73022.53,tp,3.213,0.8,2026-04
2026-04-10T17:51:02,cont,BUY,73156.59,72834.92,73413.93,321.67,60.0,2026-04-10T20:30:36,73413.93,tp,5.1467,0.8,2026-04
2026-04-10T20:31:01,flip,BUY,73478.57,73164.98,73729.44,313.59,0.0,2026-04-10T20:36:52,73163.18,sl,-6.3078,-1.0057,2026-04
2026-04-10T21:14:02,flip,SELL,73063.88,73451.51,72753.78,387.63,0.0,2026-04-10T22:40:33,72753.78,tp,6.2021,0.8,2026-04
2026-04-11T01:16:01,flip,SELL,72713.98,72988.62,72494.27,274.64,0.0,2026-04-11T01:32:25,72991.38,sl,-5.548,-1.01,2026-04
2026-04-11T02:18:06,flip,BUY,73056.56,72941.14,73148.9,115.42,0.0,2026-04-11T03:54:21,72939.12,sl,-2.3488,-1.0175,2026-04
2026-04-11T03:55:03,cont,SELL,72953.89,73101.46,72835.83,147.57,61.0,2026-04-11T04:15:29,72835.83,tp,2.3611,0.8,2026-04
2026-04-11T06:38:06,flip,BUY,72773.82,72683.47,72846.1,90.35,0.0,2026-04-11T07:24:13,72846.1,tp,1.4456,0.8,2026-04
2026-04-11T07:54:01,flip,SELL,72704.0,72735.04,72679.17,31.04,0.0,2026-04-11T07:54:30,72736.25,sl,-0.645,-1.039,2026-04
2026-04-11T08:52:01,cont,SELL,72698.49,72842.47,72583.31,143.98,58.0,2026-04-11T09:16:34,72846.32,sl,-2.9566,-1.0267,2026-04
2026-04-11T10:00:01,flip,BUY,72948.76,72786.95,73078.21,161.81,0.0,2026-04-11T13:08:11,72783.84,sl,-3.2984,-1.0192,2026-04
2026-04-12T01:34:01,flip,SELL,72791.38,73164.53,72492.86,373.15,0.0,2026-04-12T01:35:11,72492.86,tp,5.9704,0.8,2026-04
2026-04-12T16:05:03,flip,BUY,70981.33,70875.38,71066.09,105.95,0.0,2026-04-12T16:08:06,70875.34,sl,-2.1198,-1.0004,2026-04
2026-04-12T17:03:01,cont,BUY,71004.96,70845.27,71132.71,159.69,58.0,2026-04-12T17:51:26,71132.71,tp,2.555,0.8,2026-04
2026-04-12T22:27:01,flip,SELL,70679.95,71010.94,70415.16,330.99,0.0,2026-04-13T00:26:20,71011.01,sl,-6.6212,-1.0002,2026-04
2026-04-13T00:39:01,cont,BUY,71126.24,70948.66,71268.3,177.58,13.0,2026-04-13T00:54:15,71268.3,tp,2.8413,0.8,2026-04
2026-04-13T02:01:03,cont,BUY,71237.59,71037.27,71397.85,200.32,95.0,2026-04-13T02:12:35,71036.71,sl,-4.0176,-1.0028,2026-04
2026-04-13T03:02:01,flip,SELL,71005.31,71282.06,70783.91,276.75,0.0,2026-04-13T05:32:08,70783.91,tp,4.428,0.8,2026-04
2026-04-13T05:38:01,cont,SELL,70759.37,70879.55,70663.23,120.18,28.0,2026-04-13T05:46:28,70882.18,sl,-2.4562,-1.0219,2026-04
2026-04-13T06:19:01,flip,BUY,71042.52,70983.29,71089.9,59.23,0.0,2026-04-13T06:21:02,71089.9,tp,0.9477,0.8,2026-04
2026-04-13T06:47:01,cont,BUY,71114.37,71011.26,71196.86,103.11,28.0,2026-04-13T07:01:39,71009.54,sl,-2.0966,-1.0167,2026-04
2026-04-13T07:13:02,flip,SELL,70936.47,70966.55,70912.41,30.08,0.0,2026-04-13T07:13:25,70912.41,tp,0.4813,0.8,2026-04
2026-04-13T07:18:03,cont,SELL,70884.34,70936.01,70843.0,51.67,5.0,2026-04-13T07:20:22,70843.0,tp,0.8267,0.8,2026-04
2026-04-13T08:20:01,cont,SELL,70703.4,70864.24,70574.73,160.84,67.0,2026-04-13T09:01:40,70865.66,sl,-3.2452,-1.0088,2026-04
2026-04-13T11:45:03,flip,BUY,70959.59,70683.08,71180.8,276.51,0.0,2026-04-13T12:53:57,71180.8,tp,4.4242,0.8,2026-04
2026-04-13T12:54:01,cont,BUY,71159.42,70758.11,71480.47,401.31,69.0,2026-04-13T13:49:50,71480.47,tp,6.421,0.8,2026-04
2026-04-13T15:31:01,flip,SELL,71810.46,72052.34,71616.96,241.88,0.0,2026-04-13T16:10:02,72052.92,sl,-4.8492,-1.0024,2026-04
2026-04-13T16:18:01,flip,BUY,72121.38,71950.2,72258.32,171.18,0.0,2026-04-13T16:24:58,72258.32,tp,2.7389,0.8,2026-04
2026-04-13T16:25:01,cont,BUY,72269.79,72069.08,72430.36,200.71,7.0,2026-04-13T16:47:20,72430.36,tp,3.2114,0.8,2026-04
2026-04-13T16:48:01,cont,BUY,72432.93,72199.49,72619.68,233.44,30.0,2026-04-13T16:53:15,72199.45,sl,-4.6696,-1.0002,2026-04
2026-04-13T17:30:02,cont,BUY,72500.8,72102.57,72819.38,398.23,72.0,2026-04-13T17:56:49,72101.52,sl,-7.9856,-1.0026,2026-04
2026-04-14T00:00:01,flip,SELL,74448.62,74592.79,74333.28,144.17,0.0,2026-04-14T00:11:18,74333.28,tp,2.3067,0.8,2026-04
2026-04-14T00:27:04,cont,SELL,74250.54,74494.84,74055.1,244.3,27.0,2026-04-14T01:02:05,74055.1,tp,3.9088,0.8,2026-04
2026-04-14T02:17:01,flip,BUY,74542.29,74437.14,74626.41,105.15,0.0,2026-04-14T02:17:26,74626.41,tp,1.6824,0.8,2026-04
2026-04-14T03:28:02,flip,SELL,74294.3,74498.14,74131.23,203.84,0.0,2026-04-14T03:41:23,74500.87,sl,-4.1314,-1.0134,2026-04
2026-04-14T07:04:02,flip,BUY,74630.2,74464.16,74763.03,166.04,0.0,2026-04-14T07:09:17,74763.03,tp,2.6566,0.8,2026-04
2026-04-14T11:00:02,flip,SELL,74365.68,74467.57,74284.17,101.89,0.0,2026-04-14T11:06:22,74467.63,sl,-2.039,-1.0006,2026-04
2026-04-14T11:31:04,cont,SELL,74368.33,74490.28,74270.77,121.95,31.0,2026-04-14T11:58:48,74491.96,sl,-2.4726,-1.0138,2026-04
2026-04-14T12:14:02,cont,SELL,74323.86,74479.12,74199.65,155.26,74.0,2026-04-14T12:56:45,74479.16,sl,-3.106,-1.0003,2026-04
2026-04-14T13:34:02,flip,BUY,74893.86,74540.22,75176.77,353.64,0.0,2026-04-14T13:42:10,75176.77,tp,5.6582,0.8,2026-04
2026-04-14T13:57:01,cont,BUY,75514.57,75157.39,75800.31,357.18,23.0,2026-04-14T14:23:46,75800.31,tp,5.7149,0.8,2026-04
2026-04-14T14:27:01,cont,BUY,75886.29,75636.75,76085.92,249.54,53.0,2026-04-14T14:32:27,76085.92,tp,3.9926,0.8,2026-04
2026-04-14T15:06:01,flip,SELL,74907.57,75129.46,74730.06,221.89,0.0,2026-04-14T15:09:06,74730.06,tp,3.5502,0.8,2026-04
2026-04-14T15:44:01,flip,BUY,75335.5,75199.4,75444.38,136.1,0.0,2026-04-14T15:51:11,75444.38,tp,2.1776,0.8,2026-04
2026-04-14T16:03:01,cont,BUY,75501.75,75325.34,75642.88,176.41,19.0,2026-04-14T16:08:36,75642.88,tp,2.8226,0.8,2026-04
2026-04-14T16:50:06,flip,SELL,75142.48,75342.72,74982.29,200.24,0.0,2026-04-14T16:52:14,74982.29,tp,3.2038,0.8,2026-04
2026-04-14T17:35:01,cont,SELL,74377.17,74980.63,73894.4,603.46,45.0,2026-04-14T22:31:12,73894.4,tp,9.6554,0.8,2026-04
2026-04-15T05:22:01,flip,SELL,74210.35,74468.12,74004.13,257.77,0.0,2026-04-15T05:32:37,74004.13,tp,4.1243,0.8,2026-04
2026-04-15T07:06:01,cont,SELL,73891.49,74080.63,73740.18,189.14,104.0,2026-04-15T07:17:26,73740.18,tp,3.0262,0.8,2026-04
2026-04-15T07:18:01,cont,SELL,73650.44,74058.59,73323.92,408.15,116.0,2026-04-15T08:33:53,74063.01,sl,-8.2514,-1.0108,2026-04
2026-04-15T08:54:01,flip,BUY,74210.0,74065.8,74325.36,144.2,0.0,2026-04-15T09:02:45,74063.45,sl,-2.931,-1.0163,2026-04
2026-04-15T09:29:01,flip,SELL,73968.96,74117.43,73850.18,148.47,0.0,2026-04-15T10:06:55,74121.32,sl,-3.0472,-1.0262,2026-04
2026-04-15T10:07:02,flip,BUY,74125.62,74024.49,74206.52,101.13,0.0,2026-04-15T10:08:09,74206.52,tp,1.6181,0.8,2026-04
2026-04-15T10:46:01,cont,BUY,74243.47,73820.94,74581.49,422.53,39.0,2026-04-15T13:52:19,73820.6,sl,-8.4574,-1.0008,2026-04
2026-04-16T00:25:01,flip,SELL,74518.8,75465.64,73761.33,946.84,0.0,2026-04-16T13:53:48,73761.33,tp,15.1494,0.8,2026-04
2026-04-17T01:24:02,flip,SELL,74697.26,75185.72,74306.49,488.46,0.0,2026-04-17T08:09:19,75188.11,sl,-9.817,-1.0049,2026-04
2026-04-17T10:29:01,flip,SELL,75395.6,75920.64,74975.57,525.04,0.0,2026-04-17T12:25:46,75923.97,sl,-10.5674,-1.0063,2026-04
2026-04-17T12:48:01,flip,BUY,76118.02,75647.36,76494.55,470.66,0.0,2026-04-17T13:02:19,76494.55,tp,7.5306,0.8,2026-04
2026-04-17T13:07:01,cont,BUY,76443.6,76012.15,76788.76,431.45,19.0,2026-04-17T13:12:45,76788.76,tp,6.9032,0.8,2026-04
2026-04-17T13:26:01,cont,BUY,77012.14,76716.29,77248.82,295.85,38.0,2026-04-17T13:27:15,76715.21,sl,-5.9386,-1.0037,2026-04
2026-04-17T13:50:01,cont,BUY,77071.23,76121.16,77831.29,950.07,62.0,2026-04-17T14:34:39,77831.29,tp,15.2011,0.8,2026-04
2026-04-17T14:35:01,cont,BUY,77830.52,77469.37,78119.44,361.15,107.0,2026-04-17T14:43:22,78119.44,tp,5.7784,0.8,2026-04
2026-04-17T17:22:02,flip,SELL,77334.87,77621.87,77105.27,287.0,0.0,2026-04-17T17:45:46,77621.99,sl,-5.7424,-1.0004,2026-04
2026-04-17T17:46:01,flip,BUY,77631.18,77399.92,77816.19,231.26,0.0,2026-04-17T18:02:59,77399.81,sl,-4.6274,-1.0005,2026-04
2026-04-17T19:06:01,flip,SELL,77090.97,77422.11,76826.06,331.14,0.0,2026-04-17T19:17:54,77423.48,sl,-6.6502,-1.0041,2026-04
2026-04-17T20:02:01,flip,BUY,77557.37,77414.6,77671.59,142.77,0.0,2026-04-17T20:21:17,77412.62,sl,-2.895,-1.0139,2026-04
2026-04-17T23:18:02,flip,SELL,77161.16,77544.68,76854.34,383.52,0.0,2026-04-18T08:14:57,76854.34,tp,6.1363,0.8,2026-04
2026-04-18T11:32:01,flip,BUY,76150.89,76062.17,76221.87,88.72,0.0,2026-04-18T11:36:09,76060.93,sl,-1.7992,-1.014,2026-04
2026-04-18T12:02:01,cont,BUY,76236.33,75800.7,76584.83,435.63,30.0,2026-04-18T16:18:13,75787.09,sl,-8.9848,-1.0312,2026-04
2026-04-18T23:04:01,flip,BUY,75898.59,75830.55,75953.02,68.04,0.0,2026-04-18T23:30:37,75827.82,sl,-1.4154,-1.0401,2026-04
2026-04-19T00:17:01,flip,SELL,75723.58,75873.62,75603.55,150.04,0.0,2026-04-19T00:35:04,75603.55,tp,2.4006,0.8,2026-04
2026-04-19T00:39:01,cont,SELL,75599.58,75682.96,75532.88,83.38,22.0,2026-04-19T00:48:06,75683.55,sl,-1.6794,-1.0071,2026-04
2026-04-19T01:30:05,cont,SELL,75575.04,75821.73,75377.69,246.69,73.0,2026-04-19T04:18:20,75825.99,sl,-5.019,-1.0173,2026-04
2026-04-19T11:10:01,flip,BUY,75478.88,74947.02,75904.37,531.86,0.0,2026-04-19T13:18:16,75904.37,tp,8.5098,0.8,2026-04
2026-04-19T16:57:01,flip,SELL,75408.96,75913.52,75005.31,504.56,0.0,2026-04-19T17:50:21,75005.31,tp,8.073,0.8,2026-04
2026-04-19T17:51:01,cont,SELL,74995.87,75390.02,74680.55,394.15,54.0,2026-04-19T17:52:51,74680.55,tp,6.3064,0.8,2026-04
2026-04-20T00:32:02,flip,BUY,74313.52,74215.04,74392.3,98.48,0.0,2026-04-20T00:36:02,74211.87,sl,-2.033,-1.0322,2026-04
2026-04-20T00:51:02,cont,BUY,74352.16,74167.43,74499.94,184.73,19.0,2026-04-20T01:31:30,74499.94,tp,2.9557,0.8,2026-04
2026-04-20T05:45:01,flip,SELL,74144.72,74254.12,74057.2,109.4,0.0,2026-04-20T05:48:34,74254.97,sl,-2.205,-1.0078,2026-04
2026-04-20T06:03:01,flip,BUY,74352.04,74282.98,74407.29,69.06,0.0,2026-04-20T06:03:45,74407.29,tp,1.105,0.8,2026-04
2026-04-20T06:33:01,cont,BUY,74502.87,74274.0,74685.97,228.87,30.0,2026-04-20T06:40:14,74685.97,tp,3.6619,0.8,2026-04
2026-04-20T07:20:03,cont,BUY,74940.6,74681.95,75147.52,258.65,77.0,2026-04-20T07:21:16,75147.52,tp,4.1384,0.8,2026-04
2026-04-20T18:39:01,flip,SELL,76029.08,76170.22,75916.17,141.14,0.0,2026-04-20T18:40:16,76170.54,sl,-2.8292,-1.0023,2026-04
2026-04-20T18:51:02,flip,BUY,76425.64,76122.87,76667.86,302.77,0.0,2026-04-20T21:11:10,76122.42,sl,-6.0644,-1.0015,2026-04
2026-04-20T23:06:01,flip,SELL,75748.15,76183.83,75399.61,435.68,0.0,2026-04-21T01:06:08,76186.07,sl,-8.7584,-1.0051,2026-04
2026-04-21T08:21:02,flip,BUY,76354.17,76109.62,76549.81,244.55,0.0,2026-04-21T08:47:19,76549.81,tp,3.9128,0.8,2026-04
2026-04-21T12:40:01,flip,SELL,76146.92,76858.53,75577.63,711.61,0.0,2026-04-21T15:03:54,75577.63,tp,11.3858,0.8,2026-04
2026-04-22T00:07:01,flip,BUY,76464.81,76323.64,76577.75,141.17,0.0,2026-04-22T00:16:47,76323.21,sl,-2.832,-1.003,2026-04
2026-04-22T00:26:02,flip,SELL,76278.46,76442.45,76147.27,163.99,0.0,2026-04-22T01:02:58,76449.44,sl,-3.4196,-1.0426,2026-04
2026-04-22T01:03:01,flip,BUY,76440.88,76253.99,76590.39,186.89,0.0,2026-04-22T01:19:01,76252.47,sl,-3.7682,-1.0081,2026-04
2026-04-22T02:11:01,cont,BUY,76609.07,76148.39,76977.61,460.68,68.0,2026-04-22T02:16:50,76977.61,tp,7.3709,0.8,2026-04
2026-04-22T02:17:01,cont,BUY,76922.62,76696.71,77103.35,225.91,74.0,2026-04-22T02:17:08,77103.35,tp,3.6146,0.8,2026-04
2026-04-22T02:29:04,cont,BUY,77207.75,76789.37,77542.45,418.38,86.0,2026-04-22T02:56:44,77542.45,tp,6.6941,0.8,2026-04
2026-04-22T16:19:01,flip,SELL,79138.79,79228.9,79066.7,90.11,0.0,2026-04-22T16:21:07,79228.99,sl,-1.804,-1.001,2026-04
2026-04-22T16:31:01,cont,SELL,78910.95,79008.14,78833.2,97.19,12.0,2026-04-22T16:32:37,79012.14,sl,-2.0238,-1.0412,2026-04
2026-04-22T16:43:01,cont,SELL,78887.95,79052.7,78756.15,164.75,24.0,2026-04-22T16:54:39,78756.15,tp,2.636,0.8,2026-04
2026-04-22T16:55:02,cont,SELL,78731.08,78881.53,78610.72,150.45,36.0,2026-04-22T17:01:26,78883.11,sl,-3.0406,-1.0105,2026-04
2026-04-22T18:49:02,flip,BUY,79080.25,78716.42,79371.31,363.83,0.0,2026-04-22T20:19:15,78666.82,sl,-8.2686,-1.1363,2026-04
2026-04-22T20:46:02,flip,SELL,78528.2,78645.8,78434.12,117.6,0.0,2026-04-22T21:30:43,78647.05,sl,-2.377,-1.0106,2026-04
2026-04-22T21:45:01,flip,BUY,78796.52,78740.91,78841.01,55.61,0.0,2026-04-22T21:49:08,78841.01,tp,0.8898,0.8,2026-04
2026-04-22T22:01:01,cont,BUY,78853.79,78740.58,78944.36,113.21,16.0,2026-04-22T22:03:02,78739.74,sl,-2.281,-1.0074,2026-04
2026-04-22T22:13:02,cont,BUY,78869.81,78719.51,78990.05,150.3,28.0,2026-04-22T22:17:03,78717.17,sl,-3.0528,-1.0156,2026-04
2026-04-22T22:35:01,flip,SELL,78515.48,78623.08,78429.4,107.6,0.0,2026-04-22T22:58:35,78624.59,sl,-2.1822,-1.014,2026-04
2026-04-22T23:22:01,cont,SELL,78403.85,78661.3,78197.89,257.45,47.0,2026-04-22T23:58:04,78197.89,tp,4.1192,0.8,2026-04
2026-04-23T00:10:01,cont,SELL,78168.69,78429.28,77960.22,260.59,95.0,2026-04-23T00:13:44,77960.22,tp,4.1694,0.8,2026-04
2026-04-23T14:28:01,flip,BUY,77969.77,77399.67,78425.85,570.1,0.0,2026-04-23T15:17:24,78425.85,tp,9.1216,0.8,2026-04
2026-04-23T17:18:01,flip,SELL,77693.89,77874.07,77549.75,180.18,0.0,2026-04-23T17:26:21,77875.21,sl,-3.6264,-1.0063,2026-04
2026-04-23T17:37:01,cont,SELL,77532.74,77877.45,77256.97,344.71,19.0,2026-04-23T17:39:47,77256.97,tp,5.5154,0.8,2026-04
2026-04-23T18:11:01,flip,BUY,78147.46,77798.78,78426.4,348.68,0.0,2026-04-23T18:57:00,77797.61,sl,-6.997,-1.0034,2026-04
2026-04-24T01:02:04,flip,SELL,78293.61,78447.93,78170.15,154.32,0.0,2026-04-24T01:09:04,78170.15,tp,2.4691,0.8,2026-04
2026-04-24T11:06:01,flip,BUY,78083.57,77424.57,78610.77,659.0,0.0,2026-04-24T18:17:02,77416.68,sl,-13.3378,-1.012,2026-04
2026-04-25T10:09:01,flip,BUY,77815.72,77732.73,77882.11,82.99,0.0,2026-04-25T10:31:39,77882.11,tp,1.3278,0.8,2026-04
2026-04-25T11:21:02,flip,SELL,77730.79,77780.92,77690.69,50.13,0.0,2026-04-25T11:23:39,77690.69,tp,0.8021,0.8,2026-04
2026-04-25T11:46:01,cont,SELL,77647.08,77711.37,77595.65,64.29,25.0,2026-04-25T11:51:16,77714.01,sl,-1.3386,-1.0411,2026-04
2026-04-25T12:08:02,flip,BUY,77730.02,77665.43,77781.69,64.59,0.0,2026-04-25T12:29:21,77665.05,sl,-1.2994,-1.0059,2026-04
2026-04-25T12:50:02,flip,SELL,77561.08,77637.83,77499.68,76.75,0.0,2026-04-25T13:08:53,77639.29,sl,-1.5642,-1.019,2026-04
2026-04-25T13:45:04,flip,BUY,77699.59,77612.15,77769.54,87.44,0.0,2026-04-25T14:02:57,77769.54,tp,1.399,0.8,2026-04
2026-04-25T15:47:01,flip,SELL,77635.02,77762.28,77533.21,127.26,0.0,2026-04-25T15:49:24,77533.21,tp,2.0362,0.8,2026-04
2026-04-25T16:39:01,cont,SELL,77261.57,77479.2,77087.47,217.63,52.0,2026-04-25T20:56:43,77482.84,sl,-4.4254,-1.0167,2026-04
2026-04-25T22:00:01,flip,BUY,77558.38,77419.6,77669.4,138.78,0.0,2026-04-26T03:34:37,77417.96,sl,-2.8084,-1.0118,2026-04
2026-04-26T08:37:03,flip,BUY,78235.92,77905.72,78500.08,330.2,0.0,2026-04-26T12:46:01,77904.18,sl,-6.6348,-1.0047,2026-04
2026-04-27T05:05:01,flip,SELL,78771.29,79380.92,78283.59,609.63,0.0,2026-04-27T05:15:25,78283.59,tp,9.7541,0.8,2026-04
2026-04-27T05:31:01,cont,SELL,77784.72,78019.5,77596.9,234.78,26.0,2026-04-27T05:38:07,77596.9,tp,3.7565,0.8,2026-04
2026-04-27T06:06:02,cont,SELL,77702.9,77888.65,77554.3,185.75,61.0,2026-04-27T06:23:28,77889.97,sl,-3.7414,-1.0071,2026-04
2026-04-27T06:31:01,cont,SELL,77650.15,77881.41,77465.14,231.26,86.0,2026-04-27T09:33:14,77953.4,sl,-6.065,-1.3113,2026-04
2026-04-27T14:36:01,flip,BUY,78101.55,77568.34,78528.12,533.21,0.0,2026-04-27T15:04:26,77565.91,sl,-10.7128,-1.0046,2026-04
2026-04-27T16:58:01,flip,SELL,76536.67,77088.33,76095.34,551.66,0.0,2026-04-27T23:01:10,77090.68,sl,-11.0802,-1.0043,2026-04
2026-04-27T23:17:01,cont,BUY,77134.29,77004.18,77238.38,130.11,30.0,2026-04-27T23:17:09,77238.38,tp,2.0818,0.8,2026-04
2026-04-27T23:33:02,cont,BUY,77202.49,77117.52,77270.47,84.97,46.0,2026-04-27T23:42:22,77270.47,tp,1.3595,0.8,2026-04
2026-04-27T23:50:08,cont,BUY,77341.54,77295.35,77378.49,46.19,63.0,2026-04-27T23:52:30,77294.48,sl,-0.9412,-1.0188,2026-04
2026-04-27T23:55:01,cont,BUY,77460.28,77289.99,77596.51,170.29,68.0,2026-04-28T00:03:15,77287.9,sl,-3.4476,-1.0123,2026-04
2026-04-28T00:25:01,flip,SELL,77264.96,77436.74,77127.54,171.78,0.0,2026-04-28T00:40:49,77437.23,sl,-3.4454,-1.0029,2026-04
2026-04-28T01:25:01,cont,SELL,77216.25,77477.17,77007.51,260.92,60.0,2026-04-28T02:29:47,77007.51,tp,4.1747,0.8,2026-04
2026-04-28T07:55:03,flip,BUY,76910.99,76758.56,77032.93,152.43,0.0,2026-04-28T08:50:01,76758.35,sl,-3.0528,-1.0014,2026-04
2026-04-28T08:51:02,flip,SELL,76744.58,76803.77,76697.23,59.19,0.0,2026-04-28T08:52:53,76803.81,sl,-1.1846,-1.0007,2026-04
2026-04-28T09:33:02,cont,SELL,76706.46,76863.13,76581.12,156.67,42.0,2026-04-28T09:47:53,76581.12,tp,2.5067,0.8,2026-04
2026-04-28T12:48:01,flip,BUY,76389.27,76151.94,76579.13,237.33,0.0,2026-04-28T13:09:44,76151.65,sl,-4.7524,-1.0012,2026-04
2026-04-28T14:23:01,flip,SELL,75907.75,76414.63,75502.25,506.88,0.0,2026-04-28T20:04:04,76415.71,sl,-10.1592,-1.0021,2026-04
2026-04-28T21:54:04,flip,SELL,76265.38,76383.93,76170.54,118.55,0.0,2026-04-28T21:55:56,76386.89,sl,-2.4302,-1.025,2026-04
2026-04-28T22:51:08,cont,SELL,76246.05,76427.13,76101.19,181.08,57.0,2026-04-29T00:48:24,76427.27,sl,-3.6244,-1.0008,2026-04
2026-04-29T03:17:01,flip,BUY,76674.24,76376.34,76912.56,297.9,0.0,2026-04-29T03:36:25,76912.56,tp,4.7664,0.8,2026-04
2026-04-29T04:33:01,cont,BUY,77169.28,76861.34,77415.63,307.94,76.0,2026-04-29T04:41:11,77415.63,tp,4.927,0.8,2026-04
2026-04-29T11:02:01,flip,SELL,77544.92,77669.48,77445.27,124.56,0.0,2026-04-29T11:04:54,77670.96,sl,-2.5208,-1.0119,2026-04
2026-04-29T11:10:01,cont,SELL,77516.74,77675.14,77390.02,158.4,8.0,2026-04-29T11:37:40,77676.12,sl,-3.1876,-1.0062,2026-04
2026-04-29T12:05:02,cont,SELL,77466.9,77692.22,77286.64,225.32,63.0,2026-04-29T12:20:19,77286.64,tp,3.6051,0.8,2026-04
2026-04-30T01:28:01,flip,BUY,76356.47,76138.92,76530.51,217.55,0.0,2026-04-30T02:20:43,76138.03,sl,-4.3688,-1.0041,2026-04
2026-04-30T04:38:01,flip,SELL,75414.98,75958.73,74979.98,543.75,0.0,2026-04-30T07:34:11,75960.96,sl,-10.9196,-1.0041,2026-04
2026-04-30T07:38:02,flip,BUY,75991.81,75899.15,76065.94,92.66,0.0,2026-04-30T07:45:03,76065.94,tp,1.4826,0.8,2026-04
2026-04-30T08:05:02,cont,BUY,76146.81,76030.72,76239.68,116.09,27.0,2026-04-30T08:16:15,76028.54,sl,-2.3654,-1.0188,2026-04
2026-04-30T09:31:01,cont,BUY,76278.16,75973.65,76521.77,304.51,113.0,2026-04-30T10:20:00,75972.25,sl,-6.1182,-1.0046,2026-04
2026-04-30T11:42:01,flip,SELL,75918.32,76188.7,75702.02,270.38,0.0,2026-04-30T12:16:25,76194.33,sl,-5.5202,-1.0208,2026-04
2026-04-30T13:41:01,flip,BUY,76535.92,76072.03,76907.03,463.89,0.0,2026-04-30T14:17:39,76069.43,sl,-9.3298,-1.0056,2026-04
2026-05-01T20:41:01,flip,SELL,77964.49,78712.83,77365.82,748.34,0.0,2026-05-02T21:37:09,78726.44,sl,-15.239,-1.0182,2026-05
2026-05-03T01:38:01,flip,SELL,78143.11,78292.76,78023.39,149.65,0.0,2026-05-03T01:49:33,78294.55,sl,-3.0288,-1.012,2026-05
2026-05-03T02:19:01,cont,SELL,78126.98,78311.55,77979.32,184.57,41.0,2026-05-03T06:54:25,78316.18,sl,-3.784,-1.0251,2026-05
2026-05-03T07:03:02,flip,BUY,78372.01,78262.98,78459.23,109.03,0.0,2026-05-03T08:07:49,78459.23,tp,1.7445,0.8,2026-05
2026-05-03T10:47:03,flip,SELL,78398.41,78466.45,78343.98,68.04,0.0,2026-05-03T11:10:12,78488.81,sl,-1.808,-1.3286,2026-05
2026-05-03T11:44:01,flip,BUY,78696.48,78542.51,78819.66,153.97,0.0,2026-05-03T11:47:21,78819.66,tp,2.4635,0.8,2026-05
2026-05-03T23:46:02,flip,SELL,78506.2,78690.59,78358.69,184.39,0.0,2026-05-04T00:21:36,78358.69,tp,2.9502,0.8,2026-05
2026-05-04T01:52:02,flip,BUY,79155.37,78768.3,79465.03,387.07,0.0,2026-05-04T01:55:57,79465.03,tp,6.1931,0.8,2026-05
2026-05-04T02:52:01,cont,BUY,80269.66,79511.21,80876.42,758.45,60.0,2026-05-04T06:26:47,79507.56,sl,-15.242,-1.0048,2026-05
2026-05-04T10:50:01,flip,BUY,79078.64,78884.9,79233.63,193.74,0.0,2026-05-04T10:55:47,78879.29,sl,-3.987,-1.029,2026-05
2026-05-04T11:18:03,cont,BUY,79089.42,78820.53,79304.53,268.89,28.0,2026-05-04T11:36:40,78817.48,sl,-5.4388,-1.0113,2026-05
2026-05-04T14:04:01,flip,SELL,78624.88,79078.5,78261.98,453.62,0.0,2026-05-04T14:17:59,79087.91,sl,-9.2606,-1.0207,2026-05
2026-05-04T14:37:01,flip,BUY,79480.1,79233.85,79677.1,246.25,0.0,2026-05-04T14:45:37,79677.1,tp,3.94,0.8,2026-05
2026-05-05T09:14:01,flip,SELL,80680.99,80698.53,80666.96,17.54,0.0,2026-05-05T09:15:02,80666.96,tp,0.2806,0.8,2026-05
2026-05-05T09:39:03,cont,SELL,80580.63,80703.09,80482.66,122.46,25.0,2026-05-05T10:07:06,80704.91,sl,-2.4856,-1.0149,2026-05
2026-05-05T10:21:04,flip,BUY,80740.11,80658.1,80805.72,82.01,0.0,2026-05-05T10:34:26,80805.72,tp,1.3122,0.8,2026-05
2026-05-05T10:35:04,cont,BUY,80838.84,80726.02,80929.1,112.82,14.0,2026-05-05T10:54:47,80723.81,sl,-2.3006,-1.0196,2026-05
2026-05-05T11:00:01,cont,BUY,80845.12,80723.61,80942.33,121.51,39.0,2026-05-05T11:14:23,80942.33,tp,1.9442,0.8,2026-05
2026-05-05T11:35:01,cont,BUY,81013.14,80825.15,81163.53,187.99,74.0,2026-05-05T12:25:17,81163.53,tp,3.0078,0.8,2026-05
2026-05-05T13:40:01,flip,SELL,81344.45,81548.83,81180.95,204.38,0.0,2026-05-05T13:47:24,81557.06,sl,-4.2522,-1.0403,2026-05
2026-05-05T14:15:01,cont,SELL,81093.77,81641.51,80655.58,547.74,35.0,2026-05-05T15:12:35,81643.31,sl,-10.9908,-1.0033,2026-05
2026-05-05T15:47:02,flip,BUY,81695.26,81526.64,81830.16,168.62,0.0,2026-05-05T15:57:48,81526.24,sl,-3.3804,-1.0024,2026-05
2026-05-05T16:10:01,flip,SELL,81484.25,81635.58,81363.19,151.33,0.0,2026-05-05T16:28:09,81363.19,tp,2.4213,0.8,2026-05
2026-05-05T19:34:01,flip,BUY,81642.35,81396.07,81839.37,246.28,0.0,2026-05-05T21:31:26,81390.04,sl,-5.0462,-1.0245,2026-05
2026-05-05T22:32:03,flip,SELL,81288.57,81609.26,81032.02,320.69,0.0,2026-05-05T22:38:57,81032.02,tp,5.131,0.8,2026-05
2026-05-05T23:35:01,cont,SELL,80837.64,81355.99,80422.96,518.35,63.0,2026-05-06T01:47:02,81361.7,sl,-10.4812,-1.011,2026-05
2026-05-06T03:25:01,flip,BUY,81662.73,81044.46,82157.35,618.27,0.0,2026-05-06T05:39:41,81042.47,sl,-12.4052,-1.0032,2026-05
2026-05-06T13:01:01,flip,SELL,82126.0,82466.61,81853.51,340.61,0.0,2026-05-06T13:08:04,81853.51,tp,5.4498,0.8,2026-05
2026-05-06T13:38:01,cont,SELL,81829.68,82163.67,81562.49,333.99,37.0,2026-05-06T14:01:01,81562.49,tp,5.3438,0.8,2026-05
2026-05-07T05:13:01,flip,BUY,81118.13,81010.19,81204.48,107.94,0.0,2026-05-07T05:54:14,81009.52,sl,-2.1722,-1.0062,2026-05
2026-05-07T06:34:03,cont,BUY,81225.48,80885.36,81497.58,340.12,81.0,2026-05-07T07:07:44,81497.58,tp,5.4419,0.8,2026-05
2026-05-07T07:08:02,cont,BUY,81535.61,81384.54,81656.47,151.07,115.0,2026-05-07T07:14:24,81656.47,tp,2.4171,0.8,2026-05
2026-05-07T08:38:01,flip,SELL,81304.39,81454.26,81184.49,149.87,0.0,2026-05-07T09:00:29,81184.49,tp,2.3979,0.8,2026-05
2026-05-07T09:01:02,cont,SELL,81165.65,81312.31,81048.32,146.66,23.0,2026-05-07T09:27:10,81048.32,tp,2.3466,0.8,2026-05
2026-05-07T09:34:05,cont,SELL,80989.23,81083.57,80913.76,94.34,56.0,2026-05-07T09:34:42,81084.41,sl,-1.9036,-1.0089,2026-05
2026-05-07T09:39:01,cont,SELL,80923.24,81102.45,80779.87,179.21,61.0,2026-05-07T10:25:00,80779.87,tp,2.8674,0.8,2026-05
2026-05-07T12:12:01,flip,BUY,81027.64,80783.19,81223.2,244.45,0.0,2026-05-07T13:32:16,80782.14,sl,-4.91,-1.0043,2026-05
2026-05-07T13:33:01,flip,SELL,80853.98,81116.79,80643.73,262.81,0.0,2026-05-07T13:41:05,80643.73,tp,4.205,0.8,2026-05
2026-05-07T14:33:01,cont,SELL,80265.24,80685.38,79929.13,420.14,60.0,2026-05-07T15:18:39,79929.13,tp,6.7222,0.8,2026-05
2026-05-07T15:19:02,cont,SELL,79956.18,80294.73,79685.34,338.55,106.0,2026-05-07T15:26:55,79685.34,tp,5.4168,0.8,2026-05
2026-05-07T18:40:01,flip,BUY,80247.19,80091.28,80371.92,155.91,0.0,2026-05-07T18:44:42,80089.87,sl,-3.1464,-1.009,2026-05
2026-05-07T18:57:01,cont,BUY,80284.18,79997.29,80513.69,286.89,17.0,2026-05-07T19:19:17,79996.58,sl,-5.752,-1.0025,2026-05
2026-05-07T20:03:01,cont,BUY,80275.07,79915.67,80562.59,359.4,83.0,2026-05-07T20:42:30,79909.6,sl,-7.3094,-1.0169,2026-05
2026-05-07T20:59:02,flip,SELL,79845.57,79994.18,79726.68,148.61,0.0,2026-05-07T21:07:06,79726.68,tp,2.3778,0.8,2026-05
2026-05-07T22:06:01,cont,SELL,79599.12,79922.83,79340.15,323.71,67.0,2026-05-07T22:20:21,79936.33,sl,-6.7442,-1.0417,2026-05
2026-05-07T23:07:01,flip,BUY,79977.5,79727.41,80177.57,250.09,0.0,2026-05-08T00:56:47,79726.21,sl,-5.0258,-1.0048,2026-05
2026-05-08T01:15:02,cont,SELL,79691.44,79881.31,79539.54,189.87,47.0,2026-05-08T02:07:38,79539.54,tp,3.0379,0.8,2026-05
2026-05-08T04:22:02,flip,BUY,79722.74,79644.68,79785.19,78.06,0.0,2026-05-08T04:34:27,79640.13,sl,-1.6522,-1.0583,2026-05
2026-05-08T05:46:01,cont,BUY,79752.01,79540.65,79921.1,211.36,84.0,2026-05-08T06:00:22,79537.1,sl,-4.2982,-1.0168,2026-05
2026-05-08T07:03:01,flip,SELL,79436.95,79642.4,79272.59,205.45,0.0,2026-05-08T07:25:10,79272.59,tp,3.2872,0.8,2026-05
2026-05-08T07:49:01,flip,BUY,79646.4,79545.98,79726.74,100.42,0.0,2026-05-08T08:12:24,79726.74,tp,1.6067,0.8,2026-05
2026-05-08T08:38:03,cont,BUY,79808.97,79684.9,79908.23,124.07,49.0,2026-05-08T08:47:12,79908.23,tp,1.9851,0.8,2026-05
2026-05-08T09:21:02,cont,BUY,80001.47,79817.51,80148.64,183.96,92.0,2026-05-08T09:46:02,79817.11,sl,-3.6872,-1.0022,2026-05
2026-05-08T10:37:02,flip,BUY,80020.45,79760.22,80228.63,260.23,0.0,2026-05-08T10:50:41,80228.63,tp,4.1637,0.8,2026-05
2026-05-08T12:30:01,cont,BUY,80332.13,80118.47,80503.06,213.66,113.0,2026-05-08T12:30:05,80503.06,tp,3.4186,0.8,2026-05
2026-05-08T13:07:04,flip,SELL,79923.33,80148.51,79743.19,225.18,0.0,2026-05-08T13:14:30,79743.19,tp,3.6029,0.8,2026-05
2026-05-08T13:42:01,cont,SELL,79548.57,79806.52,79342.21,257.95,35.0,2026-05-08T14:03:39,79806.86,sl,-5.1658,-1.0013,2026-05
2026-05-09T02:10:01,flip,BUY,80468.67,79594.54,81167.97,874.13,0.0,2026-05-10T15:40:48,81167.97,tp,13.9861,0.8,2026-05
2026-05-10T15:47:01,cont,BUY,81337.18,81068.93,81551.78,268.25,10.0,2026-05-10T17:53:13,81551.78,tp,4.292,0.8,2026-05
2026-05-10T20:17:01,flip,SELL,81052.52,81476.68,80713.19,424.16,0.0,2026-05-10T20:45:06,80713.19,tp,6.7866,0.8,2026-05
2026-05-12T18:37:01,flip,BUY,80625.05,80394.68,80809.35,230.37,0.0,2026-05-12T19:13:56,80809.35,tp,3.6859,0.8,2026-05
2026-05-12T19:53:02,cont,BUY,80830.58,80681.62,80949.75,148.96,76.0,2026-05-12T20:37:04,80681.15,sl,-2.9886,-1.0032,2026-05
2026-05-12T20:38:02,flip,SELL,80674.11,80801.15,80572.48,127.04,0.0,2026-05-12T21:33:41,80572.48,tp,2.0326,0.8,2026-05
2026-05-12T21:44:01,cont,SELL,80523.78,80578.25,80480.2,54.47,22.0,2026-05-12T21:49:46,80480.2,tp,0.8715,0.8,2026-05
2026-05-13T00:41:01,flip,BUY,80752.94,80616.53,80862.07,136.41,0.0,2026-05-13T00:50:35,80615.78,sl,-2.7432,-1.0055,2026-05
2026-05-13T01:06:01,cont,BUY,80795.78,80591.85,80958.92,203.93,25.0,2026-05-13T01:11:30,80958.92,tp,3.2629,0.8,2026-05
2026-05-13T02:24:01,cont,BUY,81178.82,80926.59,81380.6,252.23,103.0,2026-05-13T07:20:11,80924.29,sl,-5.0906,-1.0091,2026-05
2026-05-13T11:51:01,flip,SELL,80503.79,80663.39,80376.11,159.6,0.0,2026-05-13T12:22:10,80376.11,tp,2.5536,0.8,2026-05
2026-05-13T12:38:01,cont,SELL,79869.49,80354.45,79481.52,484.96,47.0,2026-05-13T14:01:05,79481.52,tp,7.7594,0.8,2026-05
2026-05-13T16:41:01,flip,BUY,79131.04,79056.91,79190.34,74.13,0.0,2026-05-13T16:48:37,79190.34,tp,1.1861,0.8,2026-05
2026-05-13T17:01:01,cont,BUY,79210.33,79037.11,79348.91,173.22,20.0,2026-05-13T17:27:59,79348.91,tp,2.7715,0.8,2026-05
2026-05-13T17:28:01,cont,BUY,79357.35,79259.99,79435.24,97.36,47.0,2026-05-13T17:49:41,79435.24,tp,1.5578,0.8,2026-05
2026-05-13T17:59:01,cont,BUY,79512.93,79420.45,79586.91,92.48,78.0,2026-05-13T18:12:47,79586.91,tp,1.4797,0.8,2026-05
2026-05-13T18:20:01,cont,BUY,79698.03,79486.0,79867.65,212.03,99.0,2026-05-13T19:03:58,79485.81,sl,-4.2444,-1.0009,2026-05
2026-05-13T21:11:01,flip,SELL,79360.74,79740.16,79057.2,379.42,0.0,2026-05-14T03:20:54,79057.2,tp,6.0707,0.8,2026-05
2026-05-14T03:21:01,cont,SELL,79036.42,79283.18,78839.01,246.76,30.0,2026-05-14T03:28:06,79284.45,sl,-4.9606,-1.0051,2026-05
2026-05-14T03:52:01,cont,SELL,79008.73,79364.1,78724.43,355.37,61.0,2026-05-14T04:39:11,79364.95,sl,-7.1244,-1.0024,2026-05
2026-05-14T05:05:01,flip,BUY,79430.69,79352.1,79493.56,78.59,0.0,2026-05-14T05:15:13,79350.29,sl,-1.608,-1.023,2026-05
2026-05-14T05:21:01,cont,BUY,79473.96,79355.05,79569.09,118.91,16.0,2026-05-14T05:29:16,79569.09,tp,1.9026,0.8,2026-05
2026-05-14T05:30:01,cont,BUY,79574.67,79478.92,79651.27,95.75,25.0,2026-05-14T05:33:11,79651.27,tp,1.532,0.8,2026-05
2026-05-14T11:27:01,flip,SELL,79336.96,79601.71,79125.16,264.75,0.0,2026-05-14T12:35:05,79604.89,sl,-5.3586,-1.012,2026-05
2026-05-14T12:45:03,cont,BUY,79666.38,79512.31,79789.64,154.07,19.0,2026-05-14T13:02:59,79789.64,tp,2.4651,0.8,2026-05
2026-05-14T13:03:01,cont,BUY,79811.39,79677.59,79918.43,133.8,37.0,2026-05-14T13:15:50,79918.43,tp,2.1408,0.8,2026-05
2026-05-14T13:16:01,cont,BUY,79962.71,79754.83,80129.01,207.88,50.0,2026-05-14T13:18:37,79752.3,sl,-4.2082,-1.0122,2026-05
2026-05-14T13:23:01,cont,BUY,80034.74,79738.41,80271.8,296.33,57.0,2026-05-14T13:35:20,79737.88,sl,-5.9372,-1.0018,2026-05
2026-05-14T14:00:01,flip,SELL,79641.7,79998.97,79355.88,357.27,0.0,2026-05-14T14:15:39,80001.08,sl,-7.1876,-1.0059,2026-05
2026-05-14T14:41:01,flip,BUY,80367.5,80060.77,80612.88,306.73,0.0,2026-05-14T14:48:23,80612.88,tp,4.9077,0.8,2026-05
2026-05-14T15:51:01,cont,BUY,81158.77,80801.59,81444.51,357.18,70.0,2026-05-14T16:00:08,81444.51,tp,5.7149,0.8,2026-05
2026-05-14T16:01:02,cont,BUY,81513.22,81274.28,81704.37,238.94,80.0,2026-05-14T16:52:03,81268.12,sl,-4.902,-1.0258,2026-05
2026-05-15T02:08:02,flip,SELL,81008.42,81645.82,80498.5,637.4,0.0,2026-05-15T05:33:05,80498.5,tp,10.1984,0.8,2026-05
2026-05-15T15:11:01,flip,BUY,79282.78,78947.4,79551.08,335.38,0.0,2026-05-15T20:49:00,78947.36,sl,-6.7084,-1.0001,2026-05
2026-05-16T16:04:03,flip,BUY,78286.82,78042.45,78482.32,244.37,0.0,2026-05-17T00:46:26,78039.4,sl,-4.9484,-1.0125,2026-05
2026-05-17T01:42:01,flip,SELL,77783.06,78071.15,77552.59,288.09,0.0,2026-05-17T04:19:26,78073.17,sl,-5.8022,-1.007,2026-05
2026-05-17T04:38:04,flip,BUY,78132.87,78031.31,78214.12,101.56,0.0,2026-05-17T05:07:43,78214.12,tp,1.625,0.8,2026-05
2026-05-17T06:23:09,flip,SELL,78078.01,78187.98,77990.03,109.97,0.0,2026-05-17T09:54:50,78188.37,sl,-2.2072,-1.0035,2026-05
2026-05-17T10:28:01,flip,BUY,78534.09,78369.51,78665.75,164.58,0.0,2026-05-17T11:01:16,78361.51,sl,-3.4516,-1.0486,2026-05
2026-05-17T11:16:01,flip,SELL,78314.22,78433.51,78218.79,119.29,0.0,2026-05-17T11:45:49,78433.7,sl,-2.3896,-1.0016,2026-05
2026-05-17T13:13:04,cont,SELL,78247.97,78524.75,78026.55,276.78,117.0,2026-05-17T14:15:14,78026.55,tp,4.4285,0.8,2026-05
2026-05-18T17:46:01,flip,BUY,76636.75,76140.28,77033.93,496.47,0.0,2026-05-18T18:25:53,76134.89,sl,-10.0372,-1.0109,2026-05
2026-05-18T19:03:01,cont,BUY,76826.97,76078.96,77425.38,748.01,77.0,2026-05-19T14:48:26,76075.51,sl,-15.0292,-1.0046,2026-05
2026-05-19T16:33:05,flip,BUY,76647.66,76336.45,76896.63,311.21,0.0,2026-05-19T17:04:52,76896.63,tp,4.9794,0.8,2026-05
2026-05-19T17:19:02,cont,BUY,76923.26,76823.98,77002.68,99.28,46.0,2026-05-19T17:27:19,76821.43,sl,-2.0366,-1.0257,2026-05
2026-05-19T18:31:01,flip,SELL,76671.36,76920.9,76471.73,249.54,0.0,2026-05-19T19:10:59,76922.97,sl,-5.0322,-1.0083,2026-05
2026-05-20T06:20:01,flip,BUY,77246.92,77071.57,77387.2,175.35,0.0,2026-05-20T07:23:51,77387.2,tp,2.8056,0.8,2026-05
2026-05-20T07:24:02,cont,BUY,77396.15,77239.38,77521.57,156.77,64.0,2026-05-20T07:46:32,77239.01,sl,-3.1428,-1.0024,2026-05
2026-05-20T08:12:01,flip,SELL,77172.7,77250.81,77110.21,78.11,0.0,2026-05-20T08:30:12,77251.91,sl,-1.5842,-1.0141,2026-05
2026-05-20T10:35:02,flip,BUY,77579.91,77285.76,77815.23,294.15,0.0,2026-05-20T11:42:27,77284.88,sl,-5.9006,-1.003,2026-05
2026-05-20T14:13:01,flip,SELL,76847.93,77198.92,76567.14,350.99,0.0,2026-05-20T14:16:03,77198.93,sl,-7.02,-1.0,2026-05
2026-05-20T15:16:01,flip,BUY,77757.43,77238.47,78172.6,518.96,0.0,2026-05-20T16:20:20,77233.42,sl,-10.4802,-1.0097,2026-05
2026-05-21T01:53:01,flip,SELL,77741.92,77902.55,77613.42,160.63,0.0,2026-05-21T02:18:32,77903.21,sl,-3.2258,-1.0041,2026-05
2026-05-21T04:03:01,flip,BUY,78064.21,77827.31,78253.73,236.9,0.0,2026-05-21T05:14:03,77825.6,sl,-4.7722,-1.0072,2026-05
2026-05-21T05:27:05,flip,SELL,77792.86,77867.38,77733.24,74.52,0.0,2026-05-21T05:48:38,77733.24,tp,1.1923,0.8,2026-05
2026-05-21T06:44:01,cont,SELL,77590.43,77791.76,77429.37,201.33,77.0,2026-05-21T07:56:23,77792.55,sl,-4.0424,-1.0039,2026-05
2026-05-21T12:55:03,flip,BUY,77269.35,77150.41,77364.5,118.94,0.0,2026-05-21T13:15:09,77147.41,sl,-2.4388,-1.0252,2026-05
2026-05-21T13:32:02,flip,SELL,77070.94,77232.43,76941.75,161.49,0.0,2026-05-21T13:38:43,76941.75,tp,2.5838,0.8,2026-05
2026-05-21T13:39:01,cont,SELL,76838.27,77145.32,76592.63,307.05,7.0,2026-05-21T14:02:29,77145.9,sl,-6.1526,-1.0019,2026-05
2026-05-21T14:03:01,flip,BUY,77127.69,76964.94,77257.89,162.75,0.0,2026-05-21T14:14:19,76963.34,sl,-3.287,-1.0098,2026-05
2026-05-21T15:22:05,cont,BUY,77190.08,76729.28,77558.72,460.8,79.0,2026-05-21T17:15:54,77558.72,tp,7.3728,0.8,2026-05
2026-05-21T18:49:01,flip,SELL,77467.49,77830.09,77177.41,362.6,0.0,2026-05-22T04:15:20,77841.95,sl,-7.4892,-1.0327,2026-05
2026-05-22T04:16:03,cont,BUY,77818.38,77781.66,77847.76,36.72,60.0,2026-05-22T04:16:43,77779.47,sl,-0.7782,-1.0596,2026-05
2026-05-22T04:25:03,flip,SELL,77730.34,77786.54,77685.38,56.2,0.0,2026-05-22T04:35:23,77685.38,tp,0.8992,0.8,2026-05
2026-05-22T04:36:08,cont,SELL,77670.57,77736.68,77617.68,66.11,11.0,2026-05-22T04:41:08,77617.68,tp,1.0578,0.8,2026-05
2026-05-22T04:55:01,cont,SELL,77568.75,77613.05,77533.31,44.3,30.0,2026-05-22T05:06:36,77613.72,sl,-0.8994,-1.0151,2026-05
2026-05-22T05:24:01,cont,SELL,77532.12,77627.77,77455.6,95.65,59.0,2026-05-22T05:57:48,77455.6,tp,1.5304,0.8,2026-05
2026-05-22T05:58:04,cont,SELL,77426.39,77598.31,77288.85,171.92,93.0,2026-05-22T06:56:43,77288.85,tp,2.7507,0.8,2026-05
2026-05-22T07:28:01,flip,BUY,77440.71,77367.53,77499.25,73.18,0.0,2026-05-22T07:36:30,77367.37,sl,-1.4668,-1.0022,2026-05
2026-05-22T07:46:04,flip,SELL,77344.62,77434.94,77272.36,90.32,0.0,2026-05-22T08:15:52,77436.84,sl,-1.8444,-1.021,2026-05
2026-05-22T08:36:01,cont,SELL,77190.16,77451.99,76980.7,261.83,50.0,2026-05-22T12:12:17,77453.85,sl,-5.2738,-1.0071,2026-05
2026-05-22T17:30:01,flip,BUY,77000.25,76569.43,77344.91,430.82,0.0,2026-05-22T18:37:17,76560.71,sl,-8.7908,-1.0202,2026-05
2026-05-22T18:46:01,flip,SELL,76033.14,76639.25,75548.25,606.11,0.0,2026-05-22T22:44:15,75548.25,tp,9.6978,0.8,2026-05
2026-05-22T23:09:01,flip,BUY,75743.47,75697.13,75780.54,46.34,0.0,2026-05-22T23:10:53,75780.54,tp,0.7414,0.8,2026-05
2026-05-22T23:30:01,flip,SELL,75602.46,75700.31,75524.18,97.85,0.0,2026-05-22T23:42:27,75704.48,sl,-2.0404,-1.0426,2026-05
2026-05-22T23:46:01,cont,SELL,75476.39,75722.12,75279.81,245.73,16.0,2026-05-22T23:48:04,75279.81,tp,3.9317,0.8,2026-05
2026-05-23T00:33:01,cont,SELL,75287.55,75439.28,75166.17,151.73,63.0,2026-05-23T00:38:47,75166.17,tp,2.4277,0.8,2026-05
2026-05-23T03:02:02,flip,BUY,75508.65,75470.53,75539.15,38.12,0.0,2026-05-23T03:21:33,75539.15,tp,0.6099,0.8,2026-05
2026-05-23T03:32:01,cont,BUY,75545.71,75499.59,75582.61,46.12,30.0,2026-05-23T03:43:34,75582.61,tp,0.7379,0.8,2026-05
2026-05-23T04:39:11,flip,SELL,75467.12,75561.68,75391.47,94.56,0.0,2026-05-23T05:54:02,75391.47,tp,1.513,0.8,2026-05
2026-05-23T06:26:04,cont,SELL,75366.26,75413.77,75328.25,47.51,107.0,2026-05-23T06:46:50,75328.25,tp,0.7602,0.8,2026-05
2026-05-23T14:56:01,flip,BUY,75450.2,75326.63,75549.06,123.57,0.0,2026-05-23T14:56:14,75549.06,tp,1.9771,0.8,2026-05
2026-05-23T22:31:01,flip,SELL,76374.44,76807.69,76027.84,433.25,0.0,2026-05-24T00:47:50,76844.24,sl,-9.396,-1.0844,2026-05
2026-05-24T00:48:01,cont,BUY,76820.91,76524.2,77058.28,296.71,102.0,2026-05-24T10:27:01,77058.28,tp,4.7474,0.8,2026-05
2026-05-24T14:12:01,flip,SELL,76535.45,76754.21,76360.44,218.76,0.0,2026-05-24T14:14:10,76360.44,tp,3.5002,0.8,2026-05
2026-05-24T23:40:01,flip,BUY,76995.94,76567.99,77338.3,427.95,0.0,2026-05-25T02:07:07,77338.3,tp,6.8472,0.8,2026-05
2026-05-25T06:09:01,flip,BUY,77422.27,76889.04,77848.85,533.23,0.0,2026-05-25T15:11:53,77848.85,tp,8.5317,0.8,2026-05
2026-05-26T00:36:03,flip,SELL,77014.33,77299.99,76785.8,285.66,0.0,2026-05-26T00:43:46,76785.8,tp,4.5706,0.8,2026-05
2026-05-26T00:51:01,cont,SELL,76730.58,76858.98,76627.86,128.4,15.0,2026-05-26T00:52:05,76627.86,tp,2.0544,0.8,2026-05
2026-05-26T04:30:01,flip,BUY,76654.49,76523.9,76758.96,130.59,0.0,2026-05-26T05:13:39,76758.96,tp,2.0894,0.8,2026-05
2026-05-26T05:19:04,cont,BUY,76782.47,76625.7,76907.89,156.77,49.0,2026-05-26T06:40:01,76907.89,tp,2.5083,0.8,2026-05
2026-05-26T07:10:01,cont,SELL,76653.71,76981.77,76391.26,328.06,41.0,2026-05-26T10:27:13,76988.72,sl,-6.7002,-1.0212,2026-05
2026-05-26T10:49:01,flip,BUY,77497.89,77316.09,77643.33,181.8,0.0,2026-05-26T11:08:40,77314.92,sl,-3.6594,-1.0064,2026-05
2026-05-26T11:36:01,flip,SELL,77093.21,77224.62,76988.08,131.41,0.0,2026-05-26T12:07:07,76988.08,tp,2.1026,0.8,2026-05
2026-05-26T13:22:01,cont,SELL,76764.99,77075.64,76516.47,310.65,106.0,2026-05-26T13:48:30,77076.25,sl,-6.2252,-1.002,2026-05
2026-05-26T14:15:01,flip,BUY,77345.17,77046.11,77584.42,299.06,0.0,2026-05-26T14:18:27,77584.42,tp,4.785,0.8,2026-05
2026-05-26T15:22:01,flip,SELL,76652.88,77054.52,76331.57,401.64,0.0,2026-05-26T15:31:18,76331.57,tp,6.4262,0.8,2026-05
2026-05-26T15:32:01,cont,SELL,76307.04,76684.32,76005.22,377.28,10.0,2026-05-26T17:26:20,76005.22,tp,6.0365,0.8,2026-05
2026-05-27T05:03:02,flip,BUY,75520.89,75440.3,75585.36,80.59,0.0,2026-05-27T05:27:17,75585.36,tp,1.2894,0.8,2026-05
2026-05-27T05:38:01,cont,BUY,75594.86,75493.36,75676.06,101.5,35.0,2026-05-27T05:41:38,75492.69,sl,-2.0434,-1.0066,2026-05
2026-05-27T06:04:03,cont,BUY,75625.73,75492.55,75732.27,133.18,61.0,2026-05-27T06:46:39,75732.27,tp,2.1309,0.8,2026-05
2026-05-27T09:02:01,flip,SELL,75688.9,75759.02,75632.8,70.12,0.0,2026-05-27T09:02:53,75632.8,tp,1.1219,0.8,2026-05
2026-05-27T10:17:01,flip,BUY,75875.36,75743.62,75980.75,131.74,0.0,2026-05-27T10:42:10,75740.84,sl,-2.6904,-1.0211,2026-05
2026-05-27T11:54:08,flip,SELL,75655.95,75791.36,75547.62,135.41,0.0,2026-05-27T12:07:05,75547.62,tp,2.1666,0.8,2026-05
2026-05-27T13:09:03,cont,SELL,75416.75,76059.61,74902.46,642.86,75.0,2026-05-27T13:38:13,74902.46,tp,10.2858,0.8,2026-05
2026-05-27T13:39:01,cont,SELL,74849.7,75135.84,74620.79,286.14,105.0,2026-05-27T14:03:09,75146.43,sl,-5.9346,-1.037,2026-05
2026-05-28T07:35:02,flip,BUY,73256.48,73121.03,73364.84,135.45,0.0,2026-05-28T07:44:11,73364.84,tp,2.1672,0.8,2026-05
2026-05-28T08:21:01,flip,SELL,73227.15,73334.54,73141.24,107.39,0.0,2026-05-28T08:25:58,73141.24,tp,1.7182,0.8,2026-05
2026-05-28T09:56:02,flip,BUY,73454.51,73394.45,73502.56,60.06,0.0,2026-05-28T10:02:14,73393.81,sl,-1.214,-1.0107,2026-05
2026-05-28T10:11:01,cont,BUY,73492.46,73365.13,73594.32,127.33,15.0,2026-05-28T10:18:20,73364.39,sl,-2.5614,-1.0058,2026-05
2026-05-28T11:09:02,flip,SELL,73226.5,73448.77,73048.68,222.27,0.0,2026-05-28T12:48:26,73449.34,sl,-4.4568,-1.0026,2026-05
2026-05-28T12:49:04,cont,BUY,73457.51,73118.43,73728.77,339.08,57.0,2026-05-28T13:15:55,73112.1,sl,-6.9082,-1.0187,2026-05
2026-05-28T13:45:01,flip,SELL,72673.32,72824.84,72552.1,151.52,0.0,2026-05-28T13:49:34,72827.64,sl,-3.0864,-1.0185,2026-05
2026-05-28T14:06:01,cont,SELL,72607.66,72969.16,72318.46,361.5,21.0,2026-05-28T14:14:03,72971.75,sl,-7.2818,-1.0072,2026-05
2026-05-28T17:40:05,flip,BUY,73441.67,72557.23,74149.22,884.44,0.0,2026-05-29T14:25:16,72551.23,sl,-17.8088,-1.0068,2026-05
2026-05-29T15:05:01,flip,BUY,73195.04,72901.23,73430.09,293.81,0.0,2026-05-29T15:07:30,73430.09,tp,4.701,0.8,2026-05
2026-05-29T15:31:01,cont,BUY,73744.71,73353.01,74058.07,391.7,26.0,2026-05-29T15:36:01,74058.07,tp,6.2672,0.8,2026-05
2026-06-01T06:40:01,flip,SELL,73043.22,74174.29,72138.36,1131.07,0.0,2026-06-01T11:58:44,72138.36,tp,18.0971,0.8,2026-06
2026-06-01T17:30:01,flip,BUY,71647.28,71359.59,71877.43,287.69,0.0,2026-06-01T18:13:03,71357.05,sl,-5.8046,-1.0088,2026-06
2026-06-01T21:06:02,flip,SELL,71237.5,71614.63,70935.8,377.13,0.0,2026-06-01T21:43:45,70935.8,tp,6.0341,0.8,2026-06
2026-06-01T22:07:04,cont,SELL,70781.89,71032.0,70581.8,250.11,61.0,2026-06-01T22:18:25,71033.95,sl,-5.0412,-1.0078,2026-06
2026-06-01T22:26:05,flip,BUY,71164.88,71040.34,71264.51,124.54,0.0,2026-06-01T22:32:18,71264.51,tp,1.9926,0.8,2026-06
2026-06-01T22:49:01,cont,BUY,71291.19,70978.58,71541.28,312.61,23.0,2026-06-02T01:31:23,70976.45,sl,-6.2948,-1.0068,2026-06
2026-06-02T02:00:01,flip,SELL,70553.29,70892.19,70282.17,338.9,0.0,2026-06-02T02:06:15,70282.17,tp,5.4224,0.8,2026-06
2026-06-02T04:02:02,flip,BUY,70916.76,70827.87,70987.87,88.89,0.0,2026-06-02T04:03:01,70826.42,sl,-1.8068,-1.0163,2026-06
2026-06-02T04:35:01,cont,BUY,70919.41,70603.93,71171.79,315.48,33.0,2026-06-02T05:03:16,70602.98,sl,-6.3286,-1.003,2026-06
2026-06-02T05:41:03,flip,SELL,70398.15,70729.17,70133.33,331.02,0.0,2026-06-02T06:13:39,70133.33,tp,5.2963,0.8,2026-06
2026-06-02T06:25:01,cont,SELL,70135.65,70340.68,69971.63,205.03,44.0,2026-06-02T06:47:30,69971.63,tp,3.2805,0.8,2026-06
2026-06-02T07:02:01,cont,SELL,69826.25,70245.12,69491.15,418.87,81.0,2026-06-02T09:04:45,69491.15,tp,6.7019,0.8,2026-06
2026-06-03T00:17:01,flip,BUY,66980.77,66552.03,67323.76,428.74,0.0,2026-06-03T01:38:47,66551.65,sl,-8.5824,-1.0009,2026-06
2026-06-03T03:10:01,flip,SELL,66339.43,66920.76,65874.37,581.33,0.0,2026-06-03T03:43:09,65874.37,tp,9.3013,0.8,2026-06
2026-06-03T03:44:01,cont,SELL,65732.32,65999.45,65518.62,267.13,34.0,2026-06-03T03:50:01,65518.62,tp,4.2741,0.8,2026-06
2026-06-03T04:27:01,flip,BUY,66508.32,66223.16,66736.45,285.16,0.0,2026-06-03T04:31:49,66219.09,sl,-5.7846,-1.0143,2026-06
2026-06-03T05:03:01,cont,BUY,66772.6,66181.93,67245.14,590.67,36.0,2026-06-03T05:54:30,67245.14,tp,9.4507,0.8,2026-06
2026-06-03T09:21:01,flip,SELL,66763.71,67248.12,66376.18,484.41,0.0,2026-06-03T10:06:52,67248.92,sl,-9.7042,-1.0017,2026-06
2026-06-03T10:07:01,flip,BUY,67233.72,66976.4,67439.58,257.32,0.0,2026-06-03T11:47:41,66974.71,sl,-5.1802,-1.0066,2026-06
2026-06-03T12:14:01,flip,SELL,66841.72,67026.74,66693.7,185.02,0.0,2026-06-03T12:31:39,67029.26,sl,-3.7508,-1.0136,2026-06
2026-06-03T13:01:01,flip,BUY,67066.11,66729.76,67335.19,336.35,0.0,2026-06-03T13:29:34,66728.73,sl,-6.7476,-1.0031,2026-06
2026-06-03T13:43:01,flip,SELL,66667.25,67097.82,66322.79,430.57,0.0,2026-06-03T15:17:40,66322.79,tp,6.8891,0.8,2026-06
2026-06-03T15:38:05,cont,SELL,66154.5,66571.43,65820.96,416.93,115.0,2026-06-03T16:02:45,65820.96,tp,6.6709,0.8,2026-06
2026-06-03T21:31:01,flip,BUY,65517.19,65244.23,65735.56,272.96,0.0,2026-06-03T21:41:00,65238.28,sl,-5.5782,-1.0218,2026-06
2026-06-03T21:49:02,cont,BUY,65641.4,65198.83,65995.46,442.57,18.0,2026-06-03T22:15:03,65196.99,sl,-8.8882,-1.0042,2026-06
2026-06-03T22:38:01,flip,SELL,64874.69,65176.73,64633.06,302.04,0.0,2026-06-03T23:02:31,64633.06,tp,4.8326,0.8,2026-06
2026-06-03T23:03:01,cont,SELL,64563.66,64879.95,64310.63,316.29,25.0,2026-06-03T23:18:29,64310.63,tp,5.0606,0.8,2026-06
2026-06-03T23:25:01,cont,SELL,64297.45,64633.44,64028.66,335.99,47.0,2026-06-03T23:54:52,64028.66,tp,5.3758,0.8,2026-06
2026-06-04T00:25:01,cont,SELL,63910.91,64331.21,63574.67,420.3,107.0,2026-06-04T00:26:58,63574.67,tp,6.7248,0.8,2026-06
2026-06-04T02:43:01,flip,BUY,63396.21,63036.55,63683.94,359.66,0.0,2026-06-04T03:04:19,63683.94,tp,5.7546,0.8,2026-06
2026-06-04T03:05:01,cont,BUY,63690.05,63130.47,64137.71,559.58,22.0,2026-06-04T03:31:28,64137.71,tp,8.9533,0.8,2026-06
2026-06-04T03:32:01,cont,BUY,64171.61,63817.8,64454.66,353.81,49.0,2026-06-04T04:05:11,64454.66,tp,5.661,0.8,2026-06
2026-06-04T04:06:01,cont,BUY,64490.13,64177.21,64740.47,312.92,83.0,2026-06-04T05:01:01,64177.16,sl,-6.2594,-1.0002,2026-06
2026-06-04T05:02:01,flip,SELL,64153.39,64403.86,63953.01,250.47,0.0,2026-06-04T05:04:57,63953.01,tp,4.0075,0.8,2026-06
2026-06-04T05:12:01,cont,SELL,63712.1,63910.02,63553.76,197.92,10.0,2026-06-04T05:14:52,63912.03,sl,-3.9986,-1.0102,2026-06
2026-06-04T05:22:01,cont,SELL,63645.19,63967.25,63387.54,322.06,20.0,2026-06-04T05:32:36,63968.39,sl,-6.464,-1.0035,2026-06
2026-06-04T06:19:02,flip,BUY,64383.34,63844.0,64814.81,539.34,0.0,2026-06-04T07:04:25,63843.48,sl,-10.7972,-1.001,2026-06
2026-06-04T07:13:01,flip,SELL,63698.34,63851.17,63576.08,152.83,0.0,2026-06-04T07:17:55,63576.08,tp,2.4453,0.8,2026-06
2026-06-04T07:18:01,cont,SELL,63469.84,63774.93,63225.77,305.09,5.0,2026-06-04T07:31:09,63775.72,sl,-6.1176,-1.0026,2026-06
2026-06-04T08:10:01,cont,SELL,63432.2,63942.35,63024.08,510.15,57.0,2026-06-04T09:21:17,63024.08,tp,8.1624,0.8,2026-06
2026-06-04T12:17:01,flip,BUY,62708.2,62134.8,63166.92,573.4,0.0,2026-06-04T12:23:43,63166.92,tp,9.1744,0.8,2026-06
2026-06-04T12:33:01,cont,BUY,63505.63,62993.87,63915.04,511.76,16.0,2026-06-04T13:38:09,63915.04,tp,8.1882,0.8,2026-06
2026-06-04T13:39:01,cont,BUY,64082.85,63033.25,64922.53,1049.6,82.0,2026-06-04T17:24:58,63026.46,sl,-21.1278,-1.0065,2026-06
2026-06-04T18:30:01,flip,BUY,63824.37,63057.52,64437.85,766.85,0.0,2026-06-04T21:41:25,63054.33,sl,-15.4008,-1.0042,2026-06
2026-06-05T02:20:01,flip,SELL,62957.52,63509.97,62515.56,552.45,0.0,2026-06-05T03:01:02,62515.56,tp,8.8392,0.8,2026-06
2026-06-05T04:55:01,flip,BUY,63233.33,62784.02,63592.78,449.31,0.0,2026-06-05T05:00:05,63592.78,tp,7.189,0.8,2026-06
2026-06-05T05:58:01,flip,SELL,62399.18,62852.84,62036.25,453.66,0.0,2026-06-05T06:03:13,62036.25,tp,7.2586,0.8,2026-06
2026-06-05T06:04:01,cont,SELL,62011.67,62399.68,61701.26,388.01,6.0,2026-06-05T06:06:14,62401.58,sl,-7.7982,-1.0049,2026-06
2026-06-05T06:17:01,cont,SELL,61870.49,62567.68,61312.74,697.19,19.0,2026-06-05T06:22:33,61312.74,tp,11.155,0.8,2026-06
2026-06-05T08:00:01,flip,BUY,63071.78,62719.91,63353.28,351.87,0.0,2026-06-05T08:08:49,62719.49,sl,-7.0458,-1.0012,2026-06
2026-06-05T08:39:01,flip,SELL,62490.73,62853.04,62200.88,362.31,0.0,2026-06-05T09:13:21,62854.67,sl,-7.2788,-1.0045,2026-06
2026-06-05T09:14:01,flip,BUY,62932.97,62584.22,63211.97,348.75,0.0,2026-06-05T10:16:55,62581.57,sl,-7.028,-1.0076,2026-06
2026-06-05T10:24:02,flip,SELL,62505.4,62583.93,62442.58,78.53,0.0,2026-06-05T10:29:37,62583.96,sl,-1.5712,-1.0004,2026-06
2026-06-05T10:37:01,cont,SELL,62391.05,62605.79,62219.26,214.74,13.0,2026-06-05T10:44:45,62606.71,sl,-4.3132,-1.0043,2026-06
2026-06-05T11:04:01,cont,SELL,62309.38,62661.58,62027.62,352.2,40.0,2026-06-05T11:45:26,62027.62,tp,5.6352,0.8,2026-06
2026-06-05T12:00:01,cont,SELL,61892.56,62209.74,61638.82,317.18,96.0,2026-06-05T12:03:46,61638.82,tp,5.0749,0.8,2026-06
2026-06-05T12:24:01,flip,BUY,62304.21,62102.73,62465.39,201.48,0.0,2026-06-05T12:29:44,62099.36,sl,-4.097,-1.0167,2026-06
2026-06-05T13:48:01,flip,SELL,61620.26,62262.7,61106.31,642.44,0.0,2026-06-05T13:51:33,61106.31,tp,10.279,0.8,2026-06
2026-06-05T14:04:01,cont,SELL,60675.56,60909.97,60488.03,234.41,16.0,2026-06-05T14:06:30,60488.03,tp,3.7506,0.8,2026-06
2026-06-05T14:26:01,cont,SELL,60437.42,61197.92,59829.02,760.5,38.0,2026-06-05T16:11:21,59829.02,tp,12.168,0.8,2026-06
2026-06-07T05:19:01,flip,BUY,62062.68,59468.39,64138.11,2594.29,0.0,2026-06-07T22:15:19,64138.11,tp,41.5086,0.8,2026-06
2026-06-08T20:13:01,flip,SELL,63250.42,63670.1,62914.68,419.68,0.0,2026-06-08T21:07:27,63684.32,sl,-8.678,-1.0339,2026-06
2026-06-08T21:43:01,flip,BUY,63804.6,63603.04,63965.85,201.56,0.0,2026-06-08T22:00:30,63600.98,sl,-4.0724,-1.0102,2026-06
2026-06-08T22:19:01,flip,SELL,63199.38,63323.41,63100.16,124.03,0.0,2026-06-08T22:21:23,63324.12,sl,-2.4948,-1.0057,2026-06
2026-06-08T22:59:03,flip,BUY,63440.02,63222.72,63613.86,217.3,0.0,2026-06-08T23:18:56,63222.4,sl,-4.3524,-1.0015,2026-06
2026-06-09T00:15:01,flip,SELL,62985.47,63168.73,62838.86,183.26,0.0,2026-06-09T00:16:59,63169.06,sl,-3.6718,-1.0018,2026-06
2026-06-09T00:22:01,cont,SELL,62894.75,63167.28,62676.73,272.53,7.0,2026-06-09T00:30:16,62676.73,tp,4.3605,0.8,2026-06
2026-06-09T00:48:01,cont,SELL,62479.99,62747.42,62266.05,267.43,33.0,2026-06-09T01:22:14,62749.82,sl,-5.3966,-1.009,2026-06
2026-06-09T03:01:01,flip,BUY,62894.52,62505.92,63205.4,388.6,0.0,2026-06-09T04:35:06,63205.4,tp,6.2176,0.8,2026-06
2026-06-09T04:47:01,cont,BUY,63326.07,63167.0,63453.33,159.07,37.0,2026-06-09T05:02:11,63163.32,sl,-3.255,-1.0231,2026-06
2026-06-09T05:07:01,flip,SELL,63142.6,63275.34,63036.41,132.74,0.0,2026-06-09T05:15:15,63277.11,sl,-2.6902,-1.0133,2026-06
2026-06-09T05:32:03,flip,BUY,63368.46,63269.67,63447.49,98.79,0.0,2026-06-09T05:34:08,63447.49,tp,1.5806,0.8,2026-06
2026-06-09T06:51:03,flip,SELL,63243.37,63476.68,63056.72,233.31,0.0,2026-06-09T07:28:55,63056.72,tp,3.733,0.8,2026-06
2026-06-09T08:06:02,cont,SELL,62957.55,63183.54,62776.76,225.99,75.0,2026-06-09T08:07:49,62776.76,tp,3.6158,0.8,2026-06
2026-06-09T13:53:02,flip,BUY,62472.42,62305.47,62605.98,166.95,0.0,2026-06-09T13:54:27,62303.56,sl,-3.3772,-1.0114,2026-06
2026-06-09T14:30:01,flip,SELL,61553.44,61819.83,61340.33,266.39,0.0,2026-06-09T14:39:30,61340.33,tp,4.2622,0.8,2026-06
2026-06-09T15:57:01,cont,SELL,61013.34,61657.7,60497.85,644.36,87.0,2026-06-09T17:17:32,61661.0,sl,-12.9532,-1.0051,2026-06
2026-06-09T17:18:01,cont,BUY,61725.05,61343.78,62030.07,381.27,16.0,2026-06-09T19:53:30,62030.07,tp,6.1003,0.8,2026-06
2026-06-09T21:32:01,flip,SELL,61757.89,61828.4,61701.48,70.51,0.0,2026-06-09T21:35:27,61830.92,sl,-1.4606,-1.0357,2026-06
2026-06-09T21:47:03,cont,SELL,61721.02,61865.97,61605.06,144.95,15.0,2026-06-09T22:20:04,61868.83,sl,-2.9562,-1.0197,2026-06
2026-06-09T22:21:01,flip,BUY,61906.68,61758.42,62025.29,148.26,0.0,2026-06-09T22:26:27,61756.78,sl,-2.998,-1.0111,2026-06
2026-06-09T22:35:01,cont,BUY,61940.24,61732.87,62106.14,207.37,14.0,2026-06-09T22:50:24,61731.06,sl,-4.1836,-1.0087,2026-06
2026-06-09T22:59:01,flip,SELL,61648.25,61748.47,61568.07,100.22,0.0,2026-06-09T23:03:33,61748.84,sl,-2.0118,-1.0037,2026-06
2026-06-09T23:17:01,flip,BUY,61799.95,61601.18,61958.97,198.77,0.0,2026-06-09T23:35:02,61600.34,sl,-3.9922,-1.0042,2026-06
2026-06-10T00:37:02,flip,SELL,61487.02,61844.48,61201.05,357.46,0.0,2026-06-10T00:58:14,61845.08,sl,-7.1612,-1.0017,2026-06
2026-06-10T02:17:01,cont,SELL,61376.0,61945.47,60920.42,569.47,100.0,2026-06-10T09:20:48,60920.42,tp,9.1115,0.8,2026-06
2026-06-10T10:32:01,flip,BUY,61390.76,61095.56,61626.92,295.2,0.0,2026-06-10T11:04:19,61092.22,sl,-5.9708,-1.0113,2026-06
2026-06-10T12:31:01,cont,BUY,61529.83,60806.54,62108.46,723.29,119.0,2026-06-10T13:37:27,62108.46,tp,11.5726,0.8,2026-06
2026-06-10T14:15:01,flip,SELL,61959.64,62212.3,61757.51,252.66,0.0,2026-06-10T15:00:56,62212.77,sl,-5.0626,-1.0019,2026-06
2026-06-10T15:47:01,flip,BUY,62486.84,61787.49,63046.32,699.35,0.0,2026-06-10T17:30:54,61787.12,sl,-13.9944,-1.0005,2026-06
2026-06-10T18:51:01,cont,SELL,61617.59,62110.05,61223.62,492.46,81.0,2026-06-10T21:50:30,61223.62,tp,7.8794,0.8,2026-06
2026-06-10T22:41:01,flip,BUY,61362.26,61229.77,61468.25,132.49,0.0,2026-06-10T22:43:03,61468.25,tp,2.1198,0.8,2026-06
2026-06-10T23:43:01,cont,BUY,61536.9,61131.7,61861.06,405.2,62.0,2026-06-11T00:17:24,61861.06,tp,6.4832,0.8,2026-06
2026-06-11T02:29:03,flip,SELL,61995.08,62084.1,61923.86,89.02,0.0,2026-06-11T02:31:30,61923.86,tp,1.4243,0.8,2026-06
2026-06-11T03:33:01,flip,BUY,62194.85,61939.62,62399.03,255.23,0.0,2026-06-11T03:34:08,62399.03,tp,4.0837,0.8,2026-06
2026-06-11T12:01:02,flip,SELL,62994.2,63181.42,62844.42,187.22,0.0,2026-06-11T12:21:13,62844.42,tp,2.9955,0.8,2026-06
2026-06-11T17:50:01,flip,BUY,63520.78,63063.67,63886.47,457.11,0.0,2026-06-12T06:21:02,63063.25,sl,-9.1506,-1.0009,2026-06
2026-06-12T14:55:01,flip,BUY,63910.27,62989.47,64646.91,920.8,0.0,2026-06-13T21:41:24,64646.91,tp,14.7328,0.8,2026-06
2026-06-14T14:30:02,flip,SELL,64113.57,64629.22,63701.05,515.65,0.0,2026-06-14T17:56:11,63701.05,tp,8.2504,0.8,2026-06
2026-06-14T19:01:04,flip,BUY,63786.62,63731.53,63830.69,55.09,0.0,2026-06-14T19:06:35,63728.95,sl,-1.1534,-1.0468,2026-06
2026-06-14T19:17:03,cont,BUY,63813.57,63712.65,63894.31,100.92,16.0,2026-06-14T19:43:00,63712.29,sl,-2.0256,-1.0036,2026-06
2026-06-14T20:02:02,cont,BUY,63823.32,63701.61,63920.69,121.71,61.0,2026-06-14T20:27:26,63920.69,tp,1.9474,0.8,2026-06
2026-06-15T01:04:01,flip,SELL,65418.22,65607.93,65266.45,189.71,0.0,2026-06-15T01:39:36,65614.03,sl,-3.9162,-1.0322,2026-06
2026-06-15T02:17:02,flip,BUY,65722.52,65431.84,65955.06,290.68,0.0,2026-06-15T02:53:14,65431.64,sl,-5.8176,-1.0007,2026-06
2026-06-15T03:41:01,cont,BUY,65778.63,65394.72,66085.76,383.91,84.0,2026-06-15T11:19:48,66085.76,tp,6.1426,0.8,2026-06
2026-06-15T14:11:02,flip,SELL,66262.13,66399.69,66152.08,137.56,0.0,2026-06-15T14:12:38,66401.42,sl,-2.7858,-1.0126,2026-06
2026-06-15T14:46:04,flip,BUY,66558.24,66358.15,66718.31,200.09,0.0,2026-06-15T15:37:02,66718.31,tp,3.2014,0.8,2026-06
2026-06-15T21:31:01,flip,SELL,66343.85,66719.69,66043.18,375.84,0.0,2026-06-16T02:12:35,66043.18,tp,6.0134,0.8,2026-06
2026-06-16T04:02:08,flip,BUY,66141.08,66049.68,66214.2,91.4,0.0,2026-06-16T04:04:22,66214.2,tp,1.4624,0.8,2026-06
2026-06-16T11:24:01,flip,SELL,66408.93,66745.01,66140.07,336.08,0.0,2026-06-16T12:33:47,66745.28,sl,-6.727,-1.0008,2026-06
2026-06-16T13:06:01,cont,SELL,66304.12,66767.19,65933.66,463.07,102.0,2026-06-16T13:34:19,65933.66,tp,7.4091,0.8,2026-06
2026-06-17T13:37:01,flip,BUY,65062.51,64835.76,65243.91,226.75,0.0,2026-06-17T13:41:51,65243.91,tp,3.628,0.8,2026-06
2026-06-17T14:16:01,cont,BUY,65381.38,65077.05,65624.84,304.33,39.0,2026-06-17T14:38:04,65076.59,sl,-6.0958,-1.0015,2026-06
2026-06-17T14:48:01,flip,SELL,64813.97,65156.8,64539.71,342.83,0.0,2026-06-17T14:50:38,65157.31,sl,-6.8668,-1.0015,2026-06
2026-06-17T15:16:01,flip,BUY,65252.73,64925.59,65514.44,327.14,0.0,2026-06-17T15:48:23,65514.44,tp,5.2342,0.8,2026-06
2026-06-17T16:17:01,cont,BUY,65896.22,65627.04,66111.56,269.18,61.0,2026-06-17T16:27:16,66111.56,tp,4.3069,0.8,2026-06
2026-06-17T16:28:01,cont,BUY,66197.38,65840.19,66483.13,357.19,72.0,2026-06-17T16:52:15,65838.51,sl,-7.1774,-1.0047,2026-06
2026-06-17T17:16:01,flip,SELL,65788.22,65924.27,65679.38,136.05,0.0,2026-06-17T17:24:56,65925.48,sl,-2.7452,-1.0089,2026-06
2026-06-17T17:53:04,flip,BUY,65970.0,65764.68,66134.26,205.32,0.0,2026-06-17T17:55:08,66134.26,tp,3.2851,0.8,2026-06
2026-06-17T19:20:01,flip,SELL,64689.7,66022.34,63623.59,1332.64,0.0,2026-06-18T14:52:57,63623.59,tp,21.3222,0.8,2026-06
2026-06-18T14:53:01,cont,SELL,63554.01,64139.48,63085.63,585.47,40.0,2026-06-18T15:36:30,63085.63,tp,9.3675,0.8,2026-06
2026-06-18T15:37:01,cont,SELL,63006.28,63380.79,62706.67,374.51,84.0,2026-06-18T15:40:35,62706.67,tp,5.9922,0.8,2026-06
2026-06-20T05:11:01,flip,BUY,63760.56,63258.61,64162.12,501.95,0.0,2026-06-20T13:24:10,63256.74,sl,-10.0764,-1.0037,2026-06
2026-06-21T05:52:01,flip,SELL,64157.63,64290.25,64051.53,132.62,0.0,2026-06-21T08:08:04,64051.53,tp,2.1219,0.8,2026-06
2026-06-21T08:33:02,cont,SELL,63932.51,63998.74,63879.53,66.23,72.0,2026-06-21T08:34:51,63879.53,tp,1.0597,0.8,2026-06
2026-06-21T09:34:03,flip,BUY,64015.46,63965.69,64055.28,49.77,0.0,2026-06-21T09:35:58,64055.28,tp,0.7963,0.8,2026-06
2026-06-21T10:02:01,cont,BUY,64167.86,64026.5,64280.95,141.36,28.0,2026-06-21T10:23:35,64280.95,tp,2.2618,0.8,2026-06
2026-06-21T10:39:02,cont,BUY,64298.63,64217.29,64363.7,81.34,65.0,2026-06-21T11:01:48,64363.7,tp,1.3014,0.8,2026-06
2026-06-21T11:02:01,cont,BUY,64376.02,64245.3,64480.6,130.72,88.0,2026-06-21T11:16:23,64243.67,sl,-2.647,-1.0125,2026-06
2026-06-21T12:16:02,flip,SELL,63997.88,64331.05,63731.34,333.17,0.0,2026-06-21T20:47:58,63731.34,tp,5.3307,0.8,2026-06
2026-06-22T00:18:01,flip,BUY,63521.85,63379.19,63635.98,142.66,0.0,2026-06-22T00:18:45,63635.98,tp,2.2826,0.8,2026-06
2026-06-22T00:32:01,cont,BUY,63735.8,63466.57,63951.18,269.23,14.0,2026-06-22T00:37:49,63951.18,tp,4.3077,0.8,2026-06
2026-06-22T01:19:01,cont,BUY,64077.55,63660.14,64411.48,417.41,61.0,2026-06-22T01:25:42,64411.48,tp,6.6786,0.8,2026-06
2026-06-22T15:50:01,flip,SELL,64833.55,65057.88,64654.09,224.33,0.0,2026-06-22T16:01:20,64654.09,tp,3.5893,0.8,2026-06
2026-06-22T16:36:01,cont,SELL,64520.71,64720.39,64360.97,199.68,46.0,2026-06-22T16:56:39,64721.76,sl,-4.021,-1.0069,2026-06
2026-06-22T17:31:02,cont,SELL,64358.34,64714.76,64073.2,356.42,101.0,2026-06-22T22:27:03,64073.2,tp,5.7027,0.8,2026-06
2026-06-22T23:03:01,flip,BUY,63925.35,63840.24,63993.44,85.11,0.0,2026-06-22T23:15:44,63840.14,sl,-1.7042,-1.0012,2026-06
2026-06-22T23:27:02,cont,BUY,63959.63,63826.97,64065.76,132.66,24.0,2026-06-23T00:12:07,63822.5,sl,-2.7426,-1.0337,2026-06
2026-06-23T00:44:01,cont,BUY,63992.51,63756.75,64181.12,235.76,101.0,2026-06-23T01:01:32,64181.12,tp,3.7722,0.8,2026-06
2026-06-23T04:51:02,flip,SELL,63655.31,63785.29,63551.33,129.98,0.0,2026-06-23T04:59:48,63551.33,tp,2.0797,0.8,2026-06
2026-06-23T05:00:01,cont,SELL,63556.05,63640.63,63488.39,84.58,9.0,2026-06-23T05:05:36,63641.03,sl,-1.6996,-1.0047,2026-06
2026-06-23T05:20:03,cont,SELL,63497.43,63655.41,63371.05,157.98,29.0,2026-06-23T05:23:38,63371.05,tp,2.5277,0.8,2026-06
2026-06-23T05:48:01,cont,SELL,63284.72,63451.11,63151.61,166.39,57.0,2026-06-23T06:08:25,63151.61,tp,2.6622,0.8,2026-06
2026-06-24T20:00:01,flip,BUY,59866.32,59324.55,60299.74,541.77,0.0,2026-06-24T20:05:43,60299.74,tp,8.6683,0.8,2026-06
2026-06-24T20:22:01,cont,BUY,60718.0,60495.05,60896.36,222.95,22.0,2026-06-24T20:47:28,60896.36,tp,3.5672,0.8,2026-06
2026-06-25T10:30:07,flip,SELL,61497.48,61682.6,61349.38,185.12,0.0,2026-06-25T10:44:35,61349.38,tp,2.9619,0.8,2026-06
2026-06-25T10:56:01,cont,SELL,61217.8,61295.84,61155.37,78.04,26.0,2026-06-25T11:02:57,61155.37,tp,1.2486,0.8,2026-06
2026-06-25T11:03:03,cont,SELL,61155.01,61248.32,61080.36,93.31,33.0,2026-06-25T11:03:53,61080.36,tp,1.493,0.8,2026-06
2026-06-25T12:31:01,flip,BUY,61343.59,60973.71,61639.49,369.88,0.0,2026-06-25T13:31:15,60973.5,sl,-7.4018,-1.0006,2026-06
