2026-08-20T15:53:32.105332+00:00 OWL starting (TP setter + trade scribe)
2026-08-20T16:06:51.577113+00:00 ENTRY logged: BUY 0.02 @ 72434.90000000001 ticket 1042293354
2026-08-20T16:06:52.236090+00:00 TP set: ticket 1042293354 -> 72584.9 (+$3.0)
2026-08-20T16:19:13.065130+00:00 ENTRY logged: BUY 0.02 @ 72306.34 ticket 1042299467
2026-08-20T16:19:13.563538+00:00 TP set: ticket 1042299467 -> 72456.34 (+$3.0)
2026-08-20T16:38:07.847517+00:00 OWL starting (TP+recovery manager, trade scribe)
2026-08-20T16:38:07.870358+00:00 ENTRY logged: BUY 0.02 @ 72434.90000000001 ticket 1042293354
2026-08-20T16:38:07.870870+00:00 ticket 1042293354 has user TP 72584.9 at first sight - hands off
2026-08-20T16:38:07.874392+00:00 ENTRY logged: BUY 0.02 @ 72306.34 ticket 1042299467
2026-08-20T16:38:07.874392+00:00 ticket 1042299467 has user TP 72456.34 at first sight - hands off
2026-08-20T16:38:07.876193+00:00 RECOVERY breakeven: 1042293354@72434.90000000001 -> TP 72439.9
2026-08-20T16:39:20.937021+00:00 OWL starting (TP+recovery manager, trade scribe)
2026-08-20T16:39:21.586141+00:00 TP set (be): ticket 1042293354 -> 72439.9
2026-08-20T16:40:05.709551+00:00 EXIT logged: ticket 1042293354 tp profit 0.1 dur 33.2min
2026-08-20T16:40:31.772686+00:00 EXIT logged: ticket 1042299467 tp profit 3.0 dur 21.3min
2026-08-20T16:51:53.680982+00:00 OWL starting (TP+recovery manager, trade scribe)
2026-08-20T17:13:57.605087+00:00 ENTRY logged: BUY 0.02 @ 72651.75 ticket 1042321087
2026-08-20T17:13:58.215466+00:00 TP set (tp3): ticket 1042321087 -> 72801.75
2026-08-20T17:29:13.911831+00:00 EXIT logged: ticket 1042321087 tp profit 3.0 dur 15.3min
2026-08-20T18:18:19.545540+00:00 ENTRY logged: BUY 0.02 @ 72604.92 ticket 1042345521
2026-08-20T18:18:20.049184+00:00 TP set (tp3): ticket 1042345521 -> 72754.92
2026-08-20T19:09:58.662732+00:00 ENTRY logged: BUY 0.02 @ 72452.33 ticket 1042362563
2026-08-20T19:09:58.662732+00:00 RECOVERY breakeven: 1042345521@72604.92 -> TP 72609.92
2026-08-20T19:09:59.262995+00:00 TP set (be): ticket 1042345521 -> 72609.92
2026-08-20T19:09:59.908083+00:00 TP set (tp3): ticket 1042362563 -> 72602.33
2026-08-20T19:24:51.159445+00:00 TP set (tp3): ticket 1042345521 -> 72754.92
2026-08-20T19:24:51.161487+00:00 EXIT logged: ticket 1042362563 tp profit 3.0 dur 14.8min
2026-08-20T19:24:59.174724+00:00 HOUR-GROUP 496458 cleanup: realized 0.00 + floating 0.17 = 0.17 >= 0.1 -> closing 1 position(s)
2026-08-20T19:24:59.856673+00:00   closed ticket 1042345521 @ market (+0.17)
2026-08-20T19:25:01.874436+00:00 EXIT logged: ticket 1042345521 hour_clean profit 0.17 dur 66.7min
2026-08-20T20:10:08.291722+00:00 ENTRY logged: BUY 0.02 @ 72729.76 ticket 1042380840
2026-08-20T20:10:08.955028+00:00 TP set (tp3): ticket 1042380840 -> 72879.76
2026-08-20T20:26:11.089870+00:00 EXIT logged: ticket 1042380840 tp profit 3.0 dur 16.1min
2026-08-20T21:26:14.794106+00:00 ENTRY logged: BUY 0.02 @ 72750.82 ticket 1042392026
2026-08-20T21:26:15.366464+00:00 TP set (tp3): ticket 1042392026 -> 72900.82
2026-08-20T21:42:36.180375+00:00 OWL starting (TP+recovery manager, trade scribe)
2026-08-20T22:11:00.530746+00:00 ENTRY logged: BUY 0.02 @ 72634.87 ticket 1042395106
2026-08-20T22:11:00.534348+00:00 RECOVERY breakeven: 1042392026@72750.82 -> TP 72755.82
2026-08-20T22:11:01.168297+00:00 TP set (be): ticket 1042392026 -> 72755.82
2026-08-20T22:11:01.691349+00:00 TP set (tp3): ticket 1042395106 -> 72784.87
2026-08-20T22:23:32.777139+00:00 EXIT logged: ticket 1042392026 tp profit 0.1 dur 57.3min
2026-08-20T22:24:05.975091+00:00 OWL starting (TP+recovery manager, trade scribe)
2026-08-20T22:24:42.074259+00:00 EXIT logged: ticket 1042395106 tp profit 3.0 dur 13.7min
2026-08-20T23:18:51.775041+00:00 ENTRY logged: BUY 0.02 @ 72951.46 ticket 1042406581
2026-08-20T23:18:52.410256+00:00 TP set (tp3): ticket 1042406581 -> 73101.46
2026-08-20T23:25:08.893408+00:00 EXIT logged: ticket 1042406581 tp profit 3.0 dur 6.3min
2026-08-21T00:07:14.421821+00:00 ENTRY logged: BUY 0.02 @ 73340.82 ticket 1042418941
2026-08-21T00:07:15.053003+00:00 TP set (tp3): ticket 1042418941 -> 73490.82
2026-08-21T00:18:18.096020+00:00 EXIT logged: ticket 1042418941 tp profit 3.0 dur 11.1min
2026-08-21T09:32:41.744404+00:00 ENTRY logged: BUY 0.02 @ 77932.12 ticket 1042642250
2026-08-21T09:32:42.263498+00:00 TP set (tp3): ticket 1042642250 -> 78082.12
2026-08-21T09:43:10.515030+00:00 EXIT logged: ticket 1042642250 tp profit 3.0 dur 10.5min
2026-08-21T10:44:32.778660+00:00 ENTRY logged: BUY 0.02 @ 77836.71 ticket 1042679407
2026-08-21T10:44:33.402387+00:00 TP set (tp3): ticket 1042679407 -> 77986.71
2026-08-21T11:58:11.113034+00:00 ENTRY logged: BUY 0.02 @ 76877.72 ticket 1042722405
2026-08-21T11:58:11.113034+00:00 RECOVERY breakeven: 1042679407@77836.71 -> TP 77841.71
2026-08-21T11:58:11.742513+00:00 TP set (be): ticket 1042679407 -> 77841.71
2026-08-21T11:58:12.355319+00:00 TP set (tp3): ticket 1042722405 -> 77027.72
2026-08-21T12:06:39.285187+00:00 HOUR-GROUP 496475 cleanup: realized 0.00 + floating 0.12 = 0.12 >= 0.1 -> closing 1 position(s)
2026-08-21T12:06:39.945078+00:00   closed ticket 1042722405 @ market (+0.12)
2026-08-21T12:06:42.569092+00:00 TP set (tp3): ticket 1042679407 -> 77986.71
2026-08-21T12:06:42.573776+00:00 EXIT logged: ticket 1042722405 hour_clean profit -0.44 dur 8.5min
2026-08-21T12:11:12.376953+00:00 OWL starting (TP+recovery manager, trade scribe)
2026-08-21T12:14:05.216002+00:00 ENTRY logged: BUY 0.02 @ 76962.72 ticket 1042732453
2026-08-21T12:14:05.216002+00:00 RECOVERY breakeven: 1042679407@77836.71 -> TP 77841.71
2026-08-21T12:14:05.874628+00:00 TP set (be): ticket 1042679407 -> 77841.71
2026-08-21T12:14:06.434375+00:00 TP set (tp3): ticket 1042732453 -> 77112.72
2026-08-21T12:14:32.023000+00:00 OWL starting (TP+recovery manager, trade scribe)
2026-08-21T12:39:24.212744+00:00 TP set (tp3): ticket 1042679407 -> 77986.71
2026-08-21T12:39:24.219801+00:00 EXIT logged: ticket 1042732453 tp profit 3.0 dur 25.3min
2026-08-21T13:45:18.986682+00:00 ENTRY logged: BUY 0.02 @ 77419.61 ticket 1042805214
2026-08-21T13:45:18.986682+00:00 RECOVERY breakeven: 1042679407@77836.71 -> TP 77841.71
2026-08-21T13:45:19.512319+00:00 TP set (be): ticket 1042679407 -> 77841.71
2026-08-21T13:45:20.088036+00:00 TP set (tp3): ticket 1042805214 -> 77569.61
2026-08-21T13:50:11.181652+00:00 TP set (tp3): ticket 1042679407 -> 77986.71
2026-08-21T13:50:11.187145+00:00 EXIT logged: ticket 1042805214 tp profit 3.0 dur 4.9min
2026-08-21T14:37:07.583989+00:00 ENTRY logged: BUY 0.02 @ 77160.43000000001 ticket 1042845940
2026-08-21T14:37:07.583989+00:00 RECOVERY breakeven: 1042679407@77836.71 -> TP 77841.71
2026-08-21T14:37:08.190160+00:00 TP set (be): ticket 1042679407 -> 77841.71
2026-08-21T14:37:08.755818+00:00 TP set (tp3): ticket 1042845940 -> 77310.43
2026-08-21T14:47:04.344268+00:00 TP set (tp3): ticket 1042679407 -> 77986.71
2026-08-21T14:47:04.349451+00:00 EXIT logged: ticket 1042845940 tp profit 3.0 dur 10.0min
2026-08-21T15:15:33.664551+00:00 ENTRY logged: BUY 0.02 @ 77849.57 ticket 1042870348
2026-08-21T15:15:38.725995+00:00 TP set (tp3): ticket 1042870348 -> 77999.57
2026-08-21T21:23:53.454370+00:00 HOUR-GROUP 496474 cleanup: realized 0.00 + floating 1.85 = 1.85 >= 1.00 -> closing 1 position(s)
2026-08-21T21:23:54.133251+00:00   closed ticket 1042679407 @ market (+1.85)
2026-08-21T21:23:54.135258+00:00 HOUR-GROUP 496479 cleanup: realized 0.00 + floating 1.59 = 1.59 >= 1.00 -> closing 1 position(s)
2026-08-21T21:23:54.754826+00:00   closed ticket 1042870348 @ market (+1.59)
2026-08-21T21:23:56.766511+00:00 EXIT logged: ticket 1042679407 hour_clean profit 1.67 dur 639.4min
2026-08-21T21:23:56.766511+00:00 EXIT logged: ticket 1042870348 hour_clean profit 1.37 dur 368.4min
2026-08-21T21:34:07.904197+00:00 OWL starting (TP+recovery manager, trade scribe)
2026-08-21T22:01:18.412309+00:00 OWL starting (TP+recovery manager, trade scribe)
2026-08-21T22:06:18.788441+00:00 ENTRY logged: BUY 0.02 @ 78536.71 ticket 1043000891
2026-08-21T22:06:19.325719+00:00 TP set (tp3): ticket 1043000891 -> 78686.71
2026-08-21T22:07:15.412933+00:00 EXIT logged: ticket 1043000891 tp profit 3.0 dur 0.9min
2026-08-21T23:09:52.074228+00:00 ENTRY logged: BUY 0.02 @ 78537.13 ticket 1043007247
2026-08-21T23:09:52.685690+00:00 TP set (tp3): ticket 1043007247 -> 78687.13
2026-08-21T23:17:16.834855+00:00 EXIT logged: ticket 1043007247 tp profit 3.0 dur 7.4min
2026-08-22T03:25:15.881013+00:00 ENTRY logged: BUY 0.02 @ 78635.24 ticket 1043021915
2026-08-22T03:25:16.408626+00:00 TP set (tp3): ticket 1043021915 -> 78785.24
2026-08-22T03:29:32.740753+00:00 EXIT logged: ticket 1043021915 tp profit 3.0 dur 4.3min
2026-08-22T04:29:47.464922+00:00 ENTRY logged: BUY 0.02 @ 78574.72 ticket 1043025030
2026-08-22T04:29:48.121450+00:00 TP set (tp3): ticket 1043025030 -> 78724.72
2026-08-22T04:34:36.502260+00:00 EXIT logged: ticket 1043025030 tp profit 3.0 dur 4.8min
2026-08-22T07:25:40.121905+00:00 ENTRY logged: BUY 0.02 @ 77457.97 ticket 1043040897
2026-08-22T07:25:40.703933+00:00 TP set (tp3): ticket 1043040897 -> 77607.97
2026-08-22T08:33:51.032164+00:00 ENTRY logged: SELL 0.02 @ 77080.32 ticket 1043045148
2026-08-22T08:33:51.039206+00:00 ENTRY logged: SELL 0.02 @ 77077.51 ticket 1043045151
2026-08-22T08:33:51.041978+00:00 RECOVERY breakeven: 1043045148@77080.32 -> TP 77075.32
2026-08-22T08:33:51.661587+00:00 TP set (be): ticket 1043045148 -> 77075.32
2026-08-22T08:33:52.170377+00:00 TP set (tp3): ticket 1043045151 -> 76927.51
2026-08-22T08:34:22.216435+00:00 EXIT logged: ticket 1043045148 tp profit 0.1 dur 0.5min
2026-08-22T09:47:03.213585+00:00 HOUR-GROUP 496496 cleanup: realized 0.10 + floating 1.33 = 1.43 >= 1.00 -> closing 1 position(s)
2026-08-22T09:47:03.748214+00:00   closed ticket 1043045151 @ market (+1.33)
2026-08-22T09:47:05.756302+00:00 EXIT logged: ticket 1043045151 hour_clean profit 1.46 dur 73.3min
2026-08-22T09:58:08.773720+00:00 ticket 1043040897 TP changed by user to 77107.97 - hands off
2026-08-22T10:01:40.071716+00:00 EXIT logged: ticket 1043040897 manual profit -10.1 dur 156.0min
2026-08-22T10:09:18.810682+00:00 ENTRY logged: SELL 0.02 @ 76769.25 ticket 1043051466
2026-08-22T10:09:19.341796+00:00 TP set (tp3): ticket 1043051466 -> 76619.25
2026-08-22T10:15:09.254089+00:00 OWL starting (TP+recovery manager, trade scribe)
2026-08-22T10:22:46.166870+00:00 EXIT logged: ticket 1043051466 tp profit 3.0 dur 13.5min
2026-08-22T10:42:20.284205+00:00 OWL starting (TP+recovery manager, trade scribe)
2026-08-22T11:05:52.169513+00:00 OWL starting (TP+recovery manager, trade scribe)
2026-08-22T11:19:54.729397+00:00 ENTRY logged: SELL 0.02 @ 76797.76 ticket 1043058807
2026-08-22T11:19:55.250975+00:00 TP set (tp3): ticket 1043058807 -> 76647.76
2026-08-22T11:28:14.471439+00:00 OWL starting (TP+recovery manager, trade scribe)
2026-08-22T13:19:59.871256+00:00 ENTRY logged: SELL 0.02 @ 77131.96 ticket 1043068369
2026-08-22T13:19:59.871256+00:00 RECOVERY breakeven: 1043058807@76797.76 -> TP 76792.76
2026-08-22T13:20:00.611255+00:00 TP set (be): ticket 1043058807 -> 76792.76
2026-08-22T13:20:01.319539+00:00 TP set (tp3): ticket 1043068369 -> 76981.96
2026-08-22T14:06:41.854030+00:00 HOUR-GROUP 496501 cleanup: realized 0.00 + floating 1.21 = 1.21 >= 1.00 -> closing 1 position(s)
2026-08-22T14:06:42.559769+00:00   closed ticket 1043068369 @ market (+1.21)
2026-08-22T14:06:45.293685+00:00 TP set (tp3): ticket 1043058807 -> 76647.76
2026-08-22T14:06:45.297461+00:00 EXIT logged: ticket 1043068369 hour_clean profit 1.21 dur 46.7min
2026-08-22T15:15:06.845466+00:00 ENTRY logged: SELL 0.02 @ 76922.66 ticket 1043077118
2026-08-22T15:15:06.850436+00:00 RECOVERY breakeven: 1043058807@76797.76 -> TP 76792.76
2026-08-22T15:15:07.396681+00:00 TP set (be): ticket 1043058807 -> 76792.76
2026-08-22T15:15:07.948410+00:00 TP set (tp3): ticket 1043077118 -> 76772.66
2026-08-22T18:59:19.685494+00:00 OWL starting (TP+recovery manager, trade scribe)
2026-08-22T19:59:07.308408+00:00 OWL starting (TP+recovery manager, trade scribe)
2026-08-22T20:00:07.418830+00:00 AUTO HEDGE: H4 flipped UP with 2 wrong-way position(s) open -> opening freeze-holder BUY 0.04 lots
2026-08-22T20:00:08.038061+00:00 AUTO HEDGE opened OK - escape v2 will now manage the exit
2026-08-22T20:00:08.039814+00:00 CLOCKS ALIGNED: H4 and D1 both say UP - next BUY scalp is the runner candidate (2x0.01)
2026-08-22T20:00:08.041073+00:00 PAPER RUNNER opened: BUY 2x0.01 @ 77422.02 (virtual, no real money)
2026-08-22T20:00:10.047747+00:00 ENTRY logged: BUY 0.04 @ 77422.02 ticket 1043095605
2026-08-22T20:00:10.049429+00:00 RECOVERY breakeven: 1043058807@76797.76 -> TP 76792.76
2026-08-22T20:00:10.058732+00:00 ESCAPE v2 armed: regime BUY-mode, wrong-way=SELL -> BE TP; trend leg TP removed (freeze holder)
2026-08-22T20:00:10.599595+00:00 TP set (esc_be): ticket 1043077118 -> 76917.66
2026-08-22T20:40:10.380893+00:00 ENTRY logged: BUY 0.02 @ 77388.40000000001 ticket 1043097781
2026-08-22T20:40:10.380893+00:00 RECOVERY breakeven: 1043095605@77422.02 -> TP 77424.52
2026-08-22T20:40:10.380893+00:00 RECOVERY breakeven: 1043058807@76797.76 -> TP 76792.76
2026-08-22T20:40:10.881919+00:00 TP set (tp3): ticket 1043097781 -> 77538.4
2026-08-22T21:18:07.661637+00:00 OWL starting (TP+recovery manager, trade scribe)
2026-08-22T21:33:02.785044+00:00 OWL starting (TP+recovery manager, trade scribe)
2026-08-22T21:42:43.056200+00:00 RECOVERY breakeven: 1043095605@77422.02 -> TP 77424.52
2026-08-22T21:42:43.063671+00:00 EXIT logged: ticket 1043077118 tp profit 0.1 dur 387.6min
2026-08-22T22:02:19.519298+00:00 RECOVERY breakeven: 1043095605@77422.02 -> TP 77424.52
2026-08-22T22:02:19.521140+00:00 RECOVERY breakeven: 1043095605@77422.02 -> TP 77424.52
2026-08-22T22:02:19.521140+00:00 ESCAPE v2 disarmed (hedge resolved) - normal management restored
2026-08-22T22:02:20.148792+00:00 TP set (be): ticket 1043095605 -> 77424.52
2026-08-22T22:02:20.153337+00:00 EXIT logged: ticket 1043058807 tp profit 0.1 dur 642.4min
2026-08-22T22:17:04.011184+00:00 SHADOW ENTRY: recipe fired -> would BUY @ ~77095.47 (setup 77089.60)
2026-08-22T22:17:04.621377+00:00 AUTO ENTRY: recipe fired -> BUY 0.02 opened
2026-08-22T22:17:06.633786+00:00 ENTRY logged: BUY 0.02 @ 77115.19 ticket 1043105786
2026-08-22T22:17:06.633786+00:00 RECOVERY pair: 1043095605@77422.02 + 1043097781@77388.40000000001 -> joint TP 77412.48
2026-08-22T22:17:07.184221+00:00 TP set (mid): ticket 1043095605 -> 77412.48
2026-08-22T22:17:07.774579+00:00 TP set (mid): ticket 1043097781 -> 77412.48
2026-08-22T22:17:08.378683+00:00 TP set (tp3): ticket 1043105786 -> 77265.19
2026-08-22T23:18:04.341495+00:00 SHADOW ENTRY: recipe fired -> would BUY @ ~76996.63 (setup 76989.41)
2026-08-22T23:18:04.341495+00:00 AUTO ENTRY skipped: stack 3 >= 3
2026-08-23T00:24:03.691146+00:00 SHADOW ENTRY: recipe fired -> would BUY @ ~77122.62 (setup 77103.22)
2026-08-23T00:24:03.691146+00:00 AUTO ENTRY skipped: stack 3 >= 3
2026-08-23T00:24:35.743622+00:00 HOUR-GROUP 496510 cleanup: realized 0.00 + floating 1.36 = 1.36 >= 1.00 -> closing 1 position(s)
2026-08-23T00:24:36.305186+00:00   closed ticket 1043105786 @ market (+1.36)
2026-08-23T00:24:38.316419+00:00 RECOVERY breakeven: 1043095605@77422.02 -> TP 77424.52
2026-08-23T00:24:38.903203+00:00 TP set (be): ticket 1043095605 -> 77424.52
2026-08-23T00:24:39.436502+00:00 TP set (tp3): ticket 1043097781 -> 77538.4
2026-08-23T00:24:39.441186+00:00 EXIT logged: ticket 1043105786 hour_clean profit 1.26 dur 127.5min
2026-08-23T01:14:03.079034+00:00 SHADOW ENTRY: recipe fired -> would BUY @ ~77273.00 (setup 77250.97)
2026-08-23T01:14:03.718572+00:00 AUTO ENTRY: recipe fired -> BUY 0.02 opened
2026-08-23T01:14:05.726105+00:00 ENTRY logged: BUY 0.02 @ 77282.05 ticket 1043112570
2026-08-23T01:14:05.726525+00:00 RECOVERY pair: 1043095605@77422.02 + 1043097781@77388.40000000001 -> joint TP 77412.48
2026-08-23T01:14:06.264008+00:00 TP set (mid): ticket 1043095605 -> 77412.48
2026-08-23T01:14:06.808651+00:00 TP set (mid): ticket 1043097781 -> 77412.48
2026-08-23T01:14:07.402087+00:00 TP set (tp3): ticket 1043112570 -> 77432.05
2026-08-23T02:31:03.958209+00:00 SHADOW ENTRY: recipe fired -> would BUY @ ~77117.30 (setup 77103.06)
2026-08-23T02:31:03.958209+00:00 AUTO ENTRY skipped: stack 3 >= 3
2026-08-23T03:17:04.112066+00:00 SHADOW ENTRY: recipe fired -> would BUY @ ~77091.73 (setup 77070.26)
2026-08-23T03:17:04.112945+00:00 AUTO ENTRY skipped: stack 3 >= 3
2026-08-23T04:00:14.227066+00:00 AUTO HEDGE: H4 flipped DOWN with 3 wrong-way position(s) open -> opening freeze-holder SELL 0.08 lots
2026-08-23T04:00:14.729832+00:00 AUTO HEDGE opened OK - escape v2 will now manage the exit
2026-08-23T04:00:14.731773+00:00 CLOCKS DIVERGED: H4 and D1 disagree again - no new runner candidates
2026-08-23T04:00:14.731773+00:00 PAPER RUNNER broke pre-TP: -10.17 (virtual). Ledger: -10.17 over 1 attempts
2026-08-23T04:00:16.741098+00:00 ENTRY logged: SELL 0.08 @ 76911.52 ticket 1043117684
2026-08-23T04:00:16.742508+00:00 ESCAPE v2 armed: regime SELL-mode, wrong-way=BUY -> BE TP; trend leg TP removed (freeze holder)
2026-08-23T04:00:17.267669+00:00 TP set (esc_be): ticket 1043095605 -> 77424.52
2026-08-23T04:00:17.886248+00:00 TP set (esc_be): ticket 1043097781 -> 77393.4
2026-08-23T04:00:18.486849+00:00 TP set (esc_be): ticket 1043112570 -> 77287.05
2026-08-23T05:00:03.327787+00:00 ESCAPE v2 deadline: H1 closed against the escape -> cutting 3 wrong-way leg(s) at market
2026-08-23T05:00:03.956506+00:00   escape cut: ticket 1043095605 (-34.55)
2026-08-23T05:00:04.505036+00:00   escape cut: ticket 1043097781 (-16.60)
2026-08-23T05:00:05.126436+00:00   escape cut: ticket 1043112570 (-14.47)
2026-08-23T05:00:07.131648+00:00 ESCAPE v2 disarmed (hedge resolved) - normal management restored
2026-08-23T05:00:07.280162+00:00 TP set FAILED (tp3) ticket 1043117684 tp=76874.02 retcode=10016
2026-08-23T05:00:07.387866+00:00 EXIT logged: ticket 1043095605 escape_cut profit -34.55 dur 539.9min
2026-08-23T05:00:07.393779+00:00 EXIT logged: ticket 1043097781 escape_cut profit -16.65 dur 499.9min
2026-08-23T05:00:07.398477+00:00 EXIT logged: ticket 1043112570 escape_cut profit -14.52 dur 226.0min
2026-08-23T05:00:07.400485+00:00 HOUR-GROUP 496516 cleanup: realized 0.00 + floating 28.00 = 28.00 >= 4.00 -> closing 1 position(s)
2026-08-23T05:00:07.973354+00:00   closed ticket 1043117684 @ market (+28.00)
2026-08-23T05:00:09.986444+00:00 EXIT logged: ticket 1043117684 hour_clean profit 25.68 dur 59.9min
2026-08-23T10:58:17.542333+00:00 OWL starting (TP+recovery manager, trade scribe)
2026-08-23T12:00:31.421648+00:00 CLOCKS ALIGNED: H4 and D1 both say UP - next BUY scalp is the runner candidate (2x0.01)
2026-08-23T12:00:31.428647+00:00 PAPER RUNNER opened: BUY 2x0.01 @ 77291.60 (virtual, no real money)
2026-08-23T12:24:01.783284+00:00 SHADOW ENTRY: recipe fired -> would BUY @ ~77114.32 (setup 77092.29)
2026-08-23T12:24:02.312756+00:00 AUTO ENTRY: recipe fired -> BUY 0.02 opened
2026-08-23T12:24:04.319214+00:00 ENTRY logged: BUY 0.02 @ 77128.53 ticket 1043154602
2026-08-23T12:24:04.951727+00:00 TP set (tp3): ticket 1043154602 -> 77278.53
2026-08-23T13:00:02.397633+00:00 HOUR-FLAT: hour ended -> closing 1 position(s), win or lose
2026-08-23T13:00:02.904742+00:00   flat: ticket 1043154602 (+1.36)
2026-08-23T13:00:02.916852+00:00 EXIT logged: ticket 1043154602 hour_flat profit 1.3599999999999999 dur 36.0min
2026-08-23T13:10:01.582373+00:00 SHADOW ENTRY: recipe fired -> would BUY @ ~77230.36 (setup 77213.57)
2026-08-23T13:10:02.080369+00:00 AUTO ENTRY: recipe fired -> BUY 0.02 opened
2026-08-23T13:10:04.095276+00:00 ENTRY logged: BUY 0.02 @ 77247.8 ticket 1043157022
2026-08-23T13:10:04.681235+00:00 TP set (tp3): ticket 1043157022 -> 77397.8
2026-08-23T13:17:43.474361+00:00 EXIT logged: ticket 1043157022 tp profit 3.0 dur 7.7min
2026-08-23T13:18:49.592937+00:00 PAPER RUNNER banked $1.50 (leg A TP), leg B now risk-free with BE stop @ 77296.60 (virtual)
2026-08-23T14:25:39.649317+00:00 OWL starting (TP+recovery manager, trade scribe)
2026-08-23T14:42:41.387016+00:00 PAPER RUNNER BE-stopped: total +1.55 (virtual). Ledger: -8.62 over 2 attempts
2026-08-23T14:55:02.791467+00:00 SHADOW ENTRY: recipe fired -> would BUY @ ~77243.63 (setup 77230.94)
2026-08-23T14:55:03.287715+00:00 AUTO ENTRY: recipe fired -> BUY 0.02 opened
2026-08-23T14:55:05.293130+00:00 ENTRY logged: BUY 0.02 @ 77251.11 ticket 1043169763
2026-08-23T14:55:05.926849+00:00 TP set (tp3): ticket 1043169763 -> 77401.11
2026-08-23T15:00:02.417405+00:00 HOUR-FLAT: hour ended -> closing 1 position(s), win or lose
2026-08-23T15:00:02.929116+00:00   flat: ticket 1043169763 (-0.93)
2026-08-23T15:00:02.942928+00:00 EXIT logged: ticket 1043169763 hour_flat profit -0.93 dur 5.0min
2026-08-23T15:30:58.815482+00:00 OWL starting (TP+recovery manager, trade scribe)
2026-08-23T15:44:02.793115+00:00 SHADOW ENTRY: recipe fired -> would BUY @ ~77284.07 (setup 77267.39)
2026-08-23T15:44:03.443114+00:00 AUTO ENTRY: recipe fired -> BUY 0.02 opened
2026-08-23T15:44:05.449321+00:00 ENTRY logged: BUY 0.02 @ 77293.45 ticket 1043174592
2026-08-23T15:44:05.966509+00:00 TP set (tp3): ticket 1043174592 -> 77443.45
2026-08-23T16:00:02.411627+00:00 HOUR-FLAT: hour ended -> closing 1 position(s), win or lose
2026-08-23T16:00:02.989467+00:00   flat: ticket 1043174592 (-3.34)
2026-08-23T16:00:04.232962+00:00 EXIT logged: ticket 1043174592 hour_flat profit -3.33 dur 16.0min
2026-08-23T16:17:01.937105+00:00 SHADOW ENTRY: recipe fired -> would BUY @ ~77278.30 (setup 77269.19)
2026-08-23T16:17:02.544654+00:00 AUTO ENTRY: recipe fired -> BUY 0.02 opened
2026-08-23T16:17:04.551825+00:00 ENTRY logged: BUY 0.02 @ 77285.97 ticket 1043176798
2026-08-23T16:17:05.085307+00:00 TP set (tp3): ticket 1043176798 -> 77435.97
2026-08-23T16:51:51.578801+00:00 EXIT logged: ticket 1043176798 tp profit 3.0 dur 34.8min
2026-08-23T17:10:02.312817+00:00 SHADOW ENTRY: recipe fired -> would BUY @ ~77319.03 (setup 77318.97)
2026-08-23T17:10:02.857158+00:00 AUTO ENTRY: recipe fired -> BUY 0.02 opened
2026-08-23T17:10:04.865515+00:00 ENTRY logged: BUY 0.02 @ 77330.84 ticket 1043180558
2026-08-23T17:10:05.466687+00:00 TP set (tp3): ticket 1043180558 -> 77480.84
2026-08-23T18:00:03.523589+00:00 HOUR-FLAT: hour ended -> closing 1 position(s), win or lose
2026-08-23T18:00:04.086904+00:00   flat: ticket 1043180558 (-2.99)
2026-08-23T18:00:04.096463+00:00 EXIT logged: ticket 1043180558 hour_flat profit -3.01 dur 50.0min
2026-08-23T18:27:03.312585+00:00 SHADOW ENTRY: recipe fired -> would BUY @ ~77345.70 (setup 77327.94)
2026-08-23T18:27:03.887183+00:00 AUTO ENTRY: recipe fired -> BUY 0.02 opened
2026-08-23T18:27:05.894104+00:00 ENTRY logged: BUY 0.02 @ 77374.95 ticket 1043186255
2026-08-23T18:27:06.472553+00:00 TP set (tp3): ticket 1043186255 -> 77524.95
2026-08-23T19:00:02.485971+00:00 HOUR-FLAT: hour ended -> closing 1 position(s), win or lose
2026-08-23T19:00:03.108911+00:00   flat: ticket 1043186255 (-0.41)
2026-08-23T19:00:03.114944+00:00 EXIT logged: ticket 1043186255 hour_flat profit -0.41 dur 33.0min
2026-08-23T19:15:03.214509+00:00 SHADOW ENTRY: recipe fired -> would BUY @ ~77309.04 (setup 77292.68)
2026-08-23T19:15:03.808955+00:00 AUTO ENTRY: recipe fired -> BUY 0.02 opened
2026-08-23T19:15:05.815456+00:00 ENTRY logged: BUY 0.02 @ 77319.44 ticket 1043188501
2026-08-23T19:15:06.439330+00:00 TP set (tp3): ticket 1043188501 -> 77469.44
2026-08-23T19:16:40.771299+00:00 OWL starting (TP+recovery manager, trade scribe)
2026-08-23T19:17:02.810949+00:00 SHADOW ENTRY: recipe fired -> would BUY @ ~77337.98 (setup 77337.62)
2026-08-23T19:17:02.810949+00:00 AUTO ENTRY skipped: dip gate (H1=1 M15=-1 M5=1, need 1/-1/-1)
2026-08-23T19:45:22.525373+00:00 EXIT logged: ticket 1043188501 tp profit 3.0 dur 30.3min
2026-08-23T20:18:03.203702+00:00 SHADOW ENTRY: recipe fired -> would BUY @ ~77285.50 (setup 77281.02)
2026-08-23T20:18:03.204239+00:00 AUTO ENTRY skipped: dip gate (H1=-1 M15=-1 M5=1, need 1/-1/-1)
2026-08-23T21:21:02.505102+00:00 SHADOW ENTRY: recipe fired -> would BUY @ ~77989.46 (setup 77939.30)
2026-08-23T21:21:02.507508+00:00 AUTO ENTRY skipped: dip gate (H1=1 M15=1 M5=1, need 1/-1/-1)
2026-08-23T22:24:02.183794+00:00 SHADOW ENTRY: recipe fired -> would BUY @ ~77781.97 (setup 77764.99)
2026-08-23T22:24:02.183794+00:00 AUTO ENTRY skipped: dip gate (H1=1 M15=-1 M5=1, need 1/-1/-1)
2026-08-23T22:44:43.897774+00:00 OWL starting (TP+recovery manager, trade scribe)
2026-08-23T23:19:02.753276+00:00 SHADOW ENTRY: recipe fired -> would BUY @ ~77590.18 (setup 77552.36)
2026-08-23T23:19:02.753276+00:00 AUTO ENTRY skipped: dip gate (H1=-1 M15=-1 M5=-1, need 1/-1/-1)
2026-08-24T00:34:03.222601+00:00 SHADOW ENTRY: recipe fired -> would BUY @ ~77461.73 (setup 77439.20)
2026-08-24T00:34:04.388630+00:00 AUTO ENTRY (dip+split): recipe fired -> BUY 2x0.01 (A=1043266977, B=1043266980)
2026-08-24T00:34:06.397400+00:00 ENTRY logged: BUY 0.01 @ 77468.0 ticket 1043266977
2026-08-24T00:34:06.403639+00:00 ENTRY logged: BUY 0.01 @ 77462.52 ticket 1043266980
2026-08-24T00:34:06.403639+00:00 RECOVERY breakeven: 1043266977@77468.0 -> TP 77478.0
2026-08-24T00:34:06.978970+00:00 TP set (be): ticket 1043266977 -> 77478.0
2026-08-24T00:34:07.487026+00:00 TP set (tp3): ticket 1043266980 -> 77762.52
2026-08-24T00:34:19.522585+00:00 EXIT logged: ticket 1043266977 tp profit 0.1 dur 0.2min
2026-08-24T01:00:02.617212+00:00 HOUR-FLAT: hour ended -> closing 1 position(s), win or lose
2026-08-24T01:00:03.256933+00:00   flat: ticket 1043266980 (+2.17)
2026-08-24T01:00:03.281892+00:00 EXIT logged: ticket 1043266980 hour_flat profit 2.24 dur 26.0min
2026-08-24T01:02:48.509635+00:00 OWL starting (TP+recovery manager, trade scribe)
2026-08-24T02:12:03.652192+00:00 SHADOW ENTRY: recipe fired -> would BUY @ ~77180.61 (setup 77132.73)
2026-08-24T02:12:03.652192+00:00 AUTO ENTRY skipped: dip gate (H1=-1 M15=-1 M5=1, need 1/-1/-1)
2026-08-24T03:24:02.853634+00:00 SHADOW ENTRY: recipe fired -> would BUY @ ~77211.25 (setup 77209.51)
2026-08-24T03:24:04.053050+00:00 AUTO ENTRY (dip+split): recipe fired -> BUY 2x0.01 (A=1043327272, B=1043327276)
2026-08-24T03:24:06.059348+00:00 ENTRY logged: BUY 0.01 @ 77220.19 ticket 1043327272
2026-08-24T03:24:06.064916+00:00 ENTRY logged: BUY 0.01 @ 77220.68000000001 ticket 1043327276
2026-08-24T03:24:06.064916+00:00 RECOVERY breakeven: 1043327272@77220.19 -> TP 77230.19
2026-08-24T03:24:06.612174+00:00 TP set (be): ticket 1043327272 -> 77230.19
2026-08-24T03:24:07.197748+00:00 TP set (tp3): ticket 1043327276 -> 77370.68
2026-08-24T03:24:21.223420+00:00 EXIT logged: ticket 1043327272 tp profit 0.1 dur 0.3min
2026-08-24T04:00:02.561585+00:00 HOUR-FLAT: hour ended -> closing 1 position(s), win or lose
2026-08-24T04:00:03.220914+00:00   flat: ticket 1043327276 (-2.88)
2026-08-24T04:00:03.229344+00:00 EXIT logged: ticket 1043327276 hour_flat profit -2.9 dur 36.0min
2026-08-24T04:00:39.321742+00:00 CLOCKS DIVERGED: H4 and D1 disagree again - no new runner candidates
2026-08-24T08:13:31.243306+00:00 OWL starting (TP+recovery manager, trade scribe)
2026-08-24T12:00:10.675563+00:00 CLOCKS ALIGNED: H4 and D1 both say UP - next BUY scalp is the runner candidate (2x0.01)
2026-08-24T12:00:10.679098+00:00 PAPER RUNNER opened: BUY 2x0.01 @ 78311.73 (virtual, no real money)
2026-08-24T12:20:01.238188+00:00 SHADOW ENTRY: recipe fired -> would BUY @ ~78235.46 (setup 78187.82)
2026-08-24T12:20:01.238188+00:00 AUTO ENTRY skipped: London hours (12:xx UTC, no entries 08-16)
2026-08-24T12:26:52.626262+00:00 OWL starting (TP+recovery manager, trade scribe)
2026-08-24T12:27:52.788375+00:00 PAPER RUNNER banked $1.50 (leg A TP), leg B now risk-free with BE stop @ 78316.73 (virtual)
2026-08-24T12:31:03.236267+00:00 SHADOW ENTRY: recipe fired -> would BUY @ ~78530.90 (setup 78454.11)
2026-08-24T12:31:03.236267+00:00 AUTO ENTRY skipped: London hours (12:xx UTC, no entries 08-16)
2026-08-24T12:33:01.660981+00:00 CROC ENTRY: SELL 0.01 after sweep+reclaim of range 76643.99/78588.27 (ticket 1043565157)
2026-08-24T12:33:03.691518+00:00 ENTRY logged: SELL 0.01 @ 78522.7 ticket 1043565157
2026-08-24T12:33:04.260575+00:00 TP set (tp3): ticket 1043565157 -> 78372.7
2026-08-24T12:33:16.345864+00:00 EXIT logged: ticket 1043565157 tp profit 1.5 dur 0.2min
2026-08-24T13:09:01.453796+00:00 SHADOW ENTRY: recipe fired -> would BUY @ ~79077.14 (setup 79075.75)
2026-08-24T13:09:01.453796+00:00 AUTO ENTRY skipped: London hours (13:xx UTC, no entries 08-16)
2026-08-24T13:13:02.560059+00:00 CROC ENTRY: SELL 0.01 after sweep+reclaim of range 76643.99/79310.86 (ticket 1043596479)
2026-08-24T13:13:04.572317+00:00 ENTRY logged: SELL 0.01 @ 79147.78 ticket 1043596479
2026-08-24T13:13:05.192813+00:00 TP set (tp3): ticket 1043596479 -> 78997.78
2026-08-24T13:16:01.485037+00:00 EXIT logged: ticket 1043596479 tp profit 1.5 dur 3.0min
2026-08-24T13:43:47.974850+00:00 PAPER RUNNER BE-stopped: total +1.55 (virtual). Ledger: -7.07 over 3 attempts
2026-08-24T14:11:01.605709+00:00 SHADOW ENTRY: recipe fired -> would BUY @ ~79050.32 (setup 78828.24)
2026-08-24T14:11:01.606581+00:00 AUTO ENTRY skipped: London hours (14:xx UTC, no entries 08-16)
2026-08-24T14:24:01.491779+00:00 CROC ENTRY: SELL 0.01 after sweep+reclaim of range 76643.99/79425.92 (ticket 1043659194)
2026-08-24T14:24:03.505598+00:00 ENTRY logged: SELL 0.01 @ 79083.43000000001 ticket 1043659194
2026-08-24T14:24:04.126029+00:00 TP set (tp3): ticket 1043659194 -> 78933.43
2026-08-24T14:24:34.317288+00:00 EXIT logged: ticket 1043659194 tp profit 1.5 dur 0.5min
2026-08-24T15:18:02.230619+00:00 SHADOW ENTRY: recipe fired -> would BUY @ ~79693.90 (setup 79678.61)
2026-08-24T15:18:02.230619+00:00 AUTO ENTRY skipped: London hours (15:xx UTC, no entries 08-16)
2026-08-24T15:24:01.850703+00:00 CROC ENTRY: SELL 0.01 after sweep+reclaim of range 76643.99/79824.35 (ticket 1043694925)
2026-08-24T15:24:03.870497+00:00 ENTRY logged: SELL 0.01 @ 79781.15000000001 ticket 1043694925
2026-08-24T15:24:04.444456+00:00 TP set (tp3): ticket 1043694925 -> 79631.15
2026-08-24T15:38:17.674116+00:00 EXIT logged: ticket 1043694925 tp profit 1.5 dur 14.2min
2026-08-24T16:03:01.528450+00:00 SHADOW ENTRY: recipe fired -> would BUY @ ~79282.02 (setup 79234.99)
2026-08-24T16:03:01.531833+00:00 AUTO ENTRY skipped: dip gate (H1=-1 M15=-1 M5=-1, need 1/-1/-1)
2026-08-24T18:03:03.116700+00:00 SHADOW ENTRY: recipe fired -> would BUY @ ~78907.57 (setup 78860.54)
2026-08-24T18:03:03.117023+00:00 AUTO ENTRY skipped: dip gate (H1=-1 M15=1 M5=1, need 1/-1/-1)
2026-08-24T19:12:01.805191+00:00 SHADOW ENTRY: recipe fired -> would BUY @ ~79025.90 (setup 78901.37)
2026-08-24T19:12:01.805191+00:00 AUTO ENTRY skipped: dip gate (H1=1 M15=-1 M5=1, need 1/-1/-1)
2026-08-24T20:11:02.991921+00:00 SHADOW ENTRY: recipe fired -> would BUY @ ~78765.46 (setup 78741.35)
2026-08-24T20:11:02.991921+00:00 AUTO ENTRY skipped: dip gate (H1=-1 M15=-1 M5=1, need 1/-1/-1)
2026-08-24T21:40:03.933354+00:00 SHADOW ENTRY: recipe fired -> would BUY @ ~78966.32 (setup 78947.03)
2026-08-24T21:40:03.933354+00:00 AUTO ENTRY skipped: dip gate (H1=1 M15=-1 M5=1, need 1/-1/-1)
2026-08-24T22:34:02.491239+00:00 SHADOW ENTRY: recipe fired -> would BUY @ ~78842.02 (setup 78819.46)
2026-08-24T22:34:03.839615+00:00 AUTO ENTRY (dip+split): recipe fired -> BUY 2x0.01 (A=1043841990, B=1043841992)
2026-08-24T22:34:05.849025+00:00 ENTRY logged: BUY 0.01 @ 78848.86 ticket 1043841990
2026-08-24T22:34:05.851186+00:00 ENTRY logged: BUY 0.01 @ 78858.81 ticket 1043841992
2026-08-24T22:34:05.851186+00:00 RECOVERY breakeven: 1043841990@78848.86 -> TP 78858.86
2026-08-24T22:34:06.509869+00:00 TP set (be): ticket 1043841990 -> 78858.86
2026-08-24T22:34:07.018034+00:00 TP set (tp3): ticket 1043841992 -> 79008.81
2026-08-24T22:34:25.078038+00:00 EXIT logged: ticket 1043841990 tp profit 0.1 dur 0.4min
2026-08-24T23:00:02.099929+00:00 HOUR-FLAT: hour ended -> closing 1 position(s), win or lose
2026-08-24T23:00:02.650946+00:00   flat: ticket 1043841992 (-1.26)
2026-08-24T23:00:02.704697+00:00 EXIT logged: ticket 1043841992 hour_flat profit -1.26 dur 26.0min
2026-08-24T23:21:03.389433+00:00 SHADOW ENTRY: recipe fired -> would BUY @ ~78820.76 (setup 78787.33)
2026-08-24T23:21:03.389433+00:00 AUTO ENTRY skipped: dip gate (H1=-1 M15=1 M5=1, need 1/-1/-1)
2026-08-25T00:26:03.842165+00:00 SHADOW ENTRY: recipe fired -> would BUY @ ~78859.42 (setup 78851.68)
2026-08-25T00:26:03.842165+00:00 AUTO ENTRY skipped: dip gate (H1=1 M15=-1 M5=1, need 1/-1/-1)
2026-08-25T01:27:02.951079+00:00 SHADOW ENTRY: recipe fired -> would BUY @ ~79850.01 (setup 79787.81)
2026-08-25T01:27:02.954344+00:00 AUTO ENTRY skipped: dip gate (H1=1 M15=-1 M5=1, need 1/-1/-1)
2026-08-25T02:18:02.539044+00:00 SHADOW ENTRY: recipe fired -> would BUY @ ~80779.99 (setup 79904.62)
2026-08-25T02:18:02.539361+00:00 AUTO ENTRY skipped: dip gate (H1=1 M15=1 M5=1, need 1/-1/-1)
2026-08-25T03:00:04.758081+00:00 CROC ENTRY: SELL 0.01 after sweep+reclaim of range 78445.81/81265.46 (ticket 1043931286)
2026-08-25T03:00:06.772822+00:00 ENTRY logged: SELL 0.01 @ 80654.90000000001 ticket 1043931286
2026-08-25T03:00:07.279332+00:00 TP set (tp3): ticket 1043931286 -> 80504.9
2026-08-25T03:07:04.317836+00:00 SHADOW ENTRY: recipe fired -> would BUY @ ~80893.37 (setup 80838.97)
2026-08-25T03:07:04.317836+00:00 AUTO ENTRY skipped: dip gate (H1=1 M15=-1 M5=1, need 1/-1/-1)
2026-08-25T03:26:33.501261+00:00 EXIT logged: ticket 1043931286 tp profit 1.5 dur 26.4min
2026-08-25T04:03:03.506017+00:00 SHADOW ENTRY: recipe fired -> would BUY @ ~80583.92 (setup 80518.02)
2026-08-25T04:03:03.506017+00:00 AUTO ENTRY skipped: dip gate (H1=-1 M15=-1 M5=-1, need 1/-1/-1)
2026-08-25T05:19:03.476463+00:00 SHADOW ENTRY: recipe fired -> would BUY @ ~80543.38 (setup 80538.26)
2026-08-25T05:19:03.476463+00:00 AUTO ENTRY skipped: dip gate (H1=-1 M15=1 M5=-1, need 1/-1/-1)
2026-08-25T06:24:03.295081+00:00 SHADOW ENTRY: recipe fired -> would BUY @ ~80822.67 (setup 80796.10)
2026-08-25T06:24:03.295081+00:00 AUTO ENTRY skipped: dip gate (H1=1 M15=1 M5=-1, need 1/-1/-1)
2026-08-25T07:28:03.407377+00:00 SHADOW ENTRY: recipe fired -> would BUY @ ~80638.91 (setup 80624.16)
2026-08-25T07:28:03.407377+00:00 AUTO ENTRY skipped: dip gate (H1=-1 M15=1 M5=-1, need 1/-1/-1)
2026-08-25T08:12:04.927144+00:00 SHADOW ENTRY: recipe fired -> would BUY @ ~79854.59 (setup 79843.05)
2026-08-25T08:12:04.927144+00:00 AUTO ENTRY skipped: London hours (08:xx UTC, no entries 08-16)
2026-08-25T09:13:01.762802+00:00 SHADOW ENTRY: recipe fired -> would BUY @ ~79830.40 (setup 79772.10)
2026-08-25T09:13:01.763367+00:00 AUTO ENTRY skipped: London hours (09:xx UTC, no entries 08-16)
2026-08-25T10:11:03.061534+00:00 SHADOW ENTRY: recipe fired -> would BUY @ ~79295.64 (setup 79243.56)
2026-08-25T10:11:03.061534+00:00 AUTO ENTRY skipped: London hours (10:xx UTC, no entries 08-16)
2026-08-25T11:07:02.394363+00:00 SHADOW ENTRY: recipe fired -> would BUY @ ~79370.68 (setup 79291.89)
2026-08-25T11:07:02.394363+00:00 AUTO ENTRY skipped: London hours (11:xx UTC, no entries 08-16)
2026-08-25T12:09:02.095512+00:00 CROC ENTRY: BUY 0.01 after sweep+reclaim of range 78701.13/81265.46 (ticket 1044183779)
2026-08-25T12:09:04.103214+00:00 ENTRY logged: BUY 0.01 @ 78828.23 ticket 1044183779
2026-08-25T12:09:04.745599+00:00 TP set (tp3): ticket 1044183779 -> 78978.23
2026-08-25T12:11:29.324866+00:00 EXIT logged: ticket 1044183779 tp profit 1.5 dur 2.4min
2026-08-25T12:33:01.085665+00:00 SHADOW ENTRY: recipe fired -> would BUY @ ~78929.73 (setup 78885.30)
2026-08-25T12:33:01.087112+00:00 AUTO ENTRY skipped: London hours (12:xx UTC, no entries 08-16)
2026-08-25T13:04:01.687991+00:00 SHADOW ENTRY: recipe fired -> would BUY @ ~79052.30 (setup 79000.59)
2026-08-25T13:04:01.687991+00:00 AUTO ENTRY skipped: London hours (13:xx UTC, no entries 08-16)
2026-08-25T13:24:03.405510+00:00 CROC ENTRY: BUY 0.01 after sweep+reclaim of range 78610.80/81265.46 (ticket 1044235003)
2026-08-25T13:24:05.415052+00:00 ENTRY logged: BUY 0.01 @ 78731.48 ticket 1044235003
2026-08-25T13:24:06.138220+00:00 TP set (tp3): ticket 1044235003 -> 78881.48
2026-08-25T13:33:16.647018+00:00 EXIT logged: ticket 1044235003 tp profit 1.5 dur 9.2min
2026-08-25T14:08:02.381501+00:00 SHADOW ENTRY: recipe fired -> would BUY @ ~78869.41 (setup 78865.58)
2026-08-25T14:08:02.382993+00:00 AUTO ENTRY skipped: London hours (14:xx UTC, no entries 08-16)
2026-08-25T15:34:02.460929+00:00 SHADOW ENTRY: recipe fired -> would BUY @ ~79343.52 (setup 79273.57)
2026-08-25T15:34:02.462309+00:00 AUTO ENTRY skipped: London hours (15:xx UTC, no entries 08-16)
2026-08-25T16:46:03.050338+00:00 SHADOW ENTRY: recipe fired -> would BUY @ ~79314.31 (setup 79298.96)
2026-08-25T16:46:03.050868+00:00 AUTO ENTRY skipped: dip gate (H1=1 M15=1 M5=-1, need 1/-1/-1)
2026-08-25T17:39:02.651228+00:00 SHADOW ENTRY: recipe fired -> would BUY @ ~79068.02 (setup 79048.59)
2026-08-25T17:39:02.652430+00:00 AUTO ENTRY skipped: dip gate (H1=-1 M15=-1 M5=1, need 1/-1/-1)
2026-08-25T18:59:02.393950+00:00 SHADOW ENTRY: recipe fired -> would BUY @ ~79110.88 (setup 79096.29)
2026-08-25T18:59:03.687804+00:00 AUTO ENTRY (dip+split): recipe fired -> BUY 2x0.01 (A=1044430354, B=1044430358)
2026-08-25T18:59:05.701009+00:00 ENTRY logged: BUY 0.01 @ 79130.54000000001 ticket 1044430354
2026-08-25T18:59:05.714310+00:00 ENTRY logged: BUY 0.01 @ 79130.3 ticket 1044430358
2026-08-25T18:59:05.716318+00:00 RECOVERY breakeven: 1044430354@79130.54000000001 -> TP 79140.54
2026-08-25T18:59:06.308997+00:00 TP set (be): ticket 1044430354 -> 79140.54
2026-08-25T18:59:06.922069+00:00 TP set (tp3): ticket 1044430358 -> 79280.3
2026-08-25T19:00:03.215128+00:00 HOUR-FLAT: hour ended -> closing 2 position(s), win or lose
2026-08-25T19:00:03.879701+00:00   flat: ticket 1044430354 (-0.22)
2026-08-25T19:00:04.540780+00:00   flat: ticket 1044430358 (-0.21)
2026-08-25T19:00:04.612387+00:00 EXIT logged: ticket 1044430354 hour_flat profit -0.22 dur 1.0min
2026-08-25T19:00:04.636480+00:00 EXIT logged: ticket 1044430358 hour_flat profit -0.22 dur 1.0min
2026-08-25T19:14:04.002640+00:00 SHADOW ENTRY: recipe fired -> would BUY @ ~79122.96 (setup 79066.35)
2026-08-25T19:14:04.002640+00:00 AUTO ENTRY skipped: dip gate (H1=-1 M15=-1 M5=1, need 1/-1/-1)
2026-08-25T19:17:08.582635+00:00 ENTRY logged: BUY 0.02 @ 79189.0 ticket 1044439362
2026-08-25T19:17:09.165667+00:00 TP set (tp3): ticket 1044439362 -> 79339.0
2026-08-25T19:20:06.108480+00:00 ticket 1044439362 TP changed by user to 79288.69 - hands off
2026-08-25T19:27:23.250093+00:00 ENTRY logged: SELL 0.02 @ 78957.19 ticket 1044443914
2026-08-25T19:27:23.250644+00:00 ESCAPE v2 armed: regime BUY-mode, wrong-way=SELL -> BE TP; trend leg TP removed (freeze holder)
2026-08-25T19:27:23.876106+00:00 TP set (esc_be): ticket 1044443914 -> 78952.19
2026-08-25T19:27:27.902782+00:00 ESCAPE v2 disarmed (hedge resolved) - normal management restored
2026-08-25T19:27:27.922591+00:00 EXIT logged: ticket 1044443914 tp profit 0.1 dur 0.1min
2026-08-25T19:27:53.993525+00:00 EXIT logged: ticket 1044439362 manual profit -5.39 dur 10.8min
2026-08-25T19:28:00.037478+00:00 ENTRY logged: SELL 0.04 @ 78907.96 ticket 1044444133
2026-08-25T19:28:00.548198+00:00 TP set (tp3): ticket 1044444133 -> 78832.96
2026-08-25T19:28:38.658944+00:00 ticket 1044444133 TP changed by user to 78660.17 - hands off
2026-08-25T20:00:02.841618+00:00 HOUR-FLAT: hour ended -> closing 1 position(s), win or lose
2026-08-25T20:00:03.501038+00:00   flat: ticket 1044444133 (-2.43)
2026-08-25T20:00:03.513467+00:00 EXIT logged: ticket 1044444133 hour_flat profit -2.43 dur 32.1min
2026-08-25T20:00:03.541430+00:00 CLOCKS DIVERGED: H4 and D1 disagree again - no new runner candidates
2026-08-25T20:00:47.801704+00:00 ENTRY logged: SELL 0.04 @ 78910.25 ticket 1044456068
2026-08-25T20:00:48.365342+00:00 TP set (tp3): ticket 1044456068 -> 78835.25
2026-08-25T20:02:54.643680+00:00 ticket 1044456068 TP changed by user to 78719.32 - hands off
2026-08-25T20:04:10.848754+00:00 EXIT logged: ticket 1044456068 tp profit 7.64 dur 3.4min
2026-08-25T20:15:28.465972+00:00 ENTRY logged: BUY 0.04 @ 78881.7 ticket 1044461256
2026-08-25T20:15:29.010892+00:00 TP set (tp3): ticket 1044461256 -> 78956.7
2026-08-25T20:16:01.112695+00:00 EXIT logged: ticket 1044461256 manual profit -0.04 dur 0.6min
2026-08-25T20:16:13.149284+00:00 ENTRY logged: BUY 0.02 @ 78910.31 ticket 1044461503
2026-08-25T20:16:13.643619+00:00 TP set (tp3): ticket 1044461503 -> 79060.31
2026-08-25T20:38:59.568878+00:00 EXIT logged: ticket 1044461503 sl profit -5.07 dur 22.8min
2026-08-25T20:39:31.665361+00:00 ENTRY logged: SELL 0.02 @ 78644.1 ticket 1044465121
2026-08-25T20:39:31.665361+00:00 ticket 1044465121 has user TP 78272.05 at first sight - hands off
2026-08-25T20:42:08.313891+00:00 OWL starting (TP+recovery manager, trade scribe)
2026-08-25T20:47:09.551318+00:00 EXIT logged: ticket 1044465121 tp profit 7.44 dur 7.5min
2026-08-25T21:11:03.848943+00:00 CROC ENTRY: BUY 0.01 after sweep+reclaim of range 78095.16/79938.78 (ticket 1044475185)
2026-08-25T21:11:05.854725+00:00 ENTRY logged: BUY 0.01 @ 78115.13 ticket 1044475185
2026-08-25T21:11:06.391466+00:00 TP set (tp3): ticket 1044475185 -> 78265.13
2026-08-25T21:13:53.855457+00:00 EXIT logged: ticket 1044475185 tp profit 1.5 dur 2.8min
2026-08-25T21:24:17.063116+00:00 ENTRY logged: BUY 0.02 @ 78375.38 ticket 1044476378
2026-08-25T21:35:40.640699+00:00 EXIT logged: ticket 1044476378 tp profit 3.0 dur 11.4min
2026-08-25T22:12:00.937468+00:00 ENTRY logged: BUY 0.02 @ 78907.92 ticket 1044481608
2026-08-25T22:44:07.953653+00:00 EXIT logged: ticket 1044481608 manual profit -2.95 dur 32.1min
2026-08-25T22:44:13.966716+00:00 ENTRY logged: SELL 0.04 @ 78756.40000000001 ticket 1044489706
2026-08-25T22:52:05.462325+00:00 EXIT logged: ticket 1044489706 manual profit -4.8 dur 7.8min
2026-08-25T22:52:11.481151+00:00 ENTRY logged: BUY 0.04 @ 78880.95 ticket 1044491490
2026-08-25T23:19:48.752268+00:00 EXIT logged: ticket 1044491490 sl profit -5.63 dur 27.6min
2026-08-25T23:20:13.011552+00:00 ENTRY logged: SELL 0.04 @ 78753.19 ticket 1044497514
2026-08-25T23:34:07.612420+00:00 EXIT logged: ticket 1044497514 sl profit -0.12 dur 13.9min
2026-08-25T23:35:17.754921+00:00 ENTRY logged: BUY 0.04 @ 78737.8 ticket 1044502386
2026-08-25T23:45:37.276365+00:00 ENTRY logged: SELL 0.04 @ 78480.14 ticket 1044505242
2026-08-25T23:45:49.344747+00:00 ENTRY logged: SELL 0.02 @ 78455.18000000001 ticket 1044505307
2026-08-25T23:54:41.662262+00:00 EXIT logged: ticket 1044505242 manual profit 0.56 dur 9.1min
2026-08-26T00:05:54.300627+00:00 EXIT logged: ticket 1044505307 tp profit 0.1 dur 20.1min
2026-08-26T00:10:23.129156+00:00 ENTRY logged: SELL 0.04 @ 78312.92 ticket 1044511564
2026-08-26T01:04:19.520416+00:00 HOUR-GROUP 496583 cleanup: realized 0.54 + floating 1.49 = 2.03 >= 2.00 -> closing 1 position(s)
2026-08-26T01:04:20.311340+00:00   closed ticket 1044502386 @ market (+1.49)
2026-08-26T01:04:22.324486+00:00 EXIT logged: ticket 1044502386 hour_clean profit 1.6600000000000001 dur 89.0min
2026-08-26T01:35:38.735976+00:00 ENTRY logged: BUY 0.04 @ 78903.42 ticket 1044539794
2026-08-26T01:35:42.758812+00:00 ENTRY logged: BUY 0.04 @ 78930.82 ticket 1044539821
2026-08-26T01:49:13.996519+00:00 EXIT logged: ticket 1044511564 manual profit -14.18 dur 98.8min
2026-08-26T02:07:21.056081+00:00 EXIT logged: ticket 1044539821 sl profit -7.5600000000000005 dur 31.6min
2026-08-26T02:08:25.192327+00:00 EXIT logged: ticket 1044539794 sl profit -6.68 dur 32.8min
2026-08-26T04:00:52.104321+00:00 CLOCKS ALIGNED: H4 and D1 both say UP - next BUY scalp is the runner candidate (2x0.01)
2026-08-26T04:00:52.106329+00:00 PAPER RUNNER opened: BUY 2x0.01 @ 79010.88 (virtual, no real money)
2026-08-26T04:10:04.300332+00:00 SHADOW ENTRY: recipe fired -> would BUY @ ~79141.43 (setup 79074.91)
2026-08-26T04:10:04.300332+00:00 AUTO ENTRY skipped: dip gate (H1=-1 M15=1 M5=1, need 1/-1/-1)
2026-08-26T04:10:54.400853+00:00 PAPER RUNNER banked $1.50 (leg A TP), leg B now risk-free with BE stop @ 79015.88 (virtual)
2026-08-26T04:13:54.744439+00:00 PAPER RUNNER BE-stopped: total +1.55 (virtual). Ledger: -5.52 over 4 attempts
2026-08-26T05:14:04.356140+00:00 SHADOW ENTRY: recipe fired -> would BUY @ ~78901.34 (setup 78898.19)
2026-08-26T05:14:04.356140+00:00 AUTO ENTRY skipped: dip gate (H1=-1 M15=-1 M5=1, need 1/-1/-1)
2026-08-26T06:06:03.729961+00:00 SHADOW ENTRY: recipe fired -> would BUY @ ~79158.88 (setup 79123.72)
2026-08-26T06:06:03.732106+00:00 AUTO ENTRY skipped: dip gate (H1=1 M15=-1 M5=1, need 1/-1/-1)
2026-08-26T07:27:04.121851+00:00 SHADOW ENTRY: recipe fired -> would BUY @ ~79008.68 (setup 78999.35)
2026-08-26T07:27:04.121851+00:00 AUTO ENTRY skipped: dip gate (H1=-1 M15=1 M5=1, need 1/-1/-1)
2026-08-26T09:12:28.342824+00:00 ENTRY logged: SELL 0.04 @ 78771.59 ticket 1044686669
2026-08-26T09:30:02.559915+00:00 SHADOW ENTRY: recipe fired -> would BUY @ ~78515.51 (setup 78504.04)
2026-08-26T09:30:02.559915+00:00 AUTO ENTRY skipped: London hours (09:xx UTC, no entries 08-16)
2026-08-26T09:30:12.732920+00:00 EXIT logged: ticket 1044686669 manual profit 5.51 dur 17.8min
2026-08-26T09:53:53.260738+00:00 OWL starting (TP+recovery manager, trade scribe)
2026-08-26T10:17:00.564948+00:00 SHADOW ENTRY: recipe fired -> would BUY @ ~78480.14 (setup 78437.62)
2026-08-26T10:17:00.564948+00:00 AUTO ENTRY skipped: London hours (10:xx UTC, no entries 08-16)
2026-08-26T10:57:05.426894+00:00 ENTRY logged: SELL 0.04 @ 78713.04000000001 ticket 1044736882
2026-08-26T11:01:34.672741+00:00 EXIT logged: ticket 1044736882 manual profit 0.13 dur 4.5min
2026-08-26T11:09:28.258900+00:00 ENTRY logged: SELL 0.02 @ 78650.82 ticket 1044742433
2026-08-26T11:17:02.233960+00:00 SHADOW ENTRY: recipe fired -> would BUY @ ~78714.10 (setup 78694.71)
2026-08-26T11:17:02.233960+00:00 AUTO ENTRY skipped: London hours (11:xx UTC, no entries 08-16)
2026-08-26T12:00:13.560497+00:00 EXIT logged: ticket 1044742433 manual profit 2.87 dur 50.8min
2026-08-26T12:00:29.698315+00:00 CLOCKS DIVERGED: H4 and D1 disagree again - no new runner candidates
2026-08-26T12:09:59.188111+00:00 ENTRY logged: SELL 0.02 @ 78406.15000000001 ticket 1044769693
2026-08-26T12:32:02.063190+00:00 CROC ENTRY: BUY 0.01 after sweep+reclaim of range 78221.80/79232.49 (ticket 1044792232)
2026-08-26T12:32:04.095723+00:00 ENTRY logged: BUY 0.01 @ 78367.2 ticket 1044792232
2026-08-26T12:32:04.632202+00:00 TP set (tp3): ticket 1044792232 -> 78517.2
2026-08-26T13:00:01.289163+00:00 HOUR-FLAT: hour ended -> closing 1 position(s), win or lose
2026-08-26T13:00:01.970331+00:00   flat: ticket 1044792232 (-0.69)
2026-08-26T13:00:02.001168+00:00 EXIT logged: ticket 1044792232 hour_flat profit -0.81 dur 28.0min
2026-08-26T13:01:26.517997+00:00 EXIT logged: ticket 1044769693 manual profit 0.34 dur 51.5min
2026-08-26T13:08:54.025325+00:00 ENTRY logged: SELL 0.02 @ 78128.06 ticket 1044831755
2026-08-26T13:28:02.311224+00:00 CROC ENTRY: BUY 0.01 after sweep+reclaim of range 77920.82/79232.49 (ticket 1044848809)
2026-08-26T13:28:04.323477+00:00 ENTRY logged: BUY 0.01 @ 78010.92 ticket 1044848809
2026-08-26T13:28:04.850935+00:00 TP set (tp3): ticket 1044848809 -> 78160.92
2026-08-26T13:30:11.264062+00:00 EXIT logged: ticket 1044848809 tp profit 1.5 dur 2.1min
2026-08-26T14:47:16.271546+00:00 CROC ENTRY: BUY 0.01 after sweep+reclaim of range 77886.04/79232.49 (ticket 1044916572)
2026-08-26T14:47:22.262778+00:00 ENTRY logged: BUY 0.01 @ 77919.1 ticket 1044916572
2026-08-26T14:47:22.813701+00:00 TP set (tp3): ticket 1044916572 -> 78069.1
2026-08-26T14:49:07.230121+00:00 EXIT logged: ticket 1044831755 manual profit 3.31 dur 100.2min
2026-08-26T14:49:07.233250+00:00 EXIT logged: ticket 1044916572 sweep_stop profit 0.33 dur 1.9min
2026-08-26T15:01:03.967384+00:00 CROC ENTRY: BUY 0.01 after sweep+reclaim of range 77747.35/79199.92 (ticket 1044927827)
2026-08-26T15:01:06.013916+00:00 ENTRY logged: BUY 0.01 @ 77872.62 ticket 1044927827
2026-08-26T15:01:06.631615+00:00 TP set (tp3): ticket 1044927827 -> 78022.62
2026-08-26T15:26:26.708845+00:00 EXIT logged: ticket 1044927827 tp profit 1.5 dur 25.4min
2026-08-26T15:40:45.188048+00:00 ENTRY logged: SELL 0.02 @ 78059.48 ticket 1044958000
2026-08-26T16:00:51.769265+00:00 EXIT logged: ticket 1044958000 manual profit 0.24 dur 20.1min
2026-08-26T20:00:12.378455+00:00 CLOCKS ALIGNED: H4 and D1 both say UP - next BUY scalp is the runner candidate (2x0.01)
2026-08-26T20:00:12.379779+00:00 PAPER RUNNER opened: BUY 2x0.01 @ 78472.68 (virtual, no real money)
2026-08-26T20:18:55.717085+00:00 ENTRY logged: SELL 0.02 @ 78394.45 ticket 1045061621
2026-08-26T20:41:01.775998+00:00 SHADOW ENTRY: recipe fired -> would BUY @ ~78386.66 (setup 78379.02)
2026-08-26T20:41:01.775998+00:00 AUTO ENTRY skipped: dip gate (H1=1 M15=-1 M5=1, need 1/-1/-1)
2026-08-26T21:10:56.685664+00:00 PAPER RUNNER banked $1.50 (leg A TP), leg B now risk-free with BE stop @ 78477.68 (virtual)
2026-08-26T21:12:03.846617+00:00 SHADOW ENTRY: recipe fired -> would BUY @ ~78683.02 (setup 78651.27)
2026-08-26T21:12:03.849034+00:00 AUTO ENTRY skipped: dip gate (H1=-1 M15=1 M5=1, need 1/-1/-1)
2026-08-26T21:13:26.030896+00:00 EXIT logged: ticket 1045061621 sl profit -7.41 dur 54.5min
2026-08-26T22:06:03.887496+00:00 CROC ENTRY: SELL 0.01 after sweep+reclaim of range 77613.42/78866.26 (ticket 1045079549)
2026-08-26T22:06:05.905141+00:00 ENTRY logged: SELL 0.01 @ 78861.75 ticket 1045079549
2026-08-26T22:06:06.441765+00:00 TP set (tp3): ticket 1045079549 -> 78711.75
2026-08-26T22:21:02.037342+00:00 SHADOW ENTRY: recipe fired -> would BUY @ ~78912.14 (setup 78895.15)
2026-08-26T22:21:02.037342+00:00 AUTO ENTRY skipped: dip gate (H1=1 M15=1 M5=1, need 1/-1/-1)
2026-08-26T22:33:03.181597+00:00 EXIT logged: ticket 1045079549 tp profit 1.5 dur 27.0min
2026-08-26T23:26:03.751739+00:00 SHADOW ENTRY: recipe fired -> would BUY @ ~78797.33 (setup 78737.02)
2026-08-26T23:26:03.751739+00:00 AUTO ENTRY skipped: dip gate (H1=-1 M15=1 M5=1, need 1/-1/-1)
2026-08-26T23:26:09.765216+00:00 ENTRY logged: BUY 0.02 @ 78798.22 ticket 1045098980
2026-08-26T23:35:46.434883+00:00 EXIT logged: ticket 1045098980 tp profit 3.12 dur 9.6min
2026-08-26T23:38:03.500009+00:00 CROC ENTRY: SELL 0.01 after sweep+reclaim of range 77613.42/78984.41 (ticket 1045101682)
2026-08-26T23:38:05.513469+00:00 ENTRY logged: SELL 0.01 @ 78964.19 ticket 1045101682
2026-08-26T23:38:06.161787+00:00 TP set (tp3): ticket 1045101682 -> 78814.19
2026-08-27T00:00:02.352198+00:00 HOUR-FLAT: hour ended -> closing 1 position(s), win or lose
2026-08-27T00:00:03.464858+00:00   flat: ticket 1045101682 (-0.76)
2026-08-27T00:00:09.324669+00:00 EXIT logged: ticket 1045101682 hour_flat profit -0.81 dur 22.0min
2026-08-27T00:15:23.066452+00:00 ENTRY logged: SELL 0.02 @ 78827.99 ticket 1045111914
2026-08-27T00:23:02.437317+00:00 SHADOW ENTRY: recipe fired -> would BUY @ ~78944.43 (setup 78933.76)
2026-08-27T00:23:02.437317+00:00 AUTO ENTRY skipped: dip gate (H1=1 M15=-1 M5=1, need 1/-1/-1)
2026-08-27T01:00:05.995666+00:00 EXIT logged: ticket 1045111914 tp profit 3.0 dur 44.7min
2026-08-27T01:07:03.125104+00:00 SHADOW ENTRY: recipe fired -> would BUY @ ~78762.33 (setup 78752.86)
2026-08-27T01:07:03.125104+00:00 AUTO ENTRY skipped: dip gate (H1=-1 M15=-1 M5=1, need 1/-1/-1)
2026-08-27T02:09:04.886892+00:00 SHADOW ENTRY: recipe fired -> would BUY @ ~78939.18 (setup 78936.47)
2026-08-27T02:09:04.886892+00:00 AUTO ENTRY skipped: dip gate (H1=1 M15=1 M5=1, need 1/-1/-1)
2026-08-27T03:23:04.279810+00:00 SHADOW ENTRY: recipe fired -> would BUY @ ~78856.85 (setup 78751.59)
2026-08-27T03:23:04.281109+00:00 AUTO ENTRY skipped: dip gate (H1=-1 M15=-1 M5=1, need 1/-1/-1)
2026-08-27T04:04:03.512929+00:00 SHADOW ENTRY: recipe fired -> would BUY @ ~78861.33 (setup 78841.25)
2026-08-27T04:04:03.512929+00:00 AUTO ENTRY skipped: dip gate (H1=1 M15=-1 M5=1, need 1/-1/-1)
2026-08-27T06:31:03.223921+00:00 SHADOW ENTRY: recipe fired -> would BUY @ ~78767.26 (setup 78714.91)
2026-08-27T06:31:05.331174+00:00 AUTO ENTRY (dip+split): recipe fired -> BUY 2x0.01 (A=1045212401, B=1045212411)
2026-08-27T06:31:07.340124+00:00 ENTRY logged: BUY 0.01 @ 78777.28 ticket 1045212401
2026-08-27T06:31:07.344641+00:00 ENTRY logged: BUY 0.01 @ 78778.15000000001 ticket 1045212411
2026-08-27T06:31:07.345090+00:00 RECOVERY breakeven: 1045212401@78777.28 -> TP 78787.28
2026-08-27T06:31:07.863187+00:00 TP set (be): ticket 1045212401 -> 78787.28
2026-08-27T06:31:08.434974+00:00 TP set (tp3): ticket 1045212411 -> 78928.15
2026-08-27T06:50:14.345429+00:00 EXIT logged: ticket 1045212401 tp profit 0.1 dur 19.2min
2026-08-27T07:00:04.155926+00:00 HOUR-FLAT: hour ended -> closing 1 position(s), win or lose
2026-08-27T07:00:05.217776+00:00   flat: ticket 1045212411 (+0.18)
2026-08-27T07:00:05.225564+00:00 EXIT logged: ticket 1045212411 hour_flat profit 0.06 dur 29.0min
2026-08-27T07:25:08.727551+00:00 ENTRY logged: SELL 0.02 @ 78747.65000000001 ticket 1045237655
2026-08-27T07:31:03.503090+00:00 SHADOW ENTRY: recipe fired -> would BUY @ ~78795.67 (setup 78789.08)
2026-08-27T07:31:03.503090+00:00 AUTO ENTRY skipped: dip gate (H1=-1 M15=-1 M5=1, need 1/-1/-1)
2026-08-27T07:32:07.641197+00:00 EXIT logged: ticket 1045237655 sl profit -2.04 dur 7.0min
2026-08-27T07:32:11.651783+00:00 ENTRY logged: BUY 0.02 @ 78857.87 ticket 1045242238
2026-08-27T07:54:48.073010+00:00 EXIT logged: ticket 1045242238 tp profit 3.51 dur 22.6min
2026-08-27T08:09:10.136514+00:00 ENTRY logged: BUY 0.02 @ 79629.48 ticket 1045259007
2026-08-27T08:10:16.281551+00:00 EXIT logged: ticket 1045259007 tp profit 3.0 dur 1.1min
2026-08-27T08:30:03.772718+00:00 SHADOW ENTRY: recipe fired -> would BUY @ ~79738.79 (setup 79737.07)
2026-08-27T08:30:03.774686+00:00 AUTO ENTRY skipped: London hours (08:xx UTC, no entries 08-16)
2026-08-27T09:00:03.571192+00:00 CROC ENTRY: SELL 0.01 after sweep+reclaim of range 78369.29/80018.12 (ticket 1045283657)
2026-08-27T09:00:05.582151+00:00 ENTRY logged: SELL 0.01 @ 79744.3 ticket 1045283657
2026-08-27T09:00:06.269154+00:00 TP set (tp3): ticket 1045283657 -> 79594.3
2026-08-27T09:08:00.606610+00:00 SHADOW ENTRY: recipe fired -> would BUY @ ~79804.06 (setup 79776.82)
2026-08-27T09:08:00.606610+00:00 AUTO ENTRY skipped: London hours (09:xx UTC, no entries 08-16)
2026-08-27T09:11:05.003504+00:00 ENTRY logged: BUY 0.02 @ 79858.93000000001 ticket 1045290266
2026-08-27T09:20:03.252366+00:00 EXIT logged: ticket 1045290266 tp profit 3.0 dur 9.0min
2026-08-27T09:30:05.941176+00:00 CROC time-stop: ticket 1045283657 closed (-7.57) at 30min
2026-08-27T09:30:07.968327+00:00 EXIT logged: ticket 1045283657 sweep_stop profit -7.5600000000000005 dur 30.0min
2026-08-27T09:57:03.344743+00:00 CROC ENTRY: SELL 0.01 after sweep+reclaim of range 78369.29/80018.12 (ticket 1045316784)
2026-08-27T09:57:05.357682+00:00 ENTRY logged: SELL 0.01 @ 79990.72 ticket 1045316784
2026-08-27T09:57:06.016415+00:00 TP set (tp3): ticket 1045316784 -> 79840.72
2026-08-27T10:00:02.579184+00:00 HOUR-FLAT: hour ended -> closing 1 position(s), win or lose
2026-08-27T10:00:03.480521+00:00   flat: ticket 1045316784 (-0.01)
2026-08-27T10:00:03.487870+00:00 EXIT logged: ticket 1045316784 hour_flat profit -0.04 dur 3.0min
2026-08-27T10:05:30.157610+00:00 OWL starting (TP+recovery manager, trade scribe)
2026-08-27T10:10:02.125839+00:00 SHADOW ENTRY: recipe fired -> would BUY @ ~80152.39 (setup 80124.92)
2026-08-27T11:22:30.071310+00:00 OWL starting (TP+recovery manager, trade scribe)
2026-08-27T11:28:10.963459+00:00 ENTRY logged: SELL 0.02 @ 79497.87 ticket 1045364165
2026-08-27T11:44:02.449926+00:00 SHADOW ENTRY: recipe fired -> would BUY @ ~79451.00 (setup 79438.78)
2026-08-27T11:51:05.349412+00:00 EXIT logged: ticket 1045364165 tp profit 3.0 dur 22.9min
2026-08-27T12:26:02.710661+00:00 SHADOW ENTRY: recipe fired -> would BUY @ ~79555.09 (setup 79509.91)
2026-08-27T12:29:11.104441+00:00 ENTRY logged: BUY 0.02 @ 79563.15000000001 ticket 1045403200
2026-08-27T12:39:49.174032+00:00 ENTRY logged: SELL 0.02 @ 79351.41 ticket 1045412209
2026-08-27T12:39:59.239020+00:00 EXIT logged: ticket 1045403200 manual profit -4.25 dur 10.8min
2026-08-27T13:08:21.525219+00:00 EXIT logged: ticket 1045412209 sl profit 0.0 dur 28.5min
2026-08-27T13:16:10.537168+00:00 ENTRY logged: BUY 0.03 @ 79376.41 ticket 1045440434
2026-08-27T13:27:01.131229+00:00 SHADOW ENTRY: recipe fired -> would BUY @ ~79482.09 (setup 79420.73)
2026-08-27T13:30:03.528721+00:00 EXIT logged: ticket 1045440434 sl profit -4.19 dur 13.9min
2026-08-27T13:32:05.823056+00:00 ENTRY logged: SELL 0.03 @ 79100.82 ticket 1045453290
2026-08-27T13:32:31.903275+00:00 ENTRY logged: SELL 0.01 @ 79198.48 ticket 1045454114
2026-08-27T13:58:11.410805+00:00 EXIT logged: ticket 1045453290 sl profit -12.38 dur 26.1min
2026-08-27T13:58:11.411512+00:00 EXIT logged: ticket 1045454114 sl profit -3.08 dur 25.7min
2026-08-27T13:59:05.546083+00:00 ENTRY logged: BUY 0.04 @ 79559.02 ticket 1045485118
2026-08-27T14:11:27.644480+00:00 ENTRY logged: SELL 0.03 @ 79411.53 ticket 1045495415
2026-08-27T14:18:02.340987+00:00 SHADOW ENTRY: recipe fired -> would BUY @ ~79561.21 (setup 79464.16)
2026-08-27T14:21:04.981935+00:00 EXIT logged: ticket 1045495415 sl profit -11.86 dur 9.6min
2026-08-27T14:23:07.335714+00:00 ENTRY logged: BUY 0.04 @ 79914.38 ticket 1045503693
2026-08-27T14:38:45.497872+00:00 EXIT logged: ticket 1045485118 tp profit 27.0 dur 39.6min
2026-08-27T14:38:47.511811+00:00 EXIT logged: ticket 1045503693 tp profit 13.9 dur 15.7min
2026-08-27T15:06:02.317521+00:00 SHADOW ENTRY: recipe fired -> would BUY @ ~80375.87 (setup 80333.21)
2026-08-27T15:06:08.349498+00:00 ENTRY logged: BUY 0.02 @ 80376.55 ticket 1045534221
2026-08-27T15:12:59.919750+00:00 EXIT logged: ticket 1045534221 tp profit 3.0 dur 6.9min
2026-08-27T16:04:01.497166+00:00 SHADOW ENTRY: recipe fired -> would BUY @ ~80409.31 (setup 80374.98)
2026-08-27T16:08:05.388590+00:00 ENTRY logged: SELL 0.02 @ 80227.17 ticket 1045571557
2026-08-27T16:13:09.990983+00:00 EXIT logged: ticket 1045571557 sl profit -5.65 dur 5.1min
2026-08-27T16:27:27.790159+00:00 ENTRY logged: BUY 0.03 @ 80552.06 ticket 1045579930
2026-08-27T16:27:27.790159+00:00 ticket 1045579930 has user TP 80793.06 at first sight - hands off
2026-08-27T17:04:19.499642+00:00 EXIT logged: ticket 1045579930 manual profit -7.64 dur 36.9min
2026-08-27T17:05:11.647032+00:00 SHADOW ENTRY: recipe fired -> would BUY @ ~80346.29 (setup 80324.80)
2026-08-27T17:06:03.780612+00:00 ENTRY logged: BUY 0.03 @ 80377.02 ticket 1045596533
2026-08-27T17:18:53.720587+00:00 EXIT logged: ticket 1045596533 tp profit 12.17 dur 12.8min
2026-08-27T17:39:47.367351+00:00 ENTRY logged: SELL 0.02 @ 80688.40000000001 ticket 1045609113
2026-08-27T17:43:19.805287+00:00 EXIT logged: ticket 1045609113 tp profit 3.0 dur 3.5min
2026-08-27T18:18:09.695442+00:00 ENTRY logged: SELL 0.02 @ 79920.47 ticket 1045626902
2026-08-27T18:52:02.846541+00:00 SHADOW ENTRY: recipe fired -> would BUY @ ~80012.53 (setup 79972.98)
2026-08-27T19:04:07.183822+00:00 EXIT logged: ticket 1045626902 sl profit -6.04 dur 46.0min
2026-08-27T19:06:07.444287+00:00 ENTRY logged: BUY 0.03 @ 80250.37 ticket 1045643004
2026-08-27T19:09:03.937642+00:00 SHADOW ENTRY: recipe fired -> would BUY @ ~80286.96 (setup 80243.82)
2026-08-27T19:27:46.585061+00:00 ENTRY logged: SELL 0.02 @ 80080.92 ticket 1045651479
2026-08-27T19:59:58.315758+00:00 EXIT logged: ticket 1045651479 tp profit 3.0 dur 32.2min
2026-08-27T20:18:03.224662+00:00 SHADOW ENTRY: recipe fired -> would BUY @ ~79990.18 (setup 79984.54)
2026-08-27T21:08:02.037877+00:00 SHADOW ENTRY: recipe fired -> would BUY @ ~80129.34 (setup 80095.32)
2026-08-27T21:16:22.496585+00:00 ENTRY logged: BUY 0.02 @ 80144.88 ticket 1045676357
2026-08-27T21:19:02.884737+00:00 EXIT logged: ticket 1045676357 sl profit -2.56 dur 2.7min
2026-08-27T21:20:51.045015+00:00 ENTRY logged: SELL 0.03 @ 80017.6 ticket 1045676525
2026-08-27T21:58:30.579989+00:00 EXIT logged: ticket 1045676525 sl profit -4.98 dur 37.7min
2026-08-27T21:59:10.641763+00:00 ENTRY logged: BUY 0.04 @ 80207.12 ticket 1045677815
2026-08-27T22:06:03.552081+00:00 SHADOW ENTRY: recipe fired -> would BUY @ ~80292.96 (setup 80292.60)
2026-08-27T22:16:37.806588+00:00 EXIT logged: ticket 1045677815 tp profit 8.0 dur 17.5min
2026-08-27T22:37:10.292617+00:00 ENTRY logged: SELL 0.03 @ 80166.14 ticket 1045686227
2026-08-27T22:43:19.047524+00:00 EXIT logged: ticket 1045686227 sl profit -4.5 dur 6.2min
2026-08-27T23:07:25.609636+00:00 ENTRY logged: BUY 0.04 @ 80249.08 ticket 1045691773
2026-08-27T23:15:16.899869+00:00 EXIT logged: ticket 1045691773 sl profit -4.01 dur 7.8min
2026-08-27T23:23:03.703003+00:00 SHADOW ENTRY: recipe fired -> would BUY @ ~80391.45 (setup 80381.29)
2026-08-27T23:24:39.866008+00:00 ENTRY logged: BUY 0.05 @ 80377.23 ticket 1045696100
2026-08-28T00:16:03.588015+00:00 SHADOW ENTRY: recipe fired -> would BUY @ ~80331.64 (setup 80272.45)
2026-08-28T00:56:46.364288+00:00 EXIT logged: ticket 1045696100 tp profit 10.94 dur 92.1min
2026-08-28T00:57:46.494920+00:00 EXIT logged: ticket 1045643004 tp profit 12.05 dur 351.6min
2026-08-28T01:10:04.046600+00:00 SHADOW ENTRY: recipe fired -> would BUY @ ~80811.60 (setup 80762.65)
2026-08-28T02:10:03.149268+00:00 SHADOW ENTRY: recipe fired -> would BUY @ ~80447.94 (setup 80439.64)
2026-08-28T03:20:03.868653+00:00 SHADOW ENTRY: recipe fired -> would BUY @ ~80019.02 (setup 79969.84)
2026-08-28T04:00:21.757343+00:00 CLOCKS DIVERGED: H4 and D1 disagree again - no new runner candidates
2026-08-28T04:15:12.694521+00:00 ENTRY logged: BUY 0.02 @ 79888.79000000001 ticket 1045762142
2026-08-28T05:01:44.848266+00:00 EXIT logged: ticket 1045762142 sl profit -5.95 dur 46.6min
2026-08-28T05:04:11.130523+00:00 ENTRY logged: BUY 0.02 @ 79711.79000000001 ticket 1045771141
2026-08-28T05:09:49.310138+00:00 EXIT logged: ticket 1045771141 sl profit -2.9699999999999998 dur 5.7min
2026-08-28T05:31:21.145907+00:00 ENTRY logged: BUY 0.02 @ 79755.06 ticket 1045777753
2026-08-28T05:31:53.237633+00:00 ENTRY logged: BUY 0.04 @ 79748.17 ticket 1045777910
2026-08-28T05:35:53.641437+00:00 ENTRY logged: BUY 0.01 @ 79848.02 ticket 1045779540
2026-08-28T06:08:59.152944+00:00 EXIT logged: ticket 1045777753 tp profit 3.0 dur 37.6min
2026-08-28T06:12:53.773222+00:00 EXIT logged: ticket 1045779540 manual profit 0.49 dur 37.0min
2026-08-28T08:46:11.146219+00:00 ENTRY logged: SELL 0.02 @ 79608.85 ticket 1045871473
2026-08-28T08:48:49.374599+00:00 EXIT logged: ticket 1045777910 sl profit -7.85 dur 196.7min
2026-08-28T08:49:39.538715+00:00 ENTRY logged: SELL 0.05 @ 79526.6 ticket 1045873728
2026-08-28T09:01:30.328420+00:00 EXIT logged: ticket 1045871473 tp profit 3.03 dur 15.3min
2026-08-28T10:02:17.309744+00:00 EXIT logged: ticket 1045873728 manual profit 13.22 dur 72.6min
2026-08-28T10:37:55.138194+00:00 ENTRY logged: BUY 0.02 @ 79352.91 ticket 1045918284
2026-08-28T10:56:16.521370+00:00 EXIT logged: ticket 1045918284 tp profit 3.0 dur 18.3min
2026-08-28T11:20:07.568083+00:00 ENTRY logged: BUY 0.02 @ 79736.55 ticket 1045940106
2026-08-28T11:36:04.123714+00:00 EXIT logged: ticket 1045940106 sl profit -2.61 dur 15.9min
2026-08-28T11:39:49.433156+00:00 ENTRY logged: SELL 0.03 @ 79583.93000000001 ticket 1045947163
2026-08-28T11:43:55.670286+00:00 OWL starting (TP+recovery manager, trade scribe)
2026-08-28T11:43:55.679679+00:00 MILESTONE 150.0 TOUCHED (equity 200.27) -> cutting ALL trades
2026-08-28T11:43:56.216147+00:00   milestone cut: ticket 1045947163 (-1.57)
2026-08-28T11:43:56.230197+00:00 EXIT logged: ticket 1045947163 manual profit -1.5699999999999998 dur 4.8min
2026-08-28T11:47:12.833945+00:00 ENTRY logged: BUY 0.04 @ 79650.0 ticket 1045951281
2026-08-28T11:51:15.432369+00:00 EXIT logged: ticket 1045951281 sl profit -3.7199999999999998 dur 4.0min
2026-08-28T11:51:33.525808+00:00 ENTRY logged: SELL 0.06 @ 79556.71 ticket 1045952562
2026-08-28T12:33:09.184373+00:00 ENTRY logged: SELL 0.02 @ 79471.07 ticket 1045979611
2026-08-28T12:41:28.082244+00:00 EXIT logged: ticket 1045952562 tp profit 12.97 dur 49.9min
2026-08-28T12:43:19.387537+00:00 EXIT logged: ticket 1045979611 tp profit 3.0 dur 10.2min
2026-08-28T13:08:29.559309+00:00 ENTRY logged: SELL 0.02 @ 79381.56 ticket 1046005344
2026-08-28T13:27:13.405192+00:00 EXIT logged: ticket 1046005344 tp profit 6.79 dur 18.7min
2026-08-28T14:13:24.786690+00:00 PAPER RUNNER BE-stopped: total +1.55 (virtual). Ledger: -3.97 over 5 attempts
2026-08-28T14:14:25.023407+00:00 ENTRY logged: SELL 0.02 @ 78629.97 ticket 1046082532
2026-08-28T14:37:11.546421+00:00 EXIT logged: ticket 1046082532 sl profit -16.33 dur 22.8min
2026-08-28T14:40:06.454165+00:00 ENTRY logged: BUY 0.03 @ 79529.81 ticket 1046116699
2026-08-28T15:31:05.925919+00:00 ENTRY logged: SELL 0.02 @ 79235.49 ticket 1046160602
2026-08-28T15:40:56.055636+00:00 EXIT logged: ticket 1046160602 tp profit 3.0 dur 9.8min
2026-08-28T15:58:15.650952+00:00 EXIT logged: ticket 1046116699 sl profit -33.9 dur 78.2min
2026-08-28T15:58:39.807372+00:00 ENTRY logged: SELL 0.04 @ 78359.27 ticket 1046184373
2026-08-28T16:13:03.855643+00:00 ENTRY logged: SELL 0.02 @ 77917.09 ticket 1046198521
2026-08-28T16:16:00.695475+00:00 EXIT logged: ticket 1046198521 tp profit 3.0 dur 3.0min
2026-08-28T16:25:12.635692+00:00 EXIT logged: ticket 1046184373 tp profit 56.73 dur 26.6min
2026-08-28T17:14:54.295415+00:00 ENTRY logged: BUY 0.02 @ 77976.02 ticket 1046244463
2026-08-28T17:25:20.364908+00:00 ENTRY logged: SELL 0.03 @ 77931.07 ticket 1046248884
2026-08-28T17:25:20.364908+00:00 ticket 1046248884 has user TP 77840.64 at first sight - hands off
2026-08-28T17:25:34.561202+00:00 EXIT logged: ticket 1046248884 manual profit 0.58 dur 0.2min
2026-08-28T18:20:35.871839+00:00 EXIT logged: ticket 1046244463 sl profit -7.12 dur 65.7min
2026-08-28T18:28:11.396854+00:00 ENTRY logged: SELL 0.03 @ 77586.39 ticket 1046275553
2026-08-28T19:04:54.518955+00:00 ENTRY logged: SELL 0.02 @ 77509.88 ticket 1046288600
2026-08-28T19:08:05.275067+00:00 EXIT logged: ticket 1046288600 sl profit -2.9699999999999998 dur 3.2min
2026-08-28T19:09:07.541840+00:00 ENTRY logged: BUY 0.03 @ 77689.03 ticket 1046289937
2026-08-28T19:21:12.175477+00:00 EXIT logged: ticket 1046289937 tp profit 3.0 dur 12.1min
2026-08-28T20:33:16.966790+00:00 ENTRY logged: SELL 0.02 @ 77312.2 ticket 1046310120
2026-08-28T22:34:25.456400+00:00 EXIT logged: ticket 1046310120 sl profit -6.21 dur 121.2min
2026-08-28T22:36:03.726307+00:00 ENTRY logged: BUY 0.03 @ 77654.40000000001 ticket 1046320114
2026-08-29T00:01:42.507927+00:00 D1 FLIP: daily trend is now DOWN - if a runner leg is riding, this is its harvest signal
2026-08-29T00:01:42.509447+00:00 CLOCKS ALIGNED: H4 and D1 both say DOWN - next SELL scalp is the runner candidate (2x0.01)
2026-08-29T00:01:42.512396+00:00 PAPER RUNNER opened: SELL 2x0.01 @ 77817.07 (virtual, no real money)
2026-08-29T00:32:04.243534+00:00 SHADOW ENTRY: recipe fired -> would SELL @ ~77828.91 (setup 77857.15)
2026-08-29T01:07:02.373810+00:00 SHADOW ENTRY: recipe fired -> would SELL @ ~77680.12 (setup 77681.66)
2026-08-29T01:08:08.526158+00:00 PAPER RUNNER banked $1.50 (leg A TP), leg B now risk-free with BE stop @ 77812.07 (virtual)
2026-08-29T01:34:15.524782+00:00 PAPER RUNNER BE-stopped: total +1.55 (virtual). Ledger: -2.42 over 6 attempts
2026-08-29T02:04:04.736300+00:00 SHADOW ENTRY: recipe fired -> would SELL @ ~77776.10 (setup 77784.59)
2026-08-29T03:14:03.027775+00:00 SHADOW ENTRY: recipe fired -> would SELL @ ~77678.96 (setup 77680.85)
2026-08-29T04:08:03.333284+00:00 SHADOW ENTRY: recipe fired -> would SELL @ ~77543.26 (setup 77545.18)
2026-08-29T05:21:03.055379+00:00 SHADOW ENTRY: recipe fired -> would SELL @ ~77659.15 (setup 77681.45)
2026-08-29T06:20:04.556015+00:00 SHADOW ENTRY: recipe fired -> would SELL @ ~77447.03 (setup 77456.61)
2026-08-29T07:49:04.053740+00:00 SHADOW ENTRY: recipe fired -> would SELL @ ~77624.31 (setup 77641.02)
2026-08-29T08:20:55.798629+00:00 ENTRY logged: BUY 0.02 @ 77544.46 ticket 1046347688
2026-08-29T08:26:54.491622+00:00 EXIT logged: ticket 1046347688 tp profit 0.63 dur 6.0min
2026-08-29T08:32:05.000320+00:00 SHADOW ENTRY: recipe fired -> would SELL @ ~77541.42 (setup 77561.56)
2026-08-29T08:48:47.392475+00:00 ENTRY logged: BUY 0.02 @ 77625.2 ticket 1046349373
2026-08-29T09:07:01.372691+00:00 SHADOW ENTRY: recipe fired -> would SELL @ ~77609.17 (setup 77611.67)
2026-08-29T09:08:28.696527+00:00 EXIT logged: ticket 1046349373 manual profit -0.54 dur 19.7min
2026-08-29T09:09:12.780735+00:00 ENTRY logged: SELL 0.02 @ 77600.97 ticket 1046350548
2026-08-29T09:36:40.401145+00:00 EXIT logged: ticket 1046350548 sl profit -1.77 dur 27.4min
2026-08-29T09:37:14.467592+00:00 ENTRY logged: BUY 0.03 @ 77691.56 ticket 1046352655
2026-08-29T10:04:00.873271+00:00 SHADOW ENTRY: recipe fired -> would SELL @ ~77601.61 (setup 77623.23)
2026-08-29T10:05:57.099231+00:00 EXIT logged: ticket 1046352655 sl profit -4.59 dur 28.7min
2026-08-29T11:31:02.347146+00:00 SHADOW ENTRY: recipe fired -> would SELL @ ~77665.30 (setup 77674.83)
2026-08-29T12:25:01.479918+00:00 SHADOW ENTRY: recipe fired -> would SELL @ ~77554.91 (setup 77588.27)
2026-08-29T12:25:15.516343+00:00 ENTRY logged: SELL 0.04 @ 77529.72 ticket 1046363318
2026-08-29T13:14:15.054848+00:00 EXIT logged: ticket 1046363318 sl profit -5.8100000000000005 dur 49.0min
2026-08-29T13:29:02.039604+00:00 SHADOW ENTRY: recipe fired -> would SELL @ ~77640.63 (setup 77664.30)
2026-08-29T13:34:50.503113+00:00 ENTRY logged: BUY 0.05 @ 77632.19 ticket 1046366780
2026-08-29T14:10:01.334257+00:00 SHADOW ENTRY: recipe fired -> would SELL @ ~77683.05 (setup 77683.69)
2026-08-29T14:40:58.526179+00:00 EXIT logged: ticket 1046366780 tp profit 9.25 dur 66.1min
2026-08-29T14:43:18.765797+00:00 EXIT logged: ticket 1046320114 tp profit 10.28 dur 967.3min
2026-08-29T14:47:19.190109+00:00 EXIT logged: ticket 1046275553 sl profit -16.63 dur 1219.1min
2026-08-29T15:07:01.540800+00:00 SHADOW ENTRY: recipe fired -> would SELL @ ~77855.29 (setup 77857.39)
2026-08-29T15:24:09.218346+00:00 ENTRY logged: BUY 0.02 @ 77985.07 ticket 1046375680
2026-08-29T15:30:27.959735+00:00 EXIT logged: ticket 1046375680 sl profit -3.04 dur 6.3min
2026-08-29T15:32:04.115780+00:00 ENTRY logged: SELL 0.03 @ 77827.46 ticket 1046376458
2026-08-29T15:32:52.207319+00:00 ENTRY logged: SELL 0.01 @ 77830.66 ticket 1046376543
2026-08-29T16:00:22.915987+00:00 CLOCKS DIVERGED: H4 and D1 disagree again - no new runner candidates
2026-08-29T16:07:07.641987+00:00 EXIT logged: ticket 1046376458 manual profit -2.79 dur 35.0min
2026-08-29T16:07:15.673289+00:00 EXIT logged: ticket 1046376543 manual profit -0.87 dur 34.4min
2026-08-29T16:07:33.706815+00:00 ENTRY logged: BUY 0.04 @ 77930.90000000001 ticket 1046378650
2026-08-29T16:11:08.048462+00:00 ENTRY logged: BUY 0.04 @ 77977.51 ticket 1046378961
2026-08-29T16:15:08.458772+00:00 EXIT logged: ticket 1046378650 tp profit 3.42 dur 7.6min
2026-08-29T18:38:10.664748+00:00 EXIT logged: ticket 1046378961 tp profit 7.85 dur 147.0min
2026-08-29T18:49:10.958939+00:00 ENTRY logged: BUY 0.04 @ 78229.12 ticket 1046390711
2026-08-29T20:44:56.645789+00:00 ENTRY logged: SELL 0.02 @ 78126.73 ticket 1046398469
2026-08-29T22:07:38.952164+00:00 ENTRY logged: BUY 0.06 @ 78193.81 ticket 1046402232
2026-08-29T22:20:20.842782+00:00 EXIT logged: ticket 1046402232 manual profit -6.85 dur 12.7min
2026-08-29T22:21:26.209950+00:00 ENTRY logged: SELL 0.07 @ 78100.43000000001 ticket 1046402943
2026-08-29T22:24:24.573785+00:00 ENTRY logged: SELL 0.02 @ 78099.85 ticket 1046403038
2026-08-29T22:57:47.524097+00:00 EXIT logged: ticket 1046402943 sl profit -8.74 dur 36.4min
2026-08-29T22:57:47.528386+00:00 EXIT logged: ticket 1046403038 sl profit -2.65 dur 33.4min
2026-08-29T22:59:33.704669+00:00 ENTRY logged: BUY 0.13 @ 78221.69 ticket 1046404164
2026-08-30T00:18:06.431367+00:00 EXIT logged: ticket 1046398469 sl profit -3.4699999999999998 dur 213.2min
2026-08-30T01:13:42.410422+00:00 EXIT logged: ticket 1046404164 sl profit -20.31 dur 134.2min
2026-08-30T01:23:37.464154+00:00 ENTRY logged: SELL 0.15 @ 78029.04000000001 ticket 1046409265
2026-08-30T04:00:13.289656+00:00 CLOCKS ALIGNED: H4 and D1 both say DOWN - next SELL scalp is the runner candidate (2x0.01)
2026-08-30T04:00:13.292160+00:00 PAPER RUNNER opened: SELL 2x0.01 @ 78129.55 (virtual, no real money)
2026-08-30T04:22:03.655062+00:00 SHADOW ENTRY: recipe fired -> would SELL @ ~78107.59 (setup 78139.32)
2026-08-30T04:49:20.736069+00:00 PAPER RUNNER banked $1.50 (leg A TP), leg B now risk-free with BE stop @ 78124.55 (virtual)
2026-08-30T05:02:24.907060+00:00 PAPER RUNNER BE-stopped: total +1.55 (virtual). Ledger: -0.87 over 7 attempts
2026-08-30T05:12:03.971643+00:00 SHADOW ENTRY: recipe fired -> would SELL @ ~78134.63 (setup 78141.35)
2026-08-30T06:10:02.973518+00:00 SHADOW ENTRY: recipe fired -> would SELL @ ~78109.23 (setup 78109.72)
2026-08-30T07:32:04.369375+00:00 SHADOW ENTRY: recipe fired -> would SELL @ ~78212.57 (setup 78214.54)
2026-08-30T08:29:05.165172+00:00 SHADOW ENTRY: recipe fired -> would SELL @ ~78133.92 (setup 78139.46)
2026-08-30T09:10:00.915529+00:00 SHADOW ENTRY: recipe fired -> would SELL @ ~78064.04 (setup 78064.49)
2026-08-30T09:21:21.424726+00:00 ENTRY logged: BUY 0.17 @ 78106.13 ticket 1046424551
2026-08-30T09:24:15.769519+00:00 EXIT logged: ticket 1046424551 manual profit -11.82 dur 2.9min
2026-08-30T09:24:27.792046+00:00 ENTRY logged: SELL 0.34 @ 78035.5 ticket 1046424803
2026-08-30T09:40:59.660218+00:00 EXIT logged: ticket 1046424803 sl profit -0.16 dur 16.5min
2026-08-30T11:13:23.408031+00:00 ENTRY logged: SELL 0.15 @ 78128.28 ticket 1046431837
2026-08-30T11:27:08.836291+00:00 EXIT logged: ticket 1046431837 sl profit -9.55 dur 13.8min
2026-08-30T11:32:43.467675+00:00 ENTRY logged: BUY 0.3 @ 78182.71 ticket 1046432727
2026-08-30T11:47:02.360905+00:00 SHADOW ENTRY: recipe fired -> would SELL @ ~78155.48 (setup 78160.91)
2026-08-30T11:50:54.767451+00:00 EXIT logged: ticket 1046432727 sl profit -19.2 dur 18.2min
2026-08-30T11:51:12.806155+00:00 ENTRY logged: SELL 0.45 @ 78121.33 ticket 1046433779
2026-08-30T12:00:55.971958+00:00 CLOCKS DIVERGED: H4 and D1 disagree again - no new runner candidates
2026-08-30T12:01:54.081093+00:00 EXIT logged: ticket 1046409265 manual profit -28.03 dur 638.3min
2026-08-30T12:02:04.111808+00:00 EXIT logged: ticket 1046433779 sl profit -47.66 dur 10.8min
2026-08-30T12:03:56.295164+00:00 ENTRY logged: BUY 0.15 @ 78262.3 ticket 1046434948
2026-08-30T12:09:26.893199+00:00 EXIT logged: ticket 1046390711 manual profit 11.11 dur 1040.3min
2026-08-30T12:09:26.898606+00:00 EXIT logged: ticket 1046434948 manual profit 36.66 dur 5.5min
2026-08-30T13:48:12.403411+00:00 ENTRY logged: BUY 0.04 @ 78950.86 ticket 1046448168
2026-08-30T15:02:55.180424+00:00 EXIT logged: ticket 1046448168 manual profit -10.5 dur 74.7min
2026-08-30T20:13:13.255634+00:00 ENTRY logged: BUY 0.1 @ 78922.7 ticket 1046491808
2026-08-30T20:30:40.382977+00:00 EXIT logged: ticket 1046491808 sl profit -12.34 dur 17.4min
2026-08-30T20:39:45.311565+00:00 ENTRY logged: SELL 0.02 @ 78725.44 ticket 1046494148
2026-08-30T21:02:05.958584+00:00 EXIT logged: ticket 1046494148 tp profit 8.0 dur 22.1min
2026-08-30T21:29:00.623853+00:00 ENTRY logged: BUY 0.02 @ 78647.69 ticket 1046502417
2026-08-30T22:17:16.349824+00:00 EXIT logged: ticket 1046502417 sl profit -3.88 dur 48.3min
2026-08-30T22:17:40.419677+00:00 ENTRY logged: SELL 0.03 @ 78411.96 ticket 1046519683
2026-08-30T23:17:15.021179+00:00 EXIT logged: ticket 1046519683 tp profit 6.0 dur 59.6min
2026-08-30T23:21:55.546852+00:00 ENTRY logged: BUY 0.02 @ 78370.19 ticket 1046546797
2026-08-30T23:23:19.717533+00:00 EXIT logged: ticket 1046546797 sl profit -5.5 dur 1.4min
2026-08-30T23:23:25.737738+00:00 ENTRY logged: SELL 0.03 @ 78039.51 ticket 1046547631
2026-08-30T23:23:33.767347+00:00 EXIT logged: ticket 1046547631 manual profit 4.8 dur 0.1min
2026-08-31T00:00:48.449424+00:00 CLOCKS ALIGNED: H4 and D1 both say DOWN - next SELL scalp is the runner candidate (2x0.01)
2026-08-31T00:00:48.452948+00:00 PAPER RUNNER opened: SELL 2x0.01 @ 77615.93 (virtual, no real money)
2026-08-31T00:04:28.912701+00:00 ENTRY logged: BUY 0.02 @ 77752.33 ticket 1046571299
2026-08-31T00:07:03.291403+00:00 SHADOW ENTRY: recipe fired -> would SELL @ ~77574.08 (setup 77588.89)
2026-08-31T00:07:11.309998+00:00 EXIT logged: ticket 1046571299 sl profit -4.05 dur 2.7min
2026-08-31T00:07:23.350985+00:00 ENTRY logged: SELL 0.02 @ 77503.12 ticket 1046572630
2026-08-31T00:09:49.675162+00:00 PAPER RUNNER banked $1.50 (leg A TP), leg B now risk-free with BE stop @ 77610.93 (virtual)
2026-08-31T00:11:49.996252+00:00 PAPER RUNNER BE-stopped: total +1.55 (virtual). Ledger: +0.68 over 8 attempts
2026-08-31T00:17:24.931121+00:00 ENTRY logged: BUY 0.04 @ 77819.2 ticket 1046576738
2026-08-31T00:17:24.948588+00:00 EXIT logged: ticket 1046572630 sl profit -6.88 dur 9.0min
2026-08-31T00:35:29.103407+00:00 EXIT logged: ticket 1046576738 tp profit 13.29 dur 18.9min
2026-08-31T01:12:02.027561+00:00 SHADOW ENTRY: recipe fired -> would SELL @ ~77610.74 (setup 77617.46)
2026-08-31T02:19:03.547971+00:00 SHADOW ENTRY: recipe fired -> would SELL @ ~77850.38 (setup 77860.07)
2026-08-31T03:35:33.951978+00:00 ENTRY logged: BUY 0.02 @ 77717.73 ticket 1046661979
2026-08-31T03:58:03.343303+00:00 SHADOW ENTRY: recipe fired -> would SELL @ ~77738.73 (setup 77753.61)
2026-08-31T04:02:33.946792+00:00 EXIT logged: ticket 1046661979 sl profit -1.63 dur 27.0min
2026-08-31T04:03:42.064757+00:00 ENTRY logged: SELL 0.03 @ 77629.40000000001 ticket 1046668973
2026-08-31T04:09:02.665244+00:00 SHADOW ENTRY: recipe fired -> would SELL @ ~77592.22 (setup 77614.59)
2026-08-31T04:35:18.331299+00:00 OWL starting (TP+recovery manager, trade scribe)
2026-08-31T04:40:55.343304+00:00 OWL starting (TP+recovery manager, trade scribe)
2026-08-31T04:47:41.602871+00:00 OWL starting (TP+recovery manager, trade scribe)
2026-08-31T04:50:03.932831+00:00 SHADOW ENTRY: recipe fired -> would SELL @ ~77473.37 (setup 77494.71)
2026-08-31T05:18:55.140381+00:00 EXIT logged: ticket 1046668973 sl profit -7.15 dur 75.2min
2026-08-31T05:18:55.141480+00:00 RECOV[1046668973] armed: SELL 0.03 stopped at 77867.80 -> waiting for an M1 CLOSE beyond the line
2026-08-31T05:19:04.429813+00:00 RECOV[1046668973] ENTRY: BUY 0.04 @ ~77936.10 SL 77440.42 TP 78419.28 (risk $19.83, prize $19.33, strong mkt -> -$0.50 early)
2026-08-31T05:19:06.452024+00:00 ENTRY logged: BUY 0.04 @ 77933.85 ticket 1046690491
2026-08-31T05:25:09.415852+00:00 ENTRY logged: BUY 0.02 @ 78096.01 ticket 1046693484
2026-08-31T05:37:49.112287+00:00 EXIT logged: ticket 1046693484 sl profit -4.22 dur 12.7min
2026-08-31T05:37:49.114295+00:00 RECOV[1046693484] armed: BUY 0.02 stopped at 77884.88 -> waiting for an M1 CLOSE beyond the line
2026-08-31T05:39:04.717301+00:00 RECOV[1046693484] ENTRY: SELL 0.03 @ ~77873.86 SL 78147.12 TP 77633.93 (risk $8.20, prize $7.20, calm mkt -> -$1.00 early)
2026-08-31T05:39:06.725801+00:00 ENTRY logged: SELL 0.03 @ 77873.85 ticket 1046700124
2026-08-31T05:39:06.732742+00:00 ESCAPE v2 armed: regime SELL-mode, wrong-way=BUY -> BE TP; trend leg TP removed (freeze holder)
2026-08-31T06:21:03.217215+00:00 SHADOW ENTRY: recipe fired -> would SELL @ ~78026.53 (setup 78051.19)
2026-08-31T06:41:12.399040+00:00 ESCAPE v2 disarmed (hedge resolved) - normal management restored
2026-08-31T06:41:12.406683+00:00 EXIT logged: ticket 1046700124 sl profit -8.51 dur 62.1min
2026-08-31T06:41:12.406683+00:00 RECOV[1046693484]: link 1046700124 stopped -> watching for M1 close beyond 78147.12
2026-08-31T07:13:04.931769+00:00 RECOV[1046693484] ENTRY: BUY 0.04 @ ~78169.34 SL 77829.95 TP 78483.73 (risk $13.58, prize $12.58, calm mkt -> -$1.00 early)
2026-08-31T07:13:06.949149+00:00 ENTRY logged: BUY 0.04 @ 78154.7 ticket 1046737177
2026-08-31T07:53:04.019480+00:00 SHADOW ENTRY: recipe fired -> would SELL @ ~78195.19 (setup 78216.51)
2026-08-31T08:03:03.688831+00:00 SHADOW ENTRY: recipe fired -> would SELL @ ~78116.26 (setup 78135.50)
2026-08-31T08:42:27.282877+00:00 EXIT logged: ticket 1046690491 tp profit 19.42 dur 203.4min
2026-08-31T08:42:27.283894+00:00 RECOV[1046668973]: chain ENDED (link 1046690491 exit=tp 19.42)
2026-08-31T08:58:26.700969+00:00 EXIT logged: ticket 1046737177 tp profit 13.16 dur 105.4min
2026-08-31T08:58:26.702148+00:00 RECOV[1046693484]: chain ENDED (link 1046737177 exit=tp 13.16)
2026-08-31T09:16:57.782568+00:00 ENTRY logged: BUY 0.02 @ 78685.09 ticket 1046807388
2026-08-31T09:51:30.611758+00:00 EXIT logged: ticket 1046807388 sl profit -2.63 dur 34.5min
2026-08-31T09:51:30.612708+00:00 RECOV[1046807388] armed: BUY 0.02 stopped at 78553.53 -> waiting for an M1 CLOSE beyond the line
2026-08-31T09:54:02.552499+00:00 RECOV[1046807388] ENTRY: SELL 0.03 @ ~78544.88 SL 78786.86 TP 78336.23 (risk $7.26, prize $6.26, calm mkt -> -$1.00 early)
2026-08-31T09:54:04.558889+00:00 ENTRY logged: SELL 0.03 @ 78548.31 ticket 1046825264
2026-08-31T10:00:01.192460+00:00 SHADOW ENTRY: recipe fired -> would SELL @ ~78499.31 (setup 78499.73)
2026-08-31T10:06:42.689488+00:00 EXIT logged: ticket 1046825264 tp profit 6.36 dur 12.7min
2026-08-31T10:06:42.690491+00:00 RECOV[1046807388]: chain ENDED (link 1046825264 exit=tp 6.36)
2026-08-31T10:07:00.784476+00:00 SHADOW ENTRY: recipe fired -> would SELL @ ~78328.91 (setup 78381.98)
2026-08-31T10:23:52.892004+00:00 ENTRY logged: SELL 0.02 @ 78380.37 ticket 1046841426
2026-08-31T10:26:31.193304+00:00 EXIT logged: ticket 1046841426 sl profit -1.09 dur 2.6min
2026-08-31T10:26:31.195315+00:00 RECOV[1046841426] armed: SELL 0.02 stopped at 78433.26 -> waiting for an M1 CLOSE beyond the line
2026-08-31T10:38:02.756503+00:00 RECOV[1046841426] ENTRY: BUY 0.03 @ ~78462.59 SL 78335.69 TP 78572.82 (risk $3.81, prize $3.31, strong mkt -> -$0.50 early)
2026-08-31T10:38:04.764070+00:00 ENTRY logged: BUY 0.03 @ 78463.11 ticket 1046846648
2026-08-31T10:38:06.779032+00:00 ENTRY logged: BUY 0.03 @ 78466.65000000001 ticket 1046846672
2026-08-31T10:38:24.822696+00:00 EXIT logged: ticket 1046846648 manual profit 0.31 dur 0.4min
2026-08-31T10:38:24.822696+00:00 RECOV[1046841426]: chain ENDED (link 1046846648 exit=manual 0.31)
2026-08-31T10:45:19.962886+00:00 OWL starting (TP+recovery manager, trade scribe)
2026-08-31T10:49:18.283179+00:00 OWL starting (TP+recovery manager, trade scribe)
2026-08-31T10:52:06.687960+00:00 EXIT logged: ticket 1046846672 tp profit 3.0 dur 14.0min
2026-08-31T11:17:01.569632+00:00 SHADOW ENTRY: recipe fired -> would SELL @ ~78531.98 (setup 78537.87)
2026-08-31T11:25:42.889476+00:00 ENTRY logged: SELL 0.02 @ 78510.33 ticket 1046869262
2026-08-31T11:42:10.914327+00:00 OWL starting (TP+recovery manager, trade scribe)
2026-08-31T11:43:03.068483+00:00 EXIT logged: ticket 1046869262 tp profit 3.0 dur 17.3min
2026-08-31T11:44:01.223148+00:00 SHADOW ENTRY: recipe fired -> would SELL @ ~78334.21 (setup 78358.69)
2026-08-31T11:48:09.158106+00:00 OWL starting (TP+recovery manager, trade scribe)
2026-08-31T11:52:01.785108+00:00 KINO: peak 78346.52 official -> pending BUY on M1 close back above it
2026-08-31T12:00:09.258826+00:00 KINO: peak 78321.33 official -> pending BUY on M1 close back above it
2026-08-31T12:02:03.276974+00:00 KINO ENTRY: BUY 0.02 @ ~78388.86 SL 78230.38 TP 78522.34 (risk $3.17, prize $2.67, return to peak, strong mkt)
2026-08-31T12:02:03.276974+00:00 KINO: dip 78230.38 official -> pending SELL on M1 close back below it
2026-08-31T12:02:05.286474+00:00 ENTRY logged: BUY 0.02 @ 78388.86 ticket 1046893774
2026-08-31T12:10:02.591135+00:00 KINO: peak 78515.16 official -> pending BUY on M1 close back above it
2026-08-31T12:10:02.597087+00:00 SHADOW ENTRY: recipe fired -> would SELL @ ~78404.49 (setup 78421.20)
2026-08-31T12:12:00.924061+00:00 KINO: dip 78344.71 official -> pending SELL on M1 close back below it
2026-08-31T12:18:03.212211+00:00 KINO ENTRY: SELL 0.02 @ ~78321.67 SL 78453.23 TP 78215.11 (risk $2.63, prize $2.13, return to dip, strong mkt)
2026-08-31T12:18:05.219902+00:00 ENTRY logged: SELL 0.02 @ 78319.0 ticket 1046906017
2026-08-31T12:19:59.563504+00:00 EXIT logged: ticket 1046906017 sl profit -2.68 dur 1.9min
2026-08-31T12:19:59.564566+00:00 RECOV[1046906017] armed: SELL 0.02 stopped at 78453.23 -> two doors: M1 close beyond the line = flip, or back beyond 78319.00 = re-enter
2026-08-31T12:22:01.959440+00:00 KINO: peak 78445.41 official -> pending BUY on M1 close back above it
2026-08-31T12:22:03.438888+00:00 RECOV[1046906017] RE-ENTRY (fake break): SELL 0.03 @ ~78294.61 SL 78445.41 TP 78160.48 (risk $4.52, prize $4.02, strong mkt -> -$0.50 early)
2026-08-31T12:22:05.464841+00:00 ENTRY logged: SELL 0.03 @ 78280.96 ticket 1046909316
2026-08-31T12:24:49.927443+00:00 EXIT logged: ticket 1046893774 sl profit -3.17 dur 22.6min
2026-08-31T12:24:49.929467+00:00 RECOV[1046893774] armed: BUY 0.02 stopped at 78230.38 -> two doors: M1 close beyond the line = flip, or back beyond 78388.86 = re-enter
2026-08-31T12:25:03.483917+00:00 RECOV[1046893774] ENTRY: SELL 0.03 @ ~78231.73 SL 78515.16 TP 77981.63 (risk $8.50, prize $7.50, calm mkt -> -$1.00 early)
2026-08-31T12:25:05.490436+00:00 ENTRY logged: SELL 0.03 @ 78226.26 ticket 1046911534
2026-08-31T12:25:27.570779+00:00 EXIT logged: ticket 1046909316 tp profit 3.62 dur 3.4min
2026-08-31T12:25:27.570779+00:00 RECOV[1046906017]: chain ENDED (link 1046909316 exit=tp 3.62)
2026-08-31T12:30:33.360451+00:00 EXIT logged: ticket 1046911534 tp profit 7.34 dur 5.5min
2026-08-31T12:30:33.360451+00:00 RECOV[1046893774]: chain ENDED (link 1046911534 exit=tp 7.34)
2026-08-31T12:33:01.758470+00:00 KINO: dip 77857.37 official -> pending SELL on M1 close back below it
2026-08-31T12:39:01.351730+00:00 KINO: peak 78134.35 official -> pending BUY on M1 close back above it
2026-08-31T12:39:35.957669+00:00 OWL starting (TP+recovery manager, trade scribe)
2026-08-31T12:41:03.919697+00:00 KINO ENTRY: SELL 0.02 @ ~77832.26 SL 78134.35 TP 77555.17 (risk $6.04, prize $5.54, return to dip, strong mkt)
2026-08-31T12:41:05.937653+00:00 ENTRY logged: SELL 0.02 @ 77817.53 ticket 1046928816
2026-08-31T12:43:02.245741+00:00 KINO: dip 77663.78 official -> pending SELL on M1 close back below it
2026-08-31T12:46:02.831965+00:00 KINO: peak 77887.11 official -> pending BUY on M1 close back above it
2026-08-31T12:50:01.409867+00:00 KINO: peak 77863.68 official -> pending BUY on M1 close back above it
2026-08-31T12:51:01.559775+00:00 KINO: dip 77746.71 official -> pending SELL on M1 close back below it
2026-08-31T12:57:02.477926+00:00 KINO: dip 77747.41 official -> pending SELL on M1 close back below it
2026-08-31T12:59:00.948708+00:00 KINO held: opposite Owl trade 1046928816 still open - one must close first
2026-08-31T13:02:11.409909+00:00 EXIT logged: ticket 1046928816 sl profit -6.34 dur 21.1min
2026-08-31T13:02:11.409909+00:00 RECOV[1046928816] armed: SELL 0.02 stopped at 78134.35 -> two doors: M1 close beyond the line = flip, or back beyond 77817.53 = re-enter
2026-08-31T13:02:11.411932+00:00 KINO skipped: a chain is mid-recovery (below 0.04)
2026-08-31T13:04:02.117533+00:00 KINO: peak 78174.80 official -> pending BUY on M1 close back above it
2026-08-31T13:13:01.869603+00:00 KINO: dip 77966.31 official -> pending SELL on M1 close back below it
2026-08-31T13:16:02.363923+00:00 KINO: peak 78080.14 official -> pending BUY on M1 close back above it
2026-08-31T13:19:02.849733+00:00 SHADOW ENTRY: recipe fired -> would SELL @ ~77947.02 (setup 77966.31)
2026-08-31T13:21:03.182176+00:00 KINO: dip 77887.46 official -> pending SELL on M1 close back below it
2026-08-31T13:23:03.432184+00:00 KINO: peak 78041.69 official -> pending BUY on M1 close back above it
2026-08-31T13:28:02.211414+00:00 KINO: dip 77847.10 official -> pending SELL on M1 close back below it
2026-08-31T13:31:31.048219+00:00 RECOV[1046928816] ENTRY: BUY 0.03 @ ~78135.59 SL 77663.78 TP 78590.73 (risk $14.15, prize $13.65, strong mkt -> -$0.50 early)
2026-08-31T13:31:33.075525+00:00 ENTRY logged: BUY 0.03 @ 78113.98 ticket 1046969694
2026-08-31T13:33:01.391406+00:00 KINO: peak 78215.47 official -> pending BUY on M1 close back above it
2026-08-31T13:36:01.713179+00:00 KINO: peak 77998.04 official -> pending BUY on M1 close back above it
2026-08-31T13:44:01.443183+00:00 KINO: peak 78261.72 official -> pending BUY on M1 close back above it
2026-08-31T13:50:02.691030+00:00 KINO: peak 78039.72 official -> pending BUY on M1 close back above it
2026-08-31T13:55:01.627968+00:00 KINO: dip 77694.87 official -> pending SELL on M1 close back below it
2026-08-31T13:58:02.097072+00:00 KINO: peak 77995.19 official -> pending BUY on M1 close back above it
2026-08-31T14:07:02.282503+00:00 KINO: peak 78025.59 official -> pending BUY on M1 close back above it
2026-08-31T14:09:02.660526+00:00 KINO: dip 77775.54 official -> pending SELL on M1 close back below it
2026-08-31T14:14:01.409057+00:00 KINO: dip 77806.77 official -> pending SELL on M1 close back below it
2026-08-31T14:17:01.901689+00:00 KINO: dip 77784.76 official -> pending SELL on M1 close back below it
2026-08-31T14:21:02.564292+00:00 KINO: peak 77998.68 official -> pending BUY on M1 close back above it
2026-08-31T14:24:03.040995+00:00 SHADOW ENTRY: recipe fired -> would SELL @ ~77840.60 (setup 77882.63)
2026-08-31T14:29:02.026063+00:00 KINO: dip 77715.25 official -> pending SELL on M1 close back below it
2026-08-31T14:35:02.550487+00:00 KINO: peak 78125.46 official -> pending BUY on M1 close back above it
2026-08-31T14:36:02.719211+00:00 KINO: dip 77939.34 official -> pending SELL on M1 close back below it
2026-08-31T14:42:52.249367+00:00 EXIT logged: ticket 1046969694 tp profit 14.3 dur 71.4min
2026-08-31T14:42:52.249367+00:00 RECOV[1046928816]: chain ENDED (link 1046969694 exit=tp 14.3)
2026-08-31T14:43:03.942417+00:00 KINO ENTRY: BUY 0.02 @ ~78582.45 SL 77939.72 TP 79175.18 (risk $12.85, prize $11.85, return to peak, calm mkt)
2026-08-31T14:43:05.966283+00:00 ENTRY logged: BUY 0.02 @ 78569.92 ticket 1047048344
2026-08-31T14:45:02.544970+00:00 KINO: peak 78655.12 official -> pending BUY on M1 close back above it
2026-08-31T14:48:03.278613+00:00 KINO: dip 78361.39 official -> pending SELL on M1 close back below it
2026-08-31T14:53:02.550322+00:00 KINO: dip 78345.06 official -> pending SELL on M1 close back below it
2026-08-31T15:03:02.249493+00:00 KINO: peak 78672.06 official -> pending BUY on M1 close back above it
2026-08-31T15:06:02.783909+00:00 SHADOW ENTRY: recipe fired -> would SELL @ ~78396.31 (setup 78442.79)
2026-08-31T15:07:03.016896+00:00 KINO: dip 78386.76 official -> pending SELL on M1 close back below it
2026-08-31T15:13:02.251278+00:00 KINO held: opposite Owl trade 1047048344 still open - one must close first
2026-08-31T15:14:24.574755+00:00 ENTRY logged: SELL 0.02 @ 78303.56 ticket 1047073220
2026-08-31T15:17:03.122766+00:00 KINO: dip 78219.01 official -> pending SELL on M1 close back below it
2026-08-31T15:19:03.513616+00:00 KINO: peak 78384.02 official -> pending BUY on M1 close back above it
2026-08-31T15:22:02.150458+00:00 KINO: dip 78182.64 official -> pending SELL on M1 close back below it
2026-08-31T15:26:02.571418+00:00 KINO: peak 78373.29 official -> pending BUY on M1 close back above it
2026-08-31T15:28:04.398198+00:00 KINO ENTRY: BUY 0.02 @ ~78395.99 SL 78268.91 TP 78491.30 (risk $2.54, prize $1.91, return to peak, calm mkt)
2026-08-31T15:28:06.416720+00:00 ENTRY logged: BUY 0.02 @ 78399.93000000001 ticket 1047080831
2026-08-31T15:28:06.416720+00:00 RECOVERY breakeven: 1047048344@78569.92 -> TP 78574.92
2026-08-31T15:28:36.549195+00:00 EXIT logged: ticket 1047080831 tp profit 1.83 dur 0.5min
2026-08-31T15:32:23.549877+00:00 EXIT logged: ticket 1047073220 sl profit -5.08 dur 18.0min
2026-08-31T15:32:23.554764+00:00 RECOV[1047073220] armed: SELL 0.02 stopped at 78557.42 -> two doors: M1 close beyond the line = flip, or back beyond 78303.56 = re-enter
2026-08-31T15:37:02.597005+00:00 KINO: dip 78479.66 official -> pending SELL on M1 close back below it
2026-08-31T15:38:04.217217+00:00 RECOV[1047073220] ENTRY: BUY 0.03 @ ~78551.00 SL 78182.64 TP 78886.03 (risk $11.05, prize $10.05, calm mkt -> -$1.00 early)
2026-08-31T15:38:06.242395+00:00 ENTRY logged: BUY 0.03 @ 78552.85 ticket 1047086064
2026-08-31T15:38:06.242395+00:00 RECOVERY breakeven: 1047048344@78569.92 -> TP 78574.92
2026-08-31T15:39:02.464854+00:00 KINO: peak 78561.85 official -> pending BUY on M1 close back above it
2026-08-31T15:43:03.082570+00:00 KINO ENTRY: BUY 0.02 @ ~78631.22 SL 78442.24 TP 78795.20 (risk $3.78, prize $3.28, return to peak, strong mkt)
2026-08-31T15:43:05.092908+00:00 ENTRY logged: BUY 0.02 @ 78643.42 ticket 1047088256
2026-08-31T15:46:02.351988+00:00 KINO: peak 78752.70 official -> pending BUY on M1 close back above it
2026-08-31T15:59:01.487988+00:00 KINO: peak 78603.78 official -> pending BUY on M1 close back above it
2026-08-31T16:02:02.135943+00:00 KINO: dip 78499.77 official -> pending SELL on M1 close back below it
2026-08-31T16:03:03.641345+00:00 KINO ENTRY: BUY 0.02 @ ~78670.95 SL 78499.77 TP 78799.33 (risk $3.42, prize $2.57, return to peak, calm mkt)
2026-08-31T16:03:05.652057+00:00 ENTRY logged: BUY 0.02 @ 78672.37 ticket 1047100504
2026-08-31T16:03:31.758869+00:00 RECOVERY breakeven: 1047088256@78643.42 -> TP 78648.42
2026-08-31T16:03:31.771113+00:00 EXIT logged: ticket 1047048344 manual profit 0.84 dur 80.5min
2026-08-31T16:04:01.902490+00:00 KINO: peak 78691.01 official -> pending BUY on M1 close back above it
2026-08-31T16:04:15.032816+00:00 OWL starting (TP+recovery manager, trade scribe)
2026-08-31T16:09:02.159968+00:00 SHADOW ENTRY: recipe fired -> would SELL @ ~78522.28 (setup 78531.70)
2026-08-31T16:11:02.656239+00:00 KINO: dip 78513.23 official -> pending SELL on M1 close back below it
2026-08-31T16:12:02.880123+00:00 KINO skipped: active page still below 0.04 (one page at a time)
2026-08-31T16:15:02.012505+00:00 KINO: peak 78783.58 official -> pending BUY on M1 close back above it
2026-08-31T16:15:16.808295+00:00 OWL starting (TP+recovery manager, trade scribe)
2026-08-31T16:16:03.052814+00:00 SHADOW ENTRY: recipe fired -> would SELL @ ~78583.92 (setup 78622.74)
2026-08-31T16:18:13.477490+00:00 RECOVERY breakeven: 1047086064@78552.85 -> TP 78556.18
2026-08-31T16:18:13.509064+00:00 EXIT logged: ticket 1047100504 sl profit -3.45 dur 15.2min
2026-08-31T16:18:13.511071+00:00 RECOV[1047100504] armed: BUY 0.02 stopped at 78499.77 -> two doors: M1 close beyond the line = flip, or back beyond 78672.37 = re-enter
2026-08-31T16:19:01.762180+00:00 KINO: dip 78481.94 official -> pending SELL on M1 close back below it
2026-08-31T16:20:03.597778+00:00 RECOV[1047100504] RE-ENTRY (fake break): BUY 0.03 @ ~78693.60 SL 78481.94 TP 78871.93 (risk $6.35, prize $5.35, calm mkt -> -$1.00 early)
2026-08-31T16:20:05.646265+00:00 ENTRY logged: BUY 0.03 @ 78696.43000000001 ticket 1047109383
2026-08-31T16:22:02.117397+00:00 KINO: peak 78731.02 official -> pending BUY on M1 close back above it
2026-08-31T16:26:02.922730+00:00 KINO: dip 78554.48 official -> pending SELL on M1 close back below it
2026-08-31T16:34:02.323746+00:00 KINO: peak 78695.41 official -> pending BUY on M1 close back above it
2026-08-31T16:37:02.559109+00:00 KINO: dip 78566.42 official -> pending SELL on M1 close back below it
2026-08-31T16:42:01.501569+00:00 KINO: dip 78547.12 official -> pending SELL on M1 close back below it
2026-08-31T16:47:02.522575+00:00 KINO: peak 78746.65 official -> pending BUY on M1 close back above it
2026-08-31T16:51:01.331158+00:00 KINO: peak 78727.00 official -> pending BUY on M1 close back above it
2026-08-31T16:54:01.798951+00:00 KINO: dip 78637.13 official -> pending SELL on M1 close back below it
2026-08-31T16:55:32.826191+00:00 EXIT logged: ticket 1047088256 tp profit 3.03 dur 72.4min
2026-08-31T16:55:32.835634+00:00 EXIT logged: ticket 1047109383 tp profit 5.27 dur 35.4min
2026-08-31T16:55:32.837641+00:00 RECOV[1047100504]: chain ENDED (link 1047109383 exit=tp 5.27)
2026-08-31T16:56:32.551632+00:00 KINO ENTRY: BUY 0.02 @ ~78751.14 SL 78637.13 TP 78840.15 (risk $2.28, prize $1.78, return to peak, strong mkt)
2026-08-31T16:56:34.605086+00:00 ENTRY logged: BUY 0.02 @ 78713.91 ticket 1047126401
2026-08-31T16:57:02.697582+00:00 KINO: peak 78882.35 official -> pending BUY on M1 close back above it
2026-08-31T16:58:54.569655+00:00 EXIT logged: ticket 1047126401 sl profit -1.56 dur 2.4min
2026-08-31T16:58:54.571665+00:00 RECOV[1047126401] armed: BUY 0.02 stopped at 78637.13 -> two doors: M1 close beyond the line = flip, or back beyond 78713.91 = re-enter
2026-08-31T16:59:02.589158+00:00 KINO skipped: last page at 0.03 - 0.04 unlocks the next page
2026-08-31T16:59:04.220968+00:00 RECOV[1047126401] ENTRY: SELL 0.03 @ ~78637.44 SL 78864.37 TP 78443.84 (risk $6.81, prize $5.81, calm mkt -> -$1.00 early)
2026-08-31T16:59:06.236135+00:00 ENTRY logged: SELL 0.03 @ 78639.40000000001 ticket 1047127377
2026-08-31T17:03:03.002833+00:00 KINO: dip 78578.37 official -> pending SELL on M1 close back below it
2026-08-31T17:16:01.398885+00:00 KINO: peak 78793.02 official -> pending BUY on M1 close back above it
2026-08-31T17:20:02.010973+00:00 KINO: dip 78502.22 official -> pending SELL on M1 close back below it
2026-08-31T17:25:02.399099+00:00 KINO: peak 78623.09 official -> pending BUY on M1 close back above it
2026-08-31T17:28:02.890994+00:00 KINO: dip 78471.76 official -> pending SELL on M1 close back below it
2026-08-31T17:41:31.184640+00:00 EXIT logged: ticket 1047127377 sl profit -6.75 dur 42.4min
2026-08-31T17:41:31.184640+00:00 RECOV[1047126401]: link 1047127377 stopped -> two doors: M1 close beyond 78864.37 = flip, or back beyond 78639.40 = re-enter
2026-08-31T17:41:33.202586+00:00 EXIT logged: ticket 1047086064 tp profit 9.99 dur 123.5min
2026-08-31T17:41:33.202586+00:00 RECOV[1047073220]: chain ENDED (link 1047086064 exit=tp 9.99)
2026-08-31T17:42:04.820506+00:00 KINO ENTRY: BUY 0.02 @ ~78856.18 SL 78466.62 TP 79220.74 (risk $7.79, prize $7.29, return to peak, strong mkt)
2026-08-31T17:42:06.831394+00:00 ENTRY logged: BUY 0.02 @ 78859.69 ticket 1047144965
2026-08-31T17:43:04.632578+00:00 RECOV[1047126401] ENTRY: BUY 0.04 @ ~78880.29 SL 78466.62 TP 79268.96 (risk $16.55, prize $15.55, calm mkt -> -$1.00 early)
2026-08-31T17:43:06.641427+00:00 ENTRY logged: BUY 0.04 @ 78880.19 ticket 1047145289
2026-08-31T17:58:02.274746+00:00 KINO: peak 78954.74 official -> pending BUY on M1 close back above it
2026-08-31T18:07:01.848613+00:00 KINO: dip 78749.81 official -> pending SELL on M1 close back below it
2026-08-31T18:15:27.944270+00:00 KINO skipped: last page at 0.02 - 0.04 unlocks the next page
2026-08-31T18:21:01.808588+00:00 KINO: peak 79076.44 official -> pending BUY on M1 close back above it
2026-08-31T18:26:02.647060+00:00 SHADOW ENTRY: recipe fired -> would SELL @ ~78831.70 (setup 78868.19)
2026-08-31T18:28:02.930335+00:00 KINO: dip 78823.29 official -> pending SELL on M1 close back below it
2026-08-31T18:33:01.778954+00:00 KINO: dip 78860.62 official -> pending SELL on M1 close back below it
2026-08-31T18:36:02.240803+00:00 KINO: dip 78864.87 official -> pending SELL on M1 close back below it
2026-08-31T18:46:02.057997+00:00 KINO: peak 79208.42 official -> pending BUY on M1 close back above it
2026-08-31T18:53:03.063082+00:00 KINO: peak 79107.47 official -> pending BUY on M1 close back above it
2026-08-31T18:57:01.768957+00:00 KINO: dip 78973.43 official -> pending SELL on M1 close back below it
2026-08-31T19:06:02.247463+00:00 KINO: dip 79026.02 official -> pending SELL on M1 close back below it
2026-08-31T19:09:20.709857+00:00 EXIT logged: ticket 1047144965 tp profit 7.22 dur 87.3min
2026-08-31T19:10:04.391536+00:00 KINO ENTRY: BUY 0.02 @ ~79215.60 SL 78973.43 TP 79407.77 (risk $4.84, prize $3.84, return to peak, calm mkt)
2026-08-31T19:10:06.403930+00:00 ENTRY logged: BUY 0.02 @ 79215.56 ticket 1047179359
2026-08-31T19:11:02.574797+00:00 KINO: peak 79242.40 official -> pending BUY on M1 close back above it
2026-08-31T19:14:02.998824+00:00 KINO: dip 79126.54 official -> pending SELL on M1 close back below it
2026-08-31T19:16:03.327705+00:00 KINO: peak 79250.29 official -> pending BUY on M1 close back above it
2026-08-31T19:18:01.672176+00:00 KINO skipped: last page at 0.02 - 0.04 unlocks the next page
2026-08-31T19:24:02.739261+00:00 KINO: dip 79021.95 official -> pending SELL on M1 close back below it
2026-08-31T19:26:03.034252+00:00 KINO: peak 79108.34 official -> pending BUY on M1 close back above it
2026-08-31T19:29:02.034837+00:00 KINO: dip 79008.41 official -> pending SELL on M1 close back below it
2026-08-31T19:32:02.087231+00:00 KINO: peak 79134.67 official -> pending BUY on M1 close back above it
2026-08-31T19:39:03.268990+00:00 KINO: peak 79139.11 official -> pending BUY on M1 close back above it
2026-08-31T19:41:49.738970+00:00 EXIT logged: ticket 1047179359 sl profit -4.84 dur 31.8min
2026-08-31T19:41:49.740978+00:00 RECOV[1047179359] armed: BUY 0.02 stopped at 78973.43 -> two doors: M1 close beyond the line = flip, or back beyond 79215.56 = re-enter
2026-08-31T19:42:03.770744+00:00 KINO skipped: last page at 0.03 - 0.04 unlocks the next page
2026-08-31T19:42:05.157346+00:00 RECOV[1047179359] ENTRY: SELL 0.03 @ ~78956.01 SL 79250.29 TP 78678.40 (risk $8.83, prize $8.33, strong mkt -> -$0.50 early)
2026-08-31T19:42:07.172570+00:00 ENTRY logged: SELL 0.03 @ 78956.01 ticket 1047190497
2026-08-31T19:48:02.147659+00:00 KINO: peak 79015.91 official -> pending BUY on M1 close back above it
2026-08-31T19:50:02.484176+00:00 KINO: dip 78909.94 official -> pending SELL on M1 close back below it
2026-08-31T19:51:02.712627+00:00 KINO: peak 79095.67 official -> pending BUY on M1 close back above it
2026-08-31T20:00:18.653825+00:00 CLOCKS DIVERGED: H4 and D1 disagree again - no new runner candidates
2026-08-31T20:01:02.762759+00:00 KINO: peak 78952.06 official -> pending BUY on M1 close back above it
2026-08-31T20:03:03.036216+00:00 KINO: dip 78843.01 official -> pending SELL on M1 close back below it
2026-08-31T20:05:04.056024+00:00 KINO: peak 78960.78 official -> pending BUY on M1 close back above it
2026-08-31T20:07:02.354236+00:00 KINO: dip 78849.94 official -> pending SELL on M1 close back below it
2026-08-31T20:11:02.906055+00:00 KINO: peak 78957.91 official -> pending BUY on M1 close back above it
2026-08-31T20:15:03.466392+00:00 KINO: dip 78901.54 official -> pending SELL on M1 close back below it
2026-08-31T20:23:02.535070+00:00 KINO: peak 79181.65 official -> pending BUY on M1 close back above it
2026-08-31T20:31:03.136136+00:00 KINO: dip 78895.97 official -> pending SELL on M1 close back below it
2026-08-31T20:37:02.593972+00:00 KINO: peak 78846.48 official -> pending BUY on M1 close back above it
2026-08-31T20:39:02.833266+00:00 KINO: dip 78771.16 official -> pending SELL on M1 close back below it
2026-08-31T20:48:02.036331+00:00 KINO: peak 78907.17 official -> pending BUY on M1 close back above it
2026-08-31T20:51:02.401502+00:00 KINO: dip 78805.18 official -> pending SELL on M1 close back below it
2026-08-31T20:57:02.186071+00:00 KINO: peak 78903.89 official -> pending BUY on M1 close back above it
2026-08-31T21:09:01.989761+00:00 KINO: dip 78705.07 official -> pending SELL on M1 close back below it
2026-08-31T21:12:02.327656+00:00 KINO: peak 78874.54 official -> pending BUY on M1 close back above it
2026-08-31T21:21:03.441338+00:00 KINO: dip 78790.39 official -> pending SELL on M1 close back below it
2026-08-31T21:38:02.762206+00:00 KINO: peak 79052.03 official -> pending BUY on M1 close back above it
2026-08-31T21:47:02.406897+00:00 KINO: peak 79059.95 official -> pending BUY on M1 close back above it
2026-08-31T22:01:04.267835+00:00 KINO: dip 78926.80 official -> pending SELL on M1 close back below it
2026-08-31T22:04:02.750190+00:00 KINO: peak 79005.92 official -> pending BUY on M1 close back above it
2026-08-31T22:06:03.033455+00:00 KINO: dip 78890.63 official -> pending SELL on M1 close back below it
2026-08-31T22:11:03.717414+00:00 KINO: peak 78970.04 official -> pending BUY on M1 close back above it
2026-08-31T22:24:02.850024+00:00 KINO: dip 78743.40 official -> pending SELL on M1 close back below it
2026-08-31T22:29:02.196442+00:00 KINO: peak 78784.58 official -> pending BUY on M1 close back above it
2026-08-31T22:32:02.654864+00:00 KINO: peak 78751.07 official -> pending BUY on M1 close back above it
2026-08-31T22:34:12.965278+00:00 EXIT logged: ticket 1047190497 tp profit 8.33 dur 172.1min
2026-08-31T22:34:12.965278+00:00 RECOV[1047179359]: chain ENDED (link 1047190497 exit=tp 8.33)
2026-08-31T22:35:04.473097+00:00 KINO ENTRY: SELL 0.02 @ ~78715.01 SL 78784.58 TP 78662.83 (risk $1.39, prize $1.04, return to dip, calm mkt)
2026-08-31T22:35:06.483100+00:00 ENTRY logged: SELL 0.02 @ 78700.69 ticket 1047227843
2026-08-31T22:37:46.833177+00:00 EXIT logged: ticket 1047227843 tp profit 0.75 dur 2.7min
2026-08-31T22:39:03.005960+00:00 KINO: dip 78642.17 official -> pending SELL on M1 close back below it
2026-08-31T22:45:05.483432+00:00 KINO ENTRY: SELL 0.02 @ ~78632.49 SL 78685.97 TP 78592.38 (risk $1.07, prize $0.80, return to dip, calm mkt)
2026-08-31T22:45:07.504963+00:00 ENTRY logged: SELL 0.02 @ 78633.31 ticket 1047229002
2026-08-31T22:49:09.777534+00:00 EXIT logged: ticket 1047229002 tp profit 0.82 dur 4.0min
2026-08-31T22:51:04.124745+00:00 KINO: dip 78569.21 official -> pending SELL on M1 close back below it
2026-08-31T22:52:05.868071+00:00 KINO ENTRY: SELL 0.02 @ ~78569.33 SL 78596.41 TP 78549.02 (risk $0.54, prize $0.41, return to dip, calm mkt)
2026-08-31T22:52:07.898833+00:00 ENTRY logged: SELL 0.02 @ 78570.09 ticket 1047230203
2026-08-31T22:53:08.035227+00:00 EXIT logged: ticket 1047230203 sl profit -0.6 dur 1.1min
2026-08-31T22:53:08.037236+00:00 RECOV[1047230203] armed: SELL 0.02 stopped at 78596.41 -> two doors: M1 close beyond the line = flip, or back beyond 78570.09 = re-enter
2026-08-31T22:55:05.606067+00:00 RECOV[1047230203] ENTRY: BUY 0.03 @ ~78613.22 SL 78559.90 TP 78653.21 (risk $1.60, prize $1.20, calm mkt -> -$0.40 early)
2026-08-31T22:55:07.618945+00:00 ENTRY logged: BUY 0.03 @ 78612.82 ticket 1047230680
2026-08-31T22:55:07.618945+00:00 RECOVERY breakeven: 1047145289@78880.19 -> TP 78882.69
2026-08-31T22:55:25.667343+00:00 EXIT logged: ticket 1047230680 sl profit -1.58 dur 0.3min
2026-08-31T22:55:25.667343+00:00 RECOV[1047230203]: link 1047230680 stopped -> two doors: M1 close beyond 78559.90 = flip, or back beyond 78612.82 = re-enter
2026-08-31T22:56:05.200631+00:00 RECOV[1047230203] ENTRY: SELL 0.04 @ ~78575.95 SL 78606.05 TP 78553.38 (risk $1.20, prize $0.90, strong mkt -> -$0.30 early)
2026-08-31T22:56:07.210481+00:00 ENTRY logged: SELL 0.04 @ 78575.95 ticket 1047230799
2026-08-31T22:57:55.497165+00:00 EXIT logged: ticket 1047230799 sl profit -1.2 dur 1.8min
2026-08-31T22:57:55.497165+00:00 RECOV[1047230203]: link 1047230799 stopped -> two doors: M1 close beyond 78606.05 = flip, or back beyond 78575.95 = re-enter
2026-08-31T22:59:05.331166+00:00 RECOV[1047230203] RE-ENTRY (fake break): SELL 0.05 @ ~78575.89 SL 78596.14 TP 78560.70 (risk $1.01, prize $0.76, calm mkt -> -$0.25 early)
2026-08-31T22:59:07.342960+00:00 ENTRY logged: SELL 0.05 @ 78575.88 ticket 1047231169
2026-08-31T23:00:07.484916+00:00 EXIT logged: ticket 1047231169 tp profit 0.75 dur 1.0min
2026-08-31T23:00:07.484916+00:00 RECOV[1047230203]: chain ENDED (link 1047231169 exit=tp 0.75)
2026-08-31T23:01:03.643670+00:00 KINO: peak 78596.14 official -> pending BUY on M1 close back above it
2026-08-31T23:02:11.809755+00:00 EXIT logged: ticket 1047145289 sl profit -17.6 dur 319.1min
2026-08-31T23:02:11.809755+00:00 RECOV[1047126401]: link 1047145289 stopped -> two doors: M1 close beyond 78466.62 = flip, or back beyond 78880.19 = re-enter
2026-08-31T23:03:05.548582+00:00 RECOV[1047126401] ENTRY: SELL 0.05 @ ~78403.31 SL 79250.29 TP 77566.33 (risk $42.35, prize $41.85, strong mkt -> -$0.50 early)
2026-08-31T23:03:07.560597+00:00 ENTRY logged: SELL 0.05 @ 78393.38 ticket 1047231981
2026-08-31T23:05:03.922788+00:00 KINO: dip 78374.50 official -> pending SELL on M1 close back below it
2026-08-31T23:11:03.722149+00:00 KINO: peak 78494.58 official -> pending BUY on M1 close back above it
2026-08-31T23:16:04.344281+00:00 KINO: dip 78410.85 official -> pending SELL on M1 close back below it
2026-08-31T23:19:04.218590+00:00 KINO ENTRY: BUY 0.02 @ ~78516.35 SL 78410.85 TP 78595.48 (risk $2.11, prize $1.58, return to peak, calm mkt)
2026-08-31T23:19:06.224947+00:00 ENTRY logged: BUY 0.02 @ 78516.35 ticket 1047234504
2026-08-31T23:23:04.527209+00:00 KINO: peak 78553.06 official -> pending BUY on M1 close back above it
2026-08-31T23:27:03.081358+00:00 KINO skipped: last page at 0.02 - 0.04 unlocks the next page
2026-08-31T23:31:03.677852+00:00 KINO: peak 78572.72 official -> pending BUY on M1 close back above it
2026-08-31T23:40:10.538404+00:00 KINO: dip 78468.48 official -> pending SELL on M1 close back below it
2026-08-31T23:47:03.531527+00:00 KINO: peak 78572.63 official -> pending BUY on M1 close back above it
2026-08-31T23:58:03.275402+00:00 KINO: dip 78516.63 official -> pending SELL on M1 close back below it
2026-09-01T00:00:13.819226+00:00 D1 FLIP: daily trend is now UP - if a runner leg is riding, this is its harvest signal
2026-09-01T00:00:13.822682+00:00 CLOCKS ALIGNED: H4 and D1 both say UP - next BUY scalp is the runner candidate (2x0.01)
2026-09-01T00:00:13.838422+00:00 PAPER RUNNER opened: BUY 2x0.01 @ 78561.14 (virtual, no real money)
2026-09-01T00:01:04.056592+00:00 KINO: peak 78571.77 official -> pending BUY on M1 close back above it
2026-09-01T00:03:02.388620+00:00 EXIT logged: ticket 1047234504 tp profit 1.58 dur 44.0min
2026-09-01T00:03:05.801984+00:00 KINO ENTRY: BUY 0.02 @ ~78592.23 SL 78530.65 TP 78638.41 (risk $1.23, prize $0.92, return to peak, calm mkt)
2026-09-01T00:03:07.810578+00:00 ENTRY logged: BUY 0.02 @ 78599.96 ticket 1047243505
2026-09-01T00:05:30.271969+00:00 EXIT logged: ticket 1047243505 tp profit 0.77 dur 2.4min
2026-09-01T00:07:04.561849+00:00 KINO: peak 78674.79 official -> pending BUY on M1 close back above it
2026-09-01T00:10:04.289037+00:00 KINO ENTRY: BUY 0.02 @ ~78704.18 SL 78593.2 TP 78787.41 (risk $2.22, prize $1.66, return to peak, calm mkt)
2026-09-01T00:10:06.417293+00:00 ENTRY logged: BUY 0.02 @ 78704.91 ticket 1047245724
2026-09-01T00:11:20.986163+00:00 PAPER RUNNER banked $1.50 (leg A TP), leg B now risk-free with BE stop @ 78566.14 (virtual)
2026-09-01T00:13:03.235342+00:00 KINO: peak 78761.08 official -> pending BUY on M1 close back above it
2026-09-01T00:18:03.959625+00:00 KINO skipped: last page at 0.02 - 0.04 unlocks the next page
2026-09-01T00:18:03.962953+00:00 SHADOW ENTRY: recipe fired -> would BUY @ ~78763.02 (setup 78761.08)
2026-09-01T00:18:38.043991+00:00 EXIT logged: ticket 1047245724 tp profit 1.65 dur 8.6min
2026-09-01T00:19:03.778410+00:00 KINO ENTRY: BUY 0.02 @ ~78810.44 SL 78706.96 TP 78888.05 (risk $2.07, prize $1.55, return to peak, calm mkt)
2026-09-01T00:19:05.792664+00:00 ENTRY logged: BUY 0.02 @ 78810.7 ticket 1047248658
2026-09-01T00:31:04.184861+00:00 KINO: peak 78885.62 official -> pending BUY on M1 close back above it
2026-09-01T00:34:38.785641+00:00 EXIT logged: ticket 1047248658 sl profit -2.08 dur 15.6min
2026-09-01T00:34:38.788163+00:00 RECOV[1047248658] armed: BUY 0.02 stopped at 78706.96 -> two doors: M1 close beyond the line = flip, or back beyond 78810.70 = re-enter
2026-09-01T00:35:02.852440+00:00 KINO: dip 78706.64 official -> pending SELL on M1 close back below it
2026-09-01T00:40:52.525377+00:00 KINO skipped: last page at 0.03 - 0.04 unlocks the next page
2026-09-01T00:40:55.379138+00:00 OWL starting (TP+recovery manager, trade scribe)
2026-09-01T00:40:55.395773+00:00 ENTRY logged: SELL 0.03 @ 78708.76 ticket 1047255107
2026-09-01T00:40:55.395773+00:00 RECOVERY breakeven: 1047231981@78393.38 -> TP 78391.38
2026-09-01T00:40:55.918392+00:00 TP set (tp3): ticket 1047255107 -> 78608.76
2026-09-01T00:40:57.557832+00:00 RECOV[1047248658] ENTRY: SELL 0.03 @ ~78708.76 SL 78885.62 TP 78548.57 (risk $5.31, prize $4.81, strong mkt -> -$0.50 early)
2026-09-01T00:40:59.683166+00:00 ENTRY logged: SELL 0.03 @ 78708.67 ticket 1047255139
2026-09-01T00:40:59.684198+00:00 RECOVERY pair: 1047231981@78393.38 + 1047255107@78708.76 -> joint TP 78510.4
2026-09-01T00:41:00.836597+00:00 TP set (mid): ticket 1047255107 -> 78510.4
2026-09-01T00:46:03.614839+00:00 KINO: dip 78646.70 official -> pending SELL on M1 close back below it
2026-09-01T00:51:02.740002+00:00 KINO: peak 78785.67 official -> pending BUY on M1 close back above it
2026-09-01T01:00:02.489566+00:00 HOUR-FLAT: hour ended -> closing 1 position(s), win or lose
2026-09-01T01:00:03.337103+00:00   flat: ticket 1047255107 (+2.08)
2026-09-01T01:00:03.407202+00:00 EXIT logged: ticket 1047255107 hour_flat profit 1.6400000000000001 dur 19.2min
2026-09-01T01:00:03.425490+00:00 EXIT logged: ticket 1047255139 manual profit 2.07 dur 19.1min
2026-09-01T01:00:03.425490+00:00 RECOV[1047248658]: chain ENDED (link 1047255139 exit=manual 2.07)
2026-09-01T01:00:03.426806+00:00 KINO: dip 78554.43 official -> pending SELL on M1 close back below it
2026-09-01T01:00:03.458951+00:00 PAPER RUNNER BE-stopped: total +1.55 (virtual). Ledger: +2.23 over 9 attempts
2026-09-01T01:05:02.547183+00:00 KINO: dip 78623.01 official -> pending SELL on M1 close back below it
2026-09-01T01:06:02.801119+00:00 SHADOW ENTRY: recipe fired -> would BUY @ ~78733.61 (setup 78714.38)
2026-09-01T01:08:03.938721+00:00 KINO: peak 78778.31 official -> pending BUY on M1 close back above it
2026-09-01T01:13:04.398245+00:00 KINO ENTRY: SELL 0.02 @ ~78574.83 SL 78778.31 TP 78421.35 (risk $4.07, prize $3.07, return to dip, calm mkt)
2026-09-01T01:13:06.432183+00:00 ENTRY logged: SELL 0.02 @ 78578.3 ticket 1047267544
2026-09-01T01:13:06.432485+00:00 RECOVERY breakeven: 1047231981@78393.38 -> TP 78391.38
2026-09-01T01:19:03.407912+00:00 KINO: dip 78474.92 official -> pending SELL on M1 close back below it
2026-09-01T01:25:02.386611+00:00 KINO: peak 78627.26 official -> pending BUY on M1 close back above it
2026-09-01T01:26:42.636417+00:00 EXIT logged: ticket 1047267544 tp profit 3.14 dur 13.6min
2026-09-01T01:27:04.281781+00:00 KINO ENTRY: SELL 0.02 @ ~78440.88 SL 78627.26 TP 78279.50 (risk $3.73, prize $3.23, return to dip, strong mkt)
2026-09-01T01:27:06.290907+00:00 ENTRY logged: SELL 0.02 @ 78446.76 ticket 1047273232
2026-09-01T01:27:06.290907+00:00 RECOVERY breakeven: 1047231981@78393.38 -> TP 78391.38
2026-09-01T01:35:04.244654+00:00 KINO: dip 78340.72 official -> pending SELL on M1 close back below it
2026-09-01T01:39:02.995389+00:00 KINO: peak 78538.35 official -> pending BUY on M1 close back above it
2026-09-01T01:44:03.914553+00:00 KINO skipped: last page at 0.02 - 0.04 unlocks the next page
2026-09-01T01:46:02.222418+00:00 KINO: peak 78564.58 official -> pending BUY on M1 close back above it
2026-09-01T01:48:02.528908+00:00 KINO: dip 78455.69 official -> pending SELL on M1 close back below it
2026-09-01T02:03:15.470740+00:00 EXIT logged: ticket 1047273232 tp profit 3.35 dur 36.2min
2026-09-01T02:04:04.718085+00:00 KINO ENTRY: SELL 0.02 @ ~78279.82 SL 78534.59 TP 78075.05 (risk $5.10, prize $4.10, return to dip, calm mkt)
2026-09-01T02:04:06.727232+00:00 ENTRY logged: SELL 0.02 @ 78279.82 ticket 1047283170
2026-09-01T02:11:04.762654+00:00 KINO: dip 78253.26 official -> pending SELL on M1 close back below it
2026-09-01T02:13:03.054592+00:00 KINO skipped: last page at 0.02 - 0.04 unlocks the next page
2026-09-01T02:20:04.161280+00:00 KINO: dip 78171.14 official -> pending SELL on M1 close back below it
2026-09-01T02:23:02.574555+00:00 SHADOW ENTRY: recipe fired -> would BUY @ ~78266.06 (setup 78252.10)
2026-09-01T02:26:02.635770+00:00 KINO: peak 78303.88 official -> pending BUY on M1 close back above it
2026-09-01T02:29:03.096049+00:00 KINO: peak 78295.34 official -> pending BUY on M1 close back above it
2026-09-01T02:38:02.498032+00:00 KINO: peak 78378.41 official -> pending BUY on M1 close back above it
2026-09-01T02:43:03.716772+00:00 KINO: dip 78288.21 official -> pending SELL on M1 close back below it
2026-09-01T02:44:03.880788+00:00 KINO: peak 78349.44 official -> pending BUY on M1 close back above it
2026-09-01T02:56:03.561064+00:00 KINO: dip 78365.05 official -> pending SELL on M1 close back below it
2026-09-01T03:01:04.324775+00:00 KINO: peak 78427.83 official -> pending BUY on M1 close back above it
2026-09-01T03:12:03.200117+00:00 KINO: dip 78398.35 official -> pending SELL on M1 close back below it
2026-09-01T03:14:04.036676+00:00 KINO: peak 78469.33 official -> pending BUY on M1 close back above it
2026-09-01T03:18:02.630543+00:00 KINO: peak 78469.15 official -> pending BUY on M1 close back above it
2026-09-01T03:20:02.895687+00:00 SHADOW ENTRY: recipe fired -> would BUY @ ~78470.49 (setup 78469.15)
2026-09-01T03:22:03.144183+00:00 KINO: peak 78475.82 official -> pending BUY on M1 close back above it
2026-09-01T03:28:03.921348+00:00 KINO: dip 78363.45 official -> pending SELL on M1 close back below it
2026-09-01T03:32:08.524431+00:00 EXIT logged: ticket 1047283170 sl profit -5.11 dur 88.0min
2026-09-01T03:32:08.524431+00:00 RECOV[1047283170] armed: SELL 0.02 stopped at 78534.59 -> two doors: M1 close beyond the line = flip, or back beyond 78279.82 = re-enter
2026-09-01T03:33:02.664229+00:00 KINO skipped: last page at 0.03 - 0.04 unlocks the next page
2026-09-01T03:33:03.721289+00:00 RECOV[1047283170] ENTRY: BUY 0.03 @ ~78584.50 SL 78146.90 TP 79005.43 (risk $13.13, prize $12.63, strong mkt -> -$0.50 early)
2026-09-01T03:33:05.730109+00:00 ENTRY logged: BUY 0.03 @ 78589.19 ticket 1047304202
2026-09-01T03:45:02.778808+00:00 KINO: peak 78850.85 official -> pending BUY on M1 close back above it
2026-09-01T03:55:32.872974+00:00 KINO: peak 78709.23 official -> pending BUY on M1 close back above it
2026-09-01T04:01:03.564473+00:00 KINO: dip 78628.50 official -> pending SELL on M1 close back below it
2026-09-01T04:04:03.920925+00:00 KINO: peak 78718.12 official -> pending BUY on M1 close back above it
2026-09-01T04:08:04.496457+00:00 KINO: dip 78627.11 official -> pending SELL on M1 close back below it
2026-09-01T04:09:02.645999+00:00 SHADOW ENTRY: recipe fired -> would BUY @ ~78731.24 (setup 78713.95)
2026-09-01T04:11:05.008381+00:00 KINO: peak 78772.40 official -> pending BUY on M1 close back above it
2026-09-01T04:18:04.056452+00:00 KINO: dip 78610.68 official -> pending SELL on M1 close back below it
2026-09-01T04:23:03.961675+00:00 KINO: dip 78677.50 official -> pending SELL on M1 close back below it
2026-09-01T04:29:04.952722+00:00 KINO: peak 78900.10 official -> pending BUY on M1 close back above it
2026-09-01T04:31:03.244829+00:00 KINO: dip 78776.52 official -> pending SELL on M1 close back below it
2026-09-01T04:33:03.563495+00:00 KINO: peak 78821.35 official -> pending BUY on M1 close back above it
2026-09-01T04:45:03.375546+00:00 KINO: peak 78730.59 official -> pending BUY on M1 close back above it
2026-09-01T04:46:03.513223+00:00 KINO: dip 78677.74 official -> pending SELL on M1 close back below it
2026-09-01T04:51:02.700553+00:00 KINO: peak 78761.40 official -> pending BUY on M1 close back above it
2026-09-01T04:59:03.632300+00:00 KINO: dip 78650.94 official -> pending SELL on M1 close back below it
2026-09-01T05:08:05.011096+00:00 KINO: peak 78947.24 official -> pending BUY on M1 close back above it
2026-09-01T05:09:03.134775+00:00 KINO: dip 78835.14 official -> pending SELL on M1 close back below it
2026-09-01T05:16:04.219537+00:00 KINO: dip 78824.00 official -> pending SELL on M1 close back below it
2026-09-01T05:26:02.854456+00:00 KINO: dip 78754.95 official -> pending SELL on M1 close back below it
2026-09-01T05:31:15.711071+00:00 EXIT logged: ticket 1047304202 tp profit 12.48 dur 118.2min
2026-09-01T05:31:15.711071+00:00 RECOV[1047283170]: chain ENDED (link 1047304202 exit=tp 12.48)
2026-09-01T05:32:05.454123+00:00 KINO ENTRY: BUY 0.02 @ ~78983.62 SL 78754.95 TP 79162.29 (risk $4.57, prize $3.57, return to peak, calm mkt)
2026-09-01T05:32:07.468725+00:00 ENTRY logged: BUY 0.02 @ 78984.93000000001 ticket 1047332649
2026-09-01T05:34:03.980557+00:00 SHADOW ENTRY: recipe fired -> would BUY @ ~79026.15 (setup 78999.39)
2026-09-01T05:41:03.259861+00:00 KINO: peak 79113.23 official -> pending BUY on M1 close back above it
2026-09-01T05:42:03.447455+00:00 KINO: dip 78996.85 official -> pending SELL on M1 close back below it
2026-09-01T05:43:03.616239+00:00 KINO skipped: last page at 0.02 - 0.04 unlocks the next page
2026-09-01T05:44:03.778900+00:00 KINO: peak 79157.40 official -> pending BUY on M1 close back above it
2026-09-01T05:49:04.550008+00:00 KINO: dip 79053.76 official -> pending SELL on M1 close back below it
2026-09-01T05:49:52.699227+00:00 EXIT logged: ticket 1047332649 tp profit 3.55 dur 17.8min
2026-09-01T05:52:03.062745+00:00 KINO: peak 79163.72 official -> pending BUY on M1 close back above it
2026-09-01T05:53:03.214331+00:00 KINO: dip 79055.68 official -> pending SELL on M1 close back below it
2026-09-01T05:55:06.890183+00:00 KINO ENTRY: BUY 0.02 @ ~79176.91 SL 79055.68 TP 79273.14 (risk $2.42, prize $1.92, return to peak, strong mkt)
2026-09-01T05:55:08.905422+00:00 ENTRY logged: BUY 0.02 @ 79184.26 ticket 1047343292
2026-09-01T05:57:03.223150+00:00 KINO: peak 79203.23 official -> pending BUY on M1 close back above it
2026-09-01T06:02:44.353463+00:00 EXIT logged: ticket 1047343292 sl profit -2.58 dur 7.6min
2026-09-01T06:02:44.353463+00:00 RECOV[1047343292] armed: BUY 0.02 stopped at 79055.68 -> two doors: M1 close beyond the line = flip, or back beyond 79184.26 = re-enter
2026-09-01T06:06:02.905811+00:00 KINO: peak 79084.27 official -> pending BUY on M1 close back above it
2026-09-01T06:06:02.905811+00:00 KINO skipped: last page at 0.03 - 0.04 unlocks the next page
2026-09-01T06:06:04.567527+00:00 RECOV[1047343292] ENTRY: SELL 0.03 @ ~79042.70 SL 79203.23 TP 78915.50 (risk $4.82, prize $3.82, calm mkt -> -$1.00 early)
2026-09-01T06:06:06.579839+00:00 ENTRY logged: SELL 0.03 @ 79033.92 ticket 1047349160
2026-09-01T06:06:06.579839+00:00 RECOVERY breakeven: 1047231981@78393.38 -> TP 78391.38
2026-09-01T06:15:18.912633+00:00 EXIT logged: ticket 1047349160 tp profit 3.55 dur 9.2min
2026-09-01T06:15:18.914641+00:00 RECOV[1047343292]: chain ENDED (link 1047349160 exit=tp 3.55)
2026-09-01T06:16:03.052172+00:00 KINO: peak 79005.60 official -> pending BUY on M1 close back above it
2026-09-01T06:16:04.347805+00:00 KINO ENTRY: SELL 0.02 @ ~78885.69 SL 79203.23 TP 78593.15 (risk $6.35, prize $5.85, return to dip, strong mkt)
2026-09-01T06:16:06.360737+00:00 ENTRY logged: SELL 0.02 @ 78889.24 ticket 1047354164
2026-09-01T06:16:06.360737+00:00 RECOVERY breakeven: 1047231981@78393.38 -> TP 78391.38
2026-09-01T06:19:03.571654+00:00 KINO: peak 78934.46 official -> pending BUY on M1 close back above it
2026-09-01T06:29:03.040483+00:00 KINO: dip 78787.68 official -> pending SELL on M1 close back below it
2026-09-01T06:36:04.365091+00:00 KINO: peak 78918.56 official -> pending BUY on M1 close back above it
2026-09-01T06:39:04.897329+00:00 KINO: dip 78834.99 official -> pending SELL on M1 close back below it
2026-09-01T06:42:03.424870+00:00 KINO: peak 78895.18 official -> pending BUY on M1 close back above it
2026-09-01T06:44:03.786222+00:00 KINO skipped: last page at 0.02 - 0.04 unlocks the next page
2026-09-01T06:47:04.747419+00:00 KINO: peak 78858.60 official -> pending BUY on M1 close back above it
2026-09-01T06:52:03.518838+00:00 KINO: peak 78827.03 official -> pending BUY on M1 close back above it
2026-09-01T06:55:03.916254+00:00 KINO: peak 78799.56 official -> pending BUY on M1 close back above it
2026-09-01T07:02:03.298808+00:00 KINO: dip 78685.01 official -> pending SELL on M1 close back below it
2026-09-01T07:05:03.975648+00:00 SHADOW ENTRY: recipe fired -> would BUY @ ~78751.64 (setup 78748.84)
2026-09-01T07:17:03.760748+00:00 KINO: dip 78680.39 official -> pending SELL on M1 close back below it
2026-09-01T07:19:04.184908+00:00 KINO: peak 78745.68 official -> pending BUY on M1 close back above it
2026-09-01T07:25:05.312121+00:00 KINO: peak 78771.32 official -> pending BUY on M1 close back above it
2026-09-01T07:28:03.804757+00:00 KINO: peak 78768.61 official -> pending BUY on M1 close back above it
2026-09-01T07:34:04.860247+00:00 KINO: peak 78766.43 official -> pending BUY on M1 close back above it
2026-09-01T07:37:25.509204+00:00 EXIT logged: ticket 1047354164 tp profit 5.92 dur 81.3min
2026-09-01T07:38:05.115061+00:00 KINO ENTRY: SELL 0.02 @ ~78579.90 SL 78771.32 TP 78413.48 (risk $3.83, prize $3.33, return to dip, strong mkt)
2026-09-01T07:38:07.134009+00:00 ENTRY logged: SELL 0.02 @ 78578.85 ticket 1047396581
2026-09-01T07:38:07.134736+00:00 RECOVERY breakeven: 1047231981@78393.38 -> TP 78391.38
2026-09-01T07:43:04.187368+00:00 KINO: dip 78474.94 official -> pending SELL on M1 close back below it
2026-09-01T07:52:03.864693+00:00 KINO: peak 78664.27 official -> pending BUY on M1 close back above it
2026-09-01T08:06:38.318248+00:00 EXIT logged: ticket 1047396581 tp profit 3.31 dur 28.6min
2026-09-01T08:07:05.693968+00:00 KINO ENTRY: SELL 0.02 @ ~78373.81 SL 78664.27 TP 78108.35 (risk $5.81, prize $5.31, return to dip, strong mkt)
2026-09-01T08:07:07.721173+00:00 ENTRY logged: SELL 0.02 @ 78397.78 ticket 1047422805
2026-09-01T08:07:07.721173+00:00 RECOVERY breakeven: 1047231981@78393.38 -> TP 78391.38
2026-09-01T08:14:04.108693+00:00 KINO: peak 78326.08 official -> pending BUY on M1 close back above it
2026-09-01T08:18:03.570785+00:00 KINO: peak 78313.14 official -> pending BUY on M1 close back above it
2026-09-01T08:18:25.672535+00:00 EXIT logged: ticket 1047422805 tp profit 5.79 dur 11.3min
2026-09-01T08:21:04.309981+00:00 KINO: dip 78079.17 official -> pending SELL on M1 close back below it
2026-09-01T08:22:04.543135+00:00 KINO: peak 78273.61 official -> pending BUY on M1 close back above it
2026-09-01T08:26:04.760429+00:00 KINO ENTRY: SELL 0.02 @ ~77983.14 SL 78273.61 TP 77717.67 (risk $5.81, prize $5.31, return to dip, strong mkt)
2026-09-01T08:26:06.781985+00:00 ENTRY logged: SELL 0.02 @ 77988.64 ticket 1047446159
2026-09-01T08:34:04.440699+00:00 KINO: dip 77807.27 official -> pending SELL on M1 close back below it
2026-09-01T08:41:05.580533+00:00 KINO: peak 78023.20 official -> pending BUY on M1 close back above it
2026-09-01T08:43:03.984228+00:00 KINO: dip 77823.01 official -> pending SELL on M1 close back below it
2026-09-01T08:50:05.300311+00:00 KINO: peak 78017.09 official -> pending BUY on M1 close back above it
2026-09-01T08:52:05.614846+00:00 KINO skipped: last page at 0.02 - 0.04 unlocks the next page
2026-09-01T08:54:03.934185+00:00 KINO: dip 77777.81 official -> pending SELL on M1 close back below it
2026-09-01T08:57:01.829375+00:00 KINO: peak 77932.05 official -> pending BUY on M1 close back above it
2026-09-01T09:05:02.085491+00:00 KINO: dip 77759.58 official -> pending SELL on M1 close back below it
2026-09-01T09:12:01.865167+00:00 KINO: peak 77896.18 official -> pending BUY on M1 close back above it
2026-09-01T09:17:02.769801+00:00 KINO: dip 77779.77 official -> pending SELL on M1 close back below it
2026-09-01T09:21:01.483846+00:00 KINO: peak 77866.16 official -> pending BUY on M1 close back above it
2026-09-01T09:22:20.952005+00:00 SHADOW ENTRY: recipe fired -> would BUY @ ~77874.44 (setup 77866.16)
2026-09-01T09:27:01.791760+00:00 KINO: peak 77953.05 official -> pending BUY on M1 close back above it
2026-09-01T09:29:02.106834+00:00 KINO: dip 77890.78 official -> pending SELL on M1 close back below it
2026-09-01T09:33:00.864385+00:00 KINO: dip 77863.34 official -> pending SELL on M1 close back below it
2026-09-01T09:36:01.484331+00:00 KINO: peak 77947.72 official -> pending BUY on M1 close back above it
2026-09-01T09:38:01.663713+00:00 KINO: dip 77820.75 official -> pending SELL on M1 close back below it
2026-09-01T09:47:01.840037+00:00 KINO: peak 78028.36 official -> pending BUY on M1 close back above it
2026-09-01T10:02:02.191847+00:00 KINO: dip 77862.53 official -> pending SELL on M1 close back below it
2026-09-01T10:02:02.198415+00:00 SHADOW ENTRY: recipe fired -> would BUY @ ~77943.84 (setup 77903.06)
2026-09-01T10:04:02.495366+00:00 KINO: peak 77967.59 official -> pending BUY on M1 close back above it
2026-09-01T10:06:02.850984+00:00 KINO: dip 77880.01 official -> pending SELL on M1 close back below it
2026-09-01T10:12:01.804028+00:00 KINO: dip 77783.91 official -> pending SELL on M1 close back below it
2026-09-01T10:18:00.853126+00:00 KINO: peak 77889.01 official -> pending BUY on M1 close back above it
2026-09-01T10:20:01.241211+00:00 KINO: dip 77713.52 official -> pending SELL on M1 close back below it
2026-09-01T10:28:00.803488+00:00 KINO: peak 78023.25 official -> pending BUY on M1 close back above it
2026-09-01T10:34:01.731345+00:00 KINO: peak 78142.29 official -> pending BUY on M1 close back above it
2026-09-01T10:43:01.462366+00:00 KINO: peak 78172.38 official -> pending BUY on M1 close back above it
2026-09-01T10:47:00.947541+00:00 KINO: dip 78089.34 official -> pending SELL on M1 close back below it
2026-09-01T10:49:01.266702+00:00 KINO: peak 78141.13 official -> pending BUY on M1 close back above it
2026-09-01T10:57:02.206153+00:00 KINO: dip 77943.64 official -> pending SELL on M1 close back below it
2026-09-01T11:01:01.088687+00:00 KINO: peak 78014.23 official -> pending BUY on M1 close back above it
2026-09-01T11:03:01.612728+00:00 KINO: dip 77878.91 official -> pending SELL on M1 close back below it
2026-09-01T11:06:02.220101+00:00 KINO: peak 78020.47 official -> pending BUY on M1 close back above it
2026-09-01T11:13:01.493274+00:00 KINO: dip 77886.83 official -> pending SELL on M1 close back below it
2026-09-01T11:13:01.493274+00:00 SHADOW ENTRY: recipe fired -> would BUY @ ~77960.98 (setup 77958.13)
2026-09-01T11:29:01.543868+00:00 KINO: dip 77897.56 official -> pending SELL on M1 close back below it
2026-09-01T11:31:01.911092+00:00 KINO: peak 77975.42 official -> pending BUY on M1 close back above it
2026-09-01T11:43:01.813260+00:00 KINO: peak 78172.97 official -> pending BUY on M1 close back above it
2026-09-01T11:46:02.468892+00:00 KINO: dip 78054.29 official -> pending SELL on M1 close back below it
2026-09-01T11:51:01.319885+00:00 KINO: dip 78051.48 official -> pending SELL on M1 close back below it
2026-09-01T11:56:02.106276+00:00 KINO: peak 78161.38 official -> pending BUY on M1 close back above it
2026-09-01T12:00:02.970305+00:00 KINO: dip 78008.51 official -> pending SELL on M1 close back below it
2026-09-01T12:00:09.004154+00:00 CLOCKS DIVERGED: H4 and D1 disagree again - no new runner candidates
2026-09-01T12:01:03.192075+00:00 KINO: peak 78066.19 official -> pending BUY on M1 close back above it
2026-09-01T12:07:00.675136+00:00 KINO: dip 77905.72 official -> pending SELL on M1 close back below it
2026-09-01T12:13:02.425899+00:00 KINO: peak 78126.16 official -> pending BUY on M1 close back above it
2026-09-01T12:16:02.628544+00:00 KINO: dip 77968.41 official -> pending SELL on M1 close back below it
2026-09-01T12:19:01.053875+00:00 KINO: peak 78070.05 official -> pending BUY on M1 close back above it
2026-09-01T12:26:02.730728+00:00 KINO: dip 77869.03 official -> pending SELL on M1 close back below it
2026-09-01T12:30:03.356760+00:00 KINO: peak 78008.24 official -> pending BUY on M1 close back above it
2026-09-01T12:38:26.986742+00:00 EXIT logged: ticket 1047446159 tp profit 5.42 dur 252.4min
2026-09-01T12:39:04.787306+00:00 KINO ENTRY: SELL 0.02 @ ~77799.36 SL 78008.24 TP 77640.48 (risk $4.18, prize $3.18, return to dip, calm mkt)
2026-09-01T12:39:06.820088+00:00 ENTRY logged: SELL 0.02 @ 77799.76 ticket 1047624970
2026-09-01T12:42:01.549767+00:00 KINO: dip 77703.53 official -> pending SELL on M1 close back below it
2026-09-01T12:46:02.427602+00:00 KINO: peak 77946.34 official -> pending BUY on M1 close back above it
2026-09-01T12:47:02.604384+00:00 KINO skipped: last page at 0.02 - 0.04 unlocks the next page
2026-09-01T12:47:36.771146+00:00 EXIT logged: ticket 1047624970 sl profit -4.23 dur 8.5min
2026-09-01T12:47:36.773453+00:00 RECOV[1047624970] armed: SELL 0.02 stopped at 78008.24 -> two doors: M1 close beyond the line = flip, or back beyond 77799.76 = re-enter
2026-09-01T12:48:02.886634+00:00 KINO skipped: last page at 0.03 - 0.04 unlocks the next page
2026-09-01T12:48:04.452159+00:00 RECOV[1047624970] ENTRY: BUY 0.03 @ ~78024.54 SL 77703.53 TP 78312.22 (risk $9.63, prize $8.63, calm mkt -> -$1.00 early)
2026-09-01T12:48:06.472193+00:00 ENTRY logged: BUY 0.03 @ 78024.87 ticket 1047633240
2026-09-01T12:52:01.567318+00:00 KINO: dip 77937.29 official -> pending SELL on M1 close back below it
2026-09-01T13:00:03.417400+00:00 KINO: peak 78018.97 official -> pending BUY on M1 close back above it
2026-09-01T13:06:01.779925+00:00 KINO: dip 77775.28 official -> pending SELL on M1 close back below it
2026-09-01T13:06:49.938775+00:00 EXIT logged: ticket 1047633240 sl profit -9.64 dur 18.8min
2026-09-01T13:06:49.941589+00:00 RECOV[1047624970]: link 1047633240 stopped -> two doors: M1 close beyond 77703.53 = flip, or back beyond 78024.87 = re-enter
2026-09-01T13:06:51.984848+00:00 EXIT logged: ticket 1047231981 tp profit 41.35 dur 843.8min
2026-09-01T13:06:51.985610+00:00 RECOV[1047126401]: chain ENDED (link 1047231981 exit=tp 41.35)
2026-09-01T13:07:03.689962+00:00 KINO ENTRY: SELL 0.02 @ ~77669.37 SL 77888.8 TP 77474.94 (risk $4.39, prize $3.89, return to dip, strong mkt)
2026-09-01T13:07:05.076128+00:00 RECOV[1047624970] ENTRY: SELL 0.04 @ ~77669.37 SL 78047.97 TP 77303.27 (risk $15.14, prize $14.64, strong mkt -> -$0.50 early)
2026-09-01T13:07:07.091554+00:00 ENTRY logged: SELL 0.02 @ 77670.98 ticket 1047653044
2026-09-01T13:07:07.099597+00:00 ENTRY logged: SELL 0.04 @ 77681.57 ticket 1047653075
2026-09-01T13:07:07.101266+00:00 RECOVERY breakeven: 1047653044@77670.98 -> TP 77665.98
2026-09-01T13:12:16.291521+00:00 EXIT logged: ticket 1047653044 sl profit -4.36 dur 5.2min
2026-09-01T13:12:16.293529+00:00 RECOV[1047653044] armed: SELL 0.02 stopped at 77888.80 -> two doors: M1 close beyond the line = flip, or back beyond 77670.98 = re-enter
2026-09-01T13:14:02.721690+00:00 KINO: peak 77882.31 official -> pending BUY on M1 close back above it
2026-09-01T13:25:01.851847+00:00 KINO: peak 77864.05 official -> pending BUY on M1 close back above it
2026-09-01T13:26:02.022442+00:00 KINO: dip 77692.94 official -> pending SELL on M1 close back below it
2026-09-01T13:31:01.208037+00:00 KINO skipped: last page at 0.03 - 0.04 unlocks the next page
2026-09-01T13:31:02.503587+00:00 RECOV[1047653044] ENTRY: BUY 0.03 @ ~77961.18 SL 77555.64 TP 78350.05 (risk $12.17, prize $11.67, strong mkt -> -$0.50 early)
2026-09-01T13:31:04.523848+00:00 ENTRY logged: BUY 0.03 @ 77943.86 ticket 1047675873
2026-09-01T13:38:12.147212+00:00 EXIT logged: ticket 1047675873 sl profit -11.65 dur 7.1min
2026-09-01T13:38:12.149243+00:00 RECOV[1047653044]: link 1047675873 stopped -> two doors: M1 close beyond 77555.64 = flip, or back beyond 77943.86 = re-enter
2026-09-01T13:39:03.410804+00:00 KINO ENTRY: SELL 0.02 @ ~77556.44 SL 78001.27 TP 77161.61 (risk $8.90, prize $7.90, return to dip, calm mkt)
2026-09-01T13:39:05.422521+00:00 ENTRY logged: SELL 0.02 @ 77562.73 ticket 1047686666
2026-09-01T13:42:04.724503+00:00 RECOV[1047653044] ENTRY: SELL 0.04 @ ~77530.54 SL 78001.27 TP 77084.81 (risk $18.83, prize $17.83, calm mkt -> -$1.00 early)
2026-09-01T13:42:06.748528+00:00 ENTRY logged: SELL 0.04 @ 77515.32 ticket 1047689587
2026-09-01T13:43:02.956731+00:00 KINO: dip 77463.83 official -> pending SELL on M1 close back below it
2026-09-01T13:44:03.178436+00:00 KINO skipped: last page at 0.02 - 0.04 unlocks the next page
2026-09-01T13:47:28.561222+00:00 EXIT logged: ticket 1047686666 sl profit -8.78 dur 8.4min
2026-09-01T13:47:28.563230+00:00 RECOV[1047686666] armed: SELL 0.02 stopped at 78001.27 -> two doors: M1 close beyond the line = flip, or back beyond 77562.73 = re-enter
2026-09-01T13:47:28.581115+00:00 EXIT logged: ticket 1047689587 sl profit -19.44 dur 5.4min
2026-09-01T13:47:28.581115+00:00 RECOV[1047653044]: link 1047689587 stopped -> two doors: M1 close beyond 78001.27 = flip, or back beyond 77515.32 = re-enter
2026-09-01T13:47:36.631401+00:00 EXIT logged: ticket 1047653075 sl profit -14.66 dur 40.5min
2026-09-01T13:47:36.633932+00:00 RECOV[1047624970]: link 1047653075 stopped -> two doors: M1 close beyond 78047.97 = flip, or back beyond 77681.57 = re-enter
2026-09-01T13:48:02.716567+00:00 KINO skipped: last page at 0.03 - 0.04 unlocks the next page
2026-09-01T13:48:04.341069+00:00 RECOV[1047686666] ENTRY: BUY 0.03 @ ~78080.02 SL 77463.83 TP 78679.54 (risk $18.49, prize $17.99, strong mkt -> -$0.50 early)
2026-09-01T13:48:05.868426+00:00 RECOV[1047653044] ENTRY: BUY 0.05 @ ~78080.02 SL 77493.76 TP 78656.28 (risk $29.31, prize $28.81, strong mkt -> -$0.50 early)
2026-09-01T13:48:07.376576+00:00 RECOV[1047624970] ENTRY: BUY 0.05 @ ~78080.02 SL 77463.83 TP 78686.21 (risk $30.81, prize $30.31, strong mkt -> -$0.50 early)
2026-09-01T13:48:09.390874+00:00 ENTRY logged: BUY 0.03 @ 78090.96 ticket 1047696776
2026-09-01T13:48:09.400441+00:00 ENTRY logged: BUY 0.05 @ 78105.13 ticket 1047696816
2026-09-01T13:48:09.406854+00:00 ENTRY logged: BUY 0.05 @ 78098.14 ticket 1047696849
2026-09-01T13:48:09.407693+00:00 RECOVERY breakeven: 1047696816@78105.13 -> TP 78107.13
2026-09-01T13:53:02.360599+00:00 KINO: peak 78179.55 official -> pending BUY on M1 close back above it
2026-09-01T14:00:01.692304+00:00 KINO: dip 77946.33 official -> pending SELL on M1 close back below it
2026-09-01T14:05:02.731092+00:00 KINO: peak 78262.00 official -> pending BUY on M1 close back above it
2026-09-01T14:12:02.562011+00:00 KINO: peak 78402.85 official -> pending BUY on M1 close back above it
2026-09-01T14:16:03.379578+00:00 KINO: dip 78173.45 official -> pending SELL on M1 close back below it
2026-09-01T14:19:02.045118+00:00 KINO: peak 78327.52 official -> pending BUY on M1 close back above it
2026-09-01T14:22:02.761915+00:00 KINO: dip 78132.26 official -> pending SELL on M1 close back below it
2026-09-01T14:29:02.249169+00:00 KINO: peak 78382.38 official -> pending BUY on M1 close back above it
2026-09-01T14:31:02.664161+00:00 KINO: dip 78203.66 official -> pending SELL on M1 close back below it
2026-09-01T14:39:03.031924+00:00 KINO: peak 78372.31 official -> pending BUY on M1 close back above it
2026-09-01T14:58:25.624813+00:00 KINO: dip 78122.83 official -> pending SELL on M1 close back below it
2026-09-01T15:08:55.881532+00:00 OWL starting (TP+recovery manager, trade scribe)
2026-09-01T15:19:01.929485+00:00 KINO: dip 77687.71 official -> pending SELL on M1 close back below it
2026-09-01T15:25:36.253496+00:00 DEPOSIT detected: +150.00 -> Squirrel target auto-raised 250.00 -> 400.00 (deposits are floor, not progress)
2026-09-01T15:31:03.276343+00:00 KINO: peak 77843.47 official -> pending BUY on M1 close back above it
2026-09-01T15:33:01.648870+00:00 KINO: dip 77761.76 official -> pending SELL on M1 close back below it
2026-09-01T15:48:47.749838+00:00 KINO: dip 77909.26 official -> pending SELL on M1 close back below it
2026-09-01T15:58:03.184465+00:00 KINO: peak 78069.19 official -> pending BUY on M1 close back above it
2026-09-01T16:05:02.438287+00:00 KINO: dip 77800.06 official -> pending SELL on M1 close back below it
2026-09-01T16:07:02.786738+00:00 KINO: peak 77943.53 official -> pending BUY on M1 close back above it
2026-09-01T16:21:11.506526+00:00 RECOVERY breakeven: 1047696776@78090.96 -> TP 78094.29
2026-09-01T16:21:11.518344+00:00 EXIT logged: ticket 1047696816 sl profit -30.57 dur 153.1min
2026-09-01T16:21:11.520353+00:00 RECOV[1047653044]: link 1047696816 stopped -> two doors: M1 close beyond 77493.76 = flip, or back beyond 78105.13 = re-enter
2026-09-01T16:21:43.753267+00:00 EXIT logged: ticket 1047696776 sl profit -18.82 dur 153.7min
2026-09-01T16:21:43.753657+00:00 RECOV[1047686666]: link 1047696776 stopped -> two doors: M1 close beyond 77463.83 = flip, or back beyond 78090.96 = re-enter
2026-09-01T16:21:43.761304+00:00 EXIT logged: ticket 1047696849 sl profit -31.72 dur 153.6min
2026-09-01T16:21:43.762029+00:00 RECOV[1047624970]: link 1047696849 stopped -> two doors: M1 close beyond 77463.83 = flip, or back beyond 78098.14 = re-enter
2026-09-01T16:22:01.823112+00:00 ERROR Traceback (most recent call last): |   File "C:\Projects\KinoliveLines\live\owl_manual_bot.py", line 1032, in main |     if kino_open(-1, dn.get("phigh", ch), st, ai, |        ^^^^^^^^^^^^^^^^^^^^^^^^^^^^^^^^^^^^^^^^^^ |   File "C:\Projects\KinoliveLines\live\owl_manual_bot.py", line 522, in kino_open |     tick.ask if direction == 1 else tick.bid, |                                     ^^^^ | UnboundLocalError: cannot access local variable 'tick' where it is not associated with a value | 
2026-09-01T16:22:15.042977+00:00 RECOV[1047653044] ENTRY: SELL 0.06 @ ~77477.49 SL 78402.85 TP 76568.80 (risk $55.52, prize $54.52, calm mkt -> -$1.00 early)
2026-09-01T16:22:16.215196+00:00 RECOV[1047686666] ENTRY: SELL 0.04 @ ~77477.49 SL 78402.85 TP 76577.13 (risk $37.01, prize $36.01, calm mkt -> -$1.00 early)
2026-09-01T16:22:17.390099+00:00 RECOV[1047624970] ENTRY: SELL 0.06 @ ~77477.49 SL 78402.85 TP 76568.80 (risk $55.52, prize $54.52, calm mkt -> -$1.00 early)
2026-09-01T16:22:19.397436+00:00 ENTRY logged: SELL 0.06 @ 77459.65000000001 ticket 1047817831
2026-09-01T16:22:19.401053+00:00 ENTRY logged: SELL 0.04 @ 77459.16 ticket 1047817853
2026-09-01T16:22:19.403204+00:00 ENTRY logged: SELL 0.06 @ 77457.91 ticket 1047817902
2026-09-01T16:22:19.404653+00:00 RECOVERY pair: 1047817853@77459.16 + 1047817831@77459.65000000001 -> joint TP 77458.45
2026-09-01T16:23:01.538589+00:00 ERROR Traceback (most recent call last): |   File "C:\Projects\KinoliveLines\live\owl_manual_bot.py", line 1032, in main |     _dirty = False |                     |   File "C:\Projects\KinoliveLines\live\owl_manual_bot.py", line 522, in kino_open |     if tick is None: |                       | UnboundLocalError: cannot access local variable 'tick' where it is not associated with a value | 
2026-09-01T16:24:01.683130+00:00 KINO: dip 77424.06 official -> pending SELL on M1 close back below it
2026-09-01T16:24:20.568430+00:00 OWL starting (TP+recovery manager, trade scribe)
2026-09-01T16:30:01.712140+00:00 KINO: peak 77643.71 official -> pending BUY on M1 close back above it
2026-09-01T16:33:02.512424+00:00 KINO: dip 77457.62 official -> pending SELL on M1 close back below it
2026-09-01T16:35:02.946085+00:00 KINO: peak 77576.10 official -> pending BUY on M1 close back above it
2026-09-01T16:35:02.946085+00:00 KINO skipped: same signal already taken by 1047817831 (one signal = one trade)
2026-09-01T16:37:02.548912+00:00 KINO ENTRY: SELL 0.02 @ ~77299.66 SL 77576.1 TP 77048.22 (risk $5.53, prize $5.03, return to dip, strong mkt)
2026-09-01T16:37:04.562474+00:00 ENTRY logged: SELL 0.02 @ 77300.75 ticket 1047830176
2026-09-01T16:42:05.952760+00:00 EXIT logged: ticket 1047830176 sl profit -5.5 dur 5.0min
2026-09-01T16:42:05.958353+00:00 RECOV[1047830176] armed: SELL 0.02 stopped at 77576.10 -> two doors: M1 close beyond the line = flip, or back beyond 77300.75 = re-enter
2026-09-01T16:43:02.183972+00:00 KINO: peak 77571.66 official -> pending BUY on M1 close back above it
2026-09-01T16:46:03.139734+00:00 KINO: dip 77384.38 official -> pending SELL on M1 close back below it
2026-09-01T16:51:03.154991+00:00 KINO skipped: last page at 0.03 - 0.04 unlocks the next page
2026-09-01T16:51:04.534755+00:00 RECOV[1047830176] ENTRY: BUY 0.03 @ ~77585.84 SL 77257.81 TP 77880.54 (risk $9.84, prize $8.84, calm mkt -> -$1.00 early)
2026-09-01T16:51:06.565209+00:00 ENTRY logged: BUY 0.03 @ 77585.84 ticket 1047840083
2026-09-01T16:52:02.751544+00:00 KINO: peak 77592.47 official -> pending BUY on M1 close back above it
2026-09-01T17:01:02.233724+00:00 KINO: dip 77534.67 official -> pending SELL on M1 close back below it
2026-09-01T17:03:51.919281+00:00 OWL starting (TP+recovery manager, trade scribe)
2026-09-01T17:10:03.018632+00:00 KINO: dip 77486.50 official -> pending SELL on M1 close back below it
2026-09-01T17:19:02.437026+00:00 KINO: dip 77370.12 official -> pending SELL on M1 close back below it
2026-09-01T17:26:02.074348+00:00 KINO: peak 77597.15 official -> pending BUY on M1 close back above it
2026-09-01T17:33:02.488562+00:00 KINO: peak 77587.87 official -> pending BUY on M1 close back above it
2026-09-01T17:38:03.401504+00:00 KINO: peak 77699.26 official -> pending BUY on M1 close back above it
2026-09-01T17:43:02.321794+00:00 KINO: dip 77518.27 official -> pending SELL on M1 close back below it
2026-09-01T17:44:02.447789+00:00 KINO: peak 77602.25 official -> pending BUY on M1 close back above it
2026-09-01T17:52:01.786501+00:00 KINO: peak 77454.80 official -> pending BUY on M1 close back above it
2026-09-01T17:57:53.505607+00:00 EXIT logged: ticket 1047840083 sl profit -9.88 dur 66.8min
2026-09-01T17:57:53.505607+00:00 RECOV[1047830176]: link 1047840083 stopped -> two doors: M1 close beyond 77257.81 = flip, or back beyond 77585.84 = re-enter
2026-09-01T17:58:04.922059+00:00 KINO ENTRY: SELL 0.02 @ ~77302.24 SL 77602.25 TP 77052.23 (risk $6.00, prize $5.00, return to dip, calm mkt)
2026-09-01T17:58:06.947275+00:00 ENTRY logged: SELL 0.02 @ 77304.2 ticket 1047873466
2026-09-01T18:00:03.306457+00:00 RECOV[1047830176] held: same signal already taken by another page (one signal = one trade); door stays armed
2026-09-01T18:01:19.157843+00:00 RECOV[1047830176] ENTRY: SELL 0.04 @ ~77203.03 SL 77699.26 TP 76881.03 (risk $19.85, prize $12.88, calm mkt -> -$1.00 early, HEAL target)
2026-09-01T18:01:21.197063+00:00 ENTRY logged: SELL 0.04 @ 77211.78 ticket 1047874928
2026-09-01T18:03:03.532832+00:00 KINO: dip 77124.32 official -> pending SELL on M1 close back below it
2026-09-01T18:10:02.927018+00:00 KINO skipped: last page at 0.02 - 0.04 unlocks the next page
2026-09-01T18:13:01.452341+00:00 KINO: dip 77095.63 official -> pending SELL on M1 close back below it
2026-09-01T18:16:13.378199+00:00 OWL starting (TP+recovery manager, trade scribe)
2026-09-01T18:16:52.136961+00:00 RECOV[1047653044] RATCHET LOCK: link 1047817831 wall moved to entry 77459.65 (can no longer lose)
2026-09-01T18:16:52.657575+00:00 RECOV[1047686666] RATCHET LOCK: link 1047817853 wall moved to entry 77459.16 (can no longer lose)
2026-09-01T18:16:53.337979+00:00 RECOV[1047624970] RATCHET LOCK: link 1047817902 wall moved to entry 77457.91 (can no longer lose)
2026-09-01T18:18:32.335517+00:00 RECOV[1047830176] RATCHET LOCK: link 1047874928 wall moved to entry 77211.78 (can no longer lose)
2026-09-01T18:20:38.825391+00:00 EXIT logged: ticket 1047873466 tp profit 5.04 dur 22.5min
2026-09-01T18:21:04.454544+00:00 KINO ENTRY: SELL 0.02 @ ~77064.70 SL 77222.84 TP 76946.10 (risk $3.16, prize $2.37, return to dip, calm mkt)
2026-09-01T18:21:06.465717+00:00 ENTRY logged: SELL 0.02 @ 77060.57 ticket 1047884642
2026-09-01T18:21:58.695883+00:00 EXIT logged: ticket 1047884642 manual profit -0.17 dur 0.9min
2026-09-01T18:23:25.710537+00:00 OWL starting (TP+recovery manager, trade scribe)
2026-09-01T18:27:25.404711+00:00 EXIT logged: ticket 1047874928 tp profit 13.23 dur 26.1min
2026-09-01T18:27:25.404711+00:00 RECOV[1047830176]: chain ENDED (link 1047874928 exit=tp 13.23)
2026-09-01T18:28:03.541063+00:00 EQUITY SHIELD armed at 323.52 (guard 313.52)
2026-09-01T18:28:04.274597+00:00 RECOV[1047653044] RATCHET BANK: link 1047817831 taken at +43.87 (70% of prize)
2026-09-01T18:28:04.926295+00:00 RECOV[1047686666] RATCHET BANK: link 1047817853 taken at +29.23 (70% of prize)
2026-09-01T18:28:05.510426+00:00 RECOV[1047624970] RATCHET BANK: link 1047817902 taken at +43.76 (70% of prize)
2026-09-01T18:28:07.568749+00:00 EXIT logged: ticket 1047817831 manual profit 43.34 dur 125.8min
2026-09-01T18:28:07.570229+00:00 RECOV[1047653044]: chain ENDED (link 1047817831 exit=manual 43.34)
2026-09-01T18:28:07.580725+00:00 EXIT logged: ticket 1047817853 manual profit 28.84 dur 125.8min
2026-09-01T18:28:07.580725+00:00 RECOV[1047686666]: chain ENDED (link 1047817853 exit=manual 28.84)
2026-09-01T18:28:07.586900+00:00 EXIT logged: ticket 1047817902 manual profit 41.77 dur 125.8min
2026-09-01T18:28:07.586900+00:00 RECOV[1047624970]: chain ENDED (link 1047817902 exit=manual 41.77)
2026-09-01T18:34:02.932985+00:00 KINO: peak 77021.81 official -> pending BUY on M1 close back above it
2026-09-01T18:41:02.593377+00:00 KINO: dip 76563.33 official -> pending SELL on M1 close back below it
2026-09-01T18:45:04.508741+00:00 KINO ENTRY: SELL 0.02 @ ~76533.59 SL 76768.06 TP 76349.12 (risk $4.69, prize $3.69, return to dip, calm mkt)
2026-09-01T18:45:06.526229+00:00 ENTRY logged: SELL 0.02 @ 76554.09 ticket 1047898553
2026-09-01T18:48:02.959855+00:00 KINO: dip 76365.42 official -> pending SELL on M1 close back below it
2026-09-01T18:50:04.751961+00:00 EXIT logged: ticket 1047898553 sl profit -4.33 dur 5.0min
2026-09-01T18:50:04.756378+00:00 RECOV[1047898553] armed: SELL 0.02 stopped at 76768.06 -> two doors: M1 close beyond the line = flip, or back beyond 76554.09 = re-enter
2026-09-01T18:50:34.953256+00:00 OWL starting (TP+recovery manager, trade scribe)
2026-09-01T18:51:04.404506+00:00 RECOV[1047898553] ENTRY: BUY 0.03 @ ~76902.22 SL 76365.42 TP 77422.35 (risk $16.10, prize $15.60, strong mkt -> -$0.50 early)
2026-09-01T18:51:06.421080+00:00 ENTRY logged: BUY 0.03 @ 76902.15000000001 ticket 1047901557
2026-09-01T18:57:03.428490+00:00 KINO skipped: last page at 0.03 - 0.04 unlocks the next page
2026-09-01T19:03:02.955062+00:00 KINO: peak 77228.16 official -> pending BUY on M1 close back above it
2026-09-01T19:04:03.212046+00:00 KINO: dip 77069.97 official -> pending SELL on M1 close back below it
2026-09-01T19:09:02.196967+00:00 KINO: peak 77287.41 official -> pending BUY on M1 close back above it
2026-09-01T19:11:02.602960+00:00 KINO: dip 77102.78 official -> pending SELL on M1 close back below it
2026-09-01T19:15:03.900085+00:00 KINO: dip 77127.41 official -> pending SELL on M1 close back below it
2026-09-01T19:20:03.693935+00:00 KINO: peak 77273.60 official -> pending BUY on M1 close back above it
2026-09-01T19:25:02.683828+00:00 KINO: peak 77407.00 official -> pending BUY on M1 close back above it
2026-09-01T19:27:45.208827+00:00 EXIT logged: ticket 1047901557 tp profit 15.61 dur 36.7min
2026-09-01T19:27:45.209342+00:00 RECOV[1047898553]: chain ENDED (link 1047901557 exit=tp 15.61)
2026-09-01T19:29:03.463967+00:00 KINO: peak 77455.42 official -> pending BUY on M1 close back above it
2026-09-01T19:36:03.019290+00:00 KINO: dip 77270.44 official -> pending SELL on M1 close back below it
2026-09-01T19:38:45.781549+00:00 OWL starting (TP+recovery manager, trade scribe)
2026-09-01T19:40:05.461448+00:00 KINO ENTRY: SELL 0.02 @ ~77269.98 SL 77348.28 TP 77211.25 (risk $1.57, prize $1.17, return to dip, calm mkt)
2026-09-01T19:40:07.471272+00:00 ENTRY logged: SELL 0.02 @ 77269.88 ticket 1047924163
2026-09-01T19:41:13.712852+00:00 EXIT logged: ticket 1047924163 sl profit -1.58 dur 1.1min
2026-09-01T19:41:13.717763+00:00 RECOV[1047924163] armed: SELL 0.02 stopped at 77348.28 -> two doors: M1 close beyond the line = flip, or back beyond 77269.88 = re-enter
2026-09-01T19:44:04.505314+00:00 RECOV[1047924163] RE-ENTRY (fake break): SELL 0.03 @ ~77265.85 SL 77339.09 TP 77210.92 (risk $2.20, prize $1.65, calm mkt -> -$0.55 early)
2026-09-01T19:44:06.536225+00:00 ENTRY logged: SELL 0.03 @ 77265.85 ticket 1047926386
2026-09-01T19:49:03.065024+00:00 KINO: dip 77221.67 official -> pending SELL on M1 close back below it
2026-09-01T19:52:45.844322+00:00 EXIT logged: ticket 1047926386 tp profit 1.65 dur 8.7min
2026-09-01T19:52:45.844322+00:00 RECOV[1047924163]: chain ENDED (link 1047926386 exit=tp 1.65)
2026-09-01T19:53:03.895122+00:00 KINO: peak 77281.46 official -> pending BUY on M1 close back above it
2026-09-01T19:53:05.120027+00:00 KINO ENTRY: SELL 0.02 @ ~77172.10 SL 77281.46 TP 77087.74 (risk $2.19, prize $1.69, return to dip, strong mkt)
2026-09-01T19:53:07.135031+00:00 ENTRY logged: SELL 0.02 @ 77172.1 ticket 1047930692
2026-09-01T19:56:01.667336+00:00 KINO: dip 77153.29 official -> pending SELL on M1 close back below it
2026-09-01T20:00:00.652041+00:00 EXIT logged: ticket 1047930692 sl profit -2.2 dur 6.9min
2026-09-01T20:00:00.652665+00:00 RECOV[1047930692] armed: SELL 0.02 stopped at 77281.46 -> two doors: M1 close beyond the line = flip, or back beyond 77172.10 = re-enter
2026-09-01T20:03:03.316987+00:00 KINO: peak 77313.29 official -> pending BUY on M1 close back above it
2026-09-01T20:05:01.730980+00:00 KINO: dip 77189.16 official -> pending SELL on M1 close back below it
2026-09-01T20:06:04.967321+00:00 RECOV[1047930692] ENTRY: BUY 0.03 @ ~77298.43 SL 77153.29 TP 77410.24 (risk $4.35, prize $3.35, calm mkt -> -$1.00 early)
2026-09-01T20:06:06.980884+00:00 ENTRY logged: BUY 0.03 @ 77307.34 ticket 1047935819
2026-09-01T20:07:03.150200+00:00 KINO: peak 77362.81 official -> pending BUY on M1 close back above it
2026-09-01T20:15:02.500689+00:00 KINO skipped: last page at 0.03 - 0.04 unlocks the next page
2026-09-01T20:15:22.559160+00:00 EXIT logged: ticket 1047935819 tp profit 3.09 dur 9.3min
2026-09-01T20:15:22.559160+00:00 RECOV[1047930692]: chain ENDED (link 1047935819 exit=tp 3.09)
2026-09-01T20:17:02.918095+00:00 KINO: peak 77431.01 official -> pending BUY on M1 close back above it
2026-09-01T20:20:03.528358+00:00 KINO: dip 77281.70 official -> pending SELL on M1 close back below it
2026-09-01T20:27:02.468700+00:00 KINO: peak 77408.56 official -> pending BUY on M1 close back above it
2026-09-01T20:32:03.252566+00:00 KINO: peak 77389.78 official -> pending BUY on M1 close back above it
2026-09-01T20:36:20.332854+00:00 OWL starting (TP+recovery manager, trade scribe)
2026-09-01T20:37:03.666289+00:00 KINO ENTRY: BUY 0.02 @ ~77409.15 SL 77316.34 TP 77478.76 (risk $1.86, prize $1.39, return to peak, calm mkt)
2026-09-01T20:37:05.673388+00:00 ENTRY logged: BUY 0.02 @ 77409.15000000001 ticket 1047944586
2026-09-01T20:39:04.026464+00:00 KINO: peak 77439.40 official -> pending BUY on M1 close back above it
2026-09-01T20:41:52.492339+00:00 EXIT logged: ticket 1047944586 sl profit -1.9100000000000001 dur 4.8min
2026-09-01T20:41:52.494568+00:00 RECOV[1047944586] armed: BUY 0.02 stopped at 77316.34 -> two doors: M1 close beyond the line = flip, or back beyond 77409.15 = re-enter
2026-09-01T20:42:03.673580+00:00 RECOV[1047944586] ENTRY: SELL 0.03 @ ~77310.70 SL 77431.88 TP 77219.81 (risk $3.64, prize $2.73, calm mkt -> -$0.91 early)
2026-09-01T20:42:05.682439+00:00 ENTRY logged: SELL 0.03 @ 77309.24 ticket 1047945319
2026-09-01T20:45:01.961130+00:00 KINO: dip 77295.26 official -> pending SELL on M1 close back below it
2026-09-01T20:46:02.277336+00:00 KINO: peak 77369.31 official -> pending BUY on M1 close back above it
2026-09-01T20:49:02.796349+00:00 KINO: dip 77306.85 official -> pending SELL on M1 close back below it
2026-09-01T20:50:02.964336+00:00 KINO skipped: last page at 0.03 - 0.04 unlocks the next page
2026-09-01T20:57:44.299868+00:00 EXIT logged: ticket 1047945319 sl profit -3.71 dur 15.7min
2026-09-01T20:57:44.301068+00:00 RECOV[1047944586]: link 1047945319 stopped -> two doors: M1 close beyond 77431.88 = flip, or back beyond 77309.24 = re-enter
2026-09-01T20:58:03.536221+00:00 KINO ENTRY: BUY 0.02 @ ~77437.12 SL 77301.16 TP 77539.09 (risk $2.72, prize $2.04, return to peak, calm mkt)
2026-09-01T20:58:05.552306+00:00 ENTRY logged: BUY 0.02 @ 77437.12 ticket 1047948166
2026-09-01T21:00:01.900742+00:00 KINO: peak 77435.81 official -> pending BUY on M1 close back above it
2026-09-01T21:01:02.073166+00:00 KINO: dip 77377.29 official -> pending SELL on M1 close back below it
2026-09-01T21:02:02.217997+00:00 KINO skipped: last page at 0.02 - 0.04 unlocks the next page
2026-09-01T21:05:30.821661+00:00 EXIT logged: ticket 1047948166 sl profit -2.7199999999999998 dur 7.5min
2026-09-01T21:05:30.823196+00:00 RECOV[1047948166] armed: BUY 0.02 stopped at 77301.16 -> two doors: M1 close beyond the line = flip, or back beyond 77437.12 = re-enter
2026-09-01T21:06:02.918251+00:00 KINO skipped: last page at 0.03 - 0.04 unlocks the next page
2026-09-01T21:06:04.188319+00:00 RECOV[1047944586] RE-ENTRY (fake break): SELL 0.04 @ ~77285.75 SL 77491.70 TP 77104.80 (risk $8.24, prize $7.24, calm mkt -> -$1.00 early)
2026-09-01T21:06:04.188319+00:00 RECOV[1047948166] held: same signal already taken by another page (one signal = one trade); door stays armed
2026-09-01T21:06:06.196639+00:00 ENTRY logged: SELL 0.04 @ 77283.62 ticket 1047948982
2026-09-01T21:07:48.987996+00:00 RECOV[1047944586] RATCHET LOCK: link 1047948982 wall moved to entry 77283.62 (can no longer lose)
2026-09-01T21:09:03.293886+00:00 KINO: dip 77193.07 official -> pending SELL on M1 close back below it
2026-09-01T21:10:08.619188+00:00 RECOV[1047948166] ENTRY: SELL 0.03 @ ~77180.89 SL 77491.70 TP 76903.41 (risk $9.32, prize $8.32, calm mkt -> -$1.00 early)
2026-09-01T21:10:10.647517+00:00 ENTRY logged: SELL 0.03 @ 77180.89 ticket 1047949390
2026-09-01T21:10:21.235435+00:00 RECOV[1047944586] RATCHET BANK: link 1047948982 taken at +6.07 (70% of prize)
2026-09-01T21:10:23.247101+00:00 EXIT logged: ticket 1047948982 manual profit 6.07 dur 4.3min
2026-09-01T21:10:23.247101+00:00 RECOV[1047944586]: chain ENDED (link 1047948982 exit=manual 6.07)
2026-09-01T21:17:55.093140+00:00 EXIT logged: ticket 1047949390 tp profit 8.33 dur 7.8min
2026-09-01T21:17:55.093140+00:00 RECOV[1047948166]: chain ENDED (link 1047949390 exit=tp 8.33)
2026-09-01T21:18:04.333152+00:00 KINO ENTRY: SELL 0.02 @ ~76897.83 SL 77256.4 TP 76564.26 (risk $7.17, prize $6.67, return to dip, strong mkt)
2026-09-01T21:18:06.343163+00:00 ENTRY logged: SELL 0.02 @ 76897.83 ticket 1047950280
2026-09-01T21:21:02.745441+00:00 KINO: dip 76867.38 official -> pending SELL on M1 close back below it
2026-09-01T21:32:02.574355+00:00 KINO: peak 77236.85 official -> pending BUY on M1 close back above it
2026-09-01T21:36:03.119655+00:00 KINO: dip 76981.56 official -> pending SELL on M1 close back below it
2026-09-01T21:44:03.708045+00:00 KINO: peak 77190.64 official -> pending BUY on M1 close back above it
2026-09-01T21:47:04.223100+00:00 KINO: dip 77081.14 official -> pending SELL on M1 close back below it
2026-09-01T21:52:02.155792+00:00 KINO skipped: last page at 0.02 - 0.04 unlocks the next page
2026-09-01T21:52:02.155792+00:00 KINO: dip 77104.51 official -> pending SELL on M1 close back below it
2026-09-01T21:58:03.089880+00:00 KINO: peak 77234.36 official -> pending BUY on M1 close back above it
2026-09-01T22:03:30.050137+00:00 EXIT logged: ticket 1047950280 sl profit -7.17 dur 45.4min
2026-09-01T22:03:30.051308+00:00 RECOV[1047950280] armed: SELL 0.02 stopped at 77256.40 -> two doors: M1 close beyond the line = flip, or back beyond 76897.83 = re-enter
2026-09-01T22:04:08.628992+00:00 KINO skipped: last page at 0.03 - 0.04 unlocks the next page
2026-09-01T22:04:08.632143+00:00 KINO: dip 77133.37 official -> pending SELL on M1 close back below it
2026-09-01T22:04:22.337391+00:00 RECOV[1047950280] ENTRY: BUY 0.03 @ ~77266.18 SL 76869.68 TP 77646.01 (risk $11.89, prize $11.39, strong mkt -> -$0.50 early)
2026-09-01T22:04:24.354349+00:00 ENTRY logged: BUY 0.03 @ 77265.03 ticket 1047954212
2026-09-01T22:08:02.997666+00:00 KINO: dip 77166.39 official -> pending SELL on M1 close back below it
2026-09-01T22:14:04.092849+00:00 KINO: peak 77271.39 official -> pending BUY on M1 close back above it
2026-09-01T22:22:03.436934+00:00 KINO: peak 77211.15 official -> pending BUY on M1 close back above it
2026-09-01T22:29:03.133876+00:00 KINO: peak 77168.29 official -> pending BUY on M1 close back above it
2026-09-01T22:35:03.179127+00:00 KINO: dip 76980.36 official -> pending SELL on M1 close back below it
2026-09-01T22:40:03.875520+00:00 KINO: peak 77146.35 official -> pending BUY on M1 close back above it
2026-09-01T22:43:02.221918+00:00 KINO: dip 77040.13 official -> pending SELL on M1 close back below it
2026-09-01T22:52:03.046489+00:00 KINO: peak 77327.86 official -> pending BUY on M1 close back above it
2026-09-01T23:04:02.863315+00:00 KINO: dip 77195.44 official -> pending SELL on M1 close back below it
2026-09-01T23:10:05.249485+00:00 KINO: peak 77282.37 official -> pending BUY on M1 close back above it
2026-09-01T23:14:03.245457+00:00 KINO: peak 77259.63 official -> pending BUY on M1 close back above it
2026-09-01T23:16:03.522143+00:00 KINO: dip 77201.78 official -> pending SELL on M1 close back below it
2026-09-01T23:22:04.439144+00:00 KINO: peak 77278.98 official -> pending BUY on M1 close back above it
2026-09-01T23:25:02.904144+00:00 KINO: dip 77203.93 official -> pending SELL on M1 close back below it
2026-09-01T23:27:04.109488+00:00 KINO: peak 77298.60 official -> pending BUY on M1 close back above it
2026-09-01T23:32:02.874085+00:00 KINO: peak 77370.96 official -> pending BUY on M1 close back above it
2026-09-01T23:41:04.631109+00:00 KINO: dip 77457.51 official -> pending SELL on M1 close back below it
2026-09-01T23:44:03.943783+00:00 KINO: peak 77554.85 official -> pending BUY on M1 close back above it
2026-09-01T23:49:03.896289+00:00 KINO: dip 77436.55 official -> pending SELL on M1 close back below it
2026-09-01T23:52:02.373640+00:00 KINO: peak 77599.18 official -> pending BUY on M1 close back above it
2026-09-02T00:00:54.204899+00:00 D1 FLIP: daily trend is now DOWN - if a runner leg is riding, this is its harvest signal
2026-09-02T00:00:54.208500+00:00 CLOCKS ALIGNED: H4 and D1 both say DOWN - next SELL scalp is the runner candidate (2x0.01)
2026-09-02T00:00:54.216046+00:00 PAPER RUNNER opened: SELL 2x0.01 @ 77453.75 (virtual, no real money)
2026-09-02T00:01:04.269595+00:00 KINO: dip 77386.60 official -> pending SELL on M1 close back below it
2026-09-02T00:07:02.622017+00:00 KINO: peak 77437.12 official -> pending BUY on M1 close back above it
2026-09-02T00:07:02.622017+00:00 SHADOW ENTRY: recipe fired -> would SELL @ ~77363.61 (setup 77380.01)
2026-09-02T00:14:03.834968+00:00 KINO: dip 77306.03 official -> pending SELL on M1 close back below it
2026-09-02T00:20:02.781018+00:00 KINO: peak 77427.29 official -> pending BUY on M1 close back above it
2026-09-02T00:23:02.224746+00:00 KINO: dip 77296.66 official -> pending SELL on M1 close back below it
2026-09-02T00:23:02.238315+00:00 PAPER RUNNER banked $1.50 (leg A TP), leg B now risk-free with BE stop @ 77448.75 (virtual)
2026-09-02T00:32:03.628862+00:00 KINO: dip 77175.53 official -> pending SELL on M1 close back below it
2026-09-02T00:34:03.952973+00:00 KINO: peak 77298.53 official -> pending BUY on M1 close back above it
2026-09-02T00:44:02.270843+00:00 KINO: dip 77075.12 official -> pending SELL on M1 close back below it
2026-09-02T00:48:03.080329+00:00 KINO: peak 77225.49 official -> pending BUY on M1 close back above it
2026-09-02T00:50:03.426368+00:00 KINO: dip 77146.97 official -> pending SELL on M1 close back below it
2026-09-02T00:57:04.518056+00:00 KINO: dip 77131.20 official -> pending SELL on M1 close back below it
2026-09-02T01:04:02.515239+00:00 KINO: dip 77139.53 official -> pending SELL on M1 close back below it
2026-09-02T01:07:03.428931+00:00 KINO: peak 77235.27 official -> pending BUY on M1 close back above it
2026-09-02T01:09:03.893917+00:00 SHADOW ENTRY: recipe fired -> would SELL @ ~77109.85 (setup 77120.02)
2026-09-02T01:16:03.535336+00:00 KINO: peak 77328.69 official -> pending BUY on M1 close back above it
2026-09-02T01:21:13.323236+00:00 KINO: peak 77309.50 official -> pending BUY on M1 close back above it
2026-09-02T01:25:04.578593+00:00 KINO: dip 77215.89 official -> pending SELL on M1 close back below it
2026-09-02T01:26:02.756904+00:00 KINO: peak 77298.95 official -> pending BUY on M1 close back above it
2026-09-02T01:44:28.999723+00:00 EXIT logged: ticket 1047954212 sl profit -11.93 dur 220.3min
2026-09-02T01:44:29.000441+00:00 RECOV[1047950280]: link 1047954212 stopped -> two doors: M1 close beyond 76869.68 = flip, or back beyond 77265.03 = re-enter
2026-09-02T01:45:04.500487+00:00 KINO ENTRY: SELL 0.02 @ ~76848.95 SL 77298.95 TP 76423.95 (risk $9.00, prize $8.50, return to dip, strong mkt)
2026-09-02T01:45:05.709612+00:00 RECOV[1047950280] ENTRY: SELL 0.04 @ ~76848.95 SL 77599.18 TP 76296.45 (risk $30.01, prize $22.10, strong mkt -> -$0.50 early, HEAL target)
2026-09-02T01:45:07.736042+00:00 ENTRY logged: SELL 0.02 @ 76854.52 ticket 1048009618
2026-09-02T01:45:07.741171+00:00 ENTRY logged: SELL 0.04 @ 76860.39 ticket 1048009625
2026-09-02T01:45:07.741569+00:00 RECOVERY breakeven: 1048009618@76854.52 -> TP 76849.52
2026-09-02T01:47:02.188313+00:00 KINO: dip 76793.36 official -> pending SELL on M1 close back below it
2026-09-02T01:50:02.677467+00:00 KINO skipped: last page at 0.02 - 0.04 unlocks the next page
2026-09-02T01:53:03.062373+00:00 KINO: dip 76667.17 official -> pending SELL on M1 close back below it
2026-09-02T02:06:02.793067+00:00 KINO: peak 77013.35 official -> pending BUY on M1 close back above it
2026-09-02T02:07:03.047538+00:00 KINO: dip 76889.23 official -> pending SELL on M1 close back below it
2026-09-02T02:11:20.517618+00:00 OWL starting (TP+recovery manager, trade scribe)
2026-09-02T02:13:02.829273+00:00 KINO: dip 76984.92 official -> pending SELL on M1 close back below it
2026-09-02T02:16:03.266613+00:00 KINO: dip 77020.69 official -> pending SELL on M1 close back below it
2026-09-02T02:19:03.723324+00:00 KINO: peak 77148.64 official -> pending BUY on M1 close back above it
2026-09-02T02:26:03.627969+00:00 KINO: peak 77233.88 official -> pending BUY on M1 close back above it
2026-09-02T02:28:56.545071+00:00 EXIT logged: ticket 1048009618 sl profit -9.08 dur 43.9min
2026-09-02T02:28:56.545071+00:00 RECOV[1048009618] armed: SELL 0.02 stopped at 77298.95 -> two doors: M1 close beyond the line = flip, or back beyond 76854.52 = re-enter
2026-09-02T02:29:02.590810+00:00 KINO skipped: last page at 0.03 - 0.04 unlocks the next page
2026-09-02T02:31:03.032833+00:00 KINO: peak 77298.29 official -> pending BUY on M1 close back above it
2026-09-02T02:38:04.350826+00:00 SHADOW ENTRY: recipe fired -> would SELL @ ~77152.78 (setup 77162.42)
2026-09-02T02:45:03.741882+00:00 KINO: dip 77108.90 official -> pending SELL on M1 close back below it
2026-09-02T02:58:04.304227+00:00 KINO: dip 77166.23 official -> pending SELL on M1 close back below it
2026-09-02T03:02:04.514353+00:00 RECOV[1048009618] ENTRY: BUY 0.03 @ ~77386.14 SL 76667.17 TP 78088.44 (risk $21.57, prize $21.07, strong mkt -> -$0.50 early)
2026-09-02T03:02:06.785841+00:00 ENTRY logged: BUY 0.03 @ 77386.63 ticket 1048033935
2026-09-02T03:09:48.257536+00:00 PAPER RUNNER BE-stopped: total +1.55 (virtual). Ledger: +3.78 over 10 attempts
2026-09-02T03:10:04.344069+00:00 KINO: peak 77464.25 official -> pending BUY on M1 close back above it
2026-09-02T03:19:17.911723+00:00 EXIT logged: ticket 1048009625 sl profit -29.55 dur 94.2min
2026-09-02T03:19:17.911723+00:00 RECOV[1047950280]: link 1048009625 stopped -> two doors: M1 close beyond 77599.18 = flip, or back beyond 76860.39 = re-enter
2026-09-02T03:20:04.126379+00:00 KINO: peak 77611.10 official -> pending BUY on M1 close back above it
2026-09-02T03:26:03.250104+00:00 RECOV[1047950280] held: fighter would risk $50.54 > cap $35.27 - waiting for tighter structure
2026-09-02T03:26:03.252187+00:00 KINO: dip 77464.20 official -> pending SELL on M1 close back below it
2026-09-02T03:28:03.670922+00:00 KINO: peak 77757.18 official -> pending BUY on M1 close back above it
2026-09-02T03:38:02.538361+00:00 KINO: dip 77459.17 official -> pending SELL on M1 close back below it
2026-09-02T03:46:04.015762+00:00 KINO: dip 77463.97 official -> pending SELL on M1 close back below it
2026-09-02T03:51:04.904865+00:00 KINO: peak 77596.74 official -> pending BUY on M1 close back above it
2026-09-02T03:56:03.756114+00:00 SHADOW ENTRY: recipe fired -> would SELL @ ~77514.08 (setup 77514.23)
2026-09-02T03:59:04.279053+00:00 KINO: dip 77447.20 official -> pending SELL on M1 close back below it
2026-09-02T04:01:02.705848+00:00 KINO: peak 77522.34 official -> pending BUY on M1 close back above it
2026-09-02T04:04:04.520921+00:00 KINO: dip 77432.94 official -> pending SELL on M1 close back below it
2026-09-02T04:06:04.840496+00:00 SHADOW ENTRY: recipe fired -> would SELL @ ~77413.17 (setup 77432.94)
2026-09-02T04:14:04.188123+00:00 KINO: dip 77296.15 official -> pending SELL on M1 close back below it
2026-09-02T04:17:02.675875+00:00 KINO: peak 77361.38 official -> pending BUY on M1 close back above it
2026-09-02T04:23:03.696174+00:00 KINO: peak 77389.50 official -> pending BUY on M1 close back above it
2026-09-02T04:31:03.146302+00:00 KINO: dip 77318.42 official -> pending SELL on M1 close back below it
2026-09-02T04:34:10.884994+00:00 KINO: peak 77466.24 official -> pending BUY on M1 close back above it
2026-09-02T04:43:03.744571+00:00 KINO: dip 77454.85 official -> pending SELL on M1 close back below it
2026-09-02T04:51:05.100857+00:00 KINO: peak 77572.32 official -> pending BUY on M1 close back above it
2026-09-02T04:57:04.056550+00:00 KINO: dip 77487.07 official -> pending SELL on M1 close back below it
2026-09-02T05:02:04.886555+00:00 KINO: peak 77532.36 official -> pending BUY on M1 close back above it
2026-09-02T05:04:03.208688+00:00 KINO: dip 77416.20 official -> pending SELL on M1 close back below it
2026-09-02T05:09:02.920847+00:00 KINO: dip 77375.52 official -> pending SELL on M1 close back below it
2026-09-02T05:19:04.366034+00:00 KINO: peak 77687.98 official -> pending BUY on M1 close back above it
2026-09-02T05:21:04.723605+00:00 KINO: dip 77577.89 official -> pending SELL on M1 close back below it
2026-09-02T05:31:03.001453+00:00 KINO: peak 77722.47 official -> pending BUY on M1 close back above it
2026-09-02T05:38:04.366584+00:00 SHADOW ENTRY: recipe fired -> would SELL @ ~77619.82 (setup 77626.09)
2026-09-02T05:42:05.029890+00:00 KINO: dip 77615.00 official -> pending SELL on M1 close back below it
2026-09-02T05:51:04.712072+00:00 KINO: peak 77705.57 official -> pending BUY on M1 close back above it
2026-09-02T05:59:03.041845+00:00 KINO: dip 77560.57 official -> pending SELL on M1 close back below it
2026-09-02T06:04:04.095062+00:00 KINO: peak 77674.30 official -> pending BUY on M1 close back above it
2026-09-02T06:06:04.461554+00:00 KINO: dip 77596.66 official -> pending SELL on M1 close back below it
2026-09-02T06:14:03.960900+00:00 SHADOW ENTRY: recipe fired -> would SELL @ ~77537.58 (setup 77620.87)
2026-09-02T06:16:04.383690+00:00 KINO: dip 77521.07 official -> pending SELL on M1 close back below it
2026-09-02T06:20:04.340481+00:00 KINO: peak 77605.43 official -> pending BUY on M1 close back above it
2026-09-02T06:26:03.956519+00:00 KINO: dip 77514.47 official -> pending SELL on M1 close back below it
2026-09-02T06:30:04.712665+00:00 KINO: peak 77618.27 official -> pending BUY on M1 close back above it
2026-09-02T06:35:03.703183+00:00 KINO: dip 77401.64 official -> pending SELL on M1 close back below it
2026-09-02T06:38:04.237224+00:00 KINO: peak 77513.50 official -> pending BUY on M1 close back above it
2026-09-02T06:45:04.505113+00:00 KINO: peak 77642.17 official -> pending BUY on M1 close back above it
2026-09-02T06:52:03.858240+00:00 KINO: peak 77587.26 official -> pending BUY on M1 close back above it
2026-09-02T06:57:04.843699+00:00 KINO: dip 77445.76 official -> pending SELL on M1 close back below it
2026-09-02T07:07:03.057794+00:00 KINO: peak 77617.56 official -> pending BUY on M1 close back above it
2026-09-02T07:10:04.596916+00:00 KINO: dip 77545.77 official -> pending SELL on M1 close back below it
2026-09-02T07:15:04.174122+00:00 KINO: peak 77722.59 official -> pending BUY on M1 close back above it
2026-09-02T07:21:03.571072+00:00 KINO: dip 77554.20 official -> pending SELL on M1 close back below it
2026-09-02T07:24:04.146835+00:00 KINO: peak 77665.47 official -> pending BUY on M1 close back above it
2026-09-02T07:32:03.843065+00:00 KINO: dip 77547.52 official -> pending SELL on M1 close back below it
2026-09-02T07:34:04.241475+00:00 KINO: peak 77594.01 official -> pending BUY on M1 close back above it
2026-09-02T07:34:04.241475+00:00 SHADOW ENTRY: recipe fired -> would SELL @ ~77533.23 (setup 77547.52)
2026-09-02T07:37:04.787042+00:00 KINO: peak 77559.02 official -> pending BUY on M1 close back above it
2026-09-02T07:38:04.964065+00:00 KINO: dip 77509.56 official -> pending SELL on M1 close back below it
2026-09-02T07:41:04.645918+00:00 KINO: dip 77548.40 official -> pending SELL on M1 close back below it
2026-09-02T07:44:03.138603+00:00 KINO: peak 77591.54 official -> pending BUY on M1 close back above it
2026-09-02T07:50:05.421703+00:00 KINO: peak 77556.10 official -> pending BUY on M1 close back above it
2026-09-02T07:53:03.946065+00:00 KINO: peak 77550.21 official -> pending BUY on M1 close back above it
2026-09-02T07:56:04.439447+00:00 KINO: dip 77458.26 official -> pending SELL on M1 close back below it
2026-09-02T08:01:05.345998+00:00 KINO: dip 77426.75 official -> pending SELL on M1 close back below it
2026-09-02T08:02:03.521368+00:00 KINO: peak 77466.64 official -> pending BUY on M1 close back above it
2026-09-02T08:04:03.819492+00:00 KINO: dip 77339.46 official -> pending SELL on M1 close back below it
2026-09-02T08:09:04.689658+00:00 KINO: peak 77506.29 official -> pending BUY on M1 close back above it
2026-09-02T08:16:04.864451+00:00 KINO: dip 77336.99 official -> pending SELL on M1 close back below it
2026-09-02T08:19:03.547826+00:00 KINO: peak 77440.19 official -> pending BUY on M1 close back above it
2026-09-02T08:19:03.547826+00:00 SHADOW ENTRY: recipe fired -> would SELL @ ~77368.71 (setup 77374.82)
2026-09-02T08:28:03.571152+00:00 KINO: dip 77237.34 official -> pending SELL on M1 close back below it
2026-09-02T08:38:04.632319+00:00 KINO: dip 77038.15 official -> pending SELL on M1 close back below it
2026-09-02T08:57:02.786333+00:00 KINO: dip 76700.11 official -> pending SELL on M1 close back below it
2026-09-02T09:01:01.811958+00:00 KINO: dip 76752.96 official -> pending SELL on M1 close back below it
2026-09-02T09:14:02.300935+00:00 KINO: peak 76987.82 official -> pending BUY on M1 close back above it
2026-09-02T09:19:17.147094+00:00 RECOV[1047950280] watch EXPIRED (6 h, neither door opened)
2026-09-02T09:23:44.010658+00:00 EXIT logged: ticket 1048033935 sl profit -21.58 dur 381.7min
2026-09-02T09:23:44.011859+00:00 RECOV[1048009618]: link 1048033935 stopped -> two doors: M1 close beyond 76667.17 = flip, or back beyond 77386.63 = re-enter
2026-09-02T09:24:03.367914+00:00 KINO ENTRY: SELL 0.02 @ ~76682.65 SL 77014.34 TP 76400.96 (risk $6.63, prize $5.63, return to dip, calm mkt)
2026-09-02T09:24:05.377971+00:00 ENTRY logged: SELL 0.02 @ 76682.65000000001 ticket 1048197417
2026-09-02T09:26:01.839379+00:00 KINO: dip 76557.74 official -> pending SELL on M1 close back below it
2026-09-02T09:31:02.126879+00:00 KINO: peak 76859.32 official -> pending BUY on M1 close back above it
2026-09-02T09:33:02.503459+00:00 RECOV[1048009618] held: fighter would risk $44.88 > cap $35.27 - waiting for tighter structure
2026-09-02T09:34:00.702043+00:00 KINO: dip 76586.99 official -> pending SELL on M1 close back below it
2026-09-02T09:37:01.356403+00:00 KINO skipped: last page at 0.02 - 0.04 unlocks the next page
2026-09-02T09:41:02.443475+00:00 KINO: dip 76489.34 official -> pending SELL on M1 close back below it
2026-09-02T09:43:00.795606+00:00 KINO: peak 76619.54 official -> pending BUY on M1 close back above it
2026-09-02T09:46:24.101168+00:00 KINO 80% LOCK: 1048197417 wall moved to entry
2026-09-02T09:47:02.298582+00:00 KINO: dip 76427.76 official -> pending SELL on M1 close back below it
2026-09-02T09:50:15.004509+00:00 EXIT logged: ticket 1048197417 sl profit 0.0 dur 26.2min
2026-09-02T09:50:15.005699+00:00 RECOV[1048197417] armed: SELL 0.02 stopped at 77014.34 -> two doors: M1 close beyond the line = flip, or back beyond 76682.65 = re-enter
2026-09-02T09:51:01.142162+00:00 RECOV[1048197417]: wall 76682.11 too close (23.4pts) - waiting
2026-09-02T09:51:01.142162+00:00 KINO skipped: last page at 0.03 - 0.04 unlocks the next page
2026-09-02T09:51:03.159853+00:00 RECOV[1048197417]: wall 76682.11 too close (21.5pts) - waiting
2026-09-02T09:51:05.168040+00:00 RECOV[1048197417]: wall 76682.11 too close (15.6pts) - waiting
2026-09-02T09:51:07.181147+00:00 RECOV[1048197417]: wall 76682.11 too close (15.1pts) - waiting
2026-09-02T09:51:09.195894+00:00 RECOV[1048197417]: wall 76682.11 too close (14.4pts) - waiting
2026-09-02T09:51:11.201168+00:00 RECOV[1048197417]: wall 76682.11 too close (16.2pts) - waiting
2026-09-02T09:51:13.212864+00:00 RECOV[1048197417]: wall 76682.11 too close (17.4pts) - waiting
2026-09-02T09:51:15.215673+00:00 RECOV[1048197417]: wall 76682.11 too close (17.7pts) - waiting
2026-09-02T09:51:17.222241+00:00 RECOV[1048197417]: wall 76682.11 too close (16.0pts) - waiting
2026-09-02T09:51:19.229607+00:00 RECOV[1048197417]: wall 76682.11 too close (16.9pts) - waiting
2026-09-02T09:51:21.249367+00:00 RECOV[1048197417]: wall 76682.11 too close (12.4pts) - waiting
2026-09-02T09:51:23.260481+00:00 RECOV[1048197417]: wall 76682.11 too close (9.3pts) - waiting
2026-09-02T09:51:25.315137+00:00 RECOV[1048197417]: wall 76682.11 too close (9.2pts) - waiting
2026-09-02T09:51:27.318688+00:00 RECOV[1048197417]: wall 76682.11 too close (9.3pts) - waiting
2026-09-02T09:51:29.325817+00:00 RECOV[1048197417]: wall 76682.11 too close (8.9pts) - waiting
2026-09-02T09:51:31.331357+00:00 RECOV[1048197417]: wall 76682.11 too close (8.9pts) - waiting
2026-09-02T09:51:33.335667+00:00 RECOV[1048197417]: wall 76682.11 too close (7.4pts) - waiting
2026-09-02T09:51:35.340254+00:00 RECOV[1048197417]: wall 76682.11 too close (13.4pts) - waiting
2026-09-02T09:51:37.356448+00:00 RECOV[1048197417]: wall 76682.11 too close (11.4pts) - waiting
2026-09-02T09:51:39.362686+00:00 RECOV[1048197417]: wall 76682.11 too close (19.8pts) - waiting
2026-09-02T09:51:41.438044+00:00 RECOV[1048197417]: wall 76682.11 too close (14.6pts) - waiting
2026-09-02T09:51:43.624897+00:00 RECOV[1048197417]: wall 76682.11 too close (14.7pts) - waiting
2026-09-02T09:51:45.633121+00:00 RECOV[1048197417]: wall 76682.11 too close (13.8pts) - waiting
2026-09-02T09:51:47.637461+00:00 RECOV[1048197417]: wall 76682.11 too close (14.8pts) - waiting
2026-09-02T09:51:49.642153+00:00 RECOV[1048197417]: wall 76682.11 too close (46.7pts) - waiting
2026-09-02T09:51:51.683821+00:00 RECOV[1048197417]: wall 76682.11 too close (56.3pts) - waiting
2026-09-02T09:51:53.689656+00:00 RECOV[1048197417]: wall 76682.11 too close (52.4pts) - waiting
2026-09-02T09:51:55.695291+00:00 RECOV[1048197417]: wall 76682.11 too close (55.5pts) - waiting
2026-09-02T09:51:57.699682+00:00 RECOV[1048197417]: wall 76682.11 too close (54.5pts) - waiting
2026-09-02T09:52:03.217536+00:00 RECOV[1048197417]: wall 76682.11 too close (59.6pts) - waiting
2026-09-02T09:52:05.230324+00:00 RECOV[1048197417]: wall 76682.11 too close (33.1pts) - waiting
2026-09-02T09:52:07.399824+00:00 RECOV[1048197417]: wall 76682.11 too close (41.9pts) - waiting
2026-09-02T09:52:09.415087+00:00 RECOV[1048197417]: wall 76682.11 too close (33.7pts) - waiting
2026-09-02T09:52:11.418766+00:00 RECOV[1048197417]: wall 76682.11 too close (32.7pts) - waiting
2026-09-02T09:52:13.430722+00:00 RECOV[1048197417]: wall 76682.11 too close (18.8pts) - waiting
2026-09-02T09:52:15.435151+00:00 RECOV[1048197417]: wall 76682.11 too close (19.8pts) - waiting
2026-09-02T09:52:17.438869+00:00 RECOV[1048197417]: wall 76682.11 too close (22.3pts) - waiting
2026-09-02T09:52:19.447169+00:00 RECOV[1048197417]: wall 76682.11 too close (16.9pts) - waiting
2026-09-02T09:52:21.457111+00:00 RECOV[1048197417]: wall 76682.11 too close (33.2pts) - waiting
2026-09-02T09:52:23.461323+00:00 RECOV[1048197417]: wall 76682.11 too close (36.4pts) - waiting
2026-09-02T09:52:25.467208+00:00 RECOV[1048197417]: wall 76682.11 too close (21.0pts) - waiting
2026-09-02T09:52:27.475787+00:00 RECOV[1048197417]: wall 76682.11 too close (21.4pts) - waiting
2026-09-02T09:52:29.485387+00:00 RECOV[1048197417]: wall 76682.11 too close (21.4pts) - waiting
2026-09-02T09:52:31.491970+00:00 RECOV[1048197417]: wall 76682.11 too close (22.9pts) - waiting
2026-09-02T09:52:33.728010+00:00 RECOV[1048197417]: wall 76682.11 too close (22.9pts) - waiting
2026-09-02T09:52:35.733773+00:00 RECOV[1048197417]: wall 76682.11 too close (22.9pts) - waiting
2026-09-02T09:52:38.677142+00:00 RECOV[1048197417]: wall 76682.11 too close (22.5pts) - waiting
2026-09-02T09:52:40.682958+00:00 RECOV[1048197417]: wall 76682.11 too close (35.9pts) - waiting
2026-09-02T09:52:42.687055+00:00 RECOV[1048197417]: wall 76682.11 too close (34.9pts) - waiting
2026-09-02T09:53:06.521731+00:00 RECOV[1048197417]: wall 76682.11 too close (26.4pts) - waiting
2026-09-02T09:53:08.544458+00:00 RECOV[1048197417]: wall 76703.50 too close (2.9pts) - waiting
2026-09-02T09:53:10.549772+00:00 RECOV[1048197417]: wall 76705.89 too close (0.0pts) - waiting
2026-09-02T09:53:12.559705+00:00 RECOV[1048197417]: wall 76717.04 too close (0.0pts) - waiting
2026-09-02T09:53:14.567210+00:00 RECOV[1048197417]: wall 76718.56 too close (0.0pts) - waiting
2026-09-02T09:53:16.578258+00:00 RECOV[1048197417]: wall 76718.56 too close (0.3pts) - waiting
2026-09-02T09:53:18.588153+00:00 RECOV[1048197417]: wall 76718.56 too close (25.8pts) - waiting
2026-09-02T09:53:20.599091+00:00 RECOV[1048197417]: wall 76718.56 too close (41.0pts) - waiting
2026-09-02T09:53:22.604490+00:00 RECOV[1048197417]: wall 76718.56 too close (37.7pts) - waiting
2026-09-02T09:53:24.607574+00:00 RECOV[1048197417]: wall 76718.56 too close (34.2pts) - waiting
2026-09-02T09:53:26.615087+00:00 RECOV[1048197417]: wall 76718.56 too close (45.5pts) - waiting
2026-09-02T09:53:28.625357+00:00 RECOV[1048197417]: wall 76718.56 too close (51.7pts) - waiting
2026-09-02T09:53:30.631499+00:00 RECOV[1048197417]: wall 76718.56 too close (50.2pts) - waiting
2026-09-02T09:53:33.316104+00:00 RECOV[1048197417]: wall 76718.56 too close (34.2pts) - waiting
2026-09-02T09:53:35.324819+00:00 RECOV[1048197417]: wall 76718.56 too close (34.9pts) - waiting
2026-09-02T09:53:37.326684+00:00 RECOV[1048197417]: wall 76718.56 too close (35.8pts) - waiting
2026-09-02T09:53:39.342177+00:00 RECOV[1048197417]: wall 76718.56 too close (34.1pts) - waiting
2026-09-02T09:53:41.348808+00:00 RECOV[1048197417]: wall 76718.56 too close (33.8pts) - waiting
2026-09-02T09:53:43.353048+00:00 RECOV[1048197417]: wall 76718.56 too close (45.7pts) - waiting
2026-09-02T09:53:45.355723+00:00 RECOV[1048197417]: wall 76718.56 too close (46.3pts) - waiting
2026-09-02T09:53:47.360854+00:00 RECOV[1048197417]: wall 76718.56 too close (44.4pts) - waiting
2026-09-02T09:53:49.368807+00:00 RECOV[1048197417]: wall 76718.56 too close (29.6pts) - waiting
2026-09-02T09:53:51.381126+00:00 RECOV[1048197417]: wall 76718.56 too close (21.7pts) - waiting
2026-09-02T09:53:53.389154+00:00 RECOV[1048197417]: wall 76718.56 too close (23.3pts) - waiting
2026-09-02T09:53:55.417189+00:00 RECOV[1048197417]: wall 76718.56 too close (36.9pts) - waiting
2026-09-02T09:53:57.423557+00:00 RECOV[1048197417]: wall 76718.56 too close (40.5pts) - waiting
2026-09-02T09:53:59.427048+00:00 RECOV[1048197417]: wall 76718.56 too close (44.1pts) - waiting
2026-09-02T09:54:01.429065+00:00 RECOV[1048197417]: wall 76718.56 too close (48.1pts) - waiting
2026-09-02T09:54:03.439188+00:00 RECOV[1048197417]: wall 76718.56 too close (49.3pts) - waiting
2026-09-02T09:54:05.445564+00:00 RECOV[1048197417]: wall 76718.56 too close (46.7pts) - waiting
2026-09-02T09:54:07.454935+00:00 RECOV[1048197417]: wall 76718.56 too close (46.6pts) - waiting
2026-09-02T09:54:09.459710+00:00 RECOV[1048197417]: wall 76718.56 too close (46.3pts) - waiting
2026-09-02T09:54:11.465499+00:00 RECOV[1048197417]: wall 76718.56 too close (46.5pts) - waiting
2026-09-02T09:54:13.474077+00:00 RECOV[1048197417]: wall 76718.56 too close (45.2pts) - waiting
2026-09-02T09:54:15.517290+00:00 RECOV[1048197417]: wall 76718.56 too close (57.2pts) - waiting
2026-09-02T09:54:17.521620+00:00 RECOV[1048197417]: wall 76718.56 too close (57.7pts) - waiting
2026-09-02T09:54:19.526189+00:00 RECOV[1048197417]: wall 76718.56 too close (56.3pts) - waiting
2026-09-02T09:54:21.529713+00:00 RECOV[1048197417]: wall 76718.56 too close (54.3pts) - waiting
2026-09-02T09:54:23.540228+00:00 RECOV[1048197417]: wall 76718.56 too close (53.9pts) - waiting
2026-09-02T09:54:25.551504+00:00 RECOV[1048197417]: wall 76718.56 too close (53.4pts) - waiting
2026-09-02T09:54:27.554482+00:00 RECOV[1048197417]: wall 76718.56 too close (54.5pts) - waiting
2026-09-02T09:54:29.561129+00:00 RECOV[1048197417]: wall 76718.56 too close (59.5pts) - waiting
2026-09-02T09:54:31.572745+00:00 RECOV[1048197417]: wall 76718.56 too close (59.4pts) - waiting
2026-09-02T09:54:34.745849+00:00 RECOV[1048197417] RE-ENTRY (fake break): SELL 0.03 @ ~76646.73 SL 76718.56 TP 76592.86 (risk $2.15, prize $1.62, calm mkt -> -$0.54 early)
2026-09-02T09:54:36.754763+00:00 ENTRY logged: SELL 0.03 @ 76646.73 ticket 1048213605
2026-09-02T09:57:01.350549+00:00 KINO: dip 76629.52 official -> pending SELL on M1 close back below it
2026-09-02T09:59:43.936548+00:00 EXIT logged: ticket 1048213605 sl profit -2.27 dur 5.2min
2026-09-02T09:59:43.940914+00:00 RECOV[1048197417]: link 1048213605 stopped -> two doors: M1 close beyond 76718.56 = flip, or back beyond 76646.73 = re-enter
2026-09-02T10:00:03.227394+00:00 KINO ENTRY: BUY 0.02 @ ~76723.61 SL 76427.76 TP 76969.46 (risk $5.92, prize $4.92, return to peak, calm mkt)
2026-09-02T10:00:05.257408+00:00 ENTRY logged: BUY 0.02 @ 76724.89 ticket 1048215269
2026-09-02T10:02:03.074583+00:00 RECOV[1048197417] RE-ENTRY (fake break): SELL 0.04 @ ~76611.05 SL 76719.90 TP 76527.20 (risk $4.35, prize $3.35, calm mkt -> -$1.00 early)
2026-09-02T10:02:03.078440+00:00 KINO skipped: last page at 0.02 - 0.04 unlocks the next page
2026-09-02T10:02:05.094329+00:00 ENTRY logged: SELL 0.04 @ 76611.05 ticket 1048216062
2026-09-02T10:03:07.911797+00:00 RECOV[1048197417] RATCHET LOCK: link 1048216062 wall moved to entry 76611.05 (can no longer lose)
2026-09-02T10:03:15.955129+00:00 EXIT logged: ticket 1048216062 sl profit -0.18 dur 1.2min
2026-09-02T10:03:15.955129+00:00 RECOV[1048197417]: link 1048216062 stopped -> two doors: M1 close beyond 76611.05 = flip, or back beyond 76611.05 = re-enter
2026-09-02T10:04:03.513699+00:00 RECOV[1048197417] ENTRY: BUY 0.05 @ ~76614.54 SL 76553.17 TP 76660.57 (risk $3.07, prize $2.30, calm mkt -> -$0.77 early)
2026-09-02T10:04:03.517715+00:00 KINO: dip 76553.17 official -> pending SELL on M1 close back below it
2026-09-02T10:04:05.535523+00:00 ENTRY logged: BUY 0.05 @ 76610.63 ticket 1048217441
2026-09-02T10:04:05.536565+00:00 RECOVERY breakeven: 1048215269@76724.89 -> TP 76729.89
2026-09-02T10:05:01.726727+00:00 SHADOW ENTRY: recipe fired -> would SELL @ ~76567.56 (setup 76578.22)
2026-09-02T10:05:03.743226+00:00 EXIT logged: ticket 1048217441 sl profit -2.87 dur 1.0min
2026-09-02T10:05:03.743226+00:00 RECOV[1048197417]: link 1048217441 stopped -> two doors: M1 close beyond 76553.17 = flip, or back beyond 76610.63 = re-enter
2026-09-02T10:07:03.322454+00:00 RECOV[1048197417] ENTRY: SELL 0.06 @ ~76549.28 SL 76616.37 TP 76498.86 (risk $4.03, prize $3.03, calm mkt -> -$1.00 early)
2026-09-02T10:07:05.339218+00:00 ENTRY logged: SELL 0.06 @ 76579.38 ticket 1048220241
2026-09-02T10:07:20.409608+00:00 RECOV[1048197417] RATCHET LOCK: link 1048220241 wall moved to entry 76579.38 (can no longer lose)
2026-09-02T10:07:40.472228+00:00 EXIT logged: ticket 1048220241 sl profit -0.07 dur 0.6min
2026-09-02T10:07:40.472859+00:00 RECOV[1048197417]: link 1048220241 stopped -> two doors: M1 close beyond 76579.38 = flip, or back beyond 76579.38 = re-enter
2026-09-02T10:08:02.546286+00:00 RECOV[1048197417]: wall 76598.52 too close (25.9pts) - waiting
2026-09-02T10:08:04.551708+00:00 RECOV[1048197417]: wall 76598.52 too close (30.9pts) - waiting
2026-09-02T10:08:06.571427+00:00 RECOV[1048197417]: wall 76598.52 too close (32.7pts) - waiting
2026-09-02T10:08:08.574901+00:00 RECOV[1048197417]: wall 76598.52 too close (22.2pts) - waiting
2026-09-02T10:08:10.581415+00:00 RECOV[1048197417]: wall 76598.52 too close (22.7pts) - waiting
2026-09-02T10:08:12.584339+00:00 RECOV[1048197417]: wall 76598.52 too close (22.7pts) - waiting
2026-09-02T10:08:14.589861+00:00 RECOV[1048197417]: wall 76598.52 too close (10.9pts) - waiting
2026-09-02T10:08:16.595602+00:00 RECOV[1048197417]: wall 76598.52 too close (30.9pts) - waiting
2026-09-02T10:08:18.597392+00:00 RECOV[1048197417]: wall 76598.52 too close (30.0pts) - waiting
2026-09-02T10:08:20.604527+00:00 RECOV[1048197417]: wall 76598.52 too close (27.9pts) - waiting
2026-09-02T10:08:22.608644+00:00 RECOV[1048197417]: wall 76598.52 too close (28.5pts) - waiting
2026-09-02T10:08:24.615951+00:00 RECOV[1048197417]: wall 76598.52 too close (28.2pts) - waiting
2026-09-02T10:08:26.620404+00:00 RECOV[1048197417]: wall 76598.52 too close (28.2pts) - waiting
2026-09-02T10:08:28.633958+00:00 RECOV[1048197417]: wall 76598.52 too close (12.2pts) - waiting
2026-09-02T10:08:30.639077+00:00 RECOV[1048197417]: wall 76598.52 too close (12.5pts) - waiting
2026-09-02T10:08:32.648471+00:00 RECOV[1048197417]: wall 76598.52 too close (12.3pts) - waiting
2026-09-02T10:08:34.653671+00:00 RECOV[1048197417]: wall 76598.52 too close (12.4pts) - waiting
2026-09-02T10:08:36.656492+00:00 RECOV[1048197417]: wall 76598.52 too close (12.4pts) - waiting
2026-09-02T10:08:38.662434+00:00 RECOV[1048197417]: wall 76598.52 too close (12.5pts) - waiting
2026-09-02T10:08:40.671141+00:00 RECOV[1048197417]: wall 76598.52 too close (4.1pts) - waiting
2026-09-02T10:08:42.676476+00:00 RECOV[1048197417]: wall 76600.36 too close (0.0pts) - waiting
2026-09-02T10:08:44.680448+00:00 RECOV[1048197417]: wall 76600.36 too close (5.0pts) - waiting
2026-09-02T10:08:46.688380+00:00 RECOV[1048197417]: wall 76600.36 too close (6.2pts) - waiting
2026-09-02T10:08:48.700256+00:00 RECOV[1048197417]: wall 76600.36 too close (5.5pts) - waiting
2026-09-02T10:08:50.707669+00:00 RECOV[1048197417]: wall 76621.54 too close (0.0pts) - waiting
2026-09-02T10:08:52.714023+00:00 RECOV[1048197417]: wall 76621.54 too close (0.5pts) - waiting
2026-09-02T10:08:54.719070+00:00 RECOV[1048197417]: wall 76621.54 too close (18.3pts) - waiting
2026-09-02T10:08:56.724035+00:00 RECOV[1048197417]: wall 76621.54 too close (18.5pts) - waiting
2026-09-02T10:08:58.727264+00:00 RECOV[1048197417]: wall 76621.54 too close (20.2pts) - waiting
2026-09-02T10:09:01.769236+00:00 RECOV[1048197417] ENTRY: BUY 0.07 @ ~76602.19 SL 76526.87 TP 76663.22 (risk $5.27, prize $4.27, calm mkt -> -$1.00 early)
2026-09-02T10:09:03.785919+00:00 ENTRY logged: BUY 0.07 @ 76586.96 ticket 1048221153
2026-09-02T10:09:03.787064+00:00 RECOVERY breakeven: 1048215269@76724.89 -> TP 76729.89
2026-09-02T10:09:24.657848+00:00 RECOV[1048197417] RATCHET LOCK: link 1048221153 wall moved to entry 76586.96 (can no longer lose)
2026-09-02T10:09:50.748845+00:00 EXIT logged: ticket 1048221153 sl profit -0.97 dur 0.8min
2026-09-02T10:09:50.748845+00:00 RECOV[1048197417]: link 1048221153 stopped -> two doors: M1 close beyond 76586.96 = flip, or back beyond 76586.96 = re-enter
2026-09-02T10:10:04.059234+00:00 RECOV[1048197417] ENTRY: SELL 0.08 @ ~76557.94 SL 76621.54 TP 76506.84 (risk $5.09, prize $4.09, calm mkt -> -$1.00 early)
2026-09-02T10:10:06.078066+00:00 ENTRY logged: SELL 0.08 @ 76557.94 ticket 1048221702
2026-09-02T10:10:22.948660+00:00 RECOV[1048197417] RATCHET LOCK: link 1048221702 wall moved to entry 76557.94 (can no longer lose)
2026-09-02T10:10:41.008419+00:00 EXIT logged: ticket 1048221702 sl profit -0.36 dur 0.6min
2026-09-02T10:10:41.008927+00:00 RECOV[1048197417]: link 1048221702 stopped -> two doors: M1 close beyond 76557.94 = flip, or back beyond 76557.94 = re-enter
2026-09-02T10:11:02.223910+00:00 RECOV[1048197417] RE-ENTRY (fake break): SELL 0.09 @ ~76541.01 SL 76619.34 TP 76473.79 (risk $7.05, prize $6.05, calm mkt -> -$1.00 early)
2026-09-02T10:11:02.225782+00:00 KINO: peak 76621.54 official -> pending BUY on M1 close back above it
2026-09-02T10:11:04.235130+00:00 ENTRY logged: SELL 0.09 @ 76533.76 ticket 1048222158
2026-09-02T10:12:00.397363+00:00 KINO: dip 76511.14 official -> pending SELL on M1 close back below it
2026-09-02T10:15:06.958259+00:00 EXIT logged: ticket 1048222158 sl profit -7.9399999999999995 dur 4.1min
2026-09-02T10:15:06.959087+00:00 RECOV[1048197417]: link 1048222158 stopped -> two doors: M1 close beyond 76619.34 = flip, or back beyond 76533.76 = re-enter
2026-09-02T10:19:02.237173+00:00 RECOV[1048197417] held: balance 244.94 below chain floor 250 - no new fighters
2026-09-02T10:28:02.064975+00:00 KINO: peak 76660.11 official -> pending BUY on M1 close back above it
2026-09-02T10:33:19.293571+00:00 EXIT logged: ticket 1048215269 sl profit -5.97 dur 33.2min
2026-09-02T10:33:19.296372+00:00 RECOV[1048215269] armed: BUY 0.02 stopped at 76427.76 -> two doors: M1 close beyond the line = flip, or back beyond 76724.89 = re-enter
2026-09-02T10:34:01.500276+00:00 KINO: dip 76424.03 official -> pending SELL on M1 close back below it
2026-09-02T10:43:01.644446+00:00 KINO: dip 76421.75 official -> pending SELL on M1 close back below it
2026-09-02T10:46:02.184631+00:00 KINO: peak 76567.52 official -> pending BUY on M1 close back above it
2026-09-02T10:50:02.146509+00:00 RECOV[1048215269] held: balance 238.97 below chain floor 250 - no new fighters
2026-09-02T10:50:02.148909+00:00 KINO skipped: last page at 0.03 - 0.04 unlocks the next page
2026-09-02T10:51:20.538492+00:00 RECOV[1048197417] held: fighter would risk $40.66 > cap $35.27 - waiting for tighter structure
2026-09-02T10:54:01.266396+00:00 KINO: dip 76175.50 official -> pending SELL on M1 close back below it
2026-09-02T11:02:01.724123+00:00 KINO: peak 76669.10 official -> pending BUY on M1 close back above it
2026-09-02T11:05:02.417828+00:00 SHADOW ENTRY: recipe fired -> would SELL @ ~76532.07 (setup 76557.54)
2026-09-02T11:08:01.101446+00:00 KINO: dip 76468.21 official -> pending SELL on M1 close back below it
2026-09-02T11:17:00.748624+00:00 KINO: peak 76719.37 official -> pending BUY on M1 close back above it
2026-09-02T11:24:05.354979+00:00 OWL starting (TP+recovery manager, trade scribe)
2026-09-02T11:24:05.372191+00:00 SHADOW chain[1048197417] ENTRY: SELL 0.1 @ 76405.47 (virtual - shelter mode)
2026-09-02T11:24:05.374199+00:00 SHADOW chain[1048215269] ENTRY: SELL 0.03 @ 76405.47 (virtual - shelter mode)
2026-09-02T11:25:02.860527+00:00 KINO ENTRY: SELL 0.02 @ ~76378.05 SL 76719.37 TP 76086.73 (risk $6.83, prize $5.83, return to dip, calm mkt)
2026-09-02T11:25:04.875842+00:00 ENTRY logged: SELL 0.02 @ 76378.05 ticket 1048264647
2026-09-02T11:27:01.335903+00:00 SHADOW ENTRY: recipe fired -> would SELL @ ~76313.26 (setup 76331.37)
2026-09-02T11:28:01.650324+00:00 KINO: dip 76306.24 official -> pending SELL on M1 close back below it
2026-09-02T11:41:01.177336+00:00 KINO: peak 76695.15 official -> pending BUY on M1 close back above it
2026-09-02T11:50:01.228700+00:00 KINO: peak 76606.70 official -> pending BUY on M1 close back above it
2026-09-02T11:52:01.606124+00:00 KINO: dip 76543.87 official -> pending SELL on M1 close back below it
2026-09-02T11:53:01.801925+00:00 KINO skipped: last page at 0.02 - 0.04 unlocks the next page
2026-09-02T11:57:22.692432+00:00 EXIT logged: ticket 1048264647 sl profit -6.93 dur 32.3min
2026-09-02T11:57:22.694847+00:00 RECOV[1048264647] armed: SELL 0.02 stopped at 76719.37 -> two doors: M1 close beyond the line = flip, or back beyond 76378.05 = re-enter
2026-09-02T11:57:22.697292+00:00 SHADOW chain[1048197417] LOSS -31.39 (streak reset)
2026-09-02T11:57:22.700235+00:00 SHADOW chain[1048215269] LOSS -9.43 (streak reset)
2026-09-02T11:58:02.844708+00:00 SHADOW chain[1048264647] ENTRY: BUY 0.03 @ 76741.92 (virtual - shelter mode)
2026-09-02T11:58:04.141787+00:00 KINO ENTRY: BUY 0.02 @ ~76741.92 SL 76543.87 TP 76914.97 (risk $3.96, prize $3.46, return to peak, strong mkt)
2026-09-02T11:58:06.152090+00:00 ENTRY logged: BUY 0.02 @ 76745.41 ticket 1048289329
2026-09-02T12:03:01.674207+00:00 KINO: peak 76801.72 official -> pending BUY on M1 close back above it
2026-09-02T12:16:01.644221+00:00 KINO skipped: last page at 0.02 - 0.04 unlocks the next page
2026-09-02T12:20:02.596366+00:00 KINO: peak 76876.31 official -> pending BUY on M1 close back above it
2026-09-02T12:20:45.315866+00:00 KINO 80% LOCK: 1048289329 wall moved to entry
2026-09-02T12:20:57.401872+00:00 EXIT logged: ticket 1048289329 tp profit 3.39 dur 22.9min
2026-09-02T12:21:02.727678+00:00 KINO ENTRY: BUY 0.02 @ ~76913.60 SL 76778.52 TP 77023.68 (risk $2.70, prize $2.20, return to peak, strong mkt)
2026-09-02T12:21:02.728975+00:00 KINO: dip 76778.52 official -> pending SELL on M1 close back below it
2026-09-02T12:21:04.763690+00:00 ENTRY logged: BUY 0.02 @ 76909.65000000001 ticket 1048311839
2026-09-02T12:21:37.791915+00:00 KINO 80% LOCK: 1048311839 wall moved to entry
2026-09-02T12:23:16.165125+00:00 OWL starting (TP+recovery manager, trade scribe)
2026-09-02T12:23:16.193945+00:00 EXIT logged: ticket 1048311839 sl profit -0.05 dur 2.2min
2026-09-02T12:23:16.195487+00:00 RECOV[1048311839] armed: BUY 0.02 stopped at 76778.52 -> two doors: M1 close beyond the line = flip, or back beyond 76909.65 = re-enter
2026-09-02T12:24:02.435012+00:00 RECOV[1048311839]: wall 76902.63 too close (57.6pts) - waiting (log once)
2026-09-02T12:25:24.772828+00:00 SHADOW chain[1048311839] ENTRY: BUY 0.03 @ 76974.51 (virtual - shelter mode)
2026-09-02T12:31:38.171323+00:00 SHADOW chain[1048311839] LOSS -2.16 (streak reset)
2026-09-02T12:32:02.264036+00:00 KINO: peak 77008.48 official -> pending BUY on M1 close back above it
2026-09-02T12:34:02.763941+00:00 SHADOW ENTRY: recipe fired -> would SELL @ ~76848.10 (setup 76859.49)
2026-09-02T12:39:02.959631+00:00 KINO ENTRY: SELL 0.02 @ ~76742.14 SL 77008.48 TP 76525.80 (risk $5.33, prize $4.33, return to dip, calm mkt)
2026-09-02T12:39:04.965753+00:00 ENTRY logged: SELL 0.02 @ 76740.75 ticket 1048328846
2026-09-02T12:41:01.444621+00:00 KINO: dip 76739.39 official -> pending SELL on M1 close back below it
2026-09-02T12:44:03.201195+00:00 KINO: peak 76811.96 official -> pending BUY on M1 close back above it
2026-09-02T12:45:01.474438+00:00 KINO: dip 76738.98 official -> pending SELL on M1 close back below it
2026-09-02T12:46:01.680910+00:00 KINO skipped: last page at 0.02 - 0.04 unlocks the next page
2026-09-02T12:59:44.513466+00:00 KINO 80% LOCK: 1048328846 wall moved to entry
2026-09-02T13:01:03.069940+00:00 KINO: dip 76553.97 official -> pending SELL on M1 close back below it
2026-09-02T13:02:23.509038+00:00 EXIT logged: ticket 1048328846 sl profit 0.0 dur 23.4min
2026-09-02T13:02:23.512999+00:00 RECOV[1048328846] armed: SELL 0.02 stopped at 77008.48 -> two doors: M1 close beyond the line = flip, or back beyond 76740.75 = re-enter
2026-09-02T13:03:01.681210+00:00 RECOV[1048328846]: wall 76734.93 too close (31.2pts) - waiting (log once)
2026-09-02T13:06:02.616195+00:00 KINO skipped: last page at 0.03 - 0.04 unlocks the next page
2026-09-02T13:08:03.112110+00:00 KINO: peak 76839.45 official -> pending BUY on M1 close back above it
2026-09-02T13:09:03.286893+00:00 SHADOW chain[1048328846] ENTRY: SELL 0.03 @ 76711.97 (virtual - shelter mode)
2026-09-02T13:12:01.932825+00:00 KINO: dip 76683.58 official -> pending SELL on M1 close back below it
2026-09-02T13:15:04.325363+00:00 KINO ENTRY: SELL 0.02 @ ~76692.37 SL 76778.1 TP 76628.07 (risk $1.71, prize $1.29, return to dip, calm mkt)
2026-09-02T13:15:06.359084+00:00 ENTRY logged: SELL 0.02 @ 76692.54000000001 ticket 1048355572
2026-09-02T13:17:02.950484+00:00 KINO: dip 76683.15 official -> pending SELL on M1 close back below it
2026-09-02T13:18:05.263659+00:00 EXIT logged: ticket 1048355572 sl profit -1.74 dur 3.0min
2026-09-02T13:18:05.266447+00:00 RECOV[1048355572] armed: SELL 0.02 stopped at 76778.10 -> two doors: M1 close beyond the line = flip, or back beyond 76692.54 = re-enter
2026-09-02T13:21:02.182487+00:00 KINO: peak 76793.90 official -> pending BUY on M1 close back above it
2026-09-02T13:22:02.401491+00:00 SHADOW chain[1048355572] ENTRY: SELL 0.03 @ 76685.56 (virtual - shelter mode)
2026-09-02T13:25:01.125976+00:00 KINO: dip 76651.20 official -> pending SELL on M1 close back below it
2026-09-02T13:27:03.329859+00:00 KINO ENTRY: BUY 0.02 @ ~76810.41 SL 76651.2 TP 76944.62 (risk $3.18, prize $2.68, return to peak, strong mkt)
2026-09-02T13:27:03.334564+00:00 SHADOW chain[1048355572] LOSS -3.25 (streak reset)
2026-09-02T13:27:05.344499+00:00 ENTRY logged: BUY 0.02 @ 76828.76 ticket 1048370022
2026-09-02T13:27:05.346614+00:00 SHADOW chain[1048328846] LOSS -3.82 (streak reset)
2026-09-02T13:30:02.647532+00:00 KINO: peak 76912.66 official -> pending BUY on M1 close back above it
2026-09-02T13:33:20.425612+00:00 EXIT logged: ticket 1048370022 sl profit -3.56 dur 6.3min
2026-09-02T13:33:20.430206+00:00 RECOV[1048370022] armed: BUY 0.02 stopped at 76651.20 -> two doors: M1 close beyond the line = flip, or back beyond 76828.76 = re-enter
2026-09-02T13:34:02.600232+00:00 KINO: dip 76632.93 official -> pending SELL on M1 close back below it
2026-09-02T13:38:01.649497+00:00 SHADOW chain[1048370022] ENTRY: SELL 0.03 @ 76581.25 (virtual - shelter mode)
2026-09-02T13:38:03.309134+00:00 KINO ENTRY: SELL 0.02 @ ~76581.25 SL 76764.69 TP 76422.81 (risk $3.67, prize $3.17, return to dip, strong mkt)
2026-09-02T13:38:05.331733+00:00 ENTRY logged: SELL 0.02 @ 76581.82 ticket 1048386291
2026-09-02T13:40:01.928889+00:00 KINO: dip 76561.49 official -> pending SELL on M1 close back below it
2026-09-02T13:41:02.277552+00:00 EXIT logged: ticket 1048386291 sl profit -3.7199999999999998 dur 3.0min
2026-09-02T13:41:02.277552+00:00 WEATHER: storm detected (3 straight real losses) - FULL SHELTER, everything goes virtual
2026-09-02T13:41:02.281459+00:00 RECOV[1048386291] armed: SELL 0.02 stopped at 76764.69 -> two doors: M1 close beyond the line = flip, or back beyond 76581.82 = re-enter
2026-09-02T13:42:02.688527+00:00 SHADOW chain[1048386291] ENTRY: BUY 0.03 @ 76873.88 (virtual - shelter mode)
2026-09-02T13:42:12.726751+00:00 SHADOW chain[1048370022] LOSS -9.94 (streak reset)
2026-09-02T13:42:50.905345+00:00 SHADOW chain[1048264647] WIN +12.57 (streak 1)
2026-09-02T13:43:02.981551+00:00 SHADOW page ENTRY: BUY 0.02 @ 77147.85 (virtual - shelter mode)
2026-09-02T13:43:51.269106+00:00 SHADOW chain[1048386291] WIN +8.70 (streak 2)
2026-09-02T13:43:51.272477+00:00 WEATHER CLEAR: two shadow wins - everything real AUTO-RESUMES (hard floor still guards)
2026-09-02T13:48:02.468844+00:00 KINO: peak 77405.90 official -> pending BUY on M1 close back above it
2026-09-02T13:53:01.501559+00:00 KINO: dip 77037.63 official -> pending SELL on M1 close back below it
2026-09-02T13:56:02.109757+00:00 KINO: peak 77244.10 official -> pending BUY on M1 close back above it
2026-09-02T13:56:03.641387+00:00 KINO ENTRY: SELL 0.02 @ ~76992.74 SL 77244.1 TP 76791.38 (risk $5.03, prize $4.03, return to dip, calm mkt)
2026-09-02T13:56:05.653845+00:00 ENTRY logged: SELL 0.02 @ 76991.78 ticket 1048410043
2026-09-02T13:57:02.070351+00:00 KINO: dip 76941.71 official -> pending SELL on M1 close back below it
2026-09-02T14:04:02.525094+00:00 KINO: peak 77171.81 official -> pending BUY on M1 close back above it
2026-09-02T14:07:01.309166+00:00 KINO skipped: last page at 0.02 - 0.04 unlocks the next page
2026-09-02T14:07:29.406377+00:00 EXIT logged: ticket 1048410043 sl profit -5.06 dur 11.4min
2026-09-02T14:07:29.407087+00:00 RECOV[1048410043] armed: SELL 0.02 stopped at 77244.10 -> two doors: M1 close beyond the line = flip, or back beyond 76991.78 = re-enter
2026-09-02T14:08:01.588816+00:00 KINO skipped: last page at 0.03 - 0.04 unlocks the next page
2026-09-02T14:10:02.121791+00:00 KINO: peak 77273.56 official -> pending BUY on M1 close back above it
2026-09-02T14:15:04.825357+00:00 RECOV[1048410043] ENTRY: BUY 0.03 @ ~77301.90 SL 76955.13 TP 77615.34 (risk $10.40, prize $9.40, calm mkt -> -$1.00 early)
2026-09-02T14:15:06.856455+00:00 ENTRY logged: BUY 0.03 @ 77303.5 ticket 1048435221
2026-09-02T14:18:01.630352+00:00 KINO: peak 77354.70 official -> pending BUY on M1 close back above it
2026-09-02T14:20:02.148288+00:00 KINO: dip 77185.12 official -> pending SELL on M1 close back below it
2026-09-02T14:25:02.507760+00:00 KINO: peak 77467.44 official -> pending BUY on M1 close back above it
2026-09-02T14:27:02.316030+00:00 KINO: dip 77179.95 official -> pending SELL on M1 close back below it
2026-09-02T14:31:03.373006+00:00 KINO: peak 77327.15 official -> pending BUY on M1 close back above it
2026-09-02T14:31:03.375018+00:00 SHADOW ENTRY: recipe fired -> would SELL @ ~77108.83 (setup 77179.95)
2026-09-02T14:37:01.002294+00:00 KINO: peak 77184.36 official -> pending BUY on M1 close back above it
2026-09-02T14:41:02.027941+00:00 KINO: dip 77065.49 official -> pending SELL on M1 close back below it
2026-09-02T14:43:02.504496+00:00 KINO: peak 77216.92 official -> pending BUY on M1 close back above it
2026-09-02T14:46:03.322223+00:00 KINO: peak 77361.22 official -> pending BUY on M1 close back above it
2026-09-02T14:56:02.636993+00:00 KINO: dip 77045.40 official -> pending SELL on M1 close back below it
2026-09-02T14:57:08.235194+00:00 OWL starting (TP+recovery manager, trade scribe)
2026-09-02T14:59:02.708306+00:00 KINO: peak 77173.96 official -> pending BUY on M1 close back above it
2026-09-02T15:00:15.040441+00:00 EXIT logged: ticket 1048435221 sl profit -10.63 dur 45.1min
2026-09-02T15:00:15.042449+00:00 RECOV[1048410043]: link 1048435221 stopped -> two doors: M1 close beyond 76955.13 = flip, or back beyond 77303.50 = re-enter
2026-09-02T15:01:04.790250+00:00 RECOV[1048410043] ENTRY: SELL 0.04 @ ~76884.60 SL 77467.44 TP 76417.35 (risk $23.31, prize $18.69, strong mkt -> -$0.50 early, HEAL target)
2026-09-02T15:01:06.381166+00:00 KINO ENTRY: SELL 0.02 @ ~76836.16 SL 77173.96 TP 76523.36 (risk $6.76, prize $6.26, return to dip, strong mkt)
2026-09-02T15:01:08.394883+00:00 ENTRY logged: SELL 0.04 @ 76857.29000000001 ticket 1048473789
2026-09-02T15:01:08.404086+00:00 ENTRY logged: SELL 0.02 @ 76845.04000000001 ticket 1048473814
2026-09-02T15:01:08.404086+00:00 RECOVERY breakeven: 1048473789@76857.29000000001 -> TP 76854.79
2026-09-02T15:04:03.242834+00:00 KINO: dip 76813.51 official -> pending SELL on M1 close back below it
2026-09-02T15:08:02.193247+00:00 KINO: peak 77148.40 official -> pending BUY on M1 close back above it
2026-09-02T15:10:02.789240+00:00 KINO skipped: last page at 0.02 - 0.04 unlocks the next page
2026-09-02T15:14:04.692497+00:00 SHADOW ENTRY: recipe fired -> would SELL @ ~76714.07 (setup 76746.90)
2026-09-02T15:15:01.448061+00:00 KINO: dip 76693.86 official -> pending SELL on M1 close back below it
2026-09-02T15:21:03.517676+00:00 KINO: peak 77109.37 official -> pending BUY on M1 close back above it
2026-09-02T15:23:01.940174+00:00 KINO: dip 76893.39 official -> pending SELL on M1 close back below it
2026-09-02T15:23:44.161800+00:00 RECOV[1048009618] watch EXPIRED (6 h, neither door opened)
2026-09-02T15:31:02.305892+00:00 KINO: peak 77080.51 official -> pending BUY on M1 close back above it
2026-09-02T15:32:46.808822+00:00 EXIT logged: ticket 1048473814 sl profit -6.58 dur 31.7min
2026-09-02T15:32:46.808822+00:00 WEATHER: storm detected (3 straight real losses) - FULL SHELTER, everything goes virtual
2026-09-02T15:32:46.817592+00:00 RECOV[1048473814] armed: SELL 0.02 stopped at 77173.96 -> two doors: M1 close beyond the line = flip, or back beyond 76845.04 = re-enter
2026-09-02T15:33:02.906930+00:00 KINO skipped: last page at 0.03 - 0.04 unlocks the next page
2026-09-02T15:34:03.166307+00:00 SHADOW chain[1048473814] ENTRY: BUY 0.03 @ 77241.40 (virtual - shelter mode)
2026-09-02T15:34:03.172367+00:00 SHADOW page ENTRY: BUY 0.02 @ 77241.40 (virtual - shelter mode)
2026-09-02T15:37:01.822995+00:00 KINO: peak 77321.57 official -> pending BUY on M1 close back above it
2026-09-02T15:42:02.155669+00:00 KINO: dip 77065.36 official -> pending SELL on M1 close back below it
2026-09-02T15:45:02.830840+00:00 SHADOW page ENTRY: BUY 0.02 @ 77341.84 (virtual - shelter mode)
2026-09-02T15:46:01.127957+00:00 KINO: peak 77354.43 official -> pending BUY on M1 close back above it
2026-09-02T15:54:02.872865+00:00 KINO: dip 77085.19 official -> pending SELL on M1 close back below it
2026-09-02T16:02:02.660732+00:00 KINO: peak 77257.48 official -> pending BUY on M1 close back above it
2026-09-02T16:05:01.293530+00:00 SHADOW page ENTRY: BUY 0.02 @ 77274.55 (virtual - shelter mode)
2026-09-02T16:18:05.691881+00:00 SHADOW chain[page] WIN +1.68 (streak 1)
2026-09-02T16:20:14.125220+00:00 EXIT logged: ticket 1048473789 sl profit -24.41 dur 79.1min
2026-09-02T16:20:14.125220+00:00 RECOV[1048410043]: link 1048473789 stopped -> two doors: M1 close beyond 77467.44 = flip, or back beyond 76857.29 = re-enter
2026-09-02T16:23:02.679788+00:00 RECOV[1048410043] held: fighter would risk $39.19 > cap $35.27 - waiting for tighter structure
2026-09-02T16:24:45.075185+00:00 SHADOW chain[page] WIN +5.38 (streak 2)
2026-09-02T16:24:45.077073+00:00 WEATHER CLEAR: two shadow wins - everything real AUTO-RESUMES (hard floor still guards)
2026-09-02T16:29:01.989384+00:00 KINO: peak 77547.31 official -> pending BUY on M1 close back above it
2026-09-02T16:31:05.542027+00:00 KINO: dip 77389.18 official -> pending SELL on M1 close back below it
2026-09-02T16:35:32.859349+00:00 SHADOW chain[1048410043] ENTRY: BUY 0.05 @ 77392.78 (virtual - shelter mode)
2026-09-02T16:36:02.951694+00:00 KINO: peak 77525.00 official -> pending BUY on M1 close back above it
2026-09-02T16:37:04.334842+00:00 KINO ENTRY: SELL 0.02 @ ~77371.49 SL 77525.0 TP 77256.36 (risk $3.07, prize $2.30, return to dip, calm mkt)
2026-09-02T16:37:06.346522+00:00 ENTRY logged: SELL 0.02 @ 77371.49 ticket 1048530303
2026-09-02T16:39:06.891842+00:00 SHADOW chain[page] breakeven +0.00 (streak kept)
2026-09-02T16:39:06.895666+00:00 WEATHER CLEAR: two shadow wins - everything real AUTO-RESUMES (hard floor still guards)
2026-09-02T16:43:06.313507+00:00 KINO 80% LOCK: 1048530303 wall moved to entry
2026-09-02T16:43:28.451008+00:00 EXIT logged: ticket 1048530303 tp profit 2.3 dur 6.4min
2026-09-02T16:48:01.370880+00:00 SHADOW ENTRY: recipe fired -> would SELL @ ~77208.72 (setup 77217.51)
2026-09-02T16:49:03.542694+00:00 KINO: dip 77187.87 official -> pending SELL on M1 close back below it
2026-09-02T16:51:05.891291+00:00 KINO: peak 77302.20 official -> pending BUY on M1 close back above it
2026-09-02T16:58:02.874077+00:00 KINO ENTRY: SELL 0.02 @ ~77161.57 SL 77302.2 TP 77056.10 (risk $2.81, prize $2.11, return to dip, calm mkt)
2026-09-02T16:58:04.881871+00:00 ENTRY logged: SELL 0.02 @ 77161.57 ticket 1048539026
2026-09-02T17:01:01.557302+00:00 KINO: dip 77128.03 official -> pending SELL on M1 close back below it
2026-09-02T17:03:01.947043+00:00 KINO skipped: last page at 0.02 - 0.04 unlocks the next page
2026-09-02T17:05:02.857640+00:00 KINO: dip 77091.04 official -> pending SELL on M1 close back below it
2026-09-02T17:07:01.202221+00:00 EXIT logged: ticket 1048539026 tp profit 2.11 dur 9.0min
2026-09-02T17:07:02.476317+00:00 KINO ENTRY: SELL 0.02 @ ~77046.03 SL 77173.83 TP 76943.23 (risk $2.56, prize $2.06, return to dip, strong mkt)
2026-09-02T17:07:02.477087+00:00 SHADOW ENTRY: recipe fired -> would SELL @ ~77040.63 (setup 77091.04)
2026-09-02T17:07:04.486241+00:00 ENTRY logged: SELL 0.02 @ 77048.48 ticket 1048542330
2026-09-02T17:11:03.247398+00:00 KINO: dip 77019.98 official -> pending SELL on M1 close back below it
2026-09-02T17:14:01.744106+00:00 KINO: peak 77140.14 official -> pending BUY on M1 close back above it
2026-09-02T17:16:02.117184+00:00 KINO: dip 77056.30 official -> pending SELL on M1 close back below it
2026-09-02T17:18:02.469941+00:00 KINO: peak 77131.04 official -> pending BUY on M1 close back above it
2026-09-02T17:18:02.469941+00:00 KINO skipped: last page at 0.02 - 0.04 unlocks the next page
2026-09-02T17:21:07.824266+00:00 KINO 80% LOCK: 1048542330 wall moved to entry
2026-09-02T17:21:17.862899+00:00 EXIT logged: ticket 1048542330 tp profit 2.11 dur 14.2min
2026-09-02T17:22:03.178776+00:00 KINO ENTRY: SELL 0.02 @ ~76976.22 SL 77131.04 TP 76860.11 (risk $3.10, prize $2.32, return to dip, calm mkt)
2026-09-02T17:22:05.193984+00:00 ENTRY logged: SELL 0.02 @ 76990.78 ticket 1048548218
2026-09-02T17:24:02.956957+00:00 KINO: dip 76916.59 official -> pending SELL on M1 close back below it
2026-09-02T17:32:54.439679+00:00 EXIT logged: ticket 1048548218 sl profit -2.92 dur 10.8min
2026-09-02T17:32:54.441194+00:00 RECOV[1048548218] armed: SELL 0.02 stopped at 77131.04 -> two doors: M1 close beyond the line = flip, or back beyond 76990.78 = re-enter
2026-09-02T17:34:02.674137+00:00 SHADOW chain[1048548218] ENTRY: BUY 0.03 @ 77156.29 (virtual - shelter mode)
2026-09-02T17:34:03.915644+00:00 KINO ENTRY: BUY 0.02 @ ~77156.29 SL 76916.59 TP 77345.99 (risk $4.79, prize $3.79, return to peak, calm mkt)
2026-09-02T17:34:05.927322+00:00 ENTRY logged: BUY 0.02 @ 77155.71 ticket 1048552447
2026-09-02T17:36:02.276499+00:00 KINO: peak 77193.34 official -> pending BUY on M1 close back above it
2026-09-02T17:41:03.335754+00:00 KINO: dip 77075.07 official -> pending SELL on M1 close back below it
2026-09-02T17:45:02.332503+00:00 KINO skipped: last page at 0.02 - 0.04 unlocks the next page
2026-09-02T17:45:19.078144+00:00 KINO 80% LOCK: 1048552447 wall moved to entry
2026-09-02T17:45:21.092412+00:00 SHADOW chain[1048548218] WIN +4.95 (streak 3)
2026-09-02T17:48:08.943224+00:00 EXIT logged: ticket 1048552447 tp profit 3.81 dur 14.1min
2026-09-02T17:49:04.911308+00:00 KINO ENTRY: BUY 0.02 @ ~77358.43 SL 77075.07 TP 77591.79 (risk $5.67, prize $4.67, return to peak, calm mkt)
2026-09-02T17:49:06.925405+00:00 ENTRY logged: BUY 0.02 @ 77358.43000000001 ticket 1048561149
2026-09-02T17:52:01.537184+00:00 KINO: peak 77368.77 official -> pending BUY on M1 close back above it
2026-09-02T17:56:02.185863+00:00 KINO: dip 77284.42 official -> pending SELL on M1 close back below it
2026-09-02T18:02:03.455648+00:00 KINO skipped: last page at 0.02 - 0.04 unlocks the next page
2026-09-02T18:02:03.463786+00:00 SHADOW ENTRY: recipe fired -> would SELL @ ~77279.02 (setup 77303.66)
2026-09-02T18:03:01.601758+00:00 KINO: dip 77274.11 official -> pending SELL on M1 close back below it
2026-09-02T18:16:02.127921+00:00 KINO: dip 77288.47 official -> pending SELL on M1 close back below it
2026-09-02T18:18:13.748259+00:00 KINO: peak 77437.69 official -> pending BUY on M1 close back above it
2026-09-02T18:24:01.572489+00:00 KINO: dip 77337.45 official -> pending SELL on M1 close back below it
2026-09-02T18:28:02.496873+00:00 KINO: peak 77447.66 official -> pending BUY on M1 close back above it
2026-09-02T18:35:02.086027+00:00 KINO: peak 77425.67 official -> pending BUY on M1 close back above it
2026-09-02T18:42:03.330154+00:00 KINO: dip 77252.09 official -> pending SELL on M1 close back below it
2026-09-02T18:49:02.525481+00:00 KINO: dip 77247.38 official -> pending SELL on M1 close back below it
2026-09-02T18:55:03.760839+00:00 KINO: dip 77271.10 official -> pending SELL on M1 close back below it
2026-09-02T18:58:03.339667+00:00 KINO: peak 77345.14 official -> pending BUY on M1 close back above it
2026-09-02T19:08:02.425124+00:00 KINO: dip 77285.67 official -> pending SELL on M1 close back below it
2026-09-02T19:11:02.936893+00:00 KINO: peak 77371.94 official -> pending BUY on M1 close back above it
2026-09-02T19:14:03.454419+00:00 KINO: dip 77280.63 official -> pending SELL on M1 close back below it
2026-09-02T19:18:02.214784+00:00 KINO: peak 77393.83 official -> pending BUY on M1 close back above it
2026-09-02T19:19:02.385659+00:00 SHADOW ENTRY: recipe fired -> would SELL @ ~77273.55 (setup 77277.19)
2026-09-02T19:40:02.818545+00:00 KINO: dip 77078.96 official -> pending SELL on M1 close back below it
2026-09-02T19:46:03.561386+00:00 KINO: peak 77223.50 official -> pending BUY on M1 close back above it
2026-09-02T19:54:03.047236+00:00 KINO: peak 77258.83 official -> pending BUY on M1 close back above it
2026-09-02T19:58:03.764929+00:00 KINO: dip 77108.56 official -> pending SELL on M1 close back below it
2026-09-02T20:06:03.340153+00:00 KINO: peak 77459.03 official -> pending BUY on M1 close back above it
2026-09-02T20:14:03.510515+00:00 KINO: peak 77350.41 official -> pending BUY on M1 close back above it
2026-09-02T20:14:03.514530+00:00 SHADOW ENTRY: recipe fired -> would SELL @ ~77294.17 (setup 77340.13)
2026-09-02T20:21:02.899051+00:00 KINO: dip 77174.99 official -> pending SELL on M1 close back below it
2026-09-02T20:28:03.998072+00:00 KINO: peak 77441.42 official -> pending BUY on M1 close back above it
2026-09-02T20:31:02.471117+00:00 KINO: dip 77333.30 official -> pending SELL on M1 close back below it
2026-09-02T20:41:02.175311+00:00 KINO: peak 77456.49 official -> pending BUY on M1 close back above it
2026-09-02T20:45:02.786637+00:00 KINO: dip 77270.26 official -> pending SELL on M1 close back below it
2026-09-02T20:50:03.922431+00:00 KINO: peak 77405.41 official -> pending BUY on M1 close back above it
2026-09-02T21:00:02.827193+00:00 KINO: peak 77431.40 official -> pending BUY on M1 close back above it
2026-09-02T21:04:03.458832+00:00 SHADOW ENTRY: recipe fired -> would SELL @ ~77314.26 (setup 77314.99)
2026-09-02T21:09:02.200207+00:00 KINO: dip 77270.14 official -> pending SELL on M1 close back below it
2026-09-02T21:17:03.468652+00:00 KINO: peak 77339.44 official -> pending BUY on M1 close back above it
2026-09-02T21:21:03.208938+00:00 KINO: dip 77206.85 official -> pending SELL on M1 close back below it
2026-09-02T21:27:02.160756+00:00 KINO: peak 77293.94 official -> pending BUY on M1 close back above it
2026-09-02T21:31:02.850459+00:00 KINO: peak 77262.25 official -> pending BUY on M1 close back above it
2026-09-02T21:36:03.307582+00:00 KINO: dip 77207.71 official -> pending SELL on M1 close back below it
2026-09-02T21:46:02.846012+00:00 KINO: peak 77406.78 official -> pending BUY on M1 close back above it
2026-09-02T21:54:01.903509+00:00 KINO: dip 77241.41 official -> pending SELL on M1 close back below it
2026-09-02T21:58:02.891543+00:00 KINO: peak 77323.52 official -> pending BUY on M1 close back above it
2026-09-02T22:10:02.617002+00:00 SHADOW ENTRY: recipe fired -> would SELL @ ~77093.59 (setup 77093.99)
2026-09-02T22:10:08.672174+00:00 EXIT logged: ticket 1048561149 sl profit -5.8 dur 261.1min
2026-09-02T22:10:08.674715+00:00 RECOV[1048561149] armed: BUY 0.02 stopped at 77075.07 -> two doors: M1 close beyond the line = flip, or back beyond 77358.43 = re-enter
2026-09-02T22:11:02.804649+00:00 SHADOW chain[1048561149] ENTRY: SELL 0.03 @ 77074.04 (virtual - shelter mode)
2026-09-02T22:11:04.372792+00:00 KINO ENTRY: SELL 0.02 @ ~77074.04 SL 77325.47 TP 76872.61 (risk $5.03, prize $4.03, return to dip, calm mkt)
2026-09-02T22:11:06.401971+00:00 ENTRY logged: SELL 0.02 @ 77074.0 ticket 1048626920
2026-09-02T22:12:02.540375+00:00 KINO: dip 77035.59 official -> pending SELL on M1 close back below it
2026-09-02T22:16:03.597053+00:00 KINO: peak 77163.57 official -> pending BUY on M1 close back above it
2026-09-02T22:19:02.144636+00:00 KINO: peak 77153.36 official -> pending BUY on M1 close back above it
2026-09-02T22:19:38.476122+00:00 OWL starting (TP+recovery manager, trade scribe)
2026-09-02T22:23:03.043571+00:00 KINO skipped: last page at 0.02 - 0.04 unlocks the next page
2026-09-02T22:26:03.666302+00:00 KINO: peak 77044.12 official -> pending BUY on M1 close back above it
2026-09-02T22:26:03.668743+00:00 SHADOW ENTRY: recipe fired -> would SELL @ ~77000.43 (setup 77012.28)
2026-09-02T22:31:02.604448+00:00 KINO: dip 76981.53 official -> pending SELL on M1 close back below it
2026-09-02T22:36:03.532869+00:00 KINO: peak 77081.51 official -> pending BUY on M1 close back above it
2026-09-02T22:42:02.426789+00:00 KINO: peak 77135.68 official -> pending BUY on M1 close back above it
2026-09-02T22:45:02.852226+00:00 KINO: peak 77118.18 official -> pending BUY on M1 close back above it
2026-09-02T22:52:03.411405+00:00 KINO: dip 77008.47 official -> pending SELL on M1 close back below it
2026-09-02T23:04:03.094384+00:00 KINO: dip 76971.19 official -> pending SELL on M1 close back below it
2026-09-02T23:11:04.201118+00:00 KINO: peak 77187.89 official -> pending BUY on M1 close back above it
2026-09-02T23:21:03.703795+00:00 SHADOW ENTRY: recipe fired -> would SELL @ ~77117.56 (setup 77145.90)
2026-09-02T23:23:03.997710+00:00 KINO: dip 77095.04 official -> pending SELL on M1 close back below it
2026-09-02T23:33:03.583196+00:00 KINO: peak 77230.00 official -> pending BUY on M1 close back above it
2026-09-02T23:39:02.623601+00:00 KINO: dip 77091.28 official -> pending SELL on M1 close back below it
2026-09-02T23:45:03.533137+00:00 KINO: dip 77076.64 official -> pending SELL on M1 close back below it
2026-09-02T23:54:02.988327+00:00 KINO: peak 77296.42 official -> pending BUY on M1 close back above it
2026-09-02T23:56:03.324687+00:00 KINO: dip 77227.12 official -> pending SELL on M1 close back below it
2026-09-02T23:59:03.454560+00:00 EXIT logged: ticket 1048626920 sl profit -5.19 dur 108.0min
2026-09-02T23:59:03.455425+00:00 RECOV[1048626920] armed: SELL 0.02 stopped at 77325.47 -> two doors: M1 close beyond the line = flip, or back beyond 77074.00 = re-enter
2026-09-02T23:59:03.456567+00:00 KINO skipped: last page at 0.03 - 0.04 unlocks the next page
2026-09-03T00:02:04.446248+00:00 SHADOW chain[1048626920] ENTRY: BUY 0.03 @ 77315.93 (virtual - shelter mode)
2026-09-03T00:02:06.204180+00:00 KINO ENTRY: BUY 0.02 @ ~77315.93 SL 77227.12 TP 77382.54 (risk $1.78, prize $1.33, return to peak, strong mkt)
2026-09-03T00:02:08.218063+00:00 ENTRY logged: BUY 0.02 @ 77320.39 ticket 1048644193
2026-09-03T00:07:04.307762+00:00 KINO: peak 77361.03 official -> pending BUY on M1 close back above it
2026-09-03T00:07:04.309776+00:00 SHADOW ENTRY: recipe fired -> would SELL @ ~77262.08 (setup 77295.29)
2026-09-03T00:07:46.433842+00:00 EXIT logged: ticket 1048644193 sl profit -1.87 dur 5.7min
2026-09-03T00:07:46.433842+00:00 WEATHER: storm detected (3 straight real losses) - FULL SHELTER, everything goes virtual
2026-09-03T00:07:46.437955+00:00 RECOV[1048644193] armed: BUY 0.02 stopped at 77227.12 -> two doors: M1 close beyond the line = flip, or back beyond 77320.39 = re-enter
2026-09-03T00:08:04.503175+00:00 SHADOW chain[1048644193] ENTRY: SELL 0.03 @ 77220.27 (virtual - shelter mode)
2026-09-03T00:08:04.506191+00:00 SHADOW page ENTRY: SELL 0.02 @ 77220.27 (virtual - shelter mode)
2026-09-03T00:12:03.291758+00:00 KINO: dip 77144.98 official -> pending SELL on M1 close back below it
2026-09-03T00:15:03.895685+00:00 SHADOW page ENTRY: SELL 0.02 @ 77129.88 (virtual - shelter mode)
2026-09-03T00:15:32.013869+00:00 SHADOW chain[page] WIN +2.07 (streak 1)
2026-09-03T00:15:40.049613+00:00 SHADOW chain[1048644193] WIN +3.47 (streak 2)
2026-09-03T00:15:40.051626+00:00 WEATHER CLEAR: two shadow wins - everything real AUTO-RESUMES (hard floor still guards)
2026-09-03T00:16:16.194325+00:00 SHADOW chain[page] WIN +1.10 (streak 3)
2026-09-03T00:21:03.196920+00:00 KINO: peak 77128.10 official -> pending BUY on M1 close back above it
2026-09-03T00:25:02.402952+00:00 KINO: dip 77026.98 official -> pending SELL on M1 close back below it
2026-09-03T00:26:02.571737+00:00 KINO: peak 77088.49 official -> pending BUY on M1 close back above it
2026-09-03T00:28:04.525771+00:00 KINO ENTRY: SELL 0.02 @ ~77012.32 SL 77088.49 TP 76955.19 (risk $1.52, prize $1.14, return to dip, calm mkt)
2026-09-03T00:28:06.540877+00:00 ENTRY logged: SELL 0.02 @ 77010.28 ticket 1048650612
2026-09-03T00:32:03.283839+00:00 KINO: dip 76979.02 official -> pending SELL on M1 close back below it
2026-09-03T00:34:55.784931+00:00 SHADOW chain[1048626920] LOSS -10.34 (streak reset)
2026-09-03T00:35:03.831429+00:00 KINO skipped: last page at 0.02 - 0.04 unlocks the next page
2026-09-03T00:37:08.804569+00:00 KINO 80% LOCK: 1048650612 wall moved to entry
2026-09-03T00:37:34.886418+00:00 EXIT logged: ticket 1048650612 tp profit 1.11 dur 9.5min
2026-09-03T00:38:02.954706+00:00 KINO: dip 76937.06 official -> pending SELL on M1 close back below it
2026-09-03T00:41:04.772502+00:00 KINO ENTRY: BUY 0.02 @ ~77109.15 SL 76937.06 TP 77238.22 (risk $3.44, prize $2.58, return to peak, calm mkt)
2026-09-03T00:41:06.785104+00:00 ENTRY logged: BUY 0.02 @ 77103.68000000001 ticket 1048653862
2026-09-03T00:46:03.708433+00:00 KINO: peak 77084.39 official -> pending BUY on M1 close back above it
2026-09-03T00:49:04.246277+00:00 KINO skipped: last page at 0.02 - 0.04 unlocks the next page
2026-09-03T00:49:04.246277+00:00 KINO: dip 77038.67 official -> pending SELL on M1 close back below it
2026-09-03T00:50:04.427957+00:00 KINO: peak 77111.96 official -> pending BUY on M1 close back above it
2026-09-03T00:58:03.612397+00:00 KINO: dip 76989.88 official -> pending SELL on M1 close back below it
2026-09-03T01:00:03.968290+00:00 KINO: peak 77108.14 official -> pending BUY on M1 close back above it
2026-09-03T01:01:34.486658+00:00 EXIT logged: ticket 1048653862 sl profit -3.5 dur 20.5min
2026-09-03T01:01:34.488667+00:00 RECOV[1048653862] armed: BUY 0.02 stopped at 76937.06 -> two doors: M1 close beyond the line = flip, or back beyond 77103.68 = re-enter
2026-09-03T01:02:04.652465+00:00 KINO skipped: last page at 0.03 - 0.04 unlocks the next page
2026-09-03T01:03:02.907058+00:00 KINO: dip 76922.82 official -> pending SELL on M1 close back below it
2026-09-03T01:06:03.575419+00:00 SHADOW chain[1048653862] ENTRY: BUY 0.03 @ 77171.49 (virtual - shelter mode)
2026-09-03T01:06:05.183283+00:00 KINO ENTRY: BUY 0.02 @ ~77171.49 SL 76922.82 TP 77395.16 (risk $4.97, prize $4.47, return to peak, strong mkt)
2026-09-03T01:06:07.203039+00:00 ENTRY logged: BUY 0.02 @ 77168.44 ticket 1048660396
2026-09-03T01:12:02.338431+00:00 KINO: dip 77189.67 official -> pending SELL on M1 close back below it
2026-09-03T01:12:57.176190+00:00 KINO 80% LOCK: 1048660396 wall moved to entry
2026-09-03T01:14:53.623147+00:00 EXIT logged: ticket 1048660396 tp profit 4.53 dur 8.8min
2026-09-03T01:16:03.941180+00:00 KINO: peak 77395.81 official -> pending BUY on M1 close back above it
2026-09-03T01:23:03.922857+00:00 KINO: dip 77240.25 official -> pending SELL on M1 close back below it
2026-09-03T01:23:26.003823+00:00 SHADOW chain[1048653862] WIN +6.71 (streak 1)
2026-09-03T01:24:05.887498+00:00 KINO ENTRY: BUY 0.02 @ ~77406.44 SL 77240.25 TP 77531.08 (risk $3.32, prize $2.49, return to peak, calm mkt)
2026-09-03T01:24:07.906676+00:00 ENTRY logged: BUY 0.02 @ 77408.5 ticket 1048667400
2026-09-03T01:26:04.244750+00:00 KINO: peak 77403.50 official -> pending BUY on M1 close back above it
2026-09-03T01:30:02.991429+00:00 KINO: dip 77306.47 official -> pending SELL on M1 close back below it
2026-09-03T01:32:03.406131+00:00 KINO skipped: last page at 0.02 - 0.04 unlocks the next page
2026-09-03T01:33:13.636235+00:00 SHADOW chain[1048561149] LOSS -12.75 (streak reset)
2026-09-03T01:35:06.608464+00:00 KINO 80% LOCK: 1048667400 wall moved to entry
2026-09-03T01:35:34.737087+00:00 EXIT logged: ticket 1048667400 sl profit -0.17 dur 11.5min
2026-09-03T01:35:34.741773+00:00 RECOV[1048667400] armed: BUY 0.02 stopped at 77240.25 -> two doors: M1 close beyond the line = flip, or back beyond 77408.50 = re-enter
2026-09-03T01:36:02.857274+00:00 KINO: peak 77513.03 official -> pending BUY on M1 close back above it
2026-09-03T01:37:03.033282+00:00 KINO skipped: last page at 0.03 - 0.04 unlocks the next page
2026-09-03T01:37:03.035397+00:00 SHADOW ENTRY: recipe fired -> would SELL @ ~77284.93 (setup 77317.89)
2026-09-03T01:39:03.403895+00:00 SHADOW chain[1048667400] ENTRY: BUY 0.03 @ 77432.94 (virtual - shelter mode)
2026-09-03T01:39:03.411482+00:00 KINO: dip 77278.76 official -> pending SELL on M1 close back below it
2026-09-03T01:42:03.995654+00:00 KINO: peak 77455.40 official -> pending BUY on M1 close back above it
2026-09-03T01:46:36.890195+00:00 SHADOW chain[1048667400] LOSS -4.63 (streak reset)
2026-09-03T01:51:05.202698+00:00 KINO ENTRY: SELL 0.02 @ ~77254.43 SL 77455.4 TP 77103.46 (risk $4.02, prize $3.02, return to dip, calm mkt)
2026-09-03T01:51:07.216766+00:00 ENTRY logged: SELL 0.02 @ 77254.43000000001 ticket 1048676095
2026-09-03T01:52:03.355575+00:00 KINO: dip 77253.42 official -> pending SELL on M1 close back below it
2026-09-03T02:05:04.601768+00:00 KINO skipped: last page at 0.02 - 0.04 unlocks the next page
2026-09-03T02:05:04.603935+00:00 SHADOW ENTRY: recipe fired -> would SELL @ ~77253.19 (setup 77260.75)
2026-09-03T02:07:20.986339+00:00 KINO: dip 77241.24 official -> pending SELL on M1 close back below it
2026-09-03T02:08:03.180128+00:00 KINO: peak 77301.70 official -> pending BUY on M1 close back above it
2026-09-03T02:11:03.819526+00:00 KINO: dip 77193.90 official -> pending SELL on M1 close back below it
2026-09-03T02:14:40.550143+00:00 EXIT logged: ticket 1048676095 sl profit -4.02 dur 23.6min
2026-09-03T02:14:40.557751+00:00 RECOV[1048676095] armed: SELL 0.02 stopped at 77455.40 -> two doors: M1 close beyond the line = flip, or back beyond 77254.43 = re-enter
2026-09-03T02:15:02.641165+00:00 SHADOW chain[1048676095] ENTRY: BUY 0.03 @ 77470.28 (virtual - shelter mode)
2026-09-03T02:15:03.764789+00:00 KINO ENTRY: BUY 0.02 @ ~77470.28 SL 77193.9 TP 77696.66 (risk $5.53, prize $4.53, return to peak, calm mkt)
2026-09-03T02:15:05.784698+00:00 ENTRY logged: BUY 0.02 @ 77471.09 ticket 1048682482
2026-09-03T02:20:04.624074+00:00 KINO: peak 77476.08 official -> pending BUY on M1 close back above it
2026-09-03T02:25:03.527623+00:00 KINO skipped: last page at 0.02 - 0.04 unlocks the next page
2026-09-03T02:27:11.422045+00:00 KINO: peak 77538.22 official -> pending BUY on M1 close back above it
2026-09-03T02:29:03.800180+00:00 KINO: dip 77441.05 official -> pending SELL on M1 close back below it
2026-09-03T02:31:10.775052+00:00 KINO 80% LOCK: 1048682482 wall moved to entry
2026-09-03T02:32:18.989863+00:00 EXIT logged: ticket 1048682482 tp profit 4.51 dur 17.2min
2026-09-03T02:32:18.992287+00:00 SHADOW chain[page] WIN +10.98 (streak 1)
2026-09-03T02:32:18.993938+00:00 SHADOW chain[1048676095] WIN +7.54 (streak 2)
2026-09-03T02:32:18.995229+00:00 WEATHER CLEAR: two shadow wins - everything real AUTO-RESUMES (hard floor still guards)
2026-09-03T02:33:04.273063+00:00 KINO ENTRY: BUY 0.02 @ ~77624.07 SL 77441.05 TP 77761.34 (risk $3.66, prize $2.75, return to peak, calm mkt)
2026-09-03T02:33:06.285534+00:00 ENTRY logged: BUY 0.02 @ 77624.07 ticket 1048687562
2026-09-03T02:34:29.266310+00:00 KINO 80% LOCK: 1048687562 wall moved to entry
2026-09-03T02:34:45.316175+00:00 EXIT logged: ticket 1048687562 tp profit 2.75 dur 1.7min
2026-09-03T02:34:45.322199+00:00 SHADOW chain[1048473814] WIN +15.68 (streak 3)
2026-09-03T02:41:04.490924+00:00 KINO: dip 77659.26 official -> pending SELL on M1 close back below it
2026-09-03T02:44:02.932762+00:00 KINO: peak 77818.25 official -> pending BUY on M1 close back above it
2026-09-03T02:51:05.215180+00:00 KINO ENTRY: BUY 0.02 @ ~77841.06 SL 77696.91 TP 77949.17 (risk $2.88, prize $2.16, return to peak, calm mkt)
2026-09-03T02:51:07.238709+00:00 ENTRY logged: BUY 0.02 @ 77841.06 ticket 1048692186
2026-09-03T02:57:04.246409+00:00 KINO: peak 77848.15 official -> pending BUY on M1 close back above it
2026-09-03T03:00:02.720765+00:00 KINO: dip 77759.23 official -> pending SELL on M1 close back below it
2026-09-03T03:01:03.717125+00:00 KINO skipped: last page at 0.02 - 0.04 unlocks the next page
2026-09-03T03:03:12.056825+00:00 EXIT logged: ticket 1048692186 sl profit -2.91 dur 12.1min
2026-09-03T03:03:12.059035+00:00 RECOV[1048692186] armed: BUY 0.02 stopped at 77696.91 -> two doors: M1 close beyond the line = flip, or back beyond 77841.06 = re-enter
2026-09-03T03:04:04.239655+00:00 SHADOW chain[1048692186] ENTRY: SELL 0.03 @ 77696.28 (virtual - shelter mode)
2026-09-03T03:04:05.304074+00:00 KINO ENTRY: SELL 0.02 @ ~77696.28 SL 77804.64 TP 77612.92 (risk $2.17, prize $1.67, return to dip, strong mkt)
2026-09-03T03:04:07.322302+00:00 ENTRY logged: SELL 0.02 @ 77697.24 ticket 1048695144
2026-09-03T03:08:04.109922+00:00 KINO: dip 77667.90 official -> pending SELL on M1 close back below it
2026-09-03T03:11:02.740009+00:00 SHADOW ENTRY: recipe fired -> would SELL @ ~77669.23 (setup 77670.93)
2026-09-03T03:14:07.303747+00:00 EXIT logged: ticket 1048695144 sl profit -2.42 dur 10.0min
2026-09-03T03:14:07.305581+00:00 RECOV[1048695144] armed: SELL 0.02 stopped at 77804.64 -> two doors: M1 close beyond the line = flip, or back beyond 77697.24 = re-enter
2026-09-03T03:14:11.319456+00:00 SHADOW chain[1048692186] LOSS -4.56 (streak reset)
2026-09-03T03:16:03.782954+00:00 SHADOW chain[1048695144] ENTRY: SELL 0.03 @ 77696.15 (virtual - shelter mode)
2026-09-03T03:16:03.787339+00:00 KINO: peak 77849.48 official -> pending BUY on M1 close back above it
2026-09-03T03:19:18.389743+00:00 SHADOW chain[1048695144] LOSS -4.60 (streak reset)
2026-09-03T03:21:02.707247+00:00 KINO: peak 77851.68 official -> pending BUY on M1 close back above it
2026-09-03T03:30:04.498462+00:00 KINO: peak 77784.85 official -> pending BUY on M1 close back above it
2026-09-03T03:32:04.818330+00:00 KINO: dip 77674.36 official -> pending SELL on M1 close back below it
2026-09-03T03:35:08.118010+00:00 KINO ENTRY: SELL 0.02 @ ~77673.29 SL 77750.85 TP 77615.12 (risk $1.55, prize $1.16, return to dip, calm mkt)
2026-09-03T03:35:11.996337+00:00 ENTRY logged: SELL 0.02 @ 77673.29000000001 ticket 1048702996
2026-09-03T03:41:04.546967+00:00 KINO: dip 77610.63 official -> pending SELL on M1 close back below it
2026-09-03T03:41:45.283821+00:00 KINO 80% LOCK: 1048702996 wall moved to entry
2026-09-03T03:45:07.831932+00:00 EXIT logged: ticket 1048702996 tp profit 1.17 dur 10.0min
2026-09-03T03:46:04.008917+00:00 KINO skipped: wall 77649.28 too close (43.6pts)
2026-09-03T03:48:04.510921+00:00 KINO skipped: wall 77649.28 too close (46.0pts)
2026-09-03T03:49:04.675150+00:00 KINO: dip 77594.84 official -> pending SELL on M1 close back below it
2026-09-03T03:58:04.070223+00:00 KINO: peak 77714.68 official -> pending BUY on M1 close back above it
2026-09-03T04:00:30.562790+00:00 CLOCKS DIVERGED: H4 and D1 disagree again - no new runner candidates
2026-09-03T04:03:03.032449+00:00 KINO: dip 77663.43 official -> pending SELL on M1 close back below it
2026-09-03T04:04:04.459405+00:00 KINO ENTRY: BUY 0.02 @ ~77740.78 SL 77663.43 TP 77798.79 (risk $1.55, prize $1.16, return to peak, strong mkt)
2026-09-03T04:04:06.475321+00:00 ENTRY logged: BUY 0.02 @ 77743.85 ticket 1048708949
2026-09-03T04:10:54.902933+00:00 KINO 80% LOCK: 1048708949 wall moved to entry
2026-09-03T04:11:47.080308+00:00 EXIT logged: ticket 1048708949 sl profit -0.04 dur 7.7min
2026-09-03T04:11:47.084053+00:00 RECOV[1048708949] armed: BUY 0.02 stopped at 77663.43 -> two doors: M1 close beyond the line = flip, or back beyond 77743.85 = re-enter
2026-09-03T04:13:03.275981+00:00 KINO: peak 77792.14 official -> pending BUY on M1 close back above it
2026-09-03T04:14:03.434664+00:00 SHADOW chain[1048708949] ENTRY: SELL 0.03 @ 77627.33 (virtual - shelter mode)
2026-09-03T04:14:04.662209+00:00 KINO ENTRY: SELL 0.02 @ ~77627.33 SL 77792.14 TP 77487.52 (risk $3.30, prize $2.80, return to dip, strong mkt)
2026-09-03T04:14:06.677849+00:00 ENTRY logged: SELL 0.02 @ 77627.33 ticket 1048712155
2026-09-03T04:23:04.457893+00:00 KINO: dip 77514.11 official -> pending SELL on M1 close back below it
2026-09-03T04:27:03.142138+00:00 KINO: peak 77612.61 official -> pending BUY on M1 close back above it
2026-09-03T04:31:03.803199+00:00 KINO: dip 77521.56 official -> pending SELL on M1 close back below it
2026-09-03T04:35:04.490372+00:00 KINO: peak 77594.19 official -> pending BUY on M1 close back above it
2026-09-03T04:44:04.301088+00:00 KINO: peak 77577.94 official -> pending BUY on M1 close back above it
2026-09-03T04:44:04.301088+00:00 KINO skipped: last page at 0.02 - 0.04 unlocks the next page
2026-09-03T04:46:04.614185+00:00 KINO: dip 77503.49 official -> pending SELL on M1 close back below it
2026-09-03T04:56:02.858975+00:00 KINO: peak 77763.78 official -> pending BUY on M1 close back above it
2026-09-03T05:00:53.775341+00:00 EXIT logged: ticket 1048712155 sl profit -3.29 dur 46.8min
2026-09-03T05:00:53.786672+00:00 RECOV[1048712155] armed: SELL 0.02 stopped at 77792.14 -> two doors: M1 close beyond the line = flip, or back beyond 77627.33 = re-enter
2026-09-03T05:00:53.788679+00:00 SHADOW chain[1048708949] LOSS -4.94 (streak reset)
2026-09-03T05:01:03.838202+00:00 SHADOW chain[1048712155] ENTRY: BUY 0.03 @ 77806.82 (virtual - shelter mode)
2026-09-03T05:01:04.990427+00:00 KINO ENTRY: BUY 0.02 @ ~77806.82 SL 77667.78 TP 77920.86 (risk $2.78, prize $2.28, return to peak, strong mkt)
2026-09-03T05:01:06.999863+00:00 ENTRY logged: BUY 0.02 @ 77806.82 ticket 1048722747
2026-09-03T05:05:03.702684+00:00 KINO: peak 77796.82 official -> pending BUY on M1 close back above it
2026-09-03T05:09:04.366774+00:00 KINO: dip 77671.96 official -> pending SELL on M1 close back below it
2026-09-03T05:09:22.438944+00:00 EXIT logged: ticket 1048722747 sl profit -2.7800000000000002 dur 8.3min
2026-09-03T05:09:22.443102+00:00 RECOV[1048722747] armed: BUY 0.02 stopped at 77667.78 -> two doors: M1 close beyond the line = flip, or back beyond 77806.82 = re-enter
2026-09-03T05:10:04.599393+00:00 KINO: peak 77729.50 official -> pending BUY on M1 close back above it
2026-09-03T05:10:04.599938+00:00 KINO skipped: last page at 0.03 - 0.04 unlocks the next page
2026-09-03T05:12:03.066147+00:00 SHADOW chain[1048722747] ENTRY: SELL 0.03 @ 77630.03 (virtual - shelter mode)
2026-09-03T05:12:04.162791+00:00 KINO ENTRY: SELL 0.02 @ ~77630.03 SL 77729.5 TP 77555.43 (risk $1.99, prize $1.49, return to dip, calm mkt)
2026-09-03T05:12:06.175288+00:00 ENTRY logged: SELL 0.02 @ 77630.03 ticket 1048726722
2026-09-03T05:14:34.883704+00:00 KINO 80% LOCK: 1048726722 wall moved to entry
2026-09-03T05:15:17.018957+00:00 EXIT logged: ticket 1048726722 sl profit -0.03 dur 3.2min
2026-09-03T05:15:17.030508+00:00 RECOV[1048726722] armed: SELL 0.02 stopped at 77729.50 -> two doors: M1 close beyond the line = flip, or back beyond 77630.03 = re-enter
2026-09-03T05:16:03.923220+00:00 RECOV[1048726722]: wall 77625.38 too close (25.9pts) - waiting (log once)
2026-09-03T05:17:18.156102+00:00 SHADOW chain[1048726722] ENTRY: SELL 0.03 @ 77560.17 (virtual - shelter mode)
2026-09-03T05:17:46.309333+00:00 SHADOW chain[1048712155] LOSS -9.10 (streak reset)
2026-09-03T05:17:46.313339+00:00 SHADOW chain[1048726722] WIN +1.47 (streak 1)
2026-09-03T05:17:48.319662+00:00 SHADOW chain[1048722747] WIN +4.25 (streak 2)
2026-09-03T05:17:48.321669+00:00 WEATHER CLEAR: two shadow wins - everything real AUTO-RESUMES (hard floor still guards)
2026-09-03T05:20:34.873335+00:00 SHADOW chain[1048410043] breakeven +0.00 (streak kept)
2026-09-03T05:20:34.875373+00:00 WEATHER CLEAR: two shadow wins - everything real AUTO-RESUMES (hard floor still guards)
2026-09-03T05:31:05.114780+00:00 KINO: dip 77057.85 official -> pending SELL on M1 close back below it
2026-09-03T05:42:04.292356+00:00 KINO: dip 77362.84 official -> pending SELL on M1 close back below it
2026-09-03T05:46:04.984953+00:00 KINO: peak 77479.37 official -> pending BUY on M1 close back above it
2026-09-03T05:48:03.348244+00:00 KINO: dip 77366.72 official -> pending SELL on M1 close back below it
2026-09-03T05:49:04.571093+00:00 KINO ENTRY: BUY 0.02 @ ~77485.73 SL 77366.72 TP 77579.74 (risk $2.38, prize $1.88, return to peak, strong mkt)
2026-09-03T05:49:06.592553+00:00 ENTRY logged: BUY 0.02 @ 77484.04000000001 ticket 1048745099
2026-09-03T05:51:19.035920+00:00 EXIT logged: ticket 1048745099 tp profit 1.9100000000000001 dur 2.2min
2026-09-03T05:54:03.543653+00:00 KINO: peak 77688.39 official -> pending BUY on M1 close back above it
2026-09-03T05:57:05.281384+00:00 KINO ENTRY: BUY 0.02 @ ~77794.62 SL 77592.94 TP 77971.30 (risk $4.03, prize $3.53, return to peak, strong mkt)
2026-09-03T05:57:07.294903+00:00 ENTRY logged: BUY 0.02 @ 77801.7 ticket 1048749512
2026-09-03T06:01:04.117615+00:00 KINO: peak 77815.26 official -> pending BUY on M1 close back above it
2026-09-03T06:06:03.189788+00:00 KINO: dip 77675.66 official -> pending SELL on M1 close back below it
2026-09-03T06:09:04.312668+00:00 KINO skipped: last page at 0.02 - 0.04 unlocks the next page
2026-09-03T06:11:02.806054+00:00 KINO: dip 77653.79 official -> pending SELL on M1 close back below it
2026-09-03T06:12:05.017518+00:00 KINO: peak 77723.23 official -> pending BUY on M1 close back above it
2026-09-03T06:25:04.908529+00:00 KINO: peak 77741.33 official -> pending BUY on M1 close back above it
2026-09-03T06:27:04.596240+00:00 KINO: dip 77682.90 official -> pending SELL on M1 close back below it
2026-09-03T06:34:03.917832+00:00 KINO: dip 77676.48 official -> pending SELL on M1 close back below it
2026-09-03T06:38:04.695091+00:00 KINO: peak 77767.44 official -> pending BUY on M1 close back above it
2026-09-03T06:46:28.538929+00:00 KINO: peak 77796.35 official -> pending BUY on M1 close back above it
2026-09-03T06:49:05.102470+00:00 KINO: peak 77799.27 official -> pending BUY on M1 close back above it
2026-09-03T06:56:04.695327+00:00 KINO: dip 77725.34 official -> pending SELL on M1 close back below it
2026-09-03T07:04:15.622373+00:00 KINO 80% LOCK: 1048749512 wall moved to entry
2026-09-03T07:04:17.654318+00:00 EXIT logged: ticket 1048749512 tp profit 3.4 dur 67.2min
2026-09-03T07:05:05.241904+00:00 KINO ENTRY: BUY 0.02 @ ~78094.36 SL 77725.34 TP 78438.38 (risk $7.38, prize $6.88, return to peak, strong mkt)
2026-09-03T07:05:07.270205+00:00 ENTRY logged: BUY 0.02 @ 78096.67 ticket 1048786476
2026-09-03T07:07:03.939691+00:00 KINO: peak 78145.39 official -> pending BUY on M1 close back above it
2026-09-03T07:12:03.637901+00:00 KINO: dip 77930.28 official -> pending SELL on M1 close back below it
2026-09-03T07:16:03.143617+00:00 KINO: peak 78088.08 official -> pending BUY on M1 close back above it
2026-09-03T07:17:03.397804+00:00 KINO skipped: last page at 0.02 - 0.04 unlocks the next page
2026-09-03T07:23:05.122599+00:00 KINO: dip 77873.01 official -> pending SELL on M1 close back below it
2026-09-03T07:25:03.551568+00:00 KINO: peak 77989.87 official -> pending BUY on M1 close back above it
2026-09-03T07:29:28.522337+00:00 KINO: dip 77839.45 official -> pending SELL on M1 close back below it
2026-09-03T07:31:04.929453+00:00 KINO: peak 77951.69 official -> pending BUY on M1 close back above it
2026-09-03T07:37:04.528008+00:00 KINO: peak 77899.13 official -> pending BUY on M1 close back above it
2026-09-03T07:40:03.139180+00:00 KINO: dip 77851.52 official -> pending SELL on M1 close back below it
2026-09-03T07:45:04.490158+00:00 KINO: peak 78035.07 official -> pending BUY on M1 close back above it
2026-09-03T07:47:32.143745+00:00 EXIT logged: ticket 1048786476 sl profit -7.42 dur 42.2min
2026-09-03T07:47:32.145525+00:00 RECOV[1048786476] armed: BUY 0.02 stopped at 77725.34 -> two doors: M1 close beyond the line = flip, or back beyond 78096.67 = re-enter
2026-09-03T07:47:32.145525+00:00 KINO skipped: last page at 0.03 - 0.04 unlocks the next page
2026-09-03T07:49:04.654153+00:00 SHADOW chain[1048786476] ENTRY: SELL 0.03 @ 77705.98 (virtual - shelter mode)
2026-09-03T07:49:05.805262+00:00 KINO ENTRY: SELL 0.02 @ ~77705.98 SL 78035.07 TP 77426.89 (risk $6.58, prize $5.58, return to dip, calm mkt)
2026-09-03T07:49:07.818307+00:00 ENTRY logged: SELL 0.02 @ 77705.98 ticket 1048809574
2026-09-03T07:53:04.686955+00:00 KINO: dip 77619.63 official -> pending SELL on M1 close back below it
2026-09-03T07:56:05.234897+00:00 KINO skipped: last page at 0.02 - 0.04 unlocks the next page
2026-09-03T07:59:03.732865+00:00 KINO: dip 77559.62 official -> pending SELL on M1 close back below it
2026-09-03T08:07:43.661380+00:00 EXIT logged: ticket 1048809574 sl profit -6.58 dur 18.6min
2026-09-03T08:07:43.663389+00:00 RECOV[1048809574] armed: SELL 0.02 stopped at 78035.07 -> two doors: M1 close beyond the line = flip, or back beyond 77705.98 = re-enter
2026-09-03T08:09:03.983788+00:00 KINO: peak 78032.16 official -> pending BUY on M1 close back above it
2026-09-03T08:12:04.573074+00:00 KINO: dip 77869.90 official -> pending SELL on M1 close back below it
2026-09-03T08:13:04.732418+00:00 KINO: peak 77966.06 official -> pending BUY on M1 close back above it
2026-09-03T08:14:04.929511+00:00 KINO skipped: last page at 0.03 - 0.04 unlocks the next page
2026-09-03T08:20:03.511569+00:00 KINO: dip 77821.75 official -> pending SELL on M1 close back below it
2026-09-03T08:28:03.967418+00:00 KINO: dip 77787.39 official -> pending SELL on M1 close back below it
2026-09-03T08:36:03.250086+00:00 KINO: peak 77958.82 official -> pending BUY on M1 close back above it
2026-09-03T08:40:04.930106+00:00 KINO: peak 77948.79 official -> pending BUY on M1 close back above it
2026-09-03T08:46:01.640684+00:00 KINO: dip 77824.18 official -> pending SELL on M1 close back below it
2026-09-03T08:49:02.331918+00:00 KINO: peak 77874.93 official -> pending BUY on M1 close back above it
2026-09-03T08:54:01.160561+00:00 KINO: dip 77711.93 official -> pending SELL on M1 close back below it
2026-09-03T08:56:40.123815+00:00 OWL starting (TP+recovery manager, trade scribe)
2026-09-03T08:58:00.386541+00:00 KINO: peak 77824.31 official -> pending BUY on M1 close back above it
2026-09-03T09:05:01.505224+00:00 KINO: dip 77758.44 official -> pending SELL on M1 close back below it
2026-09-03T09:06:01.775080+00:00 KINO: peak 77793.20 official -> pending BUY on M1 close back above it
2026-09-03T09:14:01.117127+00:00 KINO: peak 77933.04 official -> pending BUY on M1 close back above it
2026-09-03T09:16:01.548331+00:00 KINO: dip 77798.14 official -> pending SELL on M1 close back below it
2026-09-03T09:30:00.508434+00:00 RECOV[1048809574] held: below hard floor 192 - no fighters, small pages only
2026-09-03T09:36:11.132868+00:00 KINO: peak 77736.45 official -> pending BUY on M1 close back above it
2026-09-03T09:37:01.225624+00:00 KINO: dip 77685.13 official -> pending SELL on M1 close back below it
2026-09-03T09:44:02.601609+00:00 KINO: dip 77616.04 official -> pending SELL on M1 close back below it
2026-09-03T09:48:02.431843+00:00 KINO: peak 77753.08 official -> pending BUY on M1 close back above it
2026-09-03T09:54:01.719414+00:00 KINO: peak 77655.61 official -> pending BUY on M1 close back above it
2026-09-03T10:04:02.858415+00:00 KINO: dip 77542.64 official -> pending SELL on M1 close back below it
2026-09-03T10:08:37.248236+00:00 KINO: dip 77583.76 official -> pending SELL on M1 close back below it
2026-09-03T10:12:02.402565+00:00 KINO: peak 77635.98 official -> pending BUY on M1 close back above it
2026-09-03T10:15:02.548638+00:00 KINO: dip 77495.75 official -> pending SELL on M1 close back below it
2026-09-03T10:18:01.203975+00:00 KINO: dip 77484.78 official -> pending SELL on M1 close back below it
2026-09-03T10:24:00.940855+00:00 KINO: peak 77676.65 official -> pending BUY on M1 close back above it
2026-09-03T10:27:01.506229+00:00 KINO: dip 77570.55 official -> pending SELL on M1 close back below it
2026-09-03T10:33:10.902649+00:00 OWL starting (TP+recovery manager, trade scribe)
2026-09-03T10:33:12.053764+00:00 RECOV[1048809574] RE-ENTRY (fake break): SELL 0.03 @ ~77583.41 SL 78032.16 TP 77167.99 (risk $13.46, prize $12.46, calm mkt -> -$1.00 early)
2026-09-03T10:33:14.100368+00:00 ENTRY logged: SELL 0.03 @ 77583.41 ticket 1048907935
2026-09-03T10:40:00.874626+00:00 OWL starting (TP+recovery manager, trade scribe)
2026-09-03T10:40:00.896175+00:00 REST: dropped below hard floor 192 - real trading paused, ghosts must re-prove the weather
2026-09-03T10:40:02.951896+00:00 KINO: dip 77447.10 official -> pending SELL on M1 close back below it
2026-09-03T10:41:01.309673+00:00 KINO: peak 77512.64 official -> pending BUY on M1 close back above it
2026-09-03T10:44:01.895484+00:00 KINO: dip 77430.88 official -> pending SELL on M1 close back below it
2026-09-03T10:51:51.197289+00:00 EXIT logged: ticket 1048907935 sl profit 0.0 dur 18.6min
2026-09-03T10:51:51.198852+00:00 RECOV[1048809574]: link 1048907935 stopped -> two doors: M1 close beyond 78032.16 = flip, or back beyond 77583.41 = re-enter
2026-09-03T10:52:01.228741+00:00 RECOV[1048809574]: wall 77576.46 too close (0.0pts) - waiting (log once)
2026-09-03T10:52:01.228741+00:00 SHADOW page ENTRY: BUY 0.01 @ 77586.46 (virtual - shelter mode)
2026-09-03T10:52:45.365070+00:00 SHADOW chain[page] WIN +0.81 (streak 1)
2026-09-03T10:58:01.805886+00:00 KINO: peak 77738.14 official -> pending BUY on M1 close back above it
2026-09-03T11:02:02.759979+00:00 KINO: dip 77655.42 official -> pending SELL on M1 close back below it
2026-09-03T11:03:03.020902+00:00 SHADOW page ENTRY: BUY 0.01 @ 77755.94 (virtual - shelter mode)
2026-09-03T11:04:01.304525+00:00 KINO: peak 77761.55 official -> pending BUY on M1 close back above it
2026-09-03T11:08:02.098066+00:00 KINO: peak 77755.20 official -> pending BUY on M1 close back above it
2026-09-03T11:09:56.708770+00:00 SHADOW chain[page] breakeven +0.30 (streak kept)
2026-09-03T11:10:02.773847+00:00 SHADOW page ENTRY: BUY 0.01 @ 77782.56 (virtual - shelter mode)
2026-09-03T11:10:02.774624+00:00 KINO: dip 77689.24 official -> pending SELL on M1 close back below it
2026-09-03T11:11:03.093732+00:00 KINO: peak 77787.68 official -> pending BUY on M1 close back above it
2026-09-03T11:15:10.010967+00:00 SHADOW chain[page] breakeven +0.30 (streak kept)
2026-09-03T11:16:02.206736+00:00 SHADOW page ENTRY: BUY 0.01 @ 77827.89 (virtual - shelter mode)
2026-09-03T11:17:50.688720+00:00 SHADOW chain[page] breakeven +0.00 (streak kept)
2026-09-03T11:22:01.839130+00:00 KINO: peak 77903.90 official -> pending BUY on M1 close back above it
2026-09-03T11:25:01.750112+00:00 KINO: dip 77797.75 official -> pending SELL on M1 close back below it
2026-09-03T11:32:01.481996+00:00 KINO: peak 77928.74 official -> pending BUY on M1 close back above it
2026-09-03T11:33:01.640591+00:00 KINO: dip 77793.65 official -> pending SELL on M1 close back below it
2026-09-03T11:35:02.017013+00:00 KINO: peak 77938.75 official -> pending BUY on M1 close back above it
2026-09-03T11:37:02.353899+00:00 KINO: dip 77831.74 official -> pending SELL on M1 close back below it
2026-09-03T11:42:01.220720+00:00 SHADOW page ENTRY: BUY 0.01 @ 77950.82 (virtual - shelter mode)
2026-09-03T11:45:01.763201+00:00 KINO: peak 77947.92 official -> pending BUY on M1 close back above it
2026-09-03T11:47:02.180455+00:00 KINO: dip 77879.67 official -> pending SELL on M1 close back below it
2026-09-03T11:48:02.383732+00:00 KINO: peak 77973.18 official -> pending BUY on M1 close back above it
2026-09-03T11:49:02.539669+00:00 SHADOW page ENTRY: SELL 0.01 @ 77856.07 (virtual - shelter mode)
2026-09-03T11:51:02.139484+00:00 KINO: dip 77835.96 official -> pending SELL on M1 close back below it
2026-09-03T11:54:01.077940+00:00 KINO: peak 77904.94 official -> pending BUY on M1 close back above it
2026-09-03T11:56:01.426823+00:00 KINO: dip 77853.01 official -> pending SELL on M1 close back below it
2026-09-03T11:58:01.844253+00:00 SHADOW page ENTRY: BUY 0.01 @ 77946.18 (virtual - shelter mode)
2026-09-03T12:00:32.501839+00:00 SHADOW chain[page] LOSS -0.93 (streak reset)
2026-09-03T12:10:02.921711+00:00 KINO: dip 77846.80 official -> pending SELL on M1 close back below it
2026-09-03T12:10:37.082539+00:00 SHADOW chain[page] LOSS -1.17 (streak reset)
2026-09-03T12:10:53.143810+00:00 SHADOW chain[page] breakeven +0.44 (streak kept)
2026-09-03T12:15:02.059395+00:00 SHADOW chain[1048809574] ENTRY: BUY 0.04 @ 78030.99 (virtual - shelter mode)
2026-09-03T12:17:01.159433+00:00 KINO: peak 78104.05 official -> pending BUY on M1 close back above it
2026-09-03T12:20:01.601025+00:00 KINO: dip 77896.84 official -> pending SELL on M1 close back below it
2026-09-03T12:22:24.829598+00:00 OWL starting (TP+recovery manager, trade scribe)
2026-09-03T12:26:01.419594+00:00 KINO: peak 77981.48 official -> pending BUY on M1 close back above it
2026-09-03T12:30:50.279260+00:00 SHADOW chain[1048786476] LOSS -13.18 (streak reset)
2026-09-03T12:31:02.337208+00:00 SHADOW page ENTRY: BUY 0.01 @ 78163.33 (virtual - shelter mode)
2026-09-03T12:31:02.337208+00:00 KINO: dip 77921.94 official -> pending SELL on M1 close back below it
2026-09-03T12:32:06.634578+00:00 SHADOW chain[1048809574] WIN +9.58 (streak 1)
2026-09-03T12:32:10.668242+00:00 SHADOW chain[page] WIN +1.82 (streak 2)
2026-09-03T12:32:10.669723+00:00 WEATHER CLEAR: two shadow wins - everything real AUTO-RESUMES (hard floor still guards)
2026-09-03T12:36:01.971887+00:00 KINO: peak 78423.26 official -> pending BUY on M1 close back above it
2026-09-03T12:42:03.476883+00:00 KINO: peak 78376.59 official -> pending BUY on M1 close back above it
2026-09-03T12:50:01.921826+00:00 KINO: peak 78355.59 official -> pending BUY on M1 close back above it
2026-09-03T12:53:02.570869+00:00 KINO ENTRY: BUY 0.01 @ ~78435.10 SL 78304.75 TP 78532.86 (risk $1.30, prize $0.98, return to peak, calm mkt)
2026-09-03T12:53:04.585657+00:00 ENTRY logged: BUY 0.01 @ 78435.1 ticket 1049025584
2026-09-03T12:54:14.920247+00:00 EXIT logged: ticket 1049025584 tp profit 0.98 dur 1.2min
2026-09-03T13:00:02.234696+00:00 KINO: peak 78748.91 official -> pending BUY on M1 close back above it
2026-09-03T13:04:01.637809+00:00 KINO: dip 78505.70 official -> pending SELL on M1 close back below it
2026-09-03T13:07:03.827730+00:00 KINO ENTRY: SELL 0.01 @ ~78500.38 SL 78684.3 TP 78362.44 (risk $1.84, prize $1.38, return to dip, calm mkt)
2026-09-03T13:07:05.841717+00:00 ENTRY logged: SELL 0.01 @ 78500.38 ticket 1049043931
2026-09-03T13:12:01.176230+00:00 KINO: dip 78478.56 official -> pending SELL on M1 close back below it
2026-09-03T13:17:02.572876+00:00 KINO: peak 78572.01 official -> pending BUY on M1 close back above it
2026-09-03T13:18:02.784670+00:00 KINO skipped: last page at 0.01 - 0.04 unlocks the next page
2026-09-03T13:21:01.594489+00:00 KINO: dip 78412.54 official -> pending SELL on M1 close back below it
2026-09-03T13:27:02.933503+00:00 KINO: peak 78578.91 official -> pending BUY on M1 close back above it
2026-09-03T13:32:02.325818+00:00 KINO: dip 78422.17 official -> pending SELL on M1 close back below it
2026-09-03T13:34:03.099642+00:00 EXIT logged: ticket 1049043931 sl profit -1.8399999999999999 dur 27.0min
2026-09-03T13:34:03.101624+00:00 RECOV[1049043931] armed: SELL 0.01 stopped at 78684.30 -> two doors: M1 close beyond the line = flip, or back beyond 78500.38 = re-enter
2026-09-03T13:34:03.110256+00:00 KINO skipped: last page at 0.02 - 0.04 unlocks the next page
2026-09-03T13:37:02.028665+00:00 KINO: peak 78683.93 official -> pending BUY on M1 close back above it
2026-09-03T13:39:03.801487+00:00 RECOV[1049043931] ENTRY: BUY 0.02 @ ~78763.65 SL 78412.54 TP 79064.76 (risk $7.02, prize $6.02, calm mkt -> -$1.00 early)
2026-09-03T13:39:05.811261+00:00 ENTRY logged: BUY 0.02 @ 78761.98 ticket 1049074281
2026-09-03T13:48:02.714873+00:00 KINO: peak 78966.52 official -> pending BUY on M1 close back above it
2026-09-03T13:51:03.412310+00:00 KINO: dip 78767.92 official -> pending SELL on M1 close back below it
2026-09-03T13:54:02.121663+00:00 KINO: peak 78953.26 official -> pending BUY on M1 close back above it
2026-09-03T13:58:03.127978+00:00 KINO: dip 78713.64 official -> pending SELL on M1 close back below it
2026-09-03T14:01:01.938950+00:00 KINO: peak 78842.09 official -> pending BUY on M1 close back above it
2026-09-03T14:03:02.345922+00:00 KINO: dip 78672.48 official -> pending SELL on M1 close back below it
2026-09-03T14:11:02.407411+00:00 KINO: peak 78934.52 official -> pending BUY on M1 close back above it
2026-09-03T14:12:02.761975+00:00 KINO: dip 78774.79 official -> pending SELL on M1 close back below it
2026-09-03T14:16:36.914135+00:00 RECOV[1049043931] 80% LOCK: link 1049074281 wall moved to entry
2026-09-03T14:17:03.067700+00:00 EXIT logged: ticket 1049074281 tp profit 6.06 dur 38.0min
2026-09-03T14:17:03.073927+00:00 RECOV[1049043931]: chain ENDED (link 1049074281 exit=tp 6.06)
2026-09-03T14:17:04.688505+00:00 KINO ENTRY: BUY 0.01 @ ~79046.75 SL 78774.79 TP 79250.72 (risk $2.72, prize $2.04, return to peak, calm mkt)
2026-09-03T14:17:06.704883+00:00 ENTRY logged: BUY 0.01 @ 79067.06 ticket 1049120504
2026-09-03T14:19:03.305159+00:00 KINO: peak 79128.99 official -> pending BUY on M1 close back above it
2026-09-03T14:23:03.156503+00:00 KINO 80% LOCK: 1049120504 wall moved to entry
2026-09-03T14:23:03.157272+00:00 KINO skipped: last page at 0.01 - 0.04 unlocks the next page
2026-09-03T14:23:27.317782+00:00 EXIT logged: ticket 1049120504 tp profit 1.8399999999999999 dur 6.3min
2026-09-03T14:24:02.950762+00:00 KINO ENTRY: BUY 0.01 @ ~79297.73 SL 78969.37 TP 79544.00 (risk $3.28, prize $2.46, return to peak, calm mkt)
2026-09-03T14:24:04.964727+00:00 ENTRY logged: BUY 0.01 @ 79301.44 ticket 1049128309
2026-09-03T14:25:40.004516+00:00 KINO 80% LOCK: 1049128309 wall moved to entry
2026-09-03T14:26:54.561880+00:00 EXIT logged: ticket 1049128309 tp profit 2.43 dur 2.8min
2026-09-03T14:34:01.205783+00:00 KINO: peak 79875.57 official -> pending BUY on M1 close back above it
2026-09-03T14:37:01.506763+00:00 KINO: peak 79854.61 official -> pending BUY on M1 close back above it
2026-09-03T14:43:01.239120+00:00 KINO: dip 79586.05 official -> pending SELL on M1 close back below it
2026-09-03T14:47:21.727470+00:00 KINO ENTRY: BUY 0.01 @ ~79963.16 SL 79586.05 TP 80245.99 (risk $3.77, prize $2.83, return to peak, calm mkt)
2026-09-03T14:47:21.728179+00:00 KINO: dip 79708.41 official -> pending SELL on M1 close back below it
2026-09-03T14:47:23.750121+00:00 ENTRY logged: BUY 0.01 @ 79958.84 ticket 1049150076
2026-09-03T14:48:32.655697+00:00 KINO 80% LOCK: 1049150076 wall moved to entry
2026-09-03T14:48:36.685669+00:00 EXIT logged: ticket 1049150076 tp profit 2.87 dur 1.4min
2026-09-03T14:52:16.808134+00:00 KINO: peak 80489.05 official -> pending BUY on M1 close back above it
2026-09-03T14:56:01.366003+00:00 KINO: dip 80084.03 official -> pending SELL on M1 close back below it
2026-09-03T15:00:04.427569+00:00 KINO ENTRY: BUY 0.01 @ ~80553.81 SL 80084.03 TP 80923.59 (risk $4.70, prize $3.70, return to peak, calm mkt)
2026-09-03T15:00:06.538179+00:00 ENTRY logged: BUY 0.01 @ 80544.49 ticket 1049160979
2026-09-03T15:02:32.573035+00:00 KINO 80% LOCK: 1049160979 wall moved to entry
2026-09-03T15:02:38.623934+00:00 EXIT logged: ticket 1049160979 tp profit 3.8 dur 2.6min
2026-09-03T15:08:03.066542+00:00 KINO: peak 80960.23 official -> pending BUY on M1 close back above it
2026-09-03T15:14:01.691312+00:00 KINO: dip 80340.45 official -> pending SELL on M1 close back below it
2026-09-03T15:19:03.311151+00:00 KINO: dip 80456.28 official -> pending SELL on M1 close back below it
2026-09-03T15:31:01.684826+00:00 KINO: dip 80612.28 official -> pending SELL on M1 close back below it
2026-09-03T15:38:01.302950+00:00 KINO: peak 80925.70 official -> pending BUY on M1 close back above it
2026-09-03T15:40:03.091998+00:00 KINO ENTRY: BUY 0.01 @ ~80993.62 SL 80752.51 TP 81184.73 (risk $2.41, prize $1.91, return to peak, strong mkt)
2026-09-03T15:40:05.110461+00:00 ENTRY logged: BUY 0.01 @ 81003.71 ticket 1049198566
2026-09-03T15:43:01.744350+00:00 KINO: peak 81010.87 official -> pending BUY on M1 close back above it
2026-09-03T15:44:01.947675+00:00 KINO: dip 80859.89 official -> pending SELL on M1 close back below it
2026-09-03T15:46:42.535911+00:00 EXIT logged: ticket 1049198566 sl profit -2.51 dur 6.7min
2026-09-03T15:46:42.537503+00:00 RECOV[1049198566] armed: BUY 0.01 stopped at 80752.51 -> two doors: M1 close beyond the line = flip, or back beyond 81003.71 = re-enter
2026-09-03T15:47:03.812842+00:00 RECOV[1049198566] ENTRY: SELL 0.02 @ ~80748.04 SL 81010.87 TP 80510.21 (risk $5.26, prize $4.76, strong mkt -> -$0.50 early)
2026-09-03T15:47:03.814307+00:00 KINO skipped: last page at 0.02 - 0.04 unlocks the next page
2026-09-03T15:47:05.824894+00:00 ENTRY logged: SELL 0.02 @ 80742.74 ticket 1049203137
2026-09-03T15:51:40.426656+00:00 EXIT logged: ticket 1049203137 sl profit -5.37 dur 4.6min
2026-09-03T15:51:40.427847+00:00 RECOV[1049198566]: link 1049203137 stopped -> two doors: M1 close beyond 81010.87 = flip, or back beyond 80742.74 = re-enter
2026-09-03T15:52:03.211710+00:00 RECOV[1049198566] ENTRY: BUY 0.03 @ ~81048.87 SL 80718.56 TP 81362.51 (risk $9.91, prize $9.41, strong mkt -> -$0.50 early)
2026-09-03T15:52:03.213955+00:00 KINO skipped: last page at 0.03 - 0.04 unlocks the next page
2026-09-03T15:52:05.232447+00:00 ENTRY logged: BUY 0.03 @ 81055.53 ticket 1049206843
2026-09-03T15:57:19.145766+00:00 RECOV[1049198566] 80% LOCK: link 1049206843 wall moved to entry
2026-09-03T15:59:07.555151+00:00 EXIT logged: ticket 1049206843 tp profit 9.21 dur 7.1min
2026-09-03T15:59:07.561165+00:00 RECOV[1049198566]: chain ENDED (link 1049206843 exit=tp 9.21)
2026-09-03T16:00:03.050870+00:00 KINO ENTRY: BUY 0.01 @ ~81372.37 SL 80718.56 TP 81926.18 (risk $6.54, prize $5.54, return to peak, calm mkt)
2026-09-03T16:00:05.063577+00:00 ENTRY logged: BUY 0.01 @ 81372.37 ticket 1049212211
2026-09-03T16:01:03.362540+00:00 KINO: peak 81371.60 official -> pending BUY on M1 close back above it
2026-09-03T16:04:02.051098+00:00 KINO skipped: last page at 0.01 - 0.04 unlocks the next page
2026-09-03T16:08:03.058476+00:00 KINO: dip 80789.75 official -> pending SELL on M1 close back below it
2026-09-03T16:11:01.907253+00:00 KINO: dip 80927.32 official -> pending SELL on M1 close back below it
2026-09-03T16:18:10.792917+00:00 EXIT logged: ticket 1049212211 sl profit -6.53 dur 18.1min
2026-09-03T16:18:10.796933+00:00 RECOV[1049212211] armed: BUY 0.01 stopped at 80718.56 -> two doors: M1 close beyond the line = flip, or back beyond 81372.37 = re-enter
2026-09-03T16:19:03.031538+00:00 KINO skipped: last page at 0.02 - 0.04 unlocks the next page
2026-09-03T16:20:04.432731+00:00 RECOV[1049212211] ENTRY: SELL 0.02 @ ~80699.11 SL 81371.40 TP 80076.82 (risk $13.45, prize $12.45, calm mkt -> -$1.00 early)
2026-09-03T16:20:06.458199+00:00 ENTRY logged: SELL 0.02 @ 80701.67 ticket 1049224520
2026-09-03T16:21:02.716713+00:00 KINO: dip 80690.91 official -> pending SELL on M1 close back below it
2026-09-03T16:24:01.253349+00:00 KINO: peak 80873.65 official -> pending BUY on M1 close back above it
2026-09-03T16:30:02.514784+00:00 KINO: dip 80606.59 official -> pending SELL on M1 close back below it
2026-09-03T16:37:02.171886+00:00 KINO: peak 80946.15 official -> pending BUY on M1 close back above it
2026-09-03T16:46:02.823657+00:00 KINO: dip 80747.64 official -> pending SELL on M1 close back below it
2026-09-03T16:49:41.070072+00:00 OWL starting (TP+recovery manager, trade scribe)
2026-09-03T16:53:01.618742+00:00 KINO: dip 80946.77 official -> pending SELL on M1 close back below it
2026-09-03T16:54:01.805261+00:00 KINO: peak 81041.05 official -> pending BUY on M1 close back above it
2026-09-03T16:59:04.053395+00:00 KINO: dip 80901.91 official -> pending SELL on M1 close back below it
2026-09-03T17:05:03.192558+00:00 KINO: dip 80884.29 official -> pending SELL on M1 close back below it
2026-09-03T17:07:03.561394+00:00 KINO: peak 81028.44 official -> pending BUY on M1 close back above it
2026-09-03T17:19:02.045026+00:00 KINO: peak 81139.90 official -> pending BUY on M1 close back above it
2026-09-03T17:27:01.401808+00:00 KINO: dip 80924.97 official -> pending SELL on M1 close back below it
2026-09-03T17:29:03.534036+00:00 KINO: peak 81070.48 official -> pending BUY on M1 close back above it
2026-09-03T17:32:02.024244+00:00 KINO: dip 80961.70 official -> pending SELL on M1 close back below it
2026-09-03T17:42:04.111077+00:00 KINO: peak 81178.79 official -> pending BUY on M1 close back above it
2026-09-03T17:46:03.327409+00:00 KINO: dip 81036.67 official -> pending SELL on M1 close back below it
2026-09-03T17:49:01.809928+00:00 KINO: peak 81202.06 official -> pending BUY on M1 close back above it
2026-09-03T17:59:01.642265+00:00 KINO: peak 81078.96 official -> pending BUY on M1 close back above it
2026-09-03T18:01:16.465844+00:00 KINO: dip 81000.47 official -> pending SELL on M1 close back below it
2026-09-03T18:06:01.837725+00:00 KINO: peak 81258.49 official -> pending BUY on M1 close back above it
2026-09-03T18:07:02.039576+00:00 KINO: dip 81141.49 official -> pending SELL on M1 close back below it
2026-09-03T18:09:44.605172+00:00 EXIT logged: ticket 1049224520 sl profit -13.4 dur 109.7min
2026-09-03T18:09:44.605883+00:00 RECOV[1049212211]: link 1049224520 stopped -> two doors: M1 close beyond 81371.40 = flip, or back beyond 80701.67 = re-enter
2026-09-03T18:10:02.674574+00:00 KINO skipped: last page at 0.03 - 0.04 unlocks the next page
2026-09-03T18:11:02.922656+00:00 KINO: peak 81363.63 official -> pending BUY on M1 close back above it
2026-09-03T18:15:03.804841+00:00 KINO: dip 81153.57 official -> pending SELL on M1 close back below it
2026-09-03T18:17:02.159667+00:00 KINO: peak 81314.32 official -> pending BUY on M1 close back above it
2026-09-03T18:35:01.880117+00:00 KINO: peak 80998.68 official -> pending BUY on M1 close back above it
2026-09-03T18:36:02.868154+00:00 KINO: dip 80892.79 official -> pending SELL on M1 close back below it
2026-09-03T18:43:04.100783+00:00 KINO: peak 81053.85 official -> pending BUY on M1 close back above it
2026-09-03T19:03:02.383061+00:00 KINO: peak 81290.45 official -> pending BUY on M1 close back above it
2026-09-03T19:05:04.551937+00:00 RECOV[1049212211] ENTRY: BUY 0.03 @ ~81483.73 SL 80606.59 TP 82344.20 (risk $26.31, prize $25.81, strong mkt -> -$0.50 early)
2026-09-03T19:05:06.590487+00:00 ENTRY logged: BUY 0.03 @ 81468.65000000001 ticket 1049294355
2026-09-03T19:07:03.062159+00:00 KINO: peak 81641.82 official -> pending BUY on M1 close back above it
2026-09-03T19:12:02.207243+00:00 KINO: peak 81310.83 official -> pending BUY on M1 close back above it
2026-09-03T19:17:03.333950+00:00 KINO: dip 81162.05 official -> pending SELL on M1 close back below it
2026-09-03T19:25:02.369879+00:00 KINO: peak 81616.99 official -> pending BUY on M1 close back above it
2026-09-03T19:29:03.097556+00:00 KINO: dip 81390.23 official -> pending SELL on M1 close back below it
2026-09-03T19:54:03.174853+00:00 KINO: dip 81476.47 official -> pending SELL on M1 close back below it
2026-09-03T20:01:02.880205+00:00 KINO: peak 81811.07 official -> pending BUY on M1 close back above it
2026-09-03T20:04:02.869739+00:00 KINO: dip 81399.39 official -> pending SELL on M1 close back below it
2026-09-03T20:07:02.834632+00:00 KINO: peak 81655.70 official -> pending BUY on M1 close back above it
2026-09-03T20:09:26.361483+00:00 KINO: dip 81532.48 official -> pending SELL on M1 close back below it
2026-09-03T20:12:15.090388+00:00 KINO: peak 81727.95 official -> pending BUY on M1 close back above it
2026-09-03T20:18:03.764050+00:00 KINO: dip 81395.13 official -> pending SELL on M1 close back below it
2026-09-03T20:19:02.200909+00:00 KINO: peak 81546.95 official -> pending BUY on M1 close back above it
2026-09-03T20:27:05.055427+00:00 KINO: dip 81384.72 official -> pending SELL on M1 close back below it
2026-09-03T20:32:03.571622+00:00 KINO: peak 81598.37 official -> pending BUY on M1 close back above it
2026-09-03T20:39:09.540934+00:00 KINO: dip 81404.09 official -> pending SELL on M1 close back below it
2026-09-03T20:43:02.999998+00:00 KINO: peak 81649.91 official -> pending BUY on M1 close back above it
2026-09-03T20:48:02.060565+00:00 KINO: dip 81427.48 official -> pending SELL on M1 close back below it
2026-09-03T21:16:04.064110+00:00 KINO: peak 81636.58 official -> pending BUY on M1 close back above it
2026-09-03T21:18:03.382379+00:00 KINO: dip 81515.80 official -> pending SELL on M1 close back below it
2026-09-03T21:18:06.669332+00:00 OWL starting (TP+recovery manager, trade scribe)
2026-09-03T21:24:19.569668+00:00 KINO: peak 81654.82 official -> pending BUY on M1 close back above it
2026-09-03T21:27:01.989087+00:00 KINO: dip 81507.31 official -> pending SELL on M1 close back below it
2026-09-03T21:30:14.029130+00:00 RECOV[1049212211] 40% LOCK: link 1049294355 wall moved to entry
2026-09-03T21:36:02.907148+00:00 KINO: peak 82303.71 official -> pending BUY on M1 close back above it
2026-09-03T21:45:53.379372+00:00 EXIT logged: ticket 1049294355 sl profit 0.0 dur 160.7min
2026-09-03T21:45:53.381381+00:00 RECOV[1049212211]: link 1049294355 stopped -> two doors: M1 close beyond 81468.65 = flip, or back beyond 81468.65 = re-enter
2026-09-03T21:46:03.410783+00:00 RECOV[1049212211]: wall 81466.56 too close (44.4pts) - waiting (log once)
2026-09-03T21:46:04.887942+00:00 KINO ENTRY: SELL 0.01 @ ~81500.95 SL 82303.71 TP 80798.19 (risk $8.03, prize $7.03, return to dip, calm mkt)
2026-09-03T21:46:09.208490+00:00 ENTRY logged: SELL 0.01 @ 81502.45 ticket 1049330205
2026-09-03T21:47:38.163866+00:00 RECOV[1049212211] held: same signal already taken by another page (one signal = one trade); door stays armed
2026-09-03T21:49:04.562105+00:00 RECOV[1049212211] RE-ENTRY (fake break): BUY 0.04 @ ~81556.62 SL 81423.46 TP 81664.78 (risk $5.33, prize $4.33, calm mkt -> -$1.00 early)
2026-09-03T21:49:04.566042+00:00 KINO: dip 81423.46 official -> pending SELL on M1 close back below it
2026-09-03T21:49:06.576802+00:00 ENTRY logged: BUY 0.04 @ 81563.68000000001 ticket 1049330456
2026-09-03T21:49:15.557141+00:00 RECOV[1049212211] RATCHET LOCK: link 1049330456 wall moved to entry 81563.68 (can no longer lose)
2026-09-03T21:49:46.288294+00:00 RECOV[1049212211] RATCHET BANK: link 1049330456 taken at +3.17 (70% of prize)
2026-09-03T21:49:48.303358+00:00 EXIT logged: ticket 1049330456 manual profit 3.17 dur 0.7min
2026-09-03T21:49:48.305363+00:00 RECOV[1049212211]: chain ENDED (link 1049330456 exit=manual 3.17)
2026-09-03T21:56:02.874383+00:00 KINO: peak 81767.16 official -> pending BUY on M1 close back above it
2026-09-03T22:03:03.589941+00:00 KINO: dip 81395.05 official -> pending SELL on M1 close back below it
2026-09-03T22:07:04.202767+00:00 KINO: peak 81619.84 official -> pending BUY on M1 close back above it
2026-09-03T22:13:02.414670+00:00 KINO skipped: last page at 0.01 - 0.04 unlocks the next page
2026-09-03T22:23:03.644073+00:00 KINO: dip 81254.38 official -> pending SELL on M1 close back below it
2026-09-03T22:25:58.297833+00:00 OWL starting (TP+recovery manager, trade scribe)
2026-09-03T22:27:15.299346+00:00 KINO 40% LOCK: 1049330205 wall moved to entry
2026-09-03T22:37:13.735948+00:00 KINO: dip 80909.08 official -> pending SELL on M1 close back below it
2026-09-03T22:39:02.088119+00:00 KINO: peak 81218.00 official -> pending BUY on M1 close back above it
2026-09-03T22:44:02.822517+00:00 KINO: peak 81254.54 official -> pending BUY on M1 close back above it
2026-09-03T22:54:09.858290+00:00 KINO: dip 81063.62 official -> pending SELL on M1 close back below it
2026-09-03T22:59:02.238365+00:00 KINO: peak 81216.44 official -> pending BUY on M1 close back above it
2026-09-03T23:11:03.036837+00:00 KINO: peak 81223.73 official -> pending BUY on M1 close back above it
2026-09-03T23:15:04.040593+00:00 KINO: dip 81067.76 official -> pending SELL on M1 close back below it
2026-09-03T23:20:02.901510+00:00 KINO: peak 81279.62 official -> pending BUY on M1 close back above it
2026-09-03T23:31:14.925918+00:00 KINO: peak 81302.58 official -> pending BUY on M1 close back above it
2026-09-03T23:35:03.928917+00:00 KINO: dip 81107.52 official -> pending SELL on M1 close back below it
2026-09-03T23:41:02.834407+00:00 KINO: peak 81341.90 official -> pending BUY on M1 close back above it
2026-09-03T23:46:02.380731+00:00 KINO: dip 81179.86 official -> pending SELL on M1 close back below it
2026-09-03T23:49:02.869289+00:00 KINO: dip 81173.37 official -> pending SELL on M1 close back below it
2026-09-03T23:57:04.271875+00:00 KINO: dip 81232.23 official -> pending SELL on M1 close back below it
2026-09-04T00:00:02.847574+00:00 KINO: peak 81336.57 official -> pending BUY on M1 close back above it
2026-09-04T00:00:45.248076+00:00 D1 FLIP: daily trend is now UP - if a runner leg is riding, this is its harvest signal
2026-09-04T00:10:03.878933+00:00 KINO: dip 81077.22 official -> pending SELL on M1 close back below it
2026-09-04T00:19:03.674465+00:00 KINO: peak 81357.63 official -> pending BUY on M1 close back above it
2026-09-04T00:21:02.052837+00:00 KINO: dip 81135.38 official -> pending SELL on M1 close back below it
2026-09-04T00:26:03.330674+00:00 KINO: peak 81313.23 official -> pending BUY on M1 close back above it
2026-09-04T00:32:04.396030+00:00 KINO: dip 81131.89 official -> pending SELL on M1 close back below it
2026-09-04T00:43:02.801303+00:00 KINO: peak 81434.51 official -> pending BUY on M1 close back above it
2026-09-04T00:48:31.278809+00:00 KINO: peak 81247.75 official -> pending BUY on M1 close back above it
2026-09-04T00:53:04.285976+00:00 KINO: dip 81009.07 official -> pending SELL on M1 close back below it
2026-09-04T00:55:02.866802+00:00 KINO: peak 81151.72 official -> pending BUY on M1 close back above it
2026-09-04T01:01:03.551103+00:00 KINO: dip 80950.94 official -> pending SELL on M1 close back below it
2026-09-04T01:07:03.296295+00:00 KINO: dip 80901.01 official -> pending SELL on M1 close back below it
2026-09-04T01:14:03.605998+00:00 KINO: peak 81102.20 official -> pending BUY on M1 close back above it
2026-09-04T01:16:04.007355+00:00 KINO: dip 80904.89 official -> pending SELL on M1 close back below it
2026-09-04T01:22:04.204963+00:00 KINO: dip 80904.01 official -> pending SELL on M1 close back below it
2026-09-04T01:25:57.115257+00:00 EXIT logged: ticket 1049330205 tp profit 7.04 dur 219.9min
2026-09-04T01:25:57.116946+00:00 KINO: pending up cleared - fresh pullback required after closed trade 1049330205
2026-09-04T01:25:57.117979+00:00 KINO: pending dn cleared - fresh pullback required after closed trade 1049330205
2026-09-04T01:28:03.676019+00:00 KINO: dip 80775.49 official -> pending SELL on M1 close back below it
2026-09-04T01:30:04.226279+00:00 KINO: peak 80908.61 official -> pending BUY on M1 close back above it
2026-09-04T01:37:03.426175+00:00 KINO: dip 80780.83 official -> pending SELL on M1 close back below it
2026-09-04T01:41:04.145430+00:00 KINO: peak 80920.39 official -> pending BUY on M1 close back above it
2026-09-04T01:41:05.429007+00:00 KINO ENTRY: SELL 0.01 @ ~80797.82 SL 80920.39 TP 80705.89 (risk $1.23, prize $0.92, return to dip, calm mkt)
2026-09-04T01:41:07.452083+00:00 ENTRY logged: SELL 0.01 @ 80800.64 ticket 1049383851
2026-09-04T01:47:03.797093+00:00 KINO: dip 80752.49 official -> pending SELL on M1 close back below it
2026-09-04T01:51:03.488103+00:00 EXIT logged: ticket 1049383851 sl profit -1.23 dur 10.0min
2026-09-04T01:51:03.491242+00:00 RECOV[1049383851] armed: SELL 0.01 stopped at 80920.39 -> two doors: M1 close beyond the line = flip, or back beyond 80800.64 = re-enter
2026-09-04T01:51:03.491729+00:00 KINO: pending up cleared - fresh pullback required after closed trade 1049383851
2026-09-04T01:51:03.492310+00:00 KINO: pending dn cleared - fresh pullback required after closed trade 1049383851
2026-09-04T01:53:05.183755+00:00 RECOV[1049383851] ENTRY: BUY 0.02 @ ~80931.30 SL 80760.40 TP 81059.48 (risk $3.42, prize $2.56, calm mkt -> -$0.85 early)
2026-09-04T01:53:07.193775+00:00 ENTRY logged: BUY 0.02 @ 80931.3 ticket 1049387247
2026-09-04T01:53:46.048294+00:00 RECOV[1049383851] 40% LOCK: link 1049387247 wall moved to entry
2026-09-04T01:57:02.864465+00:00 KINO: dip 80937.12 official -> pending SELL on M1 close back below it
2026-09-04T02:00:03.480258+00:00 KINO: peak 81044.07 official -> pending BUY on M1 close back above it
2026-09-04T02:01:11.732608+00:00 EXIT logged: ticket 1049387247 sl profit -0.23 dur 8.1min
2026-09-04T02:01:11.732608+00:00 RECOV[1049383851]: link 1049387247 stopped -> two doors: M1 close beyond 80931.30 = flip, or back beyond 80931.30 = re-enter
2026-09-04T02:02:05.143072+00:00 RECOV[1049383851] ENTRY: SELL 0.03 @ ~80887.00 SL 81044.07 TP 80746.60 (risk $4.71, prize $4.21, strong mkt -> -$0.50 early)
2026-09-04T02:02:05.145228+00:00 KINO skipped: last page at 0.03 - 0.04 unlocks the next page
2026-09-04T02:02:07.161835+00:00 ENTRY logged: SELL 0.03 @ 80887.0 ticket 1049389981
2026-09-04T02:07:04.132807+00:00 KINO: dip 80825.64 official -> pending SELL on M1 close back below it
2026-09-04T02:08:23.042441+00:00 RECOV[1049383851] 40% LOCK: link 1049389981 wall moved to entry
2026-09-04T02:12:03.763491+00:00 KINO: peak 80831.83 official -> pending BUY on M1 close back above it
2026-09-04T02:16:03.617313+00:00 KINO: dip 80778.50 official -> pending SELL on M1 close back below it
2026-09-04T02:16:25.682456+00:00 EXIT logged: ticket 1049389981 sl profit -0.15 dur 14.3min
2026-09-04T02:16:25.683919+00:00 RECOV[1049383851]: link 1049389981 stopped -> two doors: M1 close beyond 80887.00 = flip, or back beyond 80887.00 = re-enter
2026-09-04T02:17:05.160502+00:00 RECOV[1049383851]: wall 80883.24 too close (59.6pts) - waiting (log once)
2026-09-04T02:17:16.231510+00:00 RECOV[1049383851] RE-ENTRY (fake break): SELL 0.04 @ ~80821.44 SL 80883.24 TP 80775.09 (risk $2.47, prize $1.85, calm mkt -> -$0.62 early)
2026-09-04T02:17:18.245973+00:00 ENTRY logged: SELL 0.04 @ 80821.61 ticket 1049393415
2026-09-04T02:18:17.060068+00:00 RECOV[1049383851] RATCHET BANK: link 1049393415 taken at +1.52 (70% of prize)
2026-09-04T02:18:19.077516+00:00 EXIT logged: ticket 1049393415 manual profit 1.52 dur 1.0min
2026-09-04T02:18:19.079524+00:00 RECOV[1049383851]: chain ENDED (link 1049393415 exit=manual 1.52)
2026-09-04T02:19:03.866190+00:00 KINO: peak 80883.24 official -> pending BUY on M1 close back above it
2026-09-04T02:19:04.913367+00:00 KINO ENTRY: SELL 0.01 @ ~80758.58 SL 80883.24 TP 80665.08 (risk $1.25, prize $0.93, return to dip, strong mkt)
2026-09-04T02:19:06.937401+00:00 ENTRY logged: SELL 0.01 @ 80760.19 ticket 1049393750
2026-09-04T02:20:41.846879+00:00 KINO 40% LOCK: 1049393750 wall moved to entry
2026-09-04T02:28:03.274501+00:00 KINO: dip 80688.90 official -> pending SELL on M1 close back below it
2026-09-04T02:30:13.654983+00:00 EXIT logged: ticket 1049393750 sl profit -0.04 dur 11.1min
2026-09-04T02:30:13.656991+00:00 RECOV[1049393750] armed: SELL 0.01 stopped at 80883.24 -> two doors: M1 close beyond the line = flip, or back beyond 80760.19 = re-enter
2026-09-04T02:30:13.661795+00:00 KINO: pending up cleared - fresh pullback required after closed trade 1049393750
2026-09-04T02:30:13.665484+00:00 KINO: pending dn cleared - fresh pullback required after closed trade 1049393750
2026-09-04T02:35:03.292985+00:00 RECOV[1049393750]: wall 80814.76 too close (59.2pts) - waiting (log once)
2026-09-04T02:35:03.296538+00:00 KINO: peak 80814.76 official -> pending BUY on M1 close back above it
2026-09-04T02:35:06.601796+00:00 RECOV[1049393750] RE-ENTRY (fake break): SELL 0.02 @ ~80743.18 SL 80814.76 TP 80689.49 (risk $1.43, prize $1.07, calm mkt -> -$0.36 early)
2026-09-04T02:35:08.622393+00:00 ENTRY logged: SELL 0.02 @ 80743.18000000001 ticket 1049397696
2026-09-04T02:35:41.624116+00:00 RECOV[1049393750] 40% LOCK: link 1049397696 wall moved to entry
2026-09-04T02:36:15.740848+00:00 EXIT logged: ticket 1049397696 tp profit 1.07 dur 1.2min
2026-09-04T02:36:15.747750+00:00 RECOV[1049393750]: chain ENDED (link 1049397696 exit=tp 1.07)
2026-09-04T02:38:04.193987+00:00 KINO: dip 80667.68 official -> pending SELL on M1 close back below it
2026-09-04T02:40:04.769596+00:00 KINO ENTRY: BUY 0.01 @ ~80857.09 SL 80667.68 TP 80999.15 (risk $1.89, prize $1.42, return to peak, strong mkt)
2026-09-04T02:40:06.782451+00:00 ENTRY logged: BUY 0.01 @ 80857.09 ticket 1049398754
2026-09-04T02:45:03.651602+00:00 KINO: peak 80848.63 official -> pending BUY on M1 close back above it
2026-09-04T02:49:39.051871+00:00 EXIT logged: ticket 1049398754 sl profit -1.8900000000000001 dur 9.6min
2026-09-04T02:49:39.053183+00:00 RECOV[1049398754] armed: BUY 0.01 stopped at 80667.68 -> two doors: M1 close beyond the line = flip, or back beyond 80857.09 = re-enter
2026-09-04T02:49:39.053877+00:00 KINO: pending up cleared - fresh pullback required after closed trade 1049398754
2026-09-04T02:49:39.053877+00:00 KINO: pending dn cleared - fresh pullback required after closed trade 1049398754
2026-09-04T02:52:03.044558+00:00 KINO: dip 80654.12 official -> pending SELL on M1 close back below it
2026-09-04T03:01:04.168234+00:00 RECOV[1049398754] RE-ENTRY (fake break): BUY 0.02 @ ~80893.55 SL 80654.12 TP 81107.98 (risk $4.79, prize $4.29, strong mkt -> -$0.50 early)
2026-09-04T03:01:06.182506+00:00 ENTRY logged: BUY 0.02 @ 80900.85 ticket 1049403228
2026-09-04T03:05:02.955503+00:00 KINO: peak 80952.09 official -> pending BUY on M1 close back above it
2026-09-04T03:06:03.172051+00:00 KINO: dip 80867.83 official -> pending SELL on M1 close back below it
2026-09-04T03:06:25.987490+00:00 RECOV[1049398754] 40% LOCK: link 1049403228 wall moved to entry
2026-09-04T03:07:04.139801+00:00 KINO skipped: last page at 0.02 - 0.04 unlocks the next page
2026-09-04T03:09:04.543373+00:00 KINO: peak 81048.29 official -> pending BUY on M1 close back above it
2026-09-04T03:12:00.568122+00:00 EXIT logged: ticket 1049403228 sl profit -0.01 dur 10.9min
2026-09-04T03:12:00.569039+00:00 RECOV[1049398754]: link 1049403228 stopped -> two doors: M1 close beyond 80900.85 = flip, or back beyond 80900.85 = re-enter
2026-09-04T03:13:02.764428+00:00 RECOV[1049398754]: wall 80873.23 too close (59.6pts) - waiting (log once)
2026-09-04T03:13:46.047117+00:00 RECOV[1049398754] RE-ENTRY (fake break): BUY 0.03 @ ~80934.87 SL 80873.23 TP 80981.10 (risk $1.85, prize $1.39, calm mkt -> -$0.46 early)
2026-09-04T03:13:48.357736+00:00 ENTRY logged: BUY 0.03 @ 80934.87 ticket 1049405888
2026-09-04T03:15:02.670415+00:00 KINO: dip 80873.23 official -> pending SELL on M1 close back below it
2026-09-04T03:19:03.521218+00:00 KINO: dip 80883.93 official -> pending SELL on M1 close back below it
2026-09-04T03:25:07.657776+00:00 EXIT logged: ticket 1049405888 sl profit -1.9 dur 11.3min
2026-09-04T03:25:07.657776+00:00 RECOV[1049398754]: link 1049405888 stopped -> two doors: M1 close beyond 80873.23 = flip, or back beyond 80934.87 = re-enter
2026-09-04T03:26:04.980753+00:00 RECOV[1049398754] ENTRY: SELL 0.04 @ ~80832.46 SL 80948.32 TP 80729.10 (risk $4.63, prize $4.13, strong mkt -> -$0.50 early)
2026-09-04T03:26:06.315208+00:00 KINO ENTRY: SELL 0.01 @ ~80834.76 SL 80948.32 TP 80749.59 (risk $1.14, prize $0.85, return to dip, strong mkt)
2026-09-04T03:26:08.330460+00:00 ENTRY logged: SELL 0.04 @ 80834.76 ticket 1049408125
2026-09-04T03:26:08.334532+00:00 ENTRY logged: SELL 0.01 @ 80831.48 ticket 1049408127
2026-09-04T03:26:08.334532+00:00 RECOVERY breakeven: 1049408125@80834.76 -> TP 80832.26
2026-09-04T03:28:04.743164+00:00 KINO: dip 80826.32 official -> pending SELL on M1 close back below it
2026-09-04T03:33:03.718171+00:00 KINO: dip 80807.56 official -> pending SELL on M1 close back below it
2026-09-04T03:35:04.096871+00:00 KINO: peak 80868.45 official -> pending BUY on M1 close back above it
2026-09-04T03:35:04.096871+00:00 KINO skipped: last page at 0.01 - 0.04 unlocks the next page
2026-09-04T03:36:04.257732+00:00 KINO: dip 80784.45 official -> pending SELL on M1 close back below it
2026-09-04T03:44:03.709452+00:00 KINO: dip 80801.80 official -> pending SELL on M1 close back below it
2026-09-04T03:48:06.607631+00:00 EXIT logged: ticket 1049408125 sl profit -4.64 dur 22.0min
2026-09-04T03:48:06.607631+00:00 WEATHER: storm detected (3 straight real losses) - FULL SHELTER, everything goes virtual
2026-09-04T03:48:06.609578+00:00 RECOV[1049398754]: link 1049408125 stopped -> two doors: M1 close beyond 80948.32 = flip, or back beyond 80834.76 = re-enter
2026-09-04T03:48:06.615397+00:00 EXIT logged: ticket 1049408127 sl profit -1.2 dur 22.0min
2026-09-04T03:48:06.617413+00:00 RECOV[1049408127] armed: SELL 0.01 stopped at 80948.32 -> two doors: M1 close beyond the line = flip, or back beyond 80831.48 = re-enter
2026-09-04T03:48:06.618445+00:00 KINO: pending up cleared - fresh pullback required after closed trade 1049408127
2026-09-04T03:48:06.618445+00:00 KINO: pending dn cleared - fresh pullback required after closed trade 1049408127
2026-09-04T03:52:03.419518+00:00 KINO: peak 80971.26 official -> pending BUY on M1 close back above it
2026-09-04T03:54:03.782424+00:00 KINO: dip 80882.58 official -> pending SELL on M1 close back below it
2026-09-04T04:00:03.612756+00:00 KINO skipped: last page at 0.02 - 0.04 unlocks the next page
2026-09-04T04:02:28.612805+00:00 SHADOW chain[1049398754] ENTRY: SELL 0.05 @ 80832.35 (virtual - shelter mode)
2026-09-04T04:02:28.612805+00:00 SHADOW chain[1049408127] ENTRY: SELL 0.02 @ 80832.35 (virtual - shelter mode)
2026-09-04T04:02:28.620758+00:00 SHADOW page ENTRY: SELL 0.01 @ 80832.35 (virtual - shelter mode)
2026-09-04T04:05:03.986035+00:00 KINO: dip 80806.08 official -> pending SELL on M1 close back below it
2026-09-04T04:13:34.497264+00:00 SHADOW chain[page] LOSS -1.12 (streak reset)
2026-09-04T04:16:06.990153+00:00 SHADOW chain[1049398754] LOSS -6.95 (streak reset)
2026-09-04T04:16:06.992559+00:00 SHADOW chain[1049408127] LOSS -2.78 (streak reset)
2026-09-04T04:17:13.186786+00:00 SHADOW page ENTRY: BUY 0.01 @ 81035.92 (virtual - shelter mode)
2026-09-04T04:25:04.625244+00:00 SHADOW chain[page] WIN +1.55 (streak 1)
2026-09-04T04:31:03.355323+00:00 KINO: peak 81292.78 official -> pending BUY on M1 close back above it
2026-09-04T04:42:04.884517+00:00 KINO: dip 81020.76 official -> pending SELL on M1 close back below it
2026-09-04T04:44:03.607944+00:00 KINO: peak 81107.92 official -> pending BUY on M1 close back above it
2026-09-04T04:46:03.913056+00:00 KINO: dip 81011.65 official -> pending SELL on M1 close back below it
2026-09-04T04:49:04.424712+00:00 KINO: peak 81126.09 official -> pending BUY on M1 close back above it
2026-09-04T04:53:04.575677+00:00 KINO: dip 81019.85 official -> pending SELL on M1 close back below it
2026-09-04T04:56:04.093197+00:00 SHADOW page ENTRY: BUY 0.01 @ 81139.54 (virtual - shelter mode)
2026-09-04T04:59:03.993758+00:00 KINO: peak 81141.01 official -> pending BUY on M1 close back above it
2026-09-04T05:00:22.222427+00:00 SHADOW chain[page] LOSS -1.20 (streak reset)
2026-09-04T05:01:04.408099+00:00 SHADOW page ENTRY: SELL 0.01 @ 80993.90 (virtual - shelter mode)
2026-09-04T05:03:03.691773+00:00 KINO: dip 80960.63 official -> pending SELL on M1 close back below it
2026-09-04T05:12:03.748435+00:00 KINO: peak 81075.53 official -> pending BUY on M1 close back above it
2026-09-04T05:17:03.196848+00:00 SHADOW page ENTRY: SELL 0.01 @ 80950.61 (virtual - shelter mode)
2026-09-04T05:18:03.347736+00:00 KINO: dip 80933.97 official -> pending SELL on M1 close back below it
2026-09-04T05:18:27.419430+00:00 SHADOW chain[page] LOSS -1.25 (streak reset)
2026-09-04T05:19:03.520940+00:00 SHADOW page ENTRY: BUY 0.01 @ 81100.83 (virtual - shelter mode)
2026-09-04T05:19:43.634374+00:00 SHADOW chain[page] LOSS -1.47 (streak reset)
2026-09-04T05:21:03.906113+00:00 KINO: peak 81146.32 official -> pending BUY on M1 close back above it
2026-09-04T05:26:04.750458+00:00 KINO: peak 81134.96 official -> pending BUY on M1 close back above it
2026-09-04T05:30:21.776372+00:00 SHADOW chain[page] LOSS -1.67 (streak reset)
2026-09-04T05:31:03.965032+00:00 SHADOW page ENTRY: SELL 0.01 @ 80892.13 (virtual - shelter mode)
2026-09-04T05:36:04.934917+00:00 KINO: peak 81009.08 official -> pending BUY on M1 close back above it
2026-09-04T05:38:03.273118+00:00 KINO: dip 80890.48 official -> pending SELL on M1 close back below it
2026-09-04T05:44:04.544615+00:00 KINO: peak 80976.70 official -> pending BUY on M1 close back above it
2026-09-04T05:45:04.750337+00:00 SHADOW page ENTRY: BUY 0.01 @ 80991.20 (virtual - shelter mode)
2026-09-04T05:45:04.750337+00:00 KINO: dip 80912.96 official -> pending SELL on M1 close back below it
2026-09-04T05:45:20.831575+00:00 SHADOW chain[page] breakeven +0.30 (streak kept)
2026-09-04T05:47:03.186317+00:00 KINO: peak 81060.87 official -> pending BUY on M1 close back above it
2026-09-04T05:49:02.725547+00:00 SHADOW page ENTRY: SELL 0.01 @ 80905.03 (virtual - shelter mode)
2026-09-04T05:53:03.688459+00:00 KINO: dip 80858.15 official -> pending SELL on M1 close back below it
2026-09-04T05:54:03.864500+00:00 KINO: peak 80905.97 official -> pending BUY on M1 close back above it
2026-09-04T05:55:04.049717+00:00 SHADOW page ENTRY: SELL 0.01 @ 80849.67 (virtual - shelter mode)
2026-09-04T05:56:04.251478+00:00 KINO: dip 80847.77 official -> pending SELL on M1 close back below it
2026-09-04T05:56:06.258179+00:00 SHADOW chain[page] LOSS -0.56 (streak reset)
2026-09-04T05:57:04.460600+00:00 SHADOW page ENTRY: BUY 0.01 @ 80962.90 (virtual - shelter mode)
2026-09-04T05:58:10.681029+00:00 SHADOW chain[page] breakeven +0.40 (streak kept)
2026-09-04T06:01:03.271660+00:00 KINO: peak 81035.13 official -> pending BUY on M1 close back above it
2026-09-04T06:06:04.357159+00:00 KINO: peak 80944.54 official -> pending BUY on M1 close back above it
2026-09-04T06:09:05.030075+00:00 SHADOW page ENTRY: BUY 0.01 @ 80982.81 (virtual - shelter mode)
2026-09-04T06:09:05.030998+00:00 KINO: dip 80898.72 official -> pending SELL on M1 close back below it
2026-09-04T06:09:45.163820+00:00 SHADOW chain[page] breakeven +0.30 (streak kept)
2026-09-04T06:10:13.311179+00:00 SHADOW chain[page] LOSS -1.56 (streak reset)
2026-09-04T06:14:04.626797+00:00 KINO: peak 81086.57 official -> pending BUY on M1 close back above it
2026-09-04T06:25:04.632181+00:00 SHADOW page ENTRY: SELL 0.01 @ 80831.13 (virtual - shelter mode)
2026-09-04T06:29:31.762553+00:00 SHADOW chain[page] WIN +1.79 (streak 1)
2026-09-04T06:36:03.871981+00:00 KINO: dip 80643.24 official -> pending SELL on M1 close back below it
2026-09-04T06:36:23.923801+00:00 SHADOW chain[page] WIN +1.80 (streak 2)
2026-09-04T06:36:23.926616+00:00 WEATHER CLEAR: two shadow wins - everything real AUTO-RESUMES (hard floor still guards)
2026-09-04T06:37:05.248822+00:00 KINO ENTRY: SELL 0.01 @ ~80606.14 SL 80722.0 TP 80519.24 (risk $1.16, prize $0.87, return to dip, strong mkt)
2026-09-04T06:37:07.268817+00:00 ENTRY logged: SELL 0.01 @ 80606.14 ticket 1049461154
2026-09-04T06:39:01.640509+00:00 EXIT logged: ticket 1049461154 sl profit -1.16 dur 1.9min
2026-09-04T06:39:01.643160+00:00 RECOV[1049461154] armed: SELL 0.01 stopped at 80722.00 -> two doors: M1 close beyond the line = flip, or back beyond 80606.14 = re-enter
2026-09-04T06:39:01.643531+00:00 KINO: pending up cleared - fresh pullback required after closed trade 1049461154
2026-09-04T06:40:04.971654+00:00 RECOV[1049461154] ENTRY: BUY 0.02 @ ~80741.86 SL 80577.05 TP 80865.47 (risk $3.30, prize $2.47, calm mkt -> -$0.82 early)
2026-09-04T06:40:07.001470+00:00 ENTRY logged: BUY 0.02 @ 80749.51 ticket 1049462728
2026-09-04T06:41:53.961710+00:00 RECOV[1049461154] 40% LOCK: link 1049462728 wall moved to entry
2026-09-04T06:47:04.914027+00:00 KINO: peak 80846.89 official -> pending BUY on M1 close back above it
2026-09-04T06:49:23.445482+00:00 EXIT logged: ticket 1049462728 sl profit -0.14 dur 9.3min
2026-09-04T06:49:23.447490+00:00 RECOV[1049461154]: link 1049462728 stopped -> two doors: M1 close beyond 80749.51 = flip, or back beyond 80749.51 = re-enter
2026-09-04T06:50:04.714551+00:00 RECOV[1049461154] ENTRY: SELL 0.03 @ ~80748.89 SL 80846.89 TP 80675.39 (risk $2.94, prize $2.21, calm mkt -> -$0.73 early)
2026-09-04T06:50:06.751244+00:00 ENTRY logged: SELL 0.03 @ 80752.69 ticket 1049467437
2026-09-04T06:51:35.590027+00:00 RECOV[1049461154] 40% LOCK: link 1049467437 wall moved to entry
2026-09-04T06:53:03.894293+00:00 KINO: dip 80675.64 official -> pending SELL on M1 close back below it
2026-09-04T06:53:15.934232+00:00 EXIT logged: ticket 1049467437 sl profit -0.16 dur 3.2min
2026-09-04T06:53:15.934537+00:00 RECOV[1049461154]: link 1049467437 stopped -> two doors: M1 close beyond 80752.69 = flip, or back beyond 80752.69 = re-enter
2026-09-04T06:54:04.594264+00:00 RECOV[1049461154]: wall 80750.82 too close (0.7pts) - waiting (log once)
2026-09-04T06:55:06.279175+00:00 RECOV[1049461154] ENTRY: BUY 0.04 @ ~80776.19 SL 80675.64 TP 80851.74 (risk $4.02, prize $3.02, calm mkt -> -$1.00 early)
2026-09-04T06:55:08.296036+00:00 ENTRY logged: BUY 0.04 @ 80775.39 ticket 1049468889
2026-09-04T06:57:03.459516+00:00 KINO: peak 80789.32 official -> pending BUY on M1 close back above it
2026-09-04T07:00:29.137816+00:00 RECOV[1049461154] RATCHET LOCK: link 1049468889 wall moved to entry 80775.39 (can no longer lose)
2026-09-04T07:00:51.848560+00:00 RECOV[1049461154] RATCHET BANK: link 1049468889 taken at +2.22 (70% of prize)
2026-09-04T07:00:53.891692+00:00 EXIT logged: ticket 1049468889 manual profit 2.22 dur 5.8min
2026-09-04T07:00:53.895328+00:00 RECOV[1049461154]: chain ENDED (link 1049468889 exit=manual 2.22)
2026-09-04T07:01:05.216828+00:00 KINO ENTRY: BUY 0.01 @ ~80854.05 SL 80724.13 TP 80951.49 (risk $1.30, prize $0.97, return to peak, strong mkt)
2026-09-04T07:01:07.226295+00:00 ENTRY logged: BUY 0.01 @ 80835.92 ticket 1049471715
2026-09-04T07:05:04.758748+00:00 KINO 40% LOCK: 1049471715 wall moved to entry
2026-09-04T07:08:04.060747+00:00 KINO: dip 80839.52 official -> pending SELL on M1 close back below it
2026-09-04T07:16:04.299678+00:00 KINO: peak 80947.90 official -> pending BUY on M1 close back above it
2026-09-04T07:16:26.374049+00:00 EXIT logged: ticket 1049471715 sl profit -0.03 dur 15.3min
2026-09-04T07:16:26.375916+00:00 RECOV[1049471715] armed: BUY 0.01 stopped at 80724.13 -> two doors: M1 close beyond the line = flip, or back beyond 80835.92 = re-enter
2026-09-04T07:16:26.376922+00:00 KINO: pending up cleared - fresh pullback required after closed trade 1049471715
2026-09-04T07:16:26.376922+00:00 KINO: pending dn cleared - fresh pullback required after closed trade 1049471715
2026-09-04T07:17:05.728190+00:00 OWL starting (TP+recovery manager, trade scribe)
2026-09-04T07:17:05.746064+00:00 RECOV[1049471715]: wall 80821.76 too close (47.1pts) - waiting (log once)
2026-09-04T07:17:16.875537+00:00 RECOV[1049471715] RE-ENTRY (fake break): BUY 0.02 @ ~80889.86 SL 80821.76 TP 80940.93 (risk $1.36, prize $1.02, calm mkt -> -$0.34 early)
2026-09-04T07:17:18.901149+00:00 ENTRY logged: BUY 0.02 @ 80889.47 ticket 1049481170
2026-09-04T07:20:03.384261+00:00 KINO: dip 80821.76 official -> pending SELL on M1 close back below it
2026-09-04T07:20:04.045552+00:00 RECOV[1049471715] 40% LOCK: link 1049481170 wall moved to entry
2026-09-04T07:20:10.638915+00:00 RECOV[1049471715] PARTIAL 85%: link 1049481170 banked 0.01 lots, rest rides to TP
2026-09-04T07:20:24.701550+00:00 EXIT logged: ticket 1049481170 tp profit 0.96 dur 3.1min
2026-09-04T07:20:24.702471+00:00 RECOV[1049471715]: chain ENDED (link 1049481170 exit=tp 0.96)
2026-09-04T07:22:03.048791+00:00 KINO: peak 80954.43 official -> pending BUY on M1 close back above it
2026-09-04T07:22:55.915447+00:00 OWL starting (TP+recovery manager, trade scribe)
2026-09-04T07:27:06.465974+00:00 KINO ENTRY: SELL 0.02 @ ~80820.02 SL 80954.43 TP 80719.21 (risk $2.69, prize $2.02, return to dip, calm mkt)
2026-09-04T07:27:08.499264+00:00 ENTRY logged: SELL 0.02 @ 80819.23 ticket 1049484796
2026-09-04T07:28:04.693336+00:00 KINO: dip 80818.76 official -> pending SELL on M1 close back below it
2026-09-04T07:32:03.440532+00:00 KINO: peak 80897.90 official -> pending BUY on M1 close back above it
2026-09-04T07:37:04.434574+00:00 KINO skipped: last page at 0.02 - 0.04 unlocks the next page
2026-09-04T07:37:19.162544+00:00 KINO 40% LOCK: 1049484796 wall moved to entry
2026-09-04T07:45:33.455460+00:00 KINO PARTIAL 85%: 1049484796 banked 0.01 lots, rest rides to TP
2026-09-04T07:46:05.566065+00:00 KINO skipped: last page at 0.01 - 0.04 unlocks the next page
2026-09-04T07:46:51.748066+00:00 EXIT logged: ticket 1049484796 tp profit 1.92 dur 19.8min
2026-09-04T07:46:51.749907+00:00 KINO: pending up cleared - fresh pullback required after closed trade 1049484796
2026-09-04T07:46:51.750525+00:00 KINO: pending dn cleared - fresh pullback required after closed trade 1049484796
2026-09-04T07:49:04.199274+00:00 KINO: dip 80695.12 official -> pending SELL on M1 close back below it
2026-09-04T07:54:05.166364+00:00 KINO: dip 80686.15 official -> pending SELL on M1 close back below it
2026-09-04T07:55:03.319234+00:00 KINO skipped: wall 80733.04 too close (54.3pts)
2026-09-04T07:57:04.851264+00:00 KINO ENTRY: SELL 0.04 @ ~80657.70 SL 80733.04 TP 80601.20 (risk $3.01, prize $2.26, return to dip, calm mkt)
2026-09-04T07:57:06.869670+00:00 ENTRY logged: SELL 0.04 @ 80657.7 ticket 1049507324
2026-09-04T08:01:04.087319+00:00 KINO: dip 80625.89 official -> pending SELL on M1 close back below it
2026-09-04T08:01:38.752491+00:00 KINO 40% LOCK: 1049507324 wall moved to entry
2026-09-04T08:02:04.843010+00:00 KINO skipped: same signal already taken by 1049507324 (one signal = one trade)
2026-09-04T08:02:28.929460+00:00 EXIT logged: ticket 1049507324 sl profit -0.05 dur 5.4min
2026-09-04T08:02:28.929460+00:00 RECOV[1049507324] armed: SELL 0.04 stopped at 80733.04 -> two doors: M1 close beyond the line = flip, or back beyond 80657.70 = re-enter
2026-09-04T08:02:28.931469+00:00 KINO: pending dn cleared - fresh pullback required after closed trade 1049507324
2026-09-04T08:04:05.275094+00:00 RECOV[1049507324] RE-ENTRY (fake break): SELL 0.05 @ ~80624.50 SL 80703.78 TP 80563.50 (risk $3.96, prize $3.05, strong mkt -> -$0.50 early, HEAL target)
2026-09-04T08:04:07.289157+00:00 ENTRY logged: SELL 0.05 @ 80623.06 ticket 1049511591
2026-09-04T08:05:33.597945+00:00 EXIT logged: ticket 1049511591 tp profit 2.9699999999999998 dur 1.5min
2026-09-04T08:05:33.599955+00:00 RECOV[1049507324]: chain ENDED (link 1049511591 exit=tp 2.9699999999999998)
2026-09-04T08:06:03.699497+00:00 KINO: dip 80478.69 official -> pending SELL on M1 close back below it
2026-09-04T08:11:49.717072+00:00 OWL starting (TP+recovery manager, trade scribe)
2026-09-04T08:31:01.545586+00:00 OWL starting (TP+recovery manager, trade scribe)
2026-09-04T08:34:04.044728+00:00 KINO: dip 80935.94 official -> pending SELL on M1 close back below it
2026-09-04T08:37:04.603976+00:00 KINO: peak 81139.92 official -> pending BUY on M1 close back above it
2026-09-04T08:40:11.624421+00:00 OWL starting (TP+recovery manager, trade scribe)
2026-09-04T08:42:04.089226+00:00 KINO: dip 81008.32 official -> pending SELL on M1 close back below it
2026-09-04T08:46:02.322994+00:00 KINO: dip 80999.38 official -> pending SELL on M1 close back below it
2026-09-04T08:55:02.320199+00:00 KINO skipped: wall 234pts too far (max 225)
2026-09-04T08:56:00.513536+00:00 KINO: peak 81225.92 official -> pending BUY on M1 close back above it
2026-09-04T09:00:42.622938+00:00 OWL starting (TP+recovery manager, trade scribe)
2026-09-04T09:01:02.339374+00:00 KINO: dip 81091.27 official -> pending SELL on M1 close back below it
2026-09-04T09:01:50.130967+00:00 OWL starting (TP+recovery manager, trade scribe)
2026-09-04T09:11:03.439749+00:00 KINO ENTRY: SELL 0.01 @ ~81072.72 SL 81224.12 TP 80959.17 (risk $1.51, prize $1.14, return to dip, calm mkt)
2026-09-04T09:11:05.448666+00:00 ENTRY logged: SELL 0.01 @ 81081.98 ticket 1049550384
2026-09-04T09:12:01.717780+00:00 KINO: dip 81063.15 official -> pending SELL on M1 close back below it
2026-09-04T09:16:02.494500+00:00 KINO: dip 81055.48 official -> pending SELL on M1 close back below it
2026-09-04T09:16:38.582310+00:00 EXIT logged: ticket 1049550384 sl profit -1.47 dur 5.6min
2026-09-04T09:16:38.587925+00:00 RECOV[1049550384] armed: SELL 0.01 stopped at 81224.12 -> two doors: M1 close beyond the line = flip, or back beyond 81081.98 = re-enter
2026-09-04T09:16:38.587925+00:00 KINO: pending up cleared - fresh pullback required after closed trade 1049550384
2026-09-04T09:16:38.587925+00:00 KINO: pending dn cleared - fresh pullback required after closed trade 1049550384
2026-09-04T09:17:03.936247+00:00 RECOV[1049550384] ENTRY: BUY 0.02 @ ~81261.15 SL 81055.48 TP 81441.82 (risk $4.11, prize $3.61, strong mkt -> -$0.50 early)
2026-09-04T09:17:05.969079+00:00 ENTRY logged: BUY 0.02 @ 81261.15000000001 ticket 1049555729
2026-09-04T09:20:00.800126+00:00 KINO: peak 81303.25 official -> pending BUY on M1 close back above it
2026-09-04T09:20:49.446756+00:00 EXIT logged: ticket 1049555729 sl profit -4.11 dur 3.7min
2026-09-04T09:20:49.447160+00:00 RECOV[1049550384]: link 1049555729 stopped -> two doors: M1 close beyond 81055.48 = flip, or back beyond 81261.15 = re-enter
2026-09-04T09:22:02.828526+00:00 RECOV[1049550384] ENTRY: SELL 0.03 @ ~80993.46 SL 81303.25 TP 80717.00 (risk $9.29, prize $8.29, calm mkt -> -$1.00 early)
2026-09-04T09:22:04.840122+00:00 ENTRY logged: SELL 0.03 @ 80995.11 ticket 1049560090
2026-09-04T09:28:01.999582+00:00 KINO: dip 80912.04 official -> pending SELL on M1 close back below it
2026-09-04T09:37:03.040902+00:00 KINO: dip 81005.79 official -> pending SELL on M1 close back below it
2026-09-04T09:43:01.936266+00:00 KINO: peak 81209.27 official -> pending BUY on M1 close back above it
2026-09-04T09:46:03.069560+00:00 KINO: dip 81126.27 official -> pending SELL on M1 close back below it
2026-09-04T09:48:01.653214+00:00 KINO skipped: last page at 0.03 - 0.04 unlocks the next page
2026-09-04T09:55:01.705899+00:00 KINO: dip 81005.36 official -> pending SELL on M1 close back below it
2026-09-04T09:58:02.452111+00:00 KINO: peak 81175.00 official -> pending BUY on M1 close back above it
2026-09-04T10:03:02.008673+00:00 KINO: dip 80950.61 official -> pending SELL on M1 close back below it
2026-09-04T10:06:00.858280+00:00 KINO: peak 81115.30 official -> pending BUY on M1 close back above it
2026-09-04T10:12:01.018429+00:00 KINO: dip 80866.86 official -> pending SELL on M1 close back below it
2026-09-04T10:14:01.577008+00:00 KINO: peak 81001.68 official -> pending BUY on M1 close back above it
2026-09-04T10:16:00.717406+00:00 RECOV[1049550384] 40% LOCK: link 1049560090 wall moved to entry
2026-09-04T10:32:13.078471+00:00 EXIT logged: ticket 1049560090 sl profit 0.0 dur 70.2min
2026-09-04T10:32:13.079957+00:00 RECOV[1049550384]: link 1049560090 stopped -> two doors: M1 close beyond 80995.11 = flip, or back beyond 80995.11 = re-enter
2026-09-04T10:33:02.368676+00:00 RECOV[1049550384] ENTRY: BUY 0.04 @ ~81017.85 SL 80811.97 TP 81198.73 (risk $8.24, prize $7.24, calm mkt -> -$1.00 early)
2026-09-04T10:33:04.399377+00:00 ENTRY logged: BUY 0.04 @ 81026.37 ticket 1049594229
2026-09-04T10:37:02.359316+00:00 KINO skipped: same wall as open fighter 1049594229 (SL 80811.97)
2026-09-04T10:37:02.361026+00:00 KINO: dip 80946.75 official -> pending SELL on M1 close back below it
2026-09-04T10:40:14.136864+00:00 RECOV[1049550384] RATCHET LOCK: link 1049594229 wall moved to entry 81026.37 (can no longer lose)
2026-09-04T10:41:02.455784+00:00 KINO: peak 81109.81 official -> pending BUY on M1 close back above it
2026-09-04T10:41:06.473014+00:00 EXIT logged: ticket 1049594229 sl profit -0.07 dur 8.1min
2026-09-04T10:41:06.475022+00:00 RECOV[1049550384]: link 1049594229 stopped -> two doors: M1 close beyond 81026.37 = flip, or back beyond 81026.37 = re-enter
2026-09-04T10:42:01.346313+00:00 RECOV[1049550384]: wall 81024.46 too close (38.9pts) - waiting (log once)
2026-09-04T10:43:02.702579+00:00 RECOV[1049550384] ENTRY: SELL 0.05 @ ~81036.78 SL 81109.81 TP 80982.01 (risk $3.65, prize $2.74, calm mkt -> -$0.91 early)
2026-09-04T10:43:04.731554+00:00 ENTRY logged: SELL 0.05 @ 81042.96 ticket 1049598901
2026-09-04T10:46:01.447470+00:00 KINO: peak 81068.22 official -> pending BUY on M1 close back above it
2026-09-04T10:47:02.877745+00:00 KINO ENTRY: BUY 0.01 @ ~81085.55 SL 81022.95 TP 81132.50 (risk $0.63, prize $0.47, return to peak, calm mkt)
2026-09-04T10:47:04.899983+00:00 ENTRY logged: BUY 0.01 @ 81086.11 ticket 1049600432
2026-09-04T10:48:27.281578+00:00 EXIT logged: ticket 1049598901 sl profit -3.34 dur 5.4min
2026-09-04T10:48:27.281578+00:00 WEATHER: storm detected (3 straight real losses) - FULL SHELTER, everything goes virtual
2026-09-04T10:48:27.283588+00:00 RECOV[1049550384]: link 1049598901 stopped -> two doors: M1 close beyond 81109.81 = flip, or back beyond 81042.96 = re-enter
2026-09-04T10:48:29.903470+00:00 KINO 40% LOCK: 1049600432 wall moved to entry
2026-09-04T10:48:56.023497+00:00 EXIT logged: ticket 1049600432 sl profit -0.01 dur 1.9min
2026-09-04T10:48:56.026697+00:00 RECOV[1049600432] armed: BUY 0.01 stopped at 81022.95 -> two doors: M1 close beyond the line = flip, or back beyond 81086.11 = re-enter
2026-09-04T10:48:56.026697+00:00 KINO: pending dn cleared - fresh pullback required after closed trade 1049600432
2026-09-04T10:51:00.721946+00:00 SHADOW chain[1049550384] ENTRY: SELL 0.06 @ 81028.68 (virtual - shelter mode)
2026-09-04T10:52:00.985055+00:00 SHADOW chain[1049600432] ENTRY: SELL 0.02 @ 81023.30 (virtual - shelter mode)
2026-09-04T10:54:46.556927+00:00 SHADOW chain[1049550384] LOSS -4.95 (streak reset)
2026-09-04T10:54:46.559298+00:00 SHADOW chain[1049600432] LOSS -1.76 (streak reset)
2026-09-04T10:55:02.634857+00:00 KINO: dip 81001.30 official -> pending SELL on M1 close back below it
2026-09-04T11:01:02.191699+00:00 KINO: peak 81190.79 official -> pending BUY on M1 close back above it
2026-09-04T11:05:01.515632+00:00 KINO: dip 81059.69 official -> pending SELL on M1 close back below it
2026-09-04T11:14:01.378957+00:00 SHADOW page ENTRY: BUY 0.01 @ 81221.65 (virtual - shelter mode)
2026-09-04T11:18:02.416464+00:00 KINO: peak 81227.09 official -> pending BUY on M1 close back above it
2026-09-04T11:20:01.155613+00:00 KINO: dip 81108.71 official -> pending SELL on M1 close back below it
2026-09-04T11:21:01.407787+00:00 SHADOW page ENTRY: BUY 0.01 @ 81204.30 (virtual - shelter mode)
2026-09-04T11:21:59.662100+00:00 SHADOW chain[page] breakeven +0.30 (streak kept)
2026-09-04T11:27:49.898646+00:00 SHADOW chain[page] WIN +0.87 (streak 1)
2026-09-04T11:30:02.215483+00:00 KINO: peak 81400.78 official -> pending BUY on M1 close back above it
2026-09-04T11:48:01.827399+00:00 KINO: dip 81182.95 official -> pending SELL on M1 close back below it
2026-09-04T11:57:02.199560+00:00 KINO: peak 81348.45 official -> pending BUY on M1 close back above it
2026-09-04T12:00:03.028402+00:00 CLOCKS ALIGNED: H4 and D1 both say UP - next BUY scalp is the runner candidate (2x0.01)
2026-09-04T12:00:03.031304+00:00 PAPER RUNNER opened: BUY 2x0.01 @ 81233.54 (virtual, no real money)
2026-09-04T12:02:01.686652+00:00 SHADOW page ENTRY: SELL 0.01 @ 81146.34 (virtual - shelter mode)
2026-09-04T12:07:02.685432+00:00 KINO: peak 81239.66 official -> pending BUY on M1 close back above it
2026-09-04T12:09:01.158773+00:00 KINO: dip 81119.99 official -> pending SELL on M1 close back below it
2026-09-04T12:14:00.732427+00:00 KINO: dip 81129.72 official -> pending SELL on M1 close back below it
2026-09-04T12:15:03.052456+00:00 SHADOW page ENTRY: BUY 0.01 @ 81239.79 (virtual - shelter mode)
2026-09-04T12:15:03.058686+00:00 SHADOW ENTRY: recipe fired -> would BUY @ ~81243.22 (setup 81239.11)
2026-09-04T12:16:03.341390+00:00 KINO: peak 81263.28 official -> pending BUY on M1 close back above it
2026-09-04T12:16:45.505889+00:00 SHADOW chain[page] LOSS -1.20 (streak reset)
2026-09-04T12:20:02.508738+00:00 KINO: dip 81108.53 official -> pending SELL on M1 close back below it
2026-09-04T12:28:02.816685+00:00 SHADOW page ENTRY: BUY 0.01 @ 81260.58 (virtual - shelter mode)
2026-09-04T12:29:47.284479+00:00 SHADOW chain[page] LOSS -2.02 (streak reset)
2026-09-04T12:29:47.287664+00:00 SHADOW chain[page] WIN +0.77 (streak 1)
2026-09-04T12:31:01.780904+00:00 KINO: peak 81357.81 official -> pending BUY on M1 close back above it
2026-09-04T12:31:01.784593+00:00 KINO skipped: wall 1118pts would risk $11.18 > $2.50 max
2026-09-04T12:32:02.195171+00:00 KINO skipped: wall 1376pts would risk $13.76 > $2.50 max
2026-09-04T12:33:00.597428+00:00 KINO skipped: wall 1475pts would risk $14.75 > $2.50 max
2026-09-04T12:34:01.013536+00:00 KINO skipped: wall 1503pts would risk $15.03 > $2.50 max
2026-09-04T12:35:01.345796+00:00 KINO skipped: wall 1521pts would risk $15.21 > $2.50 max
2026-09-04T12:36:04.177423+00:00 KINO skipped: wall 1516pts would risk $15.16 > $2.50 max
2026-09-04T12:37:01.287259+00:00 KINO skipped: wall 1706pts would risk $17.06 > $2.50 max
2026-09-04T12:38:25.958150+00:00 KINO skipped: wall 1681pts would risk $16.81 > $2.50 max
2026-09-04T12:39:01.097120+00:00 KINO: dip 79400.98 official -> pending SELL on M1 close back below it
2026-09-04T12:44:02.103121+00:00 KINO: peak 80112.49 official -> pending BUY on M1 close back above it
2026-09-04T12:46:00.953826+00:00 KINO skipped: wall 741pts would risk $7.41 > $2.50 max
2026-09-04T12:47:01.266620+00:00 KINO skipped: wall 906pts would risk $9.06 > $2.50 max
2026-09-04T12:48:01.633220+00:00 KINO skipped: wall 722pts would risk $7.22 > $2.50 max
2026-09-04T12:50:02.523521+00:00 KINO: dip 79150.83 official -> pending SELL on M1 close back below it
2026-09-04T12:56:02.922056+00:00 KINO: peak 79665.06 official -> pending BUY on M1 close back above it
2026-09-04T13:01:02.998457+00:00 KINO: peak 79533.81 official -> pending BUY on M1 close back above it
2026-09-04T13:02:01.529568+00:00 KINO: dip 79304.31 official -> pending SELL on M1 close back below it
2026-09-04T13:03:02.057078+00:00 SHADOW page ENTRY: BUY 0.01 @ 79552.74 (virtual - shelter mode)
2026-09-04T13:05:13.092403+00:00 SHADOW chain[page] LOSS -1.88 (streak reset)
2026-09-04T13:08:02.239576+00:00 KINO skipped: wall 360pts would risk $3.60 > $2.50 max
2026-09-04T13:09:02.605758+00:00 KINO: dip 79178.11 official -> pending SELL on M1 close back below it
2026-09-04T13:12:01.681914+00:00 KINO: dip 79219.84 official -> pending SELL on M1 close back below it
2026-09-04T13:17:01.479873+00:00 KINO: dip 79193.83 official -> pending SELL on M1 close back below it
2026-09-04T13:22:01.150730+00:00 SHADOW ENTRY: recipe fired -> would BUY @ ~79433.46 (setup 79408.88)
2026-09-04T13:28:02.289115+00:00 KINO: peak 79495.94 official -> pending BUY on M1 close back above it
2026-09-04T13:31:01.280333+00:00 KINO: dip 79267.82 official -> pending SELL on M1 close back below it
2026-09-04T13:35:02.355559+00:00 KINO skipped: wall 312pts would risk $3.12 > $2.50 max
2026-09-04T13:36:02.232637+00:00 KINO skipped: wall 459pts would risk $4.59 > $2.50 max
2026-09-04T13:37:02.675438+00:00 KINO skipped: wall 561pts would risk $5.61 > $2.50 max
2026-09-04T13:38:03.190464+00:00 KINO: dip 78967.83 official -> pending SELL on M1 close back below it
2026-09-04T13:47:01.269945+00:00 KINO skipped: wall 634pts would risk $6.34 > $2.50 max
2026-09-04T13:48:01.717592+00:00 KINO skipped: wall 723pts would risk $7.23 > $2.50 max
2026-09-04T13:49:02.140168+00:00 KINO skipped: wall 697pts would risk $6.97 > $2.50 max
2026-09-04T13:50:02.491800+00:00 KINO skipped: wall 699pts would risk $6.99 > $2.50 max
2026-09-04T13:51:02.909640+00:00 KINO: peak 79694.00 official -> pending BUY on M1 close back above it
2026-09-04T13:54:59.194748+00:00 OWL starting (TP+recovery manager, trade scribe)
2026-09-04T13:58:02.815393+00:00 KINO: dip 79217.06 official -> pending SELL on M1 close back below it
2026-09-04T14:08:02.033559+00:00 KINO: peak 79567.63 official -> pending BUY on M1 close back above it
2026-09-04T14:12:01.477769+00:00 KINO: dip 79232.61 official -> pending SELL on M1 close back below it
2026-09-04T14:20:30.721646+00:00 KINO skipped: wall 417pts would risk $4.17 > $2.50 max
2026-09-04T14:21:01.573619+00:00 KINO skipped: wall 375pts would risk $3.75 > $2.50 max
2026-09-04T14:22:02.118389+00:00 KINO: dip 79071.90 official -> pending SELL on M1 close back below it
2026-09-04T14:27:02.575075+00:00 KINO: peak 79404.14 official -> pending BUY on M1 close back above it
2026-09-04T14:28:03.000017+00:00 SHADOW ENTRY: recipe fired -> would BUY @ ~79362.34 (setup 79315.05)
2026-09-04T14:36:01.806555+00:00 SHADOW page ENTRY: BUY 0.01 @ 79412.43 (virtual - shelter mode)
2026-09-04T14:37:02.134194+00:00 KINO: peak 79463.31 official -> pending BUY on M1 close back above it
2026-09-04T14:37:06.149225+00:00 SHADOW chain[page] LOSS -1.34 (streak reset)
2026-09-04T14:40:01.762584+00:00 KINO: dip 79230.60 official -> pending SELL on M1 close back below it
2026-09-04T14:41:02.268598+00:00 KINO: peak 79318.84 official -> pending BUY on M1 close back above it
2026-09-04T14:41:02.274451+00:00 SHADOW page ENTRY: SELL 0.01 @ 79171.25 (virtual - shelter mode)
2026-09-04T14:43:39.277842+00:00 SHADOW chain[page] WIN +0.73 (streak 1)
2026-09-04T14:48:01.068015+00:00 KINO: peak 79136.53 official -> pending BUY on M1 close back above it
2026-09-04T14:51:02.281952+00:00 KINO: dip 78632.60 official -> pending SELL on M1 close back below it
2026-09-04T14:55:01.104706+00:00 KINO: peak 78899.75 official -> pending BUY on M1 close back above it
2026-09-04T14:56:02.140852+00:00 SHADOW page ENTRY: BUY 0.01 @ 78938.84 (virtual - shelter mode)
2026-09-04T14:56:02.144379+00:00 KINO: dip 78755.32 official -> pending SELL on M1 close back below it
2026-09-04T15:04:13.820588+00:00 KINO: dip 78766.11 official -> pending SELL on M1 close back below it
2026-09-04T15:07:29.118672+00:00 SHADOW chain[page] WIN +1.09 (streak 2)
2026-09-04T15:07:29.120686+00:00 WEATHER CLEAR: two shadow wins - everything real AUTO-RESUMES (hard floor still guards)
2026-09-04T15:15:01.844611+00:00 KINO: dip 79076.35 official -> pending SELL on M1 close back below it
2026-09-04T15:15:01.848377+00:00 SHADOW ENTRY: recipe fired -> would BUY @ ~79203.10 (setup 79198.47)
2026-09-04T15:24:02.171711+00:00 KINO: peak 79297.71 official -> pending BUY on M1 close back above it
2026-09-04T15:25:03.829946+00:00 KINO ENTRY: BUY 0.01 @ ~79315.66 SL 79202.02 TP 79400.89 (risk $1.14, prize $0.85, return to peak, strong mkt)
2026-09-04T15:25:03.831514+00:00 KINO: dip 79202.02 official -> pending SELL on M1 close back below it
2026-09-04T15:25:05.945703+00:00 ENTRY logged: BUY 0.01 @ 79312.63 ticket 1049970582
2026-09-04T15:25:37.265492+00:00 KINO 40% LOCK: 1049970582 wall moved to entry
2026-09-04T15:25:41.297254+00:00 EXIT logged: ticket 1049970582 sl profit 0.17 dur 0.6min
2026-09-04T15:25:41.313127+00:00 RECOV[1049970582] armed: BUY 0.01 stopped at 79202.02 -> two doors: M1 close beyond the line = flip, or back beyond 79312.63 = re-enter
2026-09-04T15:25:41.316626+00:00 KINO: pending dn cleared - fresh pullback required after closed trade 1049970582
2026-09-04T15:26:02.863995+00:00 RECOV[1049970582] RE-ENTRY (fake break): BUY 0.02 @ ~79344.96 SL 79204.22 TP 79450.52 (risk $2.81, prize $2.11, calm mkt -> -$0.70 early)
2026-09-04T15:26:04.885381+00:00 ENTRY logged: BUY 0.02 @ 79344.96 ticket 1049971276
2026-09-04T15:26:38.225325+00:00 RECOV[1049970582] 40% LOCK: link 1049971276 wall moved to entry
2026-09-04T15:26:46.309368+00:00 EXIT logged: ticket 1049971276 sl profit 0.3 dur 0.7min
2026-09-04T15:26:46.311094+00:00 RECOV[1049970582]: link 1049971276 stopped -> two doors: M1 close beyond 79359.96 = flip, or back beyond 79344.96 = re-enter
2026-09-04T15:28:06.560831+00:00 RECOV[1049970582] RE-ENTRY (fake break): BUY 0.03 @ ~79372.48 SL 79302.63 TP 79424.87 (risk $2.10, prize $1.57, calm mkt -> -$0.52 early)
2026-09-04T15:28:08.641929+00:00 ENTRY logged: BUY 0.03 @ 79372.25 ticket 1049972396
2026-09-04T15:28:45.860652+00:00 RECOV[1049970582] 40% LOCK: link 1049972396 wall moved to entry
2026-09-04T15:28:50.571624+00:00 RECOV[1049970582] PARTIAL 85%: link 1049972396 banked 0.01 lots, rest rides to TP
2026-09-04T15:28:54.593079+00:00 EXIT logged: ticket 1049972396 tp profit 1.54 dur 0.9min
2026-09-04T15:28:54.594602+00:00 RECOV[1049970582]: chain ENDED (link 1049972396 exit=tp 1.54)
2026-09-04T15:33:01.590328+00:00 KINO: dip 79345.35 official -> pending SELL on M1 close back below it
2026-09-04T15:35:02.284070+00:00 KINO: peak 79443.22 official -> pending BUY on M1 close back above it
2026-09-04T15:38:04.384340+00:00 KINO ENTRY: BUY 0.01 @ ~79506.08 SL 79352.17 TP 79621.51 (risk $1.54, prize $1.15, return to peak, calm mkt)
2026-09-04T15:38:06.408229+00:00 ENTRY logged: BUY 0.01 @ 79506.08 ticket 1049977355
2026-09-04T15:45:33.791185+00:00 KINO 40% LOCK: 1049977355 wall moved to entry
2026-09-04T15:46:26.026869+00:00 EXIT logged: ticket 1049977355 sl profit 0.17 dur 8.3min
2026-09-04T15:46:26.029144+00:00 RECOV[1049977355] armed: BUY 0.01 stopped at 79352.17 -> two doors: M1 close beyond the line = flip, or back beyond 79506.08 = re-enter
2026-09-04T15:46:26.030625+00:00 KINO: pending dn cleared - fresh pullback required after closed trade 1049977355
2026-09-04T15:47:02.268020+00:00 RECOV[1049977355]: wall 79480.86 too close (36.3pts) - waiting (log once)
2026-09-04T15:48:02.562194+00:00 KINO: peak 79562.81 official -> pending BUY on M1 close back above it
2026-09-04T15:49:04.266710+00:00 RECOV[1049977355] RE-ENTRY (fake break): BUY 0.02 @ ~79529.25 SL 79432.99 TP 79601.44 (risk $1.93, prize $1.44, calm mkt -> -$0.48 early)
2026-09-04T15:49:04.277573+00:00 KINO: dip 79432.99 official -> pending SELL on M1 close back below it
2026-09-04T15:49:06.312124+00:00 ENTRY logged: BUY 0.02 @ 79529.37 ticket 1049982166
2026-09-04T15:49:22.445605+00:00 EXIT logged: ticket 1049982166 sl profit -2.1 dur 0.3min
2026-09-04T15:49:22.446908+00:00 RECOV[1049977355]: link 1049982166 stopped -> two doors: M1 close beyond 79432.99 = flip, or back beyond 79529.37 = re-enter
2026-09-04T15:50:03.736724+00:00 RECOV[1049977355] ENTRY: SELL 0.03 @ ~79398.77 SL 79519.37 TP 79294.84 (risk $3.62, prize $3.12, strong mkt -> -$0.50 early)
2026-09-04T15:50:03.740574+00:00 KINO skipped: last page at 0.03 - 0.04 unlocks the next page
2026-09-04T15:50:05.757866+00:00 ENTRY logged: SELL 0.03 @ 79398.77 ticket 1049982582
2026-09-04T15:54:03.008133+00:00 KINO: peak 79504.60 official -> pending BUY on M1 close back above it
2026-09-04T15:57:01.970894+00:00 KINO: peak 79493.39 official -> pending BUY on M1 close back above it
2026-09-04T16:00:39.251563+00:00 CLOCKS DIVERGED: H4 and D1 disagree again - no new runner candidates
2026-09-04T16:00:39.260013+00:00 PAPER RUNNER broke pre-TP: -36.83 (virtual). Ledger: -33.05 over 11 attempts
2026-09-04T16:08:21.476834+00:00 EXIT logged: ticket 1049982582 sl profit -3.73 dur 18.3min
2026-09-04T16:08:21.478841+00:00 RECOV[1049977355]: link 1049982582 stopped -> two doors: M1 close beyond 79519.37 = flip, or back beyond 79398.77 = re-enter
2026-09-04T16:14:04.044155+00:00 KINO ENTRY: BUY 0.01 @ ~79521.91 SL 79366.56 TP 79638.42 (risk $1.55, prize $1.17, return to peak, calm mkt)
2026-09-04T16:14:04.044155+00:00 KINO: dip 79441.87 official -> pending SELL on M1 close back below it
2026-09-04T16:14:06.060778+00:00 ENTRY logged: BUY 0.01 @ 79508.21 ticket 1049992153
2026-09-04T16:22:02.482981+00:00 KINO: dip 79462.48 official -> pending SELL on M1 close back below it
2026-09-04T16:23:02.806934+00:00 KINO: peak 79525.40 official -> pending BUY on M1 close back above it
2026-09-04T16:28:01.865791+00:00 RECOV[1049977355] held: same signal already taken by another page (one signal = one trade); door stays armed
2026-09-04T16:28:01.868561+00:00 KINO skipped: last page at 0.01 - 0.04 unlocks the next page
2026-09-04T16:30:45.184306+00:00 KINO 40% LOCK: 1049992153 wall moved to entry
2026-09-04T16:32:26.909008+00:00 RECOV[1049977355] ENTRY: BUY 0.04 @ ~79613.10 SL 79366.56 TP 79834.64 (risk $9.86, prize $8.86, calm mkt -> -$1.00 early)
2026-09-04T16:32:28.922036+00:00 ENTRY logged: BUY 0.04 @ 79625.1 ticket 1049999603
2026-09-04T16:32:42.975053+00:00 EXIT logged: ticket 1049992153 tp profit 1.3 dur 18.6min
2026-09-04T16:32:42.976640+00:00 KINO: pending up cleared - fresh pullback required after closed trade 1049992153
2026-09-04T16:32:42.976640+00:00 KINO: pending dn cleared - fresh pullback required after closed trade 1049992153
2026-09-04T16:33:18.048948+00:00 RECOV[1049977355] RATCHET LOCK: link 1049999603 wall moved to entry 79637.6 (can no longer lose)
2026-09-04T16:33:36.612282+00:00 RECOV[1049977355] RATCHET BANK: link 1049999603 taken at +5.91 (70% of prize)
2026-09-04T16:33:38.636362+00:00 EXIT logged: ticket 1049999603 manual profit 5.93 dur 1.2min
2026-09-04T16:33:38.638025+00:00 RECOV[1049977355]: chain ENDED (link 1049999603 exit=manual 5.93)
2026-09-04T16:42:02.673428+00:00 KINO: dip 79682.22 official -> pending SELL on M1 close back below it
2026-09-04T16:47:03.923511+00:00 KINO: peak 79877.09 official -> pending BUY on M1 close back above it
2026-09-04T16:52:03.193076+00:00 KINO: dip 79737.92 official -> pending SELL on M1 close back below it
2026-09-04T16:54:03.752305+00:00 KINO: peak 79881.37 official -> pending BUY on M1 close back above it
2026-09-04T16:56:38.491807+00:00 KINO: dip 79715.12 official -> pending SELL on M1 close back below it
2026-09-04T17:02:03.815296+00:00 KINO ENTRY: SELL 0.01 @ ~79686.69 SL 79816.63 TP 79589.24 (risk $1.30, prize $0.97, return to dip, calm mkt)
2026-09-04T17:02:05.837788+00:00 ENTRY logged: SELL 0.01 @ 79686.28 ticket 1050009057
2026-09-04T17:11:02.199350+00:00 KINO: peak 79725.11 official -> pending BUY on M1 close back above it
2026-09-04T17:12:02.464196+00:00 KINO: dip 79646.79 official -> pending SELL on M1 close back below it
2026-09-04T17:14:39.163277+00:00 KINO 40% LOCK: 1050009057 wall moved to entry
2026-09-04T17:15:02.128753+00:00 KINO skipped: last page at 0.01 - 0.04 unlocks the next page
2026-09-04T17:15:35.793164+00:00 EXIT logged: ticket 1050009057 tp profit 0.97 dur 13.1min
2026-09-04T17:15:35.814928+00:00 KINO: pending up cleared - fresh pullback required after closed trade 1050009057
2026-09-04T17:15:35.817566+00:00 KINO: pending dn cleared - fresh pullback required after closed trade 1050009057
2026-09-04T17:18:03.423336+00:00 KINO: dip 79499.53 official -> pending SELL on M1 close back below it
2026-09-04T17:24:01.739489+00:00 KINO: peak 79656.40 official -> pending BUY on M1 close back above it
2026-09-04T17:31:01.555255+00:00 KINO: dip 79505.48 official -> pending SELL on M1 close back below it
2026-09-04T17:34:05.188904+00:00 KINO ENTRY: SELL 0.01 @ ~79503.09 SL 79575.48 TP 79448.80 (risk $0.72, prize $0.54, return to dip, calm mkt)
2026-09-04T17:34:07.385166+00:00 ENTRY logged: SELL 0.01 @ 79506.66 ticket 1050022573
2026-09-04T17:36:20.018344+00:00 KINO 40% LOCK: 1050022573 wall moved to entry
2026-09-04T17:36:52.154759+00:00 EXIT logged: ticket 1050022573 sl profit 0.12 dur 2.8min
2026-09-04T17:36:52.156462+00:00 RECOV[1050022573] armed: SELL 0.01 stopped at 79575.48 -> two doors: M1 close beyond the line = flip, or back beyond 79506.66 = re-enter
2026-09-04T17:36:52.157548+00:00 KINO: pending up cleared - fresh pullback required after closed trade 1050022573
2026-09-04T17:37:02.248150+00:00 RECOV[1050022573]: wall 79520.77 too close (45.7pts) - waiting (log once)
2026-09-04T17:37:39.714415+00:00 RECOV[1050022573] RE-ENTRY (fake break): SELL 0.02 @ ~79459.77 SL 79520.77 TP 79414.02 (risk $1.22, prize $0.92, calm mkt -> -$0.30 early)
2026-09-04T17:37:41.736620+00:00 ENTRY logged: SELL 0.02 @ 79459.75 ticket 1050024183
2026-09-04T17:38:01.842712+00:00 KINO: dip 79459.18 official -> pending SELL on M1 close back below it
2026-09-04T17:38:09.880157+00:00 EXIT logged: ticket 1050024183 sl profit -1.33 dur 0.5min
2026-09-04T17:38:09.880157+00:00 RECOV[1050022573]: link 1050024183 stopped -> two doors: M1 close beyond 79520.77 = flip, or back beyond 79459.75 = re-enter
2026-09-04T17:39:03.246329+00:00 RECOV[1050022573] ENTRY: BUY 0.03 @ ~79584.27 SL 79459.20 TP 79692.67 (risk $3.75, prize $3.25, strong mkt -> -$0.50 early)
2026-09-04T17:39:05.269827+00:00 ENTRY logged: BUY 0.03 @ 79584.28 ticket 1050024796
2026-09-04T17:42:52.334574+00:00 EXIT logged: ticket 1050024796 sl profit -3.8 dur 3.8min
2026-09-04T17:42:52.337775+00:00 RECOV[1050022573]: link 1050024796 stopped -> two doors: M1 close beyond 79459.20 = flip, or back beyond 79584.28 = re-enter
2026-09-04T17:43:03.675872+00:00 RECOV[1050022573] ENTRY: SELL 0.04 @ ~79448.15 SL 79588.34 TP 79320.46 (risk $5.61, prize $5.11, strong mkt -> -$0.50 early)
2026-09-04T17:43:03.677655+00:00 KINO: peak 79588.34 official -> pending BUY on M1 close back above it
2026-09-04T17:43:04.842675+00:00 KINO ENTRY: SELL 0.01 @ ~79452.38 SL 79588.34 TP 79350.41 (risk $1.36, prize $1.02, return to dip, strong mkt)
2026-09-04T17:43:06.861279+00:00 ENTRY logged: SELL 0.04 @ 79451.52 ticket 1050027020
2026-09-04T17:43:06.868541+00:00 ENTRY logged: SELL 0.01 @ 79450.7 ticket 1050027030
2026-09-04T17:44:13.329739+00:00 OWL starting (TP+recovery manager, trade scribe)
2026-09-04T17:49:02.928990+00:00 KINO: dip 79433.41 official -> pending SELL on M1 close back below it
2026-09-04T17:52:03.705011+00:00 KINO skipped: last page at 0.01 - 0.04 unlocks the next page
2026-09-04T17:52:56.960276+00:00 KINO 40% LOCK: 1050027030 wall moved to entry
2026-09-04T17:54:15.587237+00:00 EXIT logged: ticket 1050027030 sl profit 0.19 dur 11.2min
2026-09-04T17:54:15.592197+00:00 RECOV[1050027030] armed: SELL 0.01 stopped at 79588.34 -> two doors: M1 close beyond the line = flip, or back beyond 79450.70 = re-enter
2026-09-04T17:54:15.599470+00:00 KINO: pending up cleared - fresh pullback required after closed trade 1050027030
2026-09-04T17:54:15.599470+00:00 KINO: pending dn cleared - fresh pullback required after closed trade 1050027030
2026-09-04T17:55:01.920993+00:00 KINO: dip 79381.55 official -> pending SELL on M1 close back below it
2026-09-04T18:01:15.828458+00:00 EXIT logged: ticket 1050027020 sl profit -5.47 dur 18.2min
2026-09-04T18:01:15.829690+00:00 WEATHER: storm detected (3 straight real losses) - FULL SHELTER, everything goes virtual
2026-09-04T18:01:15.833631+00:00 RECOV[1050022573]: link 1050027020 stopped -> two doors: M1 close beyond 79588.34 = flip, or back beyond 79451.52 = re-enter
2026-09-04T18:03:02.324512+00:00 KINO: peak 79580.37 official -> pending BUY on M1 close back above it
2026-09-04T18:06:02.955210+00:00 SHADOW chain[1050027030] ENTRY: BUY 0.02 @ 79610.24 (virtual - shelter mode)
2026-09-04T18:06:02.956560+00:00 SHADOW chain[1050022573] ENTRY: BUY 0.05 @ 79610.24 (virtual - shelter mode)
2026-09-04T18:06:02.960576+00:00 SHADOW page ENTRY: BUY 0.01 @ 79610.24 (virtual - shelter mode)
2026-09-04T18:08:11.380737+00:00 SHADOW chain[page] LOSS -0.79 (streak reset)
2026-09-04T18:10:01.738934+00:00 KINO: dip 79524.71 official -> pending SELL on M1 close back below it
2026-09-04T18:14:03.660902+00:00 SHADOW page ENTRY: SELL 0.01 @ 79527.73 (virtual - shelter mode)
2026-09-04T18:17:02.271539+00:00 KINO: dip 79507.23 official -> pending SELL on M1 close back below it
2026-09-04T18:20:13.011543+00:00 SHADOW chain[page] LOSS -0.77 (streak reset)
2026-09-04T18:23:03.508467+00:00 KINO: peak 79627.94 official -> pending BUY on M1 close back above it
2026-09-04T18:28:03.818738+00:00 KINO: dip 79546.77 official -> pending SELL on M1 close back below it
2026-09-04T18:30:02.275179+00:00 SHADOW page ENTRY: SELL 0.01 @ 79552.88 (virtual - shelter mode)
2026-09-04T18:31:02.495818+00:00 KINO: dip 79520.14 official -> pending SELL on M1 close back below it
2026-09-04T18:31:08.512562+00:00 SHADOW chain[page] breakeven -0.39 (streak kept)
2026-09-04T18:35:03.311434+00:00 SHADOW page ENTRY: BUY 0.01 @ 79633.82 (virtual - shelter mode)
2026-09-04T18:36:01.549531+00:00 KINO: peak 79639.67 official -> pending BUY on M1 close back above it
2026-09-04T18:41:02.869499+00:00 KINO: dip 79530.50 official -> pending SELL on M1 close back below it
2026-09-04T18:50:20.419221+00:00 KINO: peak 79651.77 official -> pending BUY on M1 close back above it
2026-09-04T18:51:01.644409+00:00 OWL starting (TP+recovery manager, trade scribe)
2026-09-04T18:53:02.884391+00:00 KINO: dip 79582.29 official -> pending SELL on M1 close back below it
2026-09-04T18:58:03.472894+00:00 KINO: dip 79587.32 official -> pending SELL on M1 close back below it
2026-09-04T19:01:03.621908+00:00 SHADOW page ENTRY: BUY 0.01 @ 79676.63 (virtual - shelter mode)
2026-09-04T19:01:03.622614+00:00 KINO: dip 79605.07 official -> pending SELL on M1 close back below it
2026-09-04T19:01:09.656948+00:00 SHADOW chain[page] breakeven +0.39 (streak kept)
2026-09-04T19:01:57.588704+00:00 SHADOW chain[page] breakeven +0.30 (streak kept)
2026-09-04T19:08:01.559305+00:00 KINO: peak 79738.00 official -> pending BUY on M1 close back above it
2026-09-04T19:13:02.703845+00:00 KINO: dip 79661.85 official -> pending SELL on M1 close back below it
2026-09-04T19:18:02.074209+00:00 SHADOW page ENTRY: BUY 0.01 @ 79788.09 (virtual - shelter mode)
2026-09-04T19:19:48.445095+00:00 SHADOW chain[1050027030] WIN +3.82 (streak 1)
2026-09-04T19:19:48.445095+00:00 GHOST WIN would have been REAL recovery: +3.82 (chain 1050027030)
2026-09-04T19:23:03.185776+00:00 KINO: peak 79809.11 official -> pending BUY on M1 close back above it
2026-09-04T19:24:03.452116+00:00 KINO: dip 79768.25 official -> pending SELL on M1 close back below it
2026-09-04T19:25:03.644720+00:00 SHADOW page ENTRY: BUY 0.01 @ 79820.61 (virtual - shelter mode)
2026-09-04T19:30:33.866531+00:00 SHADOW chain[page] LOSS -0.52 (streak reset)
2026-09-04T19:31:01.964609+00:00 KINO: peak 79823.19 official -> pending BUY on M1 close back above it
2026-09-04T19:31:01.969288+00:00 SHADOW page ENTRY: SELL 0.01 @ 79747.17 (virtual - shelter mode)
2026-09-04T19:34:02.909466+00:00 KINO: dip 79698.12 official -> pending SELL on M1 close back below it
2026-09-04T19:36:03.382642+00:00 KINO: peak 79760.53 official -> pending BUY on M1 close back above it
2026-09-04T19:37:19.621733+00:00 SHADOW chain[page] breakeven +0.30 (streak kept)
2026-09-04T19:38:55.915644+00:00 SHADOW chain[page] LOSS -1.26 (streak reset)
2026-09-04T19:39:03.949116+00:00 SHADOW page ENTRY: SELL 0.01 @ 79654.98 (virtual - shelter mode)
2026-09-04T19:44:03.049866+00:00 KINO: peak 79702.11 official -> pending BUY on M1 close back above it
2026-09-04T19:45:03.285726+00:00 KINO: dip 79627.07 official -> pending SELL on M1 close back below it
2026-09-04T19:48:03.929343+00:00 SHADOW page ENTRY: BUY 0.01 @ 79730.81 (virtual - shelter mode)
2026-09-04T19:55:03.462834+00:00 KINO: dip 79629.89 official -> pending SELL on M1 close back below it
2026-09-04T19:57:01.486062+00:00 SHADOW chain[page] LOSS -1.06 (streak reset)
2026-09-04T19:57:17.650996+00:00 SHADOW chain[page] breakeven +0.30 (streak kept)
2026-09-04T20:01:21.548656+00:00 SHADOW chain[1050022573] WIN +10.68 (streak 1)
2026-09-04T20:01:21.548656+00:00 GHOST WIN would have been REAL recovery: +10.68 (chain 1050022573)
2026-09-04T20:06:01.823238+00:00 KINO: peak 79859.47 official -> pending BUY on M1 close back above it
2026-09-04T20:09:03.391027+00:00 KINO: dip 79767.72 official -> pending SELL on M1 close back below it
2026-09-04T20:13:03.981971+00:00 KINO: peak 79883.38 official -> pending BUY on M1 close back above it
2026-09-04T20:19:14.135796+00:00 KINO: peak 79856.23 official -> pending BUY on M1 close back above it
2026-09-04T20:25:03.693770+00:00 SHADOW page ENTRY: SELL 0.01 @ 79758.73 (virtual - shelter mode)
2026-09-04T20:37:02.726484+00:00 KINO: dip 79735.77 official -> pending SELL on M1 close back below it
2026-09-04T20:39:03.143045+00:00 KINO: peak 79792.28 official -> pending BUY on M1 close back above it
2026-09-04T20:41:01.591271+00:00 SHADOW page ENTRY: SELL 0.01 @ 79733.72 (virtual - shelter mode)
2026-09-04T20:45:11.025892+00:00 KINO: dip 79703.52 official -> pending SELL on M1 close back below it
2026-09-04T20:48:51.793434+00:00 SHADOW chain[page] LOSS -0.59 (streak reset)
2026-09-04T20:51:02.293457+00:00 KINO: peak 79789.37 official -> pending BUY on M1 close back above it
2026-09-04T20:51:18.358528+00:00 SHADOW chain[page] breakeven +0.50 (streak kept)
2026-09-04T20:57:01.685263+00:00 KINO: peak 79756.58 official -> pending BUY on M1 close back above it
2026-09-04T20:58:03.863343+00:00 SHADOW page ENTRY: SELL 0.01 @ 79697.12 (virtual - shelter mode)
2026-09-04T21:01:02.459527+00:00 KINO: dip 79690.34 official -> pending SELL on M1 close back below it
2026-09-04T21:04:02.939512+00:00 SHADOW page ENTRY: BUY 0.01 @ 79775.92 (virtual - shelter mode)
2026-09-04T21:07:03.219010+00:00 KINO: peak 79787.08 official -> pending BUY on M1 close back above it
2026-09-04T21:07:31.341092+00:00 SHADOW chain[page] LOSS -0.92 (streak reset)
2026-09-04T21:08:15.613702+00:00 SHADOW chain[page] breakeven +0.30 (streak kept)
2026-09-04T21:09:03.771653+00:00 SHADOW page ENTRY: BUY 0.01 @ 79798.30 (virtual - shelter mode)
2026-09-04T21:15:02.811167+00:00 KINO: peak 79816.07 official -> pending BUY on M1 close back above it
2026-09-04T21:16:02.959009+00:00 KINO: dip 79782.48 official -> pending SELL on M1 close back below it
2026-09-04T21:16:55.099936+00:00 SHADOW chain[page] breakeven +0.30 (streak kept)
2026-09-04T21:17:03.117162+00:00 SHADOW page ENTRY: BUY 0.01 @ 79841.93 (virtual - shelter mode)
2026-09-04T21:23:02.061593+00:00 KINO: peak 79833.16 official -> pending BUY on M1 close back above it
2026-09-04T21:27:25.882219+00:00 SHADOW chain[page] LOSS -0.59 (streak reset)
2026-09-04T21:29:02.177198+00:00 KINO: dip 79755.01 official -> pending SELL on M1 close back below it
2026-09-04T21:40:01.950528+00:00 KINO: peak 79827.29 official -> pending BUY on M1 close back above it
2026-09-04T21:41:02.132926+00:00 SHADOW page ENTRY: BUY 0.01 @ 79843.30 (virtual - shelter mode)
2026-09-04T21:42:48.460792+00:00 SHADOW chain[page] breakeven -0.44 (streak kept)
2026-09-04T21:50:02.246050+00:00 SHADOW page ENTRY: SELL 0.01 @ 79760.55 (virtual - shelter mode)
2026-09-04T21:52:14.652305+00:00 SHADOW chain[page] breakeven +0.30 (streak kept)
2026-09-04T21:59:03.924849+00:00 KINO: dip 79528.77 official -> pending SELL on M1 close back below it
2026-09-04T22:15:03.138082+00:00 KINO: dip 79641.29 official -> pending SELL on M1 close back below it
2026-09-04T22:19:05.822325+00:00 OWL starting (TP+recovery manager, trade scribe)
2026-09-04T22:21:04.094431+00:00 KINO: peak 79730.07 official -> pending BUY on M1 close back above it
2026-09-04T22:23:04.356867+00:00 SHADOW page ENTRY: BUY 0.01 @ 79735.33 (virtual - shelter mode)
2026-09-04T22:24:44.601474+00:00 SHADOW chain[page] breakeven -0.37 (streak kept)
2026-09-04T22:30:03.347023+00:00 KINO: dip 79647.47 official -> pending SELL on M1 close back below it
2026-09-04T22:34:03.201568+00:00 KINO: peak 79744.06 official -> pending BUY on M1 close back above it
2026-09-04T22:37:02.347210+00:00 KINO: dip 79687.46 official -> pending SELL on M1 close back below it
2026-09-04T22:41:03.096097+00:00 KINO: peak 79726.32 official -> pending BUY on M1 close back above it
2026-09-04T22:43:03.390606+00:00 KINO: dip 79708.23 official -> pending SELL on M1 close back below it
2026-09-04T22:44:03.542343+00:00 KINO: peak 79731.94 official -> pending BUY on M1 close back above it
2026-09-04T22:44:03.542978+00:00 SHADOW page ENTRY: SELL 0.01 @ 79683.54 (virtual - shelter mode)
2026-09-04T22:49:20.260775+00:00 SHADOW chain[page] breakeven +0.30 (streak kept)
2026-09-04T22:50:02.350302+00:00 KINO: dip 79628.64 official -> pending SELL on M1 close back below it
2026-09-04T22:59:03.576704+00:00 KINO: peak 79674.43 official -> pending BUY on M1 close back above it
2026-09-04T23:01:03.863697+00:00 SHADOW page ENTRY: SELL 0.01 @ 79617.84 (virtual - shelter mode)
2026-09-04T23:05:04.461308+00:00 KINO: dip 79598.10 official -> pending SELL on M1 close back below it
2026-09-04T23:10:30.548706+00:00 KINO: peak 79668.12 official -> pending BUY on M1 close back above it
2026-09-04T23:13:02.990587+00:00 KINO: dip 79651.46 official -> pending SELL on M1 close back below it
2026-09-04T23:14:02.143921+00:00 SHADOW page ENTRY: SELL 0.01 @ 79629.62 (virtual - shelter mode)
2026-09-04T23:15:36.363386+00:00 SHADOW chain[page] breakeven -0.35 (streak kept)
2026-09-04T23:21:03.168468+00:00 SHADOW page ENTRY: BUY 0.01 @ 79683.74 (virtual - shelter mode)
2026-09-04T23:21:15.199393+00:00 SHADOW chain[page] LOSS -0.72 (streak reset)
2026-09-04T23:22:11.360273+00:00 SHADOW chain[page] breakeven +0.30 (streak kept)
2026-09-04T23:30:02.552787+00:00 KINO: peak 79783.77 official -> pending BUY on M1 close back above it
2026-09-04T23:43:02.857298+00:00 KINO: peak 79695.99 official -> pending BUY on M1 close back above it
2026-09-04T23:45:03.114912+00:00 KINO: dip 79677.31 official -> pending SELL on M1 close back below it
2026-09-04T23:46:03.247020+00:00 SHADOW page ENTRY: SELL 0.01 @ 79672.50 (virtual - shelter mode)
2026-09-04T23:54:10.017359+00:00 SHADOW chain[page] breakeven +0.30 (streak kept)
2026-09-04T23:57:02.474020+00:00 KINO: dip 79630.79 official -> pending SELL on M1 close back below it
2026-09-05T00:08:03.617974+00:00 SHADOW page ENTRY: SELL 0.01 @ 79631.65 (virtual - shelter mode)
2026-09-05T00:09:33.850746+00:00 SHADOW chain[page] breakeven -0.50 (streak kept)
2026-09-05T00:10:03.929744+00:00 KINO: dip 79624.83 official -> pending SELL on M1 close back below it
2026-09-05T00:11:04.081210+00:00 SHADOW page ENTRY: BUY 0.01 @ 79743.71 (virtual - shelter mode)
2026-09-05T00:16:03.249661+00:00 KINO: peak 79738.71 official -> pending BUY on M1 close back above it
2026-09-05T00:17:09.412266+00:00 SHADOW chain[page] LOSS -1.19 (streak reset)
2026-09-05T00:18:03.525940+00:00 SHADOW page ENTRY: SELL 0.01 @ 79624.24 (virtual - shelter mode)
2026-09-05T00:19:03.675980+00:00 KINO: dip 79616.42 official -> pending SELL on M1 close back below it
2026-09-05T00:26:04.626470+00:00 KINO: dip 79642.60 official -> pending SELL on M1 close back below it
2026-09-05T00:33:02.719375+00:00 KINO: peak 79717.16 official -> pending BUY on M1 close back above it
2026-09-05T00:41:02.860313+00:00 KINO: dip 79643.01 official -> pending SELL on M1 close back below it
2026-09-05T00:45:03.433658+00:00 KINO: peak 79703.75 official -> pending BUY on M1 close back above it
2026-09-05T00:46:03.621059+00:00 SHADOW page ENTRY: SELL 0.01 @ 79620.97 (virtual - shelter mode)
2026-09-05T00:50:04.211325+00:00 KINO: dip 79581.88 official -> pending SELL on M1 close back below it
2026-09-05T00:54:02.935918+00:00 KINO: peak 79670.42 official -> pending BUY on M1 close back above it
2026-09-05T00:58:49.579057+00:00 SHADOW chain[page] breakeven +0.30 (streak kept)
2026-09-05T00:59:03.627043+00:00 KINO: peak 79633.19 official -> pending BUY on M1 close back above it
2026-09-05T00:59:03.629012+00:00 SHADOW page ENTRY: SELL 0.01 @ 79573.11 (virtual - shelter mode)
2026-09-05T00:59:03.630126+00:00 SHADOW chain[page] breakeven +0.39 (streak kept)
2026-09-05T01:06:03.929255+00:00 SHADOW page ENTRY: BUY 0.01 @ 79650.21 (virtual - shelter mode)
2026-09-05T01:07:04.059136+00:00 KINO: peak 79646.01 official -> pending BUY on M1 close back above it
2026-09-05T01:10:04.485071+00:00 SHADOW page ENTRY: BUY 0.01 @ 79661.89 (virtual - shelter mode)
2026-09-05T01:10:24.536674+00:00 SHADOW chain[page] LOSS -0.97 (streak reset)
2026-09-05T01:10:36.565822+00:00 SHADOW chain[page] breakeven +0.30 (streak kept)
2026-09-05T01:14:05.605279+00:00 SHADOW chain[page] breakeven +0.30 (streak kept)
2026-09-05T01:15:03.762791+00:00 KINO: peak 79696.72 official -> pending BUY on M1 close back above it
2026-09-05T01:20:02.551689+00:00 SHADOW page ENTRY: BUY 0.01 @ 79717.97 (virtual - shelter mode)
2026-09-05T01:23:03.316358+00:00 KINO: peak 79707.97 official -> pending BUY on M1 close back above it
2026-09-05T01:27:47.963227+00:00 SHADOW chain[page] LOSS -0.88 (streak reset)
2026-09-05T01:28:04.031525+00:00 KINO: peak 79698.87 official -> pending BUY on M1 close back above it
2026-09-05T01:30:04.338531+00:00 KINO: dip 79617.27 official -> pending SELL on M1 close back below it
2026-09-05T01:31:04.475986+00:00 SHADOW page ENTRY: BUY 0.01 @ 79726.83 (virtual - shelter mode)
2026-09-05T01:34:02.877011+00:00 KINO: peak 79726.86 official -> pending BUY on M1 close back above it
2026-09-05T01:36:23.213211+00:00 SHADOW chain[page] LOSS -1.10 (streak reset)
2026-09-05T01:41:03.851028+00:00 KINO: dip 79615.26 official -> pending SELL on M1 close back below it
2026-09-05T01:43:04.107490+00:00 KINO: peak 79693.32 official -> pending BUY on M1 close back above it
2026-09-05T01:48:02.807077+00:00 KINO: dip 79619.58 official -> pending SELL on M1 close back below it
2026-09-05T01:50:03.561394+00:00 SHADOW page ENTRY: SELL 0.01 @ 79605.75 (virtual - shelter mode)
2026-09-05T01:55:57.234157+00:00 SHADOW chain[page] breakeven +0.30 (streak kept)
2026-09-05T02:05:02.662139+00:00 KINO: dip 79482.04 official -> pending SELL on M1 close back below it
2026-09-05T02:12:04.500275+00:00 KINO: peak 79579.88 official -> pending BUY on M1 close back above it
2026-09-05T02:13:04.642636+00:00 SHADOW page ENTRY: BUY 0.01 @ 79589.98 (virtual - shelter mode)
2026-09-05T02:22:03.867643+00:00 KINO: dip 79558.32 official -> pending SELL on M1 close back below it
2026-09-05T02:28:04.685698+00:00 KINO: peak 79610.44 official -> pending BUY on M1 close back above it
2026-09-05T02:28:04.685698+00:00 SHADOW chain[page] breakeven -0.34 (streak kept)
2026-09-05T02:29:03.692894+00:00 SHADOW page ENTRY: SELL 0.01 @ 79534.31 (virtual - shelter mode)
2026-09-05T02:31:04.026853+00:00 KINO: dip 79519.71 official -> pending SELL on M1 close back below it
2026-09-05T02:34:02.490912+00:00 KINO: peak 79578.75 official -> pending BUY on M1 close back above it
2026-09-05T02:35:04.656849+00:00 SHADOW page ENTRY: BUY 0.01 @ 79590.63 (virtual - shelter mode)
2026-09-05T02:37:17.039893+00:00 SHADOW chain[page] LOSS -0.76 (streak reset)
2026-09-05T02:40:03.466180+00:00 KINO: peak 79618.10 official -> pending BUY on M1 close back above it
2026-09-05T02:41:03.648813+00:00 KINO: dip 79585.40 official -> pending SELL on M1 close back below it
2026-09-05T02:41:43.759062+00:00 SHADOW chain[page] breakeven +0.30 (streak kept)
2026-09-05T02:42:03.811903+00:00 SHADOW page ENTRY: BUY 0.01 @ 79634.90 (virtual - shelter mode)
2026-09-05T02:46:04.413858+00:00 KINO: peak 79629.58 official -> pending BUY on M1 close back above it
2026-09-05T02:46:16.445660+00:00 SHADOW chain[page] breakeven -0.49 (streak kept)
2026-09-05T02:47:04.580276+00:00 SHADOW page ENTRY: SELL 0.01 @ 79584.58 (virtual - shelter mode)
2026-09-05T02:51:23.250549+00:00 SHADOW chain[page] breakeven +0.30 (streak kept)
2026-09-05T02:56:03.967972+00:00 KINO: dip 79538.38 official -> pending SELL on M1 close back below it
2026-09-05T03:03:04.264910+00:00 KINO: peak 79584.70 official -> pending BUY on M1 close back above it
2026-09-05T03:09:03.241764+00:00 SHADOW page ENTRY: SELL 0.01 @ 79536.70 (virtual - shelter mode)
2026-09-05T03:11:03.534178+00:00 KINO: dip 79516.93 official -> pending SELL on M1 close back below it
2026-09-05T03:15:12.139583+00:00 SHADOW chain[page] LOSS -0.51 (streak reset)
2026-09-05T03:16:04.265519+00:00 SHADOW page ENTRY: BUY 0.01 @ 79608.98 (virtual - shelter mode)
2026-09-05T03:18:04.573264+00:00 KINO: peak 79621.24 official -> pending BUY on M1 close back above it
2026-09-05T03:24:06.490412+00:00 KINO: dip 79566.94 official -> pending SELL on M1 close back below it
2026-09-05T03:32:04.300577+00:00 KINO: dip 79582.04 official -> pending SELL on M1 close back below it
2026-09-05T03:39:03.402680+00:00 SHADOW page ENTRY: BUY 0.01 @ 79631.52 (virtual - shelter mode)
2026-09-05T03:44:04.165540+00:00 KINO: peak 79640.45 official -> pending BUY on M1 close back above it
2026-09-05T03:46:42.565569+00:00 SHADOW chain[page] breakeven +0.30 (streak kept)
2026-09-05T03:50:03.112957+00:00 KINO: dip 79619.63 official -> pending SELL on M1 close back below it
2026-09-05T03:52:03.449498+00:00 KINO: peak 79634.90 official -> pending BUY on M1 close back above it
2026-09-05T03:52:03.450577+00:00 SHADOW page ENTRY: SELL 0.01 @ 79604.90 (virtual - shelter mode)
2026-09-05T04:01:31.488592+00:00 SHADOW chain[page] LOSS -0.65 (streak reset)
2026-09-05T04:01:31.492815+00:00 SHADOW chain[page] breakeven +0.30 (streak kept)
2026-09-05T04:05:04.255378+00:00 KINO: dip 79547.02 official -> pending SELL on M1 close back below it
2026-09-05T04:11:03.566108+00:00 SHADOW page ENTRY: SELL 0.01 @ 79510.98 (virtual - shelter mode)
2026-09-05T04:18:04.594554+00:00 KINO: dip 79509.09 official -> pending SELL on M1 close back below it
2026-09-05T04:28:04.103733+00:00 KINO: peak 79592.72 official -> pending BUY on M1 close back above it
2026-09-05T04:35:03.108856+00:00 KINO: dip 79551.67 official -> pending SELL on M1 close back below it
2026-09-05T04:39:03.988164+00:00 KINO: peak 79559.14 official -> pending BUY on M1 close back above it
2026-09-05T04:39:03.990175+00:00 SHADOW page ENTRY: SELL 0.01 @ 79549.14 (virtual - shelter mode)
2026-09-05T04:49:04.493424+00:00 KINO: dip 79511.91 official -> pending SELL on M1 close back below it
2026-09-05T04:49:52.613666+00:00 SHADOW chain[page] breakeven -0.27 (streak kept)
2026-09-05T04:50:02.658353+00:00 SHADOW page ENTRY: BUY 0.01 @ 79580.85 (virtual - shelter mode)
2026-09-05T04:51:02.831628+00:00 KINO: peak 79571.02 official -> pending BUY on M1 close back above it
2026-09-05T04:59:32.106462+00:00 SHADOW chain[page] LOSS -0.69 (streak reset)
2026-09-05T05:02:04.568109+00:00 SHADOW page ENTRY: SELL 0.01 @ 79511.00 (virtual - shelter mode)
2026-09-05T05:02:40.670604+00:00 SHADOW chain[page] breakeven +0.30 (streak kept)
2026-09-05T05:02:40.674233+00:00 SHADOW chain[page] breakeven +0.30 (streak kept)
2026-09-05T05:05:03.533216+00:00 KINO: dip 79450.17 official -> pending SELL on M1 close back below it
2026-09-05T05:08:03.987297+00:00 KINO: peak 79491.19 official -> pending BUY on M1 close back above it
2026-09-05T05:11:04.413256+00:00 SHADOW page ENTRY: BUY 0.01 @ 79527.29 (virtual - shelter mode)
2026-09-05T05:13:14.161137+00:00 SHADOW chain[page] breakeven +0.30 (streak kept)
2026-09-05T05:19:04.254737+00:00 KINO: peak 79582.14 official -> pending BUY on M1 close back above it
2026-09-05T05:28:03.658114+00:00 KINO: dip 79527.90 official -> pending SELL on M1 close back below it
2026-09-05T05:30:03.976541+00:00 SHADOW page ENTRY: BUY 0.01 @ 79601.87 (virtual - shelter mode)
2026-09-05T05:37:03.251560+00:00 KINO: peak 79606.91 official -> pending BUY on M1 close back above it
2026-09-05T05:42:04.015529+00:00 KINO: dip 79573.31 official -> pending SELL on M1 close back below it
2026-09-05T05:43:04.147776+00:00 KINO: peak 79604.71 official -> pending BUY on M1 close back above it
2026-09-05T05:43:04.151064+00:00 SHADOW page ENTRY: SELL 0.01 @ 79560.08 (virtual - shelter mode)
2026-09-05T05:44:48.385328+00:00 SHADOW chain[page] LOSS -0.74 (streak reset)
2026-09-05T05:45:46.513196+00:00 SHADOW chain[page] breakeven +0.30 (streak kept)
2026-09-05T05:51:03.310724+00:00 KINO: dip 79491.44 official -> pending SELL on M1 close back below it
2026-09-05T05:58:04.419188+00:00 KINO: peak 79607.11 official -> pending BUY on M1 close back above it
2026-09-05T06:02:05.047487+00:00 KINO: dip 79572.33 official -> pending SELL on M1 close back below it
2026-09-05T06:05:03.489669+00:00 SHADOW page ENTRY: BUY 0.01 @ 79619.04 (virtual - shelter mode)
2026-09-05T06:28:05.318880+00:00 KINO: dip 79615.57 official -> pending SELL on M1 close back below it
2026-09-05T06:28:21.350287+00:00 SHADOW chain[page] breakeven +0.30 (streak kept)
2026-09-05T06:35:04.280925+00:00 KINO: peak 79660.15 official -> pending BUY on M1 close back above it
2026-09-05T06:40:04.297552+00:00 SHADOW page ENTRY: BUY 0.01 @ 79734.81 (virtual - shelter mode)
2026-09-05T06:40:04.297552+00:00 KINO: dip 79632.04 official -> pending SELL on M1 close back below it
2026-09-05T06:46:03.513900+00:00 KINO: peak 79729.83 official -> pending BUY on M1 close back above it
2026-09-05T06:53:04.460468+00:00 KINO: peak 79681.36 official -> pending BUY on M1 close back above it
2026-09-05T06:56:04.877600+00:00 KINO: dip 79662.70 official -> pending SELL on M1 close back below it
2026-09-05T06:57:05.067763+00:00 SHADOW page ENTRY: BUY 0.01 @ 79700.66 (virtual - shelter mode)
2026-09-05T06:57:45.152915+00:00 SHADOW chain[page] breakeven -0.38 (streak kept)
2026-09-05T06:58:03.195283+00:00 KINO: peak 79700.14 official -> pending BUY on M1 close back above it
2026-09-05T07:00:03.515561+00:00 SHADOW page ENTRY: SELL 0.01 @ 79654.68 (virtual - shelter mode)
2026-09-05T07:01:47.983013+00:00 SHADOW chain[page] breakeven -0.45 (streak kept)
2026-09-05T07:02:04.032117+00:00 KINO: dip 79643.65 official -> pending SELL on M1 close back below it
2026-09-05T07:06:04.212574+00:00 KINO: dip 79675.11 official -> pending SELL on M1 close back below it
2026-09-05T07:10:02.935260+00:00 KINO: peak 79704.13 official -> pending BUY on M1 close back above it
2026-09-05T07:12:05.241818+00:00 KINO: dip 79669.77 official -> pending SELL on M1 close back below it
2026-09-05T07:18:04.212666+00:00 SHADOW page ENTRY: BUY 0.01 @ 79722.48 (virtual - shelter mode)
2026-09-05T07:20:04.586574+00:00 KINO: peak 79720.73 official -> pending BUY on M1 close back above it
2026-09-05T07:24:03.171248+00:00 KINO: dip 79681.73 official -> pending SELL on M1 close back below it
2026-09-05T07:28:03.759520+00:00 SHADOW page ENTRY: BUY 0.01 @ 79739.60 (virtual - shelter mode)
2026-09-05T07:34:42.738794+00:00 SHADOW chain[page] breakeven +0.30 (streak kept)
2026-09-05T07:35:02.794393+00:00 KINO: dip 79710.80 official -> pending SELL on M1 close back below it
2026-09-05T07:41:05.120285+00:00 KINO: peak 79762.70 official -> pending BUY on M1 close back above it
2026-09-05T07:46:02.121081+00:00 SHADOW chain[page] breakeven +0.30 (streak kept)
2026-09-05T07:46:04.134561+00:00 SHADOW page ENTRY: BUY 0.01 @ 79773.80 (virtual - shelter mode)
2026-09-05T07:46:04.134561+00:00 KINO: dip 79706.41 official -> pending SELL on M1 close back below it
2026-09-05T07:47:26.368038+00:00 SHADOW chain[page] breakeven +0.30 (streak kept)
2026-09-05T07:57:27.899480+00:00 SHADOW chain[page] LOSS -0.67 (streak reset)
2026-09-05T07:58:04.007699+00:00 KINO: peak 79757.81 official -> pending BUY on M1 close back above it
2026-09-05T08:00:58.449937+00:00 CLOCKS ALIGNED: H4 and D1 both say UP - next BUY scalp is the runner candidate (2x0.01)
2026-09-05T08:00:58.451948+00:00 PAPER RUNNER opened: BUY 2x0.01 @ 79699.32 (virtual, no real money)
2026-09-05T08:01:04.469596+00:00 SHADOW page ENTRY: SELL 0.01 @ 79710.00 (virtual - shelter mode)
2026-09-05T08:04:27.034914+00:00 SHADOW chain[page] breakeven +0.30 (streak kept)
2026-09-05T08:09:03.742920+00:00 KINO: dip 79638.79 official -> pending SELL on M1 close back below it
2026-09-05T08:27:17.090282+00:00 SHADOW page ENTRY: SELL 0.01 @ 79643.60 (virtual - shelter mode)
2026-09-05T08:27:50.443786+00:00 OWL starting (TP+recovery manager, trade scribe)
2026-09-05T08:34:03.750484+00:00 SHADOW chain[page] breakeven +0.30 (streak kept)
2026-09-05T08:38:57.988867+00:00 KINO: dip 79570.64 official -> pending SELL on M1 close back below it
2026-09-05T08:41:18.336047+00:00 OWL starting (TP+recovery manager, trade scribe)
2026-09-05T08:48:15.526648+00:00 KINO: peak 79638.59 official -> pending BUY on M1 close back above it
2026-09-05T08:51:02.058279+00:00 KINO: dip 79593.92 official -> pending SELL on M1 close back below it
2026-09-05T08:53:00.650583+00:00 SHADOW ENTRY: recipe fired -> would BUY @ ~79628.17 (setup 79627.40)
2026-09-05T08:55:01.222051+00:00 KINO: peak 79635.88 official -> pending BUY on M1 close back above it
2026-09-05T08:58:01.818609+00:00 SHADOW page ENTRY: BUY 0.01 @ 79657.00 (virtual - shelter mode)
2026-09-05T09:01:18.412217+00:00 SHADOW chain[page] WIN +0.30 (target hit, streak 1)
2026-09-05T09:08:01.497731+00:00 KINO: peak 79713.36 official -> pending BUY on M1 close back above it
2026-09-05T09:10:01.868562+00:00 KINO: dip 79691.27 official -> pending SELL on M1 close back below it
2026-09-05T09:13:00.681568+00:00 SHADOW page ENTRY: BUY 0.01 @ 79726.95 (virtual - shelter mode)
2026-09-05T09:15:45.030041+00:00 SHADOW chain[page] LOSS -0.36 (stop hit, streak reset)
2026-09-05T09:16:03.076584+00:00 KINO: peak 79732.40 official -> pending BUY on M1 close back above it
2026-09-05T09:19:01.585142+00:00 SHADOW page ENTRY: SELL 0.01 @ 79693.50 (virtual - shelter mode)
2026-09-05T09:23:02.164460+00:00 KINO: peak 79719.40 official -> pending BUY on M1 close back above it
2026-09-05T09:34:01.672504+00:00 KINO: dip 79690.73 official -> pending SELL on M1 close back below it
2026-09-05T09:38:02.221553+00:00 KINO: dip 79690.72 official -> pending SELL on M1 close back below it
2026-09-05T09:40:02.598049+00:00 SHADOW page ENTRY: SELL 0.01 @ 79651.32 (virtual - shelter mode)
2026-09-05T09:40:02.600838+00:00 SHADOW chain[page] WIN +0.30 (target hit, streak 1)
2026-09-05T09:45:01.356562+00:00 SHADOW ENTRY: recipe fired -> would BUY @ ~79688.77 (setup 79677.99)
2026-09-05T09:46:01.495553+00:00 KINO: peak 79689.80 official -> pending BUY on M1 close back above it
2026-09-05T09:48:01.821465+00:00 KINO: dip 79649.97 official -> pending SELL on M1 close back below it
2026-09-05T09:49:02.228169+00:00 SHADOW page ENTRY: SELL 0.01 @ 79646.25 (virtual - shelter mode)
2026-09-05T09:49:14.265176+00:00 SHADOW chain[page] LOSS -0.15 (stop hit, streak reset)
2026-09-05T09:57:15.533966+00:00 SHADOW chain[page] WIN +0.30 (target hit, streak 1)
2026-09-05T10:03:02.385344+00:00 SHADOW ENTRY: recipe fired -> would BUY @ ~79640.47 (setup 79638.38)
2026-09-05T10:11:01.465348+00:00 KINO: dip 79619.78 official -> pending SELL on M1 close back below it
2026-09-05T10:13:01.726147+00:00 KINO: peak 79643.68 official -> pending BUY on M1 close back above it
2026-09-05T10:13:01.730524+00:00 SHADOW page ENTRY: SELL 0.01 @ 79620.36 (virtual - shelter mode)
2026-09-05T10:14:23.927254+00:00 SHADOW chain[page] LOSS -0.14 (stop hit, streak reset)
2026-09-05T10:15:02.019491+00:00 KINO: dip 79610.51 official -> pending SELL on M1 close back below it
2026-09-05T10:21:00.829437+00:00 KINO: peak 79637.22 official -> pending BUY on M1 close back above it
2026-09-05T10:24:02.661804+00:00 SHADOW page ENTRY: BUY 0.01 @ 79656.58 (virtual - shelter mode)
2026-09-05T10:27:55.488673+00:00 SHADOW chain[page] LOSS -0.54 (stop hit, streak reset)
2026-09-05T10:28:01.511412+00:00 KINO: peak 79669.01 official -> pending BUY on M1 close back above it
2026-09-05T10:28:01.514187+00:00 SHADOW page ENTRY: SELL 0.01 @ 79599.41 (virtual - shelter mode)
2026-09-05T10:31:38.090380+00:00 SHADOW chain[page] LOSS -0.70 (stop hit, streak reset)
2026-09-05T10:49:02.695473+00:00 KINO: peak 79613.82 official -> pending BUY on M1 close back above it
2026-09-05T10:53:49.889714+00:00 OWL starting (TP+recovery manager, trade scribe)
2026-09-05T10:54:01.927262+00:00 SHADOW page ENTRY: BUY 0.01 @ 79634.79 (virtual - shelter mode)
2026-09-05T10:57:03.100675+00:00 SHADOW ENTRY: recipe fired -> would BUY @ ~79638.11 (setup 79625.10)
2026-09-05T11:00:01.518494+00:00 KINO: peak 79650.69 official -> pending BUY on M1 close back above it
2026-09-05T11:04:54.212913+00:00 SHADOW chain[page] WIN +0.30 (target hit, streak 1)
2026-09-05T11:05:02.230617+00:00 SHADOW page ENTRY: BUY 0.01 @ 79675.39 (virtual - shelter mode)
2026-09-05T11:10:03.034946+00:00 SHADOW ENTRY: recipe fired -> would BUY @ ~79658.65 (setup 79632.23)
2026-09-05T11:12:01.434637+00:00 KINO: dip 79637.70 official -> pending SELL on M1 close back below it
2026-09-05T11:14:01.824570+00:00 KINO: peak 79678.89 official -> pending BUY on M1 close back above it
2026-09-05T11:14:01.826577+00:00 SHADOW page ENTRY: SELL 0.01 @ 79629.88 (virtual - shelter mode)
2026-09-05T11:43:02.778192+00:00 KINO: peak 79651.14 official -> pending BUY on M1 close back above it
2026-09-05T11:43:14.812874+00:00 SHADOW chain[page] LOSS -0.69 (stop hit, streak reset)
2026-09-05T11:52:02.138728+00:00 SHADOW page ENTRY: BUY 0.01 @ 79667.47 (virtual - shelter mode)
2026-09-05T11:53:08.305354+00:00 SHADOW chain[page] LOSS -0.49 (stop hit, streak reset)
2026-09-05T11:55:02.598439+00:00 KINO: peak 79684.88 official -> pending BUY on M1 close back above it
2026-09-05T12:01:42.049266+00:00 OWL starting (TP+recovery manager, trade scribe)
2026-09-05T12:02:02.104654+00:00 KINO: dip 79602.61 official -> pending SELL on M1 close back below it
2026-09-05T12:05:58.794391+00:00 OWL starting (TP+recovery manager, trade scribe)
2026-09-05T12:12:01.808630+00:00 KINO: peak 79683.68 official -> pending BUY on M1 close back above it
2026-09-05T12:23:02.161607+00:00 KINO: dip 79649.66 official -> pending SELL on M1 close back below it
2026-09-05T12:23:02.170293+00:00 SHADOW ENTRY: recipe fired -> would BUY @ ~79668.33 (setup 79668.22)
2026-09-05T12:26:02.667891+00:00 KINO: peak 79687.27 official -> pending BUY on M1 close back above it
2026-09-05T12:31:01.456280+00:00 SHADOW page ENTRY: SELL 0.01 @ 79627.94 (virtual - shelter mode)
2026-09-05T12:33:25.835360+00:00 SHADOW chain[page] LOSS -0.59 (stop hit, streak reset)
2026-09-05T12:34:01.926862+00:00 KINO: dip 79618.19 official -> pending SELL on M1 close back below it
2026-09-05T12:35:54.252374+00:00 SHADOW chain[page] WIN +0.30 (target hit, streak 1)
2026-09-05T12:36:02.276327+00:00 SHADOW page ENTRY: BUY 0.01 @ 79709.13 (virtual - shelter mode)
2026-09-05T12:38:02.594344+00:00 KINO: peak 79710.51 official -> pending BUY on M1 close back above it
2026-09-05T12:41:01.820833+00:00 SHADOW page ENTRY: BUY 0.01 @ 79724.58 (virtual - shelter mode)
2026-09-05T12:41:43.328303+00:00 SHADOW chain[page] WIN +0.30 (target hit, streak 2)
2026-09-05T12:41:43.330316+00:00 WEATHER CLEAR: two shadow wins - everything real AUTO-RESUMES (hard floor still guards)
2026-09-05T12:42:01.370252+00:00 SHADOW chain[page] WIN +0.30 (target hit, streak 3)
2026-09-05T12:49:02.688108+00:00 KINO: peak 79768.04 official -> pending BUY on M1 close back above it
2026-09-05T12:55:01.620889+00:00 KINO: dip 79710.27 official -> pending SELL on M1 close back below it
2026-09-05T12:59:02.236839+00:00 KINO: peak 79767.51 official -> pending BUY on M1 close back above it
2026-09-05T13:00:03.574823+00:00 KINO ENTRY: SELL 0.01 @ ~79706.43 SL 79767.51 TP 79660.62 (risk $0.61, prize $0.46, return to dip, calm mkt)
2026-09-05T13:00:05.590449+00:00 ENTRY logged: SELL 0.01 @ 79715.1 ticket 1050106826
2026-09-05T13:05:02.477414+00:00 KINO: dip 79685.78 official -> pending SELL on M1 close back below it
2026-09-05T13:09:47.824258+00:00 KINO 40% LOCK: 1050106826 wall moved to entry
2026-09-05T13:10:01.860534+00:00 KINO: peak 79721.18 official -> pending BUY on M1 close back above it
2026-09-05T13:11:02.009298+00:00 KINO skipped: last page at 0.01 - 0.04 unlocks the next page
2026-09-05T13:13:10.308037+00:00 EXIT logged: ticket 1050106826 sl profit 0.05 dur 13.1min
2026-09-05T13:13:10.310317+00:00 RECOV[1050106826] armed: SELL 0.01 stopped at 79767.51 -> two doors: M1 close beyond the line = flip, or back beyond 79715.10 = re-enter
2026-09-05T13:13:10.311208+00:00 KINO: pending up cleared - fresh pullback required after closed trade 1050106826
2026-09-05T13:13:10.311208+00:00 KINO: pending dn cleared - fresh pullback required after closed trade 1050106826
2026-09-05T13:14:02.451592+00:00 RECOV[1050106826]: wall 79703.79 too close (8.4pts) - waiting (log once)
2026-09-05T13:14:02.455354+00:00 KINO: dip 79668.90 official -> pending SELL on M1 close back below it
2026-09-05T13:14:02.455354+00:00 SHADOW ENTRY: recipe fired -> would BUY @ ~79694.49 (setup 79688.23)
2026-09-05T13:17:26.202337+00:00 KINO: peak 79737.10 official -> pending BUY on M1 close back above it
2026-09-05T13:22:02.046325+00:00 KINO: dip 79678.89 official -> pending SELL on M1 close back below it
2026-09-05T13:23:02.197061+00:00 KINO skipped: last page at 0.02 - 0.04 unlocks the next page
2026-09-05T13:27:02.768768+00:00 KINO: dip 79745.88 official -> pending SELL on M1 close back below it
2026-09-05T13:28:02.946252+00:00 KINO: peak 79767.67 official -> pending BUY on M1 close back above it
2026-09-05T13:37:11.471707+00:00 RECOV[1050106826] RE-ENTRY (fake break): SELL 0.02 @ ~79700.93 SL 79767.67 TP 79650.87 (risk $1.33, prize $1.00, calm mkt -> -$0.33 early)
2026-09-05T13:37:13.480804+00:00 ENTRY logged: SELL 0.02 @ 79700.93000000001 ticket 1050108562
2026-09-05T13:39:26.408218+00:00 RECOV[1050106826] 40% LOCK: link 1050108562 wall moved to entry
2026-09-05T13:40:20.576497+00:00 EXIT logged: ticket 1050108562 sl profit -0.33 dur 3.1min
2026-09-05T13:40:20.579520+00:00 RECOV[1050106826]: link 1050108562 stopped -> two doors: M1 close beyond 79687.43 = flip, or back beyond 79700.93 = re-enter
2026-09-05T13:41:03.762434+00:00 RECOV[1050106826] ENTRY: BUY 0.03 @ ~79734.28 SL 79664.08 TP 79787.81 (risk $2.11, prize $1.61, strong mkt -> -$0.50 early)
2026-09-05T13:41:03.764443+00:00 KINO: dip 79664.08 official -> pending SELL on M1 close back below it
2026-09-05T13:41:05.777120+00:00 ENTRY logged: BUY 0.03 @ 79734.23 ticket 1050108847
2026-09-05T13:42:38.011223+00:00 EXIT logged: ticket 1050108847 sl profit -2.11 dur 1.6min
2026-09-05T13:42:38.011223+00:00 RECOV[1050106826]: link 1050108847 stopped -> two doors: M1 close beyond 79664.08 = flip, or back beyond 79734.23 = re-enter
2026-09-05T13:43:03.160164+00:00 RECOV[1050106826] ENTRY: SELL 0.04 @ ~79650.36 SL 79724.34 TP 79588.88 (risk $2.96, prize $2.46, strong mkt -> -$0.50 early)
2026-09-05T13:43:03.162005+00:00 KINO skipped: same wall as fighter chain 1050106826 (SL 79724.34)
2026-09-05T13:43:05.175768+00:00 ENTRY logged: SELL 0.04 @ 79650.36 ticket 1050108990
2026-09-05T13:48:01.955604+00:00 KINO: dip 79647.44 official -> pending SELL on M1 close back below it
2026-09-05T13:50:46.053478+00:00 EXIT logged: ticket 1050108990 tp profit 2.45 dur 7.5min
2026-09-05T13:50:46.055835+00:00 RECOV[1050106826]: chain ENDED (link 1050108990 exit=tp 2.45)
2026-09-05T13:51:02.107232+00:00 KINO: peak 79700.61 official -> pending BUY on M1 close back above it
2026-09-05T13:51:03.346865+00:00 KINO ENTRY: SELL 0.01 @ ~79577.33 SL 79700.61 TP 79484.87 (risk $1.23, prize $0.92, return to dip, strong mkt)
2026-09-05T13:51:05.355066+00:00 ENTRY logged: SELL 0.01 @ 79577.33 ticket 1050109976
2026-09-05T14:01:03.433948+00:00 KINO: dip 79604.67 official -> pending SELL on M1 close back below it
2026-09-05T14:04:01.924627+00:00 KINO: peak 79682.34 official -> pending BUY on M1 close back above it
2026-09-05T14:07:02.068123+00:00 KINO: dip 79640.74 official -> pending SELL on M1 close back below it
2026-09-05T14:09:02.403306+00:00 KINO skipped: last page at 0.01 - 0.04 unlocks the next page
2026-09-05T14:10:12.596968+00:00 EXIT logged: ticket 1050109976 sl profit -1.24 dur 19.1min
2026-09-05T14:10:12.598724+00:00 RECOV[1050109976] armed: SELL 0.01 stopped at 79700.61 -> two doors: M1 close beyond the line = flip, or back beyond 79577.33 = re-enter
2026-09-05T14:10:12.599479+00:00 KINO: pending up cleared - fresh pullback required after closed trade 1050109976
2026-09-05T14:10:12.599479+00:00 KINO: pending dn cleared - fresh pullback required after closed trade 1050109976
2026-09-05T14:12:02.935586+00:00 KINO: peak 79701.43 official -> pending BUY on M1 close back above it
2026-09-05T14:27:02.806479+00:00 RECOV[1050109976] ENTRY: BUY 0.02 @ ~79737.02 SL 79575.98 TP 79873.06 (risk $3.22, prize $2.72, strong mkt -> -$0.50 early)
2026-09-05T14:27:02.809484+00:00 KINO skipped: last page at 0.02 - 0.04 unlocks the next page
2026-09-05T14:27:04.819565+00:00 ENTRY logged: BUY 0.02 @ 79737.02 ticket 1050111955
2026-09-05T14:32:03.119686+00:00 SHADOW ENTRY: recipe fired -> would BUY @ ~79734.48 (setup 79728.89)
2026-09-05T14:37:01.902885+00:00 KINO: peak 79745.44 official -> pending BUY on M1 close back above it
2026-09-05T14:40:02.357163+00:00 KINO: dip 79716.50 official -> pending SELL on M1 close back below it
2026-09-05T14:47:03.433119+00:00 KINO: dip 79684.85 official -> pending SELL on M1 close back below it
2026-09-05T15:00:01.545398+00:00 KINO: peak 79759.32 official -> pending BUY on M1 close back above it
2026-09-05T15:06:03.004265+00:00 KINO: dip 79708.43 official -> pending SELL on M1 close back below it
2026-09-05T15:06:03.007626+00:00 SHADOW ENTRY: recipe fired -> would BUY @ ~79762.59 (setup 79741.51)
2026-09-05T15:10:01.697324+00:00 KINO: peak 79764.25 official -> pending BUY on M1 close back above it
2026-09-05T15:15:02.548858+00:00 KINO: dip 79698.78 official -> pending SELL on M1 close back below it
2026-09-05T15:21:01.358384+00:00 KINO: dip 79674.92 official -> pending SELL on M1 close back below it
2026-09-05T15:23:01.688418+00:00 KINO: peak 79775.25 official -> pending BUY on M1 close back above it
2026-09-05T15:38:02.001430+00:00 KINO: dip 79691.86 official -> pending SELL on M1 close back below it
2026-09-05T15:50:02.163857+00:00 KINO: dip 79737.14 official -> pending SELL on M1 close back below it
2026-09-05T15:52:02.475880+00:00 KINO: peak 79763.87 official -> pending BUY on M1 close back above it
2026-09-05T15:55:43.688378+00:00 RECOV[1050109976] 40% LOCK: link 1050111955 wall moved to entry
2026-09-05T16:06:01.377667+00:00 KINO: peak 79848.72 official -> pending BUY on M1 close back above it
2026-09-05T16:07:57.692989+00:00 EXIT logged: ticket 1050111955 sl profit 0.27 dur 100.9min
2026-09-05T16:07:57.695323+00:00 RECOV[1050109976]: link 1050111955 stopped -> two doors: M1 close beyond 79752.02 = flip, or back beyond 79737.02 = re-enter
2026-09-05T16:08:01.710934+00:00 RECOV[1050109976]: wall 79750.53 too close (13.4pts) - waiting (log once)
2026-09-05T16:11:15.572320+00:00 RECOV[1050109976] RE-ENTRY (fake break): BUY 0.03 @ ~79813.84 SL 79750.53 TP 79861.32 (risk $1.90, prize $1.42, calm mkt -> -$0.47 early)
2026-09-05T16:11:17.586959+00:00 ENTRY logged: BUY 0.03 @ 79813.84 ticket 1050117223
2026-09-05T16:14:03.319476+00:00 KINO: peak 79819.58 official -> pending BUY on M1 close back above it
2026-09-05T16:18:02.881024+00:00 KINO: peak 79812.60 official -> pending BUY on M1 close back above it
2026-09-05T16:20:03.196348+00:00 KINO: dip 79750.53 official -> pending SELL on M1 close back below it
2026-09-05T16:20:35.854832+00:00 RECOV[1050109976] 40% LOCK: link 1050117223 wall moved to entry
2026-09-05T16:21:01.933126+00:00 KINO skipped: last page at 0.03 - 0.04 unlocks the next page
2026-09-05T16:21:56.093686+00:00 EXIT logged: ticket 1050117223 tp profit 1.42 dur 10.7min
2026-09-05T16:21:56.095689+00:00 RECOV[1050109976]: chain ENDED (link 1050117223 exit=tp 1.42)
2026-09-05T16:22:03.339540+00:00 KINO ENTRY: BUY 0.01 @ ~79867.65 SL 79771.6 TP 79939.69 (risk $0.96, prize $0.72, return to peak, calm mkt)
2026-09-05T16:22:05.346583+00:00 ENTRY logged: BUY 0.01 @ 79864.81 ticket 1050118115
2026-09-05T16:22:43.439587+00:00 PAPER RUNNER banked $1.50 (leg A TP), leg B now risk-free with BE stop @ 79704.32 (virtual)
2026-09-05T16:26:32.670226+00:00 KINO 40% LOCK: 1050118115 wall moved to entry
2026-09-05T16:27:02.759177+00:00 SHADOW ENTRY: recipe fired -> would BUY @ ~79889.15 (setup 79861.70)
2026-09-05T16:27:22.824990+00:00 EXIT logged: ticket 1050118115 sl profit 0.09 dur 5.3min
2026-09-05T16:27:22.827299+00:00 RECOV[1050118115] armed: BUY 0.01 stopped at 79771.60 -> two doors: M1 close beyond the line = flip, or back beyond 79864.81 = re-enter
2026-09-05T16:27:22.829071+00:00 KINO: pending dn cleared - fresh pullback required after closed trade 1050118115
2026-09-05T16:28:02.957266+00:00 KINO: peak 79908.11 official -> pending BUY on M1 close back above it
2026-09-05T16:30:04.504366+00:00 RECOV[1050118115] RE-ENTRY (fake break): BUY 0.02 @ ~79897.50 SL 79826.97 TP 79950.40 (risk $1.41, prize $1.06, strong mkt -> -$0.35 early)
2026-09-05T16:30:06.519265+00:00 ENTRY logged: BUY 0.02 @ 79897.0 ticket 1050119365
2026-09-05T16:30:34.602963+00:00 EXIT logged: ticket 1050119365 tp profit 1.07 dur 0.5min
2026-09-05T16:30:34.604181+00:00 RECOV[1050118115]: chain ENDED (link 1050119365 exit=tp 1.07)
2026-09-05T16:31:03.991226+00:00 KINO ENTRY: BUY 0.01 @ ~79930.60 SL 79826.97 TP 80008.32 (risk $1.04, prize $0.78, return to peak, calm mkt)
2026-09-05T16:31:05.999164+00:00 ENTRY logged: BUY 0.01 @ 79932.45 ticket 1050119927
2026-09-05T16:31:40.827490+00:00 KINO 40% LOCK: 1050119927 wall moved to entry
2026-09-05T16:31:58.910552+00:00 EXIT logged: ticket 1050119927 sl profit 0.13 dur 0.9min
2026-09-05T16:31:58.912301+00:00 RECOV[1050119927] armed: BUY 0.01 stopped at 79826.97 -> two doors: M1 close beyond the line = flip, or back beyond 79932.45 = re-enter
2026-09-05T16:32:04.071366+00:00 RECOV[1050119927] RE-ENTRY (fake break): BUY 0.02 @ ~79963.06 SL 79885.46 TP 80021.26 (risk $1.55, prize $1.16, calm mkt -> -$0.39 early)
2026-09-05T16:32:06.083578+00:00 ENTRY logged: BUY 0.02 @ 79963.06 ticket 1050120133
2026-09-05T16:35:01.112459+00:00 RECOV[1050119927] 40% LOCK: link 1050120133 wall moved to entry
2026-09-05T16:35:03.128771+00:00 KINO: dip 79895.55 official -> pending SELL on M1 close back below it
2026-09-05T16:35:07.148661+00:00 EXIT logged: ticket 1050120133 sl profit 0.3 dur 3.0min
2026-09-05T16:35:07.153727+00:00 RECOV[1050119927]: link 1050120133 stopped -> two doors: M1 close beyond 79978.06 = flip, or back beyond 79963.06 = re-enter
2026-09-05T16:36:02.894090+00:00 RECOV[1050119927]: wall 80003.78 too close (54.0pts) - waiting (log once)
2026-09-05T16:36:15.365750+00:00 RECOV[1050119927] ENTRY: SELL 0.03 @ ~79943.59 SL 80003.78 TP 79898.45 (risk $1.81, prize $1.35, calm mkt -> -$0.45 early)
2026-09-05T16:36:17.379766+00:00 ENTRY logged: SELL 0.03 @ 79943.59 ticket 1050120790
2026-09-05T16:38:03.668099+00:00 KINO: peak 80003.78 official -> pending BUY on M1 close back above it
2026-09-05T16:46:02.847795+00:00 KINO: dip 79920.04 official -> pending SELL on M1 close back below it
2026-09-05T16:49:43.404165+00:00 EXIT logged: ticket 1050120790 sl profit -1.8599999999999999 dur 13.5min
2026-09-05T16:49:43.406171+00:00 RECOV[1050119927]: link 1050120790 stopped -> two doors: M1 close beyond 80003.78 = flip, or back beyond 79943.59 = re-enter
2026-09-05T16:53:03.134137+00:00 RECOV[1050119927] ENTRY: BUY 0.04 @ ~80016.83 SL 79920.04 TP 80101.12 (risk $3.87, prize $3.37, strong mkt -> -$0.50 early)
2026-09-05T16:53:03.137090+00:00 KINO skipped: same wall as fighter chain 1050119927 (SL 79920.04)
2026-09-05T16:53:03.137090+00:00 KINO: dip 79962.56 official -> pending SELL on M1 close back below it
2026-09-05T16:53:05.146155+00:00 ENTRY logged: BUY 0.04 @ 80014.48 ticket 1050122240
2026-09-05T16:54:51.580091+00:00 RECOV[1050119927] RATCHET LOCK: link 1050122240 wall moved to entry 80026.98 (can no longer lose)
2026-09-05T16:54:54.141583+00:00 RECOV[1050119927] RATCHET BANK: link 1050122240 taken at +3.03 (70% of prize)
2026-09-05T16:54:56.155423+00:00 EXIT logged: ticket 1050122240 manual profit 3.08 dur 1.9min
2026-09-05T16:54:56.156565+00:00 RECOV[1050119927]: chain ENDED (link 1050122240 exit=manual 3.08)
2026-09-05T16:55:03.307814+00:00 KINO ENTRY: BUY 0.01 @ ~80116.34 SL 79920.04 TP 80263.57 (risk $1.96, prize $1.47, return to peak, strong mkt)
2026-09-05T16:55:05.317377+00:00 ENTRY logged: BUY 0.01 @ 80111.89 ticket 1050122750
2026-09-05T16:57:26.224581+00:00 KINO 40% LOCK: 1050122750 wall moved to entry
2026-09-05T16:58:16.161092+00:00 EXIT logged: ticket 1050122750 sl profit 0.19 dur 3.2min
2026-09-05T16:58:16.163626+00:00 RECOV[1050122750] armed: BUY 0.01 stopped at 79920.04 -> two doors: M1 close beyond the line = flip, or back beyond 80111.89 = re-enter
2026-09-05T16:58:16.163626+00:00 KINO: pending dn cleared - fresh pullback required after closed trade 1050122750
2026-09-05T16:59:02.280326+00:00 KINO: peak 80200.55 official -> pending BUY on M1 close back above it
2026-09-05T17:03:02.098596+00:00 KINO: dip 80002.61 official -> pending SELL on M1 close back below it
2026-09-05T17:08:04.479385+00:00 RECOV[1050122750] RE-ENTRY (fake break): BUY 0.02 @ ~80128.98 SL 80002.61 TP 80230.35 (risk $2.53, prize $2.03, strong mkt -> -$0.50 early)
2026-09-05T17:08:06.492684+00:00 ENTRY logged: BUY 0.02 @ 80128.55 ticket 1050125003
2026-09-05T17:23:03.007510+00:00 KINO: peak 80082.06 official -> pending BUY on M1 close back above it
2026-09-05T17:28:29.631072+00:00 EXIT logged: ticket 1050125003 sl profit -2.52 dur 19.6min
2026-09-05T17:28:29.634738+00:00 RECOV[1050122750]: link 1050125003 stopped -> two doors: M1 close beyond 80002.61 = flip, or back beyond 80128.55 = re-enter
2026-09-05T17:32:02.743261+00:00 KINO: dip 79961.95 official -> pending SELL on M1 close back below it
2026-09-05T17:33:02.935299+00:00 KINO skipped: last page at 0.03 - 0.04 unlocks the next page
2026-09-05T17:38:01.729301+00:00 KINO: peak 80148.52 official -> pending BUY on M1 close back above it
2026-09-05T17:40:03.282101+00:00 RECOV[1050122750] ENTRY: SELL 0.03 @ ~79990.42 SL 80163.75 TP 79850.42 (risk $5.20, prize $4.20, calm mkt -> -$1.00 early)
2026-09-05T17:40:05.294741+00:00 ENTRY logged: SELL 0.03 @ 80000.59 ticket 1050128017
2026-09-05T17:45:02.131710+00:00 KINO: dip 79985.45 official -> pending SELL on M1 close back below it
2026-09-05T17:49:03.530407+00:00 KINO: peak 80091.20 official -> pending BUY on M1 close back above it
2026-09-05T17:51:01.867324+00:00 KINO: dip 80024.47 official -> pending SELL on M1 close back below it
2026-09-05T17:56:02.687112+00:00 SHADOW ENTRY: recipe fired -> would BUY @ ~80079.85 (setup 80071.97)
2026-09-05T17:58:02.994502+00:00 KINO: peak 80097.64 official -> pending BUY on M1 close back above it
2026-09-05T18:06:01.484153+00:00 KINO: dip 80023.89 official -> pending SELL on M1 close back below it
2026-09-05T18:19:02.464423+00:00 KINO: dip 79965.67 official -> pending SELL on M1 close back below it
2026-09-05T18:24:01.323805+00:00 KINO: peak 80030.21 official -> pending BUY on M1 close back above it
2026-09-05T18:31:02.614579+00:00 KINO: dip 79943.57 official -> pending SELL on M1 close back below it
2026-09-05T18:31:02.616584+00:00 SHADOW ENTRY: recipe fired -> would BUY @ ~80035.98 (setup 80030.21)
2026-09-05T18:35:03.238585+00:00 KINO: dip 79961.59 official -> pending SELL on M1 close back below it
2026-09-05T18:43:08.617851+00:00 RECOV[1050122750] 40% LOCK: link 1050128017 wall moved to entry
2026-09-05T18:43:24.664208+00:00 EXIT logged: ticket 1050128017 sl profit 0.36 dur 63.4min
2026-09-05T18:43:24.666368+00:00 RECOV[1050122750]: link 1050128017 stopped -> two doors: M1 close beyond 79987.26 = flip, or back beyond 80000.59 = re-enter
2026-09-05T18:44:02.766862+00:00 RECOV[1050122750]: wall 79982.21 too close (13.6pts) - waiting (log once)
2026-09-05T18:44:02.770600+00:00 KINO: dip 79928.59 official -> pending SELL on M1 close back below it
2026-09-05T18:50:16.993500+00:00 RECOV[1050122750] RE-ENTRY (fake break): SELL 0.04 @ ~79931.92 SL 79996.85 TP 79883.22 (risk $2.60, prize $1.95, calm mkt -> -$0.65 early)
2026-09-05T18:50:19.008792+00:00 ENTRY logged: SELL 0.04 @ 79930.84 ticket 1050131908
2026-09-05T18:51:03.210938+00:00 KINO: peak 79954.59 official -> pending BUY on M1 close back above it
2026-09-05T18:53:01.508398+00:00 KINO skipped: wall 79924.99 too close (51.9pts)
2026-09-05T18:54:01.653260+00:00 KINO skipped: wall 79924.99 too close (45.1pts)
2026-09-05T18:55:03.811897+00:00 KINO skipped: wall 79924.99 too close (43.3pts)
2026-09-05T18:56:03.958480+00:00 KINO skipped: wall 79924.99 too close (44.6pts)
2026-09-05T18:57:04.122218+00:00 EXIT logged: ticket 1050131908 sl profit -2.66 dur 6.8min
2026-09-05T18:57:04.124148+00:00 RECOV[1050122750]: link 1050131908 stopped -> two doors: M1 close beyond 79996.85 = flip, or back beyond 79930.84 = re-enter
2026-09-05T18:57:05.288403+00:00 KINO ENTRY: BUY 0.01 @ ~79996.65 SL 79924.99 TP 80050.39 (risk $0.72, prize $0.54, return to peak, strong mkt)
2026-09-05T18:57:07.296260+00:00 ENTRY logged: BUY 0.01 @ 79996.65000000001 ticket 1050132258
2026-09-05T18:58:01.422836+00:00 RECOV[1050122750] held: same signal already taken by another page (one signal = one trade); door stays armed
2026-09-05T19:00:09.760423+00:00 RECOV[1050122750]: wall 79924.99 too close (54.6pts) - waiting (log once)
2026-09-05T19:01:03.896681+00:00 KINO: peak 80013.20 official -> pending BUY on M1 close back above it
2026-09-05T19:07:02.382459+00:00 KINO: dip 79927.40 official -> pending SELL on M1 close back below it
2026-09-05T19:14:01.942051+00:00 KINO: peak 79974.63 official -> pending BUY on M1 close back above it
2026-09-05T19:16:02.258841+00:00 KINO: dip 79930.22 official -> pending SELL on M1 close back below it
2026-09-05T19:18:16.652649+00:00 EXIT logged: ticket 1050132258 sl profit -0.72 dur 21.2min
2026-09-05T19:18:16.652649+00:00 WEATHER: storm detected (3 straight real losses) - FULL SHELTER, everything goes virtual
2026-09-05T19:18:16.655132+00:00 RECOV[1050132258] armed: BUY 0.01 stopped at 79924.99 -> two doors: M1 close beyond the line = flip, or back beyond 79996.65 = re-enter
2026-09-05T19:18:16.655132+00:00 KINO: pending up cleared - fresh pullback required after closed trade 1050132258
2026-09-05T19:18:16.655132+00:00 KINO: pending dn cleared - fresh pullback required after closed trade 1050132258
2026-09-05T19:21:03.123255+00:00 CHAIN FROZEN[1050122750]: fighter 0.05 waits for one ghost target + a fresh structure (owed $5.73)
2026-09-05T19:21:03.125785+00:00 KINO: peak 79967.48 official -> pending BUY on M1 close back above it
2026-09-05T19:22:03.715026+00:00 CHAIN FROZEN[1050132258]: fighter 0.02 waits for one ghost target + a fresh structure (owed $0.72)
2026-09-05T19:24:02.412325+00:00 KINO: dip 79892.76 official -> pending SELL on M1 close back below it
2026-09-05T19:27:02.895799+00:00 SHADOW page ENTRY: BUY 0.01 @ 79983.78 (virtual - shelter mode)
2026-09-05T19:29:03.244762+00:00 KINO: peak 79987.25 official -> pending BUY on M1 close back above it
2026-09-05T19:31:03.561798+00:00 KINO: dip 79954.22 official -> pending SELL on M1 close back below it
2026-09-05T19:33:04.301537+00:00 SHADOW page ENTRY: SELL 0.01 @ 79939.84 (virtual - shelter mode)
2026-09-05T19:34:16.645053+00:00 SHADOW chain[page] LOSS -0.91 (stop hit, streak reset)
2026-09-05T19:34:16.646808+00:00 SHADOW chain[page] WIN +0.30 (target hit, streak 1)
2026-09-05T19:41:01.849880+00:00 KINO: dip 79748.27 official -> pending SELL on M1 close back below it
2026-09-05T19:46:02.665442+00:00 KINO: peak 79865.01 official -> pending BUY on M1 close back above it
2026-09-05T19:50:04.547499+00:00 CHAIN RESUMED[1050122750] on structure: SELL 0.05 @ ~79744.26 SL 79865.01 TP 79643.51 (risk $6.04, owed $5.73)
2026-09-05T19:50:06.558719+00:00 ENTRY logged: SELL 0.05 @ 79744.26 ticket 1050137046
2026-09-05T19:55:03.075104+00:00 KINO: peak 79787.44 official -> pending BUY on M1 close back above it
2026-09-05T19:57:03.406664+00:00 KINO: dip 79705.42 official -> pending SELL on M1 close back below it
2026-09-05T19:59:01.712951+00:00 KINO: peak 79791.44 official -> pending BUY on M1 close back above it
2026-09-05T20:01:05.285216+00:00 CHAIN RESUMED[1050132258] on structure: BUY 0.02 @ ~79804.33 SL 79729.07 TP 79860.77 (risk $1.51, owed $0.72)
2026-09-05T20:01:07.292903+00:00 ENTRY logged: BUY 0.02 @ 79804.32 ticket 1050137891
2026-09-05T20:03:03.606807+00:00 KINO: peak 79810.13 official -> pending BUY on M1 close back above it
2026-09-05T20:03:35.704582+00:00 EXIT logged: ticket 1050137891 sl profit -1.51 dur 2.5min
2026-09-05T20:03:35.707378+00:00 RECOV[1050132258]: link 1050137891 stopped -> two doors: M1 close beyond 79729.07 = flip, or back beyond 79804.32 = re-enter
2026-09-05T20:04:03.789800+00:00 RECOV[1050132258] held: same signal already taken by another page (one signal = one trade); door stays armed
2026-09-05T20:05:18.023741+00:00 RECOV[1050132258]: wall 79810.13 too close (50.7pts) - waiting (log once)
2026-09-05T20:06:02.153207+00:00 KINO: dip 79712.85 official -> pending SELL on M1 close back below it
2026-09-05T20:12:13.039169+00:00 RECOV[1050132258] RE-ENTRY (fake break): BUY 0.03 @ ~79818.64 SL 79712.85 TP 79897.98 (risk $3.17, prize $2.38, calm mkt -> -$0.79 early)
2026-09-05T20:12:13.042400+00:00 KINO skipped: last page at 0.03 - 0.04 unlocks the next page
2026-09-05T20:12:13.045268+00:00 SHADOW ENTRY: recipe fired -> would BUY @ ~79810.37 (setup 79794.66)
2026-09-05T20:12:15.409618+00:00 ENTRY logged: BUY 0.03 @ 79818.64 ticket 1050138946
2026-09-05T20:14:01.756002+00:00 KINO: peak 79843.27 official -> pending BUY on M1 close back above it
2026-09-05T20:18:17.693724+00:00 EXIT logged: ticket 1050138946 sl profit -3.17 dur 6.2min
2026-09-05T20:18:17.695526+00:00 RECOV[1050132258]: link 1050138946 stopped -> two doors: M1 close beyond 79712.85 = flip, or back beyond 79818.64 = re-enter
2026-09-05T20:18:32.326157+00:00 RECOV[1050122750] RATCHET LOCK: link 1050137046 wall moved to entry 79732.26 (can no longer lose)
2026-09-05T20:18:38.345547+00:00 PAPER RUNNER BE-stopped: total +1.55 (virtual). Ledger: -31.50 over 12 attempts
2026-09-05T20:19:02.406418+00:00 RECOV[1050132258] held: same signal already taken by another page (one signal = one trade); door stays armed
2026-09-05T20:19:02.408265+00:00 KINO skipped: same signal already taken by 1050137046 (one signal = one trade)
2026-09-05T20:20:26.647386+00:00 EXIT logged: ticket 1050137046 sl profit -0.32 dur 30.4min
2026-09-05T20:20:26.650706+00:00 RECOV[1050122750]: link 1050137046 stopped -> two doors: M1 close beyond 79732.26 = flip, or back beyond 79744.26 = re-enter
2026-09-05T20:20:27.699964+00:00 RECOV[1050132258] ENTRY: SELL 0.04 @ ~79757.07 SL 79843.27 TP 79692.42 (risk $3.45, prize $2.59, calm mkt -> -$0.86 early)
2026-09-05T20:20:29.709949+00:00 ENTRY logged: SELL 0.04 @ 79757.07 ticket 1050139765
2026-09-05T20:21:04.971614+00:00 RECOV[1050122750] ENTRY: BUY 0.06 @ ~79782.34 SL 79687.04 TP 79869.31 (risk $5.72, prize $5.22, strong mkt -> -$0.50 early)
2026-09-05T20:21:04.974440+00:00 KINO: dip 79687.04 official -> pending SELL on M1 close back below it
2026-09-05T20:21:06.982957+00:00 ENTRY logged: BUY 0.06 @ 79782.34 ticket 1050139839
2026-09-05T20:25:40.371946+00:00 RECOV[1050122750] RATCHET LOCK: link 1050139839 wall moved to entry 79794.01 (can no longer lose)
2026-09-05T20:26:16.463609+00:00 EXIT logged: ticket 1050139839 sl profit 0.4 dur 5.2min
2026-09-05T20:26:16.463609+00:00 RECOV[1050122750]: link 1050139839 stopped -> two doors: M1 close beyond 79794.01 = flip, or back beyond 79782.34 = re-enter
2026-09-05T20:27:02.580570+00:00 RECOV[1050122750]: wall 79785.66 too close (37.2pts) - waiting (log once)
2026-09-05T20:28:02.755912+00:00 RECOV[1050122750] held: same signal already taken by another page (one signal = one trade); door stays armed
2026-09-05T20:28:02.757923+00:00 KINO: peak 79829.45 official -> pending BUY on M1 close back above it
2026-09-05T20:28:15.385619+00:00 RECOV[1050132258] RATCHET LOCK: link 1050139765 wall moved to entry 79744.57 (can no longer lose)
2026-09-05T20:28:25.414208+00:00 EXIT logged: ticket 1050139765 sl profit 0.45 dur 8.0min
2026-09-05T20:28:25.415078+00:00 RECOV[1050132258]: link 1050139765 stopped -> two doors: M1 close beyond 79744.57 = flip, or back beyond 79757.07 = re-enter
2026-09-05T20:28:26.632748+00:00 RECOV[1050122750] ENTRY: SELL 0.07 @ ~79749.94 SL 79829.45 TP 79677.57 (risk $5.57, prize $5.07, strong mkt -> -$0.50 early)
2026-09-05T20:28:28.645958+00:00 ENTRY logged: SELL 0.07 @ 79749.94 ticket 1050140310
2026-09-05T20:28:53.719963+00:00 RECOV[1050122750] RATCHET LOCK: link 1050140310 wall moved to entry 79738.51 (can no longer lose)
2026-09-05T20:29:03.744802+00:00 RECOV[1050132258] held: same signal already taken by another page (one signal = one trade); door stays armed
2026-09-05T20:30:03.942406+00:00 EXIT logged: ticket 1050140310 sl profit 0.54 dur 1.6min
2026-09-05T20:30:03.945161+00:00 RECOV[1050122750]: link 1050140310 stopped -> two doors: M1 close beyond 79738.51 = flip, or back beyond 79749.94 = re-enter
2026-09-05T20:30:05.063782+00:00 RECOV[1050132258] RE-ENTRY (fake break): SELL 0.05 @ ~79734.45 SL 79829.45 TP 79659.45 (risk $4.75, prize $3.75, calm mkt -> -$1.00 early)
2026-09-05T20:30:07.078413+00:00 ENTRY logged: SELL 0.05 @ 79739.41 ticket 1050140475
2026-09-05T20:31:03.250432+00:00 RECOV[1050122750]: wall 79739.41 too close (8.1pts) - waiting (log once)
2026-09-05T20:35:04.557222+00:00 RECOV[1050132258] RATCHET LOCK: link 1050140475 wall moved to entry 79727.41 (can no longer lose)
2026-09-05T20:35:16.601443+00:00 EXIT logged: ticket 1050140475 sl profit 0.47 dur 5.2min
2026-09-05T20:35:16.602935+00:00 RECOV[1050132258]: link 1050140475 stopped -> two doors: M1 close beyond 79727.41 = flip, or back beyond 79739.41 = re-enter
2026-09-05T20:36:02.739663+00:00 RECOV[1050132258]: wall 79730.74 too close (30.1pts) - waiting (log once)
2026-09-05T20:37:04.070181+00:00 RECOV[1050122750] ENTRY: BUY 0.08 @ ~79768.07 SL 79685.70 TP 79844.19 (risk $6.59, prize $6.09, strong mkt -> -$0.50 early)
2026-09-05T20:37:04.072186+00:00 RECOV[1050132258] held: same signal already taken by another page (one signal = one trade); door stays armed
2026-09-05T20:37:04.077234+00:00 KINO: dip 79685.70 official -> pending SELL on M1 close back below it
2026-09-05T20:37:06.089359+00:00 ENTRY logged: BUY 0.08 @ 79768.07 ticket 1050140801
2026-09-05T20:42:03.052529+00:00 KINO: dip 79717.04 official -> pending SELL on M1 close back below it
2026-09-05T20:51:15.088529+00:00 RECOV[1050122750] RATCHET LOCK: link 1050140801 wall moved to entry 79779.32 (can no longer lose)
2026-09-05T20:51:17.108438+00:00 EXIT logged: ticket 1050140801 sl profit 0.31 dur 14.2min
2026-09-05T20:51:17.110446+00:00 RECOV[1050122750]: link 1050140801 stopped -> two doors: M1 close beyond 79779.32 = flip, or back beyond 79768.07 = re-enter
2026-09-05T20:51:18.371063+00:00 RECOV[1050132258] ENTRY: BUY 0.06 @ ~79764.95 SL 79685.70 TP 79827.53 (risk $4.75, prize $3.75, calm mkt -> -$1.00 early)
2026-09-05T20:51:20.382094+00:00 ENTRY logged: BUY 0.06 @ 79758.15000000001 ticket 1050141316
2026-09-05T20:52:02.513841+00:00 RECOV[1050122750]: wall 79799.01 too close (28.7pts) - waiting (log once)
2026-09-05T20:53:02.686104+00:00 KINO: peak 79799.01 official -> pending BUY on M1 close back above it
2026-09-05T20:53:23.854617+00:00 RECOV[1050122750] ENTRY: SELL 0.09 @ ~79738.09 SL 79799.01 TP 79688.28 (risk $5.48, prize $4.48, calm mkt -> -$1.00 early)
2026-09-05T20:53:25.865935+00:00 ENTRY logged: SELL 0.09 @ 79738.09 ticket 1050141412
2026-09-05T20:55:04.106000+00:00 KINO: dip 79730.82 official -> pending SELL on M1 close back below it
2026-09-05T20:58:42.126924+00:00 EXIT logged: ticket 1050141412 sl profit -5.67 dur 5.3min
2026-09-05T20:58:42.128950+00:00 RECOV[1050122750]: link 1050141412 stopped -> two doors: M1 close beyond 79799.01 = flip, or back beyond 79738.09 = re-enter
2026-09-05T20:58:42.648011+00:00 RECOV[1050132258] RATCHET LOCK: link 1050141316 wall moved to entry 79769.82 (can no longer lose)
2026-09-05T20:59:12.746936+00:00 EXIT logged: ticket 1050141316 sl profit 0.67 dur 7.9min
2026-09-05T20:59:12.748943+00:00 RECOV[1050132258]: link 1050141316 stopped -> two doors: M1 close beyond 79769.82 = flip, or back beyond 79758.15 = re-enter
2026-09-05T21:00:03.284916+00:00 RECOV[1050132258]: wall 79799.01 too close (57.7pts) - waiting (log once)
2026-09-05T21:00:03.285696+00:00 KINO: peak 79793.29 official -> pending BUY on M1 close back above it
2026-09-05T21:00:19.323971+00:00 RECOV[1050132258] ENTRY: SELL 0.07 @ ~79738.68 SL 79799.01 TP 79685.49 (risk $4.22, prize $3.72, strong mkt -> -$0.50 early)
2026-09-05T21:00:21.387565+00:00 ENTRY logged: SELL 0.07 @ 79740.25 ticket 1050141617
2026-09-05T21:02:03.692556+00:00 RECOV[1050122750]: wall 79793.29 too close (59.0pts) - waiting (log once)
2026-09-05T21:03:53.987296+00:00 RECOV[1050122750] held: same signal already taken by another page (one signal = one trade); door stays armed
2026-09-05T21:11:38.214330+00:00 EXIT logged: ticket 1050141617 sl profit -4.13 dur 11.5min
2026-09-05T21:11:38.214330+00:00 RECOV[1050132258]: link 1050141617 stopped -> two doors: M1 close beyond 79799.01 = flip, or back beyond 79740.25 = re-enter
2026-09-05T21:14:02.582274+00:00 KINO: peak 79790.01 official -> pending BUY on M1 close back above it
2026-09-05T21:19:04.396600+00:00 RECOV[1050122750] ENTRY: BUY 0.1 @ ~79823.39 SL 79720.64 TP 79921.14 (risk $10.28, prize $9.78, strong mkt -> -$0.50 early)
2026-09-05T21:19:04.396600+00:00 RECOV[1050132258] held: same signal already taken by another page (one signal = one trade); door stays armed
2026-09-05T21:19:04.396600+00:00 KINO skipped: same wall as fighter chain 1050122750 (SL 79720.64)
2026-09-05T21:19:06.417360+00:00 ENTRY logged: BUY 0.1 @ 79821.6 ticket 1050142234
2026-09-05T21:24:15.890014+00:00 RECOV[1050122750] RATCHET LOCK: link 1050142234 wall moved to entry 79832.6 (can no longer lose)
2026-09-05T21:25:04.018905+00:00 KINO skipped: same signal already taken by 1050142234 (one signal = one trade)
2026-09-05T21:26:04.181315+00:00 KINO: peak 79872.97 official -> pending BUY on M1 close back above it
2026-09-05T21:26:04.183420+00:00 SHADOW ENTRY: recipe fired -> would BUY @ ~79838.00 (setup 79830.75)
2026-09-05T21:37:49.458876+00:00 EXIT logged: ticket 1050142234 sl profit 1.01 dur 18.7min
2026-09-05T21:37:49.461736+00:00 RECOV[1050122750]: link 1050142234 stopped -> two doors: M1 close beyond 79832.60 = flip, or back beyond 79821.60 = re-enter
2026-09-05T21:37:52.144410+00:00 RECOV[1050132258] ENTRY: BUY 0.08 @ ~79846.93 SL 79720.64 TP 79960.72 (risk $10.10, prize $9.10, calm mkt -> -$1.00 early)
2026-09-05T21:37:54.154918+00:00 ENTRY logged: BUY 0.08 @ 79846.93000000001 ticket 1050142959
2026-09-05T21:38:04.180563+00:00 RECOV[1050122750]: wall 79831.73 too close (13.9pts) - waiting (log once)
2026-09-05T21:39:04.345476+00:00 KINO: dip 79831.73 official -> pending SELL on M1 close back below it
2026-09-05T21:41:42.742107+00:00 RECOV[1050122750] held: same signal already taken by another page (one signal = one trade); door stays armed
2026-09-05T21:42:02.792059+00:00 KINO skipped: same signal already taken by 1050142959 (one signal = one trade)
2026-09-05T21:42:52.851544+00:00 RECOV[1050132258] RATCHET BANK: link 1050142959 taken at +6.72 (70% of prize)
2026-09-05T21:42:54.866726+00:00 EXIT logged: ticket 1050142959 manual profit 5.73 dur 5.0min
2026-09-05T21:42:54.867087+00:00 RECOV[1050132258]: chain ENDED (link 1050142959 exit=manual 5.73)
2026-09-05T21:42:56.088587+00:00 RECOV[1050122750] RE-ENTRY (fake break): BUY 0.11 @ ~79938.90 SL 79831.73 TP 80041.52 (risk $11.79, prize $11.29, strong mkt -> -$0.50 early)
2026-09-05T21:42:58.102638+00:00 ENTRY logged: BUY 0.11 @ 79933.51 ticket 1050143307
2026-09-05T21:43:02.117769+00:00 KINO skipped: same wall as fighter chain 1050122750 (SL 79831.73)
2026-09-05T21:49:03.140716+00:00 KINO: peak 79930.88 official -> pending BUY on M1 close back above it
2026-09-05T21:50:03.321280+00:00 KINO: dip 79851.80 official -> pending SELL on M1 close back below it
2026-09-05T21:54:02.988483+00:00 KINO: peak 79945.16 official -> pending BUY on M1 close back above it
2026-09-05T21:58:03.603788+00:00 KINO: dip 79867.35 official -> pending SELL on M1 close back below it
2026-09-05T22:01:04.146988+00:00 KINO: dip 79893.01 official -> pending SELL on M1 close back below it
2026-09-05T22:04:02.666419+00:00 KINO: peak 79937.85 official -> pending BUY on M1 close back above it
2026-09-05T22:05:02.818151+00:00 SHADOW page ENTRY: SELL 0.01 @ 79862.41 (virtual - shelter mode)
2026-09-05T22:11:03.852866+00:00 KINO: dip 79850.17 official -> pending SELL on M1 close back below it
2026-09-05T22:13:02.214420+00:00 SHADOW ENTRY: recipe fired -> would BUY @ ~79924.25 (setup 79910.46)
2026-09-05T22:14:10.406253+00:00 SHADOW chain[page] LOSS -0.75 (stop hit, streak reset)
2026-09-05T22:18:03.056227+00:00 KINO: peak 79948.70 official -> pending BUY on M1 close back above it
2026-09-05T22:23:02.757529+00:00 SHADOW page ENTRY: SELL 0.01 @ 79845.40 (virtual - shelter mode)
2026-09-05T22:26:03.451655+00:00 KINO: peak 79866.43 official -> pending BUY on M1 close back above it
2026-09-05T22:26:07.476582+00:00 EXIT logged: ticket 1050143307 sl profit -11.24 dur 43.2min
2026-09-05T22:26:07.476582+00:00 RECOV[1050122750]: link 1050143307 stopped -> two doors: M1 close beyond 79831.73 = flip, or back beyond 79933.51 = re-enter
2026-09-05T22:27:03.655036+00:00 TRADING PAUSED by the account owner (app switch) - no new positions
2026-09-05T22:27:03.655036+00:00 RECOV[1050122750] entry FAILED retcode=None
2026-09-05T22:27:05.662307+00:00 RECOV[1050122750] entry FAILED retcode=None
2026-09-05T22:27:07.666961+00:00 RECOV[1050122750] entry FAILED retcode=None
2026-09-05T22:27:09.674522+00:00 RECOV[1050122750] entry FAILED retcode=None
2026-09-05T22:27:11.679749+00:00 RECOV[1050122750] entry FAILED retcode=None
2026-09-05T22:27:13.701347+00:00 RECOV[1050122750] entry FAILED retcode=None
2026-09-05T22:27:15.711876+00:00 RECOV[1050122750] entry FAILED retcode=None
2026-09-05T22:27:17.718961+00:00 RECOV[1050122750] entry FAILED retcode=None
2026-09-05T22:27:19.727186+00:00 RECOV[1050122750] entry FAILED retcode=None
2026-09-05T22:27:21.730815+00:00 RECOV[1050122750] entry FAILED retcode=None
2026-09-05T22:27:23.735211+00:00 RECOV[1050122750] entry FAILED retcode=None
2026-09-05T22:27:23.735211+00:00 SHADOW chain[page] WIN +0.30 (target hit, streak 1)
2026-09-05T22:27:25.749102+00:00 RECOV[1050122750] entry FAILED retcode=None
2026-09-05T22:27:27.758561+00:00 RECOV[1050122750] entry FAILED retcode=None
2026-09-05T22:27:29.764982+00:00 RECOV[1050122750] entry FAILED retcode=None
2026-09-05T22:27:31.770203+00:00 RECOV[1050122750] entry FAILED retcode=None
2026-09-05T22:27:33.780629+00:00 RECOV[1050122750] entry FAILED retcode=None
2026-09-05T22:27:35.788065+00:00 RECOV[1050122750] entry FAILED retcode=None
2026-09-05T22:27:37.794934+00:00 RECOV[1050122750] entry FAILED retcode=None
2026-09-05T22:27:39.801025+00:00 RECOV[1050122750] entry FAILED retcode=None
2026-09-05T22:27:41.806319+00:00 RECOV[1050122750] entry FAILED retcode=None
2026-09-05T22:27:43.811459+00:00 RECOV[1050122750] entry FAILED retcode=None
2026-09-05T22:27:45.817856+00:00 RECOV[1050122750] entry FAILED retcode=None
2026-09-05T22:27:47.821517+00:00 RECOV[1050122750] entry FAILED retcode=None
2026-09-05T22:27:49.827410+00:00 RECOV[1050122750] entry FAILED retcode=None
2026-09-05T22:27:51.831232+00:00 RECOV[1050122750] entry FAILED retcode=None
2026-09-05T22:27:53.842017+00:00 RECOV[1050122750] entry FAILED retcode=None
2026-09-05T22:27:55.848578+00:00 RECOV[1050122750] entry FAILED retcode=None
2026-09-05T22:27:57.852878+00:00 RECOV[1050122750] entry FAILED retcode=None
2026-09-05T22:27:59.856686+00:00 RECOV[1050122750] entry FAILED retcode=None
2026-09-05T22:28:01.863596+00:00 RECOV[1050122750] entry FAILED retcode=None
2026-09-05T22:28:03.871530+00:00 RECOV[1050122750] entry FAILED retcode=None
2026-09-05T22:28:05.876685+00:00 RECOV[1050122750] entry FAILED retcode=None
2026-09-05T22:28:07.883895+00:00 RECOV[1050122750] entry FAILED retcode=None
2026-09-05T22:28:09.891276+00:00 RECOV[1050122750] entry FAILED retcode=None
2026-09-05T22:28:11.896203+00:00 RECOV[1050122750] entry FAILED retcode=None
2026-09-05T22:28:13.904472+00:00 RECOV[1050122750] entry FAILED retcode=None
2026-09-05T22:28:15.911056+00:00 RECOV[1050122750] entry FAILED retcode=None
2026-09-05T22:28:17.917724+00:00 RECOV[1050122750] entry FAILED retcode=None
2026-09-05T22:28:19.921789+00:00 RECOV[1050122750] entry FAILED retcode=None
2026-09-05T22:28:21.927172+00:00 RECOV[1050122750] entry FAILED retcode=None
2026-09-05T22:28:23.932259+00:00 RECOV[1050122750] entry FAILED retcode=None
2026-09-05T22:28:25.938452+00:00 RECOV[1050122750] entry FAILED retcode=None
2026-09-05T22:28:27.944607+00:00 RECOV[1050122750] entry FAILED retcode=None
2026-09-05T22:28:29.950015+00:00 RECOV[1050122750] entry FAILED retcode=None
2026-09-05T22:28:31.954935+00:00 RECOV[1050122750] entry FAILED retcode=None
2026-09-05T22:28:33.966351+00:00 RECOV[1050122750] entry FAILED retcode=None
2026-09-05T22:28:35.970307+00:00 RECOV[1050122750] entry FAILED retcode=None
2026-09-05T22:28:37.975942+00:00 RECOV[1050122750] entry FAILED retcode=None
2026-09-05T22:28:39.983193+00:00 RECOV[1050122750] entry FAILED retcode=None
2026-09-05T22:28:41.989656+00:00 RECOV[1050122750] entry FAILED retcode=None
2026-09-05T22:28:43.993862+00:00 RECOV[1050122750] entry FAILED retcode=None
2026-09-05T22:28:45.999645+00:00 RECOV[1050122750] entry FAILED retcode=None
2026-09-05T22:28:48.004000+00:00 RECOV[1050122750] entry FAILED retcode=None
2026-09-05T22:28:50.008891+00:00 RECOV[1050122750] entry FAILED retcode=None
2026-09-05T22:28:52.016794+00:00 RECOV[1050122750] entry FAILED retcode=None
2026-09-05T22:28:54.024246+00:00 RECOV[1050122750] entry FAILED retcode=None
2026-09-05T22:28:56.026811+00:00 RECOV[1050122750] entry FAILED retcode=None
2026-09-05T22:28:58.035313+00:00 RECOV[1050122750] entry FAILED retcode=None
2026-09-05T22:29:00.040949+00:00 RECOV[1050122750] entry FAILED retcode=None
2026-09-05T22:29:02.053146+00:00 RECOV[1050122750] entry FAILED retcode=None
2026-09-05T22:29:04.062304+00:00 RECOV[1050122750] entry FAILED retcode=None
2026-09-05T22:29:06.068184+00:00 RECOV[1050122750] entry FAILED retcode=None
2026-09-05T22:29:08.072557+00:00 RECOV[1050122750] entry FAILED retcode=None
2026-09-05T22:29:10.081901+00:00 RECOV[1050122750] entry FAILED retcode=None
2026-09-05T22:29:12.087385+00:00 RECOV[1050122750] entry FAILED retcode=None
2026-09-05T22:29:14.092041+00:00 RECOV[1050122750] entry FAILED retcode=None
2026-09-05T22:29:16.098718+00:00 RECOV[1050122750] entry FAILED retcode=None
2026-09-05T22:29:18.104306+00:00 RECOV[1050122750] entry FAILED retcode=None
2026-09-05T22:29:20.107982+00:00 RECOV[1050122750] entry FAILED retcode=None
2026-09-05T22:29:22.113757+00:00 RECOV[1050122750] entry FAILED retcode=None
2026-09-05T22:29:24.117888+00:00 RECOV[1050122750] entry FAILED retcode=None
2026-09-05T22:29:26.123318+00:00 RECOV[1050122750] entry FAILED retcode=None
2026-09-05T22:29:28.129384+00:00 RECOV[1050122750] entry FAILED retcode=None
2026-09-05T22:29:30.135658+00:00 RECOV[1050122750] entry FAILED retcode=None
2026-09-05T22:29:32.139866+00:00 RECOV[1050122750] entry FAILED retcode=None
2026-09-05T22:29:34.152590+00:00 RECOV[1050122750] entry FAILED retcode=None
2026-09-05T22:29:36.159436+00:00 RECOV[1050122750] entry FAILED retcode=None
2026-09-05T22:29:38.163486+00:00 RECOV[1050122750] entry FAILED retcode=None
2026-09-05T22:29:40.169366+00:00 RECOV[1050122750] entry FAILED retcode=None
2026-09-05T22:29:42.174940+00:00 RECOV[1050122750] entry FAILED retcode=None
2026-09-05T22:29:44.180389+00:00 RECOV[1050122750] entry FAILED retcode=None
2026-09-05T22:29:46.186411+00:00 RECOV[1050122750] entry FAILED retcode=None
2026-09-05T22:29:48.191535+00:00 RECOV[1050122750] entry FAILED retcode=None
2026-09-05T22:29:50.196635+00:00 RECOV[1050122750] entry FAILED retcode=None
2026-09-05T22:29:52.203346+00:00 RECOV[1050122750] entry FAILED retcode=None
2026-09-05T22:29:54.208679+00:00 RECOV[1050122750] entry FAILED retcode=None
2026-09-05T22:29:56.215847+00:00 RECOV[1050122750] entry FAILED retcode=None
2026-09-05T22:29:58.221069+00:00 RECOV[1050122750] entry FAILED retcode=None
2026-09-05T22:30:00.227538+00:00 RECOV[1050122750] entry FAILED retcode=None
2026-09-05T22:30:02.240473+00:00 RECOV[1050122750] entry FAILED retcode=None
2026-09-05T22:30:04.248152+00:00 RECOV[1050122750] entry FAILED retcode=None
2026-09-05T22:30:06.257306+00:00 RECOV[1050122750] entry FAILED retcode=None
2026-09-05T22:30:08.262215+00:00 RECOV[1050122750] entry FAILED retcode=None
2026-09-05T22:30:10.274573+00:00 RECOV[1050122750] entry FAILED retcode=None
2026-09-05T22:30:12.285597+00:00 RECOV[1050122750] entry FAILED retcode=None
2026-09-05T22:30:14.292516+00:00 RECOV[1050122750] entry FAILED retcode=None
2026-09-05T22:30:16.300474+00:00 RECOV[1050122750] entry FAILED retcode=None
2026-09-05T22:30:18.308708+00:00 RECOV[1050122750] entry FAILED retcode=None
2026-09-05T22:30:20.315637+00:00 RECOV[1050122750] entry FAILED retcode=None
2026-09-05T22:30:22.323928+00:00 RECOV[1050122750] entry FAILED retcode=None
2026-09-05T22:30:24.332480+00:00 RECOV[1050122750] entry FAILED retcode=None
2026-09-05T22:30:26.339196+00:00 RECOV[1050122750] entry FAILED retcode=None
2026-09-05T22:30:28.348271+00:00 RECOV[1050122750] entry FAILED retcode=None
2026-09-05T22:30:30.350690+00:00 RECOV[1050122750] entry FAILED retcode=None
2026-09-05T22:30:32.361273+00:00 RECOV[1050122750] entry FAILED retcode=None
2026-09-05T22:30:34.372651+00:00 RECOV[1050122750] entry FAILED retcode=None
2026-09-05T22:30:36.378040+00:00 RECOV[1050122750] entry FAILED retcode=None
2026-09-05T22:30:38.381821+00:00 RECOV[1050122750] entry FAILED retcode=None
2026-09-05T22:30:40.390080+00:00 RECOV[1050122750] entry FAILED retcode=None
2026-09-05T22:30:42.394965+00:00 RECOV[1050122750] entry FAILED retcode=None
2026-09-05T22:30:44.399925+00:00 RECOV[1050122750] entry FAILED retcode=None
2026-09-05T22:30:46.406373+00:00 RECOV[1050122750] entry FAILED retcode=None
2026-09-05T22:30:48.409940+00:00 RECOV[1050122750] entry FAILED retcode=None
2026-09-05T22:30:50.415470+00:00 RECOV[1050122750] entry FAILED retcode=None
2026-09-05T22:30:52.419954+00:00 RECOV[1050122750] entry FAILED retcode=None
2026-09-05T22:30:54.423904+00:00 RECOV[1050122750] entry FAILED retcode=None
2026-09-05T22:30:56.428392+00:00 RECOV[1050122750] entry FAILED retcode=None
2026-09-05T22:30:58.434201+00:00 RECOV[1050122750] entry FAILED retcode=None
2026-09-05T22:31:00.439858+00:00 RECOV[1050122750] entry FAILED retcode=None
2026-09-05T22:31:02.449247+00:00 KINO: dip 79769.98 official -> pending SELL on M1 close back below it
2026-09-05T22:35:03.039474+00:00 RECOV[1050122750] entry FAILED retcode=None
2026-09-05T22:35:03.041013+00:00 KINO: peak 79859.19 official -> pending BUY on M1 close back above it
2026-09-05T22:35:05.047338+00:00 RECOV[1050122750] entry FAILED retcode=None
2026-09-05T22:35:07.054115+00:00 RECOV[1050122750] entry FAILED retcode=None
2026-09-05T22:35:09.064336+00:00 RECOV[1050122750] entry FAILED retcode=None
2026-09-05T22:35:11.070203+00:00 RECOV[1050122750] entry FAILED retcode=None
2026-09-05T22:35:13.078736+00:00 RECOV[1050122750] entry FAILED retcode=None
2026-09-05T22:35:15.083631+00:00 RECOV[1050122750] entry FAILED retcode=None
2026-09-05T22:35:17.089823+00:00 RECOV[1050122750] entry FAILED retcode=None
2026-09-05T22:35:19.095594+00:00 RECOV[1050122750] entry FAILED retcode=None
2026-09-05T22:35:21.101002+00:00 RECOV[1050122750] entry FAILED retcode=None
2026-09-05T22:35:23.104212+00:00 RECOV[1050122750] entry FAILED retcode=None
2026-09-05T22:35:25.106765+00:00 RECOV[1050122750] entry FAILED retcode=None
2026-09-05T22:35:27.113475+00:00 RECOV[1050122750] entry FAILED retcode=None
2026-09-05T22:35:29.124319+00:00 RECOV[1050122750] entry FAILED retcode=None
2026-09-05T22:35:31.129354+00:00 RECOV[1050122750] entry FAILED retcode=None
2026-09-05T22:35:33.131873+00:00 RECOV[1050122750] entry FAILED retcode=None
2026-09-05T22:35:35.142782+00:00 RECOV[1050122750] entry FAILED retcode=None
2026-09-05T22:35:37.148527+00:00 RECOV[1050122750] entry FAILED retcode=None
2026-09-05T22:35:39.152853+00:00 RECOV[1050122750] entry FAILED retcode=None
2026-09-05T22:35:41.156771+00:00 RECOV[1050122750] entry FAILED retcode=None
2026-09-05T22:35:43.160166+00:00 RECOV[1050122750] entry FAILED retcode=None
2026-09-05T22:35:45.165637+00:00 RECOV[1050122750] entry FAILED retcode=None
2026-09-05T22:35:47.170081+00:00 RECOV[1050122750] entry FAILED retcode=None
2026-09-05T22:35:49.173948+00:00 RECOV[1050122750] entry FAILED retcode=None
2026-09-05T22:35:51.179172+00:00 RECOV[1050122750] entry FAILED retcode=None
2026-09-05T22:35:53.185994+00:00 RECOV[1050122750] entry FAILED retcode=None
2026-09-05T22:35:55.191113+00:00 RECOV[1050122750] entry FAILED retcode=None
2026-09-05T22:35:57.202831+00:00 RECOV[1050122750] entry FAILED retcode=None
2026-09-05T22:35:59.208453+00:00 RECOV[1050122750] entry FAILED retcode=None
2026-09-05T22:36:01.212254+00:00 RECOV[1050122750] entry FAILED retcode=None
2026-09-05T22:36:03.218677+00:00 RECOV[1050122750] entry FAILED retcode=None
2026-09-05T22:36:05.227258+00:00 RECOV[1050122750] entry FAILED retcode=None
2026-09-05T22:36:07.228530+00:00 RECOV[1050122750] entry FAILED retcode=None
2026-09-05T22:36:09.238884+00:00 RECOV[1050122750] entry FAILED retcode=None
2026-09-05T22:36:11.244093+00:00 RECOV[1050122750] entry FAILED retcode=None
2026-09-05T22:36:13.249216+00:00 RECOV[1050122750] entry FAILED retcode=None
2026-09-05T22:36:15.251493+00:00 RECOV[1050122750] entry FAILED retcode=None
2026-09-05T22:36:17.262473+00:00 RECOV[1050122750] entry FAILED retcode=None
2026-09-05T22:36:19.267026+00:00 RECOV[1050122750] entry FAILED retcode=None
2026-09-05T22:36:21.272045+00:00 RECOV[1050122750] entry FAILED retcode=None
2026-09-05T22:36:23.277281+00:00 RECOV[1050122750] entry FAILED retcode=None
2026-09-05T22:36:25.282293+00:00 RECOV[1050122750] entry FAILED retcode=None
2026-09-05T22:36:27.287683+00:00 RECOV[1050122750] entry FAILED retcode=None
2026-09-05T22:36:29.293134+00:00 RECOV[1050122750] entry FAILED retcode=None
2026-09-05T22:36:31.297112+00:00 RECOV[1050122750] entry FAILED retcode=None
2026-09-05T22:36:33.301498+00:00 RECOV[1050122750] entry FAILED retcode=None
2026-09-05T22:36:35.315313+00:00 RECOV[1050122750] entry FAILED retcode=None
2026-09-05T22:36:37.317903+00:00 RECOV[1050122750] entry FAILED retcode=None
2026-09-05T22:36:39.326111+00:00 RECOV[1050122750] entry FAILED retcode=None
2026-09-05T22:36:41.330856+00:00 RECOV[1050122750] entry FAILED retcode=None
2026-09-05T22:36:43.332571+00:00 RECOV[1050122750] entry FAILED retcode=None
2026-09-05T22:36:45.341800+00:00 RECOV[1050122750] entry FAILED retcode=None
2026-09-05T22:36:47.364255+00:00 RECOV[1050122750] entry FAILED retcode=None
2026-09-05T22:36:49.368892+00:00 RECOV[1050122750] entry FAILED retcode=None
2026-09-05T22:36:51.374850+00:00 RECOV[1050122750] entry FAILED retcode=None
2026-09-05T22:36:53.378242+00:00 RECOV[1050122750] entry FAILED retcode=None
2026-09-05T22:36:55.384177+00:00 RECOV[1050122750] entry FAILED retcode=None
2026-09-05T22:36:57.390189+00:00 RECOV[1050122750] entry FAILED retcode=None
2026-09-05T22:36:59.391725+00:00 RECOV[1050122750] entry FAILED retcode=None
2026-09-05T22:37:01.398093+00:00 RECOV[1050122750] entry FAILED retcode=None
2026-09-05T22:37:03.401238+00:00 RECOV[1050122750] entry FAILED retcode=None
2026-09-05T22:37:05.411816+00:00 TRADING PAUSED by the account owner (app switch) - no new positions
2026-09-05T22:37:05.411816+00:00 RECOV[1050122750] entry FAILED retcode=None
2026-09-05T22:37:07.416630+00:00 RECOV[1050122750] entry FAILED retcode=None
2026-09-05T22:37:09.422451+00:00 RECOV[1050122750] entry FAILED retcode=None
2026-09-05T22:37:11.426026+00:00 RECOV[1050122750] entry FAILED retcode=None
2026-09-05T22:37:13.429617+00:00 RECOV[1050122750] entry FAILED retcode=None
2026-09-05T22:37:15.441012+00:00 RECOV[1050122750] entry FAILED retcode=None
2026-09-05T22:37:17.449093+00:00 RECOV[1050122750] entry FAILED retcode=None
2026-09-05T22:37:19.453539+00:00 RECOV[1050122750] entry FAILED retcode=None
2026-09-05T22:37:21.462863+00:00 RECOV[1050122750] entry FAILED retcode=None
2026-09-05T22:37:23.467058+00:00 RECOV[1050122750] entry FAILED retcode=None
2026-09-05T22:37:25.472443+00:00 RECOV[1050122750] entry FAILED retcode=None
2026-09-05T22:37:27.476935+00:00 RECOV[1050122750] entry FAILED retcode=None
2026-09-05T22:37:29.483572+00:00 RECOV[1050122750] entry FAILED retcode=None
2026-09-05T22:37:31.488455+00:00 RECOV[1050122750] entry FAILED retcode=None
2026-09-05T22:37:33.489801+00:00 RECOV[1050122750] entry FAILED retcode=None
2026-09-05T22:37:35.503003+00:00 RECOV[1050122750] entry FAILED retcode=None
2026-09-05T22:37:37.506956+00:00 RECOV[1050122750] entry FAILED retcode=None
2026-09-05T22:37:39.510115+00:00 RECOV[1050122750] entry FAILED retcode=None
2026-09-05T22:37:41.516288+00:00 RECOV[1050122750] entry FAILED retcode=None
2026-09-05T22:37:43.519718+00:00 RECOV[1050122750] entry FAILED retcode=None
2026-09-05T22:37:45.531033+00:00 RECOV[1050122750] entry FAILED retcode=None
2026-09-05T22:37:47.539236+00:00 RECOV[1050122750] entry FAILED retcode=None
2026-09-05T22:37:49.541836+00:00 RECOV[1050122750] entry FAILED retcode=None
2026-09-05T22:37:51.548623+00:00 RECOV[1050122750] entry FAILED retcode=None
2026-09-05T22:37:53.554143+00:00 RECOV[1050122750] entry FAILED retcode=None
2026-09-05T22:37:55.558284+00:00 RECOV[1050122750] entry FAILED retcode=None
2026-09-05T22:37:57.562202+00:00 RECOV[1050122750] entry FAILED retcode=None
2026-09-05T22:37:59.569341+00:00 RECOV[1050122750] entry FAILED retcode=None
2026-09-05T22:38:01.575590+00:00 RECOV[1050122750] entry FAILED retcode=None
2026-09-05T22:38:03.586069+00:00 RECOV[1050122750] entry FAILED retcode=None
2026-09-05T22:38:05.597056+00:00 RECOV[1050122750] entry FAILED retcode=None
2026-09-05T22:38:07.601327+00:00 RECOV[1050122750] entry FAILED retcode=None
2026-09-05T22:38:09.604291+00:00 RECOV[1050122750] entry FAILED retcode=None
2026-09-05T22:38:11.611978+00:00 RECOV[1050122750] entry FAILED retcode=None
2026-09-05T22:38:13.619703+00:00 RECOV[1050122750] entry FAILED retcode=None
2026-09-05T22:38:15.621764+00:00 RECOV[1050122750] entry FAILED retcode=None
2026-09-05T22:38:17.628206+00:00 RECOV[1050122750] entry FAILED retcode=None
2026-09-05T22:38:19.631774+00:00 RECOV[1050122750] entry FAILED retcode=None
2026-09-05T22:38:21.635993+00:00 RECOV[1050122750] entry FAILED retcode=None
2026-09-05T22:38:23.643720+00:00 RECOV[1050122750] entry FAILED retcode=None
2026-09-05T22:38:25.646942+00:00 RECOV[1050122750] entry FAILED retcode=None
2026-09-05T22:38:27.648981+00:00 RECOV[1050122750] entry FAILED retcode=None
2026-09-05T22:38:29.662028+00:00 RECOV[1050122750] entry FAILED retcode=None
2026-09-05T22:38:31.666654+00:00 RECOV[1050122750] entry FAILED retcode=None
2026-09-05T22:38:33.668084+00:00 RECOV[1050122750] entry FAILED retcode=None
2026-09-05T22:38:35.680995+00:00 RECOV[1050122750] entry FAILED retcode=None
2026-09-05T22:38:37.686572+00:00 RECOV[1050122750] entry FAILED retcode=None
2026-09-05T22:38:39.688229+00:00 RECOV[1050122750] entry FAILED retcode=None
2026-09-05T22:38:41.697395+00:00 RECOV[1050122750] entry FAILED retcode=None
2026-09-05T22:38:43.699530+00:00 RECOV[1050122750] entry FAILED retcode=None
2026-09-05T22:38:45.706852+00:00 RECOV[1050122750] entry FAILED retcode=None
2026-09-05T22:38:47.711227+00:00 RECOV[1050122750] entry FAILED retcode=None
2026-09-05T22:38:49.713627+00:00 RECOV[1050122750] entry FAILED retcode=None
2026-09-05T22:38:51.718022+00:00 RECOV[1050122750] entry FAILED retcode=None
2026-09-05T22:38:53.726155+00:00 RECOV[1050122750] entry FAILED retcode=None
2026-09-05T22:38:55.727867+00:00 RECOV[1050122750] entry FAILED retcode=None
2026-09-05T22:38:57.732605+00:00 RECOV[1050122750] entry FAILED retcode=None
2026-09-05T22:38:59.736889+00:00 RECOV[1050122750] entry FAILED retcode=None
2026-09-05T22:39:01.744073+00:00 RECOV[1050122750] entry FAILED retcode=None
2026-09-05T22:39:03.748744+00:00 RECOV[1050122750] entry FAILED retcode=None
2026-09-05T22:39:05.754455+00:00 RECOV[1050122750] entry FAILED retcode=None
2026-09-05T22:39:07.755900+00:00 RECOV[1050122750] entry FAILED retcode=None
2026-09-05T22:39:09.761953+00:00 RECOV[1050122750] entry FAILED retcode=None
2026-09-05T22:39:11.770506+00:00 RECOV[1050122750] entry FAILED retcode=None
2026-09-05T22:39:13.774346+00:00 RECOV[1050122750] entry FAILED retcode=None
2026-09-05T22:39:15.783383+00:00 RECOV[1050122750] entry FAILED retcode=None
2026-09-05T22:39:17.790495+00:00 RECOV[1050122750] entry FAILED retcode=None
2026-09-05T22:39:19.792625+00:00 RECOV[1050122750] entry FAILED retcode=None
2026-09-05T22:39:21.799308+00:00 RECOV[1050122750] entry FAILED retcode=None
2026-09-05T22:39:23.804687+00:00 RECOV[1050122750] entry FAILED retcode=None
2026-09-05T22:39:25.808858+00:00 RECOV[1050122750] entry FAILED retcode=None
2026-09-05T22:39:27.813884+00:00 RECOV[1050122750] entry FAILED retcode=None
2026-09-05T22:39:29.819441+00:00 RECOV[1050122750] entry FAILED retcode=None
2026-09-05T22:39:31.824710+00:00 RECOV[1050122750] entry FAILED retcode=None
2026-09-05T22:39:33.829144+00:00 RECOV[1050122750] entry FAILED retcode=None
2026-09-05T22:39:35.839311+00:00 RECOV[1050122750] entry FAILED retcode=None
2026-09-05T22:39:37.844235+00:00 RECOV[1050122750] entry FAILED retcode=None
2026-09-05T22:39:39.846379+00:00 RECOV[1050122750] entry FAILED retcode=None
2026-09-05T22:39:41.855878+00:00 RECOV[1050122750] entry FAILED retcode=None
2026-09-05T22:39:43.865045+00:00 RECOV[1050122750] entry FAILED retcode=None
2026-09-05T22:39:45.870125+00:00 RECOV[1050122750] entry FAILED retcode=None
2026-09-05T22:39:47.877296+00:00 RECOV[1050122750] entry FAILED retcode=None
2026-09-05T22:39:49.879421+00:00 RECOV[1050122750] entry FAILED retcode=None
2026-09-05T22:39:51.886291+00:00 RECOV[1050122750] entry FAILED retcode=None
2026-09-05T22:39:53.891746+00:00 RECOV[1050122750] entry FAILED retcode=None
2026-09-05T22:39:55.899136+00:00 RECOV[1050122750] entry FAILED retcode=None
2026-09-05T22:39:57.902119+00:00 RECOV[1050122750] entry FAILED retcode=None
2026-09-05T22:39:59.908812+00:00 RECOV[1050122750] entry FAILED retcode=None
2026-09-05T22:40:01.922772+00:00 RECOV[1050122750] entry FAILED retcode=None
2026-09-05T22:40:03.941830+00:00 RECOV[1050122750] entry FAILED retcode=None
2026-09-05T22:40:03.943322+00:00 KINO: dip 79793.97 official -> pending SELL on M1 close back below it
2026-09-05T22:40:05.948622+00:00 RECOV[1050122750] entry FAILED retcode=None
2026-09-05T22:40:07.953351+00:00 RECOV[1050122750] entry FAILED retcode=None
2026-09-05T22:40:09.957121+00:00 RECOV[1050122750] entry FAILED retcode=None
2026-09-05T22:40:11.960847+00:00 RECOV[1050122750] entry FAILED retcode=None
2026-09-05T22:40:13.967065+00:00 RECOV[1050122750] entry FAILED retcode=None
2026-09-05T22:40:15.969401+00:00 RECOV[1050122750] entry FAILED retcode=None
2026-09-05T22:40:17.978047+00:00 RECOV[1050122750] entry FAILED retcode=None
2026-09-05T22:40:19.979550+00:00 RECOV[1050122750] entry FAILED retcode=None
2026-09-05T22:40:21.987351+00:00 RECOV[1050122750] entry FAILED retcode=None
2026-09-05T22:40:23.990577+00:00 RECOV[1050122750] entry FAILED retcode=None
2026-09-05T22:40:25.996923+00:00 RECOV[1050122750] entry FAILED retcode=None
2026-09-05T22:40:27.999380+00:00 RECOV[1050122750] entry FAILED retcode=None
2026-09-05T22:40:30.007621+00:00 RECOV[1050122750] entry FAILED retcode=None
2026-09-05T22:40:32.009445+00:00 RECOV[1050122750] entry FAILED retcode=None
2026-09-05T22:40:34.016718+00:00 RECOV[1050122750] entry FAILED retcode=None
2026-09-05T22:40:36.029097+00:00 RECOV[1050122750] entry FAILED retcode=None
2026-09-05T22:40:38.033635+00:00 RECOV[1050122750] entry FAILED retcode=None
2026-09-05T22:40:40.037826+00:00 RECOV[1050122750] entry FAILED retcode=None
2026-09-05T22:40:42.049866+00:00 RECOV[1050122750] entry FAILED retcode=None
2026-09-05T22:40:44.051627+00:00 RECOV[1050122750] entry FAILED retcode=None
2026-09-05T22:40:46.055987+00:00 RECOV[1050122750] entry FAILED retcode=None
2026-09-05T22:40:48.063929+00:00 RECOV[1050122750] entry FAILED retcode=None
2026-09-05T22:40:50.068623+00:00 RECOV[1050122750] entry FAILED retcode=None
2026-09-05T22:40:52.072373+00:00 RECOV[1050122750] entry FAILED retcode=None
2026-09-05T22:40:54.082903+00:00 RECOV[1050122750] entry FAILED retcode=None
2026-09-05T22:40:56.094867+00:00 RECOV[1050122750] entry FAILED retcode=None
2026-09-05T22:40:58.099150+00:00 RECOV[1050122750] entry FAILED retcode=None
2026-09-05T22:41:00.107328+00:00 RECOV[1050122750] entry FAILED retcode=None
2026-09-05T22:41:02.114893+00:00 RECOV[1050122750] entry FAILED retcode=None
2026-09-05T22:41:04.119113+00:00 RECOV[1050122750] entry FAILED retcode=None
2026-09-05T22:41:06.125311+00:00 RECOV[1050122750] entry FAILED retcode=None
2026-09-05T22:41:08.131347+00:00 RECOV[1050122750] entry FAILED retcode=None
2026-09-05T22:41:10.136549+00:00 RECOV[1050122750] entry FAILED retcode=None
2026-09-05T22:41:12.141979+00:00 RECOV[1050122750] entry FAILED retcode=None
2026-09-05T22:41:14.146463+00:00 RECOV[1050122750] entry FAILED retcode=None
2026-09-05T22:41:16.149767+00:00 RECOV[1050122750] entry FAILED retcode=None
2026-09-05T22:41:18.157907+00:00 RECOV[1050122750] entry FAILED retcode=None
2026-09-05T22:41:20.159596+00:00 RECOV[1050122750] entry FAILED retcode=None
2026-09-05T22:41:22.273540+00:00 RECOV[1050122750] entry FAILED retcode=None
2026-09-05T22:41:24.278078+00:00 RECOV[1050122750] entry FAILED retcode=None
2026-09-05T22:41:26.281194+00:00 RECOV[1050122750] entry FAILED retcode=None
2026-09-05T22:41:28.287055+00:00 RECOV[1050122750] entry FAILED retcode=None
2026-09-05T22:41:30.290470+00:00 RECOV[1050122750] entry FAILED retcode=None
2026-09-05T22:41:32.294198+00:00 RECOV[1050122750] entry FAILED retcode=None
2026-09-05T22:41:34.300798+00:00 RECOV[1050122750] entry FAILED retcode=None
2026-09-05T22:41:36.418669+00:00 RECOV[1050122750] entry FAILED retcode=None
2026-09-05T22:41:38.426888+00:00 RECOV[1050122750] entry FAILED retcode=None
2026-09-05T22:41:40.433405+00:00 RECOV[1050122750] entry FAILED retcode=None
2026-09-05T22:41:42.439603+00:00 RECOV[1050122750] entry FAILED retcode=None
2026-09-05T22:41:44.445184+00:00 RECOV[1050122750] entry FAILED retcode=None
2026-09-05T22:41:46.450956+00:00 RECOV[1050122750] entry FAILED retcode=None
2026-09-05T22:41:48.457030+00:00 RECOV[1050122750] entry FAILED retcode=None
2026-09-05T22:41:50.461841+00:00 RECOV[1050122750] entry FAILED retcode=None
2026-09-05T22:41:52.465820+00:00 RECOV[1050122750] entry FAILED retcode=None
2026-09-05T22:41:54.473791+00:00 RECOV[1050122750] entry FAILED retcode=None
2026-09-05T22:41:56.477507+00:00 RECOV[1050122750] entry FAILED retcode=None
2026-09-05T22:41:58.482609+00:00 RECOV[1050122750] entry FAILED retcode=None
2026-09-05T22:42:00.489376+00:00 RECOV[1050122750] entry FAILED retcode=None
2026-09-05T22:42:02.495345+00:00 RECOV[1050122750] entry FAILED retcode=None
2026-09-05T22:42:04.503057+00:00 RECOV[1050122750] entry FAILED retcode=None
2026-09-05T22:42:06.509065+00:00 RECOV[1050122750] entry FAILED retcode=None
2026-09-05T22:42:08.514535+00:00 RECOV[1050122750] entry FAILED retcode=None
2026-09-05T22:42:10.519542+00:00 RECOV[1050122750] entry FAILED retcode=None
2026-09-05T22:42:12.524001+00:00 RECOV[1050122750] entry FAILED retcode=None
2026-09-05T22:42:14.529625+00:00 RECOV[1050122750] entry FAILED retcode=None
2026-09-05T22:42:16.534326+00:00 RECOV[1050122750] entry FAILED retcode=None
2026-09-05T22:42:18.538943+00:00 RECOV[1050122750] entry FAILED retcode=None
2026-09-05T22:42:20.547308+00:00 RECOV[1050122750] entry FAILED retcode=None
2026-09-05T22:42:22.551202+00:00 RECOV[1050122750] entry FAILED retcode=None
2026-09-05T22:42:24.560365+00:00 RECOV[1050122750] entry FAILED retcode=None
2026-09-05T22:42:26.567966+00:00 RECOV[1050122750] entry FAILED retcode=None
2026-09-05T22:42:28.574929+00:00 RECOV[1050122750] entry FAILED retcode=None
2026-09-05T22:42:30.583615+00:00 RECOV[1050122750] entry FAILED retcode=None
2026-09-05T22:42:32.590263+00:00 RECOV[1050122750] entry FAILED retcode=None
2026-09-05T22:42:34.598970+00:00 RECOV[1050122750] entry FAILED retcode=None
2026-09-05T22:42:36.612751+00:00 RECOV[1050122750] entry FAILED retcode=None
2026-09-05T22:42:38.617690+00:00 RECOV[1050122750] entry FAILED retcode=None
2026-09-05T22:42:40.622477+00:00 RECOV[1050122750] entry FAILED retcode=None
2026-09-05T22:42:42.629448+00:00 RECOV[1050122750] entry FAILED retcode=None
2026-09-05T22:42:44.633677+00:00 RECOV[1050122750] entry FAILED retcode=None
2026-09-05T22:42:46.639669+00:00 RECOV[1050122750] entry FAILED retcode=None
2026-09-05T22:42:48.646877+00:00 RECOV[1050122750] entry FAILED retcode=None
2026-09-05T22:42:50.650520+00:00 RECOV[1050122750] entry FAILED retcode=None
2026-09-05T22:42:52.656269+00:00 RECOV[1050122750] entry FAILED retcode=None
2026-09-05T22:42:54.663845+00:00 RECOV[1050122750] entry FAILED retcode=None
2026-09-05T22:42:56.669043+00:00 RECOV[1050122750] entry FAILED retcode=None
2026-09-05T22:42:58.676802+00:00 RECOV[1050122750] entry FAILED retcode=None
2026-09-05T22:43:00.684732+00:00 RECOV[1050122750] entry FAILED retcode=None
2026-09-05T22:43:02.691476+00:00 RECOV[1050122750] entry FAILED retcode=None
2026-09-05T22:43:02.691476+00:00 KINO: peak 79829.76 official -> pending BUY on M1 close back above it
2026-09-05T22:43:02.693494+00:00 SHADOW page ENTRY: SELL 0.01 @ 79791.38 (virtual - shelter mode)
2026-09-05T22:43:04.701905+00:00 RECOV[1050122750] entry FAILED retcode=None
2026-09-05T22:43:06.712182+00:00 RECOV[1050122750] entry FAILED retcode=None
2026-09-05T22:43:08.717879+00:00 RECOV[1050122750] entry FAILED retcode=None
2026-09-05T22:43:10.722394+00:00 RECOV[1050122750] entry FAILED retcode=None
2026-09-05T22:43:12.729394+00:00 RECOV[1050122750] entry FAILED retcode=None
2026-09-05T22:43:14.735651+00:00 RECOV[1050122750] entry FAILED retcode=None
2026-09-05T22:43:16.742099+00:00 RECOV[1050122750] entry FAILED retcode=None
2026-09-05T22:43:18.749905+00:00 RECOV[1050122750] entry FAILED retcode=None
2026-09-05T22:43:20.754755+00:00 RECOV[1050122750] entry FAILED retcode=None
2026-09-05T22:43:22.760092+00:00 RECOV[1050122750] entry FAILED retcode=None
2026-09-05T22:43:24.766446+00:00 RECOV[1050122750] entry FAILED retcode=None
2026-09-05T22:43:26.770140+00:00 RECOV[1050122750] entry FAILED retcode=None
2026-09-05T22:43:28.778188+00:00 RECOV[1050122750] entry FAILED retcode=None
2026-09-05T22:43:30.783404+00:00 RECOV[1050122750] entry FAILED retcode=None
2026-09-05T22:43:32.788240+00:00 RECOV[1050122750] entry FAILED retcode=None
2026-09-05T22:43:34.790713+00:00 RECOV[1050122750] entry FAILED retcode=None
2026-09-05T22:43:36.807864+00:00 RECOV[1050122750] entry FAILED retcode=None
2026-09-05T22:43:38.813686+00:00 RECOV[1050122750] entry FAILED retcode=None
2026-09-05T22:43:40.819178+00:00 RECOV[1050122750] entry FAILED retcode=None
2026-09-05T22:43:42.828229+00:00 RECOV[1050122750] entry FAILED retcode=None
2026-09-05T22:43:44.835504+00:00 RECOV[1050122750] entry FAILED retcode=None
2026-09-05T22:43:46.843010+00:00 RECOV[1050122750] entry FAILED retcode=None
2026-09-05T22:43:48.849976+00:00 RECOV[1050122750] entry FAILED retcode=None
2026-09-05T22:43:50.855764+00:00 RECOV[1050122750] entry FAILED retcode=None
2026-09-05T22:43:52.861033+00:00 RECOV[1050122750] entry FAILED retcode=None
2026-09-05T22:43:54.866781+00:00 RECOV[1050122750] entry FAILED retcode=None
2026-09-05T22:43:56.872044+00:00 RECOV[1050122750] entry FAILED retcode=None
2026-09-05T22:43:58.878604+00:00 RECOV[1050122750] entry FAILED retcode=None
2026-09-05T22:44:00.885584+00:00 RECOV[1050122750] entry FAILED retcode=None
2026-09-05T22:44:02.890323+00:00 RECOV[1050122750] entry FAILED retcode=None
2026-09-05T22:44:04.898901+00:00 RECOV[1050122750] entry FAILED retcode=None
2026-09-05T22:44:06.908033+00:00 RECOV[1050122750] entry FAILED retcode=None
2026-09-05T22:44:08.914623+00:00 RECOV[1050122750] entry FAILED retcode=None
2026-09-05T22:44:10.924835+00:00 RECOV[1050122750] entry FAILED retcode=None
2026-09-05T22:44:12.930543+00:00 RECOV[1050122750] entry FAILED retcode=None
2026-09-05T22:44:14.936228+00:00 RECOV[1050122750] entry FAILED retcode=None
2026-09-05T22:44:16.941811+00:00 RECOV[1050122750] entry FAILED retcode=None
2026-09-05T22:44:18.947338+00:00 RECOV[1050122750] entry FAILED retcode=None
2026-09-05T22:44:20.954530+00:00 RECOV[1050122750] entry FAILED retcode=None
2026-09-05T22:44:22.960115+00:00 RECOV[1050122750] entry FAILED retcode=None
2026-09-05T22:44:24.968531+00:00 RECOV[1050122750] entry FAILED retcode=None
2026-09-05T22:44:26.976060+00:00 RECOV[1050122750] entry FAILED retcode=None
2026-09-05T22:44:28.982223+00:00 RECOV[1050122750] entry FAILED retcode=None
2026-09-05T22:44:30.988625+00:00 RECOV[1050122750] entry FAILED retcode=None
2026-09-05T22:44:32.994766+00:00 RECOV[1050122750] entry FAILED retcode=None
2026-09-05T22:44:35.001855+00:00 RECOV[1050122750] entry FAILED retcode=None
2026-09-05T22:44:38.142081+00:00 OWL starting (TP+recovery manager, trade scribe)
2026-09-05T22:44:38.146095+00:00 CHAIN FROZEN[1050122750]: fighter 0.12 waits for one ghost target + a fresh structure (owed $25.22)
2026-09-05T22:45:48.366269+00:00 SHADOW[page] WIN +0.30 (virtual target hit)
2026-09-05T22:45:48.367164+00:00 WEATHER CLEAR: a VIRTUAL WIN lifted the storm - real trading resumes; frozen chains re-enter on the next structure at last lot + 0.01
2026-09-05T22:50:03.054977+00:00 KINO: dip 79750.58 official -> pending SELL on M1 close back below it
2026-09-05T22:50:03.056984+00:00 SHADOW ENTRY: recipe fired -> would BUY @ ~79790.01 (setup 79780.98)
2026-09-05T22:56:03.990808+00:00 KINO: peak 79812.57 official -> pending BUY on M1 close back above it
2026-09-05T23:07:04.011596+00:00 KINO: dip 79752.79 official -> pending SELL on M1 close back below it
2026-09-05T23:11:02.595674+00:00 CHAIN RESUME[1050122750] held: wall 23pts, risk $2.78 - waiting for a fitter structure
2026-09-05T23:13:02.887292+00:00 CHAIN RESUME[1050122750] held: wall 22pts, risk $2.67 - waiting for a fitter structure
2026-09-05T23:15:03.198351+00:00 KINO: dip 79743.48 official -> pending SELL on M1 close back below it
2026-09-05T23:17:03.527623+00:00 SHADOW ENTRY: recipe fired -> would BUY @ ~79791.40 (setup 79780.34)
2026-09-05T23:22:04.309621+00:00 KINO: peak 79836.17 official -> pending BUY on M1 close back above it
2026-09-05T23:28:03.221759+00:00 KINO: dip 79770.18 official -> pending SELL on M1 close back below it
2026-09-05T23:37:03.089527+00:00 KINO: peak 79845.56 official -> pending BUY on M1 close back above it
2026-09-05T23:38:04.994130+00:00 CHAIN RESUMED[1050122750] on structure: SELL 0.12 @ ~79758.84 SL 79845.56 TP 79680.45 (risk $10.41, owed $25.22)
2026-09-05T23:38:07.008609+00:00 ENTRY logged: SELL 0.12 @ 79758.86 ticket 1050147903
2026-09-05T23:40:03.227403+00:00 KINO: dip 79702.34 official -> pending SELL on M1 close back below it
2026-09-05T23:45:24.249215+00:00 EXIT logged: ticket 1050147903 sl profit -11.89 dur 7.3min
2026-09-05T23:45:24.249215+00:00 RECOV[1050122750]: link 1050147903 stopped -> two doors: M1 close beyond 79845.56 = flip, or back beyond 79758.86 = re-enter
2026-09-05T23:46:03.511729+00:00 RECOV[1050122750] ENTRY: BUY 0.13 @ ~79867.97 SL 79702.34 TP 80029.75 (risk $21.53, prize $21.03, strong mkt -> -$0.50 early)
2026-09-05T23:46:03.513830+00:00 KINO skipped: same wall as fighter chain 1050122750 (SL 79702.34)
2026-09-05T23:46:05.521181+00:00 ENTRY logged: BUY 0.13 @ 79867.97 ticket 1050148286
2026-09-05T23:55:02.794472+00:00 KINO: dip 79808.91 official -> pending SELL on M1 close back below it
2026-09-05T23:57:03.089033+00:00 KINO: peak 79867.32 official -> pending BUY on M1 close back above it
2026-09-05T23:57:04.298665+00:00 KINO ENTRY: SELL 0.01 @ ~79803.95 SL 79867.32 TP 79756.42 (risk $0.63, prize $0.48, return to dip, strong mkt)
2026-09-05T23:57:06.311241+00:00 ENTRY logged: SELL 0.01 @ 79804.26 ticket 1050148613
2026-09-05T23:57:25.474631+00:00 KINO 40% LOCK: 1050148613 wall moved to entry
2026-09-05T23:57:33.506583+00:00 EXIT logged: ticket 1050148613 sl profit 0.1 dur 0.5min
2026-09-05T23:57:33.510415+00:00 RECOV[1050148613] armed: SELL 0.01 stopped at 79867.32 -> two doors: M1 close beyond the line = flip, or back beyond 79804.26 = re-enter
2026-09-05T23:57:33.511867+00:00 KINO: pending up cleared - fresh pullback required after closed trade 1050148613
2026-09-05T23:58:04.788028+00:00 RECOV[1050148613] RE-ENTRY (fake break): SELL 0.02 @ ~79786.90 SL 79853.45 TP 79736.99 (risk $1.33, prize $1.00, calm mkt -> -$0.33 early)
2026-09-05T23:58:06.801486+00:00 ENTRY logged: SELL 0.02 @ 79786.90000000001 ticket 1050148639
2026-09-05T23:59:02.981551+00:00 KINO: dip 79767.69 official -> pending SELL on M1 close back below it
2026-09-06T00:03:15.827969+00:00 EXIT logged: ticket 1050148639 sl profit -1.3900000000000001 dur 5.2min
2026-09-06T00:03:15.828755+00:00 RECOV[1050148613]: link 1050148639 stopped -> two doors: M1 close beyond 79853.45 = flip, or back beyond 79786.90 = re-enter
2026-09-06T00:05:02.623607+00:00 RECOV[1050148613] held: same signal already taken by another page (one signal = one trade); door stays armed
2026-09-06T00:08:03.155060+00:00 KINO: peak 79894.94 official -> pending BUY on M1 close back above it
2026-09-06T00:09:03.341906+00:00 SHADOW ENTRY: recipe fired -> would BUY @ ~79894.48 (setup 79876.13)
2026-09-06T00:10:03.522297+00:00 KINO skipped: last page at 0.03 - 0.04 unlocks the next page
2026-09-06T00:15:02.852309+00:00 KINO: dip 79889.74 official -> pending SELL on M1 close back below it
2026-09-06T00:21:03.832173+00:00 KINO: dip 79893.60 official -> pending SELL on M1 close back below it
2026-09-06T00:23:04.150986+00:00 KINO: peak 79915.65 official -> pending BUY on M1 close back above it
2026-09-06T00:27:02.784694+00:00 KINO: dip 79862.27 official -> pending SELL on M1 close back below it
2026-09-06T00:28:21.592528+00:00 RECOV[1050122750] RATCHET LOCK: link 1050148286 wall moved to entry 79878.74 (can no longer lose)
2026-09-06T00:30:03.935373+00:00 KINO: peak 79933.68 official -> pending BUY on M1 close back above it
2026-09-06T00:33:04.438276+00:00 KINO: dip 79879.96 official -> pending SELL on M1 close back below it
2026-09-06T00:35:02.785030+00:00 KINO: peak 79943.60 official -> pending BUY on M1 close back above it
2026-09-06T00:35:28.880327+00:00 EXIT logged: ticket 1050148286 sl profit 1.05 dur 49.4min
2026-09-06T00:35:28.882334+00:00 RECOV[1050122750]: link 1050148286 stopped -> two doors: M1 close beyond 79878.74 = flip, or back beyond 79867.97 = re-enter
2026-09-06T00:35:29.879801+00:00 RECOV[1050148613] ENTRY: BUY 0.03 @ ~79891.37 SL 79786.08 TP 79979.99 (risk $3.16, prize $2.66, strong mkt -> -$0.50 early)
2026-09-06T00:35:31.893825+00:00 ENTRY logged: BUY 0.03 @ 79891.37 ticket 1050149540
2026-09-06T00:36:04.077325+00:00 RECOV[1050122750]: wall 79876.08 too close (33.9pts) - waiting (log once)
2026-09-06T00:42:02.685338+00:00 KINO: dip 79867.63 official -> pending SELL on M1 close back below it
2026-09-06T00:45:04.795970+00:00 RECOV[1050122750] ENTRY: SELL 0.14 @ ~79869.95 SL 79943.60 TP 79803.44 (risk $10.31, prize $9.31, calm mkt -> -$1.00 early)
2026-09-06T00:45:06.817209+00:00 ENTRY logged: SELL 0.14 @ 79868.11 ticket 1050149642
2026-09-06T00:52:03.878270+00:00 KINO: dip 79852.89 official -> pending SELL on M1 close back below it
2026-09-06T00:52:20.463056+00:00 RECOV[1050148613] 40% LOCK: link 1050149540 wall moved to entry
2026-09-06T00:53:08.583456+00:00 EXIT logged: ticket 1050149540 sl profit 0.36 dur 17.6min
2026-09-06T00:53:08.585393+00:00 RECOV[1050148613]: link 1050149540 stopped -> two doors: M1 close beyond 79904.70 = flip, or back beyond 79891.37 = re-enter
2026-09-06T00:54:02.735317+00:00 RECOV[1050148613]: wall 79931.13 too close (51.1pts) - waiting (log once)
2026-09-06T00:59:03.608833+00:00 KINO: peak 79931.10 official -> pending BUY on M1 close back above it
2026-09-06T00:59:09.633883+00:00 RECOV[1050148613] held: same signal already taken by another page (one signal = one trade); door stays armed
2026-09-06T01:03:08.414830+00:00 EXIT logged: ticket 1050149642 sl profit -10.56 dur 18.0min
2026-09-06T01:03:08.414830+00:00 RECOV[1050122750]: link 1050149642 stopped -> two doors: M1 close beyond 79943.60 = flip, or back beyond 79868.11 = re-enter
2026-09-06T01:03:41.719464+00:00 RECOV[1050148613] ENTRY: SELL 0.04 @ ~79932.93 SL 79993.70 TP 79887.35 (risk $2.43, prize $1.82, calm mkt -> -$0.61 early)
2026-09-06T01:03:43.729522+00:00 ENTRY logged: SELL 0.04 @ 79932.93000000001 ticket 1050150278
2026-09-06T01:04:03.771153+00:00 KINO: dip 79855.18 official -> pending SELL on M1 close back below it
2026-09-06T01:05:05.100039+00:00 KINO ENTRY: BUY 0.01 @ ~79939.64 SL 79855.18 TP 80002.99 (risk $0.84, prize $0.63, return to peak, calm mkt)
2026-09-06T01:05:07.116283+00:00 ENTRY logged: BUY 0.01 @ 79939.64 ticket 1050150318
2026-09-06T01:06:03.279384+00:00 RECOV[1050122750] held: same signal already taken by another page (one signal = one trade); door stays armed
2026-09-06T01:06:04.407966+00:00 KINO 40% LOCK: 1050150318 wall moved to entry
2026-09-06T01:06:06.423632+00:00 EXIT logged: ticket 1050150318 sl profit 0.13 dur 1.0min
2026-09-06T01:06:06.426137+00:00 RECOV[1050150318] armed: BUY 0.01 stopped at 79855.18 -> two doors: M1 close beyond the line = flip, or back beyond 79939.64 = re-enter
2026-09-06T01:06:07.667995+00:00 RECOV[1050122750] ENTRY: BUY 0.15 @ ~79963.47 SL 79852.89 TP 80067.38 (risk $16.59, prize $15.59, calm mkt -> -$1.00 early)
2026-09-06T01:06:07.671522+00:00 KINO: pending dn cleared - fresh pullback required after closed trade 1050150318
2026-09-06T01:06:09.688925+00:00 ENTRY logged: BUY 0.15 @ 79963.47 ticket 1050150364
2026-09-06T01:07:03.884301+00:00 EXIT logged: ticket 1050150278 sl profit -2.62 dur 3.4min
2026-09-06T01:07:03.885910+00:00 RECOV[1050148613]: link 1050150278 stopped -> two doors: M1 close beyond 79993.70 = flip, or back beyond 79932.93 = re-enter
2026-09-06T01:07:03.886308+00:00 RECOV[1050150318] held: same signal already taken by another page (one signal = one trade); door stays armed
2026-09-06T01:07:03.892980+00:00 SHADOW ENTRY: recipe fired -> would BUY @ ~79974.79 (setup 79964.19)
2026-09-06T01:07:46.260279+00:00 RECOV[1050150318]: wall 79917.99 too close (58.0pts) - waiting (log once)
2026-09-06T01:11:04.187173+00:00 KINO: peak 80002.87 official -> pending BUY on M1 close back above it
2026-09-06T01:12:03.052949+00:00 KINO: dip 79961.66 official -> pending SELL on M1 close back below it
2026-09-06T01:14:03.415687+00:00 RECOV[1050148613] held: same signal already taken by another page (one signal = one trade); door stays armed
2026-09-06T01:15:03.601324+00:00 KINO skipped: last page at 0.02 - 0.04 unlocks the next page
2026-09-06T01:21:05.908340+00:00 RECOV[1050148613] RE-ENTRY (fake break): SELL 0.05 @ ~79920.44 SL 80005.40 TP 79855.48 (risk $4.25, prize $3.25, calm mkt -> -$1.00 early)
2026-09-06T01:21:07.922039+00:00 ENTRY logged: SELL 0.05 @ 79924.27 ticket 1050150778
2026-09-06T01:23:04.224138+00:00 KINO: dip 79891.80 official -> pending SELL on M1 close back below it
2026-09-06T01:33:04.318452+00:00 KINO: peak 79927.07 official -> pending BUY on M1 close back above it
2026-09-06T01:34:04.497715+00:00 KINO: dip 79911.31 official -> pending SELL on M1 close back below it
2026-09-06T01:35:50.838586+00:00 EXIT logged: ticket 1050150778 sl profit -4.06 dur 14.7min
2026-09-06T01:35:50.838586+00:00 WEATHER: storm detected (3 straight real losses) - FULL SHELTER, everything goes virtual
2026-09-06T01:35:50.840607+00:00 RECOV[1050148613]: link 1050150778 stopped -> two doors: M1 close beyond 80005.40 = flip, or back beyond 79924.27 = re-enter
2026-09-06T01:35:50.841790+00:00 CHAIN FROZEN[1050150318]: fighter 0.02 waits for one ghost target + a fresh structure (owed $0.13)
2026-09-06T01:36:02.890304+00:00 KINO skipped: same signal already taken by 1050150364 (one signal = one trade)
2026-09-06T01:39:40.122820+00:00 RECOV[1050122750] RATCHET LOCK: link 1050150364 wall moved to entry 79974.14 (can no longer lose)
2026-09-06T01:39:46.676921+00:00 RECOV[1050122750] RATCHET BANK: link 1050150364 taken at +11.33 (70% of prize)
2026-09-06T01:39:48.692056+00:00 EXIT logged: ticket 1050150364 manual profit 10.86 dur 33.6min
2026-09-06T01:39:48.692896+00:00 RECOV[1050122750]: chain ENDED (link 1050150364 exit=manual 10.86)
2026-09-06T01:40:04.756122+00:00 CHAIN FROZEN[1050148613]: fighter 0.06 waits for one ghost target + a fresh structure (owed $8.53)
2026-09-06T01:40:04.762492+00:00 SHADOW page ENTRY: BUY 0.01 @ 80041.60 (virtual - shelter mode)
2026-09-06T01:42:03.134567+00:00 KINO: peak 80063.93 official -> pending BUY on M1 close back above it
2026-09-06T01:47:03.609026+00:00 KINO: dip 79925.33 official -> pending SELL on M1 close back below it
2026-09-06T01:52:02.625935+00:00 KINO: dip 79933.58 official -> pending SELL on M1 close back below it
2026-09-06T01:55:03.238902+00:00 KINO: peak 80012.98 official -> pending BUY on M1 close back above it
2026-09-06T02:03:02.978987+00:00 KINO: peak 80010.68 official -> pending BUY on M1 close back above it
2026-09-06T02:03:02.980842+00:00 SHADOW page ENTRY: SELL 0.01 @ 79932.46 (virtual - shelter mode)
2026-09-06T02:04:13.242319+00:00 SHADOW[page] LOSS -1.28 (virtual stop) -> virtual doors arm, next 0.02
2026-09-06T02:07:03.806406+00:00 KINO: dip 79894.47 official -> pending SELL on M1 close back below it
2026-09-06T02:11:02.648408+00:00 KINO: peak 79987.57 official -> pending BUY on M1 close back above it
2026-09-06T02:13:47.163717+00:00 SHADOW[page] LOSS -0.81 (virtual stop) -> virtual doors arm, next 0.02
2026-09-06T02:14:03.208502+00:00 SHADOW page ENTRY: BUY 0.01 @ 79998.47 (virtual - shelter mode)
2026-09-06T02:18:03.940854+00:00 KINO: peak 80012.49 official -> pending BUY on M1 close back above it
2026-09-06T02:18:47.035960+00:00 SHADOW[page] LOSS -0.47 (virtual stop) -> virtual doors arm, next 0.02
2026-09-06T02:20:04.190857+00:00 SHADOW[page] flip: SELL 0.02 @ 79948.40 (virtual)
2026-09-06T02:23:03.338062+00:00 SHADOW[page] RE-ENTRY: SELL 0.02 @ 79918.85 (virtual)
2026-09-06T02:29:02.553888+00:00 KINO: dip 79902.15 official -> pending SELL on M1 close back below it
2026-09-06T02:30:02.763669+00:00 KINO: peak 79934.30 official -> pending BUY on M1 close back above it
2026-09-06T02:30:02.766015+00:00 SHADOW[page] flip: SELL 0.02 @ 79911.45 (virtual)
2026-09-06T02:33:03.322982+00:00 SHADOW page ENTRY: BUY 0.01 @ 79946.96 (virtual - shelter mode)
2026-09-06T02:37:08.806105+00:00 SHADOW[page] LOSS -0.36 (virtual stop) -> virtual doors arm, next 0.02
2026-09-06T02:42:03.828650+00:00 KINO: peak 79939.26 official -> pending BUY on M1 close back above it
2026-09-06T02:42:27.899243+00:00 SHADOW[page] WIN +0.97 (virtual target hit)
2026-09-06T02:42:27.899243+00:00 WEATHER CLEAR: a VIRTUAL WIN lifted the storm - real trading resumes; frozen chains re-enter on the next structure at last lot + 0.01
2026-09-06T02:43:03.978311+00:00 CHAIN RESUME[1050150318] held: wall 52pts, risk $1.04 - waiting for a fitter structure
2026-09-06T02:44:04.108881+00:00 CHAIN RESUME[1050150318] held: wall 52pts, risk $1.03 - waiting for a fitter structure
2026-09-06T02:45:04.255721+00:00 CHAIN RESUME[1050150318] held: wall 58pts, risk $1.16 - waiting for a fitter structure
2026-09-06T02:46:05.959657+00:00 CHAIN RESUMED[1050150318] on structure: SELL 0.02 @ ~79889.73 SL 79950.61 TP 79844.07 (risk $1.22, owed $0.13)
2026-09-06T02:46:07.972400+00:00 ENTRY logged: SELL 0.02 @ 79889.09 ticket 1050152725
2026-09-06T02:49:04.435351+00:00 KINO: dip 79875.41 official -> pending SELL on M1 close back below it
2026-09-06T02:59:02.641173+00:00 KINO: dip 79861.69 official -> pending SELL on M1 close back below it
2026-09-06T03:07:03.861729+00:00 SHADOW ENTRY: recipe fired -> would BUY @ ~79914.19 (setup 79914.08)
2026-09-06T03:15:31.262536+00:00 EXIT logged: ticket 1050152725 sl profit -1.3 dur 29.4min
2026-09-06T03:15:31.263897+00:00 RECOV[1050150318]: link 1050152725 stopped -> two doors: M1 close beyond 79950.61 = flip, or back beyond 79889.09 = re-enter
2026-09-06T03:16:07.262166+00:00 KINO skipped: last page at 0.03 - 0.04 unlocks the next page
2026-09-06T03:19:05.744000+00:00 RECOV[1050150318] ENTRY: BUY 0.03 @ ~79970.94 SL 79861.69 TP 80052.88 (risk $3.28, prize $2.46, calm mkt -> -$0.82 early)
2026-09-06T03:19:07.756386+00:00 ENTRY logged: BUY 0.03 @ 79970.93000000001 ticket 1050153164
2026-09-06T03:21:04.056108+00:00 KINO: peak 79966.37 official -> pending BUY on M1 close back above it
2026-09-06T03:25:04.672985+00:00 KINO: dip 79934.45 official -> pending SELL on M1 close back below it
2026-09-06T03:26:02.830052+00:00 KINO: peak 79962.58 official -> pending BUY on M1 close back above it
2026-09-06T03:29:03.293325+00:00 KINO: dip 79885.26 official -> pending SELL on M1 close back below it
2026-09-06T03:37:03.088944+00:00 KINO: peak 79973.34 official -> pending BUY on M1 close back above it
2026-09-06T03:39:36.502975+00:00 RECOV[1050150318] 40% LOCK: link 1050153164 wall moved to entry
2026-09-06T03:43:00.122771+00:00 RECOV[1050150318] PARTIAL 85%: link 1050153164 banked 0.01 lots, rest rides to TP
2026-09-06T03:43:22.206335+00:00 EXIT logged: ticket 1050153164 tp profit 2.4400000000000004 dur 24.3min
2026-09-06T03:43:22.208261+00:00 RECOV[1050150318]: chain ENDED (link 1050153164 exit=tp 2.4400000000000004)
2026-09-06T03:44:05.908418+00:00 CHAIN RESUMED[1050148613] on structure: BUY 0.06 @ ~80104.85 SL 79952.44 TP 80240.59 (risk $9.14, owed $8.53)
2026-09-06T03:44:07.920674+00:00 ENTRY logged: BUY 0.06 @ 80100.91 ticket 1050154004
2026-09-06T03:46:04.238304+00:00 KINO: peak 80108.48 official -> pending BUY on M1 close back above it
2026-09-06T03:52:03.297843+00:00 KINO: dip 79998.17 official -> pending SELL on M1 close back below it
2026-09-06T03:57:04.209112+00:00 KINO: peak 80065.43 official -> pending BUY on M1 close back above it
2026-09-06T04:03:04.621687+00:00 KINO ENTRY: SELL 0.01 @ ~79996.61 SL 80065.43 TP 79945.00 (risk $0.69, prize $0.52, return to dip, strong mkt)
2026-09-06T04:03:06.641784+00:00 ENTRY logged: SELL 0.01 @ 79996.64 ticket 1050154555
2026-09-06T04:07:04.855155+00:00 KINO 40% LOCK: 1050154555 wall moved to entry
2026-09-06T04:07:40.601198+00:00 EXIT logged: ticket 1050154555 sl profit 0.11 dur 4.5min
2026-09-06T04:07:40.605113+00:00 RECOV[1050154555] armed: SELL 0.01 stopped at 80065.43 -> two doors: M1 close beyond the line = flip, or back beyond 79996.64 = re-enter
2026-09-06T04:07:40.605658+00:00 KINO: pending up cleared - fresh pullback required after closed trade 1050154555
2026-09-06T04:08:05.991704+00:00 RECOV[1050154555]: wall 79996.90 too close (33.2pts) - waiting (log once)
2026-09-06T04:10:04.330759+00:00 KINO: dip 79960.47 official -> pending SELL on M1 close back below it
2026-09-06T04:15:03.571682+00:00 KINO: peak 80002.34 official -> pending BUY on M1 close back above it
2026-09-06T04:20:04.485713+00:00 KINO skipped: last page at 0.02 - 0.04 unlocks the next page
2026-09-06T04:20:12.524662+00:00 EXIT logged: ticket 1050154004 sl profit -8.9 dur 36.1min
2026-09-06T04:20:12.526671+00:00 RECOV[1050148613]: link 1050154004 stopped -> two doors: M1 close beyond 79952.44 = flip, or back beyond 80100.91 = re-enter
2026-09-06T04:20:15.940371+00:00 RECOV[1050154555] RE-ENTRY (fake break): SELL 0.02 @ ~79940.96 SL 80002.34 TP 79894.93 (risk $1.23, prize $0.92, calm mkt -> -$0.31 early)
2026-09-06T04:20:17.951575+00:00 ENTRY logged: SELL 0.02 @ 79941.01 ticket 1050154949
2026-09-06T04:21:04.136851+00:00 RECOV[1050148613] held: same signal already taken by another page (one signal = one trade); door stays armed
2026-09-06T04:24:07.228690+00:00 RECOV[1050154555] 40% LOCK: link 1050154949 wall moved to entry
2026-09-06T04:24:13.253376+00:00 EXIT logged: ticket 1050154949 tp profit 0.92 dur 3.9min
2026-09-06T04:24:13.255033+00:00 RECOV[1050154555]: chain ENDED (link 1050154949 exit=tp 0.92)
2026-09-06T04:24:14.939192+00:00 RECOV[1050148613] ENTRY: SELL 0.07 @ ~79884.01 SL 80108.48 TP 79673.83 (risk $15.71, prize $14.71, calm mkt -> -$1.00 early)
2026-09-06T04:24:16.952495+00:00 ENTRY logged: SELL 0.07 @ 79884.08 ticket 1050155200
2026-09-06T04:25:05.094084+00:00 KINO: dip 79881.16 official -> pending SELL on M1 close back below it
2026-09-06T04:30:03.895777+00:00 KINO: dip 79912.30 official -> pending SELL on M1 close back below it
2026-09-06T04:31:04.170873+00:00 KINO: peak 79944.91 official -> pending BUY on M1 close back above it
2026-09-06T04:31:50.559069+00:00 OWL starting (TP+recovery manager, trade scribe)
2026-09-06T04:36:03.212340+00:00 KINO skipped: same signal already taken by 1050155200 (one signal = one trade)
2026-09-06T04:40:07.712346+00:00 OWL starting (TP+recovery manager, trade scribe)
2026-09-06T04:42:04.034864+00:00 KINO: dip 79892.39 official -> pending SELL on M1 close back below it
2026-09-06T04:45:06.092699+00:00 OWL starting (TP+recovery manager, trade scribe)
2026-09-06T04:47:58.381012+00:00 OWL starting (TP+recovery manager, trade scribe)
2026-09-06T04:50:03.782408+00:00 KINO: peak 79945.38 official -> pending BUY on M1 close back above it
2026-09-06T04:54:03.418207+00:00 KINO: dip 79883.52 official -> pending SELL on M1 close back below it
2026-09-06T05:02:54.913195+00:00 OWL starting (TP+recovery manager, trade scribe)
2026-09-06T05:05:03.291194+00:00 KINO: peak 79913.00 official -> pending BUY on M1 close back above it
2026-09-06T05:05:03.291194+00:00 KINO: confirmation ran 33pts past 79883.52 - NOT chasing; SELL only on a retest
2026-09-06T05:07:03.633048+00:00 KINO: retest of 79883.52 - entering the missed SELL properly
2026-09-06T05:08:03.828255+00:00 KINO: retest of 79883.52 - entering the missed SELL properly
2026-09-06T05:09:03.999225+00:00 KINO: retest of 79883.52 - entering the missed SELL properly
2026-09-06T05:10:04.166132+00:00 KINO: peak 79873.56 official -> pending BUY on M1 close back above it
2026-09-06T05:10:04.167754+00:00 KINO: retest of 79883.52 - entering the missed SELL properly
2026-09-06T05:15:04.044617+00:00 KINO: dip 79791.78 official -> pending SELL on M1 close back below it
2026-09-06T05:21:06.369318+00:00 KINO: dip 79781.20 official -> pending SELL on M1 close back below it
2026-09-06T05:23:12.980628+00:00 OWL starting (TP+recovery manager, trade scribe)
2026-09-06T05:27:03.574733+00:00 SHADOW ENTRY: recipe fired -> would BUY @ ~79856.88 (setup 79856.66)
2026-09-06T05:34:03.423006+00:00 KINO skipped: a page/chain is still fighting (one saga at a time)
2026-09-06T05:35:03.572165+00:00 KINO: confirmation ran 45pts past 79873.56 - NOT chasing; BUY only on a retest
2026-09-06T05:40:09.902513+00:00 EXIT logged: ticket 1050155200 sl profit -15.7 dur 75.9min
2026-09-06T05:40:09.903280+00:00 RECOV[1050148613]: link 1050155200 stopped -> two doors: M1 close beyond 80108.48 = flip, or back beyond 79884.08 = re-enter
2026-09-06T05:43:04.400438+00:00 KINO: peak 80118.52 official -> pending BUY on M1 close back above it
2026-09-06T05:50:04.433581+00:00 KINO: dip 79939.70 official -> pending SELL on M1 close back below it
2026-09-06T05:54:03.959851+00:00 KINO: peak 80006.95 official -> pending BUY on M1 close back above it
2026-09-06T06:01:03.481660+00:00 KINO: peak 80000.32 official -> pending BUY on M1 close back above it
2026-09-06T06:03:03.838032+00:00 KINO: dip 79944.30 official -> pending SELL on M1 close back below it
2026-09-06T06:07:04.663627+00:00 KINO: peak 79969.91 official -> pending BUY on M1 close back above it
2026-09-06T06:10:05.251147+00:00 KINO: peak 79952.60 official -> pending BUY on M1 close back above it
2026-09-06T06:10:05.251147+00:00 KINO skipped: a page/chain is still fighting (one saga at a time)
2026-09-06T06:13:03.744199+00:00 KINO skipped: a page/chain is still fighting (one saga at a time)
2026-09-06T06:14:03.901480+00:00 KINO: peak 79996.44 official -> pending BUY on M1 close back above it
2026-09-06T06:14:03.901480+00:00 KINO skipped: a page/chain is still fighting (one saga at a time)
2026-09-06T06:15:04.085030+00:00 KINO skipped: a page/chain is still fighting (one saga at a time)
2026-09-06T06:16:04.224480+00:00 KINO skipped: a page/chain is still fighting (one saga at a time)
2026-09-06T06:17:04.400583+00:00 KINO: confirmation ran 23pts past 79944.30 - NOT chasing; SELL only on a retest
2026-09-06T06:25:05.038911+00:00 RECOV[1050148613] RE-ENTRY (fake break): SELL 0.08 @ ~79854.72 SL 80118.52 TP 79725.95 (risk $21.10, prize $10.30, strong mkt -> -$0.50 early)
2026-09-06T06:25:07.057740+00:00 ENTRY logged: SELL 0.08 @ 79856.42 ticket 1050160235
2026-09-06T06:34:04.373505+00:00 KINO: dip 79804.51 official -> pending SELL on M1 close back below it
2026-09-06T06:35:04.518348+00:00 KINO: peak 79857.10 official -> pending BUY on M1 close back above it
2026-09-06T06:42:02.216308+00:00 RECOV[1050148613] RATCHET LOCK: link 1050160235 wall moved to entry 79845.17 (can no longer lose)
2026-09-06T06:42:04.235914+00:00 KINO: peak 79838.72 official -> pending BUY on M1 close back above it
2026-09-06T06:42:04.235914+00:00 KINO: confirmation ran 33pts past 79804.51 - NOT chasing; SELL only on a retest
2026-09-06T06:43:04.393843+00:00 KINO: retest of 79804.51 - entering the missed SELL properly
2026-09-06T06:43:04.396843+00:00 KINO skipped: same wall as fighter chain 1050148613 (SL 79845.17)
2026-09-06T06:44:05.210614+00:00 KINO: retest of 79804.51 - entering the missed SELL properly
2026-09-06T06:46:04.619418+00:00 KINO: peak 79823.70 official -> pending BUY on M1 close back above it
2026-09-06T06:46:04.619418+00:00 KINO: retest of 79804.51 - entering the missed SELL properly
2026-09-06T06:48:43.050082+00:00 EXIT logged: ticket 1050160235 tp profit 12.44 dur 23.6min
2026-09-06T06:48:43.050781+00:00 RECOV[1050148613]: chain ENDED (link 1050160235 exit=tp 12.44)
2026-09-06T06:51:03.419391+00:00 KINO: dip 79680.87 official -> pending SELL on M1 close back below it
2026-09-06T06:55:04.091962+00:00 SHADOW ENTRY: recipe fired -> would BUY @ ~79796.15 (setup 79791.28)
2026-09-06T06:56:04.259572+00:00 KINO: peak 79796.55 official -> pending BUY on M1 close back above it
2026-09-06T07:08:05.631276+00:00 KINO ENTRY: BUY 0.01 @ ~79812.72 SL 79750.74 TP 79835.96 (risk $0.62, prize $0.23, return to peak, calm mkt)
2026-09-06T07:08:05.633403+00:00 SHADOW ENTRY: recipe fired -> would BUY @ ~79801.38 (setup 79796.08)
2026-09-06T07:08:07.642157+00:00 KINO: pending dn cleared - fresh pullback required after closed trade 1050163082
2026-09-06T07:09:03.806267+00:00 KINO: peak 79805.55 official -> pending BUY on M1 close back above it
2026-09-06T07:16:04.028492+00:00 KINO: dip 79573.23 official -> pending SELL on M1 close back below it
2026-09-06T07:20:05.789827+00:00 KINO ENTRY: BUY 0.01 @ ~79814.89 SL 79573.23 TP 79889.89 (risk $2.42, prize $0.75, return to peak, calm mkt)
2026-09-06T07:20:07.803272+00:00 ENTRY logged: BUY 0.01 @ 79816.85 ticket 1050165111
2026-09-06T07:22:58.764359+00:00 KINO 40% LOCK: 1050165111 wall moved to entry
2026-09-06T07:24:16.986101+00:00 EXIT logged: ticket 1050165111 sl profit -0.03 dur 4.2min
2026-09-06T07:24:16.989233+00:00 RECOV[1050165111] armed: BUY 0.01 stopped at 79573.23 -> two doors: M1 close beyond the line = flip, or back beyond 79816.85 = re-enter
2026-09-06T07:24:16.992126+00:00 KINO: pending dn cleared - fresh pullback required after closed trade 1050165111
2026-09-06T07:25:05.122688+00:00 KINO: peak 79854.79 official -> pending BUY on M1 close back above it
2026-09-06T07:27:04.605157+00:00 RECOV[1050165111] RE-ENTRY (fake break): BUY 0.02 @ ~79840.12 SL 79762.72 TP 79869.14 (risk $1.55, prize $0.58, calm mkt -> -$0.39 early)
2026-09-06T07:27:06.617791+00:00 ENTRY logged: BUY 0.02 @ 79840.12 ticket 1050165659
2026-09-06T07:28:04.770307+00:00 KINO: dip 79762.72 official -> pending SELL on M1 close back below it
2026-09-06T07:30:05.055879+00:00 KINO: peak 79852.10 official -> pending BUY on M1 close back above it
2026-09-06T07:41:04.394403+00:00 KINO: dip 79780.32 official -> pending SELL on M1 close back below it
2026-09-06T07:42:04.544706+00:00 KINO: peak 79836.60 official -> pending BUY on M1 close back above it
2026-09-06T07:44:32.194123+00:00 RECOV[1050165111] 40% LOCK: link 1050165659 wall moved to entry
2026-09-06T07:44:32.851414+00:00 RECOV[1050165111] PARTIAL 85%: link 1050165659 banked 0.01 lots, rest rides to TP
2026-09-06T07:44:34.864231+00:00 EXIT logged: ticket 1050165659 sl profit 0.21 dur 17.5min
2026-09-06T07:44:34.867669+00:00 RECOV[1050165111]: link 1050165659 stopped -> two doors: M1 close beyond 79852.62 = flip, or back beyond 79840.12 = re-enter
2026-09-06T07:45:04.956546+00:00 FLIP[1050165111] break confirmed DOWN - waiting for a pullback structure to enter 0.03 (SL stays at the two-door wall)
2026-09-06T07:45:04.958553+00:00 KINO skipped: a page/chain is still fighting (one saga at a time)
2026-09-06T07:48:04.445803+00:00 KINO skipped: a page/chain is still fighting (one saga at a time)
2026-09-06T07:50:05.050689+00:00 KINO skipped: a page/chain is still fighting (one saga at a time)
2026-09-06T07:57:04.092803+00:00 KINO skipped: a page/chain is still fighting (one saga at a time)
2026-09-06T07:58:04.254041+00:00 KINO: peak 79847.50 official -> pending BUY on M1 close back above it
2026-09-06T08:01:32.719439+00:00 CLOCKS DIVERGED: H4 and D1 disagree again - no new runner candidates
2026-09-06T08:09:03.971174+00:00 KINO skipped: a page/chain is still fighting (one saga at a time)
2026-09-06T08:10:04.123281+00:00 KINO skipped: a page/chain is still fighting (one saga at a time)
2026-09-06T08:11:04.274975+00:00 KINO: confirmation ran 23pts past 79847.50 - NOT chasing; BUY only on a retest
2026-09-06T08:12:04.425615+00:00 KINO: retest of 79847.50 - entering the missed BUY properly
2026-09-06T08:12:04.425615+00:00 KINO skipped: a page/chain is still fighting (one saga at a time)
2026-09-06T08:13:04.572333+00:00 KINO: retest of 79847.50 - entering the missed BUY properly
2026-09-06T08:13:04.573143+00:00 KINO skipped: a page/chain is still fighting (one saga at a time)
2026-09-06T08:14:04.730853+00:00 KINO: retest of 79847.50 - entering the missed BUY properly
2026-09-06T08:14:04.730853+00:00 KINO skipped: a page/chain is still fighting (one saga at a time)
2026-09-06T08:17:03.184284+00:00 KINO: peak 79877.41 official -> pending BUY on M1 close back above it
2026-09-06T08:22:05.078242+00:00 KINO: peak 79846.11 official -> pending BUY on M1 close back above it
2026-09-06T08:34:03.656460+00:00 KINO: dip 79789.76 official -> pending SELL on M1 close back below it
2026-09-06T08:37:04.121681+00:00 KINO: peak 79826.55 official -> pending BUY on M1 close back above it
2026-09-06T08:41:06.138708+00:00 CHAIN RESUMED[1050165111] on structure: SELL 0.03 @ ~79787.17 SL 79897.65 TP 79745.74 (risk $3.31, owed $0.24)
2026-09-06T08:41:08.160327+00:00 ENTRY logged: SELL 0.03 @ 79788.08 ticket 1050168337
2026-09-06T08:45:01.748603+00:00 KINO: dip 79748.83 official -> pending SELL on M1 close back below it
2026-09-06T08:47:22.342099+00:00 RECOV[1050165111] 40% LOCK: link 1050168337 wall moved to entry
2026-09-06T08:47:48.922350+00:00 EXIT logged: ticket 1050168337 sl profit 0.26 dur 6.8min
2026-09-06T08:47:48.924093+00:00 RECOV[1050165111]: link 1050168337 stopped -> two doors: M1 close beyond 79779.25 = flip, or back beyond 79788.08 = re-enter
2026-09-06T08:48:00.967203+00:00 RECOV[1050165111]: wall 79785.32 too close (17.6pts) - waiting (log once)
2026-09-06T08:50:01.698161+00:00 KINO: dip 79749.71 official -> pending SELL on M1 close back below it
2026-09-06T08:51:01.919435+00:00 FLIP[1050165111] break confirmed UP - waiting for a pullback structure to enter 0.04 (SL stays at the two-door wall)
2026-09-06T08:54:03.557121+00:00 CHAIN RESUMED[1050165111] on structure: BUY 0.04 @ ~79859.52 SL 79748.83 TP 79902.37 (risk $4.43, owed $0.50)
2026-09-06T08:54:05.565311+00:00 ENTRY logged: BUY 0.04 @ 79859.51 ticket 1050168896
2026-09-06T08:57:00.429801+00:00 KINO: peak 79880.07 official -> pending BUY on M1 close back above it
2026-09-06T09:04:01.503431+00:00 KINO: dip 79798.45 official -> pending SELL on M1 close back below it
2026-09-06T09:04:32.515034+00:00 RECOV[1050165111] RATCHET LOCK: link 1050168896 wall moved to entry 79869.01 (can no longer lose)
2026-09-06T09:04:44.552708+00:00 EXIT logged: ticket 1050168896 sl profit 0.26 dur 10.7min
2026-09-06T09:04:44.554217+00:00 RECOV[1050165111]: link 1050168896 stopped -> two doors: M1 close beyond 79869.01 = flip, or back beyond 79859.51 = re-enter
2026-09-06T09:05:02.602134+00:00 FLIP[1050165111] break confirmed DOWN - waiting for a pullback structure to enter 0.05 (SL stays at the two-door wall)
2026-09-06T09:07:00.890694+00:00 KINO: peak 79878.51 official -> pending BUY on M1 close back above it
2026-09-06T09:09:01.187885+00:00 KINO: dip 79841.57 official -> pending SELL on M1 close back below it
2026-09-06T09:12:02.043719+00:00 KINO: confirmation ran 26pts past 79878.51 - NOT chasing; BUY only on a retest
2026-09-06T09:20:00.450831+00:00 KINO: peak 79967.55 official -> pending BUY on M1 close back above it
2026-09-06T09:28:01.761899+00:00 KINO skipped: a page/chain is still fighting (one saga at a time)
2026-09-06T09:29:01.924150+00:00 KINO skipped: a page/chain is still fighting (one saga at a time)
2026-09-06T09:30:02.160849+00:00 KINO: peak 79988.61 official -> pending BUY on M1 close back above it
2026-09-06T09:34:10.753212+00:00 KINO skipped: a page/chain is still fighting (one saga at a time)
2026-09-06T09:39:07.755966+00:00 OWL starting (TP+recovery manager, trade scribe)
2026-09-06T09:53:01.540105+00:00 KINO: dip 79851.39 official -> pending SELL on M1 close back below it
2026-09-06T09:55:01.870712+00:00 KINO: peak 79872.37 official -> pending BUY on M1 close back above it
2026-09-06T09:56:03.504852+00:00 CHAIN RESUMED[1050165111] on structure: SELL 0.05 @ ~79850.70 SL 80001.02 TP 79813.10 (risk $7.52, owed $0.76)
2026-09-06T09:56:05.512851+00:00 ENTRY logged: SELL 0.05 @ 79850.7 ticket 1050172635
2026-09-06T09:58:01.806408+00:00 KINO: dip 79850.53 official -> pending SELL on M1 close back below it
2026-09-06T09:59:01.956460+00:00 KINO: confirmation ran 30pts past 79872.37 - NOT chasing; BUY only on a retest
2026-09-06T10:00:02.125628+00:00 KINO: retest of 79872.37 - entering the missed BUY properly
2026-09-06T10:00:02.125628+00:00 KINO skipped: a page/chain is still fighting (one saga at a time)
2026-09-06T10:01:02.295822+00:00 KINO: retest of 79872.37 - entering the missed BUY properly
2026-09-06T10:01:02.295822+00:00 KINO skipped: a page/chain is still fighting (one saga at a time)
2026-09-06T10:08:01.302543+00:00 KINO: peak 79952.09 official -> pending BUY on M1 close back above it
2026-09-06T10:09:01.460487+00:00 KINO: dip 79900.47 official -> pending SELL on M1 close back below it
2026-09-06T10:19:01.058264+00:00 KINO skipped: a page/chain is still fighting (one saga at a time)
2026-09-06T10:20:01.239802+00:00 KINO: confirmation ran 23pts past 79952.09 - NOT chasing; BUY only on a retest
2026-09-06T10:21:10.704172+00:00 KINO: retest of 79952.09 - entering the missed BUY properly
2026-09-06T10:21:18.182517+00:00 KINO skipped: a page/chain is still fighting (one saga at a time)
2026-09-06T10:22:00.830483+00:00 KINO: retest of 79952.09 - entering the missed BUY properly
2026-09-06T10:22:00.830483+00:00 KINO skipped: a page/chain is still fighting (one saga at a time)
2026-09-06T10:23:01.980172+00:00 KINO: retest of 79952.09 - entering the missed BUY properly
2026-09-06T10:23:01.980172+00:00 KINO skipped: a page/chain is still fighting (one saga at a time)
2026-09-06T10:24:02.137673+00:00 KINO: retest of 79952.09 - entering the missed BUY properly
2026-09-06T10:24:02.139616+00:00 KINO skipped: a page/chain is still fighting (one saga at a time)
2026-09-06T10:25:02.314188+00:00 KINO: retest of 79952.09 - entering the missed BUY properly
2026-09-06T10:25:02.314188+00:00 KINO skipped: a page/chain is still fighting (one saga at a time)
2026-09-06T10:26:03.081719+00:00 KINO: retest of 79952.09 - entering the missed BUY properly
2026-09-06T10:26:03.081719+00:00 KINO skipped: a page/chain is still fighting (one saga at a time)
2026-09-06T10:27:01.234272+00:00 KINO: retest of 79952.09 - entering the missed BUY properly
2026-09-06T10:27:01.234794+00:00 KINO skipped: a page/chain is still fighting (one saga at a time)
2026-09-06T10:28:01.391007+00:00 KINO: retest of 79952.09 - entering the missed BUY properly
2026-09-06T10:28:01.392207+00:00 KINO skipped: a page/chain is still fighting (one saga at a time)
2026-09-06T10:28:01.392207+00:00 KINO: dip 79950.54 official -> pending SELL on M1 close back below it
2026-09-06T10:36:00.791974+00:00 KINO: peak 79987.93 official -> pending BUY on M1 close back above it
2026-09-06T10:41:49.841881+00:00 EXIT logged: ticket 1050172635 sl profit -7.65 dur 45.8min
2026-09-06T10:41:49.841881+00:00 KINO tracker reset - clean chart
2026-09-06T10:41:49.844912+00:00 RECOV[1050165111]: link 1050172635 stopped -> two doors: M1 close beyond 80001.02 = flip, or back beyond 79850.70 = re-enter
2026-09-06T10:44:02.196455+00:00 FLIP[1050165111] break confirmed UP - waiting for a pullback structure to enter 0.06 (SL stays at the two-door wall)
2026-09-06T10:48:02.869156+00:00 KINO: peak 80020.55 official -> pending BUY on M1 close back above it
2026-09-06T10:55:01.239004+00:00 KINO: dip 79970.40 official -> pending SELL on M1 close back below it
2026-09-06T10:57:02.892481+00:00 KINO: peak 80019.60 official -> pending BUY on M1 close back above it
2026-09-06T11:03:00.652195+00:00 KINO: dip 79945.43 official -> pending SELL on M1 close back below it
2026-09-06T11:08:01.353302+00:00 KINO: peak 79996.68 official -> pending BUY on M1 close back above it
2026-09-06T11:10:01.641601+00:00 KINO skipped: a page/chain is still fighting (one saga at a time)
2026-09-06T11:12:01.953759+00:00 KINO skipped: a page/chain is still fighting (one saga at a time)
2026-09-06T11:13:02.105901+00:00 KINO skipped: a page/chain is still fighting (one saga at a time)
2026-09-06T11:14:02.268597+00:00 KINO: dip 79914.19 official -> pending SELL on M1 close back below it
2026-09-06T11:19:01.018716+00:00 KINO: peak 79994.69 official -> pending BUY on M1 close back above it
2026-09-06T11:26:02.078355+00:00 KINO skipped: a page/chain is still fighting (one saga at a time)
2026-09-06T11:27:02.253886+00:00 KINO skipped: a page/chain is still fighting (one saga at a time)
2026-09-06T11:28:20.070461+00:00 KINO: dip 79898.89 official -> pending SELL on M1 close back below it
2026-09-06T11:30:02.294955+00:00 KINO: peak 79997.44 official -> pending BUY on M1 close back above it
2026-09-06T11:33:02.738922+00:00 KINO: dip 79879.54 official -> pending SELL on M1 close back below it
2026-09-06T11:36:01.787596+00:00 KINO: peak 79975.10 official -> pending BUY on M1 close back above it
2026-09-06T11:38:02.113758+00:00 KINO: dip 79903.54 official -> pending SELL on M1 close back below it
2026-09-06T11:43:02.976067+00:00 KINO: peak 79933.85 official -> pending BUY on M1 close back above it
2026-09-06T11:45:04.387238+00:00 CHAIN RESUMED[1050165111] on structure: BUY 0.06 @ ~79953.06 SL 79839.72 TP 80001.40 (risk $6.80, owed $8.41)
2026-09-06T11:45:06.405173+00:00 ENTRY logged: BUY 0.06 @ 79951.37 ticket 1050177267
2026-09-06T11:51:01.365932+00:00 KINO: peak 79964.66 official -> pending BUY on M1 close back above it
2026-09-06T12:00:02.098405+00:00 KINO: dip 79911.44 official -> pending SELL on M1 close back below it
2026-09-06T12:06:01.617591+00:00 KINO skipped: a page/chain is still fighting (one saga at a time)
2026-09-06T12:07:01.791182+00:00 KINO skipped: a page/chain is still fighting (one saga at a time)
2026-09-06T12:08:01.953310+00:00 KINO skipped: a page/chain is still fighting (one saga at a time)
2026-09-06T12:09:02.119642+00:00 KINO skipped: a page/chain is still fighting (one saga at a time)
2026-09-06T12:10:02.340201+00:00 KINO skipped: a page/chain is still fighting (one saga at a time)
2026-09-06T12:11:02.513951+00:00 KINO: peak 79914.13 official -> pending BUY on M1 close back above it
2026-09-06T12:11:02.513951+00:00 KINO: confirmation ran 31pts past 79911.44 - NOT chasing; SELL only on a retest
2026-09-06T12:14:00.961498+00:00 KINO: dip 79856.35 official -> pending SELL on M1 close back below it
2026-09-06T12:15:03.108565+00:00 KINO: confirmation ran 20pts past 79914.13 - NOT chasing; BUY only on a retest
2026-09-06T12:15:17.765426+00:00 RECOV[1050165111] RATCHET LOCK: link 1050177267 wall moved to entry 79962.29 (can no longer lose)
2026-09-06T12:15:30.467269+00:00 RECOV[1050165111] RATCHET BANK: link 1050177267 taken at +2.20 (70% of prize)
2026-09-06T12:15:32.491261+00:00 EXIT logged: ticket 1050177267 manual profit 2.18 dur 30.4min
2026-09-06T12:15:32.492463+00:00 KINO tracker reset - clean chart
2026-09-06T12:15:32.493961+00:00 RECOV[1050165111]: chain ENDED (link 1050177267 exit=manual 2.18)
2026-09-06T12:19:03.492404+00:00 KINO: peak 79991.12 official -> pending BUY on M1 close back above it
2026-09-06T12:22:01.416313+00:00 KINO: dip 79949.02 official -> pending SELL on M1 close back below it
2026-09-06T12:27:02.292309+00:00 KINO: peak 80006.65 official -> pending BUY on M1 close back above it
2026-09-06T12:31:02.994637+00:00 KINO: dip 79967.64 official -> pending SELL on M1 close back below it
2026-09-06T12:33:01.295775+00:00 KINO: peak 80013.79 official -> pending BUY on M1 close back above it
2026-09-06T12:38:02.062095+00:00 KINO skipped: wall 80013.79 too close (50.4pts)
2026-09-06T12:41:02.510858+00:00 KINO skipped: wall 80013.79 too close (44.8pts)
2026-09-06T12:42:02.656554+00:00 KINO skipped: wall 80013.79 too close (53.0pts)
2026-09-06T12:43:03.998895+00:00 KINO ENTRY: SELL 0.01 @ ~79951.02 SL 80013.79 TP 79927.48 (risk $0.63, prize $0.24, return to dip, calm mkt)
2026-09-06T12:43:06.020671+00:00 ENTRY logged: SELL 0.01 @ 79951.03 ticket 1050179720
2026-09-06T12:44:02.146898+00:00 KINO: dip 79950.88 official -> pending SELL on M1 close back below it
2026-09-06T12:45:02.304749+00:00 KINO skipped: last page at 0.01 - 0.04 unlocks the next page
2026-09-06T12:49:18.399239+00:00 KINO 40% LOCK: 1050179720 wall moved to entry
2026-09-06T12:49:30.442516+00:00 EXIT logged: ticket 1050179720 tp profit 0.24 dur 6.4min
2026-09-06T12:49:30.442516+00:00 KINO tracker reset - clean chart
2026-09-06T12:56:01.604746+00:00 KINO: peak 79997.05 official -> pending BUY on M1 close back above it
2026-09-06T13:03:02.617014+00:00 KINO: dip 79871.43 official -> pending SELL on M1 close back below it
2026-09-06T13:10:01.758531+00:00 KINO: peak 79967.63 official -> pending BUY on M1 close back above it
2026-09-06T13:18:03.090699+00:00 KINO: confirmation ran 38pts past 79871.43 - NOT chasing; SELL only on a retest
2026-09-06T13:24:02.658391+00:00 KINO: dip 79811.23 official -> pending SELL on M1 close back below it
2026-09-06T13:25:02.782839+00:00 KINO: peak 79853.17 official -> pending BUY on M1 close back above it
2026-09-06T13:30:04.419696+00:00 KINO skipped: wall 79853.17 too close (37.6pts)
2026-09-06T13:31:01.404788+00:00 KINO skipped: wall 79853.17 too close (43.6pts)
2026-09-06T13:32:01.561498+00:00 KINO skipped: wall 79853.17 too close (49.8pts)
2026-09-06T13:33:01.703915+00:00 KINO skipped: wall 79853.17 too close (43.9pts)
2026-09-06T13:34:01.840655+00:00 KINO skipped: wall 79853.17 too close (53.4pts)
2026-09-06T13:35:01.988889+00:00 KINO skipped: wall 79853.17 too close (53.4pts)
2026-09-06T13:36:02.121169+00:00 KINO: dip 79752.13 official -> pending SELL on M1 close back below it
2026-09-06T13:40:02.670468+00:00 KINO: peak 79857.56 official -> pending BUY on M1 close back above it
2026-09-06T13:44:03.237843+00:00 KINO: peak 79833.58 official -> pending BUY on M1 close back above it
2026-09-06T13:46:03.528437+00:00 KINO: dip 79782.13 official -> pending SELL on M1 close back below it
2026-09-06T13:49:16.424688+00:00 KINO ENTRY: BUY 0.01 @ ~79843.33 SL 79782.13 TP 79866.28 (risk $0.61, prize $0.23, return to peak, calm mkt)
2026-09-06T13:49:18.436029+00:00 ENTRY logged: BUY 0.01 @ 79842.75 ticket 1050183914
2026-09-06T13:50:02.559036+00:00 KINO: peak 79845.58 official -> pending BUY on M1 close back above it
2026-09-06T13:58:11.947346+00:00 EXIT logged: ticket 1050183914 sl profit -0.61 dur 8.9min
2026-09-06T13:58:11.948118+00:00 KINO tracker reset - clean chart
2026-09-06T13:58:11.949839+00:00 RECOV[1050183914] armed: BUY 0.01 stopped at 79782.13 -> two doors: M1 close beyond the line = flip, or back beyond 79842.75 = re-enter
2026-09-06T13:59:02.088251+00:00 FLIP[1050183914] break confirmed DOWN - waiting for a pullback structure to enter 0.02 (SL stays at the two-door wall)
2026-09-06T14:11:02.009231+00:00 KINO: dip 79740.46 official -> pending SELL on M1 close back below it
2026-09-06T14:16:02.828669+00:00 KINO: dip 79731.87 official -> pending SELL on M1 close back below it
2026-09-06T14:17:00.970987+00:00 KINO: peak 79770.12 official -> pending BUY on M1 close back above it
2026-09-06T14:17:00.970987+00:00 KINO: confirmation ran 23pts past 79731.87 - NOT chasing; SELL only on a retest
2026-09-06T14:18:01.123348+00:00 KINO: retest of 79731.87 - entering the missed SELL properly
2026-09-06T14:18:02.213475+00:00 CHAIN RESUMED[1050183914] on structure: SELL 0.02 @ ~79708.14 SL 79845.32 TP 79656.70 (risk $2.74, owed $0.61)
2026-09-06T14:18:04.223626+00:00 ENTRY logged: SELL 0.02 @ 79708.14 ticket 1050186368
2026-09-06T14:19:02.369091+00:00 KINO skipped: last page at 0.02 - 0.04 unlocks the next page
2026-09-06T14:20:38.648118+00:00 RECOV[1050183914] 40% LOCK: link 1050186368 wall moved to entry
2026-09-06T14:20:51.398644+00:00 RECOV[1050183914] PARTIAL 85%: link 1050186368 banked 0.01 lots, rest rides to TP
2026-09-06T14:21:03.441996+00:00 EXIT logged: ticket 1050186368 tp profit 1.01 dur 3.0min
2026-09-06T14:21:03.444003+00:00 KINO tracker reset - clean chart
2026-09-06T14:21:03.446080+00:00 RECOV[1050183914]: chain ENDED (link 1050186368 exit=tp 1.01)
2026-09-06T14:27:02.007180+00:00 KINO: dip 79573.66 official -> pending SELL on M1 close back below it
2026-09-06T14:31:02.574320+00:00 KINO: peak 79717.97 official -> pending BUY on M1 close back above it
2026-09-06T14:32:04.028387+00:00 KINO ENTRY: SELL 0.01 @ ~79573.52 SL 79717.97 TP 79519.35 (risk $1.44, prize $0.54, return to dip, calm mkt)
2026-09-06T14:32:06.050045+00:00 ENTRY logged: SELL 0.01 @ 79577.12 ticket 1050188951
2026-09-06T14:32:13.023878+00:00 EXIT logged: ticket 1050188951 tp profit 0.58 dur 0.1min
2026-09-06T14:32:13.023878+00:00 KINO tracker reset - clean chart
2026-09-06T14:46:03.066900+00:00 KINO: peak 79751.15 official -> pending BUY on M1 close back above it
2026-09-06T14:49:02.702163+00:00 KINO: dip 79544.27 official -> pending SELL on M1 close back below it
2026-09-06T14:56:01.343952+00:00 KINO: peak 79710.45 official -> pending BUY on M1 close back above it
2026-09-06T15:00:18.311294+00:00 KINO ENTRY: SELL 0.01 @ ~79520.02 SL 79710.45 TP 79448.61 (risk $1.90, prize $0.71, return to dip, calm mkt)
2026-09-06T15:00:20.344396+00:00 ENTRY logged: SELL 0.01 @ 79520.02 ticket 1050193357
2026-09-06T15:00:51.282661+00:00 KINO 40% LOCK: 1050193357 wall moved to entry
2026-09-06T15:01:01.312301+00:00 EXIT logged: ticket 1050193357 tp profit 0.71 dur 0.7min
2026-09-06T15:01:01.314310+00:00 KINO tracker reset - clean chart
2026-09-06T15:03:03.648183+00:00 KINO: dip 79369.61 official -> pending SELL on M1 close back below it
2026-09-06T15:12:03.154292+00:00 KINO: peak 79575.61 official -> pending BUY on M1 close back above it
2026-09-06T15:16:11.959461+00:00 KINO ENTRY: BUY 0.01 @ ~79585.21 SL 79495.92 TP 79618.69 (risk $0.89, prize $0.33, return to peak, calm mkt)
2026-09-06T15:16:13.970302+00:00 ENTRY logged: BUY 0.01 @ 79583.95 ticket 1050195536
2026-09-06T15:16:49.229166+00:00 KINO 40% LOCK: 1050195536 wall moved to entry
2026-09-06T15:17:14.486660+00:00 EXIT logged: ticket 1050195536 tp profit 0.35 dur 0.9min
2026-09-06T15:17:14.488561+00:00 KINO tracker reset - clean chart
2026-09-06T15:23:03.323493+00:00 KINO: peak 79659.70 official -> pending BUY on M1 close back above it
2026-09-06T15:27:02.500901+00:00 KINO: peak 79657.34 official -> pending BUY on M1 close back above it
2026-09-06T15:32:03.323570+00:00 KINO: peak 79653.68 official -> pending BUY on M1 close back above it
2026-09-06T15:38:03.794889+00:00 KINO ENTRY: BUY 0.01 @ ~79693.82 SL 79578.68 TP 79737.00 (risk $1.15, prize $0.43, return to peak, strong mkt)
2026-09-06T15:38:03.794889+00:00 KINO: dip 79578.68 official -> pending SELL on M1 close back below it
2026-09-06T15:38:05.805596+00:00 ENTRY logged: BUY 0.01 @ 79688.06 ticket 1050197235
2026-09-06T15:48:02.279836+00:00 KINO: peak 79708.43 official -> pending BUY on M1 close back above it
2026-09-06T15:48:22.996768+00:00 KINO 40% LOCK: 1050197235 wall moved to entry
2026-09-06T15:48:49.083369+00:00 EXIT logged: ticket 1050197235 sl profit 0.12 dur 10.8min
2026-09-06T15:48:49.086036+00:00 KINO tracker reset - clean chart
2026-09-06T15:48:49.088044+00:00 RECOV[1050197235] armed: BUY 0.01 stopped at 79578.68 -> two doors: M1 close beyond the line = flip, or back beyond 79688.06 = re-enter
2026-09-06T15:49:03.134527+00:00 RECOV[1050197235]: wall 79679.94 too close (30.9pts) - waiting (log once)
2026-09-06T15:52:01.652672+00:00 KINO: dip 79680.70 official -> pending SELL on M1 close back below it
2026-09-06T15:55:02.228115+00:00 KINO skipped: last page at 0.02 - 0.04 unlocks the next page
2026-09-06T15:59:04.516752+00:00 RECOV[1050197235] RE-ENTRY (fake break): BUY 0.02 @ ~79723.03 SL 79642.54 TP 79753.21 (risk $1.61, prize $0.60, strong mkt -> -$0.40 early)
2026-09-06T15:59:06.535475+00:00 ENTRY logged: BUY 0.02 @ 79721.93000000001 ticket 1050198610
2026-09-06T16:02:02.973964+00:00 KINO: peak 79718.93 official -> pending BUY on M1 close back above it
2026-09-06T16:04:02.732327+00:00 KINO: confirmation ran 28pts past 79680.70 - NOT chasing; SELL only on a retest
2026-09-06T16:04:20.791030+00:00 EXIT logged: ticket 1050198610 sl profit -1.6400000000000001 dur 5.3min
2026-09-06T16:04:20.793962+00:00 KINO tracker reset - clean chart
2026-09-06T16:04:20.795970+00:00 RECOV[1050197235]: link 1050198610 stopped -> two doors: M1 close beyond 79642.54 = flip, or back beyond 79721.93 = re-enter
2026-09-06T16:05:02.925131+00:00 FLIP[1050197235] break confirmed DOWN - waiting for a pullback structure to enter 0.03 (SL stays at the two-door wall)
2026-09-06T16:11:02.928675+00:00 KINO: dip 79598.01 official -> pending SELL on M1 close back below it
2026-09-06T16:14:03.421166+00:00 KINO: peak 79734.80 official -> pending BUY on M1 close back above it
2026-09-06T16:27:02.938475+00:00 KINO: dip 79620.89 official -> pending SELL on M1 close back below it
2026-09-06T16:27:12.135653+00:00 OWL starting (TP+recovery manager, trade scribe)
2026-09-06T16:27:12.138696+00:00 WAR-CHEST mode ON: book $1.76, chest $0.00, next fighter 0.03
2026-09-06T16:33:02.177332+00:00 collecting: chest $0.00 of $2.12 needed for the 0.03 fighter - small page instead
2026-09-06T16:33:03.828589+00:00 KINO ENTRY: BUY 0.01 @ ~79762.01 SL 79620.89 TP 79814.93 (risk $1.41, prize $0.53, return to peak, strong mkt)
2026-09-06T16:33:05.842732+00:00 ENTRY logged: BUY 0.01 @ 79762.01 ticket 1050200826
2026-09-06T16:45:02.482095+00:00 KINO: dip 79672.24 official -> pending SELL on M1 close back below it
2026-09-06T16:54:01.889565+00:00 KINO: dip 79677.19 official -> pending SELL on M1 close back below it
2026-09-06T16:55:02.038670+00:00 KINO: peak 79721.81 official -> pending BUY on M1 close back above it
2026-09-06T16:55:02.038670+00:00 KINO skipped: last page at 0.01 - 0.04 unlocks the next page
2026-09-06T16:58:05.333650+00:00 KINO: confirmation ran 31pts past 79677.19 - NOT chasing; SELL only on a retest
2026-09-06T16:59:23.098172+00:00 KINO: retest of 79677.19 - entering the missed SELL properly
2026-09-06T17:00:03.561823+00:00 KINO: dip 79632.05 official -> pending SELL on M1 close back below it
2026-09-06T17:05:01.878093+00:00 KINO: peak 79681.56 official -> pending BUY on M1 close back above it
2026-09-06T17:08:52.917035+00:00 EXIT logged: ticket 1050200826 sl profit -1.41 dur 35.8min
2026-09-06T17:08:52.918093+00:00 KINO tracker reset - clean chart
2026-09-06T17:08:52.919099+00:00 DEBT BOOK +1.41 -> $3.17 owed
2026-09-06T17:16:03.960183+00:00 KINO: dip 79565.79 official -> pending SELL on M1 close back below it
2026-09-06T17:21:02.674049+00:00 KINO: peak 79759.32 official -> pending BUY on M1 close back above it
2026-09-06T17:23:32.813235+00:00 OWL starting (TP+recovery manager, trade scribe)
2026-09-06T17:23:32.817479+00:00 WAR-CHEST mode ON: book $3.17, chest $0.00, next fighter 0.03
2026-09-06T17:28:01.658738+00:00 KINO: peak 79767.05 official -> pending BUY on M1 close back above it
2026-09-06T17:33:01.836826+00:00 KINO: dip 79662.29 official -> pending SELL on M1 close back below it
2026-09-06T17:35:02.155928+00:00 KINO: peak 79751.17 official -> pending BUY on M1 close back above it
2026-09-06T17:45:13.715729+00:00 OWL starting (TP+recovery manager, trade scribe)
2026-09-06T17:45:13.718416+00:00 WAR-CHEST mode ON: book $3.17, chest $0.00, next fighter 0.03
2026-09-06T17:46:01.849355+00:00 KINO: peak 79760.72 official -> pending BUY on M1 close back above it
2026-09-06T17:47:10.216445+00:00 OWL starting (TP+recovery manager, trade scribe)
2026-09-06T17:47:10.218452+00:00 WAR-CHEST mode ON: book $3.17, chest $0.00, next fighter 0.03
2026-09-06T17:50:02.694939+00:00 KINO: dip 79709.76 official -> pending SELL on M1 close back below it
2026-09-06T17:57:02.592551+00:00 KINO: dip 79720.74 official -> pending SELL on M1 close back below it
2026-09-06T17:59:02.884242+00:00 KINO: peak 79761.33 official -> pending BUY on M1 close back above it
2026-09-06T18:03:01.472776+00:00 collecting: chest $0.00 of $1.88 needed for the 0.03 fighter - small page instead
2026-09-06T18:03:19.044510+00:00 KINO ENTRY: BUY 0.01 @ ~79782.98 SL 79720.15 TP 79806.54 (risk $0.63, prize $0.24, return to peak, strong mkt)
2026-09-06T18:03:34.139025+00:00 ENTRY logged: BUY 0.01 @ 79771.74 ticket 1050205497
2026-09-06T18:05:38.688525+00:00 KINO 40% LOCK: 1050205497 wall moved to entry
2026-09-06T18:05:58.739812+00:00 EXIT logged: ticket 1050205497 tp profit 0.35 dur 2.9min
2026-09-06T18:05:58.741819+00:00 KINO tracker reset - clean chart
2026-09-06T18:05:58.741819+00:00 CHEST +0.35 -> $0.35 saved toward the 0.03 fighter
2026-09-06T18:15:02.395264+00:00 KINO: peak 79863.61 official -> pending BUY on M1 close back above it
2026-09-06T18:17:02.743461+00:00 KINO: dip 79809.43 official -> pending SELL on M1 close back below it
2026-09-06T18:21:03.574051+00:00 KINO: confirmation ran 20pts past 79863.61 - NOT chasing; BUY only on a retest
2026-09-06T18:22:01.743165+00:00 KINO: retest of 79863.61 - entering the missed BUY properly
2026-09-06T18:22:01.745167+00:00 collecting: chest $0.35 of $2.48 needed for the 0.03 fighter - small page instead
2026-09-06T18:22:02.966441+00:00 KINO ENTRY: BUY 0.01 @ ~79892.04 SL 79809.43 TP 79923.02 (risk $0.83, prize $0.31, return to peak, calm mkt)
2026-09-06T18:22:04.981728+00:00 ENTRY logged: BUY 0.01 @ 79892.04000000001 ticket 1050207411
2026-09-06T18:26:02.251907+00:00 KINO: peak 79911.53 official -> pending BUY on M1 close back above it
2026-09-06T18:29:35.625292+00:00 KINO 40% LOCK: 1050207411 wall moved to entry
2026-09-06T18:29:43.672724+00:00 EXIT logged: ticket 1050207411 sl profit 0.08 dur 7.7min
2026-09-06T18:29:43.674734+00:00 KINO tracker reset - clean chart
2026-09-06T18:35:02.588735+00:00 KINO: peak 79950.61 official -> pending BUY on M1 close back above it
2026-09-06T18:41:02.973904+00:00 collecting: chest $0.35 of $1.81 needed for the 0.03 fighter - small page instead
2026-09-06T18:41:04.157665+00:00 KINO ENTRY: BUY 0.01 @ ~79960.39 SL 79900.06 TP 79983.01 (risk $0.60, prize $0.23, return to peak, strong mkt)
2026-09-06T18:41:06.167721+00:00 ENTRY logged: BUY 0.01 @ 79958.68000000001 ticket 1050209103
2026-09-06T18:44:02.984890+00:00 KINO: dip 79910.03 official -> pending SELL on M1 close back below it
2026-09-06T18:46:03.327840+00:00 KINO: peak 79941.18 official -> pending BUY on M1 close back above it
2026-09-06T18:47:33.629254+00:00 EXIT logged: ticket 1050209103 sl profit -0.64 dur 6.5min
2026-09-06T18:47:33.630390+00:00 KINO tracker reset - clean chart
2026-09-06T18:47:33.630390+00:00 WEATHER: storm detected (3 straight real losses) - FULL SHELTER, everything goes virtual
2026-09-06T18:47:33.632395+00:00 DEBT BOOK +0.64 -> $3.81 owed
2026-09-06T18:52:02.480121+00:00 KINO: dip 79895.46 official -> pending SELL on M1 close back below it
2026-09-06T19:03:02.331266+00:00 SHADOW page ENTRY: SELL 0.01 @ 79891.95 (virtual - shelter mode)
2026-09-06T19:06:35.263195+00:00 ERROR Traceback (most recent call last): |   File "C:\Projects\KinoliveLines\live\owl_manual_bot.py", line 2189, in main |     * min(_spr + BUFFER |                  ^^^^^^ | NameError: name 'BUFFER' is not defined | 
2026-09-06T19:07:06.368695+00:00 SHADOW[page] WIN +0.15 (virtual target hit)
2026-09-06T19:07:06.368695+00:00 WEATHER CLEAR: a VIRTUAL WIN lifted the storm - real trading resumes; frozen chains re-enter on the next structure at last lot + 0.01
2026-09-06T19:07:36.240257+00:00 OWL starting (TP+recovery manager, trade scribe)
2026-09-06T19:07:36.243956+00:00 WAR-CHEST mode ON: book $3.81, chest $0.35, next fighter 0.03
2026-09-06T19:24:03.404880+00:00 KINO: dip 79811.39 official -> pending SELL on M1 close back below it
2026-09-06T19:36:03.278195+00:00 collecting: chest $0.35 of $1.67 needed for the 0.03 fighter - small page instead
2026-09-06T19:36:03.278195+00:00 KINO skipped: wall 79866.62 too close (55.8pts)
2026-09-06T19:37:03.429800+00:00 collecting: chest $0.35 of $1.80 needed for the 0.03 fighter - small page instead
2026-09-06T19:37:04.595243+00:00 KINO ENTRY: SELL 0.01 @ ~79806.53 SL 79866.62 TP 79784.00 (risk $0.60, prize $0.23, return to dip, calm mkt)
2026-09-06T19:37:06.623492+00:00 ENTRY logged: SELL 0.01 @ 79809.29000000001 ticket 1050212009
2026-09-06T19:39:02.908044+00:00 KINO: dip 79796.86 official -> pending SELL on M1 close back below it
2026-09-06T19:45:03.793518+00:00 KINO skipped: last page at 0.01 - 0.04 unlocks the next page
2026-09-06T19:45:40.708043+00:00 KINO 40% LOCK: 1050212009 wall moved to entry
2026-09-06T19:45:44.727916+00:00 EXIT logged: ticket 1050212009 sl profit 0.01 dur 8.7min
2026-09-06T19:45:44.729925+00:00 KINO tracker reset - clean chart
2026-09-06T19:51:26.960764+00:00 OWL starting (TP+recovery manager, trade scribe)
2026-09-06T19:51:26.962779+00:00 WAR-CHEST mode ON: book $3.81, chest $0.35, next fighter 0.03
2026-09-06T20:05:03.182130+00:00 KINO: peak 79829.78 official -> pending BUY on M1 close back above it
2026-09-06T20:10:02.266279+00:00 KINO: dip 79765.00 official -> pending SELL on M1 close back below it
2026-09-06T20:20:02.473711+00:00 collecting: chest $0.35 of $2.38 needed for the 0.03 fighter - small page instead
2026-09-06T20:20:03.866694+00:00 KINO ENTRY: BUY 0.01 @ ~79844.40 SL 79765.0 TP 79859.29 (risk $0.79, prize $0.15, return to peak, strong mkt)
2026-09-06T20:20:05.888341+00:00 ENTRY logged: BUY 0.01 @ 79844.40000000001 ticket 1050213584
2026-09-06T20:20:31.019916+00:00 KINO 40% LOCK: 1050213584 wall moved to entry
2026-09-06T20:20:33.038056+00:00 EXIT logged: ticket 1050213584 tp profit 0.15 dur 0.5min
2026-09-06T20:20:33.040192+00:00 KINO tracker reset - clean chart
2026-09-06T20:20:33.042200+00:00 CHEST +0.15 -> $0.50 saved toward the 0.03 fighter
2026-09-06T20:36:03.676782+00:00 KINO: peak 79949.19 official -> pending BUY on M1 close back above it
2026-09-06T20:37:02.721537+00:00 collecting: chest $0.50 of $1.26 needed for the 0.03 fighter - small page instead
2026-09-06T20:37:02.721537+00:00 KINO skipped: wall 79922.56 too close (42.0pts)
2026-09-06T20:46:03.770456+00:00 collecting: chest $0.50 of $2.31 needed for the 0.03 fighter - small page instead
2026-09-06T20:46:04.983158+00:00 KINO ENTRY: BUY 0.01 @ ~79971.39 SL 79894.35 TP 79985.83 (risk $0.77, prize $0.14, return to peak, calm mkt)
2026-09-06T20:46:04.983705+00:00 KINO: dip 79894.35 official -> pending SELL on M1 close back below it
2026-09-06T20:46:06.995253+00:00 ENTRY logged: BUY 0.01 @ 79972.73 ticket 1050215502
2026-09-06T20:48:03.331866+00:00 KINO: peak 79969.95 official -> pending BUY on M1 close back above it
2026-09-06T20:48:17.387401+00:00 EXIT logged: ticket 1050215502 sl profit -0.79 dur 2.2min
2026-09-06T20:48:17.388317+00:00 KINO tracker reset - clean chart
2026-09-06T20:48:17.390328+00:00 DEBT BOOK +0.79 -> $4.60 owed
2026-09-06T20:50:03.664098+00:00 KINO: dip 79893.78 official -> pending SELL on M1 close back below it
2026-09-06T20:56:04.813886+00:00 collecting: chest $0.50 of $1.35 needed for the 0.03 fighter - small page instead
2026-09-06T20:56:04.814892+00:00 KINO skipped: wall 79937.63 too close (45.0pts)
2026-09-06T20:57:03.182975+00:00 collecting: chest $0.50 of $1.50 needed for the 0.03 fighter - small page instead
2026-09-06T20:57:03.182975+00:00 KINO skipped: wall 79937.63 too close (50.0pts)
2026-09-06T20:59:03.498816+00:00 collecting: chest $0.50 of $1.37 needed for the 0.03 fighter - small page instead
2026-09-06T20:59:03.499459+00:00 KINO skipped: wall 79937.63 too close (45.7pts)
2026-09-06T21:00:03.660639+00:00 KINO: dip 79882.53 official -> pending SELL on M1 close back below it
2026-09-06T21:03:14.137033+00:00 DEPOSIT detected: +150.00 -> Squirrel target auto-raised 400.00 -> 550.00 (deposits are floor, not progress)
2026-09-06T21:07:32.944069+00:00 KINO: peak 79984.61 official -> pending BUY on M1 close back above it
2026-09-06T21:14:03.280153+00:00 collecting: chest $0.50 of $2.44 needed for the 0.03 fighter - small page instead
2026-09-06T21:14:04.581764+00:00 KINO ENTRY: BUY 0.01 @ ~79991.98 SL 79910.6 TP 80007.24 (risk $0.81, prize $0.15, return to peak, calm mkt)
2026-09-06T21:14:06.593196+00:00 ENTRY logged: BUY 0.01 @ 79986.99 ticket 1050218080
2026-09-06T21:15:03.734563+00:00 EXIT logged: ticket 1050218080 tp profit 0.2 dur 0.9min
2026-09-06T21:15:03.735912+00:00 KINO tracker reset - clean chart
2026-09-06T21:15:03.737143+00:00 CHEST +0.20 -> $0.70 saved toward the 0.03 fighter
2026-09-06T21:20:02.391019+00:00 KINO: peak 80029.59 official -> pending BUY on M1 close back above it
2026-09-06T21:25:03.495877+00:00 KINO: dip 79918.93 official -> pending SELL on M1 close back below it
2026-09-06T21:27:04.057487+00:00 KINO: peak 79981.67 official -> pending BUY on M1 close back above it
2026-09-06T21:28:02.195211+00:00 collecting: chest $0.70 of $1.99 needed for the 0.03 fighter - small page instead
2026-09-06T21:28:03.378638+00:00 KINO ENTRY: SELL 0.01 @ ~79915.45 SL 79981.67 TP 79903.03 (risk $0.66, prize $0.12, return to dip, calm mkt)
2026-09-06T21:28:05.398825+00:00 ENTRY logged: SELL 0.01 @ 79915.48 ticket 1050219907
2026-09-06T21:29:19.616197+00:00 EXIT logged: ticket 1050219907 tp profit 0.12 dur 1.2min
2026-09-06T21:29:19.620210+00:00 KINO tracker reset - clean chart
2026-09-06T21:29:19.623723+00:00 CHEST +0.12 -> $0.82 saved toward the 0.03 fighter
2026-09-06T21:32:04.081409+00:00 KINO: dip 79874.36 official -> pending SELL on M1 close back below it
2026-09-06T21:33:14.869879+00:00 OWL starting (TP+recovery manager, trade scribe)
2026-09-06T21:33:14.873892+00:00 WAR-CHEST mode ON: book $4.60, chest $0.82, next fighter 0.03
2026-09-06T21:35:03.144957+00:00 KINO: dip 79884.97 official -> pending SELL on M1 close back below it
2026-09-06T21:42:01.924205+00:00 KINO: dip 79864.02 official -> pending SELL on M1 close back below it
2026-09-06T21:46:02.564220+00:00 KINO: dip 79864.19 official -> pending SELL on M1 close back below it
2026-09-06T21:51:03.286249+00:00 KINO: peak 79999.74 official -> pending BUY on M1 close back above it
2026-09-06T21:54:03.698503+00:00 KINO: dip 79894.10 official -> pending SELL on M1 close back below it
2026-09-06T21:59:03.026958+00:00 KINO: dip 79900.93 official -> pending SELL on M1 close back below it
2026-09-06T22:01:03.382173+00:00 KINO: peak 79954.82 official -> pending BUY on M1 close back above it
2026-09-06T22:03:03.650131+00:00 KINO: confirmation ran 87pts past 79900.93 - NOT chasing; SELL only on a retest
2026-09-06T22:06:02.065468+00:00 KINO: retest of 79900.93 - entering the missed SELL properly
2026-09-06T22:06:02.067283+00:00 collecting: chest $0.82 of $2.51 needed for the 0.03 fighter - small page instead
2026-09-06T22:06:03.267014+00:00 KINO ENTRY: SELL 0.01 @ ~79871.04 SL 79954.82 TP 79855.33 (risk $0.84, prize $0.16, return to dip, calm mkt)
2026-09-06T22:06:05.282067+00:00 ENTRY logged: SELL 0.01 @ 79871.03 ticket 1050226437
2026-09-06T22:06:42.433210+00:00 KINO 40% LOCK: 1050226437 wall moved to entry
2026-09-06T22:06:46.450930+00:00 EXIT logged: ticket 1050226437 tp profit 0.16 dur 0.7min
2026-09-06T22:06:46.452938+00:00 KINO tracker reset - clean chart
2026-09-06T22:06:46.452938+00:00 CHEST +0.16 -> $0.98 saved toward the 0.03 fighter
2026-09-06T22:13:03.344757+00:00 KINO: peak 79760.52 official -> pending BUY on M1 close back above it
2026-09-06T22:16:03.844355+00:00 collecting: chest $0.98 of $2.59 needed for the 0.03 fighter - small page instead
2026-09-06T22:16:05.022805+00:00 KINO ENTRY: BUY 0.01 @ ~79780.45 SL 79694.04 TP 79796.65 (risk $0.86, prize $0.16, return to peak, calm mkt)
2026-09-06T22:16:05.023113+00:00 KINO: dip 79668.92 official -> pending SELL on M1 close back below it
2026-09-06T22:16:07.037364+00:00 ENTRY logged: BUY 0.01 @ 79780.45 ticket 1050231541
2026-09-06T22:17:03.186574+00:00 KINO: peak 79770.45 official -> pending BUY on M1 close back above it
2026-09-06T22:18:09.408007+00:00 EXIT logged: ticket 1050231541 sl profit -0.89 dur 2.1min
2026-09-06T22:18:09.408762+00:00 KINO tracker reset - clean chart
2026-09-06T22:18:09.410014+00:00 DEBT BOOK +0.89 -> $5.49 owed
2026-09-06T22:21:02.784774+00:00 KINO: dip 79635.56 official -> pending SELL on M1 close back below it
2026-09-06T22:40:03.207752+00:00 KINO: peak 80010.45 official -> pending BUY on M1 close back above it
2026-09-06T22:47:30.288356+00:00 REST: dropped below hard floor 192 - real trading paused, ghosts must re-prove the weather
2026-09-06T22:47:30.289861+00:00 WITHDRAWAL detected: -200.00 (ladder handled by assistant)
2026-09-06T22:51:45.489230+00:00 OWL starting (TP+recovery manager, trade scribe)
2026-09-06T22:51:45.492374+00:00 WAR-CHEST mode ON: book $0.00, chest $0.00, next fighter 0.02
2026-09-06T22:58:03.189858+00:00 KINO: peak 80095.33 official -> pending BUY on M1 close back above it
2026-09-06T23:04:04.063025+00:00 KINO: confirmation ran 183pts past 80095.33 - NOT chasing; BUY only on a retest
2026-09-06T23:10:02.950070+00:00 KINO: dip 80128.70 official -> pending SELL on M1 close back below it
2026-09-06T23:18:02.206018+00:00 KINO: dip 80140.47 official -> pending SELL on M1 close back below it
2026-09-06T23:21:02.643900+00:00 KINO: peak 80281.19 official -> pending BUY on M1 close back above it
2026-09-06T23:25:04.855465+00:00 KINO ENTRY: SELL 0.02 @ ~80137.23 SL 80281.19 TP 80110.24 (risk $2.88, prize $0.54, return to dip, calm mkt)
2026-09-06T23:25:06.865097+00:00 ENTRY logged: SELL 0.02 @ 80135.01 ticket 133039782
2026-09-06T23:25:09.814153+00:00 KINO 40% LOCK: 133039782 wall moved to entry
2026-09-06T23:25:12.484339+00:00 KINO PARTIAL 85%: 133039782 banked 0.01 lots, rest rides to TP
2026-09-06T23:25:14.496485+00:00 EXIT logged: ticket 133039782 sl profit 0.24 dur 0.1min
2026-09-06T23:25:14.499634+00:00 KINO tracker reset - clean chart
2026-09-06T23:27:02.818468+00:00 KINO: dip 80090.66 official -> pending SELL on M1 close back below it
2026-09-06T23:31:03.470645+00:00 KINO: dip 80103.39 official -> pending SELL on M1 close back below it
2026-09-06T23:41:03.084121+00:00 KINO: peak 80454.89 official -> pending BUY on M1 close back above it
2026-09-06T23:46:03.827415+00:00 KINO: dip 80357.73 official -> pending SELL on M1 close back below it
2026-09-06T23:47:03.974617+00:00 KINO: confirmation ran 60pts past 80454.89 - NOT chasing; BUY only on a retest
2026-09-06T23:48:04.108775+00:00 KINO: peak 80567.99 official -> pending BUY on M1 close back above it
2026-09-06T23:50:02.361775+00:00 KINO: dip 80397.11 official -> pending SELL on M1 close back below it
2026-09-06T23:53:06.282191+00:00 KINO ENTRY: SELL 0.02 @ ~80398.42 SL 80527.64 TP 80374.19 (risk $2.58, prize $0.48, return to dip, calm mkt)
2026-09-06T23:53:08.288815+00:00 ENTRY logged: SELL 0.02 @ 80394.14 ticket 133045641
2026-09-06T23:55:39.881726+00:00 KINO 40% LOCK: 133045641 wall moved to entry
2026-09-06T23:55:53.920896+00:00 EXIT logged: ticket 133045641 tp profit 0.4 dur 2.8min
2026-09-06T23:55:53.920896+00:00 KINO tracker reset - clean chart
2026-09-06T23:55:53.920896+00:00 WAR FUND +0.40 -> $0.40 set aside for future fighters (cap $5)
2026-09-06T23:58:02.289671+00:00 KINO: dip 80291.22 official -> pending SELL on M1 close back below it
2026-09-07T00:00:39.126398+00:00 CLOCKS ALIGNED: H4 and D1 both say UP - next BUY scalp is the runner candidate (2x0.01)
2026-09-07T00:00:39.128997+00:00 PAPER RUNNER opened: BUY 2x0.01 @ 80321.06 (virtual, no real money)
2026-09-07T00:01:03.207704+00:00 KINO: confirmation ran 39pts past 80291.22 - NOT chasing; SELL only on a retest
2026-09-07T00:02:03.658403+00:00 KINO: retest of 80291.22 - entering the missed SELL properly
2026-09-07T00:02:05.151872+00:00 KINO ENTRY: SELL 0.02 @ ~80302.43 SL 80369.43 TP 80289.87 (risk $1.34, prize $0.25, return to dip, calm mkt)
2026-09-07T00:02:07.161474+00:00 ENTRY logged: SELL 0.02 @ 80302.43000000001 ticket 133047492
2026-09-07T00:02:11.809397+00:00 EXIT logged: ticket 133047492 tp profit 0.25 dur 0.1min
2026-09-07T00:02:11.810442+00:00 KINO tracker reset - clean chart
2026-09-07T00:02:11.811913+00:00 WAR FUND +0.25 -> $0.65 set aside for future fighters (cap $5)
2026-09-07T00:06:04.486812+00:00 SHADOW ENTRY: recipe fired -> would BUY @ ~80423.01 (setup 80340.05)
2026-09-07T00:13:03.943642+00:00 KINO: peak 80449.01 official -> pending BUY on M1 close back above it
2026-09-07T00:14:04.094811+00:00 KINO: dip 80311.56 official -> pending SELL on M1 close back below it
2026-09-07T00:16:04.438835+00:00 KINO: confirmation ran 44pts past 80311.56 - NOT chasing; SELL only on a retest
2026-09-07T00:23:03.580239+00:00 KINO: dip 80046.21 official -> pending SELL on M1 close back below it
2026-09-07T00:24:03.795087+00:00 KINO: peak 80209.44 official -> pending BUY on M1 close back above it
2026-09-07T00:31:03.077063+00:00 KINO: confirmation ran 43pts past 80209.44 - NOT chasing; BUY only on a retest
2026-09-07T00:32:03.275927+00:00 KINO: retest of 80209.44 - entering the missed BUY properly
2026-09-07T00:32:04.695114+00:00 KINO ENTRY: BUY 0.02 @ ~80226.67 SL 80129.83 TP 80244.83 (risk $1.94, prize $0.36, return to peak, calm mkt)
2026-09-07T00:32:06.716594+00:00 KINO: pending dn cleared - fresh pullback required after closed trade 133053014
2026-09-07T00:34:03.973090+00:00 KINO: peak 80276.11 official -> pending BUY on M1 close back above it
2026-09-07T00:40:02.995871+00:00 KINO: dip 80103.92 official -> pending SELL on M1 close back below it
2026-09-07T00:47:02.105378+00:00 KINO: peak 80173.74 official -> pending BUY on M1 close back above it
2026-09-07T00:47:03.579168+00:00 KINO ENTRY: SELL 0.02 @ ~80098.20 SL 80173.74 TP 80084.04 (risk $1.51, prize $0.28, return to dip, calm mkt)
2026-09-07T00:47:05.586251+00:00 ENTRY logged: SELL 0.02 @ 80094.92 ticket 133055631
2026-09-07T00:47:35.707036+00:00 EXIT logged: ticket 133055631 tp profit 0.22 dur 0.5min
2026-09-07T00:47:35.708043+00:00 KINO tracker reset - clean chart
2026-09-07T00:47:35.708384+00:00 WAR FUND +0.22 -> $0.87 set aside for future fighters (cap $5)
2026-09-07T00:54:02.859231+00:00 KINO: peak 80192.90 official -> pending BUY on M1 close back above it
2026-09-07T00:57:03.499223+00:00 KINO: peak 80176.57 official -> pending BUY on M1 close back above it
2026-09-07T01:00:04.137948+00:00 KINO: dip 80059.75 official -> pending SELL on M1 close back below it
2026-09-07T01:03:04.077671+00:00 KINO ENTRY: BUY 0.02 @ ~80222.83 SL 80059.75 TP 80257.35 (risk $3.26, prize $0.69, return to peak, strong mkt)
2026-09-07T01:03:06.099403+00:00 ENTRY logged: BUY 0.02 @ 80228.39 ticket 133059532
2026-09-07T01:06:04.456117+00:00 KINO: peak 80238.99 official -> pending BUY on M1 close back above it
2026-09-07T01:07:10.685688+00:00 EXIT logged: ticket 133059532 sl profit -3.37 dur 4.1min
2026-09-07T01:07:10.686457+00:00 KINO tracker reset - clean chart
2026-09-07T01:07:10.686457+00:00 DEBT BOOK +3.37 -> $3.37 owed
2026-09-07T01:12:03.605961+00:00 KINO: dip 79946.59 official -> pending SELL on M1 close back below it
2026-09-07T01:13:03.766990+00:00 KINO: peak 80060.16 official -> pending BUY on M1 close back above it
2026-09-07T01:16:04.343691+00:00 KINO: confirmation ran 48pts past 79946.59 - NOT chasing; SELL only on a retest
2026-09-07T01:20:03.237531+00:00 KINO: peak 80012.55 official -> pending BUY on M1 close back above it
2026-09-07T01:20:03.238191+00:00 KINO: retest of 79946.59 - entering the missed SELL properly
2026-09-07T01:20:03.242425+00:00 collecting: chest $0.87 of $2.94 needed for the 0.02 fighter - small page instead
2026-09-07T01:20:04.818628+00:00 KINO ENTRY: SELL 0.01 @ ~79913.32 SL 80060.16 TP 79885.79 (risk $1.47, prize $0.28, return to dip, strong mkt)
2026-09-07T01:20:06.836173+00:00 ENTRY logged: SELL 0.01 @ 79913.77 ticket 133064434
2026-09-07T01:20:09.960180+00:00 KINO 40% LOCK: 133064434 wall moved to entry
2026-09-07T01:20:14.006217+00:00 EXIT logged: ticket 133064434 sl profit 0.08 dur 0.1min
2026-09-07T01:20:14.008225+00:00 KINO tracker reset - clean chart
2026-09-07T01:23:02.672553+00:00 KINO: dip 79853.05 official -> pending SELL on M1 close back below it
2026-09-07T01:24:02.922996+00:00 KINO: peak 79965.03 official -> pending BUY on M1 close back above it
2026-09-07T01:33:02.607066+00:00 KINO: dip 79869.67 official -> pending SELL on M1 close back below it
2026-09-07T01:33:02.609723+00:00 SHADOW ENTRY: recipe fired -> would BUY @ ~79944.89 (setup 79936.17)
2026-09-07T01:36:03.138971+00:00 KINO: peak 79984.74 official -> pending BUY on M1 close back above it
2026-09-07T01:42:03.290739+00:00 collecting: chest $0.87 of $2.86 needed for the 0.02 fighter - small page instead
2026-09-07T01:42:04.859121+00:00 KINO ENTRY: SELL 0.01 @ ~79841.60 SL 79984.74 TP 79814.76 (risk $1.43, prize $0.27, return to dip, calm mkt)
2026-09-07T01:42:06.884638+00:00 ENTRY logged: SELL 0.01 @ 79842.21 ticket 133068877
2026-09-07T01:43:56.242310+00:00 KINO 40% LOCK: 133068877 wall moved to entry
2026-09-07T01:43:58.268099+00:00 EXIT logged: ticket 133068877 sl profit 0.01 dur 1.9min
2026-09-07T01:43:58.269694+00:00 KINO tracker reset - clean chart
2026-09-07T01:49:03.160469+00:00 KINO: peak 79891.80 official -> pending BUY on M1 close back above it
2026-09-07T01:53:03.913621+00:00 collecting: chest $0.87 of $2.06 needed for the 0.02 fighter - small page instead
2026-09-07T01:53:05.515460+00:00 KINO ENTRY: BUY 0.01 @ ~79904.26 SL 79801.06 TP 79923.61 (risk $1.03, prize $0.19, return to peak, calm mkt)
2026-09-07T01:53:07.526309+00:00 ENTRY logged: BUY 0.01 @ 79905.0 ticket 133070463
2026-09-07T01:53:16.664875+00:00 KINO 40% LOCK: 133070463 wall moved to entry
2026-09-07T01:53:36.726634+00:00 EXIT logged: ticket 133070463 sl profit 0.0 dur 0.5min
2026-09-07T01:53:36.728837+00:00 KINO tracker reset - clean chart
2026-09-07T02:00:03.828196+00:00 KINO: peak 79969.06 official -> pending BUY on M1 close back above it
2026-09-07T02:02:04.220752+00:00 KINO: dip 79910.56 official -> pending SELL on M1 close back below it
2026-09-07T02:03:02.395972+00:00 KINO: peak 79938.33 official -> pending BUY on M1 close back above it
2026-09-07T02:03:02.395972+00:00 collecting: chest $0.87 of $0.59 needed for the 0.02 fighter - small page instead
2026-09-07T02:03:02.395972+00:00 KINO skipped: wall 79938.33 too close (29.3pts)
2026-09-07T02:04:04.574576+00:00 collecting: chest $0.87 of $0.82 needed for the 0.02 fighter - small page instead
2026-09-07T02:04:04.575920+00:00 KINO skipped: wall 79938.33 too close (41.1pts)
2026-09-07T02:05:04.746665+00:00 KINO: confirmation ran 27pts past 79910.56 - NOT chasing; SELL only on a retest
2026-09-07T02:14:03.754802+00:00 KINO: peak 79843.23 official -> pending BUY on M1 close back above it
2026-09-07T02:16:04.319644+00:00 SHADOW ENTRY: recipe fired -> would BUY @ ~79842.29 (setup 79831.12)
2026-09-07T02:17:03.181127+00:00 collecting: chest $0.87 of $1.93 needed for the 0.02 fighter - small page instead
2026-09-07T02:17:06.251530+00:00 KINO ENTRY: BUY 0.01 @ ~79872.04 SL 79775.7 TP 79890.10 (risk $0.96, prize $0.18, return to peak, calm mkt)
2026-09-07T02:17:06.251530+00:00 KINO: dip 79775.70 official -> pending SELL on M1 close back below it
2026-09-07T02:17:09.330321+00:00 KINO: pending dn cleared - fresh pullback required after closed trade 133074077
2026-09-07T02:23:03.608176+00:00 KINO: peak 79972.08 official -> pending BUY on M1 close back above it
2026-09-07T02:25:03.927333+00:00 KINO: dip 79904.37 official -> pending SELL on M1 close back below it
2026-09-07T02:27:04.305584+00:00 collecting: chest $0.87 of $1.57 needed for the 0.02 fighter - small page instead
2026-09-07T02:27:05.799023+00:00 KINO ENTRY: BUY 0.01 @ ~79982.82 SL 79904.37 TP 79997.53 (risk $0.78, prize $0.15, return to peak, calm mkt)
2026-09-07T02:27:07.813337+00:00 ENTRY logged: BUY 0.01 @ 79982.14 ticket 133075399
2026-09-07T02:27:36.769240+00:00 KINO 40% LOCK: 133075399 wall moved to entry
2026-09-07T02:27:52.821717+00:00 EXIT logged: ticket 133075399 sl profit 0.02 dur 0.8min
2026-09-07T02:27:52.822533+00:00 KINO tracker reset - clean chart
2026-09-07T02:34:04.053391+00:00 KINO: peak 80048.49 official -> pending BUY on M1 close back above it
2026-09-07T02:36:04.413033+00:00 KINO: confirmation ran 27pts past 80048.49 - NOT chasing; BUY only on a retest
2026-09-07T02:45:04.113031+00:00 KINO: peak 80430.90 official -> pending BUY on M1 close back above it
2026-09-07T02:47:04.453872+00:00 KINO: dip 80196.05 official -> pending SELL on M1 close back below it
2026-09-07T02:50:04.029320+00:00 KINO: dip 80206.64 official -> pending SELL on M1 close back below it
2026-09-07T02:53:04.534312+00:00 KINO: confirmation ran 36pts past 80206.64 - NOT chasing; SELL only on a retest
2026-09-07T03:02:04.580018+00:00 KINO: dip 79776.87 official -> pending SELL on M1 close back below it
2026-09-07T03:07:03.446971+00:00 KINO: peak 79972.56 official -> pending BUY on M1 close back above it
2026-09-07T03:14:04.710790+00:00 collecting: chest $0.87 of $3.87 needed for the 0.02 fighter - small page instead
2026-09-07T03:14:06.057487+00:00 KINO ENTRY: SELL 0.01 @ ~79779.01 SL 79972.56 TP 79742.72 (risk $1.94, prize $0.36, return to dip, calm mkt)
2026-09-07T03:14:08.070830+00:00 ENTRY logged: SELL 0.01 @ 79778.16 ticket 133083998
2026-09-07T03:17:02.119425+00:00 KINO 40% LOCK: 133083998 wall moved to entry
2026-09-07T03:17:34.253286+00:00 EXIT logged: ticket 133083998 tp profit 0.35 dur 3.5min
2026-09-07T03:17:34.255293+00:00 KINO tracker reset - clean chart
2026-09-07T03:17:34.255293+00:00 CHEST +0.35 -> $1.22 saved toward the 0.02 fighter
2026-09-07T03:21:04.362999+00:00 SHADOW ENTRY: recipe fired -> would BUY @ ~79820.52 (setup 79800.39)
2026-09-07T03:24:04.936669+00:00 KINO: peak 79827.52 official -> pending BUY on M1 close back above it
2026-09-07T03:31:04.340321+00:00 KINO: dip 79708.71 official -> pending SELL on M1 close back below it
2026-09-07T03:32:02.528060+00:00 KINO: confirmation ran 22pts past 79708.71 - NOT chasing; SELL only on a retest
2026-09-07T03:33:02.692016+00:00 KINO: retest of 79708.71 - entering the missed SELL properly
2026-09-07T03:33:02.700550+00:00 collecting: chest $1.22 of $0.87 needed for the 0.02 fighter - small page instead
2026-09-07T03:33:02.701035+00:00 KINO skipped: wall 79760.35 too close (43.4pts)
2026-09-07T03:36:03.239301+00:00 KINO: peak 79759.39 official -> pending BUY on M1 close back above it
2026-09-07T03:36:03.239301+00:00 KINO: retest of 79708.71 - entering the missed SELL properly
2026-09-07T03:36:03.240267+00:00 collecting: chest $1.22 of $1.31 needed for the 0.02 fighter - small page instead
2026-09-07T03:36:04.863492+00:00 KINO ENTRY: SELL 0.01 @ ~79694.79 SL 79760.35 TP 79682.50 (risk $0.66, prize $0.12, return to dip, calm mkt)
2026-09-07T03:36:06.873923+00:00 ENTRY logged: SELL 0.01 @ 79693.67 ticket 133086720
2026-09-07T03:37:16.068755+00:00 KINO 40% LOCK: 133086720 wall moved to entry
2026-09-07T03:37:18.094700+00:00 EXIT logged: ticket 133086720 tp profit 0.11 dur 1.2min
2026-09-07T03:37:18.097059+00:00 KINO tracker reset - clean chart
2026-09-07T03:37:18.098306+00:00 CHEST +0.11 -> $1.33 saved toward the 0.02 fighter
2026-09-07T03:50:04.222322+00:00 KINO: peak 79677.17 official -> pending BUY on M1 close back above it
2026-09-07T03:55:03.916378+00:00 KINO: dip 79545.88 official -> pending SELL on M1 close back below it
2026-09-07T03:59:04.780453+00:00 KINO: peak 79687.33 official -> pending BUY on M1 close back above it
2026-09-07T04:00:29.000242+00:00 CLOCKS DIVERGED: H4 and D1 disagree again - no new runner candidates
2026-09-07T04:00:29.011291+00:00 PAPER RUNNER broke pre-TP: -14.48 (virtual). Ledger: -14.48 over 1 attempts
2026-09-07T04:01:03.090942+00:00 KINO: dip 79545.06 official -> pending SELL on M1 close back below it
2026-09-07T04:08:04.214299+00:00 KINO: dip 79569.56 official -> pending SELL on M1 close back below it
2026-09-07T04:11:04.748778+00:00 KINO: peak 79645.40 official -> pending BUY on M1 close back above it
2026-09-07T04:13:03.107781+00:00 KINO: confirmation ran 33pts past 79569.56 - NOT chasing; SELL only on a retest
2026-09-07T04:14:03.272042+00:00 KINO: retest of 79569.56 - entering the missed SELL properly
2026-09-07T04:14:03.272042+00:00 collecting: chest $1.33 of $1.16 needed for the 0.02 fighter - small page instead
2026-09-07T04:14:03.272042+00:00 KINO skipped: wall 79645.40 too close (58.1pts)
2026-09-07T04:15:03.497508+00:00 collecting: chest $1.33 of $3.16 needed for the 0.02 fighter - small page instead
2026-09-07T04:15:04.683370+00:00 KINO ENTRY: BUY 0.01 @ ~79685.76 SL 79527.69 TP 79715.40 (risk $1.58, prize $0.30, return to peak, strong mkt)
2026-09-07T04:15:04.684023+00:00 KINO: dip 79527.69 official -> pending SELL on M1 close back below it
2026-09-07T04:15:06.692713+00:00 ENTRY logged: BUY 0.01 @ 79685.76 ticket 133091815
2026-09-07T04:20:03.579888+00:00 KINO: dip 79634.83 official -> pending SELL on M1 close back below it
2026-09-07T04:22:03.981553+00:00 KINO: peak 79688.34 official -> pending BUY on M1 close back above it
2026-09-07T04:29:07.485965+00:00 KINO: peak 79686.81 official -> pending BUY on M1 close back above it
2026-09-07T04:29:07.488646+00:00 KINO: confirmation ran 36pts past 79634.83 - NOT chasing; SELL only on a retest
2026-09-07T04:30:03.303477+00:00 KINO: retest of 79634.83 - entering the missed SELL properly
2026-09-07T04:30:03.303778+00:00 KINO skipped: last page at 0.01 - 0.04 unlocks the next page
2026-09-07T04:31:03.511835+00:00 KINO: retest of 79634.83 - entering the missed SELL properly
2026-09-07T04:34:04.038400+00:00 KINO: retest of 79634.83 - entering the missed SELL properly
2026-09-07T04:35:36.308645+00:00 EXIT logged: ticket 133091815 sl profit -1.58 dur 20.5min
2026-09-07T04:35:36.310652+00:00 KINO tracker reset - clean chart
2026-09-07T04:35:36.310652+00:00 DEBT BOOK +1.58 -> $4.95 owed
2026-09-07T04:50:04.715842+00:00 KINO: peak 79710.94 official -> pending BUY on M1 close back above it
2026-09-07T04:56:03.603245+00:00 KINO: dip 79624.62 official -> pending SELL on M1 close back below it
2026-09-07T05:02:04.448917+00:00 collecting: chest $1.33 of $2.11 needed for the 0.02 fighter - small page instead
2026-09-07T05:02:05.530428+00:00 KINO ENTRY: BUY 0.01 @ ~79730.00 SL 79624.62 TP 79749.76 (risk $1.05, prize $0.20, return to peak, calm mkt)
2026-09-07T05:02:05.530428+00:00 KINO: dip 79687.32 official -> pending SELL on M1 close back below it
2026-09-07T05:02:07.538590+00:00 ENTRY logged: BUY 0.01 @ 79730.23 ticket 133098797
2026-09-07T05:03:03.667601+00:00 KINO: peak 79728.12 official -> pending BUY on M1 close back above it
2026-09-07T05:04:53.025031+00:00 KINO 40% LOCK: 133098797 wall moved to entry
2026-09-07T05:04:55.035582+00:00 EXIT logged: ticket 133098797 sl profit 0.03 dur 2.8min
2026-09-07T05:04:55.036417+00:00 KINO tracker reset - clean chart
2026-09-07T05:07:04.675688+00:00 KINO: peak 79768.92 official -> pending BUY on M1 close back above it
2026-09-07T05:12:04.286981+00:00 KINO: peak 79730.21 official -> pending BUY on M1 close back above it
2026-09-07T05:14:04.775823+00:00 collecting: chest $1.33 of $2.19 needed for the 0.02 fighter - small page instead
2026-09-07T05:14:06.061970+00:00 KINO ENTRY: BUY 0.01 @ ~79746.89 SL 79637.3 TP 79767.44 (risk $1.10, prize $0.21, return to peak, strong mkt)
2026-09-07T05:14:06.068538+00:00 KINO: dip 79637.30 official -> pending SELL on M1 close back below it
2026-09-07T05:14:08.076422+00:00 ENTRY logged: BUY 0.01 @ 79746.89 ticket 133101157
2026-09-07T05:14:20.841801+00:00 KINO 40% LOCK: 133101157 wall moved to entry
2026-09-07T05:14:40.739875+00:00 EXIT logged: ticket 133101157 sl profit 0.04 dur 0.6min
2026-09-07T05:14:40.740472+00:00 KINO tracker reset - clean chart
2026-09-07T05:21:03.938782+00:00 KINO: peak 79859.72 official -> pending BUY on M1 close back above it
2026-09-07T05:26:04.876028+00:00 collecting: chest $1.33 of $1.95 needed for the 0.02 fighter - small page instead
2026-09-07T05:26:06.047797+00:00 KINO ENTRY: BUY 0.01 @ ~79878.64 SL 79780.96 TP 79896.96 (risk $0.98, prize $0.18, return to peak, calm mkt)
2026-09-07T05:26:08.063955+00:00 ENTRY logged: BUY 0.01 @ 79875.14 ticket 133103140
2026-09-07T05:26:11.055298+00:00 KINO 40% LOCK: 133103140 wall moved to entry
2026-09-07T05:26:23.086412+00:00 EXIT logged: ticket 133103140 sl profit -0.02 dur 0.3min
2026-09-07T05:26:23.088081+00:00 KINO tracker reset - clean chart
2026-09-07T05:26:23.088081+00:00 DEBT BOOK +0.02 -> $4.97 owed
2026-09-07T05:42:04.410119+00:00 KINO: dip 79818.58 official -> pending SELL on M1 close back below it
2026-09-07T05:51:03.845240+00:00 KINO: confirmation ran 33pts past 79818.58 - NOT chasing; SELL only on a retest
2026-09-07T05:53:04.183559+00:00 KINO: retest of 79818.58 - entering the missed SELL properly
2026-09-07T05:53:04.184419+00:00 collecting: chest $1.33 of $0.69 needed for the 0.02 fighter - small page instead
2026-09-07T05:53:04.184419+00:00 KINO skipped: wall 79852.53 too close (34.4pts)
2026-09-07T05:54:04.357132+00:00 KINO: retest of 79818.58 - entering the missed SELL properly
2026-09-07T05:54:05.616396+00:00 FUNDED FIGHTER: SELL 0.02 @ ~79789.69 SL 79852.53 TP 79777.91 (risk $1.26, chest $1.33 funds it, book $4.97)
2026-09-07T05:54:07.623097+00:00 ENTRY logged: SELL 0.02 @ 79789.69 ticket 133111311
2026-09-07T05:54:18.462021+00:00 RECOV[chest] 40% LOCK: link 133111311 wall moved to entry
2026-09-07T05:54:22.486921+00:00 EXIT logged: ticket 133111311 sl profit 0.04 dur 0.3min
2026-09-07T05:54:22.486921+00:00 KINO tracker reset - clean chart
2026-09-07T05:54:22.488957+00:00 FIGHTER breakeven (+0.04) - ladder and savings untouched, book $4.97
2026-09-07T06:05:04.738101+00:00 KINO: dip 79721.36 official -> pending SELL on M1 close back below it
2026-09-07T06:08:03.390842+00:00 KINO: peak 79814.14 official -> pending BUY on M1 close back above it
2026-09-07T06:10:03.797217+00:00 KINO: dip 79745.25 official -> pending SELL on M1 close back below it
2026-09-07T06:16:02.955850+00:00 KINO: peak 79802.02 official -> pending BUY on M1 close back above it
2026-09-07T06:19:03.445327+00:00 KINO: confirmation ran 22pts past 79745.25 - NOT chasing; SELL only on a retest
2026-09-07T06:20:03.650396+00:00 KINO: retest of 79745.25 - entering the missed SELL properly
2026-09-07T06:20:03.652407+00:00 collecting: chest $1.33 of $1.83 needed for the 0.02 fighter - small page instead
2026-09-07T06:20:04.907575+00:00 KINO ENTRY: SELL 0.01 @ ~79710.41 SL 79802.02 TP 79693.23 (risk $0.92, prize $0.17, return to dip, calm mkt)
2026-09-07T06:20:06.962493+00:00 ENTRY logged: SELL 0.01 @ 79711.13 ticket 133120307
2026-09-07T06:20:18.000343+00:00 KINO 40% LOCK: 133120307 wall moved to entry
2026-09-07T06:20:26.033699+00:00 EXIT logged: ticket 133120307 tp profit 0.18 dur 0.3min
2026-09-07T06:20:26.035230+00:00 KINO tracker reset - clean chart
2026-09-07T06:20:26.035230+00:00 CHEST +0.18 -> $1.51 saved toward the 0.02 fighter
2026-09-07T06:23:04.526802+00:00 KINO: dip 79673.71 official -> pending SELL on M1 close back below it
2026-09-07T06:26:03.403005+00:00 KINO: peak 79751.86 official -> pending BUY on M1 close back above it
2026-09-07T06:31:04.472649+00:00 KINO: dip 79694.73 official -> pending SELL on M1 close back below it
2026-09-07T06:33:04.904523+00:00 KINO: peak 79731.48 official -> pending BUY on M1 close back above it
2026-09-07T06:33:04.904523+00:00 collecting: chest $1.51 of $0.88 needed for the 0.02 fighter - small page instead
2026-09-07T06:33:04.904523+00:00 KINO skipped: wall 79731.48 too close (44.1pts)
2026-09-07T06:34:05.121352+00:00 collecting: chest $1.51 of $1.01 needed for the 0.02 fighter - small page instead
2026-09-07T06:34:05.122904+00:00 KINO skipped: wall 79731.48 too close (50.5pts)
2026-09-07T06:38:03.881253+00:00 KINO: peak 79723.84 official -> pending BUY on M1 close back above it
2026-09-07T06:38:03.881253+00:00 collecting: chest $1.51 of $1.04 needed for the 0.02 fighter - small page instead
2026-09-07T06:38:03.881253+00:00 KINO skipped: wall 79731.48 too close (52.0pts)
2026-09-07T06:39:04.073823+00:00 collecting: chest $1.51 of $0.97 needed for the 0.02 fighter - small page instead
2026-09-07T06:39:04.074369+00:00 KINO skipped: wall 79731.48 too close (48.5pts)
2026-09-07T06:40:04.268478+00:00 collecting: chest $1.51 of $1.01 needed for the 0.02 fighter - small page instead
2026-09-07T06:40:04.269896+00:00 KINO skipped: wall 79731.48 too close (50.3pts)
2026-09-07T06:42:04.660626+00:00 collecting: chest $1.51 of $0.91 needed for the 0.02 fighter - small page instead
2026-09-07T06:42:04.660626+00:00 KINO skipped: wall 79731.48 too close (45.5pts)
2026-09-07T06:43:04.849490+00:00 collecting: chest $1.51 of $1.02 needed for the 0.02 fighter - small page instead
2026-09-07T06:43:04.849490+00:00 KINO skipped: wall 79731.48 too close (51.0pts)
2026-09-07T06:44:05.011678+00:00 KINO: confirmation ran 31pts past 79694.73 - NOT chasing; SELL only on a retest
2026-09-07T06:49:04.260408+00:00 KINO: dip 79641.14 official -> pending SELL on M1 close back below it
2026-09-07T06:58:03.868008+00:00 collecting: chest $1.51 of $0.79 needed for the 0.02 fighter - small page instead
2026-09-07T06:58:03.868008+00:00 KINO skipped: wall 79677.08 too close (39.6pts)
2026-09-07T07:01:04.496037+00:00 collecting: chest $1.51 of $0.92 needed for the 0.02 fighter - small page instead
2026-09-07T07:01:04.499418+00:00 KINO skipped: wall 79677.08 too close (46.2pts)
2026-09-07T07:02:04.727622+00:00 collecting: chest $1.51 of $0.79 needed for the 0.02 fighter - small page instead
2026-09-07T07:02:04.727622+00:00 KINO skipped: wall 79677.08 too close (39.4pts)
2026-09-07T07:03:04.927917+00:00 collecting: chest $1.51 of $1.07 needed for the 0.02 fighter - small page instead
2026-09-07T07:03:04.930003+00:00 KINO skipped: wall 79677.08 too close (53.3pts)
2026-09-07T07:04:05.186959+00:00 collecting: chest $1.51 of $1.08 needed for the 0.02 fighter - small page instead
2026-09-07T07:04:05.186959+00:00 KINO skipped: wall 79677.08 too close (54.1pts)
2026-09-07T07:05:03.476089+00:00 KINO: confirmation ran 63pts past 79641.14 - NOT chasing; SELL only on a retest
2026-09-07T07:07:04.123996+00:00 KINO: dip 79565.82 official -> pending SELL on M1 close back below it
2026-09-07T07:12:03.675583+00:00 KINO: peak 79684.94 official -> pending BUY on M1 close back above it
2026-09-07T07:18:04.929825+00:00 KINO: peak 79626.89 official -> pending BUY on M1 close back above it
2026-09-07T07:22:03.760069+00:00 collecting: chest $1.51 of $2.62 needed for the 0.02 fighter - small page instead
2026-09-07T07:22:04.833466+00:00 KINO ENTRY: SELL 0.01 @ ~79554.04 SL 79684.94 TP 79529.50 (risk $1.31, prize $0.25, return to dip, strong mkt)
2026-09-07T07:22:06.846502+00:00 ENTRY logged: SELL 0.01 @ 79554.04000000001 ticket 133138562
2026-09-07T07:22:23.999820+00:00 KINO 40% LOCK: 133138562 wall moved to entry
2026-09-07T07:22:44.075291+00:00 EXIT logged: ticket 133138562 tp profit 0.24 dur 0.6min
2026-09-07T07:22:44.076436+00:00 KINO tracker reset - clean chart
2026-09-07T07:22:44.077645+00:00 CHEST +0.24 -> $1.75 saved toward the 0.02 fighter
2026-09-07T07:26:04.707838+00:00 KINO: dip 79438.65 official -> pending SELL on M1 close back below it
2026-09-07T07:29:03.276968+00:00 collecting: chest $1.75 of $2.74 needed for the 0.02 fighter - small page instead
2026-09-07T07:29:04.484430+00:00 KINO ENTRY: SELL 0.01 @ ~79424.12 SL 79561.3 TP 79398.40 (risk $1.37, prize $0.26, return to dip, calm mkt)
2026-09-07T07:29:06.507472+00:00 ENTRY logged: SELL 0.01 @ 79424.12 ticket 133140685
2026-09-07T07:29:47.681227+00:00 KINO 40% LOCK: 133140685 wall moved to entry
2026-09-07T07:29:49.691067+00:00 EXIT logged: ticket 133140685 sl profit 0.04 dur 0.7min
2026-09-07T07:29:49.691067+00:00 KINO tracker reset - clean chart
2026-09-07T07:30:05.787457+00:00 OWL starting (TP+recovery manager, trade scribe)
2026-09-07T07:30:05.791373+00:00 WAR-CHEST mode ON: book $4.97, chest $1.75, next fighter 0.02
2026-09-07T07:34:04.154082+00:00 KINO: peak 79518.68 official -> pending BUY on M1 close back above it
2026-09-07T07:43:03.280006+00:00 KINO: dip 78975.81 official -> pending SELL on M1 close back below it
2026-09-07T07:51:04.899339+00:00 KINO: peak 79360.41 official -> pending BUY on M1 close back above it
2026-09-07T07:53:03.355535+00:00 collecting: chest $1.75 of $1.92 needed for the 0.02 fighter - small page instead
2026-09-07T07:53:04.526825+00:00 KINO ENTRY: BUY 0.01 @ ~79389.75 SL 79293.96 TP 79407.71 (risk $0.96, prize $0.18, return to peak, calm mkt)
2026-09-07T07:53:06.539806+00:00 ENTRY logged: BUY 0.01 @ 79389.75 ticket 133148329
2026-09-07T07:55:05.018365+00:00 KINO: peak 79388.39 official -> pending BUY on M1 close back above it
2026-09-07T07:56:05.194849+00:00 KINO: dip 79307.06 official -> pending SELL on M1 close back below it
2026-09-07T08:00:22.065248+00:00 EXIT logged: ticket 133148329 tp profit 0.18 dur 7.3min
2026-09-07T08:00:22.066688+00:00 KINO tracker reset - clean chart
2026-09-07T08:00:22.067934+00:00 CHEST +0.18 -> $1.93 saved toward the 0.02 fighter
2026-09-07T08:05:05.011192+00:00 KINO: peak 79446.25 official -> pending BUY on M1 close back above it
2026-09-07T08:08:04.998360+00:00 FUNDED FIGHTER: BUY 0.02 @ ~79461.25 SL 79397.37 TP 79473.23 (risk $1.28, chest $1.93 funds it, book $4.97)
2026-09-07T08:08:07.014418+00:00 ENTRY logged: BUY 0.02 @ 79461.25 ticket 133156924
2026-09-07T08:08:30.011814+00:00 RECOV[chest] 40% LOCK: link 133156924 wall moved to entry
2026-09-07T08:08:38.051013+00:00 EXIT logged: ticket 133156924 tp profit 0.23 dur 0.6min
2026-09-07T08:08:38.054681+00:00 KINO tracker reset - clean chart
2026-09-07T08:08:38.056268+00:00 FIGHTER WON +0.23 - book down to $4.74, collecting for the next ticket
2026-09-07T08:18:04.561500+00:00 KINO: peak 79469.90 official -> pending BUY on M1 close back above it
2026-09-07T08:20:05.101247+00:00 KINO: confirmation ran 25pts past 79469.90 - NOT chasing; BUY only on a retest
2026-09-07T08:20:05.103257+00:00 KINO: dip 79439.35 official -> pending SELL on M1 close back below it
2026-09-07T08:21:03.446152+00:00 KINO: retest of 79469.90 - entering the missed BUY properly
2026-09-07T08:21:03.446152+00:00 collecting: chest $1.93 of $0.65 needed for the 0.02 fighter - small page instead
2026-09-07T08:21:03.446152+00:00 KINO skipped: wall 79439.35 too close (32.4pts)
2026-09-07T08:25:32.759500+00:00 OWL starting (TP+recovery manager, trade scribe)
2026-09-07T08:25:32.763146+00:00 WAR-CHEST mode ON: book $4.74, chest $1.93, next fighter 0.02
2026-09-07T08:26:06.107129+00:00 FUNDED FIGHTER: SELL 0.02 @ ~79425.76 SL 79509.89 TP 79409.99 (risk $1.68, chest $1.93 funds it, book $4.74)
2026-09-07T08:26:08.116644+00:00 ENTRY logged: SELL 0.02 @ 79425.76 ticket 133165498
2026-09-07T08:27:04.409407+00:00 KINO: retest of 79469.90 - entering the missed BUY properly
2026-09-07T08:27:04.416457+00:00 KINO skipped: a page/chain is still fighting (one saga at a time)
2026-09-07T08:28:08.849567+00:00 KINO: retest of 79469.90 - entering the missed BUY properly
2026-09-07T08:28:08.869015+00:00 KINO skipped: a page/chain is still fighting (one saga at a time)
2026-09-07T08:29:05.351433+00:00 KINO: peak 79494.21 official -> pending BUY on M1 close back above it
2026-09-07T08:32:24.228405+00:00 EXIT logged: ticket 133165498 sl profit -1.8 dur 6.3min
2026-09-07T08:32:24.230412+00:00 KINO tracker reset - clean chart
2026-09-07T08:32:24.230412+00:00 WEATHER: storm detected (3 straight real losses) - FULL SHELTER, everything goes virtual
2026-09-07T08:32:24.232418+00:00 FIGHTER lost -1.80 - chest spent, book $6.54, next soldier 0.03 waits for funding
2026-09-07T08:41:04.414538+00:00 KINO: dip 79406.89 official -> pending SELL on M1 close back below it
2026-09-07T08:56:01.044510+00:00 KINO: dip 79391.57 official -> pending SELL on M1 close back below it
2026-09-07T09:00:01.906228+00:00 KINO: peak 79441.67 official -> pending BUY on M1 close back above it
2026-09-07T09:08:01.587632+00:00 KINO: dip 79390.30 official -> pending SELL on M1 close back below it
2026-09-07T09:09:01.807179+00:00 KINO: confirmation ran 38pts past 79441.67 - NOT chasing; BUY only on a retest
2026-09-07T09:13:00.732995+00:00 KINO: peak 79541.30 official -> pending BUY on M1 close back above it
2026-09-07T09:21:02.627446+00:00 KINO: peak 79524.49 official -> pending BUY on M1 close back above it
2026-09-07T09:28:02.143450+00:00 KINO: dip 79401.14 official -> pending SELL on M1 close back below it
2026-09-07T09:31:02.837892+00:00 KINO: peak 79488.74 official -> pending BUY on M1 close back above it
2026-09-07T09:35:11.214728+00:00 SHADOW page ENTRY: SELL 0.01 @ 79405.74 (virtual - shelter mode)
2026-09-07T09:35:36.569783+00:00 SHADOW[page] WIN +0.07 (virtual target hit)
2026-09-07T09:35:36.575450+00:00 WEATHER CLEAR: a VIRTUAL WIN lifted the storm - real trading resumes; frozen chains re-enter on the next structure at last lot + 0.01
2026-09-07T09:35:38.585474+00:00 WEATHER: balance back above the floor - normal mode
2026-09-07T09:46:01.957085+00:00 KINO: dip 79307.04 official -> pending SELL on M1 close back below it
2026-09-07T09:52:00.967397+00:00 KINO: peak 79440.26 official -> pending BUY on M1 close back above it
2026-09-07T09:56:01.679947+00:00 KINO: dip 79283.92 official -> pending SELL on M1 close back below it
2026-09-07T10:01:01.550330+00:00 KINO: dip 79286.03 official -> pending SELL on M1 close back below it
2026-09-07T10:09:01.359468+00:00 KINO: peak 79397.37 official -> pending BUY on M1 close back above it
2026-09-07T10:14:38.087376+00:00 OWL starting (TP+recovery manager, trade scribe)
2026-09-07T10:14:38.091012+00:00 WAR-CHEST mode ON: book $6.54, chest $0.13, next fighter 0.03
2026-09-07T10:20:01.229974+00:00 collecting: chest $0.13 of $3.48 needed for the 0.03 fighter - small page instead
2026-09-07T10:20:02.462933+00:00 KINO ENTRY: BUY 0.01 @ ~79418.12 SL 79393.12 TP 79439.88 (risk $1.16, prize $0.22, return to peak, calm mkt)
2026-09-07T10:20:04.481787+00:00 ENTRY logged: BUY 0.01 @ 79418.12 ticket 133199473
2026-09-07T10:21:18.754756+00:00 EXIT logged: ticket 133199473 sl profit -0.27 dur 1.3min
2026-09-07T10:21:18.756425+00:00 KINO tracker reset - clean chart
2026-09-07T10:21:18.758589+00:00 DEBT BOOK +0.27 -> $6.81 owed
2026-09-07T10:25:01.465570+00:00 KINO: peak 79412.75 official -> pending BUY on M1 close back above it
2026-09-07T10:27:01.177225+00:00 KINO: dip 79362.68 official -> pending SELL on M1 close back below it
2026-09-07T10:37:00.851574+00:00 KINO: peak 79420.53 official -> pending BUY on M1 close back above it
2026-09-07T10:38:01.021712+00:00 KINO: dip 79374.44 official -> pending SELL on M1 close back below it
2026-09-07T10:43:02.090374+00:00 collecting: chest $0.13 of $1.78 needed for the 0.03 fighter - small page instead
2026-09-07T10:43:02.092003+00:00 KINO skipped: wall 79374.44 too close (59.2pts)
2026-09-07T10:44:02.317894+00:00 collecting: chest $0.13 of $1.81 needed for the 0.03 fighter - small page instead
2026-09-07T10:44:03.469360+00:00 KINO ENTRY: BUY 0.01 @ ~79434.79 SL 79409.79 TP 79446.11 (risk $0.60, prize $0.11, return to peak, calm mkt)
2026-09-07T10:44:05.478292+00:00 ENTRY logged: BUY 0.01 @ 79434.62 ticket 133207998
2026-09-07T10:44:34.408929+00:00 KINO 40% LOCK: 133207998 wall moved to entry
2026-09-07T10:44:38.429917+00:00 EXIT logged: ticket 133207998 sl profit 0.02 dur 0.6min
2026-09-07T10:44:38.430397+00:00 KINO tracker reset - clean chart
2026-09-07T10:47:02.893883+00:00 KINO: peak 79446.40 official -> pending BUY on M1 close back above it
2026-09-07T10:52:01.734628+00:00 KINO: dip 79384.43 official -> pending SELL on M1 close back below it
2026-09-07T10:55:02.320765+00:00 KINO: peak 79451.61 official -> pending BUY on M1 close back above it
2026-09-07T10:57:00.819265+00:00 KINO: confirmation ran 37pts past 79384.43 - NOT chasing; SELL only on a retest
2026-09-07T10:59:01.240608+00:00 KINO: dip 79328.24 official -> pending SELL on M1 close back below it
2026-09-07T11:03:26.797230+00:00 collecting: chest $0.13 of $1.50 needed for the 0.03 fighter - small page instead
2026-09-07T11:03:26.797230+00:00 KINO skipped: wall 79376.46 too close (50.0pts)
2026-09-07T11:04:00.886472+00:00 KINO: confirmation ran 38pts past 79328.24 - NOT chasing; SELL only on a retest
2026-09-07T11:05:01.050810+00:00 KINO: retest of 79328.24 - entering the missed SELL properly
2026-09-07T11:05:01.053441+00:00 collecting: chest $0.13 of $1.99 needed for the 0.03 fighter - small page instead
2026-09-07T11:05:02.128105+00:00 KINO ENTRY: SELL 0.01 @ ~79310.22 SL 79335.22 TP 79297.80 (risk $0.66, prize $0.12, return to dip, calm mkt)
2026-09-07T11:05:04.144854+00:00 ENTRY logged: SELL 0.01 @ 79310.22 ticket 133216149
2026-09-07T11:05:48.348598+00:00 EXIT logged: ticket 133216149 sl profit -0.32 dur 0.8min
2026-09-07T11:05:48.350316+00:00 KINO tracker reset - clean chart
2026-09-07T11:05:48.350825+00:00 DEBT BOOK +0.32 -> $7.13 owed
2026-09-07T11:08:01.836717+00:00 KINO: peak 79334.84 official -> pending BUY on M1 close back above it
2026-09-07T11:10:02.225326+00:00 KINO: dip 79260.00 official -> pending SELL on M1 close back below it
2026-09-07T11:12:02.711034+00:00 KINO: confirmation ran 38pts past 79334.84 - NOT chasing; BUY only on a retest
2026-09-07T11:26:01.800828+00:00 KINO: peak 79463.58 official -> pending BUY on M1 close back above it
2026-09-07T11:37:07.979954+00:00 KINO: peak 79476.91 official -> pending BUY on M1 close back above it
2026-09-07T11:44:01.471235+00:00 KINO: peak 79422.98 official -> pending BUY on M1 close back above it
2026-09-07T11:48:02.201747+00:00 KINO: dip 79385.69 official -> pending SELL on M1 close back below it
2026-09-07T11:49:02.393606+00:00 collecting: chest $0.13 of $1.40 needed for the 0.03 fighter - small page instead
2026-09-07T11:49:02.394049+00:00 KINO skipped: wall 79385.69 too close (46.8pts)
2026-09-07T11:51:02.765974+00:00 KINO: peak 79427.57 official -> pending BUY on M1 close back above it
2026-09-07T11:52:00.956034+00:00 KINO: dip 79386.26 official -> pending SELL on M1 close back below it
2026-09-07T11:53:01.123711+00:00 collecting: chest $0.13 of $1.13 needed for the 0.03 fighter - small page instead
2026-09-07T11:53:01.123711+00:00 KINO skipped: wall 79417.96 too close (37.7pts)
2026-09-07T11:58:01.957825+00:00 collecting: chest $0.13 of $0.99 needed for the 0.03 fighter - small page instead
2026-09-07T11:58:01.957825+00:00 KINO skipped: wall 79417.96 too close (32.9pts)
2026-09-07T11:59:02.113791+00:00 KINO: dip 79364.38 official -> pending SELL on M1 close back below it
2026-09-07T12:07:01.714517+00:00 KINO: confirmation ran 34pts past 79427.57 - NOT chasing; BUY only on a retest
2026-09-07T12:12:02.695537+00:00 KINO: peak 79499.37 official -> pending BUY on M1 close back above it
2026-09-07T12:15:01.508390+00:00 KINO: peak 79444.11 official -> pending BUY on M1 close back above it
2026-09-07T12:19:01.076745+00:00 KINO: dip 79394.69 official -> pending SELL on M1 close back below it
2026-09-07T12:20:01.280536+00:00 KINO: confirmation ran 29pts past 79444.11 - NOT chasing; BUY only on a retest
2026-09-07T12:23:01.879733+00:00 KINO: peak 79505.44 official -> pending BUY on M1 close back above it
2026-09-07T12:26:02.464865+00:00 KINO: dip 79455.88 official -> pending SELL on M1 close back below it
2026-09-07T12:27:02.660561+00:00 collecting: chest $0.13 of $1.87 needed for the 0.03 fighter - small page instead
2026-09-07T12:27:03.800962+00:00 KINO ENTRY: BUY 0.01 @ ~79518.37 SL 79493.37 TP 79530.09 (risk $0.62, prize $0.12, return to peak, calm mkt)
2026-09-07T12:27:05.817965+00:00 ENTRY logged: BUY 0.01 @ 79518.37 ticket 133240569
2026-09-07T12:28:24.905758+00:00 KINO 40% LOCK: 133240569 wall moved to entry
2026-09-07T12:28:28.922598+00:00 EXIT logged: ticket 133240569 sl profit 0.02 dur 1.4min
2026-09-07T12:28:28.923243+00:00 KINO tracker reset - clean chart
2026-09-07T12:47:02.574325+00:00 KINO: dip 79444.65 official -> pending SELL on M1 close back below it
2026-09-07T13:02:01.948292+00:00 KINO: peak 79625.75 official -> pending BUY on M1 close back above it
2026-09-07T13:05:02.563086+00:00 KINO: dip 79519.52 official -> pending SELL on M1 close back below it
2026-09-07T13:15:02.807922+00:00 KINO: dip 79544.68 official -> pending SELL on M1 close back below it
2026-09-07T13:18:02.768778+00:00 KINO: peak 79641.09 official -> pending BUY on M1 close back above it
2026-09-07T13:19:00.952386+00:00 KINO: dip 79558.67 official -> pending SELL on M1 close back below it
2026-09-07T13:29:02.659674+00:00 KINO: peak 79636.63 official -> pending BUY on M1 close back above it
2026-09-07T13:30:02.832148+00:00 KINO: dip 79589.96 official -> pending SELL on M1 close back below it
2026-09-07T13:33:01.526945+00:00 KINO: confirmation ran 63pts past 79589.96 - NOT chasing; SELL only on a retest
2026-09-07T13:38:02.536630+00:00 KINO: dip 79290.43 official -> pending SELL on M1 close back below it
2026-09-07T13:42:01.344613+00:00 KINO: peak 79417.60 official -> pending BUY on M1 close back above it
2026-09-07T13:47:02.262336+00:00 KINO: peak 79371.81 official -> pending BUY on M1 close back above it
2026-09-07T13:50:00.796775+00:00 KINO: peak 79349.68 official -> pending BUY on M1 close back above it
2026-09-07T13:54:01.900778+00:00 KINO: confirmation ran 35pts past 79349.68 - NOT chasing; BUY only on a retest
2026-09-07T13:54:01.900778+00:00 KINO: dip 79304.87 official -> pending SELL on M1 close back below it
2026-09-07T13:57:01.247960+00:00 KINO: peak 79416.07 official -> pending BUY on M1 close back above it
2026-09-07T14:06:03.158850+00:00 collecting: chest $0.13 of $3.93 needed for the 0.03 fighter - small page instead
2026-09-07T14:06:04.276076+00:00 KINO ENTRY: SELL 0.01 @ ~79285.15 SL 79310.15 TP 79260.60 (risk $1.31, prize $0.25, return to dip, strong mkt)
2026-09-07T14:06:06.292368+00:00 ENTRY logged: SELL 0.01 @ 79285.16 ticket 133275688
2026-09-07T14:06:10.322676+00:00 EXIT logged: ticket 133275688 tp profit 0.24 dur 0.1min
2026-09-07T14:06:10.324685+00:00 KINO tracker reset - clean chart
2026-09-07T14:06:10.327186+00:00 CHEST +0.24 -> $0.37 saved toward the 0.03 fighter
2026-09-07T14:11:01.560832+00:00 KINO: dip 79100.93 official -> pending SELL on M1 close back below it
2026-09-07T14:15:02.355744+00:00 KINO: dip 79104.37 official -> pending SELL on M1 close back below it
2026-09-07T14:22:01.872066+00:00 KINO: confirmation ran 41pts past 79104.37 - NOT chasing; SELL only on a retest
2026-09-07T14:23:01.756378+00:00 KINO: retest of 79104.37 - entering the missed SELL properly
2026-09-07T14:23:01.836540+00:00 collecting: chest $0.37 of $3.41 needed for the 0.03 fighter - small page instead
2026-09-07T14:23:02.943952+00:00 KINO ENTRY: SELL 0.01 @ ~79106.84 SL 79131.84 TP 79085.51 (risk $1.14, prize $0.21, return to dip, calm mkt)
2026-09-07T14:23:08.378442+00:00 ENTRY logged: SELL 0.01 @ 79108.72 ticket 133283283
2026-09-07T14:23:12.887592+00:00 KINO 40% LOCK: 133283283 wall moved to entry
2026-09-07T14:23:23.749021+00:00 EXIT logged: ticket 133283283 sl profit 0.07 dur 0.3min
2026-09-07T14:23:23.749021+00:00 KINO tracker reset - clean chart
2026-09-07T14:28:01.603600+00:00 KINO: peak 79125.36 official -> pending BUY on M1 close back above it
2026-09-07T14:28:29.144701+00:00 OWL starting (TP+recovery manager, trade scribe)
2026-09-07T14:28:29.148601+00:00 WAR-CHEST mode ON: book $7.13, chest $0.37, next fighter 0.03
2026-09-07T14:36:02.651284+00:00 KINO: dip 78991.01 official -> pending SELL on M1 close back below it
2026-09-07T14:39:01.182950+00:00 KINO: peak 79102.48 official -> pending BUY on M1 close back above it
2026-09-07T14:43:01.951489+00:00 KINO: dip 78934.62 official -> pending SELL on M1 close back below it
2026-09-07T14:53:01.933640+00:00 KINO: confirmation ran 87pts past 79102.48 - NOT chasing; BUY only on a retest
2026-09-07T14:56:07.724795+00:00 KINO: peak 79265.73 official -> pending BUY on M1 close back above it
2026-09-07T15:10:03.326458+00:00 KINO: dip 79016.88 official -> pending SELL on M1 close back below it
2026-09-07T15:15:02.562798+00:00 KINO: peak 79075.58 official -> pending BUY on M1 close back above it
2026-09-07T15:18:03.173983+00:00 collecting: chest $0.37 of $3.40 needed for the 0.03 fighter - small page instead
2026-09-07T15:18:03.173983+00:00 KINO skipped: burst confirmation (46pts >= ATR 41) - calm entries only
2026-09-07T15:20:01.534891+00:00 collecting: chest $0.37 of $9.81 needed for the 0.03 fighter - small page instead
2026-09-07T15:20:01.534891+00:00 KINO skipped: wall 327pts would risk $3.27 > $2.50 max
2026-09-07T15:20:01.535749+00:00 KINO: dip 78808.55 official -> pending SELL on M1 close back below it
2026-09-07T15:22:01.926706+00:00 collecting: chest $0.37 of $8.53 needed for the 0.03 fighter - small page instead
2026-09-07T15:22:01.926706+00:00 KINO skipped: wall 284pts would risk $2.84 > $2.50 max
2026-09-07T15:23:02.101055+00:00 collecting: chest $0.37 of $8.28 needed for the 0.03 fighter - small page instead
2026-09-07T15:23:02.101055+00:00 KINO skipped: wall 276pts would risk $2.76 > $2.50 max
2026-09-07T15:24:02.294184+00:00 collecting: chest $0.37 of $8.42 needed for the 0.03 fighter - small page instead
2026-09-07T15:24:02.294691+00:00 KINO skipped: wall 281pts would risk $2.81 > $2.50 max
2026-09-07T15:25:02.499179+00:00 collecting: chest $0.37 of $8.66 needed for the 0.03 fighter - small page instead
2026-09-07T15:25:02.499179+00:00 KINO skipped: wall 289pts would risk $2.89 > $2.50 max
2026-09-07T15:26:02.656307+00:00 collecting: chest $0.37 of $9.01 needed for the 0.03 fighter - small page instead
2026-09-07T15:26:02.659630+00:00 KINO skipped: wall 300pts would risk $3.00 > $2.50 max
2026-09-07T15:29:03.312835+00:00 KINO: peak 79112.60 official -> pending BUY on M1 close back above it
2026-09-07T15:36:02.196551+00:00 KINO: dip 78773.11 official -> pending SELL on M1 close back below it
2026-09-07T15:39:02.735450+00:00 collecting: chest $0.37 of $3.47 needed for the 0.03 fighter - small page instead
2026-09-07T15:39:03.931195+00:00 KINO ENTRY: SELL 0.01 @ ~78787.77 SL 78812.77 TP 78766.09 (risk $1.16, prize $0.22, return to dip, calm mkt)
2026-09-07T15:39:05.946627+00:00 ENTRY logged: SELL 0.01 @ 78789.24 ticket 133307937
2026-09-07T15:39:42.058038+00:00 DEPOSIT detected: +3.80 -> Squirrel target auto-raised 550.00 -> 553.80 (deposits are floor, not progress)
2026-09-07T15:39:49.075585+00:00 KINO 40% LOCK: 133307937 wall moved to entry
2026-09-07T15:40:03.143734+00:00 EXIT logged: ticket 133307937 sl profit 0.05 dur 1.0min
2026-09-07T15:40:03.146077+00:00 KINO tracker reset - clean chart
2026-09-07T15:43:01.725913+00:00 KINO: dip 78662.11 official -> pending SELL on M1 close back below it
2026-09-07T15:54:01.491835+00:00 KINO: peak 78853.26 official -> pending BUY on M1 close back above it
2026-09-07T15:58:02.218075+00:00 KINO: dip 78722.71 official -> pending SELL on M1 close back below it
2026-09-07T16:03:03.192013+00:00 KINO: confirmation ran 47pts past 78853.26 - NOT chasing; BUY only on a retest
2026-09-07T16:05:01.582985+00:00 KINO: retest of 78853.26 - entering the missed BUY properly
2026-09-07T16:05:01.582985+00:00 collecting: chest $0.37 of $4.00 needed for the 0.03 fighter - small page instead
2026-09-07T16:05:02.763739+00:00 KINO ENTRY: BUY 0.01 @ ~78856.03 SL 78831.03 TP 78881.03 (risk $1.33, prize $0.25, return to peak, calm mkt)
2026-09-07T16:05:04.795298+00:00 ENTRY logged: BUY 0.01 @ 78854.92 ticket 133314005
2026-09-07T16:05:09.831981+00:00 KINO 40% LOCK: 133314005 wall moved to entry
2026-09-07T16:05:17.876293+00:00 EXIT logged: ticket 133314005 sl profit 0.02 dur 0.2min
2026-09-07T16:05:17.877747+00:00 KINO tracker reset - clean chart
2026-09-07T16:16:01.888777+00:00 KINO: peak 78905.01 official -> pending BUY on M1 close back above it
2026-09-07T16:19:02.391848+00:00 KINO: dip 78807.03 official -> pending SELL on M1 close back below it
2026-09-07T16:22:03.687561+00:00 KINO: peak 78887.74 official -> pending BUY on M1 close back above it
2026-09-07T16:25:02.352493+00:00 collecting: chest $0.37 of $2.23 needed for the 0.03 fighter - small page instead
2026-09-07T16:25:03.527740+00:00 KINO ENTRY: SELL 0.01 @ ~78813.38 SL 78838.38 TP 78799.44 (risk $0.74, prize $0.14, return to dip, calm mkt)
2026-09-07T16:25:05.544996+00:00 ENTRY logged: SELL 0.01 @ 78813.38 ticket 133318140
2026-09-07T16:25:24.651364+00:00 KINO 40% LOCK: 133318140 wall moved to entry
2026-09-07T16:25:44.720076+00:00 EXIT logged: ticket 133318140 tp profit 0.14 dur 0.7min
2026-09-07T16:25:44.721403+00:00 KINO tracker reset - clean chart
2026-09-07T16:25:44.722084+00:00 CHEST +0.14 -> $0.51 saved toward the 0.03 fighter
2026-09-07T16:42:03.321340+00:00 KINO: dip 78975.86 official -> pending SELL on M1 close back below it
2026-09-07T16:45:01.802952+00:00 KINO: peak 79019.09 official -> pending BUY on M1 close back above it
2026-09-07T16:48:02.746398+00:00 collecting: chest $0.51 of $1.92 needed for the 0.03 fighter - small page instead
2026-09-07T16:48:03.965817+00:00 KINO ENTRY: SELL 0.01 @ ~78955.05 SL 78980.05 TP 78943.04 (risk $0.64, prize $0.12, return to dip, calm mkt)
2026-09-07T16:48:05.977172+00:00 ENTRY logged: SELL 0.01 @ 78956.51 ticket 133321849
2026-09-07T16:48:12.000575+00:00 EXIT logged: ticket 133321849 sl profit -0.27 dur 0.1min
2026-09-07T16:48:12.005068+00:00 KINO tracker reset - clean chart
2026-09-07T16:48:12.020503+00:00 DEBT BOOK +0.27 -> $7.40 owed
2026-09-07T16:59:02.736867+00:00 KINO: peak 79004.64 official -> pending BUY on M1 close back above it
2026-09-07T17:00:02.914038+00:00 collecting: chest $0.51 of $2.17 needed for the 0.03 fighter - small page instead
2026-09-07T17:00:02.914038+00:00 KINO skipped: burst confirmation (38pts >= ATR 27) - calm entries only
2026-09-07T17:00:02.914038+00:00 KINO: dip 78941.19 official -> pending SELL on M1 close back below it
2026-09-07T17:01:03.124547+00:00 collecting: chest $0.51 of $2.19 needed for the 0.03 fighter - small page instead
2026-09-07T17:01:06.034354+00:00 KINO ENTRY: BUY 0.01 @ ~79014.34 SL 78989.34 TP 79028.06 (risk $0.73, prize $0.14, return to peak, calm mkt)
2026-09-07T17:01:08.051682+00:00 ENTRY logged: BUY 0.01 @ 79014.53 ticket 133323416
2026-09-07T17:01:09.118803+00:00 KINO: re-sent SL/TP on 133323416
2026-09-07T17:01:13.154447+00:00 EXIT logged: ticket 133323416 sl profit -0.27 dur 0.1min
2026-09-07T17:01:13.156456+00:00 KINO tracker reset - clean chart
2026-09-07T17:01:13.157831+00:00 DEBT BOOK +0.27 -> $7.67 owed
2026-09-07T17:16:07.527739+00:00 KINO: peak 79137.72 official -> pending BUY on M1 close back above it
2026-09-07T17:21:01.153790+00:00 collecting: chest $0.51 of $2.05 needed for the 0.03 fighter - small page instead
2026-09-07T17:21:02.340199+00:00 KINO ENTRY: BUY 0.01 @ ~79148.95 SL 79123.95 TP 79161.76 (risk $0.68, prize $0.13, return to peak, calm mkt)
2026-09-07T17:21:04.350075+00:00 ENTRY logged: BUY 0.01 @ 79141.76 ticket 133326013
2026-09-07T17:21:12.378203+00:00 EXIT logged: ticket 133326013 sl profit -0.2 dur 0.1min
2026-09-07T17:21:12.378885+00:00 KINO tracker reset - clean chart
2026-09-07T17:21:12.380213+00:00 DEBT BOOK +0.20 -> $7.87 owed
2026-09-07T17:37:03.019131+00:00 KINO: dip 79050.23 official -> pending SELL on M1 close back below it
2026-09-07T17:44:02.073725+00:00 KINO: peak 79164.23 official -> pending BUY on M1 close back above it
2026-09-07T17:47:03.462501+00:00 KINO: peak 79169.30 official -> pending BUY on M1 close back above it
2026-09-07T17:52:02.283239+00:00 collecting: chest $0.51 of $1.87 needed for the 0.03 fighter - small page instead
2026-09-07T17:52:03.557673+00:00 KINO ENTRY: BUY 0.01 @ ~79183.81 SL 79158.81 TP 79195.47 (risk $0.62, prize $0.12, return to peak, calm mkt)
2026-09-07T17:52:05.576892+00:00 ENTRY logged: BUY 0.01 @ 79194.49 ticket 133330340
2026-09-07T17:52:09.602217+00:00 EXIT logged: ticket 133330340 tp profit 0.01 dur 0.1min
2026-09-07T17:52:09.603964+00:00 KINO tracker reset - clean chart
2026-09-07T17:52:09.605753+00:00 CHEST +0.01 -> $0.52 saved toward the 0.03 fighter
2026-09-07T17:59:02.711387+00:00 KINO: dip 79143.63 official -> pending SELL on M1 close back below it
2026-09-07T18:03:03.480472+00:00 KINO: peak 79193.23 official -> pending BUY on M1 close back above it
2026-09-07T18:07:02.199835+00:00 KINO: dip 79127.51 official -> pending SELL on M1 close back below it
2026-09-07T18:12:03.133329+00:00 KINO: dip 79123.86 official -> pending SELL on M1 close back below it
2026-09-07T18:18:02.950768+00:00 KINO: peak 79177.33 official -> pending BUY on M1 close back above it
2026-09-07T18:20:02.334842+00:00 collecting: chest $0.52 of $1.26 needed for the 0.03 fighter - small page instead
2026-09-07T18:20:02.334842+00:00 KINO skipped: wall 79146.85 too close (41.9pts)
2026-09-07T18:20:02.334842+00:00 KINO: dip 79146.85 official -> pending SELL on M1 close back below it
2026-09-07T18:23:02.779845+00:00 KINO: peak 79184.33 official -> pending BUY on M1 close back above it
2026-09-07T18:24:02.918234+00:00 collecting: chest $0.52 of $1.66 needed for the 0.03 fighter - small page instead
2026-09-07T18:24:02.918234+00:00 KINO skipped: wall 79184.33 too close (55.2pts)
2026-09-07T18:25:03.080416+00:00 collecting: chest $0.52 of $1.42 needed for the 0.03 fighter - small page instead
2026-09-07T18:25:03.080416+00:00 KINO skipped: wall 79184.33 too close (47.4pts)
2026-09-07T18:26:03.224608+00:00 collecting: chest $0.52 of $1.37 needed for the 0.03 fighter - small page instead
2026-09-07T18:26:03.224608+00:00 KINO skipped: wall 79184.33 too close (45.7pts)
2026-09-07T18:27:03.385883+00:00 collecting: chest $0.52 of $1.23 needed for the 0.03 fighter - small page instead
2026-09-07T18:27:03.385883+00:00 KINO skipped: wall 79184.33 too close (41.0pts)
2026-09-07T18:28:03.535001+00:00 collecting: chest $0.52 of $1.67 needed for the 0.03 fighter - small page instead
2026-09-07T18:28:03.535001+00:00 KINO skipped: wall 79184.33 too close (55.5pts)
2026-09-07T18:29:03.697443+00:00 KINO: confirmation ran 22pts past 79146.85 - NOT chasing; SELL only on a retest
2026-09-07T18:30:01.838279+00:00 KINO: dip 79113.66 official -> pending SELL on M1 close back below it
2026-09-07T18:33:02.384943+00:00 KINO: confirmation ran 20pts past 79113.66 - NOT chasing; SELL only on a retest
2026-09-07T18:35:02.762622+00:00 KINO: retest of 79113.66 - entering the missed SELL properly
2026-09-07T18:35:02.763892+00:00 collecting: chest $0.52 of $1.14 needed for the 0.03 fighter - small page instead
2026-09-07T18:35:02.764371+00:00 KINO skipped: wall 79140.17 too close (38.1pts)
2026-09-07T18:36:02.943263+00:00 KINO: retest of 79113.66 - entering the missed SELL properly
2026-09-07T18:36:02.943263+00:00 collecting: chest $0.52 of $1.10 needed for the 0.03 fighter - small page instead
2026-09-07T18:36:02.943263+00:00 KINO skipped: wall 79140.17 too close (36.7pts)
2026-09-07T18:37:03.143704+00:00 KINO: retest of 79113.66 - entering the missed SELL properly
2026-09-07T18:37:03.144613+00:00 collecting: chest $0.52 of $0.81 needed for the 0.03 fighter - small page instead
2026-09-07T18:37:03.144613+00:00 KINO skipped: wall 79140.17 too close (26.9pts)
2026-09-07T18:38:03.306942+00:00 KINO: peak 79127.41 official -> pending BUY on M1 close back above it
2026-09-07T18:38:03.307284+00:00 KINO: retest of 79113.66 - entering the missed SELL properly
2026-09-07T18:38:03.307943+00:00 collecting: chest $0.52 of $1.42 needed for the 0.03 fighter - small page instead
2026-09-07T18:38:03.307943+00:00 KINO skipped: wall 79140.17 too close (47.4pts)
2026-09-07T18:40:05.627572+00:00 KINO: retest of 79113.66 - entering the missed SELL properly
2026-09-07T18:40:05.629769+00:00 collecting: chest $0.52 of $1.25 needed for the 0.03 fighter - small page instead
2026-09-07T18:40:05.631278+00:00 KINO skipped: wall 79140.17 too close (41.8pts)
2026-09-07T18:41:01.772154+00:00 KINO: retest of 79113.66 - entering the missed SELL properly
2026-09-07T18:41:01.772154+00:00 collecting: chest $0.52 of $1.29 needed for the 0.03 fighter - small page instead
2026-09-07T18:41:01.772154+00:00 KINO skipped: wall 79140.17 too close (43.0pts)
2026-09-07T18:42:03.943591+00:00 KINO: retest of 79113.66 - entering the missed SELL properly
2026-09-07T18:42:03.943591+00:00 collecting: chest $0.52 of $1.18 needed for the 0.03 fighter - small page instead
2026-09-07T18:42:03.943591+00:00 KINO skipped: wall 79140.17 too close (39.2pts)
2026-09-07T18:43:04.086821+00:00 collecting: chest $0.52 of $1.83 needed for the 0.03 fighter - small page instead
2026-09-07T18:43:04.086821+00:00 KINO skipped: burst confirmation (34pts >= ATR 23) - calm entries only
2026-09-07T18:44:02.228795+00:00 KINO: retest of 79113.66 - entering the missed SELL properly
2026-09-07T18:44:02.230319+00:00 collecting: chest $0.52 of $0.44 needed for the 0.03 fighter - small page instead
2026-09-07T18:44:02.230804+00:00 KINO skipped: wall 79140.17 too close (14.7pts)
2026-09-07T18:45:02.376280+00:00 collecting: chest $0.52 of $1.90 needed for the 0.03 fighter - small page instead
2026-09-07T18:45:03.520539+00:00 KINO ENTRY: BUY 0.01 @ ~79143.81 SL 79118.81 TP 79155.68 (risk $0.63, prize $0.12, return to peak, calm mkt)
2026-09-07T18:45:05.533070+00:00 ENTRY logged: BUY 0.01 @ 79143.81 ticket 133337932
2026-09-07T18:45:52.726096+00:00 KINO 40% LOCK: 133337932 wall moved to entry
2026-09-07T18:46:06.772143+00:00 EXIT logged: ticket 133337932 sl profit 0.01 dur 1.1min
2026-09-07T18:46:06.774154+00:00 KINO tracker reset - clean chart
2026-09-07T18:56:03.427737+00:00 KINO: peak 79237.18 official -> pending BUY on M1 close back above it
2026-09-07T19:02:02.387345+00:00 KINO: peak 79201.47 official -> pending BUY on M1 close back above it
2026-09-07T19:08:03.269989+00:00 KINO: peak 79184.47 official -> pending BUY on M1 close back above it
2026-09-07T19:11:01.749581+00:00 KINO: dip 79142.83 official -> pending SELL on M1 close back below it
2026-09-07T19:22:03.434706+00:00 collecting: chest $0.52 of $1.65 needed for the 0.03 fighter - small page instead
2026-09-07T19:22:03.434706+00:00 KINO skipped: wall 79139.51 too close (54.9pts)
2026-09-07T19:22:03.434706+00:00 KINO: dip 79162.80 official -> pending SELL on M1 close back below it
2026-09-07T19:23:31.820741+00:00 KINO: confirmation ran 28pts past 79184.47 - NOT chasing; BUY only on a retest
2026-09-07T19:26:03.000692+00:00 KINO: peak 79236.54 official -> pending BUY on M1 close back above it
2026-09-07T19:28:03.875989+00:00 KINO: dip 79201.23 official -> pending SELL on M1 close back below it
2026-09-07T19:32:02.492038+00:00 collecting: chest $0.52 of $1.68 needed for the 0.03 fighter - small page instead
2026-09-07T19:32:02.492435+00:00 KINO skipped: wall 79201.23 too close (56.0pts)
2026-09-07T19:33:02.671970+00:00 KINO: confirmation ran 88pts past 79236.54 - NOT chasing; BUY only on a retest
2026-09-07T19:40:01.658240+00:00 KINO: peak 79414.88 official -> pending BUY on M1 close back above it
2026-09-07T19:49:02.951536+00:00 KINO: dip 79313.62 official -> pending SELL on M1 close back below it
2026-09-07T19:55:01.880752+00:00 KINO: peak 79369.54 official -> pending BUY on M1 close back above it
2026-09-07T20:01:03.319759+00:00 KINO: dip 79317.26 official -> pending SELL on M1 close back below it
2026-09-07T20:04:01.848505+00:00 collecting: chest $0.52 of $2.11 needed for the 0.03 fighter - small page instead
2026-09-07T20:04:02.935712+00:00 KINO ENTRY: SELL 0.01 @ ~79311.25 SL 79336.25 TP 79298.04 (risk $0.70, prize $0.13, return to dip, calm mkt)
2026-09-07T20:04:04.945462+00:00 ENTRY logged: SELL 0.01 @ 79311.25 ticket 133341592
2026-09-07T20:05:07.113121+00:00 EXIT logged: ticket 133341592 tp profit 0.13 dur 1.1min
2026-09-07T20:05:07.113121+00:00 KINO tracker reset - clean chart
2026-09-07T20:05:07.115697+00:00 CHEST +0.13 -> $0.65 saved toward the 0.03 fighter
2026-09-07T20:16:02.705919+00:00 KINO: dip 79178.93 official -> pending SELL on M1 close back below it
2026-09-07T20:21:03.397338+00:00 KINO: peak 79248.72 official -> pending BUY on M1 close back above it
2026-09-07T20:23:03.696517+00:00 collecting: chest $0.65 of $2.51 needed for the 0.03 fighter - small page instead
2026-09-07T20:23:03.698049+00:00 KINO skipped: burst confirmation (31pts >= ATR 25) - calm entries only
2026-09-07T20:24:03.829114+00:00 collecting: chest $0.65 of $2.36 needed for the 0.03 fighter - small page instead
2026-09-07T20:24:04.966110+00:00 KINO ENTRY: SELL 0.01 @ ~79170.07 SL 79195.07 TP 79155.32 (risk $0.79, prize $0.15, return to dip, calm mkt)
2026-09-07T20:24:06.976422+00:00 ENTRY logged: SELL 0.01 @ 79171.21 ticket 133342713
2026-09-07T20:24:14.997641+00:00 EXIT logged: ticket 133342713 sl profit -0.24 dur 0.2min
2026-09-07T20:24:15.005099+00:00 KINO tracker reset - clean chart
2026-09-07T20:24:15.005099+00:00 DEBT BOOK +0.24 -> $8.11 owed
2026-09-07T20:28:04.099531+00:00 KINO: peak 79205.38 official -> pending BUY on M1 close back above it
2026-09-07T20:33:02.751866+00:00 collecting: chest $0.65 of $1.29 needed for the 0.03 fighter - small page instead
2026-09-07T20:33:02.751866+00:00 KINO skipped: wall 79177.18 too close (42.8pts)
2026-09-07T20:34:02.931811+00:00 collecting: chest $0.65 of $1.36 needed for the 0.03 fighter - small page instead
2026-09-07T20:34:02.932331+00:00 KINO skipped: wall 79177.18 too close (45.4pts)
2026-09-07T20:35:03.090090+00:00 collecting: chest $0.65 of $1.07 needed for the 0.03 fighter - small page instead
2026-09-07T20:35:03.090652+00:00 KINO skipped: wall 79177.18 too close (35.5pts)
2026-09-07T20:36:03.236150+00:00 collecting: chest $0.65 of $1.28 needed for the 0.03 fighter - small page instead
2026-09-07T20:36:03.236150+00:00 KINO skipped: wall 79177.18 too close (42.8pts)
2026-09-07T20:42:02.195327+00:00 collecting: chest $0.65 of $1.10 needed for the 0.03 fighter - small page instead
2026-09-07T20:42:02.195327+00:00 KINO skipped: wall 79177.18 too close (36.6pts)
2026-09-07T20:50:03.472547+00:00 collecting: chest $0.65 of $2.64 needed for the 0.03 fighter - small page instead
2026-09-07T20:50:04.656873+00:00 KINO ENTRY: BUY 0.01 @ ~79225.73 SL 79200.73 TP 79242.24 (risk $0.88, prize $0.17, return to peak, calm mkt)
2026-09-07T20:50:06.677372+00:00 ENTRY logged: BUY 0.01 @ 79223.11 ticket 133343390
2026-09-07T20:50:51.860385+00:00 KINO 40% LOCK: 133343390 wall moved to entry
2026-09-07T20:50:53.869350+00:00 EXIT logged: ticket 133343390 sl profit 0.03 dur 0.8min
2026-09-07T20:50:53.871356+00:00 KINO tracker reset - clean chart
2026-09-07T20:54:04.397888+00:00 KINO: peak 79248.67 official -> pending BUY on M1 close back above it
2026-09-07T20:56:03.330068+00:00 KINO: dip 79169.10 official -> pending SELL on M1 close back below it
2026-09-07T21:01:02.122881+00:00 KINO: dip 79203.94 official -> pending SELL on M1 close back below it
2026-09-07T21:05:02.671209+00:00 KINO: peak 79247.38 official -> pending BUY on M1 close back above it
2026-09-07T21:07:03.010049+00:00 collecting: chest $0.65 of $1.30 needed for the 0.03 fighter - small page instead
2026-09-07T21:07:03.010601+00:00 KINO skipped: wall 79247.38 too close (43.2pts)
2026-09-07T21:08:03.150303+00:00 KINO: confirmation ran 22pts past 79203.94 - NOT chasing; SELL only on a retest
2026-09-07T21:11:03.616689+00:00 KINO: retest of 79203.94 - entering the missed SELL properly
2026-09-07T21:11:03.616689+00:00 collecting: chest $0.65 of $1.73 needed for the 0.03 fighter - small page instead
2026-09-07T21:11:03.616689+00:00 KINO skipped: wall 79247.38 too close (57.5pts)
2026-09-07T21:12:12.405469+00:00 KINO: retest of 79203.94 - entering the missed SELL properly
2026-09-07T21:12:12.405469+00:00 collecting: chest $0.65 of $1.61 needed for the 0.03 fighter - small page instead
2026-09-07T21:12:12.407107+00:00 KINO skipped: wall 79247.38 too close (53.6pts)
2026-09-07T21:13:01.949246+00:00 KINO: retest of 79203.94 - entering the missed SELL properly
2026-09-07T21:13:01.949246+00:00 collecting: chest $0.65 of $1.85 needed for the 0.03 fighter - small page instead
2026-09-07T21:13:02.955037+00:00 KINO ENTRY: SELL 0.01 @ ~79185.78 SL 79210.78 TP 79174.23 (risk $0.62, prize $0.12, return to dip, calm mkt)
2026-09-07T21:13:04.963559+00:00 ENTRY logged: SELL 0.01 @ 79185.78 ticket 133344079
2026-09-07T21:14:03.127222+00:00 EXIT logged: ticket 133344079 sl profit -0.34 dur 1.0min
2026-09-07T21:14:03.131701+00:00 KINO tracker reset - clean chart
2026-09-07T21:14:03.133169+00:00 DEBT BOOK +0.34 -> $8.45 owed
2026-09-07T21:16:03.446064+00:00 KINO: peak 79253.12 official -> pending BUY on M1 close back above it
2026-09-07T21:20:02.412566+00:00 KINO: dip 79193.37 official -> pending SELL on M1 close back below it
2026-09-07T21:33:02.545128+00:00 collecting: chest $0.65 of $1.52 needed for the 0.03 fighter - small page instead
2026-09-07T21:33:02.545679+00:00 KINO skipped: wall 79241.20 too close (50.6pts)
2026-09-07T21:34:02.706399+00:00 collecting: chest $0.65 of $1.56 needed for the 0.03 fighter - small page instead
2026-09-07T21:34:02.706940+00:00 KINO skipped: wall 79241.20 too close (52.1pts)
2026-09-07T21:35:02.862291+00:00 collecting: chest $0.65 of $1.45 needed for the 0.03 fighter - small page instead
2026-09-07T21:35:02.862291+00:00 KINO skipped: wall 79241.20 too close (48.3pts)
2026-09-07T21:36:03.028002+00:00 collecting: chest $0.65 of $1.78 needed for the 0.03 fighter - small page instead
2026-09-07T21:36:03.029655+00:00 KINO skipped: wall 79241.20 too close (59.5pts)
2026-09-07T21:41:02.545553+00:00 KINO: peak 79204.32 official -> pending BUY on M1 close back above it
2026-09-07T21:41:02.546637+00:00 collecting: chest $0.65 of $1.88 needed for the 0.03 fighter - small page instead
2026-09-07T21:41:03.783270+00:00 KINO ENTRY: SELL 0.01 @ ~79178.64 SL 79203.64 TP 79166.91 (risk $0.63, prize $0.12, return to dip, calm mkt)
2026-09-07T21:41:05.794914+00:00 ENTRY logged: SELL 0.01 @ 79178.64 ticket 133344736
2026-09-07T21:41:35.119183+00:00 KINO 40% LOCK: 133344736 wall moved to entry
2026-09-07T21:41:57.168617+00:00 EXIT logged: ticket 133344736 sl profit -0.02 dur 0.9min
2026-09-07T21:41:57.172087+00:00 KINO tracker reset - clean chart
2026-09-07T21:41:57.172634+00:00 DEBT BOOK +0.02 -> $8.47 owed
2026-09-07T21:51:02.569348+00:00 KINO: peak 79204.32 official -> pending BUY on M1 close back above it
2026-09-07T21:53:02.870947+00:00 KINO: dip 79147.21 official -> pending SELL on M1 close back below it
2026-09-07T22:00:02.225034+00:00 KINO: peak 79197.58 official -> pending BUY on M1 close back above it
2026-09-07T22:00:02.227044+00:00 collecting: chest $0.65 of $1.64 needed for the 0.03 fighter - small page instead
2026-09-07T22:00:02.227044+00:00 KINO skipped: wall 79200.54 too close (54.6pts)
2026-09-07T22:01:02.420555+00:00 collecting: chest $0.65 of $1.67 needed for the 0.03 fighter - small page instead
2026-09-07T22:01:02.420555+00:00 KINO skipped: wall 79200.54 too close (55.8pts)
2026-09-07T22:02:03.415348+00:00 KINO: confirmation ran 61pts past 79147.21 - NOT chasing; SELL only on a retest
2026-09-07T22:03:03.589197+00:00 KINO: retest of 79147.21 - entering the missed SELL properly
2026-09-07T22:03:03.589197+00:00 collecting: chest $0.65 of $1.82 needed for the 0.03 fighter - small page instead
2026-09-07T22:03:03.591341+00:00 KINO skipped: burst confirmation (57pts >= ATR 32) - calm entries only
2026-09-07T22:04:03.736465+00:00 KINO: dip 79043.09 official -> pending SELL on M1 close back below it
2026-09-07T22:06:02.082126+00:00 KINO: peak 79194.94 official -> pending BUY on M1 close back above it
2026-09-07T22:12:03.004025+00:00 KINO: peak 79198.64 official -> pending BUY on M1 close back above it
2026-09-07T22:17:03.794428+00:00 collecting: chest $0.65 of $5.02 needed for the 0.03 fighter - small page instead
2026-09-07T22:17:03.801173+00:00 KINO skipped: burst confirmation (92pts >= ATR 39) - calm entries only
2026-09-07T22:24:03.051829+00:00 KINO: dip 79004.42 official -> pending SELL on M1 close back below it
2026-09-07T22:29:03.000482+00:00 KINO: peak 79185.12 official -> pending BUY on M1 close back above it
2026-09-07T22:38:04.160117+00:00 KINO: peak 79080.45 official -> pending BUY on M1 close back above it
2026-09-07T22:38:04.161481+00:00 collecting: chest $0.65 of $5.88 needed for the 0.03 fighter - small page instead
2026-09-07T22:38:04.166141+00:00 KINO skipped: burst confirmation (49pts >= ATR 42) - calm entries only
2026-09-07T22:39:02.383922+00:00 collecting: chest $0.65 of $6.61 needed for the 0.03 fighter - small page instead
2026-09-07T22:39:03.564025+00:00 KINO ENTRY: SELL 0.01 @ ~78964.89 SL 78989.89 TP 78927.39 (risk $2.20, prize $0.38, return to dip, calm mkt)
2026-09-07T22:39:05.573913+00:00 ENTRY logged: SELL 0.01 @ 78964.89 ticket 133353604
2026-09-07T22:39:16.604584+00:00 KINO 40% LOCK: 133353604 wall moved to entry
2026-09-07T22:39:20.625829+00:00 EXIT logged: ticket 133353604 tp profit 0.38 dur 0.3min
2026-09-07T22:39:20.627755+00:00 KINO tracker reset - clean chart
2026-09-07T22:39:20.627755+00:00 CHEST +0.38 -> $1.03 saved toward the 0.03 fighter
2026-09-07T22:47:03.953346+00:00 KINO: dip 78770.59 official -> pending SELL on M1 close back below it
2026-09-07T22:54:03.155100+00:00 KINO: peak 78950.23 official -> pending BUY on M1 close back above it
2026-09-07T22:59:04.089378+00:00 KINO: dip 78864.71 official -> pending SELL on M1 close back below it
2026-09-07T23:02:02.528094+00:00 collecting: chest $1.03 of $3.02 needed for the 0.03 fighter - small page instead
2026-09-07T23:02:03.772900+00:00 KINO ENTRY: BUY 0.01 @ ~78965.41 SL 78940.41 TP 78984.29 (risk $1.01, prize $0.19, return to peak, calm mkt)
2026-09-07T23:02:05.795802+00:00 ENTRY logged: BUY 0.01 @ 78956.75 ticket 133356635
2026-09-07T23:02:18.680740+00:00 KINO 40% LOCK: 133356635 wall moved to entry
2026-09-07T23:02:26.717195+00:00 EXIT logged: ticket 133356635 sl profit 0.05 dur 0.4min
2026-09-07T23:02:26.717195+00:00 KINO tracker reset - clean chart
2026-09-07T23:05:03.191373+00:00 KINO: peak 79002.59 official -> pending BUY on M1 close back above it
2026-09-07T23:07:04.031312+00:00 collecting: chest $1.03 of $3.32 needed for the 0.03 fighter - small page instead
2026-09-07T23:07:05.127931+00:00 KINO ENTRY: BUY 0.01 @ ~79038.83 SL 79013.83 TP 79059.55 (risk $1.11, prize $0.21, return to peak, calm mkt)
2026-09-07T23:07:07.140279+00:00 ENTRY logged: BUY 0.01 @ 79035.13 ticket 133357923
2026-09-07T23:07:10.029958+00:00 KINO 40% LOCK: 133357923 wall moved to entry
2026-09-07T23:07:16.046489+00:00 EXIT logged: ticket 133357923 sl profit 0.07 dur 0.2min
2026-09-07T23:07:16.047756+00:00 KINO tracker reset - clean chart
2026-09-07T23:16:03.447889+00:00 KINO: peak 79152.31 official -> pending BUY on M1 close back above it
2026-09-07T23:30:02.318630+00:00 KINO: peak 79022.88 official -> pending BUY on M1 close back above it
2026-09-07T23:33:02.976902+00:00 KINO: dip 78940.01 official -> pending SELL on M1 close back below it
2026-09-07T23:41:04.275767+00:00 collecting: chest $1.03 of $2.44 needed for the 0.03 fighter - small page instead
2026-09-07T23:41:05.363447+00:00 KINO ENTRY: BUY 0.01 @ ~79037.87 SL 79012.87 TP 79053.13 (risk $0.81, prize $0.15, return to peak, calm mkt)
2026-09-07T23:41:07.377909+00:00 ENTRY logged: BUY 0.01 @ 79038.14 ticket 133364155
2026-09-07T23:41:28.497600+00:00 KINO 40% LOCK: 133364155 wall moved to entry
2026-09-07T23:41:34.515134+00:00 EXIT logged: ticket 133364155 sl profit 0.03 dur 0.5min
2026-09-07T23:41:34.517909+00:00 KINO tracker reset - clean chart
2026-09-07T23:51:02.402504+00:00 KINO: peak 79192.50 official -> pending BUY on M1 close back above it
2026-09-08T00:00:02.382261+00:00 KINO: peak 79121.40 official -> pending BUY on M1 close back above it
2026-09-08T00:00:02.407288+00:00 D1 FLIP: daily trend is now DOWN - if a runner leg is riding, this is its harvest signal
2026-09-08T00:00:02.413300+00:00 CLOCKS ALIGNED: H4 and D1 both say DOWN - next SELL scalp is the runner candidate (2x0.01)
2026-09-08T00:00:02.415579+00:00 PAPER RUNNER opened: SELL 2x0.01 @ 79086.45 (virtual, no real money)
2026-09-08T00:04:04.383687+00:00 KINO: dip 78983.72 official -> pending SELL on M1 close back below it
2026-09-08T00:05:04.805104+00:00 SHADOW ENTRY: recipe fired -> would SELL @ ~79028.60 (setup 79043.96)
2026-09-08T00:13:03.797614+00:00 collecting: chest $1.03 of $3.19 needed for the 0.03 fighter - small page instead
2026-09-08T00:13:04.711968+00:00 KINO ENTRY: SELL 0.01 @ ~78979.16 SL 79004.16 TP 78959.22 (risk $1.06, prize $0.20, return to dip, calm mkt)
2026-09-08T00:13:06.724439+00:00 ENTRY logged: SELL 0.01 @ 78983.51 ticket 133372453
2026-09-08T00:13:06.726719+00:00 KINO: re-sent SL/TP on 133372453
2026-09-08T00:13:08.732435+00:00 KINO: re-sent SL/TP on 133372453
2026-09-08T00:13:10.748020+00:00 KINO: re-sent SL/TP on 133372453
2026-09-08T00:13:12.764743+00:00 KINO: re-sent SL/TP on 133372453
2026-09-08T00:13:14.771304+00:00 KINO: re-sent SL/TP on 133372453
2026-09-08T00:13:16.775751+00:00 KINO: re-sent SL/TP on 133372453
2026-09-08T00:13:19.369310+00:00 KINO: re-sent SL/TP on 133372453
2026-09-08T00:13:23.386861+00:00 EXIT logged: ticket 133372453 sl profit -0.22 dur 0.3min
2026-09-08T00:13:23.388137+00:00 KINO tracker reset - clean chart
2026-09-08T00:13:23.390148+00:00 DEBT BOOK +0.22 -> $8.69 owed
2026-09-08T00:23:03.485382+00:00 KINO: peak 79127.36 official -> pending BUY on M1 close back above it
2026-09-08T00:25:03.892567+00:00 KINO: dip 78944.70 official -> pending SELL on M1 close back below it
2026-09-08T00:29:02.841313+00:00 KINO: peak 79065.16 official -> pending BUY on M1 close back above it
2026-09-08T00:32:03.584291+00:00 KINO: dip 78960.23 official -> pending SELL on M1 close back below it
2026-09-08T00:33:03.802902+00:00 collecting: chest $1.03 of $3.81 needed for the 0.03 fighter - small page instead
2026-09-08T00:33:03.803768+00:00 KINO skipped: burst confirmation (66pts >= ATR 49) - calm entries only
2026-09-08T00:34:04.008392+00:00 KINO: confirmation ran 58pts past 79065.16 - NOT chasing; BUY only on a retest
2026-09-08T00:44:03.637521+00:00 KINO: peak 79264.42 official -> pending BUY on M1 close back above it
2026-09-08T00:47:02.353126+00:00 KINO: dip 79169.12 official -> pending SELL on M1 close back below it
2026-09-08T00:56:04.325406+00:00 collecting: chest $1.03 of $3.83 needed for the 0.03 fighter - small page instead
2026-09-08T00:56:04.327521+00:00 KINO skipped: burst confirmation (44pts >= ATR 38) - calm entries only
2026-09-08T00:56:04.327521+00:00 KINO: dip 79227.71 official -> pending SELL on M1 close back below it
2026-09-08T00:57:02.526991+00:00 collecting: chest $1.03 of $3.08 needed for the 0.03 fighter - small page instead
2026-09-08T00:57:03.576070+00:00 KINO ENTRY: BUY 0.01 @ ~79271.81 SL 79246.81 TP 79291.06 (risk $1.03, prize $0.19, return to peak, calm mkt)
2026-09-08T00:57:05.592366+00:00 ENTRY logged: BUY 0.01 @ 79271.81 ticket 133381864
2026-09-08T00:57:16.409383+00:00 KINO 40% LOCK: 133381864 wall moved to entry
2026-09-08T00:57:30.445593+00:00 EXIT logged: ticket 133381864 tp profit 0.19 dur 0.5min
2026-09-08T00:57:30.446654+00:00 KINO tracker reset - clean chart
2026-09-08T00:57:30.448163+00:00 CHEST +0.19 -> $1.22 saved toward the 0.03 fighter
2026-09-08T01:06:03.167600+00:00 KINO: dip 79261.58 official -> pending SELL on M1 close back below it
2026-09-08T01:07:03.400906+00:00 KINO: peak 79327.09 official -> pending BUY on M1 close back above it
2026-09-08T01:07:03.401402+00:00 KINO: confirmation ran 30pts past 79261.58 - NOT chasing; SELL only on a retest
2026-09-08T01:07:03.403413+00:00 SHADOW ENTRY: recipe fired -> would SELL @ ~79231.74 (setup 79261.58)
2026-09-08T01:09:03.859092+00:00 collecting: chest $1.22 of $2.95 needed for the 0.03 fighter - small page instead
2026-09-08T01:09:05.097887+00:00 KINO ENTRY: BUY 0.01 @ ~79328.30 SL 79303.3 TP 79346.75 (risk $0.98, prize $0.18, return to peak, calm mkt)
2026-09-08T01:09:07.128506+00:00 ENTRY logged: BUY 0.01 @ 79328.3 ticket 133384558
2026-09-08T01:09:27.985985+00:00 KINO 40% LOCK: 133384558 wall moved to entry
2026-09-08T01:09:38.034247+00:00 EXIT logged: ticket 133384558 sl profit 0.04 dur 0.5min
2026-09-08T01:09:38.034839+00:00 KINO tracker reset - clean chart
2026-09-08T01:12:02.699228+00:00 KINO: dip 79286.25 official -> pending SELL on M1 close back below it
2026-09-08T01:15:04.155904+00:00 collecting: chest $1.22 of $1.97 needed for the 0.03 fighter - small page instead
2026-09-08T01:15:05.437349+00:00 KINO ENTRY: SELL 0.01 @ ~79289.19 SL 79314.19 TP 79276.91 (risk $0.66, prize $0.12, return to dip, calm mkt)
2026-09-08T01:15:07.477158+00:00 ENTRY logged: SELL 0.01 @ 79288.01 ticket 133385979
2026-09-08T01:15:13.535241+00:00 EXIT logged: ticket 133385979 sl profit -0.34 dur 0.1min
2026-09-08T01:15:13.543684+00:00 KINO tracker reset - clean chart
2026-09-08T01:15:13.552593+00:00 DEBT BOOK +0.34 -> $9.03 owed
2026-09-08T01:25:03.850647+00:00 KINO: peak 79447.74 official -> pending BUY on M1 close back above it
2026-09-08T01:29:02.629988+00:00 KINO: peak 79420.88 official -> pending BUY on M1 close back above it
2026-09-08T01:43:03.720753+00:00 KINO: dip 79277.79 official -> pending SELL on M1 close back below it
2026-09-08T01:45:04.167730+00:00 KINO: peak 79315.17 official -> pending BUY on M1 close back above it
2026-09-08T01:50:02.508049+00:00 KINO: confirmation ran 28pts past 79315.17 - NOT chasing; BUY only on a retest
2026-09-08T01:52:02.978306+00:00 KINO: retest of 79315.17 - entering the missed BUY properly
2026-09-08T01:52:02.979183+00:00 collecting: chest $1.22 of $1.44 needed for the 0.03 fighter - small page instead
2026-09-08T01:52:02.979183+00:00 KINO skipped: wall 79273.26 too close (48.0pts)
2026-09-08T01:53:03.188546+00:00 KINO: retest of 79315.17 - entering the missed BUY properly
2026-09-08T01:53:03.189778+00:00 collecting: chest $1.22 of $1.99 needed for the 0.03 fighter - small page instead
2026-09-08T01:53:04.514492+00:00 KINO ENTRY: BUY 0.01 @ ~79339.54 SL 79314.54 TP 79351.97 (risk $0.66, prize $0.12, return to peak, calm mkt)
2026-09-08T01:53:06.547912+00:00 ENTRY logged: BUY 0.01 @ 79339.49 ticket 133393027
2026-09-08T01:53:11.293034+00:00 KINO 40% LOCK: 133393027 wall moved to entry
2026-09-08T01:53:23.333085+00:00 EXIT logged: ticket 133393027 sl profit -0.02 dur 0.3min
2026-09-08T01:53:23.333466+00:00 KINO tracker reset - clean chart
2026-09-08T01:53:23.336584+00:00 DEBT BOOK +0.02 -> $9.05 owed
2026-09-08T02:06:04.314232+00:00 KINO: peak 79433.02 official -> pending BUY on M1 close back above it
2026-09-08T02:06:04.315981+00:00 SHADOW ENTRY: recipe fired -> would SELL @ ~79345.17 (setup 79364.24)
2026-09-08T02:14:04.402950+00:00 KINO: dip 79227.96 official -> pending SELL on M1 close back below it
2026-09-08T02:18:03.294472+00:00 KINO: peak 79332.06 official -> pending BUY on M1 close back above it
2026-09-08T02:21:04.059275+00:00 KINO: dip 79256.31 official -> pending SELL on M1 close back below it
2026-09-08T02:23:04.640241+00:00 KINO: confirmation ran 34pts past 79332.06 - NOT chasing; BUY only on a retest
2026-09-08T02:26:03.390596+00:00 KINO: peak 79469.27 official -> pending BUY on M1 close back above it
2026-09-08T02:29:04.036463+00:00 collecting: chest $1.22 of $6.49 needed for the 0.03 fighter - small page instead
2026-09-08T02:29:04.037736+00:00 KINO skipped: burst confirmation (87pts >= ATR 50) - calm entries only
2026-09-08T02:30:04.273847+00:00 collecting: chest $1.22 of $7.11 needed for the 0.03 fighter - small page instead
2026-09-08T02:30:05.559065+00:00 KINO ENTRY: SELL 0.01 @ ~79232.25 SL 79257.25 TP 79194.75 (risk $2.37, prize $0.38, return to dip, calm mkt)
2026-09-08T02:30:07.585267+00:00 ENTRY logged: SELL 0.01 @ 79232.24 ticket 133398668
2026-09-08T02:30:38.777210+00:00 KINO 40% LOCK: 133398668 wall moved to entry
2026-09-08T02:30:40.789357+00:00 EXIT logged: ticket 133398668 sl profit 0.14 dur 0.6min
2026-09-08T02:30:40.790402+00:00 KINO tracker reset - clean chart
2026-09-08T02:39:02.670021+00:00 KINO: dip 79138.59 official -> pending SELL on M1 close back below it
2026-09-08T02:40:03.107298+00:00 KINO: peak 79194.45 official -> pending BUY on M1 close back above it
2026-09-08T02:42:04.360494+00:00 collecting: chest $1.22 of $1.72 needed for the 0.03 fighter - small page instead
2026-09-08T02:42:04.361981+00:00 KINO skipped: wall 79194.45 too close (57.2pts)
2026-09-08T02:43:02.567069+00:00 KINO: confirmation ran 29pts past 79138.59 - NOT chasing; SELL only on a retest
2026-09-08T02:45:02.999769+00:00 KINO: retest of 79138.59 - entering the missed SELL properly
2026-09-08T02:45:03.001440+00:00 collecting: chest $1.22 of $2.44 needed for the 0.03 fighter - small page instead
2026-09-08T02:45:04.182118+00:00 KINO ENTRY: SELL 0.01 @ ~79112.99 SL 79137.99 TP 79097.72 (risk $0.81, prize $0.15, return to dip, calm mkt)
2026-09-08T02:45:06.195040+00:00 ENTRY logged: SELL 0.01 @ 79112.36 ticket 133400810
2026-09-08T02:45:10.253676+00:00 EXIT logged: ticket 133400810 sl profit -0.26 dur 0.1min
2026-09-08T02:45:10.254047+00:00 KINO tracker reset - clean chart
2026-09-08T02:45:10.256057+00:00 DEBT BOOK +0.26 -> $9.31 owed
2026-09-08T02:51:03.781273+00:00 KINO: peak 79133.63 official -> pending BUY on M1 close back above it
2026-09-08T02:58:43.636259+00:00 PAPER RUNNER banked $1.50 (leg A TP), leg B now risk-free with BE stop @ 79081.45 (virtual)
2026-09-08T03:02:02.579343+00:00 KINO: dip 78903.90 official -> pending SELL on M1 close back below it
2026-09-08T03:05:03.184602+00:00 collecting: chest $1.22 of $2.68 needed for the 0.03 fighter - small page instead
2026-09-08T03:05:04.400135+00:00 KINO ENTRY: SELL 0.01 @ ~78901.51 SL 78926.51 TP 78884.78 (risk $0.89, prize $0.17, return to dip, calm mkt)
2026-09-08T03:05:04.402203+00:00 SHADOW ENTRY: recipe fired -> would SELL @ ~78902.07 (setup 78903.90)
2026-09-08T03:05:06.414396+00:00 ENTRY logged: SELL 0.01 @ 78895.25 ticket 133403060
2026-09-08T03:05:10.441738+00:00 EXIT logged: ticket 133403060 sl profit -0.32 dur 0.1min
2026-09-08T03:05:10.443747+00:00 KINO tracker reset - clean chart
2026-09-08T03:05:10.445249+00:00 DEBT BOOK +0.32 -> $9.63 owed
2026-09-08T03:11:03.939871+00:00 KINO: peak 78980.72 official -> pending BUY on M1 close back above it
2026-09-08T03:17:04.186823+00:00 KINO: dip 78874.66 official -> pending SELL on M1 close back below it
2026-09-08T03:19:02.643099+00:00 collecting: chest $1.22 of $1.80 needed for the 0.03 fighter - small page instead
2026-09-08T03:19:02.643779+00:00 KINO skipped: burst confirmation (50pts >= ATR 39) - calm entries only
2026-09-08T03:20:02.883676+00:00 KINO: confirmation ran 37pts past 78874.66 - NOT chasing; SELL only on a retest
2026-09-08T03:21:05.159295+00:00 KINO: retest of 78874.66 - entering the missed SELL properly
2026-09-08T03:21:05.160583+00:00 collecting: chest $1.22 of $3.60 needed for the 0.03 fighter - small page instead
2026-09-08T03:21:06.369386+00:00 KINO ENTRY: SELL 0.01 @ ~78811.09 SL 78836.09 TP 78788.59 (risk $1.20, prize $0.23, return to dip, calm mkt)
2026-09-08T03:21:08.400667+00:00 ENTRY logged: SELL 0.01 @ 78807.57 ticket 133405473
2026-09-08T03:21:30.563908+00:00 EXIT logged: ticket 133405473 tp profit 0.19 dur 0.4min
2026-09-08T03:21:30.564796+00:00 KINO tracker reset - clean chart
2026-09-08T03:21:30.566677+00:00 CHEST +0.19 -> $1.41 saved toward the 0.03 fighter
2026-09-08T03:28:04.182177+00:00 KINO: peak 78850.58 official -> pending BUY on M1 close back above it
2026-09-08T03:30:02.598926+00:00 KINO: dip 78715.40 official -> pending SELL on M1 close back below it
2026-09-08T03:32:05.165191+00:00 collecting: chest $1.41 of $5.83 needed for the 0.03 fighter - small page instead
2026-09-08T03:32:06.398725+00:00 KINO ENTRY: BUY 0.01 @ ~78909.71 SL 78884.71 TP 78946.14 (risk $1.94, prize $0.36, return to peak, calm mkt)
2026-09-08T03:32:08.410893+00:00 ENTRY logged: BUY 0.01 @ 78917.45 ticket 133407531
2026-09-08T03:32:28.480834+00:00 EXIT logged: ticket 133407531 sl profit -0.4 dur 0.3min
2026-09-08T03:32:28.480834+00:00 KINO tracker reset - clean chart
2026-09-08T03:32:28.482843+00:00 DEBT BOOK +0.40 -> $10.03 owed
2026-09-08T03:35:02.997119+00:00 KINO: peak 78954.90 official -> pending BUY on M1 close back above it
2026-09-08T03:44:04.639676+00:00 collecting: chest $1.41 of $1.77 needed for the 0.03 fighter - small page instead
2026-09-08T03:44:04.640963+00:00 KINO skipped: wall 78871.07 too close (59.0pts)
2026-09-08T03:44:04.641685+00:00 KINO: dip 78871.07 official -> pending SELL on M1 close back below it
2026-09-08T03:47:03.182711+00:00 KINO: peak 78961.36 official -> pending BUY on M1 close back above it
2026-09-08T03:48:03.401069+00:00 collecting: chest $1.41 of $3.10 needed for the 0.03 fighter - small page instead
2026-09-08T03:48:04.547433+00:00 KINO ENTRY: SELL 0.01 @ ~78858.01 SL 78883.01 TP 78838.63 (risk $1.03, prize $0.19, return to dip, calm mkt)
2026-09-08T03:48:06.575017+00:00 ENTRY logged: SELL 0.01 @ 78857.72 ticket 133409478
2026-09-08T03:48:44.763708+00:00 EXIT logged: ticket 133409478 sl profit -0.27 dur 0.7min
2026-09-08T03:48:44.765355+00:00 KINO tracker reset - clean chart
2026-09-08T03:48:44.766472+00:00 DEBT BOOK +0.27 -> $10.30 owed
2026-09-08T03:59:03.010310+00:00 KINO: peak 78933.94 official -> pending BUY on M1 close back above it
2026-09-08T04:08:04.800526+00:00 SHADOW ENTRY: recipe fired -> would SELL @ ~78836.29 (setup 78852.92)
2026-09-08T04:18:02.916798+00:00 KINO: dip 78742.02 official -> pending SELL on M1 close back below it
2026-09-08T04:23:04.037596+00:00 KINO: peak 78837.71 official -> pending BUY on M1 close back above it
2026-09-08T04:26:20.146724+00:00 KINO: dip 78722.49 official -> pending SELL on M1 close back below it
2026-09-08T04:30:03.647855+00:00 KINO: peak 78824.70 official -> pending BUY on M1 close back above it
2026-09-08T04:33:04.155726+00:00 collecting: chest $1.41 of $2.12 needed for the 0.03 fighter - small page instead
2026-09-08T04:33:05.385010+00:00 KINO ENTRY: BUY 0.01 @ ~78832.92 SL 78807.92 TP 78846.20 (risk $0.71, prize $0.13, return to peak, calm mkt)
2026-09-08T04:33:07.398978+00:00 ENTRY logged: BUY 0.01 @ 78832.92 ticket 133416377
2026-09-08T04:33:19.777301+00:00 EXIT logged: ticket 133416377 tp profit 0.13 dur 0.2min
2026-09-08T04:33:19.780948+00:00 KINO tracker reset - clean chart
2026-09-08T04:33:19.785208+00:00 CHEST +0.13 -> $1.54 saved toward the 0.03 fighter
2026-09-08T04:41:03.335316+00:00 KINO: peak 78816.31 official -> pending BUY on M1 close back above it
2026-09-08T04:48:04.547744+00:00 KINO: dip 78700.53 official -> pending SELL on M1 close back below it
2026-09-08T04:51:02.994305+00:00 KINO: dip 78764.50 official -> pending SELL on M1 close back below it
2026-09-08T04:54:05.312518+00:00 KINO: peak 78796.04 official -> pending BUY on M1 close back above it
2026-09-08T04:54:05.312518+00:00 KINO: confirmation ran 56pts past 78764.50 - NOT chasing; SELL only on a retest
2026-09-08T05:02:03.354484+00:00 KINO: dip 78503.35 official -> pending SELL on M1 close back below it
2026-09-08T05:05:03.836832+00:00 KINO: peak 78786.48 official -> pending BUY on M1 close back above it
2026-09-08T05:07:04.264579+00:00 KINO: dip 78604.77 official -> pending SELL on M1 close back below it
2026-09-08T05:13:04.011060+00:00 KINO: dip 78589.05 official -> pending SELL on M1 close back below it
2026-09-08T05:15:04.512798+00:00 KINO: peak 78748.15 official -> pending BUY on M1 close back above it
2026-09-08T05:19:03.351467+00:00 KINO: confirmation ran 49pts past 78748.15 - NOT chasing; BUY only on a retest
2026-09-08T05:23:04.655907+00:00 KINO: peak 78856.11 official -> pending BUY on M1 close back above it
2026-09-08T05:39:04.765606+00:00 KINO: dip 78607.27 official -> pending SELL on M1 close back below it
2026-09-08T05:41:03.272190+00:00 KINO: peak 78740.21 official -> pending BUY on M1 close back above it
2026-09-08T05:44:03.974575+00:00 SHADOW ENTRY: recipe fired -> would SELL @ ~78657.55 (setup 78665.69)
2026-09-08T05:45:04.194445+00:00 collecting: chest $1.54 of $3.58 needed for the 0.03 fighter - small page instead
2026-09-08T05:45:05.280278+00:00 KINO ENTRY: SELL 0.01 @ ~78620.74 SL 78645.74 TP 78598.34 (risk $1.19, prize $0.22, return to dip, calm mkt)
2026-09-08T05:45:07.300410+00:00 ENTRY logged: SELL 0.01 @ 78624.38 ticket 133431409
2026-09-08T05:45:35.460824+00:00 EXIT logged: ticket 133431409 sl profit -0.24 dur 0.5min
2026-09-08T05:45:35.462834+00:00 KINO tracker reset - clean chart
2026-09-08T05:45:35.464143+00:00 DEBT BOOK +0.24 -> $10.54 owed
2026-09-08T05:53:03.391352+00:00 KINO: peak 78698.45 official -> pending BUY on M1 close back above it
2026-09-08T06:01:03.288760+00:00 KINO: dip 78472.20 official -> pending SELL on M1 close back below it
2026-09-08T06:04:04.208095+00:00 KINO: dip 78430.99 official -> pending SELL on M1 close back below it
2026-09-08T06:06:04.961277+00:00 KINO: peak 78583.64 official -> pending BUY on M1 close back above it
2026-09-08T06:08:03.616940+00:00 KINO: dip 78397.00 official -> pending SELL on M1 close back below it
2026-09-08T06:11:04.557067+00:00 KINO: peak 78609.71 official -> pending BUY on M1 close back above it
2026-09-08T06:14:03.400164+00:00 KINO: dip 78465.26 official -> pending SELL on M1 close back below it
2026-09-08T06:18:04.700912+00:00 KINO: peak 78612.78 official -> pending BUY on M1 close back above it
2026-09-08T06:20:04.897761+00:00 collecting: chest $1.54 of $5.41 needed for the 0.03 fighter - small page instead
2026-09-08T06:20:05.464360+00:00 KINO skipped: burst confirmation (70pts >= ATR 63) - calm entries only
2026-09-08T06:21:05.074850+00:00 collecting: chest $1.54 of $5.18 needed for the 0.03 fighter - small page instead
2026-09-08T06:21:22.521839+00:00 KINO ENTRY: SELL 0.01 @ ~78439.95 SL 78464.95 TP 78407.54 (risk $1.73, prize $0.32, return to dip, calm mkt)
2026-09-08T06:21:24.557284+00:00 ENTRY logged: SELL 0.01 @ 78452.1 ticket 133444878
2026-09-08T06:21:30.629932+00:00 EXIT logged: ticket 133444878 sl profit -0.13 dur 0.1min
2026-09-08T06:21:30.632793+00:00 KINO tracker reset - clean chart
2026-09-08T06:21:30.634802+00:00 DEBT BOOK +0.13 -> $10.67 owed
2026-09-08T06:24:03.527237+00:00 SHADOW ENTRY: recipe fired -> would SELL @ ~78411.65 (setup 78426.71)
2026-09-08T06:39:03.728091+00:00 KINO: dip 78327.69 official -> pending SELL on M1 close back below it
2026-09-08T06:45:03.353079+00:00 KINO: dip 78337.04 official -> pending SELL on M1 close back below it
2026-09-08T06:49:04.573403+00:00 KINO: peak 78468.98 official -> pending BUY on M1 close back above it
2026-09-08T06:50:04.111537+00:00 collecting: chest $1.54 of $3.67 needed for the 0.03 fighter - small page instead
2026-09-08T06:50:05.225796+00:00 KINO ENTRY: SELL 0.01 @ ~78346.56 SL 78371.56 TP 78323.61 (risk $1.22, prize $0.23, return to dip, calm mkt)
2026-09-08T06:50:07.271076+00:00 ENTRY logged: SELL 0.01 @ 78345.47 ticket 133455030
2026-09-08T06:50:26.692382+00:00 KINO 40% LOCK: 133455030 wall moved to entry
2026-09-08T06:50:34.757812+00:00 EXIT logged: ticket 133455030 sl profit 0.0 dur 0.5min
2026-09-08T06:50:34.759944+00:00 KINO tracker reset - clean chart
2026-09-08T06:56:03.458049+00:00 KINO: dip 78227.94 official -> pending SELL on M1 close back below it
2026-09-08T07:03:03.707712+00:00 KINO: peak 78359.73 official -> pending BUY on M1 close back above it
2026-09-08T07:06:04.833109+00:00 KINO: dip 78271.95 official -> pending SELL on M1 close back below it
2026-09-08T07:07:03.151836+00:00 KINO: confirmation ran 33pts past 78359.73 - NOT chasing; BUY only on a retest
2026-09-08T07:08:03.436688+00:00 KINO: retest of 78359.73 - entering the missed BUY properly
2026-09-08T07:08:03.441554+00:00 collecting: chest $1.54 of $3.82 needed for the 0.03 fighter - small page instead
2026-09-08T07:08:04.670798+00:00 KINO ENTRY: BUY 0.01 @ ~78399.45 SL 78374.45 TP 78423.36 (risk $1.28, prize $0.24, return to peak, calm mkt)
2026-09-08T07:08:06.684776+00:00 ENTRY logged: BUY 0.01 @ 78399.45 ticket 133460491
2026-09-08T07:08:28.841393+00:00 EXIT logged: ticket 133460491 sl profit -0.29 dur 0.4min
2026-09-08T07:08:28.841799+00:00 KINO tracker reset - clean chart
2026-09-08T07:08:28.844800+00:00 DEBT BOOK +0.29 -> $10.96 owed
2026-09-08T07:16:03.365660+00:00 SHADOW ENTRY: recipe fired -> would SELL @ ~78363.21 (setup 78379.02)
2026-09-08T07:17:03.689997+00:00 KINO: dip 78349.10 official -> pending SELL on M1 close back below it
2026-09-08T07:30:04.471860+00:00 KINO: peak 78499.15 official -> pending BUY on M1 close back above it
2026-09-08T07:36:04.223359+00:00 KINO: dip 78407.24 official -> pending SELL on M1 close back below it
2026-09-08T07:37:04.537532+00:00 collecting: chest $1.54 of $3.03 needed for the 0.03 fighter - small page instead
2026-09-08T07:37:04.540069+00:00 TRADING PAUSED by the account owner (app switch) - no new positions
2026-09-08T07:37:04.540405+00:00 KINO entry FAILED retcode=None
2026-09-08T07:38:04.887000+00:00 collecting: chest $1.54 of $3.29 needed for the 0.03 fighter - small page instead
2026-09-08T07:38:04.888145+00:00 KINO entry FAILED retcode=None
2026-09-08T07:39:05.156569+00:00 KINO: peak 78520.99 official -> pending BUY on M1 close back above it
2026-09-08T07:41:03.690174+00:00 KINO: confirmation ran 22pts past 78520.99 - NOT chasing; BUY only on a retest
2026-09-08T07:42:03.950208+00:00 KINO: peak 78573.53 official -> pending BUY on M1 close back above it
2026-09-08T07:46:05.205264+00:00 KINO: confirmation ran 61pts past 78407.24 - NOT chasing; SELL only on a retest
2026-09-08T07:53:03.852271+00:00 KINO: dip 78143.76 official -> pending SELL on M1 close back below it
2026-09-08T07:54:14.601991+00:00 OWL starting (TP+recovery manager, trade scribe)
2026-09-08T07:54:14.618147+00:00 WAR-CHEST mode ON: book $10.96, chest $1.54, next fighter 0.03
2026-09-08T08:01:05.132913+00:00 KINO: peak 78451.95 official -> pending BUY on M1 close back above it
2026-09-08T08:06:05.173205+00:00 KINO: dip 78250.24 official -> pending SELL on M1 close back below it
2026-09-08T08:09:04.388595+00:00 KINO: peak 78415.55 official -> pending BUY on M1 close back above it
2026-09-08T08:16:04.747495+00:00 KINO: peak 78391.29 official -> pending BUY on M1 close back above it
2026-09-08T08:24:04.032529+00:00 KINO: dip 78277.91 official -> pending SELL on M1 close back below it
2026-09-08T08:31:04.511226+00:00 KINO: peak 78480.79 official -> pending BUY on M1 close back above it
2026-09-08T08:32:04.927870+00:00 KINO: dip 78412.74 official -> pending SELL on M1 close back below it
2026-09-08T08:47:01.370126+00:00 KINO: dip 78472.76 official -> pending SELL on M1 close back below it
2026-09-08T08:48:02.990306+00:00 KINO: peak 78561.30 official -> pending BUY on M1 close back above it
2026-09-08T08:49:01.499509+00:00 SHADOW ENTRY: recipe fired -> would SELL @ ~78467.68 (setup 78486.85)
2026-09-08T08:57:01.456288+00:00 KINO: dip 78339.25 official -> pending SELL on M1 close back below it
2026-09-08T08:59:02.397489+00:00 KINO: peak 78427.01 official -> pending BUY on M1 close back above it
2026-09-08T09:06:01.235414+00:00 KINO: peak 78418.04 official -> pending BUY on M1 close back above it
2026-09-08T09:13:02.434620+00:00 KINO: dip 78302.22 official -> pending SELL on M1 close back below it
2026-09-08T09:17:01.451243+00:00 KINO: peak 78479.03 official -> pending BUY on M1 close back above it
2026-09-08T09:20:00.297863+00:00 KINO: peak 78462.58 official -> pending BUY on M1 close back above it
2026-09-08T09:33:02.085734+00:00 KINO: confirmation ran 56pts past 78462.58 - NOT chasing; BUY only on a retest
2026-09-08T09:52:02.030881+00:00 KINO: peak 78774.31 official -> pending BUY on M1 close back above it
2026-09-08T09:56:03.029241+00:00 KINO: dip 78702.05 official -> pending SELL on M1 close back below it
2026-09-08T10:01:02.259282+00:00 KINO: peak 78751.80 official -> pending BUY on M1 close back above it
2026-09-08T10:02:02.521574+00:00 KINO: confirmation ran 44pts past 78702.05 - NOT chasing; SELL only on a retest
2026-09-08T10:03:02.748163+00:00 KINO: dip 78641.28 official -> pending SELL on M1 close back below it
2026-09-08T10:09:13.391310+00:00 KINO: peak 78736.14 official -> pending BUY on M1 close back above it
2026-09-08T10:27:01.587009+00:00 KINO: peak 78976.57 official -> pending BUY on M1 close back above it
2026-09-08T10:27:01.594545+00:00 SHADOW ENTRY: recipe fired -> would SELL @ ~78800.74 (setup 78838.44)
2026-09-08T10:44:00.827294+00:00 KINO: peak 78673.09 official -> pending BUY on M1 close back above it
2026-09-08T10:49:02.240381+00:00 KINO: dip 78622.82 official -> pending SELL on M1 close back below it
2026-09-08T11:04:00.664928+00:00 SHADOW ENTRY: recipe fired -> would SELL @ ~78474.54 (setup 78517.13)
2026-09-08T11:17:01.873660+00:00 KINO: dip 78261.99 official -> pending SELL on M1 close back below it
2026-09-08T11:22:01.355144+00:00 KINO: peak 78409.63 official -> pending BUY on M1 close back above it
2026-09-08T11:27:00.826154+00:00 KINO: peak 78458.83 official -> pending BUY on M1 close back above it
2026-09-08T11:30:01.681543+00:00 KINO: peak 78448.43 official -> pending BUY on M1 close back above it
2026-09-08T11:32:02.311350+00:00 KINO: dip 78365.15 official -> pending SELL on M1 close back below it
2026-09-08T11:39:02.402106+00:00 KINO: peak 78471.14 official -> pending BUY on M1 close back above it
2026-09-08T11:42:01.394385+00:00 KINO: dip 78388.48 official -> pending SELL on M1 close back below it
2026-09-08T11:47:02.033964+00:00 KINO: confirmation ran 28pts past 78388.48 - NOT chasing; SELL only on a retest
2026-09-08T11:48:02.330049+00:00 KINO: retest of 78388.48 - entering the missed SELL properly
2026-09-08T11:50:02.806533+00:00 KINO: dip 78352.63 official -> pending SELL on M1 close back below it
2026-09-08T11:55:02.680662+00:00 KINO: peak 78425.60 official -> pending BUY on M1 close back above it
2026-09-08T12:01:01.542765+00:00 KINO: peak 78439.17 official -> pending BUY on M1 close back above it
2026-09-08T12:06:02.430008+00:00 KINO: dip 78195.70 official -> pending SELL on M1 close back below it
2026-09-08T12:16:01.868795+00:00 KINO: dip 78182.65 official -> pending SELL on M1 close back below it
2026-09-08T12:21:01.660677+00:00 KINO: dip 78190.65 official -> pending SELL on M1 close back below it
2026-09-08T12:29:01.500452+00:00 KINO: peak 78320.82 official -> pending BUY on M1 close back above it
2026-09-08T12:30:01.825808+00:00 KINO: confirmation ran 22pts past 78320.82 - NOT chasing; BUY only on a retest
2026-09-08T12:31:02.244488+00:00 KINO: retest of 78320.82 - entering the missed BUY properly
2026-09-08T12:35:01.445499+00:00 KINO: peak 78425.12 official -> pending BUY on M1 close back above it
2026-09-08T13:00:01.232814+00:00 KINO: dip 78368.38 official -> pending SELL on M1 close back below it
2026-09-08T13:09:02.719204+00:00 KINO: peak 78513.86 official -> pending BUY on M1 close back above it
2026-09-08T13:12:01.781985+00:00 KINO: dip 78410.43 official -> pending SELL on M1 close back below it
2026-09-08T13:14:02.493457+00:00 KINO: peak 78484.30 official -> pending BUY on M1 close back above it
2026-09-08T13:14:02.493937+00:00 SHADOW ENTRY: recipe fired -> would SELL @ ~78419.08 (setup 78419.92)
2026-09-08T13:27:02.515467+00:00 KINO: dip 78270.20 official -> pending SELL on M1 close back below it
2026-09-08T13:32:02.794183+00:00 KINO: confirmation ran 97pts past 78270.20 - NOT chasing; SELL only on a retest
2026-09-08T13:45:02.132026+00:00 KINO: dip 77648.69 official -> pending SELL on M1 close back below it
2026-09-08T13:51:02.651841+00:00 KINO: peak 77915.78 official -> pending BUY on M1 close back above it
2026-09-08T13:54:01.799816+00:00 KINO: dip 77591.31 official -> pending SELL on M1 close back below it
2026-09-08T13:59:01.513203+00:00 KINO: peak 78061.10 official -> pending BUY on M1 close back above it
2026-09-08T14:02:02.986623+00:00 KINO: peak 78007.30 official -> pending BUY on M1 close back above it
2026-09-08T14:27:02.840390+00:00 KINO: peak 78356.52 official -> pending BUY on M1 close back above it
2026-09-08T14:36:02.272998+00:00 KINO: peak 78392.33 official -> pending BUY on M1 close back above it
2026-09-08T14:40:01.996492+00:00 KINO: peak 78378.11 official -> pending BUY on M1 close back above it
2026-09-08T14:42:02.923000+00:00 KINO: dip 78243.16 official -> pending SELL on M1 close back below it
2026-09-08T14:52:03.106963+00:00 KINO: peak 78605.94 official -> pending BUY on M1 close back above it
2026-09-08T14:58:01.575385+00:00 KINO: dip 78422.80 official -> pending SELL on M1 close back below it
2026-09-08T15:05:38.583644+00:00 KINO: peak 78644.95 official -> pending BUY on M1 close back above it
2026-09-08T15:08:01.735984+00:00 KINO: dip 78445.44 official -> pending SELL on M1 close back below it
2026-09-08T15:19:03.480246+00:00 KINO: peak 78695.86 official -> pending BUY on M1 close back above it
2026-09-08T15:25:02.511038+00:00 KINO: dip 78447.83 official -> pending SELL on M1 close back below it
2026-09-08T15:30:02.364902+00:00 SHADOW ENTRY: recipe fired -> would SELL @ ~78438.59 (setup 78443.52)
2026-09-08T15:32:03.154449+00:00 KINO: dip 78429.15 official -> pending SELL on M1 close back below it
2026-09-08T15:43:03.160941+00:00 KINO: dip 78565.77 official -> pending SELL on M1 close back below it
2026-09-08T15:46:02.143532+00:00 KINO: peak 78764.69 official -> pending BUY on M1 close back above it
2026-09-08T15:52:15.334219+00:00 KINO: confirmation ran 80pts past 78764.69 - NOT chasing; BUY only on a retest
2026-09-08T15:54:02.721561+00:00 KINO: retest of 78764.69 - entering the missed BUY properly
2026-09-08T15:55:04.222501+00:00 KINO: dip 78733.32 official -> pending SELL on M1 close back below it
2026-09-08T16:00:01.716263+00:00 CLOCKS DIVERGED: H4 and D1 disagree again - no new runner candidates
2026-09-08T16:01:02.106649+00:00 KINO: peak 78894.76 official -> pending BUY on M1 close back above it
2026-09-08T16:05:01.531921+00:00 KINO: dip 78726.94 official -> pending SELL on M1 close back below it
2026-09-08T16:10:01.471579+00:00 KINO: peak 78824.24 official -> pending BUY on M1 close back above it
2026-09-08T16:16:01.771708+00:00 KINO: peak 78651.55 official -> pending BUY on M1 close back above it
2026-09-08T16:19:02.714269+00:00 KINO: dip 78561.16 official -> pending SELL on M1 close back below it
2026-09-08T16:21:02.587761+00:00 KINO: peak 78669.28 official -> pending BUY on M1 close back above it
2026-09-08T16:22:02.895957+00:00 KINO: dip 78560.58 official -> pending SELL on M1 close back below it
2026-09-08T16:30:02.428211+00:00 KINO: peak 78678.53 official -> pending BUY on M1 close back above it
2026-09-08T16:32:03.241039+00:00 KINO: dip 78602.88 official -> pending SELL on M1 close back below it
2026-09-08T16:35:02.089563+00:00 KINO: peak 78702.57 official -> pending BUY on M1 close back above it
2026-09-08T16:38:03.035446+00:00 KINO: confirmation ran 82pts past 78702.57 - NOT chasing; BUY only on a retest
2026-09-08T16:43:02.570056+00:00 KINO: peak 78966.64 official -> pending BUY on M1 close back above it
2026-09-08T16:51:01.439959+00:00 KINO: dip 78756.03 official -> pending SELL on M1 close back below it
2026-09-08T16:53:01.930941+00:00 KINO: peak 78870.41 official -> pending BUY on M1 close back above it
2026-09-08T17:01:02.214873+00:00 KINO: dip 78636.40 official -> pending SELL on M1 close back below it
2026-09-08T17:06:01.969120+00:00 KINO: peak 78851.82 official -> pending BUY on M1 close back above it
2026-09-08T17:12:02.082008+00:00 KINO: dip 78650.80 official -> pending SELL on M1 close back below it
2026-09-08T17:19:03.273479+00:00 KINO: confirmation ran 26pts past 78650.80 - NOT chasing; SELL only on a retest
2026-09-08T17:20:01.404507+00:00 KINO: retest of 78650.80 - entering the missed SELL properly
2026-09-08T17:28:03.581401+00:00 KINO: dip 78527.97 official -> pending SELL on M1 close back below it
2026-09-08T17:32:02.676514+00:00 KINO: peak 78612.27 official -> pending BUY on M1 close back above it
2026-09-08T17:34:03.180501+00:00 KINO: dip 78534.39 official -> pending SELL on M1 close back below it
2026-09-08T17:40:02.789400+00:00 KINO: peak 78654.31 official -> pending BUY on M1 close back above it
2026-09-08T17:47:03.242426+00:00 KINO: dip 78504.38 official -> pending SELL on M1 close back below it
2026-09-08T17:49:01.434178+00:00 KINO: peak 78567.93 official -> pending BUY on M1 close back above it
2026-09-08T17:52:02.292752+00:00 KINO: dip 78480.99 official -> pending SELL on M1 close back below it
2026-09-08T17:57:01.560501+00:00 KINO: peak 78632.88 official -> pending BUY on M1 close back above it
2026-09-08T18:01:02.735504+00:00 KINO: dip 78476.00 official -> pending SELL on M1 close back below it
2026-09-08T18:04:03.981383+00:00 KINO: peak 78561.06 official -> pending BUY on M1 close back above it
2026-09-08T18:06:02.242323+00:00 KINO: dip 78495.99 official -> pending SELL on M1 close back below it
2026-09-08T18:12:03.365391+00:00 KINO: peak 78713.91 official -> pending BUY on M1 close back above it
2026-09-08T18:15:02.347117+00:00 KINO: dip 78624.01 official -> pending SELL on M1 close back below it
2026-09-08T18:26:02.404675+00:00 KINO: peak 78808.66 official -> pending BUY on M1 close back above it
2026-09-08T18:31:02.718719+00:00 KINO: dip 78690.88 official -> pending SELL on M1 close back below it
2026-09-08T18:35:02.412930+00:00 KINO: peak 78758.64 official -> pending BUY on M1 close back above it
2026-09-08T18:36:02.820822+00:00 KINO: confirmation ran 43pts past 78690.88 - NOT chasing; SELL only on a retest
2026-09-08T18:46:02.818506+00:00 KINO: dip 78555.18 official -> pending SELL on M1 close back below it
2026-09-08T18:48:03.545938+00:00 KINO: peak 78640.67 official -> pending BUY on M1 close back above it
2026-09-08T18:48:03.545938+00:00 KINO: confirmation ran 37pts past 78555.18 - NOT chasing; SELL only on a retest
2026-09-08T18:51:02.819985+00:00 KINO: dip 78297.56 official -> pending SELL on M1 close back below it
2026-09-08T18:54:01.998834+00:00 KINO: dip 78255.42 official -> pending SELL on M1 close back below it
2026-09-08T19:06:02.017513+00:00 KINO: peak 78510.94 official -> pending BUY on M1 close back above it
2026-09-08T19:13:03.715564+00:00 KINO: dip 78404.30 official -> pending SELL on M1 close back below it
2026-09-08T19:18:04.124464+00:00 KINO: peak 78517.83 official -> pending BUY on M1 close back above it
2026-09-08T19:26:36.462539+00:00 DEPOSIT detected: +3.00 -> Squirrel target auto-raised 553.80 -> 556.80 (deposits are floor, not progress)
2026-09-08T19:28:03.338078+00:00 KINO: dip 78323.92 official -> pending SELL on M1 close back below it
2026-09-08T19:32:39.676143+00:00 REST: dropped below hard floor 100 - real trading paused, ghosts must re-prove the weather
2026-09-08T19:32:39.678771+00:00 WITHDRAWAL detected: -200.00 (ladder handled by assistant)
2026-09-08T19:34:02.977643+00:00 KINO: peak 78509.14 official -> pending BUY on M1 close back above it
2026-09-08T19:35:03.392015+00:00 KINO: dip 78324.48 official -> pending SELL on M1 close back below it
2026-09-08T19:38:02.462705+00:00 KINO: dip 78395.92 official -> pending SELL on M1 close back below it
2026-09-08T19:42:03.228473+00:00 KINO: peak 78510.34 official -> pending BUY on M1 close back above it
2026-09-08T19:49:03.475456+00:00 KINO: dip 78315.01 official -> pending SELL on M1 close back below it
2026-09-08T19:51:02.320063+00:00 KINO: peak 78404.42 official -> pending BUY on M1 close back above it
2026-09-08T20:16:03.347538+00:00 KINO: peak 78610.76 official -> pending BUY on M1 close back above it
2026-09-08T20:28:01.900536+00:00 KINO: dip 78438.75 official -> pending SELL on M1 close back below it
2026-09-08T20:31:02.497523+00:00 KINO: peak 78603.21 official -> pending BUY on M1 close back above it
2026-09-08T20:37:03.575131+00:00 KINO: dip 78409.00 official -> pending SELL on M1 close back below it
2026-09-08T20:41:02.222536+00:00 KINO: peak 78546.25 official -> pending BUY on M1 close back above it
2026-09-08T20:43:05.231039+00:00 KINO: dip 78471.39 official -> pending SELL on M1 close back below it
2026-09-08T20:50:03.706738+00:00 KINO: peak 78552.23 official -> pending BUY on M1 close back above it
2026-09-08T20:53:02.965992+00:00 KINO: dip 78480.97 official -> pending SELL on M1 close back below it
2026-09-08T20:55:11.451308+00:00 KINO: peak 78560.28 official -> pending BUY on M1 close back above it
2026-09-08T21:00:03.876055+00:00 KINO: peak 78515.14 official -> pending BUY on M1 close back above it
2026-09-08T21:03:02.290059+00:00 KINO: confirmation ran 49pts past 78515.14 - NOT chasing; BUY only on a retest
2026-09-08T21:04:02.432538+00:00 KINO: retest of 78515.14 - entering the missed BUY properly
2026-09-08T21:14:02.854707+00:00 KINO: peak 78555.60 official -> pending BUY on M1 close back above it
2026-09-08T21:18:03.477462+00:00 KINO: peak 78564.86 official -> pending BUY on M1 close back above it
2026-09-08T21:29:03.086572+00:00 KINO: peak 78617.92 official -> pending BUY on M1 close back above it
2026-09-08T21:40:02.035766+00:00 KINO: dip 78459.39 official -> pending SELL on M1 close back below it
2026-09-08T21:46:02.946827+00:00 KINO: peak 78557.77 official -> pending BUY on M1 close back above it
2026-09-08T21:51:03.747269+00:00 KINO: peak 78528.23 official -> pending BUY on M1 close back above it
2026-09-08T21:56:02.624996+00:00 KINO: dip 78383.96 official -> pending SELL on M1 close back below it
2026-09-08T21:58:02.923325+00:00 KINO: peak 78454.70 official -> pending BUY on M1 close back above it
2026-09-08T22:07:04.364380+00:00 KINO: peak 78661.48 official -> pending BUY on M1 close back above it
2026-09-08T22:14:03.562738+00:00 KINO: dip 78437.05 official -> pending SELL on M1 close back below it
2026-09-08T22:20:02.613082+00:00 KINO: peak 78516.81 official -> pending BUY on M1 close back above it
2026-09-08T22:21:02.787687+00:00 KINO: dip 78450.10 official -> pending SELL on M1 close back below it
2026-09-08T22:22:02.973037+00:00 KINO: confirmation ran 31pts past 78516.81 - NOT chasing; BUY only on a retest
2026-09-08T22:23:43.629822+00:00 KINO: retest of 78516.81 - entering the missed BUY properly
2026-09-08T22:26:04.143274+00:00 KINO: peak 78565.41 official -> pending BUY on M1 close back above it
2026-09-08T22:38:04.191236+00:00 KINO: dip 78449.67 official -> pending SELL on M1 close back below it
2026-09-08T22:39:04.354614+00:00 KINO: peak 78500.62 official -> pending BUY on M1 close back above it
2026-09-08T22:47:02.248882+00:00 KINO: dip 78471.08 official -> pending SELL on M1 close back below it
2026-09-08T22:57:03.890229+00:00 KINO: peak 78567.73 official -> pending BUY on M1 close back above it
2026-09-08T23:04:02.976958+00:00 KINO: peak 78563.82 official -> pending BUY on M1 close back above it
2026-09-08T23:13:02.213241+00:00 KINO: dip 78450.32 official -> pending SELL on M1 close back below it
2026-09-08T23:23:04.116765+00:00 KINO: dip 78428.74 official -> pending SELL on M1 close back below it
2026-09-08T23:29:03.218012+00:00 KINO: dip 78410.87 official -> pending SELL on M1 close back below it
2026-09-08T23:32:03.944450+00:00 KINO: dip 78437.58 official -> pending SELL on M1 close back below it
2026-09-08T23:37:02.796949+00:00 KINO: peak 78457.69 official -> pending BUY on M1 close back above it
2026-09-08T23:53:11.671104+00:00 KINO: dip 78411.30 official -> pending SELL on M1 close back below it
2026-09-08T23:58:03.594030+00:00 KINO: dip 78392.26 official -> pending SELL on M1 close back below it
2026-09-09T00:16:02.735039+00:00 KINO: peak 78725.31 official -> pending BUY on M1 close back above it
2026-09-09T00:18:03.295117+00:00 KINO: dip 78620.27 official -> pending SELL on M1 close back below it
2026-09-09T00:22:02.474358+00:00 KINO: peak 78742.15 official -> pending BUY on M1 close back above it
2026-09-09T00:29:02.909954+00:00 KINO: dip 78586.20 official -> pending SELL on M1 close back below it
2026-09-09T00:32:04.160247+00:00 KINO: peak 78631.34 official -> pending BUY on M1 close back above it
2026-09-09T00:35:02.952754+00:00 KINO: dip 78569.32 official -> pending SELL on M1 close back below it
2026-09-09T00:36:03.244598+00:00 KINO: peak 78623.22 official -> pending BUY on M1 close back above it
2026-09-09T00:38:03.716172+00:00 KINO: dip 78554.63 official -> pending SELL on M1 close back below it
2026-09-09T00:41:04.481572+00:00 KINO: peak 78655.38 official -> pending BUY on M1 close back above it
2026-09-09T00:43:14.387733+00:00 KINO: dip 78596.25 official -> pending SELL on M1 close back below it
2026-09-09T00:49:02.873829+00:00 KINO: peak 78750.43 official -> pending BUY on M1 close back above it
2026-09-09T00:53:03.869807+00:00 KINO: peak 78775.45 official -> pending BUY on M1 close back above it
2026-09-09T00:54:04.123700+00:00 KINO: dip 78709.88 official -> pending SELL on M1 close back below it
2026-09-09T01:01:03.906645+00:00 KINO: peak 78789.88 official -> pending BUY on M1 close back above it
2026-09-09T01:06:03.840085+00:00 KINO: dip 78687.92 official -> pending SELL on M1 close back below it
2026-09-09T01:14:03.637339+00:00 KINO: peak 78863.30 official -> pending BUY on M1 close back above it
2026-09-09T01:21:03.393521+00:00 KINO: dip 78621.82 official -> pending SELL on M1 close back below it
2026-09-09T01:33:02.849301+00:00 KINO: dip 78688.52 official -> pending SELL on M1 close back below it
2026-09-09T01:42:02.793207+00:00 KINO: peak 78872.22 official -> pending BUY on M1 close back above it
2026-09-09T01:44:03.272773+00:00 KINO: dip 78789.56 official -> pending SELL on M1 close back below it
2026-09-09T01:53:03.832045+00:00 KINO: peak 78874.35 official -> pending BUY on M1 close back above it
2026-09-09T01:54:04.042591+00:00 KINO: dip 78805.63 official -> pending SELL on M1 close back below it
2026-09-09T01:57:02.584236+00:00 KINO: dip 78835.35 official -> pending SELL on M1 close back below it
2026-09-09T01:59:03.088965+00:00 KINO: peak 78889.02 official -> pending BUY on M1 close back above it
2026-09-09T02:04:04.515066+00:00 KINO: peak 78912.12 official -> pending BUY on M1 close back above it
2026-09-09T02:07:03.206514+00:00 KINO: dip 78827.76 official -> pending SELL on M1 close back below it
2026-09-09T02:19:02.638883+00:00 KINO: dip 78676.38 official -> pending SELL on M1 close back below it
2026-09-09T02:23:03.579770+00:00 KINO: dip 78693.47 official -> pending SELL on M1 close back below it
2026-09-09T02:26:02.290519+00:00 KINO: peak 78827.30 official -> pending BUY on M1 close back above it
2026-09-09T02:34:03.319759+00:00 KINO: peak 78835.20 official -> pending BUY on M1 close back above it
2026-09-09T02:38:02.256725+00:00 KINO: dip 78738.67 official -> pending SELL on M1 close back below it
2026-09-09T02:50:03.224321+00:00 KINO: peak 78800.03 official -> pending BUY on M1 close back above it
2026-09-09T02:53:03.960941+00:00 KINO: dip 78752.16 official -> pending SELL on M1 close back below it
2026-09-09T02:56:04.149462+00:00 KINO: peak 78800.47 official -> pending BUY on M1 close back above it
2026-09-09T03:07:05.002070+00:00 KINO: dip 78659.27 official -> pending SELL on M1 close back below it
2026-09-09T03:08:03.213814+00:00 KINO: peak 78703.62 official -> pending BUY on M1 close back above it
2026-09-09T03:18:03.077044+00:00 KINO: dip 78567.22 official -> pending SELL on M1 close back below it
2026-09-09T03:20:03.539425+00:00 KINO: peak 78621.33 official -> pending BUY on M1 close back above it
2026-09-09T03:27:03.267290+00:00 KINO: confirmation ran 36pts past 78567.22 - NOT chasing; SELL only on a retest
2026-09-09T03:28:03.538964+00:00 KINO: retest of 78567.22 - entering the missed SELL properly
2026-09-09T03:31:03.137988+00:00 KINO: dip 78529.00 official -> pending SELL on M1 close back below it
2026-09-09T03:49:03.494484+00:00 KINO: peak 78673.87 official -> pending BUY on M1 close back above it
2026-09-09T03:53:04.256699+00:00 KINO: dip 78584.80 official -> pending SELL on M1 close back below it
2026-09-09T03:57:02.908690+00:00 KINO: peak 78643.85 official -> pending BUY on M1 close back above it
2026-09-09T03:58:03.049510+00:00 KINO: dip 78593.71 official -> pending SELL on M1 close back below it
2026-09-09T04:01:04.381378+00:00 KINO: confirmation ran 124pts past 78643.85 - NOT chasing; BUY only on a retest
2026-09-09T04:08:02.961580+00:00 KINO: peak 78931.71 official -> pending BUY on M1 close back above it
2026-09-09T04:12:03.201616+00:00 KINO: dip 78730.91 official -> pending SELL on M1 close back below it
2026-09-09T04:17:04.623361+00:00 KINO: peak 78825.09 official -> pending BUY on M1 close back above it
2026-09-09T04:19:02.950912+00:00 KINO: dip 78759.33 official -> pending SELL on M1 close back below it
2026-09-09T04:22:21.144619+00:00 KINO: dip 78786.56 official -> pending SELL on M1 close back below it
2026-09-09T04:23:03.842994+00:00 KINO: confirmation ran 33pts past 78825.09 - NOT chasing; BUY only on a retest
2026-09-09T04:29:04.979692+00:00 KINO: dip 78865.48 official -> pending SELL on M1 close back below it
2026-09-09T04:30:04.305070+00:00 KINO: peak 78932.22 official -> pending BUY on M1 close back above it
2026-09-09T04:37:59.193259+00:00 KINO: dip 78851.46 official -> pending SELL on M1 close back below it
2026-09-09T04:43:52.152730+00:00 PAPER RUNNER BE-stopped: total +1.55 (virtual). Ledger: -12.93 over 2 attempts
2026-09-09T04:44:04.192242+00:00 KINO: confirmation ran 232pts past 78932.22 - NOT chasing; BUY only on a retest
2026-09-09T04:47:14.566600+00:00 KINO: peak 79198.06 official -> pending BUY on M1 close back above it
2026-09-09T05:01:03.530044+00:00 KINO: peak 79185.19 official -> pending BUY on M1 close back above it
2026-09-09T05:05:02.805584+00:00 KINO: dip 79032.97 official -> pending SELL on M1 close back below it
2026-09-09T05:15:03.886165+00:00 KINO: confirmation ran 68pts past 79185.19 - NOT chasing; BUY only on a retest
2026-09-09T05:19:05.295178+00:00 KINO: peak 79355.58 official -> pending BUY on M1 close back above it
2026-09-09T05:36:03.554025+00:00 KINO: peak 79020.65 official -> pending BUY on M1 close back above it
2026-09-09T05:37:03.945211+00:00 KINO: dip 78932.89 official -> pending SELL on M1 close back below it
2026-09-09T05:53:04.979805+00:00 KINO: dip 78825.32 official -> pending SELL on M1 close back below it
2026-09-09T05:58:04.225434+00:00 KINO: peak 78951.05 official -> pending BUY on M1 close back above it
2026-09-09T06:06:02.865999+00:00 KINO: dip 78838.56 official -> pending SELL on M1 close back below it
2026-09-09T06:25:04.618966+00:00 KINO: peak 79273.42 official -> pending BUY on M1 close back above it
2026-09-09T06:31:04.239704+00:00 KINO: dip 79132.79 official -> pending SELL on M1 close back below it
2026-09-09T06:35:04.265707+00:00 KINO: dip 79115.12 official -> pending SELL on M1 close back below it
2026-09-09T06:40:03.993338+00:00 KINO: peak 79223.12 official -> pending BUY on M1 close back above it
2026-09-09T06:49:13.309195+00:00 KINO: peak 79181.65 official -> pending BUY on M1 close back above it
2026-09-09T06:51:03.966796+00:00 KINO: dip 79110.19 official -> pending SELL on M1 close back below it
2026-09-09T07:14:02.921292+00:00 KINO: peak 79388.93 official -> pending BUY on M1 close back above it
2026-09-09T07:22:03.571889+00:00 KINO: dip 79208.30 official -> pending SELL on M1 close back below it
2026-09-09T07:27:03.194013+00:00 KINO: peak 79286.70 official -> pending BUY on M1 close back above it
2026-09-09T07:39:03.702346+00:00 KINO: dip 79201.45 official -> pending SELL on M1 close back below it
2026-09-09T07:44:04.677881+00:00 KINO: peak 79249.93 official -> pending BUY on M1 close back above it
2026-09-09T07:44:04.678449+00:00 KINO: confirmation ran 22pts past 79201.45 - NOT chasing; SELL only on a retest
2026-09-09T07:45:04.882647+00:00 KINO: retest of 79201.45 - entering the missed SELL properly
2026-09-09T07:47:03.499050+00:00 KINO: dip 79155.49 official -> pending SELL on M1 close back below it
2026-09-09T07:50:04.168958+00:00 KINO: peak 79246.17 official -> pending BUY on M1 close back above it
2026-09-09T07:51:04.528502+00:00 KINO: dip 79175.92 official -> pending SELL on M1 close back below it
2026-09-09T07:55:04.356928+00:00 KINO: peak 79266.00 official -> pending BUY on M1 close back above it
2026-09-09T08:01:05.124180+00:00 KINO: peak 79287.70 official -> pending BUY on M1 close back above it
2026-09-09T08:02:03.368590+00:00 KINO: confirmation ran 30pts past 79287.70 - NOT chasing; BUY only on a retest
2026-09-09T08:09:04.852399+00:00 KINO: dip 79357.77 official -> pending SELL on M1 close back below it
2026-09-09T08:14:04.244784+00:00 KINO: peak 79544.21 official -> pending BUY on M1 close back above it
2026-09-09T08:16:04.799114+00:00 KINO: dip 79380.95 official -> pending SELL on M1 close back below it
2026-09-09T08:25:04.108343+00:00 KINO: peak 79612.86 official -> pending BUY on M1 close back above it
2026-09-09T08:29:04.642385+00:00 KINO: confirmation ran 41pts past 79612.86 - NOT chasing; BUY only on a retest
2026-09-09T08:30:03.041955+00:00 KINO: retest of 79612.86 - entering the missed BUY properly
2026-09-09T08:37:05.217368+00:00 KINO: peak 79754.84 official -> pending BUY on M1 close back above it
2026-09-09T08:41:04.402584+00:00 KINO: dip 79548.08 official -> pending SELL on M1 close back below it
2026-09-09T08:52:00.539406+00:00 KINO: dip 79577.77 official -> pending SELL on M1 close back below it
2026-09-09T08:59:01.722399+00:00 KINO: dip 79645.85 official -> pending SELL on M1 close back below it
2026-09-09T09:01:05.454706+00:00 KINO: peak 79706.92 official -> pending BUY on M1 close back above it
2026-09-09T09:02:01.848915+00:00 KINO: confirmation ran 21pts past 79645.85 - NOT chasing; SELL only on a retest
2026-09-09T09:03:02.165461+00:00 KINO: retest of 79645.85 - entering the missed SELL properly
2026-09-09T09:04:02.563113+00:00 KINO: dip 79602.92 official -> pending SELL on M1 close back below it
2026-09-09T09:16:02.417444+00:00 KINO: peak 79544.24 official -> pending BUY on M1 close back above it
2026-09-09T09:27:01.985071+00:00 KINO: dip 79430.46 official -> pending SELL on M1 close back below it
2026-09-09T09:45:02.141047+00:00 KINO: peak 79158.87 official -> pending BUY on M1 close back above it
2026-09-09T09:59:02.244801+00:00 KINO: dip 78877.78 official -> pending SELL on M1 close back below it
2026-09-09T10:06:02.257412+00:00 KINO: peak 79045.87 official -> pending BUY on M1 close back above it
2026-09-09T10:11:01.936146+00:00 KINO: dip 78919.64 official -> pending SELL on M1 close back below it
2026-09-09T10:20:01.649056+00:00 KINO: dip 78909.50 official -> pending SELL on M1 close back below it
2026-09-09T10:23:01.978451+00:00 KINO: peak 79119.92 official -> pending BUY on M1 close back above it
2026-09-09T10:37:01.097803+00:00 KINO: peak 79141.22 official -> pending BUY on M1 close back above it
2026-09-09T10:38:01.363760+00:00 KINO: dip 79051.54 official -> pending SELL on M1 close back below it
2026-09-09T10:41:02.483672+00:00 KINO: peak 79175.31 official -> pending BUY on M1 close back above it
2026-09-09T10:49:02.458909+00:00 KINO: dip 78979.32 official -> pending SELL on M1 close back below it
2026-09-09T10:57:01.663382+00:00 KINO: dip 78853.27 official -> pending SELL on M1 close back below it
2026-09-09T11:01:01.399799+00:00 KINO: peak 78951.22 official -> pending BUY on M1 close back above it
2026-09-09T11:09:02.342883+00:00 KINO: dip 78713.16 official -> pending SELL on M1 close back below it
2026-09-09T11:15:02.171940+00:00 KINO: peak 78904.77 official -> pending BUY on M1 close back above it
2026-09-09T11:24:03.039431+00:00 KINO: dip 78780.90 official -> pending SELL on M1 close back below it
2026-09-09T11:36:01.401250+00:00 KINO: peak 79089.20 official -> pending BUY on M1 close back above it
2026-09-09T11:44:00.660971+00:00 KINO: dip 78965.19 official -> pending SELL on M1 close back below it
2026-09-09T11:55:02.608242+00:00 KINO: peak 79364.26 official -> pending BUY on M1 close back above it
2026-09-09T11:57:01.509763+00:00 KINO: dip 79241.95 official -> pending SELL on M1 close back below it
2026-09-09T12:06:01.874342+00:00 KINO: dip 79248.50 official -> pending SELL on M1 close back below it
2026-09-09T12:12:02.530190+00:00 KINO: peak 79422.83 official -> pending BUY on M1 close back above it
2026-09-09T12:16:02.013233+00:00 KINO: dip 79346.34 official -> pending SELL on M1 close back below it
2026-09-09T12:18:10.437684+00:00 KINO: peak 79429.72 official -> pending BUY on M1 close back above it
2026-09-09T12:19:02.779605+00:00 KINO: confirmation ran 31pts past 79346.34 - NOT chasing; SELL only on a retest
2026-09-09T12:20:01.091666+00:00 KINO: retest of 79346.34 - entering the missed SELL properly
2026-09-09T12:21:01.531129+00:00 KINO: dip 79285.44 official -> pending SELL on M1 close back below it
2026-09-09T12:25:01.875093+00:00 KINO: peak 79417.02 official -> pending BUY on M1 close back above it
2026-09-09T12:30:02.061842+00:00 KINO: dip 79334.94 official -> pending SELL on M1 close back below it
2026-09-09T12:32:01.111585+00:00 KINO: confirmation ran 39pts past 79417.02 - NOT chasing; BUY only on a retest
2026-09-09T12:38:01.417960+00:00 KINO: peak 79556.49 official -> pending BUY on M1 close back above it
2026-09-09T12:40:02.193016+00:00 KINO: dip 79432.80 official -> pending SELL on M1 close back below it
2026-09-09T12:46:02.556150+00:00 KINO: dip 79476.76 official -> pending SELL on M1 close back below it
2026-09-09T12:50:03.068642+00:00 KINO: dip 79499.34 official -> pending SELL on M1 close back below it
2026-09-09T12:59:01.684994+00:00 KINO: peak 79614.78 official -> pending BUY on M1 close back above it
2026-09-09T13:05:02.318957+00:00 KINO: dip 79482.12 official -> pending SELL on M1 close back below it
2026-09-09T13:16:02.708371+00:00 KINO: peak 79515.63 official -> pending BUY on M1 close back above it
2026-09-09T13:20:02.638209+00:00 KINO: dip 79434.15 official -> pending SELL on M1 close back below it
2026-09-09T13:31:01.825757+00:00 KINO: peak 79630.92 official -> pending BUY on M1 close back above it
2026-09-09T13:33:02.857610+00:00 KINO: dip 79479.08 official -> pending SELL on M1 close back below it
2026-09-09T13:36:02.685648+00:00 KINO: peak 79670.19 official -> pending BUY on M1 close back above it
2026-09-09T13:41:03.142494+00:00 KINO: dip 79256.57 official -> pending SELL on M1 close back below it
2026-09-09T13:42:01.002717+00:00 KINO: peak 79447.71 official -> pending BUY on M1 close back above it
2026-09-09T13:43:01.599618+00:00 KINO: confirmation ran 79pts past 79256.57 - NOT chasing; SELL only on a retest
2026-09-09T13:45:01.078655+00:00 KINO: dip 79089.03 official -> pending SELL on M1 close back below it
2026-09-09T13:59:02.265443+00:00 KINO: peak 79276.58 official -> pending BUY on M1 close back above it
2026-09-09T14:05:01.076808+00:00 KINO: dip 78872.37 official -> pending SELL on M1 close back below it
2026-09-09T14:07:03.260413+00:00 KINO: peak 79192.27 official -> pending BUY on M1 close back above it
2026-09-09T14:09:30.430969+00:00 KINO: dip 78944.01 official -> pending SELL on M1 close back below it
2026-09-09T14:11:01.355469+00:00 KINO: confirmation ran 38pts past 78944.01 - NOT chasing; SELL only on a retest
2026-09-09T14:12:01.716858+00:00 KINO: retest of 78944.01 - entering the missed SELL properly
2026-09-09T14:14:02.602402+00:00 KINO: dip 78871.75 official -> pending SELL on M1 close back below it
2026-09-09T14:17:02.592313+00:00 KINO: peak 79075.96 official -> pending BUY on M1 close back above it
2026-09-09T14:22:02.692572+00:00 KINO: dip 78845.07 official -> pending SELL on M1 close back below it
2026-09-09T14:38:03.580902+00:00 KINO: peak 79395.80 official -> pending BUY on M1 close back above it
2026-09-09T14:50:02.017065+00:00 KINO: dip 78972.99 official -> pending SELL on M1 close back below it
2026-09-09T14:53:01.562338+00:00 KINO: peak 79124.23 official -> pending BUY on M1 close back above it
2026-09-09T14:59:02.267174+00:00 KINO: dip 78876.12 official -> pending SELL on M1 close back below it
2026-09-09T15:01:01.250528+00:00 KINO: confirmation ran 248pts past 79124.23 - NOT chasing; BUY only on a retest
2026-09-09T15:02:01.678473+00:00 KINO: peak 79372.01 official -> pending BUY on M1 close back above it
2026-09-09T15:16:02.890953+00:00 KINO: dip 78225.96 official -> pending SELL on M1 close back below it
2026-09-09T15:19:02.126553+00:00 KINO: peak 78612.03 official -> pending BUY on M1 close back above it
2026-09-09T15:26:01.687455+00:00 KINO: dip 78036.67 official -> pending SELL on M1 close back below it
2026-09-09T15:40:02.294098+00:00 KINO: dip 78530.22 official -> pending SELL on M1 close back below it
2026-09-09T15:43:01.699215+00:00 KINO: peak 78726.99 official -> pending BUY on M1 close back above it
2026-09-09T15:47:01.751062+00:00 KINO: dip 78561.87 official -> pending SELL on M1 close back below it
2026-09-09T15:54:02.671554+00:00 KINO: dip 78522.72 official -> pending SELL on M1 close back below it
2026-09-09T15:56:01.587757+00:00 KINO: peak 78672.88 official -> pending BUY on M1 close back above it
2026-09-09T16:00:02.316994+00:00 KINO: peak 78647.00 official -> pending BUY on M1 close back above it
2026-09-09T16:00:14.442779+00:00 CLOCKS ALIGNED: H4 and D1 both say DOWN - next SELL scalp is the runner candidate (2x0.01)
2026-09-09T16:00:14.451283+00:00 PAPER RUNNER opened: SELL 2x0.01 @ 78551.27 (virtual, no real money)
2026-09-09T16:03:01.735294+00:00 KINO: confirmation ran 41pts past 78647.00 - NOT chasing; BUY only on a retest
2026-09-09T16:07:01.686795+00:00 KINO: peak 78774.04 official -> pending BUY on M1 close back above it
2026-09-09T16:13:02.331563+00:00 KINO: dip 78465.22 official -> pending SELL on M1 close back below it
2026-09-09T16:16:01.677386+00:00 KINO: peak 78653.26 official -> pending BUY on M1 close back above it
2026-09-09T16:21:01.816792+00:00 KINO: dip 78474.30 official -> pending SELL on M1 close back below it
2026-09-09T16:23:02.502293+00:00 KINO: peak 78631.43 official -> pending BUY on M1 close back above it
2026-09-09T16:23:02.506502+00:00 SHADOW ENTRY: recipe fired -> would SELL @ ~78465.96 (setup 78474.30)
2026-09-09T16:25:03.316929+00:00 KINO: dip 78426.44 official -> pending SELL on M1 close back below it
2026-09-09T16:38:02.229622+00:00 KINO: peak 78939.68 official -> pending BUY on M1 close back above it
2026-09-09T16:45:03.233236+00:00 KINO: dip 78731.15 official -> pending SELL on M1 close back below it
2026-09-09T16:57:01.876852+00:00 KINO: dip 78706.62 official -> pending SELL on M1 close back below it
2026-09-09T17:01:01.461312+00:00 KINO: peak 78797.91 official -> pending BUY on M1 close back above it
2026-09-09T17:03:02.394534+00:00 KINO: dip 78708.38 official -> pending SELL on M1 close back below it
2026-09-09T17:06:01.645627+00:00 KINO: dip 78692.24 official -> pending SELL on M1 close back below it
2026-09-09T17:08:02.496663+00:00 KINO: peak 78799.94 official -> pending BUY on M1 close back above it
2026-09-09T17:12:02.485013+00:00 KINO: confirmation ran 34pts past 78799.94 - NOT chasing; BUY only on a retest
2026-09-09T17:13:03.644424+00:00 KINO: retest of 78799.94 - entering the missed BUY properly
2026-09-09T17:18:02.952728+00:00 KINO: peak 78899.39 official -> pending BUY on M1 close back above it
2026-09-09T17:25:01.749159+00:00 KINO: dip 78762.43 official -> pending SELL on M1 close back below it
2026-09-09T17:30:01.678936+00:00 KINO: peak 78916.31 official -> pending BUY on M1 close back above it
2026-09-09T17:35:03.596204+00:00 KINO: dip 78743.47 official -> pending SELL on M1 close back below it
2026-09-09T17:38:02.554923+00:00 KINO: peak 78850.65 official -> pending BUY on M1 close back above it
2026-09-09T17:39:02.901074+00:00 SHADOW ENTRY: recipe fired -> would SELL @ ~78741.35 (setup 78748.63)
2026-09-09T17:48:03.083515+00:00 KINO: dip 78638.02 official -> pending SELL on M1 close back below it
2026-09-09T17:54:03.162842+00:00 KINO: dip 78680.21 official -> pending SELL on M1 close back below it
2026-09-09T18:00:03.167800+00:00 KINO: peak 78801.14 official -> pending BUY on M1 close back above it
2026-09-09T18:04:02.841581+00:00 SHADOW ENTRY: recipe fired -> would SELL @ ~78726.91 (setup 78730.54)
2026-09-09T18:06:03.441888+00:00 KINO: dip 78707.76 official -> pending SELL on M1 close back below it
2026-09-09T18:18:02.851962+00:00 KINO: dip 78566.52 official -> pending SELL on M1 close back below it
2026-09-09T18:20:03.542901+00:00 KINO: peak 78615.53 official -> pending BUY on M1 close back above it
2026-09-09T18:22:02.295375+00:00 KINO: dip 78550.10 official -> pending SELL on M1 close back below it
2026-09-09T18:24:03.005275+00:00 KINO: peak 78630.22 official -> pending BUY on M1 close back above it
2026-09-09T18:28:02.176954+00:00 KINO: dip 78542.90 official -> pending SELL on M1 close back below it
2026-09-09T18:33:01.786592+00:00 KINO: peak 78612.79 official -> pending BUY on M1 close back above it
2026-09-09T18:39:03.801229+00:00 KINO: dip 78505.04 official -> pending SELL on M1 close back below it
2026-09-09T18:45:02.951103+00:00 KINO: dip 78470.50 official -> pending SELL on M1 close back below it
2026-09-09T18:52:03.027941+00:00 KINO: peak 78545.75 official -> pending BUY on M1 close back above it
2026-09-09T18:55:29.987781+00:00 PAPER RUNNER banked $1.50 (leg A TP), leg B now risk-free with BE stop @ 78546.27 (virtual)
2026-09-09T19:02:01.957446+00:00 KINO: dip 78358.10 official -> pending SELL on M1 close back below it
2026-09-09T19:03:02.265807+00:00 KINO: peak 78467.54 official -> pending BUY on M1 close back above it
2026-09-09T19:12:02.883538+00:00 KINO: dip 78311.70 official -> pending SELL on M1 close back below it
2026-09-09T19:20:02.569215+00:00 KINO: dip 78449.01 official -> pending SELL on M1 close back below it
2026-09-09T19:24:09.443890+00:00 PAPER RUNNER BE-stopped: total +1.55 (virtual). Ledger: -11.38 over 3 attempts
2026-09-09T19:28:03.483236+00:00 KINO: peak 78572.65 official -> pending BUY on M1 close back above it
2026-09-09T19:33:02.808912+00:00 KINO: dip 78477.55 official -> pending SELL on M1 close back below it
2026-09-09T19:34:02.991437+00:00 SHADOW ENTRY: recipe fired -> would SELL @ ~78494.45 (setup 78504.77)
2026-09-09T19:37:01.653731+00:00 KINO: confirmation ran 44pts past 78477.55 - NOT chasing; SELL only on a retest
2026-09-09T19:50:02.425654+00:00 KINO: dip 78268.39 official -> pending SELL on M1 close back below it
2026-09-09T19:51:02.713868+00:00 KINO: peak 78324.90 official -> pending BUY on M1 close back above it
2026-09-09T19:51:02.714538+00:00 KINO: confirmation ran 33pts past 78268.39 - NOT chasing; SELL only on a retest
2026-09-09T19:53:02.941985+00:00 KINO: retest of 78268.39 - entering the missed SELL properly
2026-09-09T19:55:03.437079+00:00 KINO: dip 78129.73 official -> pending SELL on M1 close back below it
2026-09-09T20:05:02.097721+00:00 KINO: peak 78265.02 official -> pending BUY on M1 close back above it
2026-09-09T20:06:02.246773+00:00 KINO: dip 78164.53 official -> pending SELL on M1 close back below it
2026-09-09T20:10:02.924829+00:00 KINO: dip 78187.20 official -> pending SELL on M1 close back below it
2026-09-09T20:14:03.574324+00:00 KINO: peak 78283.25 official -> pending BUY on M1 close back above it
2026-09-09T20:16:03.915258+00:00 KINO: dip 78211.09 official -> pending SELL on M1 close back below it
2026-09-09T20:23:15.157385+00:00 KINO: peak 78326.40 official -> pending BUY on M1 close back above it
2026-09-09T20:23:15.159394+00:00 SHADOW ENTRY: recipe fired -> would SELL @ ~78216.39 (setup 78242.22)
2026-09-09T20:28:03.448768+00:00 KINO: dip 78105.88 official -> pending SELL on M1 close back below it
2026-09-09T20:30:03.749474+00:00 KINO: peak 78226.30 official -> pending BUY on M1 close back above it
2026-09-09T20:40:03.404700+00:00 KINO: peak 78304.90 official -> pending BUY on M1 close back above it
2026-09-09T20:47:02.142586+00:00 KINO: peak 78274.11 official -> pending BUY on M1 close back above it
2026-09-09T20:51:02.888058+00:00 KINO: dip 78080.22 official -> pending SELL on M1 close back below it
2026-09-09T20:54:03.411245+00:00 KINO: peak 78239.47 official -> pending BUY on M1 close back above it
2026-09-09T21:01:08.213650+00:00 KINO: peak 78314.08 official -> pending BUY on M1 close back above it
2026-09-09T21:07:03.085785+00:00 KINO: peak 78331.19 official -> pending BUY on M1 close back above it
2026-09-09T21:11:01.761423+00:00 SHADOW ENTRY: recipe fired -> would SELL @ ~78234.40 (setup 78239.48)
2026-09-09T21:17:02.685492+00:00 KINO: peak 78233.32 official -> pending BUY on M1 close back above it
2026-09-09T21:20:03.148626+00:00 KINO: dip 78115.75 official -> pending SELL on M1 close back below it
2026-09-09T21:29:02.202931+00:00 KINO: peak 78279.69 official -> pending BUY on M1 close back above it
2026-09-09T21:38:03.504908+00:00 KINO: dip 78121.33 official -> pending SELL on M1 close back below it
2026-09-09T21:46:02.712706+00:00 KINO: peak 78258.89 official -> pending BUY on M1 close back above it
2026-09-09T21:54:02.350309+00:00 KINO: dip 77975.03 official -> pending SELL on M1 close back below it
2026-09-09T21:58:02.980455+00:00 KINO: peak 78120.88 official -> pending BUY on M1 close back above it
2026-09-09T22:03:03.939727+00:00 KINO: peak 78179.64 official -> pending BUY on M1 close back above it
2026-09-09T22:07:02.579548+00:00 SHADOW ENTRY: recipe fired -> would SELL @ ~77992.62 (setup 78019.22)
2026-09-09T22:15:03.584022+00:00 KINO: peak 77965.88 official -> pending BUY on M1 close back above it
2026-09-09T22:17:04.113348+00:00 KINO: dip 77751.81 official -> pending SELL on M1 close back below it
2026-09-09T22:23:04.010670+00:00 KINO: peak 78014.68 official -> pending BUY on M1 close back above it
2026-09-09T22:31:02.158566+00:00 KINO: peak 78043.68 official -> pending BUY on M1 close back above it
2026-09-09T22:38:03.274835+00:00 KINO: dip 77910.77 official -> pending SELL on M1 close back below it
2026-09-09T22:42:03.982992+00:00 KINO: peak 78045.19 official -> pending BUY on M1 close back above it
2026-09-09T22:50:03.875679+00:00 KINO: peak 78031.65 official -> pending BUY on M1 close back above it
2026-09-09T22:51:02.028664+00:00 KINO: dip 77975.28 official -> pending SELL on M1 close back below it
2026-09-09T23:01:03.702543+00:00 KINO: dip 77886.61 official -> pending SELL on M1 close back below it
2026-09-09T23:14:04.041924+00:00 KINO: peak 78184.30 official -> pending BUY on M1 close back above it
2026-09-09T23:15:02.179121+00:00 KINO: dip 78099.93 official -> pending SELL on M1 close back below it
2026-09-09T23:16:02.345441+00:00 SHADOW ENTRY: recipe fired -> would SELL @ ~78092.64 (setup 78099.93)
2026-09-09T23:18:04.675697+00:00 KINO: dip 78067.93 official -> pending SELL on M1 close back below it
2026-09-09T23:38:03.810468+00:00 KINO: peak 78239.94 official -> pending BUY on M1 close back above it
2026-09-09T23:40:04.162051+00:00 KINO: dip 78189.48 official -> pending SELL on M1 close back below it
2026-09-09T23:45:03.007011+00:00 KINO: dip 78186.34 official -> pending SELL on M1 close back below it
2026-09-09T23:56:03.734964+00:00 KINO: peak 78274.08 official -> pending BUY on M1 close back above it
2026-09-10T00:08:04.192441+00:00 KINO: peak 78364.91 official -> pending BUY on M1 close back above it
2026-09-10T00:11:02.858919+00:00 KINO: dip 78271.99 official -> pending SELL on M1 close back below it
2026-09-10T00:13:03.345483+00:00 KINO: peak 78355.45 official -> pending BUY on M1 close back above it
2026-09-10T00:14:03.605173+00:00 SHADOW ENTRY: recipe fired -> would SELL @ ~78262.37 (setup 78285.30)
2026-09-10T00:22:03.289183+00:00 KINO: dip 78193.38 official -> pending SELL on M1 close back below it
2026-09-10T00:28:02.991284+00:00 KINO: dip 78217.58 official -> pending SELL on M1 close back below it
2026-09-10T00:31:03.687180+00:00 KINO: peak 78315.86 official -> pending BUY on M1 close back above it
2026-09-10T00:34:02.367120+00:00 KINO: dip 78145.02 official -> pending SELL on M1 close back below it
2026-09-10T00:41:03.622883+00:00 KINO: peak 78294.32 official -> pending BUY on M1 close back above it
2026-09-10T00:47:02.880107+00:00 KINO: dip 78110.40 official -> pending SELL on M1 close back below it
2026-09-10T00:49:03.328773+00:00 KINO: peak 78240.73 official -> pending BUY on M1 close back above it
2026-09-10T00:52:04.198183+00:00 KINO: dip 78106.36 official -> pending SELL on M1 close back below it
2026-09-10T01:11:02.505576+00:00 KINO: peak 78488.10 official -> pending BUY on M1 close back above it
2026-09-10T01:17:03.968286+00:00 SHADOW ENTRY: recipe fired -> would SELL @ ~78257.43 (setup 78267.41)
2026-09-10T01:20:02.795665+00:00 KINO: dip 78131.94 official -> pending SELL on M1 close back below it
2026-09-10T01:41:04.372512+00:00 KINO: dip 77922.59 official -> pending SELL on M1 close back below it
2026-09-10T01:46:03.790032+00:00 KINO: peak 78231.51 official -> pending BUY on M1 close back above it
2026-09-10T01:48:02.520222+00:00 KINO: dip 78028.15 official -> pending SELL on M1 close back below it
2026-09-10T01:56:03.521020+00:00 KINO: dip 77957.78 official -> pending SELL on M1 close back below it
2026-09-10T02:00:04.536916+00:00 KINO: peak 78113.77 official -> pending BUY on M1 close back above it
2026-09-10T02:08:02.542835+00:00 KINO: dip 77979.76 official -> pending SELL on M1 close back below it
2026-09-10T02:09:02.887572+00:00 SHADOW ENTRY: recipe fired -> would SELL @ ~78008.35 (setup 78018.90)
2026-09-10T02:17:02.881829+00:00 KINO: peak 78036.69 official -> pending BUY on M1 close back above it
2026-09-10T02:25:02.675163+00:00 KINO: peak 78045.60 official -> pending BUY on M1 close back above it
2026-09-10T02:31:03.884544+00:00 KINO: dip 77946.05 official -> pending SELL on M1 close back below it
2026-09-10T02:51:02.756710+00:00 KINO: peak 78291.40 official -> pending BUY on M1 close back above it
2026-09-10T03:07:04.032550+00:00 KINO: peak 78536.34 official -> pending BUY on M1 close back above it
2026-09-10T03:13:04.217074+00:00 SHADOW ENTRY: recipe fired -> would SELL @ ~78371.15 (setup 78373.87)
2026-09-10T03:19:03.517344+00:00 KINO: dip 78299.04 official -> pending SELL on M1 close back below it
2026-09-10T03:20:03.683911+00:00 KINO: peak 78359.62 official -> pending BUY on M1 close back above it
2026-09-10T03:24:04.390741+00:00 KINO: peak 78371.25 official -> pending BUY on M1 close back above it
2026-09-10T03:29:03.367847+00:00 KINO: dip 78264.56 official -> pending SELL on M1 close back below it
2026-09-10T03:33:03.739563+00:00 KINO: dip 78325.01 official -> pending SELL on M1 close back below it
2026-09-10T03:35:04.139636+00:00 KINO: peak 78428.15 official -> pending BUY on M1 close back above it
2026-09-10T03:39:03.635397+00:00 KINO: peak 78351.42 official -> pending BUY on M1 close back above it
2026-09-10T03:43:04.352619+00:00 KINO: dip 78292.70 official -> pending SELL on M1 close back below it
2026-09-10T03:51:03.813130+00:00 KINO: peak 78421.18 official -> pending BUY on M1 close back above it
2026-09-10T04:00:03.510015+00:00 KINO: dip 78235.21 official -> pending SELL on M1 close back below it
2026-09-10T04:09:03.899431+00:00 KINO: peak 78377.26 official -> pending BUY on M1 close back above it
2026-09-10T04:16:04.480904+00:00 KINO: dip 78302.90 official -> pending SELL on M1 close back below it
2026-09-10T04:25:04.067623+00:00 KINO: peak 78404.00 official -> pending BUY on M1 close back above it
2026-09-10T04:36:04.013602+00:00 KINO: peak 78385.07 official -> pending BUY on M1 close back above it
2026-09-10T04:41:34.563056+00:00 SHADOW ENTRY: recipe fired -> would SELL @ ~78315.80 (setup 78324.05)
2026-09-10T04:47:04.168523+00:00 KINO: dip 78298.12 official -> pending SELL on M1 close back below it
2026-09-10T04:51:05.010778+00:00 KINO: peak 78344.73 official -> pending BUY on M1 close back above it
2026-09-10T04:53:03.349578+00:00 KINO: confirmation ran 21pts past 78298.12 - NOT chasing; SELL only on a retest
2026-09-10T04:54:03.580071+00:00 KINO: dip 78267.63 official -> pending SELL on M1 close back below it
2026-09-10T05:01:02.997636+00:00 KINO: peak 78409.40 official -> pending BUY on M1 close back above it
2026-09-10T05:11:36.391417+00:00 KINO: dip 78235.61 official -> pending SELL on M1 close back below it
2026-09-10T05:19:03.430180+00:00 KINO: peak 78465.59 official -> pending BUY on M1 close back above it
2026-09-10T05:21:03.805234+00:00 SHADOW ENTRY: recipe fired -> would SELL @ ~78335.67 (setup 78343.46)
2026-09-10T05:24:04.382456+00:00 KINO: dip 78323.14 official -> pending SELL on M1 close back below it
2026-09-10T05:29:03.388960+00:00 KINO: dip 78317.87 official -> pending SELL on M1 close back below it
2026-09-10T05:36:03.332376+00:00 KINO: dip 78438.81 official -> pending SELL on M1 close back below it
2026-09-10T05:47:03.284569+00:00 KINO: dip 78372.11 official -> pending SELL on M1 close back below it
2026-09-10T05:49:03.740106+00:00 KINO: peak 78412.31 official -> pending BUY on M1 close back above it
2026-09-10T05:53:04.749001+00:00 KINO: confirmation ran 32pts past 78412.31 - NOT chasing; BUY only on a retest
2026-09-10T06:01:02.779549+00:00 KINO: peak 78535.69 official -> pending BUY on M1 close back above it
2026-09-10T06:11:03.530354+00:00 KINO: confirmation ran 67pts past 78372.11 - NOT chasing; SELL only on a retest
2026-09-10T06:11:03.532365+00:00 SHADOW ENTRY: recipe fired -> would SELL @ ~78304.90 (setup 78390.31)
2026-09-10T06:23:03.570141+00:00 KINO: peak 78210.14 official -> pending BUY on M1 close back above it
2026-09-10T06:25:03.993397+00:00 KINO: dip 78147.80 official -> pending SELL on M1 close back below it
2026-09-10T06:29:04.858434+00:00 KINO: peak 78211.73 official -> pending BUY on M1 close back above it
2026-09-10T06:40:17.437183+00:00 KINO: dip 78125.54 official -> pending SELL on M1 close back below it
2026-09-10T06:44:11.867463+00:00 KINO: peak 78241.49 official -> pending BUY on M1 close back above it
2026-09-10T06:47:04.800716+00:00 KINO: confirmation ran 57pts past 78241.49 - NOT chasing; BUY only on a retest
2026-09-10T06:54:04.758730+00:00 KINO: peak 78500.29 official -> pending BUY on M1 close back above it
2026-09-10T06:56:04.282890+00:00 KINO: dip 78380.38 official -> pending SELL on M1 close back below it
2026-09-10T06:58:05.135241+00:00 KINO: peak 78446.70 official -> pending BUY on M1 close back above it
2026-09-10T07:01:04.291369+00:00 KINO: confirmation ran 31pts past 78380.38 - NOT chasing; SELL only on a retest
2026-09-10T07:09:04.847577+00:00 SHADOW ENTRY: recipe fired -> would SELL @ ~78129.78 (setup 78147.42)
2026-09-10T07:11:03.604011+00:00 KINO: dip 78124.57 official -> pending SELL on M1 close back below it
2026-09-10T07:21:04.254597+00:00 KINO: peak 78213.89 official -> pending BUY on M1 close back above it
2026-09-10T07:36:03.888778+00:00 KINO: dip 77877.95 official -> pending SELL on M1 close back below it
2026-09-10T08:01:03.550711+00:00 KINO: dip 78056.32 official -> pending SELL on M1 close back below it
2026-09-10T08:04:04.461732+00:00 KINO: peak 78134.48 official -> pending BUY on M1 close back above it
2026-09-10T08:13:03.370856+00:00 KINO: peak 78140.06 official -> pending BUY on M1 close back above it
2026-09-10T08:17:04.976362+00:00 KINO: dip 78004.84 official -> pending SELL on M1 close back below it
2026-09-10T08:19:03.508761+00:00 KINO: peak 78071.39 official -> pending BUY on M1 close back above it
2026-09-10T08:22:03.960343+00:00 KINO: confirmation ran 34pts past 78071.39 - NOT chasing; BUY only on a retest
2026-09-10T08:26:05.004228+00:00 KINO: peak 78146.24 official -> pending BUY on M1 close back above it
2026-09-10T08:28:03.639209+00:00 SHADOW ENTRY: recipe fired -> would SELL @ ~78078.64 (setup 78079.94)
2026-09-10T08:29:53.235426+00:00 KINO: dip 78055.80 official -> pending SELL on M1 close back below it
2026-09-10T08:35:03.297409+00:00 KINO: dip 77994.97 official -> pending SELL on M1 close back below it
2026-09-10T08:39:04.522880+00:00 KINO: peak 78130.89 official -> pending BUY on M1 close back above it
2026-09-10T08:45:04.103746+00:00 KINO: dip 78032.27 official -> pending SELL on M1 close back below it
2026-09-10T08:49:02.945191+00:00 KINO: peak 78095.10 official -> pending BUY on M1 close back above it
2026-09-10T08:52:02.314864+00:00 KINO: dip 78055.38 official -> pending SELL on M1 close back below it
2026-09-10T08:56:01.879591+00:00 KINO: peak 78150.35 official -> pending BUY on M1 close back above it
2026-09-10T09:01:01.743142+00:00 KINO: dip 78072.35 official -> pending SELL on M1 close back below it
2026-09-10T09:07:01.849133+00:00 KINO: dip 78104.99 official -> pending SELL on M1 close back below it
2026-09-10T09:09:13.393446+00:00 KINO: peak 78183.81 official -> pending BUY on M1 close back above it
2026-09-10T09:09:13.434717+00:00 SHADOW ENTRY: recipe fired -> would SELL @ ~78122.77 (setup 78124.72)
2026-09-10T09:16:37.970497+00:00 KINO: dip 78073.60 official -> pending SELL on M1 close back below it
2026-09-10T09:25:38.795440+00:00 KINO: peak 78174.71 official -> pending BUY on M1 close back above it
2026-09-10T09:28:29.435256+00:00 KINO: dip 78114.36 official -> pending SELL on M1 close back below it
2026-09-10T09:31:02.483281+00:00 KINO: peak 78204.12 official -> pending BUY on M1 close back above it
2026-09-10T09:32:00.738917+00:00 KINO: confirmation ran 43pts past 78114.36 - NOT chasing; SELL only on a retest
2026-09-10T09:35:01.371831+00:00 KINO: dip 78040.20 official -> pending SELL on M1 close back below it
2026-09-10T09:44:02.438669+00:00 KINO: dip 77889.67 official -> pending SELL on M1 close back below it
2026-09-10T09:55:01.272312+00:00 KINO: peak 77997.25 official -> pending BUY on M1 close back above it
2026-09-10T10:03:01.216908+00:00 KINO: dip 77911.16 official -> pending SELL on M1 close back below it
2026-09-10T10:05:01.752282+00:00 KINO: peak 78013.19 official -> pending BUY on M1 close back above it
2026-09-10T10:08:02.625732+00:00 KINO: peak 78010.17 official -> pending BUY on M1 close back above it
2026-09-10T10:18:01.263352+00:00 KINO: peak 77990.50 official -> pending BUY on M1 close back above it
2026-09-10T10:22:02.116979+00:00 KINO: dip 77943.73 official -> pending SELL on M1 close back below it
2026-09-10T10:24:55.690874+00:00 SHADOW ENTRY: recipe fired -> would SELL @ ~77938.44 (setup 77943.73)
2026-09-10T10:26:04.465788+00:00 KINO: dip 77892.18 official -> pending SELL on M1 close back below it
2026-09-10T10:31:01.643096+00:00 KINO: peak 77958.63 official -> pending BUY on M1 close back above it
2026-09-10T10:37:01.190108+00:00 KINO: dip 77786.23 official -> pending SELL on M1 close back below it
2026-09-10T10:44:01.445761+00:00 KINO: peak 78021.29 official -> pending BUY on M1 close back above it
2026-09-10T10:57:02.161786+00:00 KINO: dip 77849.07 official -> pending SELL on M1 close back below it
2026-09-10T11:04:01.723367+00:00 KINO: dip 77737.76 official -> pending SELL on M1 close back below it
2026-09-10T11:05:02.083978+00:00 SHADOW ENTRY: recipe fired -> would SELL @ ~77714.61 (setup 77737.76)
2026-09-10T11:10:01.894548+00:00 KINO: peak 77833.55 official -> pending BUY on M1 close back above it
2026-09-10T11:14:01.516513+00:00 KINO: confirmation ran 22pts past 77833.55 - NOT chasing; BUY only on a retest
2026-09-10T11:15:01.906042+00:00 KINO: retest of 77833.55 - entering the missed BUY properly
2026-09-10T11:21:01.891605+00:00 KINO: dip 77910.35 official -> pending SELL on M1 close back below it
2026-09-10T11:27:12.534969+00:00 KINO: peak 77995.02 official -> pending BUY on M1 close back above it
2026-09-10T11:31:02.063666+00:00 KINO: dip 77933.06 official -> pending SELL on M1 close back below it
2026-09-10T11:33:02.682794+00:00 KINO: confirmation ran 31pts past 77995.02 - NOT chasing; BUY only on a retest
2026-09-10T11:34:01.041634+00:00 KINO: retest of 77995.02 - entering the missed BUY properly
2026-09-10T11:37:01.817883+00:00 KINO: peak 78028.28 official -> pending BUY on M1 close back above it
2026-09-10T11:39:02.431986+00:00 KINO: dip 77949.05 official -> pending SELL on M1 close back below it
2026-09-10T11:44:02.059800+00:00 KINO: peak 78024.03 official -> pending BUY on M1 close back above it
2026-09-10T11:51:02.073835+00:00 KINO: peak 77943.15 official -> pending BUY on M1 close back above it
2026-09-10T11:54:01.148416+00:00 KINO: dip 77832.72 official -> pending SELL on M1 close back below it
2026-09-10T11:56:01.954102+00:00 KINO: peak 77951.63 official -> pending BUY on M1 close back above it
2026-09-10T12:00:02.294091+00:00 KINO: peak 77881.90 official -> pending BUY on M1 close back above it
2026-09-10T12:08:02.681421+00:00 SHADOW ENTRY: recipe fired -> would SELL @ ~77713.08 (setup 77733.71)
2026-09-10T12:14:03.217481+00:00 KINO: dip 77683.91 official -> pending SELL on M1 close back below it
2026-09-10T12:19:03.190489+00:00 KINO: dip 77700.45 official -> pending SELL on M1 close back below it
2026-09-10T12:20:01.589929+00:00 KINO: peak 77775.30 official -> pending BUY on M1 close back above it
2026-09-10T12:24:03.246211+00:00 KINO: dip 77633.98 official -> pending SELL on M1 close back below it
2026-09-10T12:28:01.108752+00:00 KINO: peak 77735.39 official -> pending BUY on M1 close back above it
2026-09-10T12:30:01.796529+00:00 KINO: confirmation ran 69pts past 77735.39 - NOT chasing; BUY only on a retest
2026-09-10T12:30:01.797033+00:00 KINO: dip 77673.57 official -> pending SELL on M1 close back below it
2026-09-10T12:31:02.302960+00:00 KINO: peak 77940.27 official -> pending BUY on M1 close back above it
2026-09-10T12:32:02.781596+00:00 KINO: confirmation ran 118pts past 77673.57 - NOT chasing; SELL only on a retest
2026-09-10T12:51:02.034186+00:00 KINO: dip 76630.78 official -> pending SELL on M1 close back below it
2026-09-10T12:52:02.503226+00:00 KINO: peak 77093.93 official -> pending BUY on M1 close back above it
2026-09-10T12:58:03.064194+00:00 KINO: dip 76649.83 official -> pending SELL on M1 close back below it
2026-09-10T13:08:02.825429+00:00 KINO: peak 77074.35 official -> pending BUY on M1 close back above it
2026-09-10T13:09:01.357405+00:00 SHADOW ENTRY: recipe fired -> would SELL @ ~76928.00 (setup 76962.83)
2026-09-10T13:16:00.685504+00:00 KINO: dip 76739.78 official -> pending SELL on M1 close back below it
2026-09-10T13:20:02.417309+00:00 KINO: peak 76879.14 official -> pending BUY on M1 close back above it
2026-09-10T13:22:03.097837+00:00 KINO: dip 76707.53 official -> pending SELL on M1 close back below it
2026-09-10T13:25:02.230732+00:00 KINO: peak 76944.99 official -> pending BUY on M1 close back above it
2026-09-10T13:28:02.636127+00:00 KINO: dip 76813.22 official -> pending SELL on M1 close back below it
2026-09-10T13:31:00.948740+00:00 KINO: peak 76953.78 official -> pending BUY on M1 close back above it
2026-09-10T13:36:01.038039+00:00 KINO: dip 76735.63 official -> pending SELL on M1 close back below it
2026-09-10T13:37:01.582761+00:00 KINO: confirmation ran 100pts past 76953.78 - NOT chasing; BUY only on a retest
2026-09-10T13:38:02.010078+00:00 KINO: retest of 76953.78 - entering the missed BUY properly
2026-09-10T13:43:02.319064+00:00 KINO: peak 77078.40 official -> pending BUY on M1 close back above it
2026-09-10T13:51:01.986525+00:00 KINO: peak 77085.23 official -> pending BUY on M1 close back above it
2026-09-10T13:53:02.814058+00:00 KINO: dip 76889.08 official -> pending SELL on M1 close back below it
2026-09-10T14:00:01.232358+00:00 KINO: peak 77202.20 official -> pending BUY on M1 close back above it
2026-09-10T14:01:01.622688+00:00 KINO: confirmation ran 35pts past 77202.20 - NOT chasing; BUY only on a retest
2026-09-10T14:02:02.052448+00:00 KINO: retest of 77202.20 - entering the missed BUY properly
2026-09-10T14:06:01.684210+00:00 KINO: peak 77315.97 official -> pending BUY on M1 close back above it
2026-09-10T14:12:02.527207+00:00 KINO: dip 76934.33 official -> pending SELL on M1 close back below it
2026-09-10T14:16:02.249553+00:00 KINO: peak 77126.76 official -> pending BUY on M1 close back above it
2026-09-10T14:20:01.344589+00:00 KINO: dip 76922.35 official -> pending SELL on M1 close back below it
2026-09-10T14:30:01.983957+00:00 KINO: peak 77347.43 official -> pending BUY on M1 close back above it
2026-09-10T14:33:03.317341+00:00 KINO: dip 77197.72 official -> pending SELL on M1 close back below it
2026-09-10T14:39:01.895578+00:00 KINO: peak 77330.09 official -> pending BUY on M1 close back above it
2026-09-10T14:41:02.775607+00:00 KINO: dip 77201.11 official -> pending SELL on M1 close back below it
2026-09-10T14:43:01.634248+00:00 KINO: peak 77317.83 official -> pending BUY on M1 close back above it
2026-09-10T14:47:02.925082+00:00 KINO: confirmation ran 44pts past 77317.83 - NOT chasing; BUY only on a retest
2026-09-10T14:48:01.517785+00:00 KINO: retest of 77317.83 - entering the missed BUY properly
2026-09-10T14:51:01.474490+00:00 KINO: peak 77378.37 official -> pending BUY on M1 close back above it
2026-09-10T14:53:02.203315+00:00 KINO: dip 77230.67 official -> pending SELL on M1 close back below it
2026-09-10T15:01:01.610629+00:00 KINO: peak 77400.80 official -> pending BUY on M1 close back above it
2026-09-10T15:04:02.964378+00:00 KINO: dip 77210.14 official -> pending SELL on M1 close back below it
2026-09-10T15:17:01.276490+00:00 SHADOW ENTRY: recipe fired -> would SELL @ ~77296.99 (setup 77297.23)
2026-09-10T15:28:01.917188+00:00 KINO: dip 77065.81 official -> pending SELL on M1 close back below it
2026-09-10T15:34:02.250034+00:00 KINO: dip 77052.54 official -> pending SELL on M1 close back below it
2026-09-10T15:41:02.721071+00:00 KINO: peak 77311.31 official -> pending BUY on M1 close back above it
2026-09-10T15:50:03.525071+00:00 KINO: dip 77077.47 official -> pending SELL on M1 close back below it
2026-09-10T15:53:02.888856+00:00 KINO: dip 77109.70 official -> pending SELL on M1 close back below it
2026-09-10T15:55:01.701854+00:00 KINO: peak 77193.49 official -> pending BUY on M1 close back above it
2026-09-10T15:57:02.489397+00:00 KINO: dip 77082.57 official -> pending SELL on M1 close back below it
2026-09-10T16:03:02.850860+00:00 KINO: peak 77283.04 official -> pending BUY on M1 close back above it
2026-09-10T16:13:02.126362+00:00 KINO: dip 76867.02 official -> pending SELL on M1 close back below it
2026-09-10T16:17:01.695033+00:00 KINO: peak 76972.69 official -> pending BUY on M1 close back above it
2026-09-10T16:18:02.093281+00:00 SHADOW ENTRY: recipe fired -> would SELL @ ~76880.56 (setup 76885.73)
2026-09-10T16:21:03.366876+00:00 KINO: dip 76835.47 official -> pending SELL on M1 close back below it
2026-09-10T16:23:02.120917+00:00 KINO: peak 77046.99 official -> pending BUY on M1 close back above it
2026-09-10T16:37:01.583384+00:00 KINO: dip 76752.52 official -> pending SELL on M1 close back below it
2026-09-10T16:43:03.314149+00:00 KINO: peak 77028.04 official -> pending BUY on M1 close back above it
2026-09-10T16:45:01.872192+00:00 KINO: dip 76928.18 official -> pending SELL on M1 close back below it
2026-09-10T16:49:03.191663+00:00 KINO: peak 77196.78 official -> pending BUY on M1 close back above it
2026-09-10T16:56:01.814778+00:00 KINO: dip 77031.86 official -> pending SELL on M1 close back below it
2026-09-10T17:02:02.190055+00:00 KINO: peak 77170.83 official -> pending BUY on M1 close back above it
2026-09-10T17:04:12.831273+00:00 SHADOW ENTRY: recipe fired -> would SELL @ ~77084.58 (setup 77096.92)
2026-09-10T17:11:03.548435+00:00 KINO: dip 77095.92 official -> pending SELL on M1 close back below it
2026-09-10T17:21:03.492616+00:00 KINO: dip 77085.65 official -> pending SELL on M1 close back below it
2026-09-10T17:38:02.073659+00:00 KINO: peak 77511.60 official -> pending BUY on M1 close back above it
2026-09-10T17:43:02.034798+00:00 KINO: peak 77370.46 official -> pending BUY on M1 close back above it
2026-09-10T17:47:01.580086+00:00 KINO: peak 77352.01 official -> pending BUY on M1 close back above it
2026-09-10T17:49:02.154795+00:00 KINO: dip 77278.47 official -> pending SELL on M1 close back below it
2026-09-10T17:52:03.367720+00:00 KINO: confirmation ran 27pts past 77352.01 - NOT chasing; BUY only on a retest
2026-09-10T17:53:01.597424+00:00 KINO: retest of 77352.01 - entering the missed BUY properly
2026-09-10T17:56:02.522909+00:00 KINO: peak 77400.01 official -> pending BUY on M1 close back above it
2026-09-10T18:02:02.683342+00:00 KINO: confirmation ran 55pts past 77278.47 - NOT chasing; SELL only on a retest
2026-09-10T18:16:03.601660+00:00 KINO: dip 76939.48 official -> pending SELL on M1 close back below it
2026-09-10T18:18:02.442318+00:00 KINO: peak 77058.02 official -> pending BUY on M1 close back above it
2026-09-10T18:27:02.393476+00:00 KINO: peak 77126.48 official -> pending BUY on M1 close back above it
2026-09-10T18:30:02.500053+00:00 KINO: peak 77101.63 official -> pending BUY on M1 close back above it
2026-09-10T18:32:02.111711+00:00 KINO: dip 77013.42 official -> pending SELL on M1 close back below it
2026-09-10T18:34:02.836018+00:00 KINO: peak 77059.71 official -> pending BUY on M1 close back above it
2026-09-10T18:34:02.844988+00:00 SHADOW ENTRY: recipe fired -> would SELL @ ~77010.75 (setup 77013.42)
2026-09-10T18:37:03.825262+00:00 KINO: confirmation ran 31pts past 77059.71 - NOT chasing; BUY only on a retest
2026-09-10T18:41:03.147593+00:00 KINO: peak 77128.08 official -> pending BUY on M1 close back above it
2026-09-10T18:50:03.170062+00:00 KINO: dip 77052.68 official -> pending SELL on M1 close back below it
2026-09-10T18:52:01.922948+00:00 KINO: confirmation ran 59pts past 77128.08 - NOT chasing; BUY only on a retest
2026-09-10T18:57:03.569793+00:00 KINO: peak 77269.95 official -> pending BUY on M1 close back above it
2026-09-10T19:00:02.508387+00:00 KINO: dip 77155.64 official -> pending SELL on M1 close back below it
2026-09-10T19:01:02.907310+00:00 KINO: peak 77224.39 official -> pending BUY on M1 close back above it
2026-09-10T19:06:02.519666+00:00 KINO: peak 77200.84 official -> pending BUY on M1 close back above it
2026-09-10T19:06:02.522909+00:00 SHADOW ENTRY: recipe fired -> would SELL @ ~77127.77 (setup 77139.87)
2026-09-10T19:10:03.643348+00:00 KINO: dip 77118.04 official -> pending SELL on M1 close back below it
2026-09-10T19:15:02.575498+00:00 KINO: dip 77085.82 official -> pending SELL on M1 close back below it
2026-09-10T19:18:02.806285+00:00 KINO: peak 77166.85 official -> pending BUY on M1 close back above it
2026-09-10T19:24:02.781651+00:00 KINO: peak 77129.05 official -> pending BUY on M1 close back above it
2026-09-10T19:25:03.200719+00:00 KINO: confirmation ran 30pts past 77129.05 - NOT chasing; BUY only on a retest
2026-09-10T19:25:03.207285+00:00 KINO: dip 77073.06 official -> pending SELL on M1 close back below it
2026-09-10T19:30:02.894470+00:00 KINO: retest of 77129.05 - entering the missed BUY properly
2026-09-10T19:31:03.246207+00:00 KINO: peak 77204.70 official -> pending BUY on M1 close back above it
2026-09-10T19:35:02.416573+00:00 KINO: dip 77067.52 official -> pending SELL on M1 close back below it
2026-09-10T19:38:03.354369+00:00 KINO: peak 77172.80 official -> pending BUY on M1 close back above it
2026-09-10T19:46:01.977403+00:00 KINO: peak 77266.76 official -> pending BUY on M1 close back above it
2026-09-10T19:58:03.254175+00:00 KINO: dip 77041.83 official -> pending SELL on M1 close back below it
2026-09-10T20:03:02.967976+00:00 KINO: peak 77161.43 official -> pending BUY on M1 close back above it
2026-09-10T20:25:02.697371+00:00 KINO: peak 77323.16 official -> pending BUY on M1 close back above it
2026-09-10T20:28:01.486071+00:00 KINO: dip 77221.76 official -> pending SELL on M1 close back below it
2026-09-10T20:29:03.677230+00:00 SHADOW ENTRY: recipe fired -> would SELL @ ~77242.32 (setup 77244.62)
2026-09-10T20:36:02.620364+00:00 KINO: peak 77252.19 official -> pending BUY on M1 close back above it
2026-09-10T20:38:03.011391+00:00 KINO: dip 77198.02 official -> pending SELL on M1 close back below it
2026-09-10T20:48:03.343752+00:00 KINO: peak 77279.06 official -> pending BUY on M1 close back above it
2026-09-10T20:50:22.369073+00:00 KINO: dip 77191.97 official -> pending SELL on M1 close back below it
2026-09-10T20:55:03.936882+00:00 KINO: dip 77223.52 official -> pending SELL on M1 close back below it
2026-09-10T21:01:03.225203+00:00 KINO: dip 77236.45 official -> pending SELL on M1 close back below it
2026-09-10T21:06:03.315102+00:00 KINO: dip 77199.03 official -> pending SELL on M1 close back below it
2026-09-10T21:08:03.625733+00:00 KINO: peak 77245.61 official -> pending BUY on M1 close back above it
2026-09-10T21:08:03.629216+00:00 SHADOW ENTRY: recipe fired -> would SELL @ ~77194.38 (setup 77205.33)
2026-09-10T21:14:02.673675+00:00 KINO: peak 77274.90 official -> pending BUY on M1 close back above it
2026-09-10T21:24:04.303328+00:00 KINO: dip 77165.10 official -> pending SELL on M1 close back below it
2026-09-10T21:35:02.301895+00:00 KINO: dip 77167.93 official -> pending SELL on M1 close back below it
2026-09-10T21:47:02.325124+00:00 KINO: dip 77063.05 official -> pending SELL on M1 close back below it
2026-09-10T22:00:04.575947+00:00 KINO: dip 77099.61 official -> pending SELL on M1 close back below it
2026-09-10T22:01:03.001688+00:00 KINO: confirmation ran 25pts past 77099.61 - NOT chasing; SELL only on a retest
2026-09-10T22:02:03.256964+00:00 KINO: retest of 77099.61 - entering the missed SELL properly
2026-09-10T22:06:04.112785+00:00 KINO: peak 77147.03 official -> pending BUY on M1 close back above it
2026-09-10T22:13:03.622375+00:00 KINO: peak 77169.34 official -> pending BUY on M1 close back above it
2026-09-10T22:15:04.102574+00:00 KINO: dip 77066.05 official -> pending SELL on M1 close back below it
2026-09-10T22:23:01.867281+00:00 KINO: peak 77198.65 official -> pending BUY on M1 close back above it
2026-09-10T22:30:03.917611+00:00 SHADOW ENTRY: recipe fired -> would SELL @ ~77048.74 (setup 77108.20)
2026-09-10T22:46:03.003688+00:00 KINO: dip 76799.79 official -> pending SELL on M1 close back below it
2026-09-10T22:52:02.570376+00:00 KINO: peak 76951.19 official -> pending BUY on M1 close back above it
2026-09-10T23:01:04.573586+00:00 KINO: dip 76779.69 official -> pending SELL on M1 close back below it
2026-09-10T23:06:03.577377+00:00 KINO: dip 76673.93 official -> pending SELL on M1 close back below it
2026-09-10T23:13:02.696540+00:00 KINO: dip 76535.39 official -> pending SELL on M1 close back below it
2026-09-10T23:15:03.194129+00:00 SHADOW ENTRY: recipe fired -> would SELL @ ~76486.66 (setup 76535.39)
2026-09-10T23:18:03.838463+00:00 KINO: dip 76429.07 official -> pending SELL on M1 close back below it
2026-09-10T23:25:03.423145+00:00 KINO: peak 76754.10 official -> pending BUY on M1 close back above it
2026-09-10T23:27:02.879069+00:00 KINO: dip 76658.24 official -> pending SELL on M1 close back below it
2026-09-10T23:30:04.247312+00:00 KINO: peak 76766.31 official -> pending BUY on M1 close back above it
2026-09-10T23:34:03.059453+00:00 KINO: dip 76681.88 official -> pending SELL on M1 close back below it
2026-09-11T00:01:04.271483+00:00 KINO: dip 76504.39 official -> pending SELL on M1 close back below it
2026-09-11T00:06:02.730447+00:00 KINO: peak 76678.76 official -> pending BUY on M1 close back above it
2026-09-11T00:08:03.375941+00:00 KINO: confirmation ran 53pts past 76678.76 - NOT chasing; BUY only on a retest
2026-09-11T00:15:31.024131+00:00 OWL starting (TP+recovery manager, trade scribe)
2026-09-11T00:15:31.080406+00:00 WAR-CHEST mode ON: book $10.96, chest $1.54, next fighter 0.03
2026-09-11T00:21:41.394993+00:00 KINO: peak 76813.82 official -> pending BUY on M1 close back above it
2026-09-11T00:26:02.074923+00:00 KINO: peak 76842.20 official -> pending BUY on M1 close back above it
2026-09-11T00:28:03.227761+00:00 KINO: dip 76775.14 official -> pending SELL on M1 close back below it
2026-09-11T00:31:09.923659+00:00 KINO: confirmation ran 28pts past 76775.14 - NOT chasing; SELL only on a retest
2026-09-11T00:31:09.952151+00:00 SHADOW ENTRY: recipe fired -> would SELL @ ~76747.46 (setup 76775.14)
2026-09-11T00:35:01.839697+00:00 KINO: dip 76652.58 official -> pending SELL on M1 close back below it
2026-09-11T00:38:02.424017+00:00 KINO: peak 76805.14 official -> pending BUY on M1 close back above it
2026-09-11T00:49:03.769990+00:00 KINO: dip 76709.60 official -> pending SELL on M1 close back below it
2026-09-11T00:59:03.149296+00:00 KINO: peak 76911.47 official -> pending BUY on M1 close back above it
2026-09-11T01:00:03.366122+00:00 KINO: dip 76845.49 official -> pending SELL on M1 close back below it
2026-09-11T01:06:03.525327+00:00 KINO: peak 76979.48 official -> pending BUY on M1 close back above it
2026-09-11T01:14:03.461551+00:00 SHADOW ENTRY: recipe fired -> would SELL @ ~76895.44 (setup 76912.37)
2026-09-11T01:20:02.794692+00:00 KINO: dip 76804.81 official -> pending SELL on M1 close back below it
2026-09-11T01:22:14.289022+00:00 KINO: peak 76928.13 official -> pending BUY on M1 close back above it
2026-09-11T01:25:02.200437+00:00 KINO: dip 76755.48 official -> pending SELL on M1 close back below it
2026-09-11T01:27:02.671055+00:00 KINO: peak 76882.88 official -> pending BUY on M1 close back above it
2026-09-11T01:36:01.658855+00:00 KINO: dip 76638.80 official -> pending SELL on M1 close back below it
2026-09-11T01:41:03.483714+00:00 KINO: peak 76895.93 official -> pending BUY on M1 close back above it
2026-09-11T01:43:02.035594+00:00 KINO: dip 76666.93 official -> pending SELL on M1 close back below it
2026-09-11T01:49:03.939510+00:00 KINO: dip 76763.54 official -> pending SELL on M1 close back below it
2026-09-11T02:01:02.500712+00:00 KINO: peak 76964.79 official -> pending BUY on M1 close back above it
2026-09-11T02:05:03.196183+00:00 KINO: dip 76885.31 official -> pending SELL on M1 close back below it
2026-09-11T02:09:02.062455+00:00 KINO: dip 76859.18 official -> pending SELL on M1 close back below it
2026-09-11T02:16:02.696090+00:00 KINO: peak 76960.69 official -> pending BUY on M1 close back above it
2026-09-11T02:18:03.078571+00:00 SHADOW ENTRY: recipe fired -> would SELL @ ~76864.92 (setup 76868.23)
2026-09-11T02:23:02.031751+00:00 KINO: dip 76834.36 official -> pending SELL on M1 close back below it
2026-09-11T02:36:02.826677+00:00 KINO: dip 76738.22 official -> pending SELL on M1 close back below it
2026-09-11T02:44:02.375506+00:00 KINO: peak 76898.61 official -> pending BUY on M1 close back above it
2026-09-11T02:54:02.692932+00:00 KINO: peak 76902.40 official -> pending BUY on M1 close back above it
2026-09-11T02:56:03.147581+00:00 KINO: dip 76769.27 official -> pending SELL on M1 close back below it
2026-09-11T03:01:02.204237+00:00 KINO: dip 76791.41 official -> pending SELL on M1 close back below it
2026-09-11T03:05:03.368725+00:00 KINO: confirmation ran 22pts past 76791.41 - NOT chasing; SELL only on a retest
2026-09-11T03:11:02.465489+00:00 KINO: dip 76667.93 official -> pending SELL on M1 close back below it
2026-09-11T03:16:03.532127+00:00 KINO: peak 76858.84 official -> pending BUY on M1 close back above it
2026-09-11T03:19:02.049736+00:00 KINO: dip 76730.41 official -> pending SELL on M1 close back below it
2026-09-11T03:31:02.381173+00:00 KINO: peak 76802.36 official -> pending BUY on M1 close back above it
2026-09-11T03:32:02.625264+00:00 SHADOW ENTRY: recipe fired -> would SELL @ ~76727.92 (setup 76730.41)
2026-09-11T03:35:03.384889+00:00 KINO: dip 76666.44 official -> pending SELL on M1 close back below it
2026-09-11T03:44:02.938712+00:00 KINO: peak 76867.40 official -> pending BUY on M1 close back above it
2026-09-11T03:53:03.107242+00:00 KINO: peak 76782.39 official -> pending BUY on M1 close back above it
2026-09-11T03:54:17.014562+00:00 KINO: dip 76738.65 official -> pending SELL on M1 close back below it
2026-09-11T04:12:18.498572+00:00 KINO: peak 76970.11 official -> pending BUY on M1 close back above it
2026-09-11T04:14:37.934591+00:00 KINO: dip 76864.61 official -> pending SELL on M1 close back below it
2026-09-11T04:33:02.667361+00:00 KINO: peak 77166.34 official -> pending BUY on M1 close back above it
2026-09-11T04:36:03.569779+00:00 SHADOW ENTRY: recipe fired -> would SELL @ ~77095.27 (setup 77108.40)
2026-09-11T04:37:03.770227+00:00 KINO: dip 77081.59 official -> pending SELL on M1 close back below it
2026-09-11T04:40:04.262496+00:00 KINO: dip 77064.40 official -> pending SELL on M1 close back below it
2026-09-11T04:44:03.044338+00:00 KINO: peak 77104.95 official -> pending BUY on M1 close back above it
2026-09-11T04:59:02.657482+00:00 KINO: peak 77120.16 official -> pending BUY on M1 close back above it
2026-09-11T05:07:04.128179+00:00 KINO: dip 77027.71 official -> pending SELL on M1 close back below it
2026-09-11T05:13:03.612787+00:00 KINO: peak 77136.01 official -> pending BUY on M1 close back above it
2026-09-11T05:15:43.559547+00:00 KINO: dip 77045.83 official -> pending SELL on M1 close back below it
2026-09-11T05:31:03.178967+00:00 KINO: dip 77055.97 official -> pending SELL on M1 close back below it
2026-09-11T05:33:03.959090+00:00 KINO: peak 77109.42 official -> pending BUY on M1 close back above it
2026-09-11T05:33:03.959090+00:00 SHADOW ENTRY: recipe fired -> would SELL @ ~77051.95 (setup 77059.46)
2026-09-11T05:39:04.478525+00:00 KINO: peak 77138.91 official -> pending BUY on M1 close back above it
2026-09-11T05:46:03.317576+00:00 KINO: peak 77172.23 official -> pending BUY on M1 close back above it
2026-09-11T05:53:03.182605+00:00 KINO: peak 77175.52 official -> pending BUY on M1 close back above it
2026-09-11T05:56:03.974235+00:00 KINO: confirmation ran 25pts past 77175.52 - NOT chasing; BUY only on a retest
2026-09-11T05:56:03.974235+00:00 KINO: dip 77147.34 official -> pending SELL on M1 close back below it
2026-09-11T05:57:04.194964+00:00 KINO: retest of 77175.52 - entering the missed BUY properly
2026-09-11T06:01:21.529181+00:00 KINO: peak 77225.50 official -> pending BUY on M1 close back above it
2026-09-11T06:06:03.781572+00:00 KINO: peak 77239.58 official -> pending BUY on M1 close back above it
2026-09-11T06:18:04.668772+00:00 KINO: peak 77403.22 official -> pending BUY on M1 close back above it
2026-09-11T06:29:03.364199+00:00 KINO: dip 77217.11 official -> pending SELL on M1 close back below it
2026-09-11T06:29:03.368222+00:00 SHADOW ENTRY: recipe fired -> would SELL @ ~77249.70 (setup 77261.10)
2026-09-11T06:33:04.244612+00:00 KINO: peak 77252.09 official -> pending BUY on M1 close back above it
2026-09-11T06:33:04.244612+00:00 KINO: confirmation ran 35pts past 77217.11 - NOT chasing; SELL only on a retest
2026-09-11T06:36:02.915305+00:00 KINO: dip 77137.15 official -> pending SELL on M1 close back below it
2026-09-11T06:41:03.950532+00:00 KINO: peak 77224.24 official -> pending BUY on M1 close back above it
2026-09-11T06:45:02.710796+00:00 KINO: dip 77181.45 official -> pending SELL on M1 close back below it
2026-09-11T06:57:03.305759+00:00 KINO: dip 77235.09 official -> pending SELL on M1 close back below it
2026-09-11T06:59:03.645694+00:00 KINO: peak 77266.65 official -> pending BUY on M1 close back above it
2026-09-11T07:05:02.932059+00:00 KINO: dip 77251.44 official -> pending SELL on M1 close back below it
2026-09-11T07:12:03.638913+00:00 KINO: peak 77362.18 official -> pending BUY on M1 close back above it
2026-09-11T07:17:15.751364+00:00 KINO: dip 77275.09 official -> pending SELL on M1 close back below it
2026-09-11T07:23:02.880996+00:00 KINO: peak 77343.90 official -> pending BUY on M1 close back above it
2026-09-11T07:26:03.479461+00:00 SHADOW ENTRY: recipe fired -> would SELL @ ~77262.31 (setup 77275.09)
2026-09-11T07:32:02.829178+00:00 KINO: peak 77312.01 official -> pending BUY on M1 close back above it
2026-09-11T07:51:03.480194+00:00 KINO: dip 77202.39 official -> pending SELL on M1 close back below it
2026-09-11T07:52:03.677128+00:00 KINO: peak 77227.68 official -> pending BUY on M1 close back above it
2026-09-11T07:57:02.548860+00:00 KINO: dip 77165.92 official -> pending SELL on M1 close back below it
2026-09-11T08:00:31.687913+00:00 CLOCKS DIVERGED: H4 and D1 disagree again - no new runner candidates
2026-09-11T08:02:04.054965+00:00 KINO: dip 77190.89 official -> pending SELL on M1 close back below it
2026-09-11T08:04:04.499204+00:00 KINO: peak 77242.68 official -> pending BUY on M1 close back above it
2026-09-11T08:15:03.011047+00:00 KINO: dip 77103.52 official -> pending SELL on M1 close back below it
2026-09-11T08:21:51.905613+00:00 KINO: dip 77197.21 official -> pending SELL on M1 close back below it
2026-09-11T08:29:03.478441+00:00 KINO: dip 77295.77 official -> pending SELL on M1 close back below it
2026-09-11T08:33:02.693996+00:00 KINO: peak 77474.31 official -> pending BUY on M1 close back above it
2026-09-11T08:39:04.095173+00:00 KINO: dip 77317.76 official -> pending SELL on M1 close back below it
2026-09-11T08:47:04.208023+00:00 KINO: peak 77390.86 official -> pending BUY on M1 close back above it
2026-09-11T08:52:02.515172+00:00 KINO: dip 77290.19 official -> pending SELL on M1 close back below it
2026-09-11T08:55:03.556443+00:00 KINO: peak 77354.35 official -> pending BUY on M1 close back above it
2026-09-11T09:01:04.202094+00:00 KINO: dip 77325.33 official -> pending SELL on M1 close back below it
2026-09-11T09:03:02.840601+00:00 KINO: peak 77345.49 official -> pending BUY on M1 close back above it
2026-09-11T09:08:03.851741+00:00 KINO: dip 77286.87 official -> pending SELL on M1 close back below it
2026-09-11T09:09:04.042709+00:00 KINO: confirmation ran 30pts past 77286.87 - NOT chasing; SELL only on a retest
2026-09-11T09:14:03.161461+00:00 KINO: dip 77233.36 official -> pending SELL on M1 close back below it
2026-09-11T09:33:02.967377+00:00 KINO: dip 77104.52 official -> pending SELL on M1 close back below it
2026-09-11T09:35:03.359208+00:00 KINO: peak 77144.24 official -> pending BUY on M1 close back above it
2026-09-11T09:35:03.359208+00:00 KINO: confirmation ran 42pts past 77104.52 - NOT chasing; SELL only on a retest
2026-09-11T09:43:02.872983+00:00 KINO: dip 76831.11 official -> pending SELL on M1 close back below it
2026-09-11T09:51:02.815219+00:00 KINO: peak 77006.90 official -> pending BUY on M1 close back above it
2026-09-11T09:55:03.752720+00:00 KINO: peak 77026.31 official -> pending BUY on M1 close back above it
2026-09-11T09:59:13.069670+00:00 KINO: dip 76980.09 official -> pending SELL on M1 close back below it
2026-09-11T10:06:02.423955+00:00 KINO: peak 77130.22 official -> pending BUY on M1 close back above it
2026-09-11T10:10:03.483272+00:00 KINO: peak 77110.83 official -> pending BUY on M1 close back above it
2026-09-11T10:15:02.973850+00:00 KINO: dip 76993.91 official -> pending SELL on M1 close back below it
2026-09-11T10:21:30.094829+00:00 KINO: peak 77109.57 official -> pending BUY on M1 close back above it
2026-09-11T10:35:02.278940+00:00 KINO: dip 76922.07 official -> pending SELL on M1 close back below it
2026-09-11T10:37:00.888671+00:00 KINO: peak 77029.73 official -> pending BUY on M1 close back above it
2026-09-11T10:48:02.945342+00:00 KINO: peak 77010.33 official -> pending BUY on M1 close back above it
2026-09-11T10:59:01.886221+00:00 KINO: peak 77016.85 official -> pending BUY on M1 close back above it
2026-09-11T11:11:15.054256+00:00 KINO: dip 76726.47 official -> pending SELL on M1 close back below it
2026-09-11T11:21:02.534053+00:00 KINO: peak 76815.79 official -> pending BUY on M1 close back above it
2026-09-11T11:26:01.674287+00:00 KINO: confirmation ran 45pts past 76815.79 - NOT chasing; BUY only on a retest
2026-09-11T11:29:02.374995+00:00 KINO: retest of 76815.79 - entering the missed BUY properly
2026-09-11T11:38:01.066690+00:00 KINO: dip 76748.53 official -> pending SELL on M1 close back below it
2026-09-11T11:41:01.953586+00:00 KINO: dip 76799.03 official -> pending SELL on M1 close back below it
2026-09-11T11:44:02.290553+00:00 KINO: peak 76877.45 official -> pending BUY on M1 close back above it
2026-09-11T11:45:00.711931+00:00 KINO: dip 76845.40 official -> pending SELL on M1 close back below it
2026-09-11T11:50:01.931322+00:00 KINO: peak 76967.96 official -> pending BUY on M1 close back above it
2026-09-11T11:52:02.496349+00:00 KINO: dip 76851.81 official -> pending SELL on M1 close back below it
2026-09-11T11:57:33.996746+00:00 KINO: dip 76910.37 official -> pending SELL on M1 close back below it
