ticket,direction,volume,entry_time_utc,entry_price,exit_time_utc,exit_price,duration_min,profit_usd,exit_reason,worst_drawdown_usd,worst_drawdown_pts,best_profit_usd,time_to_worst_min,time_to_best_min,hour_id,positions_open_at_entry,entry_atr14_h1,entry_atr14_m1,entry_balance,entry_ema200_m1,entry_ema20_h1,entry_ema20_m1,entry_ema50_h1,entry_ema50_m1,entry_equity,entry_h1_body_pts,entry_h1_candle,entry_h1_downwick_pts,entry_h1_forming,entry_h1_higher_high,entry_h1_lower_low,entry_h1_upwick_pts,entry_m15_candle,entry_m15_forming,entry_m1_body_pts,entry_m1_candle,entry_m1_downwick_pts,entry_m1_high_minus_prevhigh,entry_m1_low_minus_prevlow,entry_m1_upwick_pts,entry_m5_candle,entry_m5_forming,entry_minute_of_hour,entry_price_ask,entry_price_bid,entry_px_vs_ema200_m1,entry_px_vs_ema20_h1,entry_px_vs_ema20_m1,entry_px_vs_ema50_h1,entry_px_vs_ema50_m1,entry_range24h_pct,entry_rsi14_h1,entry_rsi14_m1,entry_spread_pts,exit_atr14_h1,exit_atr14_m1,exit_balance,exit_ema200_m1,exit_ema20_h1,exit_ema20_m1,exit_ema50_h1,exit_ema50_m1,exit_equity,exit_h1_body_pts,exit_h1_candle,exit_h1_downwick_pts,exit_h1_forming,exit_h1_higher_high,exit_h1_lower_low,exit_h1_upwick_pts,exit_m15_candle,exit_m15_forming,exit_m1_body_pts,exit_m1_candle,exit_m1_downwick_pts,exit_m1_high_minus_prevhigh,exit_m1_low_minus_prevlow,exit_m1_upwick_pts,exit_m5_candle,exit_m5_forming,exit_minute_of_hour,exit_price_ask,exit_price_bid,exit_px_vs_ema200_m1,exit_px_vs_ema20_h1,exit_px_vs_ema20_m1,exit_px_vs_ema50_h1,exit_px_vs_ema50_m1,exit_range24h_pct,exit_rsi14_h1,exit_rsi14_m1,exit_spread_pts,entry_user_sl,entry_user_tp,final_user_sl,final_user_tp
1042293354,BUY,0.02,2026-08-20T16:06:49,72434.90000000001,2026-08-20T16:40:03,72439.9,33.2,0.1,tp,-5.59,-279.3,3.78,,,,,706.53,72.04,75.88,72059.07,70341.93,72325.93,68124.42,72310.83,75.35,636.77,green,48.92,,True,False,380.41,,,72.14,green,0.0,108.32,46.6,46.76,,,,72367.28,72357.28,above,above,above,above,above,6.926,,,10.0,706.53,68.08,75.98,72066.55,70341.93,72345.89,68124.42,72320.52,78.53,636.77,green,48.92,,True,False,380.41,,,39.52,green,5.25,25.52,41.77,0.0,,,,72443.79,72433.79,above,above,above,above,above,6.919,,,10.0,,,,
1042299467,BUY,0.02,2026-08-20T16:19:10,72306.34,2026-08-20T16:40:30,72456.34,21.3,3.0,tp,-1.34,-66.9,6.35,,,,,706.53,72.04,75.88,72059.07,70341.93,72325.93,68124.42,72310.83,75.35,636.77,green,48.92,,True,False,380.41,,,72.14,green,0.0,108.32,46.6,46.76,,,,72367.28,72357.28,above,above,above,above,above,6.926,,,10.0,706.53,69.31,78.98,72066.8,70341.93,72348.23,68124.42,72321.48,78.98,636.77,green,48.92,,True,False,380.41,,,39.52,green,5.25,25.52,41.77,0.0,,,,72468.42,72458.42,above,above,above,above,above,6.917,,,10.0,,,,
1042321087,BUY,0.02,2026-08-20T17:13:55,72651.75,2026-08-20T17:29:12,72801.75,15.3,3.0,tp,-2.39,-119.5,3.57,,,,,728.65,96.5,78.98,72232.0,70575.98,72657.59,68307.87,72571.98,78.73,380.67,green,263.37,,True,False,90.32,,,84.06,green,2.71,71.07,69.39,0.4,,,,72651.75,72641.75,above,above,below,above,above,7.02,,,10.0,728.65,71.08,81.98,72298.98,70575.98,72694.55,68307.87,72628.14,81.98,380.67,green,263.37,,True,False,90.32,,,60.83,green,2.2,0.66,3.99,0.0,,,,72810.55,72800.55,above,above,above,above,above,7.005,,,10.0,,,,
1042362563,BUY,0.02,2026-08-20T19:09:57,72452.33,2026-08-20T19:24:48,72602.33,14.8,3.0,tp,-1.24,-61.8,3.34,,,,,722.29,67.58,81.98,72464.18,70935.26,72423.96,68634.93,72482.7,78.53,305.48,red,44.32,,False,True,80.57,,,10.04,red,4.05,-43.6,9.39,33.46,,,,72452.33,72442.33,below,above,above,above,below,6.732,,,10.0,731.5,46.49,84.98,72470.68,70935.26,72504.7,68634.93,72497.99,85.01,305.48,red,44.32,,False,True,80.57,,,21.24,green,9.71,2.62,11.77,0.0,,,,72616.37,72606.37,above,above,above,above,above,6.687,,,10.0,,,,
1042345521,BUY,0.02,2026-08-20T18:18:17,72604.92,2026-08-20T19:24:58,72613.33,66.7,0.17,hour_clean,-6.33,-316.6,2.27,,,,,726.94,80.49,81.98,72446.43,70780.46,72588.95,68480.98,72641.15,81.9,82.59,red,215.7,,True,False,151.68,,,28.03,green,0.0,-22.23,45.57,32.28,,,,72610.81,72600.81,above,above,above,above,below,6.717,,,10.0,732.42,47.41,85.15,72470.64,70935.26,72504.25,68634.93,72497.8,85.15,305.48,red,44.32,,False,True,80.57,,,21.24,green,9.71,2.62,11.77,0.0,,,,72611.71,72601.71,above,above,above,above,above,6.688,,,10.0,,,,
1042380840,BUY,0.02,2026-08-20T20:10:04,72729.76,2026-08-20T20:26:09,72879.76,16.1,3.0,tp,-2.5,-124.8,3.63,,,,,709.67,51.03,85.15,72540.48,71102.13,72677.4,68793.83,72641.26,84.93,284.73,green,114.71,,False,True,86.35,,,56.67,green,0.45,22.1,13.31,0.0,,,,72728.82,72718.82,above,above,above,above,above,6.075,,,10.0,720.36,52.72,88.15,72566.18,71102.13,72723.69,68793.83,72678.87,88.15,284.73,green,114.71,,False,True,86.35,,,31.74,green,20.09,26.73,21.24,0.0,,,,72879.64,72869.64,above,above,above,above,above,5.99,,,10.0,,,,
1042392026,BUY,0.02,2026-08-20T21:26:11,72750.82,2026-08-20T22:23:29,72755.82,57.3,0.1,tp,-5.56,-277.8,1.32,,,,,720.81,49.57,88.15,72627.4,71250.06,72698.74,68945.14,72688.88,88.0,30.94,red,87.18,,True,False,388.77,,,19.91,green,38.15,14.81,-25.8,0.0,,,,72753.44,72743.44,above,above,above,above,above,5.821,,,10.0,595.9,51.71,88.25,72649.66,71390.33,72645.59,69093.1,72661.39,90.68,69.14,green,120.44,,False,True,113.76,,,17.71,green,20.2,33.36,14.7,16.92,,,,72766.28,72756.28,above,above,above,above,above,5.82,,,10.0,,,,
1042395106,BUY,0.02,2026-08-20T22:10:57,72634.87,2026-08-20T22:24:38,72784.87,13.7,3.0,tp,-2.12,-106.0,3.11,5.0,13.1,496462,,594.64,66.34,88.15,72652.61,71390.33,72645.25,69093.1,72680.05,85.39,69.14,green,120.44,,False,True,113.76,41.92,,green,11.77,-16.9,-11.69,0.0,72634.03,72624.03,,below,above,below,above,below,5.831,10.0,598.07,51.73,91.25,72651.26,71390.33,72660.91,69093.1,72667.14,91.25,69.14,green,120.44,False,True,113.76,red,66.79,,green,1.33,49.87,36.58,,0.0,green,24,72797.31,72787.31,above,above,,above,above,above,5.818,83.0,70.5,10.0,,,,,,,,,
1042406581,BUY,0.02,2026-08-20T23:18:50,72951.46,2026-08-20T23:25:06,73101.46,6.3,3.0,tp,-1.66,-83.2,5.1,-0.8,6.2,496463,1,584.75,51.5,91.25,72698.05,71511.71,72832.03,69233.15,72772.77,90.96,61.35,red,190.71,,True,True,138.44,green,,73.48,red,0.0,-18.66,-12.68,0.0,green,,18,72951.46,72941.46,above,above,above,above,above,5.806,70.5,77.1,10.0,602.27,71.4,94.25,72717.58,71511.71,72916.38,69233.15,72825.98,94.25,61.35,red,190.71,,True,True,138.44,green,,4.63,green,8.57,23.04,51.11,19.19,green,,25,73216.45,73206.45,above,above,above,above,above,5.965,70.5,77.5,10.0,,,,
1042418941,BUY,0.02,2026-08-21T00:07:10,73340.82,2026-08-21T00:18:16,73490.82,11.1,3.0,tp,-3.7,-185.2,3.0,1.8,10.8,496464,1,584.71,84.7,94.25,72854.89,71653.84,73111.65,69381.06,73056.42,93.76,340.75,green,30.66,,True,False,401.74,red,,100.66,green,0.0,125.93,83.7,41.15,green,,7,73326.59,73316.59,above,above,above,above,above,6.228,72.0,74.5,10.0,594.84,114.62,97.25,72906.27,71653.84,73286.15,69381.06,73163.29,97.25,340.75,green,30.66,,True,False,401.74,green,,33.18,green,28.59,35.5,27.81,27.99,green,,18,73500.91,73490.91,above,above,above,above,above,6.329,72.0,71.9,10.0,,,,
1042642250,BUY,0.02,2026-08-21T09:32:40,77932.12,2026-08-21T09:43:08,78082.12,10.5,3.0,tp,-3.92,-196.0,3.49,5.3,10.3,496473,1,1075.88,173.68,97.25,76861.82,74120.06,77768.15,71262.1,77763.87,97.01,2959.84,green,59.5,,True,False,274.2,red,,136.24,green,50.89,100.61,38.1,0.0,green,,32,77929.98,77919.98,above,above,above,above,above,10.848,90.7,59.0,10.0,1075.88,131.18,100.25,76970.83,74120.06,77874.58,71262.1,77817.38,100.25,2959.84,green,59.5,,True,False,274.2,red,,74.08,green,54.39,80.15,29.91,31.2,red,,43,78114.26,78104.26,above,above,above,above,above,10.823,90.7,75.5,10.0,,,,
1042722405,BUY,0.02,2026-08-21T11:58:09,76877.72,2026-08-21T12:06:39,76855.66,8.5,-0.44,hour_clean,-7.67,-383.5,0.27,3.9,-0.1,496475,2,1167.85,119.26,100.25,77319.17,74794.21,76884.2,71767.79,77089.83,80.21,96.23,red,199.16,,False,False,347.0,red,,50.03,green,26.99,-49.48,-12.2,21.95,green,,58,76865.93,76855.93,below,above,below,above,below,10.998,76.9,52.6,10.0,1167.75,143.29,99.81,77270.83,74976.96,76786.53,71961.74,76982.13,80.07,1074.68,red,323.58,,False,True,57.12,red,,138.29,green,0.0,32.46,143.07,0.0,red,,6,76859.66,76849.66,below,above,above,above,below,10.999,68.9,48.5,10.0,,,,
1042732453,BUY,0.02,2026-08-21T12:14:03,76962.72,2026-08-21T12:39:21,77112.72,25.3,3.0,tp,-7.24,-362.0,3.35,15.9,24.9,496476,2,1174.45,131.95,199.81,77237.93,74976.96,76820.61,71961.74,76944.54,181.35,1074.68,red,323.58,,False,True,57.12,red,,157.0,green,18.53,142.56,47.68,18.89,green,,14,76948.19,76938.19,below,above,above,above,below,10.987,68.9,64.2,10.0,1185.38,102.33,202.81,77136.06,74976.96,76818.71,71961.74,76845.63,188.6,1074.68,red,323.58,,False,True,57.12,red,,42.92,green,1.19,84.4,89.84,52.63,red,,39,77135.86,77125.86,below,above,above,above,above,10.96,68.9,80.9,10.0,,,,
1042805214,BUY,0.02,2026-08-21T13:45:17,77419.61,2026-08-21T13:50:09,77569.61,4.9,3.0,tp,-6.11,-305.4,3.25,0.7,4.7,496477,2,1241.6,202.11,202.81,77097.36,75188.39,76995.62,72167.1,76986.55,194.71,485.7,green,217.08,,False,False,265.48,green,,58.72,green,41.13,26.74,83.11,0.0,green,,45,77435.36,77425.36,above,above,above,above,above,10.615,70.7,70.5,10.0,1252.8,178.66,205.81,77108.96,75188.39,77138.36,72167.1,77051.17,200.31,485.7,green,217.08,,False,False,265.48,green,,77.67,green,0.0,118.73,178.5,90.89,green,,50,77571.71,77561.71,above,above,above,above,above,10.597,70.7,91.2,10.0,,,,
1042845940,BUY,0.02,2026-08-21T14:37:04,77160.43000000001,2026-08-21T14:47:02,77310.43,10.0,3.0,tp,-6.88,-344.1,3.11,1.9,9.9,496478,2,1242.86,123.89,205.81,77076.59,75382.26,77042.86,72365.42,77019.26,191.95,25.86,green,1000.37,,True,True,479.59,green,,189.26,green,15.1,127.92,-16.54,31.26,green,,37,77161.77,77151.77,above,above,above,above,above,10.574,69.8,66.2,10.0,1248.69,118.25,208.81,77074.71,75382.26,77079.53,72365.42,77036.43,198.4,25.86,green,1000.37,,True,True,479.59,green,,65.04,green,21.37,86.02,107.17,20.25,green,,47,77325.89,77315.89,above,above,above,above,above,10.503,69.8,59.0,10.0,,,,
1042679407,BUY,0.02,2026-08-21T10:44:31,77836.71,2026-08-21T21:23:52,77920.1,639.4,1.67,hour_clean,-32.79,-1639.3,2.96,171.5,2.5,496474,1,1085.56,100.69,100.25,77392.91,74478.76,77799.36,71521.92,77849.82,100.07,1357.46,red,661.22,,False,False,101.35,red,,114.61,green,0.0,27.29,2.61,34.92,green,,44,77837.27,77827.27,above,above,above,above,below,10.861,77.5,49.7,10.0,1127.15,129.97,211.85,77343.08,76337.5,77641.6,73565.84,77530.26,211.85,484.12,green,192.04,,True,False,39.79,green,,61.21,green,24.96,52.53,31.74,6.27,green,,23,77939.47,77929.47,above,above,above,above,above,9.035,61.6,79.1,10.0,,,,
1042870348,BUY,0.02,2026-08-21T15:15:32,77849.57,2026-08-21T21:23:53,77918.14,368.4,1.37,hour_clean,-25.52,-1276.2,2.12,209.5,367.5,496479,2,1144.75,123.01,208.81,77173.08,75570.1,77544.94,72561.06,77356.42,208.67,131.6,green,711.82,,False,False,68.82,green,,12.11,green,47.98,107.01,21.95,105.68,red,,15,77849.57,77839.57,above,above,above,above,above,9.756,68.2,77.1,10.0,1127.15,129.97,211.85,77343.08,76337.5,77641.6,73565.84,77530.26,211.85,484.12,green,192.04,,True,False,39.79,green,,61.21,green,24.96,52.53,31.74,6.27,green,,23,77939.47,77929.47,above,above,above,above,above,9.035,61.6,79.1,10.0,,,,
1043000891,BUY,0.02,2026-08-21T22:06:16,78536.71,2026-08-21T22:07:13,78686.71,0.9,3.0,tp,-1.19,-59.6,3.86,-0.3,0.7,496486,1,972.38,153.51,211.85,77675.56,76543.23,78389.39,73759.21,78194.07,212.1,1004.04,green,142.27,green,True,False,170.56,green,green,135.13,green,66.2,66.71,-39.97,6.02,red,green,6,78558.81,78548.81,above,above,above,above,above,8.893,63.1,50.4,10.0,984.14,156.72,214.85,77686.35,76543.23,78424.24,73759.21,78216.14,214.85,1004.04,green,142.27,green,True,False,170.56,green,green,66.66,green,33.17,107.34,167.92,46.94,red,green,7,78739.84,78729.84,above,above,above,above,above,8.873,63.1,59.8,10.0,,,,
1043007247,BUY,0.02,2026-08-21T23:09:50,78537.13,2026-08-21T23:17:14,78687.13,7.4,3.0,tp,-1.79,-89.7,3.11,-0.8,7.2,496487,1,857.7,90.38,214.85,78046.65,76724.31,78447.85,73942.79,78430.02,214.87,41.26,red,385.89,green,True,False,270.36,red,green,4.05,green,66.75,-2.46,-21.08,17.61,red,green,9,78537.13,78527.13,above,above,above,above,above,8.554,42.8,49.7,10.0,868.18,80.95,217.85,78086.01,76724.31,78516.49,73942.79,78466.65,217.85,41.26,red,385.89,green,True,False,270.36,green,green,11.78,green,24.8,53.9,63.86,47.78,green,green,17,78702.48,78692.48,above,above,above,above,above,8.446,42.8,78.3,10.0,,,,
1043021915,BUY,0.02,2026-08-22T03:25:11,78635.24,2026-08-22T03:29:30,78785.24,4.3,3.0,tp,-1.13,-56.7,3.08,-0.2,3.8,496491,1,731.35,66.74,217.85,78229.55,77192.22,78526.94,74563.33,78448.98,217.55,649.9,green,53.06,green,True,True,80.17,red,green,7.17,green,29.13,-12.17,-14.57,8.41,red,green,25,78630.22,78620.22,above,above,above,above,above,6.515,66.7,65.7,10.0,738.27,74.2,220.85,78249.59,77192.22,78597.02,74563.33,78492.07,220.85,649.9,green,53.06,green,True,True,80.17,red,green,2.73,red,13.3,-4.38,28.84,20.51,red,green,29,78780.16,78770.16,above,above,above,above,above,6.503,66.7,76.2,10.0,,,,
1043025030,BUY,0.02,2026-08-22T04:29:43,78574.72,2026-08-22T04:34:32,78724.72,4.8,3.0,tp,-1.52,-76.0,3.05,0.3,4.3,496492,1,704.04,76.08,220.85,78349.52,77306.67,78431.67,74713.56,78440.12,220.37,76.97,red,52.73,green,True,False,365.4,red,green,13.64,green,0.0,-16.87,-3.7,26.38,green,green,29,78560.59,78550.59,above,above,above,above,above,6.079,65.1,70.3,10.0,715.64,81.66,223.85,78362.44,77306.67,78506.02,74713.56,78471.98,223.85,76.97,red,52.73,green,True,False,365.4,green,green,35.93,red,0.0,-14.57,30.65,17.7,green,green,34,78726.84,78716.84,above,above,above,above,above,5.978,65.1,79.1,10.0,,,,
1043045148,SELL,0.02,2026-08-22T08:33:46,77080.32,2026-08-22T08:34:18,77075.32,0.5,0.1,tp,-1.01,-50.7,0.42,0.2,0.2,496496,3,756.6,75.15,173.85,77464.64,77403.69,77222.42,75144.17,77285.57,165.9,183.53,red,90.39,red,True,False,198.96,red,red,1.29,red,46.4,-34.37,-29.78,28.57,red,red,33,77087.51,77077.51,below,below,below,above,below,4.304,49.0,28.8,10.0,756.6,76.03,173.95,77460.63,77403.69,77207.3,75144.17,77276.92,166.14,183.53,red,90.39,red,True,False,198.96,red,red,30.39,red,18.81,-25.66,-5.21,6.61,red,red,34,77069.12,77059.12,below,below,below,above,below,4.305,49.0,28.5,10.0,,,,
1043045151,SELL,0.02,2026-08-22T08:33:47,77077.51,2026-08-22T09:47:03,77004.63,73.3,1.46,hour_clean,-6.08,-304.1,1.66,41.2,73.2,496496,3,756.6,75.15,173.85,77464.64,77403.69,77222.42,75144.17,77285.57,165.9,183.53,red,90.39,red,True,False,198.96,red,red,1.29,red,46.4,-34.37,-29.78,28.57,red,red,33,77087.51,77077.51,below,below,below,above,below,4.304,49.0,28.8,10.0,750.09,43.4,175.41,77318.08,77383.0,77151.21,75224.28,77185.68,166.25,101.47,red,185.69,red,False,True,140.62,red,red,47.35,red,0.5,-100.62,-30.23,5.79,green,red,47,77010.11,77000.11,below,below,below,above,below,3.427,50.9,16.2,10.0,,,,
1043040897,BUY,0.02,2026-08-22T07:25:36,77457.97,2026-08-22T10:01:38,76953.17,156.0,-10.1,manual,-12.83,-641.4,0.79,141.4,7.4,496495,1,797.42,80.26,173.85,77608.8,77416.38,77383.92,75056.81,77390.43,173.64,94.66,green,415.09,red,False,False,97.08,red,green,1.51,green,35.92,3.17,37.24,8.03,green,green,25,77457.65,77447.65,below,above,above,above,above,4.316,50.3,60.7,10.0,720.56,74.4,165.31,77270.77,77349.99,77009.94,75295.31,77088.42,165.31,149.51,red,220.03,red,False,True,195.47,red,red,60.86,red,1.74,4.52,-26.78,11.12,green,red,1,76941.67,76931.67,below,below,below,above,below,3.43,50.3,52.7,10.0,,,,
1043051466,SELL,0.02,2026-08-22T10:09:16,76769.25,2026-08-22T10:22:45,76619.25,13.5,3.0,tp,-2.03,-101.3,3.98,0.7,12.7,496498,1,732.55,79.65,165.31,77238.83,77349.99,76920.25,75295.31,77023.89,165.22,149.51,red,220.03,red,False,True,195.47,red,red,54.32,red,17.86,-1.78,-53.33,41.17,red,red,9,76773.84,76763.84,below,below,below,above,below,3.438,50.3,30.9,10.0,746.39,89.94,168.31,77176.57,77349.99,76770.47,75295.31,76902.17,168.31,149.51,red,220.03,red,False,True,195.47,red,red,47.13,green,5.1,32.49,25.31,4.41,red,red,22,76590.63,76580.63,below,below,below,above,below,3.446,50.3,35.6,10.0,,,,
1043068369,SELL,0.02,2026-08-22T13:19:58,77131.96,2026-08-22T14:06:41,77071.53,46.7,1.21,hour_clean,-4.59,-229.4,1.44,33.0,46.0,496501,2,640.33,43.46,168.31,77164.56,77292.28,77211.32,75501.77,77228.84,161.23,163.32,green,66.08,red,True,False,104.34,red,red,4.75,green,29.08,-73.59,2.27,9.54,red,red,19,77141.96,77131.96,below,below,below,above,below,3.421,32.9,38.5,10.0,602.52,48.49,169.52,77177.23,77290.5,77218.88,75571.11,77213.82,163.96,4.2,red,184.69,red,False,False,83.86,green,red,65.47,red,0.0,-12.74,-29.43,22.15,red,red,6,77075.96,77065.96,below,below,below,above,below,3.024,34.1,18.1,10.0,,,,
1043077118,SELL,0.02,2026-08-22T15:15:05,76922.66,2026-08-22T21:42:40,76917.66,387.6,0.1,tp,-12.48,-624.1,1.36,90.9,7.9,496503,2,592.89,54.63,169.52,77090.8,77262.16,76977.29,75626.85,77005.92,166.53,280.65,red,85.16,red,False,True,31.33,red,red,11.38,red,0.0,-10.22,6.42,29.33,red,red,15,76934.98,76924.98,below,below,below,above,below,3.03,35.2,34.3,10.0,385.9,52.09,169.62,77233.58,77261.9,77056.74,75973.46,77132.61,136.77,107.82,red,53.9,red,True,False,60.74,green,red,5.77,red,0.51,-0.92,25.82,27.31,red,red,42,76911.1,76901.1,below,below,below,above,below,3.031,45.2,19.2,10.0,,,,
1043058807,SELL,0.02,2026-08-22T11:19:52,76797.76,2026-08-22T22:02:16,76792.76,642.4,0.1,tp,-14.98,-749.0,0.31,326.1,642.1,496499,1,685.34,63.87,168.31,77072.27,77312.27,76888.18,75360.31,76921.23,167.89,91.01,red,448.24,red,False,True,135.42,red,red,9.79,green,19.33,-2.99,-1.45,15.36,red,red,19,76819.14,76809.14,below,below,below,above,below,3.436,43.5,29.6,10.0,373.95,52.66,169.72,77175.73,77223.01,76914.44,76007.83,77008.27,133.28,451.25,red,53.82,red,False,True,11.3,red,red,31.12,red,4.84,-23.82,21.89,27.38,red,red,2,76813.58,76803.58,below,below,below,above,below,3.034,39.1,32.7,10.0,,,,
1043105786,BUY,0.02,2026-08-22T22:17:02,77115.19,2026-08-23T00:24:34,77177.8,127.5,1.26,hour_clean,-5.41,-270.7,1.37,16.0,127.0,496510,3,391.43,63.85,169.72,77160.09,77223.01,77037.83,76007.83,77034.88,151.3,451.25,red,53.82,green,False,True,11.3,green,green,31.28,green,3.09,0.98,5.66,18.3,green,green,17,77116.65,77106.65,below,below,above,above,above,3.023,39.1,68.2,10.0,331.81,40.0,170.98,77071.16,77187.57,77087.71,76086.01,77063.63,156.56,67.04,green,110.96,green,False,False,67.84,red,green,37.41,green,8.56,22.31,0.35,0.0,green,green,24,77180.42,77170.42,above,below,above,above,above,3.02,50.5,74.9,10.0,,,,
1043095605,BUY,0.04,2026-08-22T20:00:06,77422.02,2026-08-23T05:00:01,76558.32,539.9,-34.55,escape_cut,-38.77,-969.2,1.91,538.9,12.9,496508,3,375.34,24.79,169.52,77272.96,77257.73,77414.6,75919.29,77365.5,146.64,147.57,green,63.76,green,True,False,60.57,red,green,29.2,red,4.07,-11.17,-19.43,0.0,red,green,0,77423.79,77413.79,above,above,above,above,above,3.011,50.9,41.9,10.0,325.81,81.08,105.26,76945.3,77103.12,76673.78,76250.17,76766.89,132.33,325.42,red,140.4,red,False,True,107.45,red,red,14.42,green,125.98,53.76,-124.34,77.95,red,red,0,76573.17,76563.17,below,below,below,above,below,2.78,40.8,32.9,10.0,,,,
1043097781,BUY,0.02,2026-08-22T20:40:08,77388.40000000001,2026-08-23T05:00:02,76555.89,499.9,-16.65,escape_cut,-18.71,-935.6,0.48,498.9,-0.1,496508,4,390.15,30.9,169.52,77297.73,77257.73,77323.79,75919.29,77342.14,146.35,147.57,green,63.76,red,True,False,60.57,red,green,59.87,green,0.0,57.55,24.27,1.99,green,green,40,77388.4,77378.4,above,above,above,above,above,3.012,50.9,60.6,10.0,325.81,81.08,105.26,76945.3,77103.12,76673.78,76250.17,76766.89,132.33,325.42,red,140.4,red,False,True,107.45,red,red,14.42,green,125.98,53.76,-124.34,77.95,red,red,0,76573.17,76563.17,below,below,below,above,below,2.78,40.8,32.9,10.0,,,,
1043112570,BUY,0.02,2026-08-23T01:14:01,77282.05,2026-08-23T05:00:02,76555.89,226.0,-14.52,escape_cut,-16.58,-829.2,2.37,225.0,-0.0,496513,3,322.67,40.46,170.98,77142.64,77196.26,77247.49,76132.79,77227.26,162.32,222.86,green,32.35,red,True,False,61.02,green,red,32.73,green,0.0,33.82,19.32,0.0,green,green,14,77280.32,77270.32,above,above,above,above,above,3.016,57.8,55.5,10.0,325.81,81.08,105.26,76945.3,77103.12,76673.78,76250.17,76766.89,132.33,325.42,red,140.4,red,False,True,107.45,red,red,14.42,green,125.98,53.76,-124.34,77.95,red,red,0,76573.17,76563.17,below,below,below,above,below,2.78,40.8,32.9,10.0,,,,
1043117684,SELL,0.08,2026-08-23T04:00:12,76911.52,2026-08-23T05:00:05,76590.52,59.9,25.68,hour_clean,-9.16,-114.6,36.7,14.8,58.8,496516,4,299.11,30.91,170.98,77068.14,77156.54,76927.2,76236.16,76961.97,132.82,142.6,red,101.17,red,False,True,70.15,green,red,4.16,red,7.49,-0.6,4.38,5.42,red,red,0,76919.29,76909.29,below,below,below,above,below,2.995,41.6,45.2,10.0,326.83,82.1,130.94,76945.74,77103.12,76678.01,76250.17,76768.63,130.94,325.42,red,140.4,green,False,True,107.45,red,green,14.42,green,125.98,53.76,-124.34,77.95,red,green,0,76617.54,76607.54,below,below,below,above,below,2.778,40.8,37.2,10.0,,,,
1043154602,BUY,0.02,2026-08-23T12:24:01,77128.53,2026-08-23T13:00:02,77196.59,36.0,1.3599999999999999,hour_flat,-2.76,-137.8,2.45,3.0,23.0,496524,1,456.14,39.02,130.94,76879.21,76815.76,77105.17,76307.07,77119.58,130.64,512.66,green,60.89,red,True,False,105.45,red,green,28.65,green,2.68,4.72,0.39,5.3,green,green,24,77123.37,77113.37,above,above,above,above,below,2.574,57.0,59.4,10.0,439.08,25.03,132.3,76957.29,76851.35,77175.04,76341.66,77146.53,132.3,96.58,red,204.91,green,False,False,7.6,red,green,3.76,red,4.62,6.04,-4.76,14.26,green,green,0,77206.59,77196.59,above,above,above,above,above,2.571,53.3,37.7,10.0,,,,
1043157022,BUY,0.02,2026-08-23T13:10:01,77247.8,2026-08-23T13:17:41,77397.8,7.7,3.0,tp,-0.35,-17.4,3.57,-0.0,7.0,496525,1,444.18,22.32,132.3,76981.08,76851.35,77196.49,76341.66,77166.68,132.33,96.58,red,204.91,green,False,False,7.6,red,green,56.05,green,2.46,40.49,0.51,3.92,green,green,10,77259.67,77249.67,above,above,above,above,above,2.569,53.3,64.8,10.0,456.8,37.33,135.3,77004.37,76851.35,77263.15,76341.66,77205.72,135.3,96.58,red,204.91,green,False,False,7.6,green,green,13.77,green,3.3,-6.1,4.32,3.76,green,green,17,77402.0,77392.0,above,above,above,above,above,2.564,53.3,77.1,10.0,,,,
1043169763,BUY,0.02,2026-08-23T14:55:02,77251.11,2026-08-23T15:00:02,77204.64,5.0,-0.93,hour_flat,-2.9,-144.9,0.0,2.0,-0.0,496526,1,519.7,139.62,135.3,77247.7,76910.06,77224.27,76385.78,77312.54,134.93,274.83,green,20.17,red,True,False,294.46,red,green,72.57,green,9.24,96.88,3.71,59.11,green,red,55,77242.5,77232.5,below,above,above,above,below,2.847,56.3,42.9,10.0,502.89,76.47,134.37,77243.78,76935.37,77203.32,76416.75,77286.47,134.37,295.43,red,403.5,green,False,True,163.58,green,green,23.29,green,17.19,-7.35,1.25,5.58,red,green,0,77214.64,77204.64,below,above,above,above,below,2.848,48.4,64.5,10.0,,,,
1043174592,BUY,0.02,2026-08-23T15:44:02,77293.45,2026-08-23T16:00:02,77127.03,16.0,-3.33,hour_flat,-3.68,-184.1,0.27,14.0,-0.0,496527,1,531.16,47.11,134.37,77226.76,76935.37,77218.99,76416.75,77216.06,134.27,295.43,red,403.5,green,False,True,163.58,green,green,48.56,green,0.0,22.68,1.25,3.28,green,green,44,77298.44,77288.44,above,above,above,above,above,2.845,48.4,60.4,10.0,516.3,38.46,131.04,77217.08,76954.19,77166.53,76444.56,77188.91,131.04,51.24,red,228.2,green,False,False,145.01,red,green,14.14,green,2.89,7.97,0.46,29.32,red,green,0,77143.53,77133.53,below,above,below,above,below,2.851,49.3,39.6,10.0,,,,
1043176798,BUY,0.02,2026-08-23T16:17:01,77285.97,2026-08-23T16:51:49,77435.97,34.8,3.0,tp,-1.94,-96.8,3.02,3.0,34.0,496528,1,529.04,37.15,131.04,77219.85,76954.19,77228.66,76444.56,77212.82,130.91,51.24,red,228.2,green,False,False,145.01,green,green,43.06,green,5.37,53.99,6.0,33.61,green,green,17,77289.49,77279.49,above,above,above,above,above,2.845,49.3,59.8,10.0,537.99,38.34,134.04,77252.21,76954.19,77363.04,76444.56,77312.45,134.04,51.24,red,228.2,green,False,False,145.01,green,green,18.26,green,3.44,0.48,1.64,7.81,red,green,51,77446.5,77436.5,above,above,above,above,above,2.839,49.3,69.9,10.0,,,,
1043180558,BUY,0.02,2026-08-23T17:10:01,77330.84,2026-08-23T18:00:02,77180.56,50.0,-3.01,hour_flat,-4.04,-202.0,0.81,22.0,13.0,496529,1,539.56,62.68,134.04,77266.46,76996.15,77322.79,76481.82,77320.51,133.83,267.72,green,2.18,red,True,False,69.73,green,red,18.4,green,1.3,11.02,60.62,2.4,green,green,10,77330.42,77320.42,above,above,above,above,above,2.844,54.9,43.4,10.0,500.55,37.06,131.03,77257.5,77012.14,77218.81,76508.55,77245.26,131.03,230.56,red,41.74,green,False,True,37.02,red,green,47.31,red,0.0,-0.26,-28.95,5.89,red,green,0,77190.56,77180.56,below,above,below,above,below,2.849,53.5,34.4,10.0,,,,
1043186255,BUY,0.02,2026-08-23T18:27:02,77374.95,2026-08-23T19:00:01,77354.44,33.0,-0.41,hour_flat,-2.72,-136.0,0.54,20.0,1.0,496530,1,520.9,43.18,131.03,77261.36,77012.14,77302.07,76508.55,77273.41,130.75,230.56,red,41.74,green,False,True,37.02,green,green,19.26,green,0.0,14.34,38.45,5.71,red,green,27,77370.76,77360.76,above,above,above,above,above,2.842,53.5,53.8,10.0,439.36,32.93,130.62,77274.99,77042.52,77306.27,76540.81,77298.72,130.62,172.46,green,70.81,green,False,True,70.3,green,green,24.35,green,1.35,22.58,20.21,0.0,green,green,0,77364.44,77354.44,above,above,above,above,above,2.842,61.0,57.2,10.0,,,,
1043188501,BUY,0.02,2026-08-23T19:15:02,77319.44,2026-08-23T19:45:19,77469.44,30.3,3.0,tp,-1.79,-89.7,3.28,18.0,30.0,496531,1,449.98,36.19,130.62,77279.66,77042.52,77303.76,76540.81,77302.28,130.49,172.46,green,70.81,red,False,True,70.3,red,green,21.09,green,0.0,21.04,55.81,4.68,green,green,15,77323.1,77313.1,above,above,above,above,above,2.844,61.0,40.7,10.0,455.83,41.57,133.62,77298.65,77042.52,77363.5,76540.81,77340.12,133.62,172.46,green,70.81,green,False,True,70.3,green,green,3.8,green,15.14,24.7,43.69,23.45,green,green,45,77461.4,77451.4,above,above,above,above,above,2.839,61.0,81.1,10.0,,,,
1043266977,BUY,0.01,2026-08-24T00:34:01,77468.0,2026-08-24T00:34:16,77478.0,0.2,0.1,tp,-0.36,-36.2,0.13,-0.0,-0.0,496536,2,464.04,69.15,133.62,77562.45,77259.45,77462.18,76729.36,77520.53,133.49,128.68,green,325.35,red,False,True,91.53,red,green,33.7,green,10.03,53.39,55.02,21.37,red,green,34,77469.09,77459.09,below,above,above,above,below,3.214,70.1,44.0,10.0,464.04,71.39,133.72,77562.66,77259.45,77464.26,76729.36,77521.39,133.9,128.68,green,325.35,red,False,True,91.53,red,green,33.7,green,10.03,53.39,55.02,21.37,red,green,34,77490.9,77480.9,below,above,above,above,below,3.213,70.1,46.3,10.0,,,,
1043266980,BUY,0.01,2026-08-24T00:34:02,77462.52,2026-08-24T01:00:01,77687.32,26.0,2.24,hour_flat,-3.27,-326.6,2.25,12.0,26.0,496536,2,464.04,69.15,133.62,77562.45,77259.45,77462.18,76729.36,77520.53,133.49,128.68,green,325.35,red,False,True,91.53,red,green,33.7,green,10.03,53.39,55.02,21.37,red,green,34,77469.09,77459.09,below,above,above,above,below,3.214,70.1,44.0,10.0,424.61,77.56,135.96,77534.41,77299.13,77494.79,76766.49,77479.2,135.96,53.23,red,540.41,green,False,True,13.56,green,green,74.05,green,5.18,75.05,57.99,0.0,green,green,0,77697.32,77687.32,above,above,above,above,above,3.204,66.1,92.4,10.0,,,,
1043327272,BUY,0.01,2026-08-24T03:24:01,77220.19,2026-08-24T03:24:18,77230.19,0.3,0.1,tp,-0.18,-17.7,0.46,-0.0,-0.0,496539,2,496.1,48.5,135.96,77363.05,77282.46,77227.01,76799.75,77288.17,135.65,560.46,green,46.78,red,False,True,74.72,red,green,57.14,green,2.02,59.53,0.39,17.22,red,green,24,77215.06,77205.06,below,below,below,above,below,3.224,54.0,38.5,10.0,496.1,52.4,136.06,77363.66,77282.46,77232.82,76799.75,77290.56,136.51,560.46,green,46.78,red,False,True,74.72,red,green,57.14,green,2.02,59.53,0.39,17.22,red,green,24,77276.06,77266.06,below,below,above,above,below,3.222,54.0,46.8,10.0,,,,
1043327276,BUY,0.01,2026-08-24T03:24:01,77220.68000000001,2026-08-24T04:00:00,76931.03,36.0,-2.9,hour_flat,-3.09,-308.6,0.47,34.0,-0.0,496539,2,496.1,48.5,135.96,77363.05,77282.46,77227.01,76799.75,77288.17,135.65,560.46,green,46.78,red,False,True,74.72,red,green,57.14,green,2.02,59.53,0.39,17.22,red,green,24,77215.06,77205.06,below,below,below,above,below,3.224,54.0,38.5,10.0,449.73,50.91,133.16,77261.19,77249.16,76988.47,76804.97,77074.95,133.16,540.34,red,20.9,red,False,False,54.23,red,red,16.74,green,0.0,-8.33,4.16,6.38,red,red,0,76941.03,76931.03,below,below,below,above,below,3.236,42.9,41.6,10.0,,,,
1043565157,SELL,0.01,2026-08-24T12:33:01,78522.7,2026-08-24T12:33:14,78372.7,0.2,1.5,tp,-0.38,-38.5,1.82,-0.0,-0.0,496548,1,635.31,95.56,133.16,77895.18,77391.43,78384.65,76983.14,78264.54,133.75,813.66,green,190.41,green,True,True,169.81,green,green,46.09,red,10.34,70.89,32.76,127.25,green,green,33,78463.73,78453.73,above,above,above,above,above,2.653,56.3,65.3,10.0,635.31,103.66,134.66,77894.05,77391.43,78373.84,76983.14,78260.09,134.66,813.66,green,190.41,red,True,True,169.81,green,red,46.09,red,10.34,70.89,32.76,127.25,green,red,33,78350.3,78340.3,above,above,below,above,above,2.657,56.3,56.3,10.0,,,,
1043596479,SELL,0.01,2026-08-24T13:13:01,79147.78,2026-08-24T13:15:59,78997.78,3.0,1.5,tp,-1.13,-112.8,1.74,-0.0,3.0,496549,1,673.84,126.22,134.66,78248.36,77557.95,79086.81,77067.65,78871.13,134.55,719.98,green,472.4,green,True,False,172.43,green,green,163.84,red,54.46,-88.67,-91.56,0.98,green,red,13,79158.81,79148.81,above,above,above,above,above,3.515,64.8,50.7,10.0,673.84,127.29,136.16,78273.07,77557.95,79083.49,77067.65,78894.67,136.16,719.98,green,472.4,red,True,False,172.43,green,red,219.05,red,0.0,-21.75,-198.62,16.61,red,red,16,79025.63,79015.63,above,above,below,above,above,3.521,64.8,50.9,10.0,,,,
1043659194,SELL,0.01,2026-08-24T14:24:00,79083.43000000001,2026-08-24T14:24:32,78933.43,0.5,1.5,tp,-5.51,-550.6,1.85,-1.0,0.0,496550,1,786.78,163.13,136.16,78528.76,77653.95,79066.38,77126.38,78887.56,135.26,573.53,red,745.42,green,True,True,287.12,green,red,213.16,red,187.61,291.31,-266.49,309.98,red,green,24,79173.43,79163.43,above,above,above,above,above,3.777,57.4,56.5,10.0,786.78,176.55,137.66,78526.12,77653.95,79041.15,77126.38,78877.17,137.66,573.53,red,745.42,green,True,True,287.12,green,red,213.16,red,187.61,291.31,-266.49,309.98,red,red,24,78908.57,78898.57,above,above,below,above,above,3.789,57.4,42.7,10.0,,,,
1043694925,SELL,0.01,2026-08-24T15:24:00,79781.15000000001,2026-08-24T15:38:15,79631.15,14.2,1.5,tp,-2.15,-214.7,1.82,8.0,14.0,496551,1,783.53,112.96,137.66,78990.75,77827.64,79666.72,77218.5,79531.27,137.31,915.21,green,8.31,green,True,False,348.97,green,green,43.04,red,33.99,46.79,56.58,71.39,green,green,24,79815.96,79805.96,above,above,above,above,above,4.095,63.8,65.7,10.0,789.48,143.73,139.16,79102.24,77827.64,79779.38,77218.5,79661.41,139.16,915.21,green,8.31,green,True,False,348.97,green,red,121.73,red,30.53,-92.72,-128.44,0.0,red,red,38,79632.87,79622.87,above,above,below,above,below,4.209,63.8,35.4,10.0,,,,
1043841990,BUY,0.01,2026-08-24T22:34:01,78848.86,2026-08-24T22:34:23,78858.86,0.4,0.1,tp,-0.22,-21.6,0.23,-0.0,-0.0,496558,2,804.78,46.57,139.16,78883.79,78372.84,78819.7,77632.5,78859.37,139.06,41.68,green,94.42,red,True,False,70.4,red,green,59.42,green,10.73,42.51,27.39,0.0,red,green,34,78858.75,78848.75,below,above,above,above,below,4.251,66.1,53.1,10.0,804.78,48.91,139.26,78884.01,78372.84,78821.86,77632.5,78860.26,139.38,41.68,green,94.42,red,True,False,70.4,red,green,59.42,green,10.73,42.51,27.39,0.0,red,green,34,78881.45,78871.45,below,above,above,above,above,4.249,66.1,55.8,10.0,,,,
1043841992,BUY,0.01,2026-08-24T22:34:02,78858.81,2026-08-24T23:00:00,78732.92,26.0,-1.26,hour_flat,-1.89,-189.1,0.47,22.0,3.0,496558,2,804.78,46.57,139.16,78883.79,78372.84,78819.7,77632.5,78859.37,139.06,41.68,green,94.42,red,True,False,70.4,red,green,59.42,green,10.73,42.51,27.39,0.0,red,green,34,78858.75,78848.75,below,above,above,above,below,4.251,66.1,53.1,10.0,767.01,36.7,138.0,78860.36,78407.07,78764.54,77675.66,78803.79,138.0,233.55,red,63.15,doji,False,True,18.0,red,doji,13.37,green,0.0,-10.49,6.36,0.0,red,doji,0,78742.92,78732.92,below,above,below,above,below,4.257,66.5,38.3,10.0,,,,
1043931286,SELL,0.01,2026-08-25T03:00:02,80654.90000000001,2026-08-25T03:26:29,80504.9,26.4,1.5,tp,-2.86,-286.1,1.67,8.0,26.0,496563,1,697.67,101.48,138.0,79889.11,78883.99,80682.77,77991.99,80576.05,138.11,814.64,green,104.0,red,True,False,629.2,red,red,21.33,red,25.38,13.23,5.91,16.87,green,red,0,80643.64,80633.64,above,above,below,above,above,5.731,65.1,41.5,10.0,728.46,99.66,139.5,80084.91,78883.99,80695.99,77991.99,80674.94,139.5,814.64,green,104.0,red,True,False,629.2,green,red,58.72,red,6.95,-90.47,-16.7,0.0,red,red,26,80501.38,80491.38,above,above,below,above,below,5.741,65.1,26.6,10.0,,,,
1044183779,BUY,0.01,2026-08-25T12:09:01,78828.23,2026-08-25T12:11:26,78978.23,2.4,1.5,tp,-0.59,-59.2,1.53,-0.0,2.0,496572,1,753.1,98.05,139.5,79407.74,79412.17,78984.54,78555.37,79105.59,139.38,179.08,red,98.6,red,True,False,180.87,red,red,109.82,green,51.24,17.47,-32.08,0.0,red,red,9,78826.3,78816.3,below,below,below,above,below,4.371,51.4,33.6,10.0,753.1,112.3,141.0,79397.78,79412.17,78970.41,78555.37,79090.17,141.0,179.08,red,98.6,red,True,False,180.87,red,red,24.99,green,21.3,-21.81,33.03,9.88,red,green,11,78965.98,78955.98,below,below,below,above,below,4.364,51.4,39.3,10.0,,,,
1044235003,BUY,0.01,2026-08-25T13:24:02,78731.48,2026-08-25T13:33:14,78881.48,9.2,1.5,tp,-1.72,-171.8,1.59,4.0,9.0,496573,1,765.4,99.62,141.0,79136.95,79369.73,78788.96,78571.63,78870.18,140.93,144.66,red,359.48,red,False,True,51.53,red,red,18.77,green,157.78,-33.54,-93.74,13.62,red,green,24,78733.59,78723.59,below,below,below,above,below,4.377,52.4,38.1,10.0,765.4,123.46,142.5,79100.78,79369.73,78753.46,78571.63,78824.97,142.5,144.66,red,359.48,red,False,True,51.53,red,green,30.4,green,62.31,57.33,69.88,26.25,red,green,33,78892.31,78882.31,below,below,above,above,above,4.368,52.4,64.7,10.0,,,,
1044430354,BUY,0.01,2026-08-25T18:59:01,79130.54000000001,2026-08-25T19:00:02,79108.76,1.0,-0.22,hour_flat,-0.25,-24.8,0.08,1.0,-0.0,496578,2,693.92,42.96,142.5,79157.11,79288.66,79135.95,78676.94,79162.73,142.27,73.35,green,411.49,red,False,True,33.81,red,red,24.47,green,9.46,16.78,20.68,0.11,red,green,59,79128.56,79118.56,below,below,below,above,below,4.007,36.5,42.3,10.0,658.37,40.8,142.06,79156.51,79271.44,79132.3,78693.81,79160.15,142.06,114.28,red,78.74,green,True,False,153.43,red,green,5.02,red,0.0,27.48,30.4,26.1,green,green,0,79117.84,79107.84,below,below,below,above,below,4.007,36.5,33.2,10.0,,,,
1044430358,BUY,0.01,2026-08-25T18:59:02,79130.3,2026-08-25T19:00:03,79107.84,1.0,-0.22,hour_flat,-0.25,-24.6,0.08,1.0,-0.0,496578,2,693.92,42.96,142.5,79157.11,79288.66,79135.95,78676.94,79162.73,142.27,73.35,green,411.49,red,False,True,33.81,red,red,24.47,green,9.46,16.78,20.68,0.11,red,green,59,79128.56,79118.56,below,below,below,above,below,4.007,36.5,42.3,10.0,658.37,40.8,142.06,79156.51,79271.44,79132.3,78693.81,79160.15,142.06,114.28,red,78.74,green,True,False,153.43,red,green,5.02,red,0.0,27.48,30.4,26.1,green,green,0,79117.84,79107.84,below,below,below,above,below,4.007,36.5,33.2,10.0,,,,
1044443914,SELL,0.02,2026-08-25T19:27:21,78957.19,2026-08-25T19:27:26,78952.19,0.1,0.1,tp,-0.42,-21.0,0.45,-0.3,-0.3,496579,2,678.06,51.56,142.06,79146.45,79271.44,79109.0,78693.81,79129.33,137.22,114.28,red,78.74,red,True,False,153.43,green,red,102.84,red,9.96,-88.38,-106.94,0.04,red,red,27,78967.19,78957.19,below,below,below,above,below,4.015,36.5,33.1,10.0,679.31,52.81,142.16,79146.22,79271.44,79106.86,78693.81,79128.45,137.07,114.28,red,78.74,red,True,False,153.43,green,red,102.84,red,9.96,-88.38,-106.94,0.04,red,red,27,78944.74,78934.74,below,below,below,above,below,4.016,36.5,31.6,10.0,,,,
1044439362,BUY,0.02,2026-08-25T19:17:06,79189.0,2026-08-25T19:27:51,78919.7,10.8,-5.39,manual,-5.93,-296.3,0.84,9.9,2.9,496579,1,671.55,51.36,142.06,79148.95,79271.44,79121.41,78693.81,79136.0,142.0,114.28,red,78.74,green,True,False,153.43,green,green,23.41,red,28.57,-1.35,-8.12,0.0,green,green,17,79196.19,79186.19,above,below,above,above,above,4.003,36.5,55.8,10.0,682.31,55.81,136.77,79146.09,79271.44,79105.53,78693.81,79127.9,136.77,114.28,red,78.74,red,True,False,153.43,green,red,102.84,red,9.96,-88.38,-106.94,0.04,red,red,27,78930.76,78920.76,below,below,below,above,below,4.017,36.5,30.8,10.0,,,,
1044444133,SELL,0.04,2026-08-25T19:27:58,78907.96,2026-08-25T20:00:02,78968.63,32.1,-2.43,hour_flat,-2.81,-70.2,7.71,-1.0,15.0,496579,1,682.31,55.81,136.77,79145.96,79271.44,79104.31,78693.81,79127.4,136.37,114.28,red,78.74,red,True,False,153.43,green,red,102.84,red,9.96,-88.38,-106.94,0.04,red,red,28,78917.96,78907.96,below,below,below,above,below,4.017,36.5,30.0,10.0,658.9,49.89,134.34,79065.17,79238.07,78883.93,78702.67,78932.82,134.34,185.28,red,205.29,green,False,True,125.21,green,green,10.02,red,6.45,17.51,14.28,19.28,green,green,0,78968.63,78958.63,below,below,above,above,above,4.015,29.8,79.9,10.0,,,,
1044456068,SELL,0.04,2026-08-25T20:00:46,78910.25,2026-08-25T20:04:07,78719.32,3.4,7.64,tp,-2.84,-71.0,8.21,-0.8,3.2,496580,1,662.37,53.36,134.34,79064.69,79238.07,78879.32,78702.67,78930.92,133.94,185.28,red,205.29,red,False,True,125.21,green,red,10.02,red,6.45,17.51,14.28,19.28,green,red,0,78920.27,78910.27,below,below,above,above,below,4.017,29.8,75.4,10.0,675.9,61.69,141.98,79054.72,79238.07,78854.65,78702.67,78912.89,141.98,185.28,red,205.29,red,False,True,125.21,green,red,47.84,red,3.41,-57.54,-48.88,21.8,green,red,4,78726.93,78716.93,below,below,below,above,below,4.027,29.8,44.7,10.0,,,,
1044461256,BUY,0.04,2026-08-25T20:15:25,78881.7,2026-08-25T20:15:59,78880.77,0.6,-0.04,manual,-1.57,-39.2,0.06,-0.4,-0.4,496580,1,679.14,61.45,141.98,79032.62,79238.07,78847.55,78702.67,78887.97,141.6,185.28,red,205.29,red,False,True,125.21,red,red,29.74,green,5.93,31.39,49.76,2.84,green,red,15,78882.19,78872.19,below,below,above,above,below,4.019,29.8,47.8,10.0,679.14,61.54,141.94,79032.71,79238.07,78848.36,78702.67,78888.31,141.94,185.28,red,205.29,red,False,True,125.21,red,green,29.74,green,5.93,31.39,49.76,2.84,green,green,16,78890.77,78880.77,below,below,above,above,below,4.019,29.8,48.9,10.0,,,,
1044461503,BUY,0.02,2026-08-25T20:16:10,78910.31,2026-08-25T20:38:56,78657.16,22.8,-5.07,sl,-5.06,-253.1,0.99,21.8,2.8,496580,1,679.14,58.2,141.94,79031.59,79238.07,78855.13,78702.67,78889.54,142.08,185.28,red,205.29,red,False,True,125.21,red,green,2.65,green,37.48,1.67,-0.41,0.46,green,green,16,78927.68,78917.68,below,below,above,above,above,4.017,29.8,59.9,10.0,679.32,54.95,136.87,78987.23,79238.07,78780.45,78702.67,78833.64,136.87,185.28,red,205.29,red,False,True,125.21,red,red,19.28,red,0.01,-14.38,23.62,19.19,red,red,38,78670.04,78660.04,below,below,below,below,below,4.03,29.8,17.5,10.0,,,,
1044465121,SELL,0.02,2026-08-25T20:39:28,78644.1,2026-08-25T20:47:01,78272.05,7.5,7.44,tp,-0.79,-39.6,8.86,-0.5,7.5,496580,1,680.84,54.85,136.87,78983.75,79238.07,78766.89,78702.67,78825.99,136.79,185.28,red,205.29,red,False,True,125.21,red,red,68.51,red,3.09,-40.57,-73.69,0.0,red,red,39,78647.8,78637.8,below,below,below,below,below,4.031,29.8,18.5,10.0,711.88,97.77,144.31,78941.99,79238.07,78578.01,78702.67,78718.88,144.31,185.28,red,205.29,red,False,True,125.21,red,red,228.75,red,16.69,19.98,-171.05,19.98,red,red,47,78262.48,78252.48,below,below,below,below,below,4.051,29.8,17.4,10.0,,,,
1044475185,BUY,0.01,2026-08-25T21:11:02,78115.13,2026-08-25T21:13:51,78265.13,2.8,1.5,tp,-0.63,-62.9,1.58,-0.0,2.0,496581,1,641.71,133.04,144.31,78780.77,79138.79,78187.25,78682.82,78382.66,144.52,736.62,red,34.06,red,False,True,49.01,red,red,135.0,green,73.54,22.87,-73.64,25.91,red,green,11,78146.07,78136.07,below,below,below,below,below,4.397,26.4,45.5,10.0,641.71,148.56,145.81,78769.9,79138.79,78195.08,78682.82,78370.92,145.81,736.62,red,34.06,green,False,True,49.01,red,green,13.21,red,49.66,-48.14,53.34,21.79,red,green,13,78282.95,78272.95,below,below,above,below,below,4.389,26.4,53.6,10.0,,,,
1044476378,BUY,0.02,2026-08-25T21:24:13,78375.38,2026-08-25T21:35:38,78525.38,11.4,3.0,tp,-1.08,-53.9,3.14,0.8,10.8,496581,1,653.34,99.5,145.81,78725.79,79138.79,78299.61,78682.82,78362.87,145.57,736.62,red,34.06,green,False,True,49.01,green,green,2.85,green,16.75,-52.92,14.13,21.05,green,red,24,78373.6,78363.6,below,below,above,below,above,4.384,26.4,67.1,10.0,659.17,63.24,148.81,78693.71,79138.79,78383.66,78682.82,78383.23,148.81,736.62,red,34.06,green,False,True,49.01,green,green,81.72,green,1.93,46.68,25.35,5.0,green,green,35,78514.05,78504.05,below,below,above,below,above,4.376,26.4,62.0,10.0,,,,
1044481608,BUY,0.02,2026-08-25T22:11:58,78907.92,2026-08-25T22:44:06,78760.36,32.1,-2.95,manual,-6.83,-341.6,1.76,18.0,4.0,496582,1,646.99,75.1,148.81,78679.4,79082.57,78709.72,78677.67,78602.71,148.59,356.83,green,362.83,green,False,True,107.66,red,green,18.99,green,12.18,5.72,2.3,17.99,green,green,12,78906.82,78896.82,above,below,above,above,above,4.354,37.5,85.3,10.0,652.58,51.99,145.86,78712.15,79082.57,78775.77,78677.67,78737.33,145.86,356.83,green,362.83,green,False,True,107.66,red,green,43.8,red,0.94,-7.61,-30.79,9.39,red,red,44,78770.36,78760.36,above,below,below,above,above,4.362,37.5,66.4,10.0,,,,
1044489706,SELL,0.04,2026-08-25T22:44:12,78756.40000000001,2026-08-25T22:52:03,78876.47,7.8,-4.8,manual,-4.67,-116.7,0.22,5.8,-0.2,496582,1,652.58,52.28,145.86,78712.11,79082.57,78775.39,78677.67,78737.18,145.46,356.83,green,362.83,green,False,True,107.66,red,green,43.8,red,0.94,-7.61,-30.79,9.39,red,red,44,78766.4,78756.4,above,below,below,above,above,4.362,37.5,65.7,10.0,652.58,40.55,141.06,78722.75,79082.57,78818.1,78677.67,78768.39,141.06,356.83,green,362.83,green,False,True,107.66,green,green,16.39,green,7.6,-1.78,13.76,0.76,green,green,52,78876.47,78866.47,above,below,above,above,above,4.356,37.5,68.6,10.0,,,,
1044491490,BUY,0.04,2026-08-25T22:52:08,78880.95,2026-08-25T23:19:45,78740.29000000001,27.6,-5.63,sl,-5.63,-140.7,3.0,26.9,22.9,496582,1,652.58,40.6,141.06,78722.8,79082.57,78818.56,78677.67,78768.58,140.67,356.83,green,362.83,green,False,True,107.66,green,green,16.39,green,7.6,-1.78,13.76,0.76,green,green,52,78881.31,78871.31,above,below,above,above,above,4.356,37.5,69.8,10.0,589.22,67.73,135.43,78760.02,79062.81,78867.96,78685.52,78840.79,135.43,324.8,green,0.25,red,True,False,120.7,green,red,66.43,red,23.58,-15.54,-55.61,9.36,green,red,19,78754.14,78744.14,below,below,below,above,below,4.363,38.5,34.9,10.0,,,,
1044497514,SELL,0.04,2026-08-25T23:20:11,78753.19,2026-08-25T23:34:03,78756.37,13.9,-0.12,sl,-1.32,-33.0,6.06,-0.2,6.8,496583,1,589.22,63.9,135.43,78760.32,79062.81,78860.65,78685.52,78838.93,135.32,324.8,green,0.25,red,True,False,120.7,green,red,60.72,red,45.88,-75.33,-82.56,0.0,red,red,20,78763.19,78753.19,below,below,below,above,below,4.362,38.5,39.0,10.0,599.12,60.5,135.31,78750.36,79062.81,78728.46,78685.52,78772.37,135.31,324.8,green,0.25,red,True,False,120.7,red,green,38.36,green,12.04,33.75,31.55,2.76,green,green,34,78734.97,78724.97,below,below,above,above,below,4.364,38.5,46.7,10.0,,,,
1044505242,SELL,0.04,2026-08-25T23:45:35,78480.14,2026-08-25T23:54:38,78466.34,9.1,0.56,manual,-4.07,-101.9,3.94,-0.6,6.4,496583,2,608.51,61.29,135.31,78735.9,79062.81,78638.15,78685.52,78712.89,124.37,324.8,green,0.25,red,True,False,120.7,red,red,28.12,green,15.29,14.51,17.17,8.12,red,red,45,78490.14,78480.14,below,below,below,below,below,4.377,38.5,29.3,10.0,614.85,77.35,135.87,78712.07,79062.81,78530.5,78685.52,78635.88,124.38,324.8,green,0.25,red,True,False,120.7,red,red,117.95,green,12.25,94.42,2.89,0.0,red,red,54,78466.34,78456.34,below,below,below,below,below,4.379,38.5,34.9,10.0,,,,
1044505307,SELL,0.02,2026-08-25T23:45:47,78455.18000000001,2026-08-26T00:05:50,78450.18,20.1,0.1,tp,-3.45,-172.5,1.47,18.2,6.2,496583,3,610.93,63.71,135.31,78735.71,79062.81,78636.28,78685.52,78712.13,124.3,324.8,green,0.25,red,True,False,120.7,red,red,28.12,green,15.29,14.51,17.17,8.12,red,red,45,78470.57,78460.57,below,below,below,below,below,4.379,38.5,28.0,10.0,593.2,88.96,135.97,78691.41,79012.29,78517.06,78679.44,78591.71,123.79,343.65,red,149.64,red,False,True,81.11,red,red,49.66,green,14.63,80.54,86.89,32.9,green,red,5,78443.15,78433.15,below,below,below,below,below,4.38,42.1,51.1,10.0,,,,
1044502386,BUY,0.04,2026-08-25T23:35:15,78737.8,2026-08-26T01:04:18,78779.34,89.0,1.6600000000000001,hour_clean,-17.8,-445.0,1.73,33.8,88.8,496583,1,599.12,60.61,135.31,78750.39,79062.81,78730.5,78685.52,78771.52,136.37,324.8,green,0.25,red,True,False,120.7,red,green,21.06,green,6.03,60.81,45.55,41.33,green,red,35,78737.8,78727.8,below,below,above,above,below,4.364,38.5,51.6,10.0,589.85,59.77,133.61,78623.86,78974.61,78637.85,78677.05,78578.63,124.1,83.93,green,239.94,green,False,True,92.51,green,green,59.29,green,11.47,14.97,15.01,0.0,red,green,4,78788.7,78778.7,above,below,above,above,above,4.361,41.8,72.2,10.0,,,,
1044511564,SELL,0.04,2026-08-26T00:10:19,78312.92,2026-08-26T01:49:10,78820.92,98.8,-14.18,manual,-25.46,-636.5,0.65,86.7,-0.3,496584,2,602.82,84.8,135.97,78677.06,79012.29,78467.01,78679.44,78556.09,118.58,343.65,red,149.64,red,False,True,81.11,red,red,37.43,red,62.81,-44.31,-99.38,13.99,red,red,10,78326.57,78316.57,below,below,below,below,below,4.387,42.1,28.9,10.0,601.88,40.63,123.45,78695.64,78974.61,78831.62,78677.05,78786.74,114.94,83.93,green,239.94,green,False,True,92.51,green,red,17.87,green,17.85,11.68,4.0,0.0,red,red,49,78820.65,78810.65,above,below,below,above,above,4.359,41.8,33.7,10.0,,,,
1044539821,BUY,0.04,2026-08-26T01:35:40,78930.82,2026-08-26T02:07:17,78741.77,31.6,-7.5600000000000005,sl,-7.64,-191.1,0.74,31.3,1.3,496585,3,600.37,58.05,133.61,78672.53,78974.61,78810.45,78677.05,78742.6,121.48,83.93,green,239.94,green,False,True,92.51,red,green,47.09,green,10.63,21.3,18.08,1.88,green,green,35,78929.77,78919.77,above,below,above,above,above,4.353,41.8,57.1,10.0,571.62,42.97,115.89,78712.7,78958.6,78804.94,78682.17,78793.29,110.12,190.39,green,30.53,red,True,False,142.83,red,red,66.09,red,11.53,1.55,-73.69,23.9,green,red,7,78769.26,78759.26,above,below,below,above,below,4.362,46.3,46.2,10.0,,,,
1044539794,BUY,0.04,2026-08-26T01:35:35,78903.42,2026-08-26T02:08:22,78736.45,32.8,-6.68,sl,-6.69,-167.1,1.84,32.4,1.4,496585,2,600.37,58.05,133.61,78672.43,78974.61,78809.47,78677.05,78742.2,121.72,83.93,green,239.94,green,False,True,92.51,red,green,47.09,green,10.63,21.3,18.08,1.88,green,red,35,78919.47,78909.47,above,below,above,above,above,4.354,41.8,56.1,10.0,571.87,44.06,109.21,78713.21,78958.6,78800.96,78682.17,78792.14,109.21,190.39,green,30.53,red,True,False,142.83,red,red,13.56,green,25.83,-73.61,-12.79,1.31,green,red,8,78758.0,78748.0,above,below,below,above,below,4.363,46.3,44.7,10.0,,,,
1044686669,SELL,0.04,2026-08-26T09:12:26,78771.59,2026-08-26T09:30:11,78526.18000000001,17.8,5.51,manual,-2.5,-62.5,15.96,-0.4,11.6,496593,1,469.89,60.49,109.21,78916.54,78939.09,78807.07,78743.14,78848.97,108.75,207.73,red,110.62,green,True,True,202.65,red,green,12.94,green,20.07,-2.64,2.63,0.66,green,red,12,78782.97,78772.97,below,below,below,above,below,2.677,44.0,68.0,10.0,489.67,68.1,114.72,78849.98,78939.09,78542.94,78743.14,78671.68,114.72,207.73,red,110.62,red,True,True,202.65,red,green,47.99,green,0.0,59.38,22.09,19.7,green,green,30,78527.35,78517.35,below,below,below,below,below,2.67,44.0,40.9,10.0,,,,
1044736882,SELL,0.04,2026-08-26T10:57:04,78713.04000000001,2026-08-26T11:01:32,78705.23,4.5,0.13,manual,-0.53,-13.3,2.08,2.9,2.9,496594,1,484.44,53.03,114.72,78678.08,78891.3,78718.47,78731.12,78640.03,114.32,262.14,red,215.92,green,False,True,172.04,green,green,27.17,red,17.74,-17.69,-26.97,6.44,red,red,57,78723.04,78713.04,above,below,below,below,above,2.218,43.1,48.0,10.0,430.0,49.62,114.85,78678.35,78873.13,78706.99,78729.96,78646.56,114.85,270.43,green,160.01,red,False,False,165.26,red,red,37.19,red,1.73,3.58,-35.19,26.34,red,red,1,78690.19,78680.19,above,below,below,below,above,2.219,58.4,45.1,10.0,,,,
1044742433,SELL,0.02,2026-08-26T11:09:26,78650.82,2026-08-26T12:00:12,78507.39,50.8,2.87,manual,-1.49,-74.3,7.34,6.6,28.6,496595,1,434.05,42.48,114.85,78680.51,78873.13,78702.14,78729.96,78662.2,114.65,270.43,green,160.01,red,False,False,165.26,red,red,16.91,red,0.19,-1.0,-14.0,17.13,green,red,9,78660.83,78650.83,below,below,below,below,below,2.22,58.4,35.8,10.0,431.85,49.0,117.72,78620.32,78833.77,78475.14,78719.43,78519.91,117.72,239.12,red,177.09,green,False,False,66.98,green,green,0.95,green,2.52,-29.72,3.36,15.98,red,green,0,78507.39,78497.39,below,below,above,below,below,2.225,48.5,61.9,10.0,,,,
1044792232,BUY,0.01,2026-08-26T12:32:01,78367.2,2026-08-26T13:00:01,78286.41,28.0,-0.81,hour_flat,-2.18,-217.9,1.37,6.0,2.0,496596,2,483.8,122.94,117.72,78576.74,78833.77,78482.72,78719.43,78483.48,118.05,239.12,red,177.09,red,False,False,66.98,green,red,25.74,green,92.71,-236.5,332.87,76.39,green,red,32,78402.09,78392.09,below,below,below,below,below,2.228,48.5,51.4,10.0,443.69,70.15,116.91,78513.67,78782.51,78328.67,78702.89,78371.88,119.13,173.23,red,376.71,red,False,True,231.79,green,red,35.57,red,10.49,-40.92,-28.47,18.35,green,red,0,78294.91,78284.91,below,below,below,below,below,2.231,39.5,54.6,10.0,,,,
1044769693,SELL,0.02,2026-08-26T12:09:57,78406.15000000001,2026-08-26T13:01:25,78389.17,51.5,0.34,manual,-5.93,-296.4,9.71,19.1,20.1,496596,1,443.83,57.29,117.72,78604.86,78833.77,78447.71,78719.43,78494.68,117.52,239.12,red,177.09,red,False,False,66.98,green,red,14.48,green,14.18,-14.4,1.34,11.17,green,red,9,78416.2,78406.2,below,below,below,below,below,2.227,48.5,41.5,10.0,452.62,73.97,117.25,78513.13,78782.51,78340.66,78702.89,78375.29,117.25,173.23,red,376.71,green,False,True,231.79,green,green,70.4,green,33.86,16.69,-23.16,0.0,green,green,1,78389.17,78379.17,below,below,above,below,above,2.228,39.5,62.8,10.0,,,,
1044848809,BUY,0.01,2026-08-26T13:28:01,78010.92,2026-08-26T13:30:08,78160.92,2.1,1.5,tp,-0.32,-31.9,1.75,-0.0,2.0,496597,2,482.06,81.74,117.25,78415.38,78782.51,78074.25,78702.89,78182.52,119.43,173.23,red,376.71,red,False,True,231.79,red,red,40.58,green,11.25,-26.02,46.31,15.16,red,green,28,78016.85,78006.85,below,below,below,below,below,2.239,39.5,38.7,10.0,482.06,88.58,118.75,78409.48,78782.51,78082.22,78702.89,78177.45,117.4,173.23,red,376.71,red,False,True,231.79,red,green,8.97,green,7.19,24.08,36.29,35.51,green,green,30,78195.44,78185.44,below,below,above,below,above,2.233,39.5,52.8,10.0,,,,
1044831755,SELL,0.02,2026-08-26T13:08:52,78128.06,2026-08-26T14:49:05,77962.49,100.2,3.31,manual,-9.38,-469.0,5.7,62.1,99.1,496597,1,466.0,77.91,117.25,78493.08,78782.51,78271.88,78702.89,78335.54,117.06,173.23,red,376.71,red,False,True,231.79,green,red,68.13,red,5.31,38.08,-29.43,53.56,red,red,8,78137.73,78127.73,below,below,below,below,below,2.235,39.5,36.9,10.0,514.21,91.45,122.39,78349.89,78748.7,78076.55,78692.11,78211.65,122.39,129.59,green,411.7,red,False,True,121.34,red,red,24.98,green,72.97,-20.81,-50.76,8.5,red,red,49,77961.56,77951.56,below,below,below,below,below,2.24,47.9,32.3,10.0,,,,
1044916572,BUY,0.01,2026-08-26T14:47:09,77919.1,2026-08-26T14:49:05,77952.49,1.9,0.33,sweep_stop,-0.76,-75.9,0.51,0.8,-0.1,496598,2,511.81,91.7,118.75,78358.32,78748.7,78108.23,78692.11,78234.93,122.45,129.59,green,411.7,red,False,True,121.34,red,red,14.9,green,20.19,-59.58,-5.05,43.95,red,red,47,77956.42,77946.42,below,below,below,below,below,2.24,47.9,28.6,10.0,514.21,91.45,122.39,78349.89,78748.7,78076.55,78692.11,78211.65,122.39,129.59,green,411.7,red,False,True,121.34,red,red,24.98,green,72.97,-20.81,-50.76,8.5,red,red,49,77961.56,77951.56,below,below,below,below,below,2.24,47.9,32.3,10.0,,,,
1044927827,BUY,0.01,2026-08-26T15:01:03,77872.62,2026-08-26T15:26:24,78022.62,25.4,1.5,tp,-2.59,-259.2,1.76,3.0,24.9,496599,1,504.39,84.84,122.39,78293.38,78655.7,77911.15,78656.01,78072.28,122.1,658.84,red,25.19,green,True,True,165.67,red,green,72.31,green,43.44,12.7,-24.13,14.65,red,green,1,77853.94,77843.94,below,below,below,below,below,2.357,36.4,43.5,10.0,526.16,76.0,123.89,78194.64,78655.7,77881.85,78656.01,77936.54,123.89,658.84,red,25.19,green,True,True,165.67,green,green,51.72,green,0.0,54.67,26.78,16.22,green,green,26,78058.58,78048.58,below,below,above,below,above,2.515,36.4,70.4,10.0,,,,
1044958000,SELL,0.02,2026-08-26T15:40:42,78059.48,2026-08-26T16:00:50,78047.3,20.1,0.24,manual,-1.62,-80.9,2.12,8.3,18.3,496599,1,533.84,64.85,123.89,78171.32,78655.7,77973.99,78656.01,77968.64,123.69,658.84,red,25.19,green,True,True,165.67,green,red,27.38,green,0.0,-5.94,10.43,14.32,green,green,40,78069.49,78059.49,below,below,above,below,above,2.514,36.4,51.6,10.0,503.47,62.53,124.13,78151.0,78593.71,78041.84,78630.44,78017.07,124.13,218.76,green,171.05,green,False,True,152.87,red,green,35.62,red,49.96,-9.86,-65.7,14.8,red,green,0,78048.49,78038.49,below,below,above,below,above,2.515,37.2,48.0,10.0,,,,
1045061621,SELL,0.02,2026-08-26T20:18:53,78394.45,2026-08-26T21:13:23,78765.2,54.5,-7.41,sl,-7.3,-365.2,4.14,54.1,3.1,496604,1,509.69,37.55,124.13,78387.1,78515.38,78447.63,78588.19,78449.13,123.93,6.48,green,188.89,red,False,False,102.68,red,red,15.83,red,11.26,-23.48,-3.11,0.0,red,red,18,78404.45,78394.45,above,below,below,below,below,2.065,39.5,28.9,10.0,533.72,62.43,116.72,78403.66,78508.37,78535.99,78582.4,78465.41,116.72,23.3,red,253.34,green,False,True,61.76,green,green,21.75,red,33.39,-20.5,2.84,1.94,green,green,13,78732.44,78722.44,above,above,above,above,above,2.057,41.0,82.3,10.0,,,,
1045079549,SELL,0.01,2026-08-26T22:06:02,78861.75,2026-08-26T22:33:00,78711.75,27.0,1.5,tp,-1.23,-122.7,1.6,15.0,27.0,496606,1,516.15,42.83,116.72,78547.65,78527.97,78781.19,78587.78,78725.44,116.72,274.48,green,71.48,green,True,False,122.27,red,green,0.95,red,23.17,-2.84,50.07,2.97,green,red,6,78862.3,78852.3,above,above,above,above,above,2.053,46.8,71.8,10.0,524.37,57.15,118.22,78611.2,78527.97,78805.71,78587.78,78784.96,118.22,274.48,green,71.48,red,True,False,122.27,green,red,17.59,red,2.01,-75.62,-22.13,20.12,green,red,33,78724.04,78714.04,above,above,below,above,below,2.057,46.8,33.2,10.0,,,,
1045098980,BUY,0.02,2026-08-26T23:26:06,78798.22,2026-08-26T23:35:43,78953.77,9.6,3.12,tp,-0.29,-14.7,3.19,-0.1,8.9,496607,1,498.36,35.37,118.22,78639.75,78543.04,78721.68,78591.7,78706.81,118.25,28.89,red,139.15,green,True,False,269.14,green,green,71.36,green,21.19,53.84,17.81,0.0,green,green,26,78809.68,78799.68,above,above,above,above,above,2.055,49.8,73.9,10.0,509.62,51.19,121.34,78661.6,78543.04,78825.53,78591.7,78763.45,121.34,28.89,red,139.15,green,True,False,269.14,green,green,3.77,red,25.45,-11.7,-10.18,10.68,green,green,35,78965.25,78955.25,above,above,above,above,above,2.05,49.8,79.4,10.0,,,,
1045101682,SELL,0.01,2026-08-26T23:38:01,78964.19,2026-08-27T00:00:01,79045.05,22.0,-0.81,hour_flat,-2.07,-206.8,0.62,8.0,2.0,496607,1,513.51,56.8,121.34,78670.75,78543.04,78863.11,78591.7,78786.89,121.2,28.89,red,139.15,green,True,False,269.14,green,green,29.38,red,75.69,-21.62,-49.71,2.5,green,green,38,78978.17,78968.17,above,above,above,above,above,2.05,49.8,78.0,10.0,485.57,56.55,120.53,78744.0,78588.75,79023.94,78608.57,78936.88,120.53,335.69,green,47.22,red,True,False,148.95,red,red,14.14,green,16.36,-68.92,-12.9,5.1,red,red,0,79000.82,78990.82,above,above,below,above,above,2.05,60.2,33.2,10.0,,,,
1045111914,SELL,0.02,2026-08-27T00:15:20,78827.99,2026-08-27T01:00:03,78677.99,44.7,3.0,tp,-2.4,-119.9,3.26,4.7,44.7,496608,1,498.79,61.52,120.53,78765.82,78588.75,78916.57,78608.57,78918.32,120.37,335.69,green,47.22,red,True,False,148.95,red,red,26.7,green,7.81,-26.26,-7.28,11.39,red,red,15,78835.88,78825.88,above,above,below,above,below,2.054,60.2,34.7,10.0,474.85,43.37,123.53,78780.49,78597.49,78750.59,78611.36,78806.71,123.53,343.2,red,4.88,red,False,False,12.1,red,red,28.01,red,4.88,-4.87,-11.44,1.7,red,red,0,78682.92,78672.92,below,above,below,above,below,2.058,49.7,25.6,10.0,,,,
1045212401,BUY,0.01,2026-08-27T06:31:01,78777.28,2026-08-27T06:50:11,78787.28,19.2,0.1,tp,-1.06,-106.1,0.11,1.0,19.0,496614,2,390.02,46.61,123.53,78745.3,78684.97,78705.38,78648.92,78723.24,123.44,139.87,green,186.45,red,True,True,16.01,red,green,122.02,green,10.04,128.57,42.7,7.19,red,green,31,78783.23,78773.23,above,above,above,above,above,1.977,70.3,57.0,10.0,390.02,26.8,123.63,78743.95,78684.97,78741.74,78648.92,78732.55,123.73,139.87,green,186.45,red,True,True,16.01,green,green,3.83,green,13.58,-7.52,-13.05,0.0,green,green,50,78797.91,78787.91,above,above,above,above,above,1.977,70.3,67.3,10.0,,,,
1045212411,BUY,0.01,2026-08-27T06:31:02,78778.15000000001,2026-08-27T07:00:02,78784.17,29.0,0.06,hour_flat,-1.07,-107.0,0.51,1.0,23.0,496614,2,390.02,46.61,123.53,78745.3,78684.97,78705.38,78648.92,78723.24,123.44,139.87,green,186.45,red,True,True,16.01,red,green,122.02,green,10.04,128.57,42.7,7.19,red,green,31,78783.23,78773.23,above,above,above,above,above,1.977,70.3,57.0,10.0,346.67,28.7,123.69,78749.46,78696.9,78779.76,78655.26,78755.35,123.69,85.94,red,228.94,red,False,False,0.0,green,red,11.55,red,7.82,-1.52,0.77,0.0,green,red,0,78794.17,78784.17,above,above,above,above,above,1.977,68.3,54.8,10.0,,,,
1045237655,SELL,0.02,2026-08-27T07:25:05,78747.65000000001,2026-08-27T07:32:03,78849.44,7.0,-2.04,sl,-1.94,-97.1,0.5,6.9,-0.1,496615,1,352.72,27.34,123.69,78756.25,78696.9,78783.86,78655.26,78772.35,123.41,85.94,red,228.94,red,False,False,0.0,green,red,51.71,red,0.0,-17.6,-53.54,2.91,red,red,25,78757.65,78747.65,below,above,below,above,below,1.978,68.3,43.3,10.0,353.66,28.53,121.65,78758.85,78696.9,78791.17,78655.26,78778.0,121.65,85.94,red,228.94,green,False,False,0.0,red,green,23.8,green,2.71,30.85,29.06,7.08,green,green,32,78850.79,78840.79,above,above,above,above,above,1.975,68.3,57.9,10.0,,,,
1045242238,BUY,0.02,2026-08-27T07:32:07,78857.87,2026-08-27T07:54:45,79033.27,22.6,3.51,tp,-1.33,-66.4,3.71,0.9,21.9,496615,1,353.95,28.91,121.65,78758.88,78696.9,78791.44,78655.26,78778.11,121.36,85.94,red,228.94,green,False,False,0.0,red,green,23.8,green,2.71,30.85,29.06,7.08,green,green,32,78853.59,78843.59,above,above,above,above,above,1.975,68.3,58.4,10.0,367.76,38.94,125.16,78780.4,78696.9,78883.27,78655.26,78835.71,125.16,85.94,red,228.94,green,False,False,0.0,green,green,32.14,red,6.78,-4.68,22.31,0.0,green,green,54,79053.56,79043.56,above,above,above,above,above,1.97,68.3,78.5,10.0,,,,
1045259007,BUY,0.02,2026-08-27T08:09:06,79629.48,2026-08-27T08:10:12,79779.48,1.1,3.0,tp,-0.98,-48.9,3.63,-0.1,0.9,496616,1,388.23,105.72,125.16,78845.52,78731.5,79225.01,78671.07,79033.09,124.63,253.9,green,83.99,green,True,False,29.96,green,green,116.81,green,12.66,162.5,113.35,68.64,green,green,9,79629.48,79619.48,above,above,above,above,above,2.563,65.3,80.0,10.0,399.45,117.94,128.16,78856.21,78731.5,79290.28,78671.07,79067.74,128.16,253.9,green,83.99,green,True,False,29.96,green,green,146.62,green,4.48,77.81,124.82,0.0,green,green,10,79818.84,79808.84,above,above,above,above,above,2.753,65.3,82.8,10.0,,,,
1045290266,BUY,0.02,2026-08-27T09:11:04,79858.93000000001,2026-08-27T09:20:02,80008.93,9.0,3.0,tp,-1.59,-79.7,3.17,3.9,8.9,496617,2,406.01,63.41,128.16,79263.39,78828.47,79789.71,78713.44,79712.7,126.82,689.29,green,43.96,green,True,False,265.76,red,green,60.06,green,1.48,5.14,29.46,1.0,green,green,11,79860.15,79850.15,above,above,above,above,above,3.011,73.6,61.2,10.0,417.94,61.63,131.16,79318.32,78828.47,79863.34,78713.44,79771.08,128.33,689.29,green,43.96,green,True,False,265.76,green,green,114.85,green,10.81,99.05,49.41,7.47,green,green,20,80027.19,80017.19,above,above,above,above,above,3.005,73.6,73.9,10.0,,,,
1045283657,SELL,0.01,2026-08-27T09:00:03,79744.3,2026-08-27T09:30:05,80499.92,30.0,-7.5600000000000005,sweep_stop,-7.79,-778.6,0.77,29.9,-0.1,496617,1,396.41,69.56,128.16,79202.41,78828.47,79775.43,78713.44,79669.59,128.4,689.29,green,43.96,red,True,False,265.76,red,red,6.71,red,33.36,-10.93,-12.35,1.17,red,red,0,79719.74,79709.74,above,above,below,above,above,3.017,73.6,34.6,10.0,454.06,97.46,123.6,79409.39,78828.47,80150.69,78713.44,79941.96,123.6,689.29,green,43.96,green,True,False,265.76,green,green,48.58,green,0.92,33.89,69.28,7.01,green,green,30,80511.23,80501.23,above,above,above,above,above,3.614,73.6,91.8,10.0,,,,
1045316784,SELL,0.01,2026-08-27T09:57:03,79990.72,2026-08-27T10:00:03,79995.22,3.0,-0.04,hour_flat,-0.15,-15.4,0.87,-0.1,0.9,496617,1,454.31,55.12,123.6,79592.58,78828.47,80125.71,78713.44,80088.3,123.47,689.29,green,43.96,green,True,False,265.76,red,red,52.72,red,20.37,-16.83,-58.84,3.21,red,red,57,80004.26,79994.26,above,above,below,above,below,3.641,73.6,23.7,10.0,430.38,58.47,123.56,79603.75,78938.79,80085.7,78763.28,80074.93,123.56,234.77,green,82.64,green,True,False,541.62,red,green,26.22,green,14.12,1.98,40.77,6.94,red,green,0,79995.22,79985.22,above,above,below,above,below,3.642,75.7,26.1,10.0,,,,
1045364165,SELL,0.02,2026-08-27T11:28:09,79497.87,2026-08-27T11:51:03,79347.87,22.9,3.0,tp,-1.39,-69.4,4.1,-0.1,22.9,496619,1,475.64,63.61,123.56,79659.41,79004.84,79653.09,78797.43,79674.63,123.2,347.75,red,301.01,red,False,True,181.44,green,red,15.01,red,1.24,-154.66,-24.59,49.1,green,red,28,79507.87,79497.87,below,above,below,above,below,3.664,68.3,25.7,10.0,490.29,52.58,126.56,79613.4,79004.84,79436.83,78797.43,79526.09,126.56,347.75,red,301.01,red,False,True,181.44,red,red,21.18,red,8.42,-25.74,-25.63,31.63,red,red,51,79324.03,79314.03,below,above,below,above,below,3.673,68.3,30.5,10.0,0.0,0.0,79779.33,79347.87
1045403200,BUY,0.02,2026-08-27T12:29:10,79563.15000000001,2026-08-27T12:39:58,79350.49,10.8,-4.25,manual,-6.29,-314.7,0.0,6.8,-0.2,496620,1,484.94,45.07,126.56,79570.24,79049.39,79502.76,78823.91,79494.3,126.38,160.55,red,311.4,green,False,True,139.52,green,green,34.74,red,0.0,-11.18,-0.23,5.06,green,green,29,79563.15,79553.15,below,above,above,above,above,3.662,62.0,56.2,10.0,493.04,59.65,122.31,79551.47,79049.39,79409.72,78823.91,79452.36,122.13,160.55,red,311.4,red,False,True,139.52,green,red,4.22,green,32.86,28.49,8.76,40.92,red,red,39,79360.5,79350.5,below,above,below,above,below,3.671,62.0,27.4,10.0,0.0,0.0,0.0,0.0
1045412209,SELL,0.02,2026-08-27T12:39:48,79351.41,2026-08-27T13:08:20,79351.41,28.5,0.0,sl,-0.45,-22.4,2.09,-0.8,13.2,496620,2,493.04,59.65,126.56,79551.46,79049.39,79409.61,78823.91,79452.31,122.13,160.55,red,311.4,red,False,True,139.52,green,red,4.22,green,32.86,28.49,8.76,40.92,red,red,39,79359.39,79349.39,below,above,below,above,below,3.671,62.0,27.2,10.0,461.68,34.23,122.31,79486.12,79069.49,79301.66,78840.96,79342.32,122.31,213.18,red,12.5,green,False,False,120.05,red,green,42.4,green,3.01,28.76,19.06,0.19,green,green,8,79352.65,79342.65,below,above,above,above,above,3.671,58.6,67.4,10.0,0.0,0.0,79351.41,79051.41
1045440434,BUY,0.03,2026-08-27T13:16:08,79376.41,2026-08-27T13:30:02,79236.78,13.9,-4.19,sl,-4.41,-147.0,3.36,13.9,10.9,496621,1,466.2,49.78,122.31,79474.58,79069.49,79324.77,78840.96,79341.2,122.16,213.18,red,12.5,green,False,False,120.05,green,green,35.05,green,0.0,32.99,29.88,14.26,green,green,16,79381.19,79371.19,below,above,above,above,above,3.67,58.6,58.9,10.0,473.66,62.12,118.12,79460.39,79069.49,79356.12,78840.96,79352.35,118.12,213.18,red,12.5,red,False,False,120.05,red,red,46.59,red,0.0,-57.58,-46.95,3.01,red,red,30,79239.4,79229.4,below,above,below,above,below,3.677,58.6,36.0,10.0,0.0,0.0,79246.11,79542.84
1045453290,SELL,0.03,2026-08-27T13:32:05,79100.82,2026-08-27T13:58:09,79513.43,26.1,-12.38,sl,-12.24,-408.0,6.15,25.9,15.9,496621,1,482.84,74.12,118.12,79454.87,79069.49,79323.16,78840.96,79339.03,117.02,213.18,red,12.5,red,False,False,120.05,red,red,180.63,red,7.76,18.85,-48.19,16.93,red,red,32,79110.82,79100.82,below,above,below,above,below,3.682,58.6,32.9,10.0,498.93,117.4,102.66,79409.11,79069.49,79306.0,78840.96,79294.49,102.66,213.18,red,12.5,green,False,False,120.05,red,green,71.33,green,55.02,-10.64,-52.09,6.74,green,green,58,79518.84,79508.84,above,above,above,above,above,3.664,58.6,65.5,10.0,0.0,0.0,79513.43,78754.52
1045454114,SELL,0.01,2026-08-27T13:32:29,79198.48,2026-08-27T13:58:09,79506.3,25.7,-3.08,sl,-3.1,-310.4,3.03,25.5,15.5,496621,2,482.88,79.16,118.12,79455.68,79069.49,79330.91,78840.96,79342.22,115.43,213.18,red,12.5,red,False,False,120.05,red,red,180.63,red,7.76,18.85,-48.19,16.93,red,red,32,79192.21,79182.21,below,above,below,above,below,3.679,58.6,39.3,10.0,498.93,117.4,102.66,79409.11,79069.49,79306.0,78840.96,79294.49,102.66,213.18,red,12.5,green,False,False,120.05,red,green,71.33,green,55.02,-10.64,-52.09,6.74,green,green,58,79518.84,79508.84,above,above,above,above,above,3.664,58.6,65.5,10.0,0.0,0.0,79506.3,78698.36
1045495415,SELL,0.03,2026-08-27T14:11:25,79411.53,2026-08-27T14:21:03,79807.11,9.6,-11.86,sl,-11.93,-397.7,2.11,9.6,0.6,496622,2,507.26,103.54,102.66,79426.42,79112.49,79472.73,78867.62,79396.75,96.36,261.94,green,362.06,red,False,True,56.15,green,red,90.54,red,0.0,-38.91,-61.76,8.55,red,red,11,79411.26,79401.26,below,above,below,above,above,3.669,57.6,45.4,10.0,511.44,86.53,90.8,79440.86,79112.49,79560.96,78867.62,79460.32,100.81,261.94,green,362.06,green,False,True,56.15,red,green,67.24,green,1.27,90.16,63.66,35.33,green,green,21,79819.25,79809.25,above,above,above,above,above,3.65,57.6,68.2,10.0,0.0,0.0,79807.11,79015.09
1045485118,BUY,0.04,2026-08-27T13:59:04,79559.02,2026-08-27T14:38:43,80234.02,39.6,27.0,tp,-8.71,-217.8,27.6,12.9,38.9,496621,1,501.98,112.62,102.66,79410.6,79069.49,79330.0,78840.96,79304.88,102.16,213.18,red,12.5,green,False,False,120.05,red,green,54.13,green,39.38,50.98,89.03,1.53,green,green,59,79556.59,79546.59,above,above,above,above,above,3.662,58.6,64.0,10.0,542.86,99.23,117.8,79515.6,79112.49,79898.89,78867.62,79695.59,131.19,261.94,green,362.06,green,False,True,56.15,green,green,67.48,red,54.56,-33.28,52.57,4.85,green,green,38,80259.14,80249.14,above,above,above,above,above,3.63,57.6,74.1,10.0,0.0,0.0,78889.86,80234.02
1045503693,BUY,0.04,2026-08-27T14:23:04,79914.38,2026-08-27T14:38:45,80262.05,15.7,13.9,tp,-7.11,-177.7,14.1,0.9,14.9,496622,2,519.16,98.62,90.8,79448.74,79112.49,79612.45,78867.62,79489.61,102.7,261.94,green,362.06,green,False,True,56.15,red,green,153.78,green,27.69,80.81,42.78,14.8,green,green,23,79895.61,79885.61,above,above,above,above,above,3.646,57.6,78.2,10.0,544.13,100.5,131.7,79515.54,79112.49,79898.34,78867.62,79695.37,131.7,261.94,green,362.06,green,False,True,56.15,green,green,67.48,red,54.56,-33.28,52.57,4.85,green,green,38,80253.45,80243.45,above,above,above,above,above,3.63,57.6,73.9,10.0,0.0,0.0,79314.77,80262.05
1045534221,BUY,0.02,2026-08-27T15:06:05,80376.55,2026-08-27T15:12:58,80526.55,6.9,3.0,tp,-4.59,-229.3,4.48,1.9,5.9,496623,1,542.15,101.51,131.7,79684.34,79216.35,80200.89,78920.0,80041.15,130.76,682.9,green,179.48,green,True,False,194.68,red,green,158.84,green,29.23,160.04,97.61,7.83,green,green,6,80339.4,80329.4,above,above,above,above,above,3.51,71.1,63.2,10.0,556.46,128.0,134.7,79722.0,79216.35,80268.85,78920.0,80104.41,134.7,682.9,green,179.48,green,True,False,194.68,red,green,64.7,green,1.69,32.41,24.78,18.91,green,green,12,80610.72,80600.72,above,above,above,above,above,3.591,71.1,64.2,10.0,0.0,0.0,80080.04,80526.55
1045571557,SELL,0.02,2026-08-27T16:08:03,80227.17,2026-08-27T16:13:08,80509.74,5.1,-5.65,sl,-5.54,-276.8,0.52,5.0,0.9,496624,1,571.22,73.87,134.7,80033.49,79321.15,80359.81,78974.85,80375.1,134.53,114.94,green,112.57,red,True,False,491.65,red,red,90.68,red,6.43,-148.43,-84.6,19.42,green,red,8,80235.5,80225.5,above,above,below,above,below,3.701,70.3,34.4,10.0,572.42,78.63,129.05,80050.01,79321.15,80369.03,78974.85,80375.22,129.05,114.94,green,112.57,green,True,False,491.65,red,green,99.6,green,0.0,81.23,28.94,0.0,red,green,13,80495.23,80485.23,above,above,above,above,above,3.689,70.3,62.8,10.0,0.0,0.0,80506.79,80067.97
1045579930,BUY,0.03,2026-08-27T16:27:25,80552.06,2026-08-27T17:04:17,80297.24,36.9,-7.64,manual,-9.5,-316.8,2.92,35.6,16.6,496624,1,576.32,74.06,129.05,80107.98,79321.15,80468.37,78974.85,80427.08,129.01,114.94,green,112.57,green,True,False,491.65,green,green,26.69,green,30.25,-12.8,5.84,4.32,green,green,27,80560.5,80550.5,above,above,above,above,above,3.686,70.3,53.3,10.0,570.37,66.41,121.41,80203.28,79421.75,80380.03,79029.79,80410.72,121.41,69.58,green,105.15,red,False,False,273.54,red,red,43.96,green,22.01,30.76,-6.7,23.6,red,red,4,80309.32,80299.32,above,above,below,above,below,3.503,74.3,29.1,10.0,0.0,80793.06,80198.68,80787.14
1045596533,BUY,0.03,2026-08-27T17:06:02,80377.02,2026-08-27T17:18:51,80782.54,12.8,12.17,tp,-1.06,-35.4,13.65,-0.0,12.0,496625,1,570.37,69.61,121.41,80206.69,79421.75,80378.94,79029.79,80407.96,121.45,69.58,green,105.15,red,False,False,273.54,red,red,7.07,red,34.45,11.65,29.31,14.93,red,green,6,80377.02,80367.02,above,above,below,above,below,3.447,74.3,35.0,10.0,599.89,91.84,133.58,80251.26,79421.75,80555.83,79029.79,80485.63,133.58,69.58,green,105.15,green,False,False,273.54,green,green,62.27,green,16.88,69.71,67.26,18.15,green,green,18,80803.38,80793.38,above,above,above,above,above,3.273,74.3,88.9,10.0,0.0,0.0,80162.44,80782.54
1045609113,SELL,0.02,2026-08-27T17:39:44,80688.40000000001,2026-08-27T17:43:17,80538.4,3.5,3.0,tp,-0.68,-34.0,3.24,0.3,3.3,496625,1,602.45,72.62,133.58,80344.2,79421.75,80703.83,79029.79,80628.1,133.37,69.58,green,105.15,green,False,False,273.54,green,red,11.18,green,0.0,-35.49,22.83,38.38,red,red,39,80698.89,80688.89,above,above,below,above,above,3.322,74.3,38.4,10.0,602.45,69.03,136.58,80353.78,79421.75,80664.09,79029.79,80622.04,136.58,69.58,green,105.15,green,False,False,273.54,green,red,56.6,red,0.0,-76.96,-48.38,4.82,red,red,43,80536.47,80526.47,above,above,below,above,below,3.329,74.3,27.9,10.0,0.0,0.0,80875.35,80538.4
1045626902,SELL,0.02,2026-08-27T18:18:06,79920.47,2026-08-27T19:04:05,80222.61,46.0,-6.04,sl,-5.87,-293.6,3.54,45.9,2.9,496626,1,627.16,95.02,136.58,80354.37,79519.53,80230.58,79085.42,80385.68,136.13,70.99,green,141.91,red,True,False,419.96,red,red,90.34,red,7.87,-181.44,-90.62,14.6,red,red,18,79942.76,79932.76,below,above,below,above,below,3.353,74.1,24.2,10.0,619.67,50.02,130.54,80222.87,79580.4,80085.34,79127.42,80086.57,130.54,292.51,red,412.43,green,False,True,0.0,green,green,21.49,green,32.37,38.53,23.22,16.25,green,green,4,80212.34,80202.34,below,above,above,above,above,3.342,69.4,82.5,10.0,0.0,0.0,80222.61,79749.26
1045651479,SELL,0.02,2026-08-27T19:27:44,80080.92,2026-08-27T19:59:55,79930.92,32.2,3.0,tp,-3.22,-161.0,3.31,4.3,31.3,496627,2,627.9,52.44,130.54,80212.36,79580.4,80140.05,79127.42,80132.2,125.26,292.51,red,412.43,red,False,True,0.0,green,red,29.02,red,2.69,-6.68,-25.49,9.21,red,red,27,80091.78,80081.78,below,above,below,above,below,3.347,69.4,41.6,10.0,639.69,46.15,133.54,80163.7,79580.4,80006.06,79127.42,80051.87,123.95,292.51,red,412.43,red,False,True,0.0,red,red,18.44,red,7.06,-26.6,-25.99,0.0,green,red,59,79940.63,79930.63,below,above,below,above,below,3.354,69.4,35.9,10.0,0.0,0.0,80308.88,79930.92
1045676357,BUY,0.02,2026-08-27T21:16:20,80144.88,2026-08-27T21:19:00,80016.75,2.7,-2.56,sl,-2.59,-129.7,0.0,2.7,-0.3,496629,2,623.54,42.48,133.54,80094.25,79659.7,80093.58,79195.78,80060.09,129.87,199.83,green,37.84,green,False,False,17.52,red,green,34.84,green,10.89,22.61,4.8,1.4,green,green,16,80144.83,80134.83,above,above,above,above,above,2.896,67.0,62.4,10.0,624.05,44.99,130.98,80092.18,79659.7,80075.83,79195.78,80056.04,123.93,199.83,green,37.84,red,False,False,17.52,red,red,52.48,red,0.07,-4.27,-16.82,0.0,green,red,19,80025.21,80015.21,below,above,below,above,below,2.901,67.0,46.8,10.0,0.0,0.0,80026.03,80255.69
1045676525,SELL,0.03,2026-08-27T21:20:47,80017.6,2026-08-27T21:58:28,80183.75,37.7,-4.98,sl,-5.01,-167.1,1.24,37.2,22.2,496629,2,625.06,46.15,130.98,80091.49,79659.7,80070.63,79195.78,80054.69,123.7,199.83,green,37.84,red,False,False,17.52,red,red,9.02,red,13.34,-17.94,-21.11,33.36,red,red,20,80027.41,80017.41,below,above,below,above,below,2.9,67.0,41.0,10.0,627.37,34.96,126.0,80089.8,79659.7,80104.88,79195.78,80083.08,124.03,199.83,green,37.84,green,False,False,17.52,red,green,7.74,green,6.03,11.42,14.42,3.67,green,green,58,80194.7,80184.7,above,above,above,above,above,2.894,67.0,82.5,10.0,0.0,0.0,80181.91,79870.44
1045677815,BUY,0.04,2026-08-27T21:59:07,80207.12,2026-08-27T22:16:35,80407.12,17.5,8.0,tp,-1.12,-28.1,8.16,-0.1,16.9,496629,2,628.42,34.09,126.0,80090.92,79659.7,80114.15,79195.78,80087.76,124.15,199.83,green,37.84,green,False,False,17.52,red,green,30.19,green,0.0,37.78,13.76,11.27,green,green,59,80209.16,80199.16,above,above,above,above,above,2.894,67.0,83.3,10.0,572.74,51.83,134.0,80120.05,79711.49,80255.75,79235.48,80182.82,138.82,86.68,green,137.23,green,True,False,0.0,green,green,64.74,green,2.67,30.23,-4.85,0.0,green,green,16,80421.06,80411.06,above,above,above,above,above,2.886,65.5,65.7,10.0,0.0,0.0,79977.64,80407.12
1045686227,SELL,0.03,2026-08-27T22:37:06,80166.14,2026-08-27T22:43:16,80315.95,6.2,-4.5,sl,-4.28,-142.6,0.3,5.9,-0.1,496630,2,578.19,47.07,134.0,80153.79,79711.49,80265.5,79235.48,80242.01,131.17,86.68,green,137.23,red,True,False,0.0,red,red,83.54,red,6.52,-22.1,-69.23,0.0,green,red,37,80176.88,80166.88,above,above,below,above,below,2.895,65.5,23.7,10.0,578.19,50.77,129.5,80160.17,79711.49,80264.42,79235.48,80246.35,131.2,86.68,green,137.23,green,True,False,0.0,red,green,52.27,green,0.75,32.75,16.77,6.19,red,green,43,80317.06,80307.06,above,above,above,above,above,2.89,65.5,56.1,10.0,0.0,0.0,80315.95,80030.45
1045691773,BUY,0.04,2026-08-27T23:07:23,80249.08,2026-08-27T23:15:13,80148.81,7.8,-4.01,sl,-4.33,-108.2,1.5,7.6,1.6,496631,2,522.73,28.55,129.5,80183.01,79768.6,80265.41,79278.6,80258.99,128.76,113.5,green,42.76,red,True,False,138.58,green,red,6.19,green,3.9,-9.39,-1.18,5.5,red,red,7,80249.08,80239.08,above,above,below,above,below,2.892,59.1,42.5,10.0,529.59,38.64,125.49,80185.86,79768.6,80237.58,79278.6,80248.05,122.42,113.5,green,42.76,red,True,False,138.58,red,red,33.27,red,36.89,-18.33,-66.7,0.0,red,red,15,80157.99,80147.99,below,above,below,above,below,2.896,59.1,18.4,10.0,0.0,0.0,80151.5,80445.49
1045696100,BUY,0.05,2026-08-27T23:24:37,80377.23,2026-08-28T00:56:43,80595.95,92.1,10.94,tp,-10.58,-211.6,11.32,40.4,91.4,496631,2,536.66,57.07,125.49,80199.3,79768.6,80303.83,79278.6,80277.13,128.51,113.5,green,42.76,green,True,False,138.58,red,green,19.1,green,16.87,27.11,53.94,8.11,green,green,24,80377.46,80367.46,above,above,above,above,above,2.888,59.1,64.0,10.0,508.65,55.6,136.43,80298.83,79816.31,80454.94,79317.44,80410.12,146.66,42.42,red,128.72,green,False,True,106.49,green,green,41.48,green,22.17,46.79,-10.41,38.67,green,green,56,80601.31,80591.31,above,above,above,above,above,2.88,54.9,65.9,10.0,0.0,0.0,80135.43,80595.95
1045643004,BUY,0.03,2026-08-27T19:06:05,80250.37,2026-08-28T00:57:44,80651.99,351.6,12.05,tp,-11.47,-382.2,13.9,52.9,350.9,496627,1,621.79,46.72,130.54,80223.28,79580.4,80113.88,79127.42,80098.54,130.34,292.51,red,412.43,green,False,True,0.0,green,green,33.36,green,0.0,6.61,17.23,3.56,green,green,6,80253.67,80243.67,above,above,above,above,above,3.34,69.4,83.1,10.0,516.51,63.98,148.48,80302.82,79816.31,80478.4,79317.44,80421.51,148.48,42.42,red,128.72,green,False,True,106.49,green,green,63.37,green,11.61,48.65,52.15,23.84,green,green,57,80721.67,80711.67,above,above,above,above,above,2.876,54.9,78.7,10.0,0.0,0.0,79737.29,80651.99
1045762142,BUY,0.02,2026-08-28T04:15:08,79888.79000000001,2026-08-28T05:01:42,79591.49,46.6,-5.95,sl,-6.02,-300.8,1.79,45.9,3.9,496636,1,500.48,71.0,148.48,80084.76,79935.08,79799.26,79447.87,79840.17,148.68,119.09,red,35.57,green,False,False,127.25,green,green,29.03,green,0.58,2.46,14.33,4.03,green,green,15,79908.88,79898.88,below,below,above,above,above,3.674,54.9,54.8,10.0,458.83,40.57,142.53,79956.36,79907.32,79667.69,79455.77,79726.22,142.53,168.31,red,45.13,red,False,True,166.72,red,red,31.76,red,12.89,-24.82,-43.71,0.0,red,red,1,79597.96,79587.96,below,below,below,above,below,3.689,38.8,32.5,10.0,0.0,0.0,79594.88,80042.22
1045771141,BUY,0.02,2026-08-28T05:04:07,79711.79000000001,2026-08-28T05:09:46,79563.48,5.7,-2.9699999999999998,sl,-3.0,-149.9,0.45,4.9,-0.1,496637,1,464.87,41.87,142.53,79948.16,79907.32,79671.15,79455.77,79721.02,142.31,168.31,red,45.13,green,False,True,166.72,red,green,99.66,green,20.18,67.78,-10.65,0.0,red,green,4,79711.24,79701.24,below,below,above,above,below,3.684,38.8,57.1,10.0,467.12,49.97,139.56,79932.64,79907.32,79652.78,79455.77,79704.19,139.56,168.31,red,45.13,red,False,True,166.72,red,red,27.17,red,42.08,-34.2,-68.25,0.39,green,red,9,79574.17,79564.17,below,below,below,above,below,3.69,38.8,36.1,10.0,0.0,0.0,79563.48,80325.6
1045777753,BUY,0.02,2026-08-28T05:31:17,79755.06,2026-08-28T06:08:55,79905.06,37.6,3.0,tp,-2.2,-109.9,3.13,26.7,36.7,496637,1,469.09,43.11,139.56,79877.09,79907.32,79665.72,79455.77,79676.08,139.29,168.31,red,45.13,green,False,True,166.72,green,green,38.14,green,0.0,28.11,26.74,6.34,green,green,31,79751.41,79741.41,below,below,above,above,above,3.682,38.8,61.8,10.0,462.63,47.95,142.56,79855.26,79886.31,79805.13,79464.69,79775.74,149.74,43.17,green,87.84,green,False,True,198.63,red,green,21.85,green,0.0,12.12,18.34,18.54,green,green,8,79921.65,79911.65,above,above,above,above,above,3.66,37.0,63.2,10.0,0.0,0.0,79553.36,79905.06
1045779540,BUY,0.01,2026-08-28T05:35:50,79848.02,2026-08-28T06:12:50,79897.15000000001,37.0,0.49,manual,-2.03,-202.9,0.66,22.2,33.2,496637,3,475.29,48.16,139.56,79874.23,79907.32,79711.95,79455.77,79695.05,144.71,168.31,red,45.13,green,False,True,166.72,green,green,40.85,green,0.0,23.31,11.2,13.53,green,green,35,79848.0,79838.0,below,below,above,above,above,3.664,38.8,77.5,10.0,462.82,43.14,143.05,79856.22,79886.31,79829.81,79464.69,79791.07,149.03,43.17,green,87.84,green,False,True,198.63,red,green,21.04,green,5.9,1.3,2.1,16.84,green,green,12,79907.8,79897.8,above,above,above,above,above,3.661,37.0,78.5,10.0,0.0,0.0,79551.01,80149.1
1045777910,BUY,0.04,2026-08-28T05:31:48,79748.17,2026-08-28T08:48:29,79551.88,196.7,-7.85,sl,-8.48,-211.9,10.04,196.2,79.2,496637,2,469.09,43.11,139.56,79877.06,79907.32,79665.42,79455.77,79675.95,138.82,168.31,red,45.13,green,False,True,166.72,green,green,38.14,green,0.0,28.11,26.74,6.34,green,green,31,79748.19,79738.19,below,below,above,above,above,3.682,38.8,61.3,10.0,419.91,46.52,135.2,79782.09,79867.55,79713.27,79489.34,79741.98,135.72,222.52,red,107.96,red,False,True,8.33,red,red,8.6,green,15.99,18.82,-21.13,53.25,red,red,48,79582.75,79572.75,below,below,below,above,below,3.28,35.9,18.8,10.0,0.0,0.0,79551.88,80340.46
1045871473,SELL,0.02,2026-08-28T08:46:08,79608.85,2026-08-28T09:01:28,79457.53,15.3,3.03,tp,-0.82,-41.2,3.38,0.9,14.9,496640,2,415.42,40.08,143.05,79786.18,79867.55,79743.36,79489.34,79755.69,137.27,222.52,red,107.96,red,False,True,8.33,red,red,76.58,red,4.42,-12.34,-78.72,26.45,red,red,46,79618.85,79608.85,below,below,below,above,below,3.278,35.9,25.0,10.0,399.88,54.56,138.23,79750.79,79834.93,79570.71,79490.82,79653.27,141.96,150.78,red,55.29,red,False,True,174.02,red,red,22.42,red,41.65,-3.59,-43.62,0.21,red,red,1,79451.96,79441.96,below,below,below,below,below,3.285,37.8,32.7,10.0,0.0,0.0,79860.02,79457.53
1045873728,SELL,0.05,2026-08-28T08:49:38,79526.6,2026-08-28T10:02:16,79262.24,72.6,13.22,manual,-4.24,-84.8,15.3,4.4,15.4,496640,2,423.06,50.06,135.2,79779.38,79867.55,79694.13,79489.34,79732.95,136.15,222.52,red,107.96,red,False,True,8.33,red,red,32.97,red,20.63,-39.96,-35.97,20.25,red,red,49,79536.6,79526.6,below,below,below,above,below,3.282,35.9,17.4,10.0,402.68,31.41,151.45,79573.38,79783.26,79311.51,79482.78,79367.6,151.45,232.83,red,68.99,red,False,True,0.21,green,red,15.53,red,0.0,8.71,-2.61,24.95,red,red,2,79262.24,79252.24,below,below,below,below,below,3.293,38.0,42.1,10.0,0.0,0.0,80011.82,79191.07
1045918284,BUY,0.02,2026-08-28T10:37:54,79352.91,2026-08-28T10:56:14,79502.91,18.3,3.0,tp,-0.93,-46.6,3.07,7.1,18.1,496642,1,425.27,39.81,101.45,79470.55,79783.26,79279.59,79482.78,79274.67,101.24,232.83,red,68.99,green,False,True,0.21,green,green,20.8,green,0.0,-10.43,23.35,0.0,green,green,37,79352.63,79342.63,below,below,above,below,above,3.289,38.0,80.5,10.0,433.43,41.94,204.45,79455.25,79783.26,79384.17,79482.78,79335.38,204.45,232.83,red,68.99,green,False,True,0.21,green,green,1.57,green,11.37,34.24,36.79,43.16,green,green,56,79514.42,79504.42,above,below,above,above,above,3.283,38.0,70.6,10.0,0.0,0.0,78990.47,79502.91
1045940106,BUY,0.02,2026-08-28T11:20:06,79736.55,2026-08-28T11:36:03,79606.11,15.9,-2.61,sl,-2.63,-131.7,0.71,15.9,4.9,496643,1,437.15,38.31,204.45,79496.33,79762.23,79644.39,79485.89,79533.34,204.28,274.46,green,287.49,green,True,True,17.43,green,green,65.7,green,0.0,62.19,29.67,8.04,green,green,20,79738.05,79728.05,above,below,above,above,above,3.273,39.6,65.9,10.0,439.33,43.0,201.84,79525.05,79762.23,79673.69,79485.89,79606.14,201.84,274.46,green,287.49,green,True,True,17.43,red,red,54.32,red,13.89,-49.17,-69.03,1.4,green,red,36,79625.41,79615.41,above,below,below,above,above,3.278,39.6,38.6,10.0,0.0,0.0,79606.11,79886.55
1045947163,SELL,0.03,2026-08-28T11:39:07,79583.93000000001,2026-08-28T11:43:55,79636.44,4.8,-1.5699999999999998,manual,-1.56,-52.0,0.38,2.9,-0.1,496643,1,439.33,44.5,201.84,79527.03,79762.23,79652.25,79485.89,79604.52,201.68,274.46,green,287.49,green,True,True,17.43,red,red,29.38,red,2.85,-35.64,-19.08,15.03,green,red,39,79589.18,79579.18,above,below,below,above,below,3.28,39.6,28.4,10.0,439.33,41.56,200.27,79530.14,79762.23,79637.89,79485.89,79604.95,200.27,274.46,green,287.49,green,True,True,17.43,red,red,44.39,green,0.05,30.34,14.27,4.25,red,green,43,79636.44,79626.44,above,below,below,above,above,3.278,39.6,44.2,10.0,0.0,0.0,79777.43,79442.86
1045951281,BUY,0.04,2026-08-28T11:47:11,79650.0,2026-08-28T11:51:14,79557.01,4.0,-3.7199999999999998,sl,-4.24,-106.0,0.0,3.8,-0.2,496643,1,439.33,34.38,200.27,79534.03,79762.23,79635.59,79485.89,79608.7,199.87,274.46,green,287.49,green,True,True,17.43,red,green,7.6,green,0.0,3.82,8.23,1.68,green,green,47,79649.92,79639.92,above,below,above,above,above,3.277,39.6,30.6,10.0,439.33,27.48,196.55,79536.11,79762.23,79618.8,79485.89,79605.36,196.55,274.46,green,287.49,red,True,True,17.43,red,red,34.57,red,1.72,-6.42,-36.19,7.76,red,red,51,79560.01,79550.01,above,below,below,above,below,3.281,39.6,35.8,10.0,0.0,0.0,79566.9,79970.52
1045952562,SELL,0.06,2026-08-28T11:51:32,79556.71,2026-08-28T12:41:25,79340.58,49.9,12.97,tp,-10.07,-167.8,13.97,26.5,49.5,496643,1,439.33,27.48,196.55,79536.2,79762.23,79619.7,79485.89,79605.73,195.78,274.46,green,287.49,red,True,True,17.43,red,red,34.57,red,1.72,-6.42,-36.19,7.76,red,red,51,79569.48,79559.48,above,below,below,above,below,3.28,39.6,37.5,10.0,446.89,44.49,209.52,79539.06,79746.72,79463.72,79490.46,79527.46,212.09,34.14,green,26.31,red,True,False,172.11,red,red,41.43,red,10.18,-46.2,-32.12,0.44,red,red,41,79342.25,79332.25,below,below,below,below,below,3.29,38.5,1.7,10.0,0.0,0.0,79785.38,79340.58
1045979611,SELL,0.02,2026-08-28T12:33:06,79471.07,2026-08-28T12:43:18,79321.07,10.2,3.0,tp,-0.6,-30.2,3.23,-0.1,9.9,496644,2,436.38,41.84,196.55,79550.61,79746.72,79552.43,79490.46,79576.72,200.24,34.14,green,26.31,red,True,False,172.11,red,red,29.15,red,0.0,-20.59,-5.39,1.49,red,red,33,79489.11,79479.11,below,below,below,below,below,3.284,38.5,33.0,10.0,447.92,46.76,212.52,79535.02,79746.72,79440.24,79490.46,79512.67,212.52,34.14,green,26.31,red,True,False,172.11,red,red,27.81,green,20.72,16.58,-7.31,9.15,red,red,43,79319.52,79309.52,below,below,below,below,below,3.291,38.5,14.0,10.0,0.0,0.0,79735.25,79321.07
1046005344,SELL,0.02,2026-08-28T13:08:28,79381.56,2026-08-28T13:27:11,79042.17,18.7,6.79,tp,-0.28,-14.0,7.45,-0.5,18.5,496645,1,438.44,46.43,212.52,79506.7,79714.89,79410.28,79487.34,79446.01,212.32,188.88,red,117.94,red,False,True,124.44,red,red,9.71,green,9.35,-12.93,-6.82,47.65,green,red,8,79391.56,79381.56,below,below,below,below,below,3.288,33.2,48.5,10.0,463.38,55.84,219.31,79473.48,79714.89,79310.18,79487.34,79372.46,219.31,188.88,red,117.94,red,False,True,124.44,red,red,47.68,red,2.66,-20.0,-20.73,2.04,red,red,27,79134.78,79124.78,below,below,below,below,below,3.298,33.2,19.7,10.0,0.0,0.0,79491.2,79231.56
1046082532,SELL,0.02,2026-08-28T14:14:23,78629.97,2026-08-28T14:37:09,79446.61,22.8,-16.33,sl,-16.28,-814.1,2.54,22.6,1.6,496646,1,520.65,199.8,219.31,79333.35,79679.12,78890.36,79481.7,79078.55,219.51,72.61,red,331.03,red,False,True,146.66,green,red,63.84,red,175.94,-99.28,-149.91,0.0,green,red,14,78620.02,78610.02,below,below,below,below,below,3.915,32.8,20.2,10.0,520.65,136.22,202.98,79252.39,79679.12,79045.23,79481.7,79019.14,202.98,72.61,red,331.03,green,False,True,146.66,green,green,76.58,green,20.5,43.67,59.44,0.26,green,green,37,79454.11,79444.11,above,below,above,below,above,3.874,32.8,82.2,10.0,0.0,0.0,79446.61,78479.97
1046160602,SELL,0.02,2026-08-28T15:31:04,79235.49,2026-08-28T15:40:54,79085.49,9.8,3.0,tp,-0.5,-25.1,3.24,-0.1,8.9,496647,2,497.52,104.77,202.98,79320.59,79667.35,79373.26,79484.7,79358.25,193.82,220.09,green,910.36,red,True,True,168.75,green,red,93.04,red,129.95,4.52,-164.58,5.27,red,red,31,79245.49,79235.49,below,below,below,below,below,3.884,30.1,35.1,10.0,501.55,90.62,205.98,79307.56,79667.35,79248.88,79484.7,79300.83,192.29,220.09,green,910.36,red,True,True,168.75,green,red,48.91,red,0.0,-37.75,-5.84,10.7,red,red,40,79083.36,79073.36,below,below,below,below,below,3.892,30.1,20.9,10.0,0.0,0.0,79888.65,79085.49
1046116699,BUY,0.03,2026-08-28T14:40:04,79529.81,2026-08-28T15:58:13,78399.57,78.2,-33.9,sl,-34.75,-1158.5,10.34,77.9,19.9,496646,1,520.65,151.09,202.98,79261.15,79679.12,79173.92,79481.7,79078.73,202.12,72.61,red,331.03,green,False,True,146.66,green,green,144.84,red,27.49,-44.21,-49.26,56.0,green,green,40,79510.91,79500.91,above,below,above,above,above,3.871,32.8,78.5,10.0,551.7,82.3,172.08,79203.64,79667.35,78711.53,79484.7,78967.73,172.08,220.09,green,910.36,red,True,True,168.75,red,red,58.59,red,0.0,-11.84,-30.4,6.65,red,red,58,78383.28,78373.28,below,below,below,below,below,3.999,30.1,19.2,10.0,0.0,0.0,78399.57,80342.49
1046198521,SELL,0.02,2026-08-28T16:13:02,77917.09,2026-08-28T16:15:59,77767.09,3.0,3.0,tp,-0.44,-21.8,3.53,-0.0,2.0,496648,2,537.69,140.08,172.08,79051.16,79539.91,78211.47,79439.95,78574.07,189.14,1231.86,red,22.3,red,True,True,314.28,red,red,39.03,red,21.11,-153.72,-32.77,0.0,green,red,13,77927.09,77917.09,below,below,below,below,below,4.665,20.9,28.9,10.0,547.03,130.68,175.08,79025.44,79539.91,78128.46,79439.95,78510.92,199.04,1231.86,red,22.3,red,True,True,314.28,red,red,62.0,red,0.0,-47.15,-66.24,25.45,red,red,16,77756.29,77746.29,below,below,below,below,below,4.843,20.9,23.3,10.0,0.0,0.0,78424.11,77767.09
1046184373,SELL,0.04,2026-08-28T15:58:38,78359.27,2026-08-28T16:25:11,76941.09,26.6,56.73,tp,-5.15,-128.7,57.27,-0.6,26.4,496647,1,552.56,84.78,172.08,79203.5,79667.35,78710.26,79484.7,78967.2,171.65,220.09,green,910.36,red,True,True,168.75,red,red,58.59,red,0.0,-11.84,-30.4,6.65,red,red,58,78369.91,78359.91,below,below,below,below,below,4.015,30.1,18.9,10.0,605.1,140.69,231.81,78875.69,79539.91,77664.18,79439.95,78155.61,231.81,1231.86,red,22.3,red,True,True,314.28,red,red,177.46,red,69.1,-226.59,-232.37,0.0,red,red,25,76940.44,76930.44,below,below,below,below,below,5.951,20.9,9.3,10.0,0.0,0.0,79880.46,76941.09
1046248884,SELL,0.03,2026-08-28T17:25:19,77931.07,2026-08-28T17:25:31,77911.62,0.2,0.58,manual,-0.46,-15.4,1.1,-0.3,-0.3,496649,2,624.6,91.96,231.81,78411.15,79371.55,77929.32,79374.7,77908.45,230.49,553.75,red,916.24,green,False,True,78.79,green,red,3.48,red,16.41,-81.27,-22.21,35.53,red,red,25,77941.07,77931.07,below,below,above,below,above,5.963,21.0,49.4,10.0,624.6,93.69,232.39,78410.8,79371.55,77926.0,79374.7,77907.08,230.79,553.75,red,916.24,green,False,True,78.79,green,red,3.48,red,16.41,-81.27,-22.21,35.53,red,red,25,77906.23,77896.23,below,below,below,below,below,5.966,21.0,46.4,10.0,0.0,77840.64,0.0,77840.64
1046244463,BUY,0.02,2026-08-28T17:14:51,77976.02,2026-08-28T18:20:33,77620.17,65.7,-7.12,sl,-7.12,-355.9,2.97,65.2,4.2,496649,1,618.76,103.84,231.81,78461.16,79371.55,77840.73,79374.7,77869.89,231.65,553.75,red,916.24,green,False,True,78.79,red,green,10.98,red,0.01,99.64,26.71,113.99,green,green,14,77977.82,77967.82,below,below,above,below,above,5.961,21.0,73.6,10.0,620.14,58.0,225.27,78166.59,79231.5,77766.7,79316.97,77821.38,225.27,125.74,green,136.07,red,False,False,224.03,red,red,67.34,red,4.36,-60.94,-66.16,0.0,red,red,20,77630.17,77620.17,below,below,below,below,below,5.987,24.4,28.7,10.0,0.0,0.0,77627.65,78126.02
1046288600,SELL,0.02,2026-08-28T19:04:51,77509.88,2026-08-28T19:08:02,77658.33,3.2,-2.9699999999999998,sl,-2.96,-148.0,0.27,3.1,-0.8,496651,2,634.5,72.19,225.27,77919.49,79071.38,77494.01,79247.69,77532.29,227.34,350.09,red,305.1,red,False,True,36.85,green,red,49.67,red,2.85,-42.56,-15.57,31.06,green,red,4,77514.48,77504.48,below,below,above,below,below,5.996,23.3,69.1,10.0,634.89,62.66,222.3,77907.48,79071.38,77533.63,79247.69,77544.21,220.07,350.09,red,305.1,green,False,True,36.85,green,green,60.48,green,19.81,48.65,-14.83,0.0,red,green,8,77660.53,77650.53,below,below,above,below,above,5.985,23.3,69.8,10.0,0.0,0.0,77658.33,77359.41
1046289937,BUY,0.03,2026-08-28T19:09:05,77689.03,2026-08-28T19:21:10,77789.03,12.1,3.0,tp,-2.39,-79.7,3.77,7.9,11.9,496651,2,636.49,61.27,222.3,77905.3,79071.38,77548.36,79247.69,77549.9,218.92,350.09,red,305.1,green,False,True,36.85,green,green,43.48,green,2.42,59.43,75.88,17.94,red,green,9,77687.55,77677.55,below,below,above,below,above,5.983,23.3,72.3,10.0,646.09,54.63,225.3,77878.89,79071.38,77638.76,79247.69,77596.82,219.12,350.09,red,305.1,green,False,True,36.85,green,green,35.84,green,6.45,48.72,32.06,18.91,green,green,21,77792.18,77782.18,below,below,above,below,above,5.975,23.3,69.7,10.0,0.0,0.0,0.0,77789.03
1046310120,SELL,0.02,2026-08-28T20:33:14,77312.2,2026-08-28T22:34:23,77622.31,121.2,-6.21,sl,-6.1,-305.1,1.65,120.8,85.8,496652,2,656.73,43.21,225.3,77694.89,78927.56,77445.13,79181.58,77490.6,232.95,10.08,green,210.11,red,False,False,253.03,red,red,48.97,red,38.25,-59.92,-86.23,9.7,red,red,33,77323.74,77313.74,below,below,below,below,below,6.011,22.6,39.1,10.0,648.64,35.5,219.09,77507.67,78647.7,77522.98,79043.39,77469.06,217.99,34.25,red,138.8,green,False,True,131.77,green,green,15.57,red,3.75,2.63,19.61,3.96,green,green,34,77623.13,77613.13,above,below,above,below,above,5.988,18.3,71.8,10.0,0.0,0.0,77622.31,77162.2
1046347688,BUY,0.02,2026-08-29T08:20:51,77544.46,2026-08-29T08:26:49,77575.9,6.0,0.63,tp,-0.72,-35.8,0.63,0.1,5.2,496664,3,265.46,21.84,219.09,77551.71,78008.15,77529.57,78584.72,77541.2,216.57,152.97,green,33.43,red,True,False,59.78,red,green,29.5,green,13.49,28.88,-1.97,0.83,green,red,20,77545.6,77535.6,below,below,above,below,below,3.89,42.5,57.2,10.0,265.46,23.37,219.72,77551.36,78008.15,77537.97,78584.72,77542.36,217.38,152.97,green,33.43,red,True,False,59.78,red,green,8.54,green,0.52,-12.54,1.18,1.61,green,green,26,77579.04,77569.04,above,below,above,below,above,3.888,42.5,68.1,10.0,0.0,0.0,77462.72,77575.9
1046349373,BUY,0.02,2026-08-29T08:48:43,77625.2,2026-08-29T09:08:27,77597.75,19.7,-0.54,manual,-1.46,-73.2,1.08,1.3,17.3,496664,3,265.95,22.81,219.72,77553.16,78008.15,77564.49,78584.72,77554.14,217.18,152.97,green,33.43,green,True,False,59.78,red,green,36.0,green,0.0,34.27,12.7,0.0,green,green,48,77625.2,77615.2,above,below,above,below,above,3.886,42.5,70.6,10.0,242.36,30.81,219.18,77563.4,77973.01,77609.13,78548.09,77586.35,216.84,29.25,green,145.25,red,False,False,3.16,green,red,10.74,red,4.07,-54.58,37.91,16.7,green,red,8,77607.76,77597.76,above,below,below,below,above,3.887,52.7,56.9,10.0,0.0,0.0,77497.56,77683.5
1046350548,SELL,0.02,2026-08-29T09:09:11,77600.97,2026-08-29T09:36:38,77689.64,27.4,-1.77,sl,-1.58,-79.2,0.16,26.8,-0.2,496665,3,242.36,29.27,219.18,77563.82,77973.01,77608.71,78548.09,77587.08,216.64,29.25,green,145.25,red,False,False,3.16,green,red,5.95,green,0.0,-18.96,2.86,3.74,green,red,9,77610.97,77600.97,above,below,below,below,above,3.887,52.7,54.3,10.0,242.43,17.13,217.41,77580.7,77973.01,77638.23,78548.09,77619.77,215.07,29.25,green,145.25,green,False,False,3.16,red,green,6.77,green,5.2,-0.59,1.87,2.53,green,green,36,77690.17,77680.17,above,below,above,below,above,3.883,52.7,80.6,10.0,0.0,0.0,77684.53,77549.71
1046352655,BUY,0.03,2026-08-29T09:37:13,77691.56,2026-08-29T10:05:55,77538.54000000001,28.7,-4.59,sl,-4.73,-157.7,1.81,27.8,2.8,496665,3,243.2,16.39,217.41,77581.71,77973.01,77642.27,78548.09,77622.16,214.69,29.25,green,145.25,green,False,False,3.16,red,green,20.99,green,8.64,28.46,4.19,9.14,green,green,37,77689.12,77679.12,above,below,above,below,above,3.883,52.7,73.3,10.0,232.63,22.19,212.82,77598.98,77941.11,77630.32,78512.14,77637.33,210.48,1.23,red,81.9,red,True,False,113.43,red,red,15.07,red,2.63,-21.14,-21.63,5.06,red,red,5,77543.85,77533.85,below,below,below,below,below,3.89,52.4,10.8,10.0,0.0,0.0,77547.36,77793.63
1046363318,SELL,0.04,2026-08-29T12:25:13,77529.72,2026-08-29T13:14:14,77674.97,49.0,-5.8100000000000005,sl,-5.41,-135.2,1.89,48.8,6.8,496668,3,208.0,25.14,212.82,77628.57,77879.67,77594.25,78442.48,77609.97,210.01,52.2,red,26.0,red,True,False,98.54,green,red,34.66,red,21.13,-37.9,-54.49,1.41,red,red,25,77541.56,77531.56,below,below,below,below,below,3.89,57.1,45.6,10.0,203.66,23.01,207.01,77607.9,77850.94,77596.69,78408.69,77586.42,204.67,1.05,red,94.58,green,False,True,71.98,green,green,4.29,red,2.34,-5.7,3.37,0.69,green,green,14,77674.97,77664.97,above,below,above,below,above,3.883,42.4,73.8,10.0,0.0,0.0,77654.58,77451.65
1046366780,BUY,0.05,2026-08-29T13:34:49,77632.19,2026-08-29T14:40:57,77817.1,66.1,9.25,tp,-0.53,-10.6,9.55,-0.8,65.2,496669,3,207.79,20.58,207.01,77616.71,77850.94,77644.15,78408.69,77624.14,204.17,1.05,red,94.58,green,False,True,71.98,red,red,7.28,red,5.73,-10.45,-12.49,0.62,red,red,34,77632.19,77622.19,above,below,below,below,above,3.885,42.4,44.2,10.0,203.06,27.86,216.26,77653.42,77834.76,77712.5,78380.23,77695.39,213.92,108.93,green,23.49,green,True,False,41.36,green,green,11.16,green,13.96,7.02,5.98,0.0,green,green,40,77807.01,77797.01,above,below,above,below,above,3.877,43.4,62.5,10.0,0.0,0.0,77478.61,77817.1
1046320114,BUY,0.03,2026-08-28T22:36:00,77654.40000000001,2026-08-29T14:43:17,77996.88,967.3,10.28,tp,-8.7,-290.0,10.48,470.0,967.0,496654,2,650.96,36.49,219.09,77510.24,78647.7,77543.69,79043.39,77481.96,216.75,34.25,red,138.8,green,False,True,131.77,green,green,25.18,green,13.01,30.63,27.0,16.97,green,green,36,77654.33,77644.33,above,below,above,below,above,5.985,18.3,81.1,10.0,215.95,45.38,226.54,77661.46,77834.76,77768.55,78380.23,77721.5,214.19,108.93,green,23.49,green,True,False,41.36,green,green,46.59,green,0.0,87.88,69.55,74.25,green,green,43,77998.06,77988.06,above,above,above,below,above,3.867,43.4,95.1,10.0,0.0,0.0,77212.11,77996.88
1046275553,SELL,0.03,2026-08-28T18:28:08,77586.39,2026-08-29T14:47:16,78140.6,1219.1,-16.63,sl,-16.77,-559.0,10.7,1218.9,210.9,496650,1,630.49,66.95,225.27,78119.96,79231.5,77654.84,79316.97,77750.08,224.93,125.74,green,136.07,red,False,False,224.03,red,red,32.82,red,27.44,40.97,3.5,42.12,red,green,28,77597.83,77587.83,below,below,below,below,below,5.99,24.4,36.6,10.0,226.07,65.87,209.91,77673.9,77834.76,77842.1,78380.23,77760.16,209.91,108.93,green,23.49,green,True,False,41.36,green,green,47.01,green,0.0,52.76,51.09,10.63,green,green,47,78144.92,78134.92,above,above,above,below,above,3.86,43.4,95.9,10.0,0.0,0.0,78140.6,77104.23
1046375680,BUY,0.02,2026-08-29T15:24:08,77985.07,2026-08-29T15:30:26,77832.82,6.3,-3.04,sl,-3.04,-152.2,0.04,5.9,-0.1,496671,1,221.96,38.65,209.91,77757.19,77849.73,77929.75,78365.23,77896.51,209.73,309.4,green,39.85,red,True,False,165.53,red,green,50.98,green,1.04,25.81,0.02,5.99,red,green,24,77985.07,77975.07,above,above,above,below,above,3.428,59.6,54.2,10.0,223.23,38.79,206.87,77765.07,77849.73,77911.61,78365.23,77895.46,206.87,309.4,green,39.85,red,True,False,165.53,red,red,10.21,red,0.0,-18.72,0.94,1.08,red,red,30,77842.82,77832.82,above,below,below,below,below,3.086,59.6,34.5,10.0,0.0,0.0,77842.69,78134.64
1046376458,SELL,0.03,2026-08-29T15:32:02,77827.46,2026-08-29T16:07:05,77920.3,35.0,-2.79,manual,-3.27,-108.9,1.16,17.0,23.0,496671,1,225.26,36.58,206.87,77766.42,77849.73,77897.19,78365.23,77890.66,206.56,309.4,green,39.85,red,True,False,165.53,red,red,29.79,red,15.65,-35.84,-10.91,2.73,red,red,32,77837.77,77827.77,above,below,below,below,below,3.079,59.6,45.3,10.0,213.48,29.83,204.08,77797.2,77850.04,77878.93,78346.16,77877.35,203.19,139.17,red,64.72,green,False,False,20.26,green,green,0.71,green,0.03,7.46,27.76,13.7,green,green,7,77920.31,77910.31,above,above,above,below,above,1.758,52.2,58.2,10.0,77968.88,0.0,77968.88,77693.82
1046376543,SELL,0.01,2026-08-29T15:32:50,77830.66,2026-08-29T16:07:12,77917.66,34.4,-0.87,manual,-1.06,-105.7,0.42,16.2,22.2,496671,2,225.26,38.01,206.87,77766.43,77849.73,77897.31,78365.23,77890.7,206.44,309.4,green,39.85,red,True,False,165.53,red,red,29.79,red,15.65,-35.84,-10.91,2.73,red,red,32,77838.99,77828.99,above,below,below,below,below,3.079,59.6,45.5,10.0,213.48,30.12,203.21,77797.16,77850.04,77878.54,78346.16,77877.19,203.21,139.17,red,64.72,green,False,False,20.26,green,green,0.71,green,0.03,7.46,27.76,13.7,green,green,7,77916.22,77906.22,above,above,above,below,above,1.758,52.2,57.2,10.0,0.0,0.0,77998.08,77726.25
1046378650,BUY,0.04,2026-08-29T16:07:30,77930.90000000001,2026-08-29T16:15:05,78016.54,7.6,3.42,tp,-0.99,-24.7,3.7,-0.5,7.5,496672,1,213.48,31.01,203.21,77797.31,77850.04,77880.02,78346.16,77877.8,202.84,139.17,red,64.72,green,False,False,20.26,green,green,0.71,green,0.03,7.46,27.76,13.7,green,green,7,77931.68,77921.68,above,above,above,below,above,1.758,52.2,60.1,10.0,220.59,33.02,206.63,77809.95,77850.04,77927.77,78346.16,77901.19,208.47,139.17,red,64.72,green,False,False,20.26,green,green,18.12,green,25.61,8.88,-9.83,0.0,green,green,15,78033.41,78023.41,above,above,above,below,above,1.665,52.2,80.8,10.0,0.0,0.0,77839.49,78016.54
1046378961,BUY,0.04,2026-08-29T16:11:05,77977.51,2026-08-29T18:38:07,78173.76,147.0,7.85,tp,-4.12,-103.1,8.97,19.9,146.9,496672,2,216.69,27.71,203.21,77803.31,77850.04,77903.6,78346.16,77888.54,204.39,139.17,red,64.72,green,False,False,20.26,green,green,0.85,green,0.13,8.12,30.93,15.06,green,green,11,77978.88,77968.88,above,above,above,below,above,1.666,52.2,83.3,10.0,226.55,33.43,214.48,77981.94,77887.33,78085.36,78323.24,78063.79,214.48,95.08,green,122.98,green,False,False,4.94,red,green,29.77,green,0.13,21.59,-0.15,2.7,green,green,38,78190.49,78180.49,above,above,above,below,above,1.243,72.1,64.9,10.0,77798.99,0.0,77798.99,78173.76
1046402232,BUY,0.06,2026-08-29T22:07:36,78193.81,2026-08-29T22:20:16,78079.67,12.7,-6.85,manual,-7.33,-122.1,1.66,12.4,-0.6,496678,3,216.83,27.99,214.48,78133.78,77973.69,78156.63,78297.56,78140.28,210.86,37.7,green,81.01,green,False,True,46.27,green,green,42.41,green,1.89,33.04,2.89,7.97,green,green,7,78195.46,78185.46,above,above,above,below,above,1.244,75.6,51.8,10.0,222.62,29.49,207.63,78135.61,77973.69,78139.77,78297.56,78141.54,202.4,37.7,green,81.01,red,False,True,46.27,red,red,17.88,red,3.42,-17.25,-8.29,9.85,red,red,20,78089.66,78079.66,below,above,below,below,below,1.246,75.6,24.8,10.0,0.0,0.0,0.0,78243.81
1046402943,SELL,0.07,2026-08-29T22:21:21,78100.43000000001,2026-08-29T22:57:45,78225.27,36.4,-8.74,sl,-8.54,-122.1,1.47,35.6,-0.3,496678,3,222.62,28.06,207.63,78135.25,77973.69,78136.01,78297.56,78139.92,202.11,37.7,green,81.01,red,False,True,46.27,red,red,0.26,red,7.76,-27.73,-4.6,0.0,red,green,21,78110.41,78100.41,below,above,below,below,below,1.246,75.6,23.3,10.0,222.7,13.62,196.24,78142.64,77973.69,78181.8,78297.56,78162.01,193.86,37.7,green,81.01,green,False,True,46.27,green,green,2.71,red,0.17,-1.14,-1.33,3.66,green,green,57,78232.5,78222.5,above,above,above,below,above,1.244,75.6,80.5,10.0,0.0,0.0,78225.27,78042.45
1046403038,SELL,0.02,2026-08-29T22:24:22,78099.85,2026-08-29T22:57:45,78232.5,33.4,-2.65,sl,-2.45,-122.6,0.26,32.6,0.6,496678,4,222.62,25.39,207.63,78134.12,77973.69,78125.9,78297.56,78135.05,201.93,37.7,green,81.01,red,False,True,46.27,red,red,3.21,red,5.71,4.52,-0.5,4.49,red,green,24,78109.82,78099.82,below,above,below,below,below,1.246,75.6,22.5,10.0,222.7,13.62,196.24,78142.64,77973.69,78181.8,78297.56,78162.01,193.86,37.7,green,81.01,green,False,True,46.27,green,green,2.71,red,0.17,-1.14,-1.33,3.66,green,green,57,78232.5,78222.5,above,above,above,below,above,1.244,75.6,80.5,10.0,0.0,0.0,78230.28,77896.92
1046398469,SELL,0.02,2026-08-29T20:44:54,78126.73,2026-08-30T00:18:04,78299.99,213.2,-3.4699999999999998,sl,-3.27,-163.6,1.79,213.1,19.1,496676,2,230.42,27.48,214.48,78139.94,77937.73,78146.53,78310.93,78175.98,210.14,24.24,green,21.41,red,True,False,161.04,red,red,2.07,red,3.75,7.84,-2.25,15.84,green,red,44,78136.73,78126.73,below,above,below,below,below,1.418,71.1,43.3,10.0,213.42,22.54,192.77,78186.74,78019.68,78210.68,78292.14,78214.57,204.14,10.09,green,47.18,green,True,False,53.66,red,green,86.56,green,0.0,82.25,13.7,0.0,red,green,18,78300.3,78290.3,above,above,above,above,above,1.243,76.8,76.1,10.0,0.0,0.0,78299.99,78019.52
1046404164,BUY,0.13,2026-08-29T22:59:30,78221.69,2026-08-30T01:13:40,78065.44,134.2,-20.31,sl,-20.4,-156.9,13.29,133.5,78.5,496678,3,223.83,14.17,196.24,78144.13,77973.69,78188.34,78297.56,78166.31,192.39,37.7,green,81.01,green,False,True,46.27,green,green,13.67,green,0.0,15.92,15.61,8.5,green,green,59,78222.02,78212.02,above,above,above,below,above,1.244,75.6,64.5,10.0,211.99,22.6,172.46,78186.87,78034.3,78140.19,78287.39,78174.89,165.89,61.54,red,35.68,red,True,True,90.78,red,red,19.86,red,13.45,-16.64,-32.04,0.0,red,red,13,78074.77,78064.77,below,above,below,below,below,1.246,73.2,21.5,10.0,0.0,0.0,78065.44,78372.03
1046424551,BUY,0.17,2026-08-30T09:21:19,78106.13,2026-08-30T09:24:14,78036.59,2.9,-11.82,manual,-13.14,-77.3,1.27,2.7,0.7,496689,3,172.92,16.52,172.46,78125.04,78083.9,78076.82,78242.48,78081.3,154.2,44.4,red,57.08,green,False,True,85.55,green,green,22.46,green,4.09,21.26,-0.6,2.23,red,green,21,78111.15,78101.15,below,above,above,below,above,1.095,44.6,59.3,10.0,174.94,20.75,160.64,78122.76,78083.9,78068.93,78242.48,78077.44,150.44,44.4,red,57.08,red,False,True,85.55,green,red,32.33,red,1.08,-44.5,-28.73,0.0,red,red,24,78045.47,78035.47,below,below,below,below,below,1.095,44.6,40.3,10.0,0.0,0.0,0.0,0.0
1046424803,SELL,0.34,2026-08-30T09:24:26,78035.5,2026-08-30T09:40:57,78035.98,16.5,-0.16,sl,-6.28,-18.5,22.26,3.6,4.6,496689,3,174.94,20.75,160.64,78122.76,78083.9,78068.93,78242.48,78077.44,147.02,44.4,red,57.08,red,False,True,85.55,green,red,32.33,red,1.08,-44.5,-28.73,0.0,red,red,24,78045.53,78035.53,below,below,below,below,below,1.095,44.6,40.3,10.0,179.13,26.49,160.48,78106.05,78083.9,78019.9,78242.48,78045.0,150.73,44.4,red,57.08,red,False,True,85.55,red,green,1.43,green,11.74,-10.74,-14.27,0.0,red,green,40,78041.3,78031.3,below,below,above,below,below,1.096,44.6,49.8,10.0,0.0,0.0,78035.5,77976.69
1046431837,SELL,0.15,2026-08-30T11:13:21,78128.28,2026-08-30T11:27:07,78191.93000000001,13.8,-9.55,sl,-8.18,-54.5,0.92,13.7,3.6,496691,3,172.1,16.39,160.48,78088.19,78080.22,78142.1,78228.75,78112.12,138.38,154.45,green,37.35,red,True,True,7.83,green,red,8.66,red,9.21,-26.49,-1.18,0.0,green,red,13,78139.03,78129.03,above,above,below,below,above,1.094,50.9,48.1,10.0,172.25,16.36,150.93,78096.29,78080.22,78151.34,78228.75,78129.02,124.8,154.45,green,37.35,green,True,True,7.83,green,green,13.93,green,0.0,1.09,6.28,1.13,green,green,27,78190.28,78180.28,above,above,above,below,above,1.093,50.9,75.0,10.0,0.0,0.0,78188.99,78070.33
1046432727,BUY,0.3,2026-08-30T11:32:42,78182.71,2026-08-30T11:50:52,78118.71,18.2,-19.2,sl,-20.42,-68.1,11.59,17.3,0.3,496691,3,173.67,20.47,150.93,78100.06,78080.22,78160.34,78228.75,78137.2,122.63,154.45,green,37.35,green,True,True,7.83,green,red,3.21,red,16.7,-26.49,4.52,6.45,green,red,32,78182.71,78172.71,above,above,above,below,above,1.094,50.9,62.8,10.0,175.25,21.14,131.73,78109.86,78080.22,78155.36,78228.75,78147.76,112.82,154.45,green,37.35,red,True,True,7.83,red,red,12.65,red,9.98,-8.2,-16.23,0.93,red,red,50,78124.66,78114.66,above,above,below,below,below,1.094,50.9,38.1,10.0,0.0,0.0,78121.2,78250.44
1046409265,SELL,0.15,2026-08-30T01:23:35,78029.04000000001,2026-08-30T12:01:52,78215.92,638.3,-28.03,manual,-41.64,-277.6,13.05,324.4,520.4,496681,2,218.77,31.0,172.46,78172.0,78034.3,78071.47,78287.39,78127.42,162.97,61.54,red,35.68,red,True,True,90.78,red,red,23.43,red,2.59,-1.65,-19.32,0.0,red,green,23,78039.03,78029.03,below,below,below,below,below,1.247,73.2,36.3,10.0,168.58,20.93,103.7,78113.05,78087.72,78150.59,78226.04,78146.05,59.69,25.33,green,39.34,green,True,False,62.16,red,green,11.12,green,3.6,13.43,5.07,2.24,green,green,1,78217.21,78207.21,above,above,above,below,above,1.093,50.2,63.4,10.0,0.0,0.0,78338.62,77827.15
1046433779,SELL,0.45,2026-08-30T11:51:12,78121.33,2026-08-30T12:02:02,78227.24,10.8,-47.66,sl,-43.16,-95.9,12.07,10.8,1.8,496691,3,175.25,19.94,131.73,78110.01,78080.22,78152.48,78228.75,78146.88,107.36,154.45,green,37.35,red,True,True,7.83,red,red,20.11,red,4.14,-13.37,-14.26,0.2,red,red,51,78131.33,78121.33,above,above,below,below,below,1.094,50.9,45.6,10.0,169.19,20.43,56.04,78114.08,78087.72,78156.82,78226.04,78148.8,55.45,25.33,green,39.34,green,True,False,62.16,red,green,38.87,green,0.0,36.63,14.72,0.0,green,green,2,78224.15,78214.15,above,above,above,below,above,1.093,50.2,68.2,10.0,0.0,0.0,78223.27,78043.64
1046390711,BUY,0.04,2026-08-29T18:49:08,78229.12,2026-08-30T12:09:25,78506.73,1040.3,11.11,manual,-11.48,-287.1,11.25,914.9,1039.9,496674,1,228.42,36.19,214.48,78001.8,77887.33,78145.42,78323.24,78102.77,214.19,95.08,green,122.98,green,False,False,4.94,green,green,22.7,green,6.36,28.68,23.91,10.25,red,green,49,78231.66,78221.66,above,above,above,below,above,1.276,72.1,67.7,10.0,190.13,62.19,103.81,78132.12,78087.72,78277.64,78226.04,78206.78,103.81,25.33,green,39.34,green,True,False,62.16,red,green,38.97,green,1.78,-37.68,23.59,8.4,green,green,9,78514.99,78504.99,above,above,above,above,above,1.309,50.2,84.6,10.0,0.0,0.0,77223.87,79145.96
1046434948,BUY,0.15,2026-08-30T12:03:54,78262.3,2026-08-30T12:09:25,78506.73,5.5,36.66,manual,-15.51,-103.4,37.21,-0.9,5.1,496692,2,172.96,30.79,56.04,78115.15,78087.72,78163.39,78226.04,78151.71,58.83,25.33,green,39.34,green,True,False,62.16,red,green,43.94,red,0.0,21.51,-5.07,21.51,green,green,3,78280.03,78270.03,above,above,above,above,above,1.092,50.2,71.2,10.0,190.13,62.19,103.81,78132.12,78087.72,78277.64,78226.04,78206.78,103.81,25.33,green,39.34,green,True,False,62.16,red,green,38.97,green,1.78,-37.68,23.59,8.4,green,green,9,78514.99,78504.99,above,above,above,above,above,1.309,50.2,84.6,10.0,0.0,0.0,0.0,0.0
1046448168,BUY,0.04,2026-08-30T13:48:10,78950.86,2026-08-30T15:02:53,78688.21,74.7,-10.5,manual,-11.41,-285.2,0.49,73.8,2.8,496693,1,232.88,48.88,103.81,78475.8,78153.38,78768.9,78247.27,78711.33,102.61,617.47,green,3.6,green,True,False,77.57,green,green,31.23,green,4.23,-52.53,-6.92,16.58,green,green,48,78930.69,78920.69,above,above,above,above,above,1.652,68.6,82.6,10.0,231.05,31.42,93.31,78652.91,78271.62,78760.3,78290.19,78782.34,93.31,71.76,red,71.2,red,False,False,92.53,green,red,42.87,red,0.0,-44.67,-37.38,0.42,red,red,2,78694.54,78684.54,above,above,below,above,below,1.492,69.4,31.1,10.0,0.0,0.0,78577.49,79074.41
1046491808,BUY,0.1,2026-08-30T20:13:11,78922.7,2026-08-30T20:30:37,78799.3,17.4,-12.34,sl,-12.63,-126.3,0.26,16.8,11.8,496700,1,328.96,31.96,93.31,78923.77,78559.18,78859.54,78419.9,78869.39,92.31,179.99,red,153.79,green,False,True,11.44,green,green,52.75,green,0.0,24.4,0.07,2.75,green,green,13,78922.7,78912.7,below,above,above,above,above,1.854,64.9,61.1,10.0,330.93,32.29,80.97,78913.33,78559.18,78855.19,78419.9,78863.0,80.97,179.99,red,153.79,red,False,True,11.44,red,red,34.8,red,8.91,-6.41,-40.93,0.0,red,red,30,78806.42,78796.42,below,above,below,above,below,1.857,64.9,36.8,10.0,0.0,0.0,78808.96,79023.06
1046494148,SELL,0.02,2026-08-30T20:39:42,78725.44,2026-08-30T21:01:46,78325.27,22.1,8.0,tp,-0.96,-47.9,8.95,-0.7,21.3,496700,1,338.04,50.55,80.97,78902.48,78559.18,78815.82,78419.9,78840.31,80.77,179.99,red,153.79,red,False,True,11.44,red,red,118.64,red,4.88,-11.23,-95.12,0.83,red,red,39,78735.42,78725.42,below,above,below,above,below,1.858,64.9,31.0,10.0,366.1,65.01,88.97,78842.65,78561.66,78600.32,78426.35,78696.59,88.97,265.81,red,174.77,red,False,True,75.13,green,red,90.99,red,118.05,-33.15,-196.84,64.08,red,red,2,78340.34,78330.34,below,below,below,below,below,1.868,56.2,15.3,10.0,0.0,0.0,78934.89,78325.27
1046502417,BUY,0.02,2026-08-30T21:28:57,78647.69,2026-08-30T22:17:13,78453.39,48.3,-3.88,sl,-3.91,-195.7,2.99,48.0,33.0,496701,1,375.35,55.54,88.97,78770.41,78561.66,78564.95,78426.35,78595.12,88.82,265.81,red,174.77,green,False,True,75.13,red,green,15.41,green,17.79,0.7,16.41,1.42,red,green,29,78650.04,78640.04,below,above,above,above,above,1.86,56.2,65.2,10.0,392.94,49.16,85.09,78711.27,78569.03,78583.0,78434.5,78605.85,85.09,52.41,green,375.97,red,False,True,95.69,red,red,40.76,red,6.69,-11.79,-35.18,2.27,red,red,17,78462.03,78452.03,below,below,below,above,below,1.865,60.8,0.5,10.0,0.0,0.0,78454.86,78797.69
1046519683,SELL,0.03,2026-08-30T22:17:38,78411.96,2026-08-30T23:17:12,78211.96,59.6,6.0,tp,-4.26,-142.2,8.55,1.4,59.4,496702,1,395.98,52.21,85.09,78710.87,78569.03,78579.19,78434.5,78604.28,84.81,52.41,green,375.97,red,False,True,95.69,red,red,40.76,red,6.69,-11.79,-35.18,2.27,red,red,17,78421.96,78411.96,below,below,below,below,below,1.866,60.8,0.5,10.0,419.89,65.85,91.09,78565.67,78555.04,78344.78,78433.99,78393.98,91.09,215.72,red,167.96,red,True,False,159.56,red,red,31.75,red,1.01,-34.61,-13.83,0.0,green,red,17,78173.74,78163.74,below,below,below,below,below,1.872,56.8,34.9,10.0,0.0,0.0,78808.02,78211.96
1046546797,BUY,0.02,2026-08-30T23:21:51,78370.19,2026-08-30T23:23:16,78095.02,1.4,-5.5,sl,-6.2,-309.8,0.52,1.1,0.1,496703,1,419.89,70.8,91.09,78557.04,78555.04,78345.35,78433.99,78386.91,90.92,215.72,red,167.96,red,True,False,159.56,red,green,12.76,green,9.65,32.88,70.92,43.52,red,green,21,78371.71,78361.71,below,below,above,below,below,1.867,56.8,51.0,10.0,424.64,91.32,85.59,78550.41,78555.04,78321.76,78433.99,78374.05,85.59,215.72,red,167.96,red,True,False,159.56,red,red,22.84,red,17.81,9.31,9.91,24.27,red,red,23,78093.3,78083.3,below,below,below,below,below,1.874,56.8,34.3,10.0,0.0,0.0,78118.87,78520.19
1046547631,SELL,0.03,2026-08-30T23:23:22,78039.51,2026-08-30T23:23:31,77879.71,0.1,4.8,manual,-9.31,-310.4,6.62,-0.4,-0.4,496703,1,430.28,96.96,85.59,78549.39,78555.04,78312.07,78433.99,78370.06,87.03,215.72,red,167.96,red,True,False,159.56,red,red,22.84,red,17.81,9.31,9.91,24.27,red,red,23,77991.55,77981.55,below,below,below,below,below,1.876,56.8,30.3,10.0,441.9,108.58,90.39,78548.79,78555.04,78306.33,78433.99,78367.7,90.39,215.72,red,167.96,red,True,False,159.56,red,red,22.84,red,17.81,9.31,9.91,24.27,red,red,23,77931.31,77921.31,below,below,below,below,below,2.036,56.8,28.4,10.0,0.0,0.0,0.0,0.0
1046571299,BUY,0.02,2026-08-31T00:04:26,77752.33,2026-08-31T00:07:08,77549.86,2.7,-4.05,sl,-4.05,-202.5,1.31,2.6,-0.4,496704,1,503.54,87.29,90.39,78234.82,78470.92,77625.07,78404.19,77748.58,90.21,750.27,red,694.71,green,False,True,27.79,green,green,70.86,green,0.0,43.63,41.79,34.39,green,green,4,77753.5,77743.5,below,below,above,below,below,3.123,45.2,77.8,10.0,506.94,91.74,86.34,78217.25,78470.92,77626.7,78404.19,77736.02,86.34,750.27,red,694.71,red,False,True,27.79,green,red,164.83,red,7.92,-61.11,-154.48,13.83,green,red,7,77559.86,77549.86,below,below,below,below,below,3.131,45.2,50.6,10.0,0.0,0.0,77554.78,77904.31
1046572630,SELL,0.02,2026-08-31T00:07:20,77503.12,2026-08-31T00:16:22,77847.15000000001,9.0,-6.88,sl,-7.67,-383.4,1.65,9.7,2.7,496704,1,510.32,95.12,86.34,78216.81,78470.92,77622.44,78404.19,77734.27,86.1,750.27,red,694.71,red,False,True,27.79,green,red,164.83,red,7.92,-61.11,-154.48,13.83,green,red,7,77515.14,77505.14,below,below,below,below,below,3.133,45.2,47.4,10.0,521.06,97.14,79.46,78165.15,78470.92,77677.67,78404.19,77718.36,81.97,750.27,red,694.71,green,False,True,27.79,green,green,72.01,green,20.88,92.43,66.4,18.42,green,green,17,77892.02,77882.02,below,below,above,below,above,3.118,45.2,57.6,10.0,0.0,0.0,77842.17,77310.57
1046576738,BUY,0.04,2026-08-31T00:16:34,77819.2,2026-08-31T00:35:25,78151.57,18.9,13.29,tp,-2.23,-55.8,13.58,-0.6,18.4,496704,1,521.06,97.14,79.46,78165.15,78470.92,77677.67,78404.19,77718.36,81.97,750.27,red,694.71,green,False,True,27.79,green,green,72.01,green,20.88,92.43,66.4,18.42,green,green,17,77892.02,77882.02,below,below,above,below,above,3.118,45.2,57.6,10.0,540.5,62.1,92.75,78125.19,78470.92,77894.7,78404.19,77825.7,92.75,750.27,red,694.71,green,False,True,27.79,green,green,0.3,red,17.62,5.96,-2.23,15.17,green,green,35,78117.48,78107.48,below,below,above,below,above,3.109,45.2,74.4,10.0,0.0,0.0,77416.39,78151.57
1046661979,BUY,0.02,2026-08-31T03:35:31,77717.73,2026-08-31T04:02:31,77635.95,27.0,-1.63,sl,-1.64,-81.8,2.91,26.5,10.5,496707,1,558.77,34.77,92.75,77767.59,78258.02,77670.18,78320.07,77650.25,92.57,180.94,red,86.7,green,True,True,358.03,green,green,11.53,red,3.06,2.19,-14.43,22.93,red,green,35,77718.56,77708.56,below,below,above,below,above,3.125,29.3,62.7,10.0,559.28,33.16,91.12,77766.01,78209.47,77738.89,78297.58,77720.28,91.12,298.9,green,78.56,red,False,False,115.66,red,red,40.08,red,13.52,-27.98,-33.17,3.63,red,red,2,77645.95,77635.95,below,below,below,below,below,3.128,34.1,13.8,10.0,0.0,0.0,77638.76,77867.73
1046668973,SELL,0.03,2026-08-31T04:03:38,77629.40000000001,2026-08-31T05:18:52,77867.8,75.2,-7.15,sl,-7.82,-260.6,5.67,74.4,29.4,496708,1,561.72,35.23,91.12,77764.34,78209.47,77725.68,78297.58,77715.51,91.12,298.9,green,78.56,red,False,False,115.66,red,red,74.26,red,0.0,-43.69,-60.72,0.0,red,red,3,77629.45,77619.45,below,below,below,below,below,3.128,34.1,14.7,10.0,580.35,52.0,83.97,77670.37,78151.71,77700.86,78270.18,77633.32,83.97,144.83,red,162.28,green,False,False,12.99,green,green,1.81,red,17.67,30.49,46.26,30.53,green,green,18,77900.02,77890.02,above,below,above,below,above,3.117,33.4,81.7,10.0,0.0,0.0,77867.8,77411.78
1046693484,BUY,0.02,2026-08-31T05:25:05,78096.01,2026-08-31T05:37:46,77884.88,12.7,-4.22,sl,-4.24,-212.1,1.02,11.9,-0.1,496709,2,594.62,73.9,83.97,77693.81,78151.71,77861.74,78270.18,77727.29,89.92,144.83,red,162.28,green,False,False,12.99,green,green,71.87,green,0.0,99.25,43.71,25.36,green,green,25,78097.07,78087.07,above,below,above,below,above,3.11,33.4,81.9,10.0,598.72,72.2,79.75,77726.94,78151.71,77942.56,78270.18,77824.95,77.76,144.83,red,162.28,green,False,False,12.99,green,red,68.73,red,1.74,-54.44,-69.13,8.6,green,red,37,77893.93,77883.93,above,below,below,below,above,3.118,33.4,40.9,10.0,0.0,0.0,77884.88,78246.01
1046700124,SELL,0.03,2026-08-31T05:39:01,77873.85,2026-08-31T06:41:08,78157.54000000001,62.1,-8.51,sl,-8.21,-273.7,1.32,62.0,27.0,496709,2,598.72,63.69,79.75,77729.98,78151.71,77931.27,78270.18,77829.27,77.06,144.83,red,162.28,green,False,False,12.99,green,red,29.97,red,18.84,-28.12,-23.45,4.25,green,red,39,77883.83,77873.83,above,below,below,below,above,3.118,33.4,26.4,10.0,572.92,58.0,71.24,77855.16,78137.43,78018.01,78259.68,77993.24,79.0,399.67,green,109.2,green,True,False,145.79,red,green,19.13,green,24.18,44.43,53.15,26.77,green,green,41,78137.77,78127.77,above,below,above,below,above,3.108,39.5,55.5,10.0,78147.12,77633.93,,
1046690491,BUY,0.04,2026-08-31T05:19:01,77933.85,2026-08-31T08:42:24,78419.28,203.4,19.42,tp,-4.16,-103.9,19.51,47.0,203.0,496709,1,584.34,52.78,83.97,77673.19,78151.71,77724.64,78270.18,77645.83,83.09,144.83,red,162.28,green,False,False,12.99,green,green,121.44,green,0.0,100.63,16.28,12.92,green,green,19,77921.71,77911.71,above,below,above,below,above,3.117,33.4,81.2,10.0,554.68,56.55,90.66,78051.39,78134.6,78147.63,78249.01,78129.69,100.93,113.41,green,46.97,green,True,False,130.64,red,green,60.28,green,4.53,67.17,28.8,18.16,green,green,42,78430.65,78420.65,above,above,above,above,above,3.096,37.0,85.4,10.0,77440.42,78419.28,,
1046737177,BUY,0.04,2026-08-31T07:13:01,78154.7,2026-08-31T08:58:25,78483.73,105.4,13.16,tp,-7.79,-194.8,13.78,71.0,105.0,496711,2,541.98,46.7,71.24,77916.67,78130.18,78088.97,78251.93,78058.26,79.36,60.16,green,171.35,green,True,False,86.08,red,green,40.1,green,30.29,22.13,-16.85,4.01,green,green,13,78155.64,78145.64,above,above,above,below,above,3.107,31.4,65.4,10.0,560.23,52.83,103.82,78100.59,78134.6,78355.66,78249.01,78253.98,103.82,113.41,green,46.97,green,True,False,130.64,green,green,21.19,green,19.84,31.28,9.02,12.12,green,green,58,78509.3,78499.3,above,above,above,above,above,3.093,37.0,74.1,10.0,77829.95,78483.73,,
1046807388,BUY,0.02,2026-08-31T09:16:57,78685.09,2026-08-31T09:51:28,78553.53,34.5,-2.63,sl,-2.79,-139.3,2.04,34.0,29.1,496713,1,565.2,91.95,103.82,78173.9,78164.89,78544.4,78256.97,78410.35,103.63,276.57,green,216.49,green,True,True,46.38,green,green,49.31,red,16.09,-35.51,-48.56,0.52,red,green,16,78685.09,78675.09,above,above,above,above,above,3.086,41.7,64.5,10.0,565.42,50.65,101.19,78316.31,78164.89,78642.51,78256.97,78592.35,101.19,276.57,green,216.49,green,True,True,46.38,green,red,49.82,red,3.75,-25.29,-43.06,1.96,red,red,51,78560.98,78550.98,above,above,below,above,below,3.091,41.7,44.8,10.0,0.0,0.0,78553.53,78835.09
1046825264,SELL,0.03,2026-08-31T09:54:01,78548.31,2026-08-31T10:06:42,78336.23,12.7,6.36,tp,-0.58,-19.3,6.68,-0.0,12.0,496713,1,565.42,46.52,101.19,78323.63,78164.89,78621.43,78256.97,78588.95,100.86,276.57,green,216.49,green,True,True,46.38,green,red,18.77,red,16.64,-20.45,-27.8,0.0,red,red,54,78559.33,78549.33,above,above,below,above,below,3.091,41.7,42.3,10.0,541.73,41.61,107.55,78338.39,78196.55,78492.42,78266.44,78535.56,107.55,44.27,green,86.07,red,True,False,287.55,red,red,41.63,red,2.02,9.29,-3.42,8.85,red,red,6,78335.56,78325.56,below,above,below,above,below,3.1,44.7,4.4,10.0,78786.86,78336.23,,
1046841426,SELL,0.02,2026-08-31T10:23:52,78380.37,2026-08-31T10:26:30,78434.83,2.6,-1.09,sl,-0.89,-44.5,0.26,2.1,1.1,496714,1,545.14,46.59,107.55,78347.85,78196.55,78418.29,78266.44,78469.04,107.36,44.27,green,86.07,red,True,False,287.55,red,red,19.83,red,0.0,-24.21,-8.79,13.16,red,red,23,78389.87,78379.87,above,above,below,above,below,3.098,44.7,52.3,10.0,545.14,41.4,106.46,78349.35,78196.55,78413.4,78266.44,78461.1,106.46,44.27,green,86.07,red,True,False,287.55,red,red,12.36,red,9.38,-2.4,-3.14,2.18,red,green,26,78434.83,78424.83,above,above,above,above,below,3.096,44.7,50.3,10.0,0.0,0.0,78433.26,78230.37
1046846648,BUY,0.03,2026-08-31T10:38:01,78463.11,2026-08-31T10:38:24,78473.47,0.4,0.31,manual,-0.32,-10.8,0.34,-0.0,-0.0,496714,1,545.14,29.43,106.46,78354.56,78196.55,78404.59,78266.44,78436.61,106.21,44.27,green,86.07,red,True,False,287.55,red,green,34.66,green,13.45,33.7,33.11,0.0,red,green,38,78464.77,78454.77,above,above,above,above,above,3.095,44.7,63.7,10.0,545.14,30.84,106.77,78354.75,78196.55,78406.37,78266.44,78437.34,106.97,44.27,green,86.07,red,True,False,287.55,red,green,34.66,green,13.45,33.7,33.11,0.0,red,green,38,78483.47,78473.47,above,above,above,above,above,3.094,44.7,66.3,10.0,78335.69,78572.82,,
1046846672,BUY,0.03,2026-08-31T10:38:05,78466.65000000001,2026-08-31T10:52:05,78566.78,14.0,3.0,tp,-1.17,-39.0,3.01,2.9,13.9,496714,2,545.14,29.66,106.46,78354.59,78196.55,78404.89,78266.44,78436.73,106.05,44.27,green,86.07,red,True,False,287.55,red,green,34.66,green,13.45,33.7,33.11,0.0,red,green,38,78467.88,78457.88,above,above,above,above,above,3.095,44.7,64.2,10.0,549.25,44.97,109.77,78373.09,78196.55,78480.21,78266.44,78463.38,109.77,44.27,green,86.07,green,True,False,287.55,green,green,62.23,green,11.22,27.19,-8.12,5.08,red,green,52,78577.09,78567.09,above,above,above,above,above,3.091,44.7,61.5,10.0,0.0,0.0,78332.34,78566.78
1046869262,SELL,0.02,2026-08-31T11:25:42,78510.33,2026-08-31T11:43:01,78360.33,17.3,3.0,tp,-0.63,-31.7,3.52,-0.7,17.3,496715,1,534.3,41.37,109.77,78431.25,78241.83,78555.3,78282.31,78542.92,109.57,171.42,green,223.29,red,False,True,32.66,red,red,2.82,green,10.39,2.95,14.23,0.0,red,red,25,78520.33,78510.33,above,above,below,above,below,3.093,51.4,40.4,10.0,546.17,32.95,112.77,78427.21,78241.83,78418.78,78282.31,78470.48,112.77,171.42,green,223.29,red,False,True,32.66,red,red,8.85,red,3.22,2.49,-8.34,14.69,green,red,43,78345.1,78335.1,below,above,below,above,below,3.1,51.4,19.2,10.0,78719.63,0.0,78679.11,78360.33
1046906017,SELL,0.02,2026-08-31T12:18:02,78319.0,2026-08-31T12:19:57,78453.23,1.9,-2.68,sl,-2.53,-126.4,0.08,1.0,-0.0,496716,2,533.38,51.33,112.77,78409.07,78245.2,78378.85,78282.03,78396.62,111.17,394.65,red,22.7,green,False,True,4.96,green,red,63.3,red,22.2,1.22,-68.67,2.28,red,red,18,78326.78,78316.78,below,above,below,above,below,3.1,45.0,24.2,10.0,533.38,58.41,110.09,78409.86,78245.2,78389.05,78282.03,78400.28,110.75,394.65,red,22.7,green,False,True,4.96,green,green,56.68,green,15.85,2.22,16.72,0.75,red,green,19,78431.93,78421.93,above,above,above,above,above,3.096,45.0,43.2,10.0,78453.23,78215.11,,
1046893774,BUY,0.02,2026-08-31T12:02:02,78388.86,2026-08-31T12:24:38,78230.38,22.6,-3.17,sl,-3.71,-185.4,2.53,22.0,3.0,496716,1,525.03,40.85,112.77,78408.77,78245.2,78334.8,78282.03,78390.27,112.96,394.65,red,22.7,green,False,True,4.96,red,green,107.14,green,17.46,101.24,28.24,0.0,red,green,2,78408.25,78398.25,below,above,above,above,above,3.097,45.0,64.0,10.0,535.3,68.57,106.92,78404.46,78245.2,78351.33,78282.03,78381.58,108.43,394.65,red,22.7,red,False,True,4.96,green,red,14.45,red,3.46,47.03,57.1,52.92,green,red,24,78230.52,78220.52,below,below,below,below,below,3.104,45.0,34.1,10.0,78230.38,78522.34,,
1046909316,SELL,0.03,2026-08-31T12:22:02,78280.96,2026-08-31T12:25:25,78160.48,3.4,3.62,tp,-2.44,-81.4,4.55,1.0,3.0,496716,2,533.38,63.88,110.09,78406.79,78245.2,78366.48,78282.03,78389.44,107.95,394.65,red,22.7,red,False,True,4.96,green,red,108.01,red,0.0,6.59,-78.67,28.35,green,red,22,78259.39,78249.39,below,above,below,below,below,3.103,45.0,28.4,10.0,540.61,70.99,110.54,78402.09,78245.2,78333.55,78282.03,78373.08,112.33,394.65,red,22.7,red,False,True,4.96,green,red,65.42,red,26.08,-39.7,-88.02,27.65,red,red,25,78166.52,78156.52,below,below,below,below,below,3.107,45.0,25.3,10.0,78445.41,78160.48,,
1046911534,SELL,0.03,2026-08-31T12:25:02,78226.26,2026-08-31T12:30:31,77981.63,5.5,7.34,tp,-0.16,-5.5,7.76,-0.0,5.0,496716,2,535.3,64.77,106.92,78402.7,78245.2,78339.38,78282.03,78375.48,108.48,394.65,red,22.7,red,False,True,4.96,green,red,65.42,red,26.08,-39.7,-88.02,27.65,red,red,25,78227.65,78217.65,below,below,below,below,below,3.104,45.0,28.5,10.0,552.16,99.44,117.88,78384.04,78245.2,78215.89,78282.03,78311.46,117.88,394.65,red,22.7,red,False,True,4.96,red,red,14.97,red,2.8,18.57,-5.92,66.62,red,red,30,77993.94,77983.94,below,below,below,below,below,3.114,45.0,26.5,10.0,78515.16,77981.63,,
1046928816,SELL,0.02,2026-08-31T12:41:02,77817.53,2026-08-31T13:02:09,78134.66,21.1,-6.34,sl,-6.14,-307.1,3.08,21.0,-0.0,496716,1,565.39,84.21,117.88,78344.29,78245.2,78056.08,78282.03,78198.58,117.87,394.65,red,22.7,red,False,True,4.96,red,red,103.57,red,15.84,-55.62,-116.05,24.87,red,red,41,77817.83,77807.83,below,below,below,below,below,3.121,45.0,24.6,10.0,484.65,66.99,111.54,78252.69,78212.6,77918.51,78266.97,78013.89,111.54,374.3,red,238.94,green,False,True,238.14,green,green,110.88,green,31.68,137.52,30.54,27.14,green,green,2,78111.05,78101.05,below,below,above,below,above,3.109,43.1,75.0,10.0,78134.35,77555.17,,
1046969694,BUY,0.03,2026-08-31T13:31:29,78113.98,2026-08-31T14:42:51,78590.73,71.4,14.3,tp,-12.57,-419.1,14.63,20.5,70.5,496717,1,494.97,88.99,111.54,78191.39,78212.6,78009.39,78266.97,78011.07,110.94,374.3,red,238.94,green,False,True,238.14,red,green,103.99,green,25.41,183.21,52.91,79.44,green,green,31,78103.94,78093.94,below,below,above,below,above,3.109,43.1,55.3,10.0,518.72,117.15,125.84,78076.9,78177.59,78120.73,78250.4,78015.4,125.84,56.52,red,149.4,green,False,False,360.93,green,green,277.52,green,7.36,281.57,63.52,31.42,green,green,42,78611.81,78601.81,above,above,above,above,above,3.089,52.8,85.2,10.0,77663.78,78590.73,,
1047080831,BUY,0.02,2026-08-31T15:28:02,78399.93000000001,2026-08-31T15:28:34,78491.3,0.5,1.83,tp,-1.2,-60.2,2.33,-0.0,-0.0,496719,3,525.48,73.88,125.84,78198.09,78213.74,78347.3,78262.43,78323.91,120.11,715.28,green,127.45,red,True,False,97.14,red,green,73.92,green,1.55,67.62,39.32,0.0,green,green,28,78399.98,78389.98,above,above,above,above,above,3.098,59.1,59.1,10.0,525.48,86.07,127.67,78199.35,78213.74,78359.35,78262.43,78328.88,122.14,715.28,green,127.45,red,True,False,97.14,red,green,73.92,green,1.55,67.62,39.32,0.0,green,green,28,78526.56,78516.56,above,above,above,above,above,3.093,59.1,66.6,10.0,78268.91,78491.3,,
1047073220,SELL,0.02,2026-08-31T15:14:22,78303.56,2026-08-31T15:32:20,78557.42,18.0,-5.08,sl,-5.58,-279.2,2.42,17.6,4.6,496719,2,517.24,82.85,125.84,78180.87,78213.74,78421.49,78262.43,78329.81,120.31,715.28,green,127.45,red,True,False,97.14,green,red,67.21,red,11.41,-23.79,-70.36,14.08,green,red,14,78321.5,78311.5,above,above,below,above,below,3.101,59.1,31.4,10.0,525.48,87.11,122.59,78210.19,78213.74,78399.24,78262.43,78350.63,122.37,715.28,green,127.45,red,True,False,97.14,green,green,4.29,red,47.37,9.02,55.51,31.61,green,green,32,78569.24,78559.24,above,above,above,above,above,3.091,59.1,77.8,10.0,0.0,0.0,78557.42,78153.56
1047048344,BUY,0.02,2026-08-31T14:43:02,78569.92,2026-08-31T16:03:30,78612.14,80.5,0.84,manual,-7.75,-387.3,3.66,36.0,60.0,496718,1,518.95,117.16,125.84,78081.58,78177.59,78161.61,78250.4,78036.26,126.33,56.52,red,149.4,green,False,False,360.93,green,green,82.16,green,33.98,99.27,246.78,52.65,green,green,43,78604.68,78594.68,above,above,above,above,above,3.089,52.8,84.1,10.0,500.21,59.3,123.43,78308.29,78246.1,78578.09,78274.02,78515.32,123.36,15.49,red,371.34,green,True,False,183.23,red,green,53.67,green,0.0,104.81,90.02,47.55,red,green,3,78622.14,78612.14,above,above,above,above,above,3.089,64.3,48.4,10.0,77939.72,79175.18,,
1047100504,BUY,0.02,2026-08-31T16:03:02,78672.37,2026-08-31T16:18:11,78499.77,15.2,-3.45,sl,-3.81,-190.4,2.22,15.0,8.0,496720,4,500.21,55.81,122.59,78308.75,78246.1,78582.49,78274.02,78517.13,127.54,15.49,red,371.34,green,True,False,183.23,red,green,53.67,green,0.0,104.81,90.02,47.55,red,green,3,78668.37,78658.37,above,above,above,above,above,3.087,64.3,55.6,10.0,508.09,76.72,119.98,78349.82,78246.1,78595.31,78274.02,78556.04,115.09,15.49,red,371.34,red,True,False,183.23,green,red,33.43,red,3.76,-16.99,-9.92,22.38,green,red,18,78501.3,78491.3,above,above,below,above,below,3.094,64.3,43.3,10.0,78499.77,78799.33,,
1047088256,BUY,0.02,2026-08-31T15:43:01,78643.42,2026-08-31T16:55:24,78795.2,72.4,3.03,tp,-3.23,-161.5,4.78,35.0,72.0,496719,3,525.48,74.29,122.59,78244.15,78213.74,78497.7,78262.43,78417.97,127.44,715.28,green,127.45,green,True,False,97.14,green,green,96.1,green,0.0,118.18,32.59,35.06,green,green,43,78663.15,78653.15,above,above,above,above,above,3.087,59.1,73.1,10.0,515.15,59.16,128.28,78442.07,78246.1,78677.44,78274.02,78634.61,136.53,15.49,red,371.34,green,True,False,183.23,green,green,3.02,green,16.04,28.51,31.92,25.93,green,green,55,78838.01,78828.01,above,above,above,above,above,3.08,64.3,75.3,10.0,78442.24,78795.2,,
1047109383,BUY,0.03,2026-08-31T16:20:01,78696.43000000001,2026-08-31T16:55:25,78871.93,35.4,5.27,tp,-4.83,-160.9,5.58,6.0,35.0,496720,3,508.09,82.31,119.98,78357.8,78246.1,78622.22,78274.02,78570.97,124.19,15.49,red,371.34,green,True,False,183.23,green,green,43.88,green,0.0,96.98,156.9,48.3,green,red,20,78691.89,78681.89,above,above,above,above,above,3.086,64.3,54.4,10.0,515.15,59.16,128.28,78442.07,78246.1,78677.44,78274.02,78634.61,136.53,15.49,red,371.34,green,True,False,183.23,green,green,3.02,green,16.04,28.51,31.92,25.93,green,green,55,78838.01,78828.01,above,above,above,above,above,3.08,64.3,75.3,10.0,78481.94,78871.93,,
1047126401,BUY,0.02,2026-08-31T16:56:30,78713.91,2026-08-31T16:58:51,78636.08,2.4,-1.56,sl,-1.68,-84.2,3.01,1.5,-0.5,496720,2,515.15,68.76,128.28,78444.48,78246.1,78678.18,78274.02,78636.58,132.38,15.49,red,371.34,green,True,False,183.23,green,green,100.81,green,0.68,145.44,18.81,70.13,green,red,56,78709.47,78699.47,above,above,above,above,above,3.085,64.3,58.7,10.0,515.15,66.91,126.72,78448.57,78246.1,78673.06,78274.02,78637.72,129.02,15.49,red,371.34,green,True,False,183.23,green,red,21.17,red,0.0,-134.29,-15.13,35.21,green,red,58,78639.67,78629.67,above,above,below,above,below,2.998,64.3,43.6,10.0,78637.13,78840.15,,
1047127377,SELL,0.03,2026-08-31T16:59:02,78639.40000000001,2026-08-31T17:41:28,78864.37,42.4,-6.75,sl,-6.59,-219.6,5.18,42.0,30.0,496720,2,515.15,65.41,126.72,78450.47,78246.1,78669.89,78274.02,78637.78,129.01,15.49,red,371.34,green,True,False,183.23,green,red,40.71,red,11.54,-47.65,-52.93,9.41,green,red,59,78647.4,78637.4,above,above,below,above,above,2.988,64.3,44.3,10.0,507.95,60.07,119.97,78514.11,78280.83,78658.18,78287.29,78638.08,128.99,53.71,green,75.94,green,True,False,270.76,red,green,0.01,red,0.09,44.06,68.51,47.88,green,green,41,78863.73,78853.73,above,above,above,above,above,2.788,68.6,87.1,10.0,78864.37,78443.84,,
1047086064,BUY,0.03,2026-08-31T15:38:02,78552.85,2026-08-31T17:41:31,78886.03,123.5,9.99,tp,-3.32,-110.6,13.1,1.0,123.0,496719,2,525.48,78.21,122.59,78228.51,78213.74,78457.72,78262.43,78388.19,121.2,715.28,green,127.45,red,True,False,97.14,green,green,26.33,green,51.94,12.3,-20.23,0.05,green,green,38,78541.97,78531.97,above,above,above,above,above,3.092,59.1,70.3,10.0,517.27,69.4,129.96,78515.19,78280.83,78668.55,78287.29,78642.35,129.96,53.71,green,75.94,green,True,False,270.76,red,green,0.01,red,0.09,44.06,68.51,47.88,green,green,41,78972.63,78962.63,above,above,above,above,above,2.784,68.6,89.9,10.0,78182.64,78886.03,,
1047144965,BUY,0.02,2026-08-31T17:42:03,78859.69,2026-08-31T19:09:19,79220.74,87.3,7.22,tp,-2.2,-109.9,7.22,22.9,87.0,496721,1,521.36,71.33,129.96,78517.56,78280.83,78677.48,78287.29,78646.8,129.89,53.71,green,75.94,green,True,False,270.76,red,green,84.69,green,1.96,224.24,-1.87,187.44,green,green,42,78865.89,78855.89,above,above,above,above,above,2.788,68.6,93.8,10.0,500.35,42.03,137.18,78782.73,78401.17,79079.4,78337.87,79015.39,150.81,120.4,green,130.35,green,True,False,207.86,red,green,51.7,green,4.49,36.2,48.5,0.0,green,green,9,79230.92,79220.92,above,above,above,above,above,2.833,72.8,77.7,10.0,78466.62,79220.74,,
1047179359,BUY,0.02,2026-08-31T19:10:02,79215.56,2026-08-31T19:41:48,78973.43,31.8,-4.84,sl,-5.12,-256.2,0.69,31.0,4.0,496723,2,500.47,40.42,137.18,78786.79,78401.17,79090.15,78337.87,79022.28,150.24,120.4,green,130.35,green,True,False,207.86,red,green,14.63,green,3.49,34.88,51.85,21.1,green,green,10,79219.73,79209.73,above,above,above,above,above,2.835,72.8,76.0,10.0,505.27,47.08,132.34,78865.28,78401.17,79063.7,78337.87,79059.22,135.51,120.4,green,130.35,red,True,False,207.86,red,red,38.52,red,1.83,-33.04,-38.21,5.21,red,red,41,78969.4,78959.4,above,above,below,above,below,2.879,72.8,38.2,10.0,78973.43,79407.77,,
1047190497,SELL,0.03,2026-08-31T19:42:03,78956.01,2026-08-31T22:34:11,78678.4,172.1,8.33,tp,-6.77,-225.6,8.8,38.0,171.9,496723,2,507.24,46.19,132.34,78866.04,78401.17,79052.2,78337.87,79054.62,135.07,120.4,green,130.35,red,True,False,207.86,red,red,63.48,red,12.87,-35.74,-74.49,7.96,red,red,42,78966.28,78956.28,above,above,below,above,below,2.879,72.8,33.7,10.0,510.78,28.66,140.67,78881.87,78529.46,78765.68,78400.81,78837.16,131.96,104.74,green,136.89,red,False,True,113.25,red,red,12.91,red,24.9,-16.08,-22.88,17.6,red,red,34,78672.6,78662.6,below,above,below,above,below,2.89,64.0,23.3,10.0,79250.29,78678.4,,
1047227843,SELL,0.02,2026-08-31T22:35:02,78700.69,2026-08-31T22:37:44,78662.83,2.7,0.75,tp,-0.29,-14.3,1.03,-0.0,2.0,496726,2,510.79,28.77,140.67,78880.62,78529.46,78764.05,78400.81,78833.8,133.27,104.74,green,136.89,red,False,True,113.25,red,red,18.6,green,35.27,-10.8,-9.5,0.24,red,red,35,78709.98,78699.98,below,above,below,above,below,2.889,64.0,35.0,10.0,511.75,31.72,141.42,78875.98,78529.46,78742.93,78400.81,78819.41,132.17,104.74,green,136.89,red,False,True,113.25,red,red,12.7,red,9.64,-11.23,-0.35,25.46,red,red,37,78659.01,78649.01,below,above,below,above,below,2.89,64.0,20.2,10.0,78784.58,78662.83,,
1047229002,SELL,0.02,2026-08-31T22:45:03,78633.31,2026-08-31T22:49:06,78592.38,4.0,0.82,tp,-0.1,-5.0,1.22,-0.1,4.0,496726,2,513.78,36.42,141.42,78859.15,78529.46,78694.17,78400.81,78774.71,131.4,104.74,green,136.89,red,False,True,113.25,red,red,19.06,red,5.16,11.2,10.02,15.65,red,red,45,78646.03,78636.03,below,above,below,above,below,2.891,64.0,28.4,10.0,517.24,29.91,142.24,78848.59,78529.46,78659.29,78400.81,78747.3,129.92,104.74,green,136.89,red,False,True,113.25,red,red,9.37,red,2.22,-5.12,-13.88,17.48,red,red,49,78582.25,78572.25,below,above,below,above,below,2.893,64.0,23.8,10.0,78685.97,78592.38,,
1047230203,SELL,0.02,2026-08-31T22:52:03,78570.09,2026-08-31T22:53:06,78600.2,1.1,-0.6,sl,-0.48,-24.0,0.2,0.9,-0.1,496726,2,518.78,27.16,142.24,78840.52,78529.46,78637.53,78400.81,78727.89,129.63,104.74,green,136.89,red,False,True,113.25,red,red,23.49,red,16.46,-5.77,-21.35,0.0,red,red,52,78580.04,78570.04,below,above,below,above,below,2.893,64.0,19.7,10.0,518.78,29.15,141.64,78837.97,78529.46,78632.6,78400.81,78722.3,130.2,104.74,green,136.89,red,False,True,113.25,red,red,6.38,red,0.87,-18.78,9.21,4.71,red,green,53,78604.13,78594.13,below,above,below,above,below,2.893,64.0,30.3,10.0,78596.41,78549.02,,
1047230680,BUY,0.03,2026-08-31T22:55:03,78612.82,2026-08-31T22:55:22,78559.9,0.3,-1.58,sl,-1.63,-54.2,0.0,-0.1,-0.1,496726,2,518.78,30.23,141.64,78833.28,78529.46,78626.97,78400.81,78713.01,130.47,104.74,green,136.89,red,False,True,113.25,red,red,12.45,green,0.0,-11.16,28.83,13.12,green,green,55,78616.05,78606.05,below,above,below,above,below,2.892,64.0,34.1,10.0,518.78,33.27,140.06,78832.81,78529.46,78622.45,78400.81,78711.15,127.19,104.74,green,136.89,red,False,True,113.25,red,red,12.45,green,0.0,-11.16,28.83,13.12,green,red,55,78568.58,78558.58,below,above,below,above,below,2.894,64.0,26.4,10.0,78559.9,78653.21,,
1047230799,SELL,0.04,2026-08-31T22:56:02,78575.95,2026-08-31T22:57:52,78606.1,1.8,-1.2,sl,-0.81,-20.2,0.9,1.0,-0.0,496726,2,518.78,32.12,140.06,78830.24,78529.46,78617.95,78400.81,78705.8,127.49,104.74,green,136.89,red,False,True,113.25,red,red,43.04,red,1.38,-8.33,-31.62,4.44,green,red,56,78585.15,78575.15,below,above,below,above,below,2.893,64.0,32.4,10.0,518.78,32.68,138.86,78827.9,78529.46,78615.76,78400.81,78701.45,127.49,104.74,green,136.89,red,False,True,113.25,red,red,13.62,green,6.84,-28.37,-3.69,3.72,green,red,57,78606.1,78596.1,below,above,below,above,below,2.892,64.0,38.5,10.0,78606.05,78553.38,,
1047231169,SELL,0.05,2026-08-31T22:59:03,78575.88,2026-08-31T23:00:04,78560.7,1.0,0.75,tp,-0.0,-0.0,1.66,-0.1,0.9,496726,2,518.78,32.11,138.86,78822.79,78529.46,78607.46,78400.81,78691.31,126.19,104.74,green,136.89,red,False,True,113.25,red,red,17.97,red,6.19,-13.47,2.2,0.0,green,red,59,78585.02,78575.02,below,above,below,above,below,2.893,64.0,38.9,10.0,490.78,30.34,139.61,78820.0,78532.76,78601.34,78407.36,78685.46,126.37,378.34,red,17.67,red,False,True,59.22,red,red,2.33,green,0.0,-6.78,7.52,7.53,red,red,0,78559.24,78549.24,below,above,below,above,below,2.894,52.0,40.1,10.0,78596.14,78560.7,,
1047145289,BUY,0.04,2026-08-31T17:43:02,78880.19,2026-08-31T23:02:09,78440.16,319.1,-17.6,sl,-17.6,-440.0,14.8,319.0,91.0,496721,2,521.36,74.98,129.96,78521.36,78280.83,78698.46,78287.29,78656.65,130.44,53.71,green,75.94,green,True,False,270.76,red,green,20.42,green,7.52,-78.63,73.58,93.94,green,green,43,78891.28,78881.28,above,above,above,above,above,2.787,68.6,95.3,10.0,498.11,39.44,122.01,78812.41,78532.76,78571.74,78407.36,78666.34,122.01,378.34,red,17.67,red,False,True,59.22,red,red,14.43,red,8.64,-30.39,-0.68,43.1,red,red,2,78453.27,78443.27,below,below,below,above,below,2.898,52.0,29.0,10.0,78466.62,79268.96,,
1047234504,BUY,0.02,2026-08-31T23:19:01,78516.35,2026-09-01T00:02:59,78595.48,44.0,1.58,tp,-0.96,-47.9,1.59,18.0,43.0,496727,2,502.8,33.21,122.01,78755.63,78532.76,78480.36,78407.36,78561.13,115.78,378.34,red,17.67,red,False,True,59.22,red,green,37.82,green,0.82,16.97,14.13,11.26,red,green,19,78512.11,78502.11,below,below,above,above,below,2.896,52.0,61.1,10.0,477.21,23.78,123.59,78680.8,78535.52,78549.0,78413.58,78547.31,113.5,4.56,red,189.22,green,False,True,4.44,green,green,43.2,green,0.09,11.61,-3.57,1.82,green,green,3,78595.2,78585.2,below,above,above,above,above,2.401,51.1,64.0,10.0,78410.85,78595.48,,
1047243505,BUY,0.02,2026-09-01T00:03:03,78599.96,2026-09-01T00:05:27,78638.41,2.4,0.77,tp,-0.42,-20.9,0.87,-0.1,1.9,496728,2,477.21,24.16,123.59,78679.95,78535.52,78553.29,78413.58,78549.14,112.94,4.56,red,189.22,green,False,True,4.44,green,green,9.15,green,27.37,20.01,18.03,10.57,green,green,3,78604.01,78594.01,below,above,above,above,above,2.401,51.1,65.6,10.0,480.62,25.51,124.36,78679.15,78535.52,78568.85,78413.58,78556.08,111.35,4.56,red,189.22,green,False,True,4.44,green,green,13.9,green,21.84,9.24,6.62,1.24,green,green,5,78653.54,78643.54,below,above,above,above,above,2.399,51.1,71.4,10.0,78530.65,78638.41,,
1047245724,BUY,0.02,2026-09-01T00:10:01,78704.91,2026-09-01T00:18:35,78787.41,8.6,1.65,tp,-0.38,-18.9,1.68,-0.0,8.0,496728,2,485.43,34.93,124.36,78678.22,78535.52,78606.35,78413.58,78575.16,108.56,4.56,red,189.22,green,False,True,4.44,green,green,25.79,green,11.54,43.08,24.25,16.68,green,green,10,78705.5,78695.5,above,above,above,above,above,2.397,51.1,74.6,10.0,491.01,37.71,126.01,78683.79,78535.52,78686.41,78413.58,78623.17,105.73,4.56,red,189.22,green,False,True,4.44,green,green,20.97,green,0.0,32.25,32.36,15.64,green,green,18,78798.94,78788.94,above,above,above,above,above,2.395,51.1,75.9,10.0,78593.2,78787.41,,
1047248658,BUY,0.02,2026-09-01T00:19:01,78810.7,2026-09-01T00:34:36,78706.64,15.6,-2.08,sl,-2.08,-104.1,1.5,15.0,8.0,496728,2,493.28,36.24,126.01,78685.03,78535.52,78698.18,78413.58,78630.52,104.96,4.56,red,189.22,green,False,True,4.44,green,green,36.7,green,10.84,42.08,10.13,21.02,green,green,19,78810.19,78800.19,above,above,above,above,above,2.394,51.1,74.4,10.0,497.91,42.22,123.93,78700.41,78535.52,78765.95,78413.58,78703.64,107.77,4.56,red,189.22,green,False,True,4.44,green,red,4.38,red,12.06,-40.85,-18.68,10.2,green,red,34,78716.64,78706.64,above,above,below,above,above,2.397,51.1,34.0,10.0,78706.96,78888.05,,
1047255107,SELL,0.03,2026-09-01T00:40:51,78708.76,2026-09-01T01:00:01,78654.03,19.2,1.6400000000000001,hour_flat,-2.31,-76.9,4.63,8.2,18.1,496728,2,497.91,49.04,123.93,78703.28,78535.52,78755.51,78413.58,78713.01,107.36,4.56,red,189.22,green,False,True,4.44,green,red,93.09,red,1.36,-3.91,-78.19,7.42,red,green,40,78718.76,78708.76,above,above,below,above,above,2.397,51.1,33.8,10.0,468.84,41.99,127.64,78697.78,78544.44,78668.77,78421.94,78687.86,114.61,64.54,green,33.5,green,True,False,256.93,red,green,49.3,green,24.96,8.6,-17.12,2.97,green,green,0,78654.03,78644.03,below,above,below,above,below,2.399,49.2,38.4,10.0,0.0,0.0,,
1047255139,SELL,0.03,2026-09-01T00:40:55,78708.67,2026-09-01T00:59:59,78639.57,19.1,2.07,manual,-2.31,-77.0,4.63,8.1,18.1,496728,3,497.91,49.04,123.93,78703.28,78535.52,78755.51,78413.58,78713.01,107.06,4.56,red,189.22,green,False,True,4.44,green,red,93.09,red,1.36,-3.91,-78.19,7.42,red,green,40,78718.77,78708.77,above,above,below,above,above,2.397,51.1,33.8,10.0,468.84,41.99,127.64,78697.78,78544.44,78668.77,78421.94,78687.86,114.61,64.54,green,33.5,green,True,False,256.93,red,green,49.3,green,24.96,8.6,-17.12,2.97,green,green,0,78654.03,78644.03,below,above,below,above,below,2.399,49.2,38.4,10.0,78885.62,78548.57,,
1047267544,SELL,0.02,2026-09-01T01:13:01,78578.3,2026-09-01T01:26:39,78421.35,13.6,3.14,tp,-0.98,-49.0,3.88,6.0,13.0,496729,2,482.28,53.66,127.64,78693.72,78544.44,78656.61,78421.94,78676.82,117.82,64.54,green,33.5,red,True,False,256.93,red,red,55.56,red,0.0,-13.78,-52.38,19.53,red,red,13,78586.59,78576.59,below,above,below,above,below,2.401,49.2,45.0,10.0,495.89,53.35,130.78,78676.03,78544.44,78574.99,78421.94,78624.38,129.29,64.54,green,33.5,red,True,False,256.93,red,red,36.91,red,1.05,-29.14,-37.4,0.0,red,red,26,78423.19,78413.19,below,below,below,below,below,2.406,49.2,29.4,10.0,78778.31,78421.35,,
1047273232,SELL,0.02,2026-09-01T01:27:01,78446.76,2026-09-01T02:03:11,78279.5,36.2,3.35,tp,-2.36,-117.8,3.66,16.0,36.0,496729,2,495.89,51.38,130.78,78674.14,78544.44,78566.26,78421.94,78618.89,126.25,64.54,green,33.5,red,True,False,256.93,red,red,87.09,red,50.73,-33.78,-136.12,2.48,red,red,27,78473.47,78463.47,below,below,below,above,below,2.405,49.2,39.4,10.0,446.2,41.7,134.13,78601.72,78528.26,78390.42,78420.19,78467.03,140.11,253.38,red,35.14,red,False,True,149.07,red,red,9.35,green,8.89,-15.42,2.06,6.01,red,red,3,78273.75,78263.75,below,below,below,below,below,2.411,51.9,12.9,10.0,78627.26,78279.5,,
1047283170,SELL,0.02,2026-09-01T02:04:02,78279.82,2026-09-01T03:32:05,78535.46,88.0,-5.11,sl,-4.91,-245.6,2.66,88.0,25.0,496730,2,448.65,40.26,134.13,78598.57,78528.26,78380.5,78420.19,78459.97,139.44,253.38,red,35.14,red,False,True,149.07,red,red,32.53,red,46.61,-6.64,-62.17,0.64,red,red,4,78285.17,78275.17,below,below,below,below,below,2.41,51.9,15.4,10.0,430.67,29.26,129.02,78465.59,78517.73,78443.83,78420.08,78414.07,121.92,43.31,green,227.36,green,False,True,10.26,green,green,27.39,green,0.0,41.34,41.83,17.35,green,green,32,78535.46,78525.46,above,above,above,above,above,2.305,61.5,68.6,10.0,78534.59,78075.05,,
1047304202,BUY,0.03,2026-09-01T03:33:00,78589.19,2026-09-01T05:31:12,79005.43,118.2,12.48,tp,-2.53,-84.4,12.54,-1.0,118.0,496731,2,437.36,34.88,129.02,78467.4,78517.73,78462.99,78420.08,78423.23,118.48,43.31,green,227.36,green,False,True,10.26,green,green,68.66,green,0.03,97.08,27.36,45.77,green,green,33,78611.59,78601.59,above,above,above,above,above,2.302,61.5,72.6,10.0,388.72,41.91,141.5,78674.82,78546.97,78862.91,78440.13,78810.99,110.5,46.46,green,44.18,green,True,False,198.78,green,green,42.77,green,22.16,13.36,47.59,4.84,green,green,31,79013.49,79003.49,above,above,above,above,above,2.008,54.1,71.1,10.0,78146.9,79005.43,,
1047332649,BUY,0.02,2026-09-01T05:32:02,78984.93000000001,2026-09-01T05:49:48,79162.29,17.8,3.55,tp,-0.75,-37.4,3.58,-0.0,17.0,496733,2,388.72,43.47,141.5,78677.27,78546.97,78868.7,78440.13,78815.34,112.42,46.46,green,44.18,green,True,False,198.78,green,red,20.51,red,9.04,7.95,33.86,14.31,green,red,32,78961.67,78951.67,above,above,above,above,above,2.009,54.1,65.9,10.0,399.89,53.9,145.05,78740.88,78546.97,79052.12,78440.13,78949.51,106.14,46.46,green,44.18,green,True,False,198.78,green,green,27.62,green,5.85,32.15,4.79,18.44,green,green,49,79171.65,79161.65,above,above,above,above,above,2.004,54.1,61.4,10.0,78754.95,79162.29,,
1047343292,BUY,0.02,2026-09-01T05:55:03,79184.26,2026-09-01T06:02:40,79055.68,7.6,-2.58,sl,-2.68,-134.1,0.38,7.0,0.9,496733,2,401.68,52.46,145.05,78762.95,78546.97,79085.03,78440.13,78986.27,105.38,46.46,green,44.18,green,True,False,198.78,green,green,76.44,green,8.44,17.7,-10.48,0.0,green,green,55,79181.61,79171.61,above,above,above,above,above,2.004,54.1,56.4,10.0,381.41,56.4,142.47,78787.08,78604.73,79099.64,78467.98,79018.39,108.19,452.78,green,0.0,red,True,False,51.04,green,red,18.94,red,11.76,-33.24,-2.51,17.88,red,red,2,79079.04,79069.04,above,above,below,above,above,2.006,63.7,47.5,10.0,79055.68,79273.14,,
1047349160,SELL,0.03,2026-09-01T06:06:01,79033.92,2026-09-01T06:15:15,78915.5,9.2,3.55,tp,-0.55,-18.3,4.25,-0.0,9.0,496734,2,383.72,48.05,142.47,78797.48,78604.73,79083.68,78467.98,79023.33,109.23,452.78,green,0.0,red,True,False,51.04,green,red,23.23,red,27.48,-2.85,-45.83,12.92,red,red,6,79049.14,79039.14,above,above,below,above,above,2.007,63.7,36.5,10.0,392.69,42.74,146.02,78812.99,78604.73,79018.25,78467.98,79009.15,120.35,452.78,green,0.0,red,True,False,51.04,red,red,7.72,green,7.01,9.08,20.96,5.08,green,red,15,78906.78,78896.78,above,above,below,above,below,2.011,63.7,20.4,10.0,79203.23,78915.5,,
1047354164,SELL,0.02,2026-09-01T06:16:01,78889.24,2026-09-01T07:37:22,78593.15,81.3,5.92,tp,-0.9,-45.2,6.24,1.0,81.0,496734,2,393.15,40.6,146.02,78813.65,78604.73,79005.17,78467.98,79004.1,120.54,452.78,green,0.0,red,True,False,51.04,red,red,114.9,red,1.31,-1.34,-99.3,1.56,green,red,16,78899.04,78889.04,above,above,below,above,below,2.011,63.7,21.4,10.0,378.94,48.1,151.94,78790.19,78614.62,78718.51,78477.44,78751.09,141.94,443.11,red,0.77,red,False,False,0.0,green,red,95.66,red,0.0,2.0,-93.36,7.74,green,red,37,78593.31,78583.31,below,below,below,above,below,2.019,51.9,33.5,10.0,79203.23,78593.15,,
1047396581,SELL,0.02,2026-09-01T07:38:01,78578.85,2026-09-01T08:06:34,78413.48,28.6,3.31,tp,-1.71,-85.4,3.53,12.0,28.0,496735,2,379.96,46.44,151.94,78787.88,78614.62,78703.32,78477.44,78743.55,143.08,443.11,red,0.77,red,False,False,0.0,green,red,82.49,red,4.78,-109.18,-93.35,0.3,green,red,38,78573.01,78563.01,below,below,below,above,below,2.019,51.9,34.5,10.0,370.14,44.49,155.25,78737.03,78613.1,78570.59,78482.19,78630.19,153.93,109.03,red,124.06,red,False,True,72.17,green,red,64.05,red,0.0,41.02,-22.75,44.02,red,red,6,78419.75,78409.75,below,below,below,below,below,2.023,44.2,18.1,10.0,78771.32,78413.48,,
1047422805,SELL,0.02,2026-09-01T08:07:02,78397.78,2026-09-01T08:18:21,78108.35,11.3,5.79,tp,-0.54,-26.8,6.37,-0.0,11.0,496736,2,375.08,49.64,155.25,78733.44,78613.1,78552.2,78482.19,78620.25,154.67,109.03,red,124.06,red,False,True,72.17,green,red,100.18,red,59.46,-109.56,-162.17,1.04,red,red,7,78403.07,78393.07,below,below,below,below,below,2.024,44.2,12.9,10.0,393.22,82.33,161.04,78684.87,78613.1,78354.74,78482.19,78493.37,174.46,109.03,red,124.06,red,False,True,72.17,red,red,95.79,red,4.6,-10.4,-82.72,0.0,green,red,18,78124.98,78114.98,below,below,below,below,below,2.031,44.2,16.6,10.0,78664.27,78108.35,,
1047446159,SELL,0.02,2026-09-01T08:26:01,77988.64,2026-09-01T12:38:26,77717.67,252.4,5.42,tp,-3.69,-184.3,5.5,194.0,112.0,496736,2,401.42,75.41,161.04,78642.35,78613.1,78220.18,78482.19,78392.34,180.9,109.03,red,124.06,red,False,True,72.17,red,red,101.51,red,15.53,-20.52,-103.61,42.34,red,red,26,77993.97,77983.97,below,below,below,below,below,2.034,44.2,26.8,10.0,403.24,55.25,166.46,78027.85,78393.65,77887.04,78402.15,77951.85,197.18,61.36,green,152.73,red,True,False,124.67,red,red,8.52,green,0.0,-72.5,1.06,33.98,red,red,38,77778.97,77768.97,below,below,below,below,below,2.04,35.0,29.8,10.0,78273.61,77717.67,,
1047624970,SELL,0.02,2026-09-01T12:39:03,77799.76,2026-09-01T12:47:35,78011.67,8.5,-4.23,sl,-4.07,-203.4,1.92,8.0,1.9,496740,2,406.48,56.75,166.46,78025.95,78393.65,77882.0,78402.15,77947.31,195.23,61.36,green,152.73,red,True,False,124.67,red,red,35.18,green,76.04,-0.76,-71.62,2.14,red,red,39,77812.75,77802.75,below,below,below,below,below,2.039,35.0,29.1,10.0,406.48,74.49,162.23,78016.55,78393.65,77901.3,78402.15,77936.63,181.24,61.36,green,152.73,red,True,False,124.67,red,green,49.14,green,0.0,14.77,22.91,0.13,green,green,47,78013.12,78003.12,below,below,above,below,above,1.997,35.0,62.3,10.0,78008.24,77640.48,,
1047633240,BUY,0.03,2026-09-01T12:48:03,78024.87,2026-09-01T13:06:48,77703.53,18.8,-9.64,sl,-12.36,-412.0,0.69,17.9,-0.1,496740,2,406.48,74.98,162.23,78016.67,78393.65,77913.36,78402.15,77940.22,180.28,61.36,green,152.73,red,True,False,124.67,red,green,58.16,green,15.93,61.51,32.93,3.76,green,green,48,78028.66,78018.66,above,below,above,below,above,1.997,35.0,65.4,10.0,418.71,68.62,152.59,77999.85,78352.34,77881.96,78384.89,77920.7,191.12,88.32,red,267.5,red,False,True,77.85,green,red,43.32,green,46.98,60.36,-13.16,23.22,red,red,6,77622.86,77612.86,below,below,below,below,below,2.11,38.7,18.0,10.0,77703.53,78312.22,,
1047231981,SELL,0.05,2026-08-31T23:03:03,78393.38,2026-09-01T13:06:49,77566.33,843.8,41.35,tp,-40.49,-809.8,50.31,412.9,843.0,496727,1,502.0,43.11,122.01,78807.66,78532.76,78549.58,78407.36,78653.37,121.62,378.34,red,17.67,red,False,True,59.22,red,red,95.11,red,0.0,-57.44,-86.44,0.06,red,red,3,78401.1,78391.1,below,below,below,below,below,2.9,52.0,26.8,10.0,434.83,84.74,193.94,77998.95,78352.34,77873.31,78384.89,77917.13,193.94,88.32,red,267.5,red,False,True,77.85,green,red,43.32,green,46.98,60.36,-13.16,23.22,red,red,6,77531.97,77521.97,below,below,below,below,below,2.403,38.7,15.6,10.0,79250.29,77566.33,,
1047653044,SELL,0.02,2026-09-01T13:07:02,77670.98,2026-09-01T13:12:13,77888.8,5.2,-4.36,sl,-4.21,-210.6,2.31,5.0,-0.0,496741,2,434.83,85.96,193.94,77996.95,78352.34,77865.09,78384.89,77912.31,193.76,88.32,red,267.5,red,False,True,77.85,green,red,215.28,red,263.08,-17.39,-388.1,5.87,red,red,7,77680.99,77670.99,below,below,below,below,below,2.399,38.7,23.3,10.0,434.83,126.7,189.58,77988.37,78352.34,77848.2,78384.89,77895.79,181.22,88.32,red,267.5,red,False,True,77.85,green,red,18.3,green,12.64,14.76,101.39,30.26,red,green,12,77890.51,77880.51,below,below,above,below,below,2.392,38.7,44.2,10.0,77888.8,77474.94,,
1047675873,BUY,0.03,2026-09-01T13:31:01,77943.86,2026-09-01T13:38:09,77555.64,7.1,-11.65,sl,-11.73,-391.0,1.72,7.0,-0.0,496741,2,434.83,67.86,189.58,77956.21,78352.34,77825.09,78384.89,77849.18,179.05,88.32,red,267.5,red,False,True,77.85,green,green,95.43,green,10.49,72.24,-7.9,4.66,green,green,31,77917.03,77907.03,below,below,above,below,above,2.391,38.7,60.4,10.0,436.19,93.79,177.93,77939.52,78352.34,77756.86,78384.89,77813.35,182.68,88.32,red,267.5,red,False,True,77.85,green,red,5.33,red,40.31,-146.33,-25.42,26.68,red,red,38,77562.84,77552.84,below,below,below,below,below,2.402,38.7,38.2,10.0,77555.64,78350.05,,
1047686666,SELL,0.02,2026-09-01T13:39:02,77562.73,2026-09-01T13:47:26,78001.27,8.4,-8.78,sl,-8.67,-433.3,1.98,8.0,2.0,496741,2,436.19,91.09,177.93,77936.18,78352.34,77742.25,78384.89,77805.16,180.07,88.32,red,267.5,red,False,True,77.85,green,red,42.05,red,52.79,-30.18,-54.56,1.86,red,red,39,77606.18,77596.18,below,below,below,below,below,2.401,38.7,35.5,10.0,436.19,126.55,149.71,77924.09,78352.34,77778.68,78384.89,77800.66,136.8,88.32,red,267.5,green,False,True,77.85,green,green,15.78,red,7.1,14.26,48.19,51.28,green,green,47,78004.35,77994.35,above,below,above,below,above,2.389,38.7,62.7,10.0,78001.27,77161.61,,
1047689587,SELL,0.04,2026-09-01T13:42:03,77515.32,2026-09-01T13:47:26,78001.27,5.4,-19.44,sl,-19.23,-480.7,0.86,5.0,-0.1,496741,3,436.19,96.24,177.93,77924.4,78352.34,77688.6,78384.89,77774.81,185.45,88.32,red,267.5,red,False,True,77.85,green,red,40.22,red,68.78,-54.3,-87.45,10.64,red,red,42,77515.94,77505.94,below,below,below,below,below,2.404,38.7,22.4,10.0,436.19,126.55,149.71,77924.09,78352.34,77778.68,78384.89,77800.66,136.8,88.32,red,267.5,green,False,True,77.85,green,green,15.78,red,7.1,14.26,48.19,51.28,green,green,47,78004.35,77994.35,above,below,above,below,above,2.389,38.7,62.7,10.0,78001.27,77084.81,,
1047653075,SELL,0.04,2026-09-01T13:07:03,77681.57,2026-09-01T13:47:35,78047.97,40.5,-14.66,sl,-14.69,-367.1,8.71,40.0,34.0,496741,2,434.83,85.96,193.94,77996.95,78352.34,77865.09,78384.89,77912.31,193.76,88.32,red,267.5,red,False,True,77.85,green,red,215.28,red,263.08,-17.39,-388.1,5.87,red,red,7,77680.99,77670.99,below,below,below,below,below,2.399,38.7,23.3,10.0,439.58,130.31,135.05,77924.6,78352.34,77783.57,78384.89,77802.68,135.05,88.32,red,267.5,green,False,True,77.85,green,green,15.78,red,7.1,14.26,48.19,51.28,green,green,47,78055.7,78045.7,above,below,above,below,above,2.387,38.7,64.8,10.0,78047.97,77303.27,,
1047696816,BUY,0.05,2026-09-01T13:48:04,78105.13,2026-09-01T16:21:09,77493.76,153.1,-30.57,sl,-30.85,-617.1,14.89,152.9,20.9,496741,3,444.33,131.85,135.05,77926.41,78352.34,77814.33,78384.89,77814.62,135.05,88.32,red,267.5,green,False,True,77.85,green,green,182.94,green,0.0,140.9,11.46,20.66,green,green,48,78109.19,78099.19,above,below,above,below,above,2.385,38.7,66.7,10.0,465.6,66.13,254.48,77933.58,78264.93,77693.77,78343.42,77799.88,206.06,259.18,red,192.53,red,False,True,0.0,red,red,53.98,red,3.96,-15.71,-2.14,13.47,red,red,21,77500.17,77490.17,below,below,below,below,below,2.404,41.2,21.5,10.0,77493.76,78656.28,,
1047696776,BUY,0.03,2026-09-01T13:48:02,78090.96,2026-09-01T16:21:42,77463.83,153.7,-18.82,sl,-18.99,-633.1,9.36,153.0,21.0,496741,3,444.33,131.85,135.05,77926.41,78352.34,77814.33,78384.89,77814.62,135.05,88.32,red,267.5,green,False,True,77.85,green,green,182.94,green,0.0,140.9,11.46,20.66,green,green,48,78109.19,78099.19,above,below,above,below,above,2.385,38.7,66.7,10.0,467.75,68.41,203.94,77933.29,78264.93,77691.0,78343.42,77798.74,203.94,259.18,red,192.53,red,False,True,0.0,red,red,53.98,red,3.96,-15.71,-2.14,13.47,red,red,21,77471.12,77461.12,below,below,below,below,below,2.405,41.2,20.5,10.0,77463.83,78679.54,,
1047696849,BUY,0.05,2026-09-01T13:48:06,78098.14,2026-09-01T16:21:42,77463.83,153.6,-31.72,sl,-32.01,-640.3,15.24,152.9,20.9,496741,3,444.33,131.85,135.05,77926.41,78352.34,77814.33,78384.89,77814.62,135.05,88.32,red,267.5,green,False,True,77.85,green,green,182.94,green,0.0,140.9,11.46,20.66,green,green,48,78109.19,78099.19,above,below,above,below,above,2.385,38.7,66.7,10.0,467.75,68.41,203.94,77933.29,78264.93,77691.0,78343.42,77798.74,203.94,259.18,red,192.53,red,False,True,0.0,red,red,53.98,red,3.96,-15.71,-2.14,13.47,red,red,21,77471.12,77461.12,below,below,below,below,below,2.405,41.2,20.5,10.0,77463.83,78686.21,,
1047830176,SELL,0.02,2026-09-01T16:37:00,77300.75,2026-09-01T16:42:03,77576.1,5.0,-5.5,sl,-5.35,-267.6,0.86,5.0,-1.0,496744,4,482.05,78.64,203.94,77869.18,78264.93,77516.79,78343.42,77653.45,227.1,259.18,red,192.53,red,False,True,0.0,red,red,172.65,red,32.33,-19.97,-192.82,0.0,red,red,37,77312.72,77302.72,below,below,below,below,below,2.577,41.2,33.1,10.0,482.05,88.1,198.44,77852.39,78264.93,77520.74,78343.42,77630.24,179.33,259.18,red,192.53,red,False,True,0.0,red,red,69.84,green,0.0,-5.23,39.8,2.53,green,green,42,77578.32,77568.32,below,below,above,below,below,2.569,41.2,46.5,10.0,77576.1,77048.22,,
1047840083,BUY,0.03,2026-09-01T16:51:02,77585.84,2026-09-01T17:57:51,77256.6,66.8,-9.88,sl,-10.05,-335.0,3.4,66.0,43.0,496744,4,482.05,71.53,198.44,77822.55,78264.93,77521.08,78343.42,77594.16,178.14,259.18,red,192.53,red,False,True,0.0,red,green,29.8,green,9.43,14.62,26.96,0.09,green,green,51,77583.41,77573.41,below,below,above,below,below,2.568,41.2,66.0,10.0,477.93,64.19,188.56,77664.57,78197.38,77400.69,78312.7,77470.99,218.38,324.09,red,297.88,red,False,True,63.75,green,red,6.93,green,0.0,2.8,-1.17,31.13,red,red,57,77272.54,77262.54,below,below,below,below,below,2.588,36.1,25.6,10.0,77257.81,77880.54,,
1047873466,SELL,0.02,2026-09-01T17:58:03,77304.2,2026-09-01T18:20:35,77052.23,22.5,5.04,tp,-0.08,-4.2,5.27,-0.1,21.9,496745,4,477.93,60.54,188.56,77661.38,78197.38,77395.01,78312.7,77465.99,210.85,324.09,red,297.88,red,False,True,63.75,green,red,15.17,red,48.48,6.06,-58.0,38.47,red,red,58,77317.77,77307.77,below,below,below,below,below,2.586,36.1,31.2,10.0,479.09,55.73,193.6,77562.18,78106.36,77159.94,78270.73,77280.55,264.65,313.97,red,41.58,red,False,True,143.55,red,red,36.14,red,11.69,-8.31,-16.21,7.62,red,red,20,77054.13,77044.13,below,below,below,below,below,2.868,27.8,33.8,10.0,77602.25,77052.23,,
1047884642,SELL,0.02,2026-09-01T18:21:02,77060.57,2026-09-01T18:21:56,77069.14,0.9,-0.17,manual,-0.23,-11.4,0.38,-0.0,-0.0,496746,5,479.71,53.53,193.6,77557.45,78106.36,77152.63,78270.73,77272.84,260.68,313.97,red,41.58,red,False,True,143.55,red,red,7.17,green,27.54,-16.64,-11.63,15.73,red,green,21,77072.75,77062.75,below,below,below,below,below,2.878,27.8,31.2,10.0,479.71,54.91,193.43,77557.42,78106.36,77152.28,78270.73,77272.7,261.48,313.97,red,41.58,red,False,True,143.55,red,red,7.17,green,27.54,-16.64,-11.63,15.73,red,red,21,77069.14,77059.14,below,below,below,below,below,2.879,27.8,30.9,10.0,77222.84,76946.1,,
1047874928,SELL,0.04,2026-09-01T18:01:17,77211.78,2026-09-01T18:27:23,76881.03,26.1,13.23,tp,-2.39,-59.9,13.85,0.7,25.7,496746,5,467.7,57.06,188.56,77648.17,78106.36,77348.44,78270.73,77437.58,228.83,313.97,red,41.58,red,False,True,143.55,red,red,11.45,red,9.46,8.08,22.42,52.0,red,red,1,77216.75,77206.75,below,below,below,below,below,2.655,27.8,19.9,10.0,491.59,61.59,206.66,77528.26,78106.36,77106.46,78270.73,77226.09,284.08,313.97,red,41.58,red,False,True,143.55,red,red,28.64,red,18.59,14.04,-15.45,21.44,green,red,27,76975.06,76965.06,below,below,below,below,below,3.098,27.8,25.6,10.0,77699.26,76881.03,,
1047817831,SELL,0.06,2026-09-01T16:22:13,77459.65000000001,2026-09-01T18:28:02,76737.41,125.8,43.34,manual,-14.38,-239.6,46.19,71.8,125.8,496744,3,468.58,67.9,203.94,77928.54,78264.93,77668.61,78343.42,77785.28,202.24,259.18,red,192.53,red,False,True,0.0,red,red,56.75,red,2.93,-61.82,-53.14,3.05,red,red,22,77469.5,77459.5,below,below,below,below,below,2.405,41.2,19.2,10.0,504.15,75.91,320.61,77520.12,78106.36,77069.2,78270.73,77205.92,320.61,313.97,red,41.58,red,False,True,143.55,red,red,141.17,red,40.83,-33.5,-163.4,16.57,green,red,28,76778.27,76768.27,below,below,below,below,below,3.335,27.8,13.6,10.0,78402.85,76568.8,,
1047817853,SELL,0.04,2026-09-01T16:22:14,77459.16,2026-09-01T18:28:03,76738.22,125.8,28.84,manual,-9.6,-240.1,30.77,71.8,125.8,496744,3,468.58,67.9,203.94,77928.54,78264.93,77668.61,78343.42,77785.28,202.24,259.18,red,192.53,red,False,True,0.0,red,red,56.75,red,2.93,-61.82,-53.14,3.05,red,red,22,77469.5,77459.5,below,below,below,below,below,2.405,41.2,19.2,10.0,504.15,75.91,320.61,77520.12,78106.36,77069.2,78270.73,77205.92,320.61,313.97,red,41.58,red,False,True,143.55,red,red,141.17,red,40.83,-33.5,-163.4,16.57,green,red,28,76778.27,76768.27,below,below,below,below,below,3.335,27.8,13.6,10.0,78402.85,76577.13,,
1047817902,SELL,0.06,2026-09-01T16:22:15,77457.91,2026-09-01T18:28:04,76761.61,125.8,41.77,manual,-14.48,-241.3,46.09,71.8,125.8,496744,3,468.58,67.9,203.94,77928.54,78264.93,77668.61,78343.42,77785.28,202.24,259.18,red,192.53,red,False,True,0.0,red,red,56.75,red,2.93,-61.82,-53.14,3.05,red,red,22,77469.5,77459.5,below,below,below,below,below,2.405,41.2,19.2,10.0,504.15,75.91,320.61,77520.15,78106.36,77069.47,78270.73,77206.03,320.61,313.97,red,41.58,red,False,True,143.55,red,red,141.17,red,40.83,-33.5,-163.4,16.57,green,red,28,76781.12,76771.12,below,below,below,below,below,3.335,27.8,13.7,10.0,78402.85,76568.8,,
1047898553,SELL,0.02,2026-09-01T18:45:02,76554.09,2026-09-01T18:50:02,76770.63,5.0,-4.33,sl,-4.13,-206.5,3.77,5.0,-0.0,496746,1,515.3,84.2,320.61,77403.49,78106.36,76776.66,78270.73,76982.04,320.45,313.97,red,41.58,red,False,True,143.55,red,green,62.82,red,2.18,-50.79,-42.58,0.0,red,green,45,76561.94,76551.94,below,below,below,below,below,3.549,27.8,18.5,10.0,527.32,104.74,316.28,77364.76,78106.36,76718.06,78270.73,76915.54,316.28,313.97,red,41.58,red,False,True,143.55,red,green,166.59,green,0.0,171.44,86.05,4.23,green,green,50,76770.63,76760.63,below,below,above,below,below,3.758,27.8,51.0,10.0,76768.06,76349.12,,
1047901557,BUY,0.03,2026-09-01T18:51:02,76902.15000000001,2026-09-01T19:27:43,77422.35,36.7,15.61,tp,-1.76,-58.6,16.6,1.0,36.0,496746,1,527.32,110.46,316.28,77361.27,78106.36,76745.14,78270.73,76919.23,315.99,313.97,red,41.58,red,False,True,143.55,red,green,132.26,green,12.77,143.41,152.33,16.87,green,green,51,76902.21,76892.21,below,below,above,below,below,3.752,27.8,57.5,10.0,518.86,66.52,331.89,77305.61,78012.73,77247.48,78226.01,77140.6,331.89,120.13,red,757.94,green,False,True,52.0,green,green,35.94,green,3.46,26.11,34.75,0.0,green,green,27,77441.71,77431.71,above,below,above,below,above,3.665,25.8,80.5,10.0,76365.42,77422.35,,
1047924163,SELL,0.02,2026-09-01T19:40:03,77269.88,2026-09-01T19:41:11,77349.09,1.1,-1.58,sl,-1.38,-69.2,0.08,0.9,-0.1,496747,1,518.86,52.41,331.89,77305.22,78012.73,77284.9,78226.01,77205.76,331.76,120.13,red,757.94,green,False,True,52.0,green,red,28.35,red,7.19,7.16,12.37,34.77,red,red,40,77276.48,77266.48,below,below,below,below,above,3.673,25.8,36.0,10.0,518.86,51.39,330.31,77306.0,78012.73,77294.04,78226.01,77212.74,330.31,120.13,red,757.94,green,False,True,52.0,green,green,42.62,green,4.06,-20.4,3.23,0.0,red,green,41,77349.09,77339.09,above,below,above,below,above,3.669,25.8,42.8,10.0,77348.28,77211.25,,
1047926386,SELL,0.03,2026-09-01T19:44:02,77265.85,2026-09-01T19:52:42,77210.92,8.7,1.65,tp,-1.21,-40.5,1.95,1.0,8.0,496747,1,518.86,44.04,330.31,77304.57,78012.73,77284.94,78226.01,77217.88,330.13,120.13,red,757.94,green,False,True,52.0,green,red,6.51,red,6.11,-29.25,-3.7,7.52,red,red,44,77272.0,77262.0,below,below,below,below,above,3.673,25.8,38.6,10.0,518.86,36.37,331.96,77300.44,78012.73,77264.07,78226.01,77226.52,331.96,120.13,red,757.94,green,False,True,52.0,red,red,3.57,green,0.0,13.49,4.79,30.36,red,red,52,77211.26,77201.26,below,below,below,below,below,3.676,25.8,31.2,10.0,77339.09,77210.92,,
1047930692,SELL,0.02,2026-09-01T19:53:03,77172.1,2026-09-01T19:59:59,77282.17,6.9,-2.2,sl,-2.04,-102.0,0.38,6.0,-0.1,496747,1,518.86,34.14,331.96,77299.0,78012.73,77253.88,78226.01,77223.73,331.77,120.13,red,757.94,green,False,True,52.0,red,red,67.1,red,9.61,-16.32,-72.06,12.96,red,red,53,77181.69,77171.69,below,below,below,below,below,3.677,25.8,31.3,10.0,518.86,39.16,329.76,77294.36,78012.73,77240.68,78226.01,77223.2,329.76,120.13,red,757.94,green,False,True,52.0,red,red,50.58,green,1.57,28.94,9.44,2.56,red,green,0,77284.15,77274.15,below,below,above,below,above,3.672,25.8,49.6,10.0,77281.46,77087.74,,
1047935819,BUY,0.03,2026-09-01T20:06:03,77307.34,2026-09-01T20:15:19,77410.24,9.3,3.09,tp,-2.39,-79.6,3.16,-0.1,8.9,496748,1,499.5,50.14,329.76,77291.64,77942.98,77249.71,78189.16,77231.2,329.53,151.55,green,58.84,green,True,False,175.06,green,green,30.22,green,0.0,98.68,76.73,66.7,red,green,6,77309.82,77299.82,above,below,above,below,above,3.671,18.4,66.6,10.0,503.06,45.44,332.85,77291.5,77942.98,77283.55,78189.16,77250.72,332.85,151.55,green,58.84,green,True,False,175.06,green,green,55.29,green,11.72,60.43,46.33,7.33,green,green,15,77420.84,77410.84,above,below,above,below,above,3.666,18.4,70.8,10.0,77153.29,77410.24,,
1047944586,BUY,0.02,2026-09-01T20:37:01,77409.15000000001,2026-09-01T20:41:50,77313.36,4.8,-1.9100000000000001,sl,-1.92,-95.8,0.45,4.0,-0.0,496748,1,504.97,39.05,332.85,77303.04,77942.98,77350.54,78189.16,77310.53,332.68,151.55,green,58.84,green,True,False,175.06,red,green,15.01,green,1.53,48.44,49.69,35.89,red,green,37,77410.39,77400.39,above,below,above,below,above,3.666,18.4,57.4,10.0,504.97,46.35,330.94,77304.8,77942.98,77348.78,78189.16,77315.92,330.94,151.55,green,58.84,green,True,False,175.06,red,red,55.68,red,0.02,-1.6,-18.28,3.12,green,red,41,77323.36,77313.36,above,below,below,below,above,3.67,18.4,50.0,10.0,77316.34,77478.76,,
1047945319,SELL,0.03,2026-09-01T20:42:01,77309.24,2026-09-01T20:57:41,77432.84,15.7,-3.71,sl,-3.45,-115.0,0.4,15.0,-0.0,496748,1,504.97,43.21,330.94,77304.76,77942.98,77344.29,78189.16,77315.32,330.58,151.55,green,58.84,green,True,False,175.06,red,red,27.62,red,7.41,-47.37,-35.0,11.42,green,red,42,77321.35,77311.35,above,below,below,below,above,3.67,18.4,45.8,10.0,504.97,30.64,327.23,77311.56,77942.98,77360.31,78189.16,77334.33,327.23,151.55,green,58.84,green,True,False,175.06,red,green,6.89,green,33.45,9.62,-5.5,3.93,green,green,57,77434.24,77424.24,above,below,above,below,above,3.665,18.4,68.6,10.0,77431.88,77219.81,,
1047948166,BUY,0.02,2026-09-01T20:58:01,77437.12,2026-09-01T21:05:29,77301.16,7.5,-2.7199999999999998,sl,-2.92,-146.1,1.09,7.0,3.0,496748,1,504.97,29.55,327.23,77312.71,77942.98,77366.85,78189.16,77338.02,327.13,151.55,green,58.84,green,True,False,175.06,red,green,9.21,green,8.85,9.72,32.19,3.74,green,green,58,77441.88,77431.88,above,below,above,below,above,3.665,18.4,68.1,10.0,497.5,50.13,324.51,77316.15,77891.12,77362.03,78157.95,77343.65,324.51,116.02,green,92.89,red,False,False,41.33,green,red,2.93,green,13.9,-93.5,-12.85,9.29,red,red,5,77301.0,77291.0,below,below,below,below,below,3.671,25.2,46.8,10.0,77301.16,77539.09,,
1047948982,SELL,0.04,2026-09-01T21:06:02,77283.62,2026-09-01T21:10:19,77131.85,4.3,6.07,manual,-0.14,-3.5,6.48,-0.0,4.0,496749,1,499.84,49.8,324.51,77315.8,77891.12,77354.38,78157.95,77341.23,323.99,116.02,green,92.89,red,False,False,41.33,green,red,50.34,red,27.56,-11.38,-63.6,0.44,red,red,6,77296.38,77286.38,below,below,below,below,below,3.672,25.2,41.6,10.0,509.6,60.41,330.58,77310.76,77891.12,77298.76,78157.95,77318.37,332.06,116.02,green,92.89,red,False,False,41.33,green,red,46.55,red,0.5,1.75,-10.86,3.55,red,red,10,77131.63,77121.63,below,below,below,below,below,3.679,25.2,23.1,10.0,77491.7,77104.8,,
1047949390,SELL,0.03,2026-09-01T21:10:06,77180.89,2026-09-01T21:17:51,76903.41,7.8,8.33,tp,-0.77,-25.6,8.63,-0.1,6.9,496749,2,505.72,56.53,324.51,77311.3,77891.12,77303.94,78157.95,77320.5,328.26,116.02,green,92.89,red,False,False,41.33,green,red,46.55,red,0.5,1.75,-10.86,3.55,red,red,10,77186.0,77176.0,below,below,below,below,below,3.677,25.2,25.7,10.0,525.91,63.25,338.91,77292.08,77891.12,77161.98,78157.95,77248.44,338.91,116.02,green,92.89,red,False,False,41.33,red,red,45.24,red,6.3,-27.63,-26.9,0.0,red,red,17,76904.47,76894.47,below,below,below,below,below,3.69,25.2,13.8,10.0,77491.7,76903.41,,
1047950280,SELL,0.02,2026-09-01T21:18:02,76897.83,2026-09-01T22:03:28,77256.4,45.4,-7.17,sl,-6.99,-349.4,0.56,45.0,1.0,496749,1,527.76,64.66,338.91,77288.24,77891.12,77137.59,78157.95,77235.01,338.66,116.02,green,92.89,red,False,False,41.33,red,red,137.28,red,32.93,-41.49,-162.75,2.59,red,red,18,76910.61,76900.61,below,below,below,below,below,3.69,25.2,13.4,10.0,474.64,41.36,331.74,77232.31,77822.84,77170.75,78119.63,77162.63,331.74,224.96,red,305.69,green,True,True,93.67,green,green,49.34,green,4.51,20.74,-4.59,21.47,red,green,3,77257.23,77247.23,above,below,above,below,above,3.673,24.1,68.4,10.0,77256.4,76564.26,,
1047954212,BUY,0.03,2026-09-01T22:04:07,77265.03,2026-09-02T01:44:25,76867.24,220.3,-11.93,sl,-11.93,-397.8,10.02,219.9,103.9,496750,1,476.95,44.45,331.74,77232.95,77822.84,77182.43,78119.63,77167.76,331.98,224.96,red,305.69,green,True,True,93.67,green,green,78.63,green,0.0,66.36,55.26,7.79,red,green,4,77282.99,77272.99,above,below,above,below,above,3.672,24.1,70.6,10.0,506.98,50.89,319.81,77215.52,77676.18,77016.04,78022.02,77109.6,319.81,248.5,red,91.7,red,False,True,60.78,red,red,36.55,red,0.64,18.84,-27.22,26.36,red,red,44,76877.24,76867.24,below,below,below,below,below,3.692,32.1,21.3,10.0,76869.68,77646.01,,
1048009618,SELL,0.02,2026-09-02T01:45:01,76854.52,2026-09-02T02:28:54,77308.29000000001,43.9,-9.08,sl,-8.88,-443.8,3.75,43.0,5.0,496753,2,512.26,55.02,319.81,77211.9,77676.18,77000.54,78022.02,77099.51,318.43,248.5,red,91.7,red,False,True,60.78,red,green,68.21,red,53.85,-61.4,-121.84,1.93,red,green,45,76881.48,76871.48,below,below,below,below,below,3.691,32.1,16.1,10.0,519.51,58.36,310.73,77143.46,77608.12,77135.9,77980.48,77072.02,292.82,205.94,red,294.22,green,False,True,161.36,green,green,77.74,green,0.0,55.18,22.24,0.0,green,green,28,77308.29,77298.29,above,below,above,below,above,3.671,27.6,79.1,10.0,77298.95,76423.95,,
1048009625,SELL,0.04,2026-09-02T01:45:03,76860.39,2026-09-02T03:19:14,77599.18,94.2,-29.55,sl,-30.03,-750.7,7.73,94.0,5.0,496753,2,512.26,55.02,319.81,77211.9,77676.18,77000.54,78022.02,77099.51,318.43,248.5,red,91.7,red,False,True,60.78,red,green,68.21,red,53.85,-61.4,-121.84,1.93,red,green,45,76881.48,76871.48,below,below,below,below,below,3.691,32.1,16.1,10.0,488.85,61.55,281.18,77206.86,77576.55,77427.95,77952.81,77315.94,287.76,314.28,green,73.02,green,False,False,21.76,green,green,5.35,green,10.66,15.61,71.16,19.12,green,green,19,77616.07,77606.07,above,above,above,below,above,3.656,37.1,77.2,10.0,77599.18,76296.45,,
1048033935,BUY,0.03,2026-09-02T03:02:01,77386.63,2026-09-02T09:23:42,76667.17,381.7,-21.58,sl,-24.87,-828.9,11.12,381.0,24.0,496755,2,474.93,39.82,310.73,77162.75,77576.55,77243.43,77952.81,77182.91,289.39,314.28,green,73.02,green,False,False,21.76,green,green,83.32,green,0.0,126.43,45.1,39.79,green,green,2,77386.07,77376.07,above,below,above,below,above,3.667,37.1,77.3,10.0,440.81,66.11,259.6,77245.3,77483.95,76850.32,77833.56,76943.05,259.6,642.64,red,109.13,red,False,True,66.59,green,red,92.3,red,0.0,-8.58,-84.9,15.81,red,red,23,76589.8,76579.8,below,below,below,below,below,2.66,43.7,10.4,10.0,76667.17,78088.44,,
1048197417,SELL,0.02,2026-09-02T09:24:02,76682.65000000001,2026-09-02T09:50:14,76682.65,26.2,0.0,sl,-3.53,-176.7,5.1,6.0,22.0,496761,1,440.81,65.51,259.6,77240.46,77483.95,76840.78,77833.56,76935.7,259.72,642.64,red,109.13,red,False,True,66.59,green,red,59.77,red,114.57,-80.63,-173.93,27.07,red,red,24,76676.46,76666.46,below,below,below,below,below,2.657,43.7,11.4,10.0,450.1,67.15,259.6,77101.7,77483.95,76620.05,77833.56,76731.52,259.6,642.64,red,109.13,red,False,True,66.59,red,green,10.89,red,4.27,31.31,71.81,34.88,green,green,50,76684.0,76674.0,below,below,above,below,below,2.657,43.7,62.4,10.0,77014.34,76400.96,,
1048213605,SELL,0.03,2026-09-02T09:54:33,76646.73,2026-09-02T09:59:42,76722.37,5.2,-2.27,sl,-2.01,-67.0,0.52,4.5,0.5,496761,1,450.1,63.28,259.6,77084.3,77483.95,76632.57,77833.56,76720.61,259.29,642.64,red,109.13,red,False,True,66.59,red,green,17.15,red,3.61,34.4,34.02,31.04,green,green,54,76656.88,76646.88,below,below,above,below,below,2.658,43.7,56.6,10.0,450.1,57.57,257.33,77064.36,77483.95,76650.74,77833.56,76712.73,257.33,642.64,red,109.13,red,False,True,66.59,red,green,0.54,red,0.04,-10.51,15.38,20.45,green,green,59,76723.74,76713.74,below,below,above,below,above,2.656,43.7,75.7,10.0,76718.56,76592.86,,
1048216062,SELL,0.04,2026-09-02T10:02:02,76611.05,2026-09-02T10:03:15,76615.38,1.2,-0.18,sl,-0.05,-1.1,2.32,-0.0,1.0,496762,2,441.05,47.41,257.33,77051.08,77409.28,76641.2,77789.38,76701.63,254.95,98.21,red,272.11,red,False,True,216.26,green,red,42.94,red,0.0,-49.41,-40.25,16.5,green,red,2,76606.28,76596.28,below,below,below,below,below,2.66,38.5,44.2,10.0,444.13,48.86,257.15,77046.5,77409.28,76636.47,77789.38,76697.26,254.76,98.21,red,272.11,red,False,True,216.26,green,red,30.09,red,2.74,-58.29,-32.83,1.15,green,red,3,76615.38,76605.38,below,below,below,below,below,2.659,38.5,47.3,10.0,76719.9,76527.2,,
1048217441,BUY,0.05,2026-09-02T10:04:02,76610.63,2026-09-02T10:05:02,76553.17,1.0,-2.87,sl,-2.9,-58.0,0.29,1.0,-0.0,496762,2,444.13,47.19,257.15,77042.33,77409.28,76635.56,77789.38,76694.53,255.17,98.21,red,272.11,red,False,True,216.26,green,red,32.8,green,32.7,8.48,-25.05,2.01,green,red,4,76624.95,76614.95,below,below,below,below,below,2.659,38.5,44.3,10.0,444.17,47.35,254.28,77036.99,77409.28,76623.58,77789.38,76687.17,250.83,98.21,red,272.11,red,False,True,216.26,green,red,48.8,red,8.08,-4.31,6.31,0.01,red,red,5,76562.66,76552.66,below,below,below,below,below,2.661,38.5,39.3,10.0,76553.17,76660.57,,
1048220241,SELL,0.06,2026-09-02T10:07:02,76579.38,2026-09-02T10:07:39,76580.42,0.6,-0.07,sl,-0.0,-0.0,3.15,-0.0,-0.0,496762,2,444.86,48.94,254.28,77028.01,77409.28,76615.95,77789.38,76679.16,250.94,98.21,red,272.11,red,False,True,216.26,green,red,46.15,red,6.42,-7.19,-8.09,3.02,red,green,7,76585.02,76575.02,below,below,below,below,below,2.661,38.5,39.8,10.0,446.01,50.54,254.21,77027.97,77409.28,76615.51,77789.38,76678.98,251.12,98.21,red,272.11,red,False,True,216.26,green,red,46.15,red,6.42,-7.19,-8.09,3.02,red,green,7,76580.42,76570.42,below,below,below,below,below,2.661,38.5,39.2,10.0,76616.37,76498.86,,
1048221153,BUY,0.07,2026-09-02T10:09:00,76586.96,2026-09-02T10:09:48,76573.16,0.8,-0.97,sl,-2.21,-31.6,2.42,0.0,-1.0,496762,2,446.01,50.94,254.21,77019.28,77409.28,76610.67,77789.38,76672.08,250.52,98.21,red,272.11,red,False,True,216.26,green,red,28.34,green,7.27,42.16,38.92,20.14,red,green,9,76586.67,76576.67,below,below,below,below,below,2.66,38.5,44.4,10.0,446.01,53.73,253.24,77019.11,77409.28,76609.01,77789.38,76671.39,249.92,98.21,red,272.11,red,False,True,216.26,green,red,28.34,green,7.27,42.16,38.92,20.14,red,red,9,76569.17,76559.17,below,below,below,below,below,2.661,38.5,42.8,10.0,76526.87,76663.22,,
1048221702,SELL,0.08,2026-09-02T10:10:03,76557.94,2026-09-02T10:10:40,76562.52,0.6,-0.36,sl,-1.13,-14.1,2.66,-0.1,-0.1,496762,2,446.01,50.2,253.24,77014.63,77409.28,76605.08,77789.38,76667.34,249.23,98.21,red,272.11,red,False,True,216.26,green,red,29.22,red,16.93,-2.2,-10.42,17.82,green,red,10,76565.91,76555.91,below,below,below,below,below,2.661,38.5,33.9,10.0,446.16,52.43,252.88,77014.63,77409.28,76605.14,77789.38,76667.37,249.51,98.21,red,272.11,red,False,True,216.26,green,red,29.22,red,16.93,-2.2,-10.42,17.82,green,red,10,76566.5,76556.5,below,below,below,below,below,2.661,38.5,33.9,10.0,76621.54,76506.84,,
1048222158,SELL,0.09,2026-09-02T10:11:01,76533.76,2026-09-02T10:15:06,76621.95,4.1,-7.9399999999999995,sl,-7.16,-79.6,2.04,4.0,-0.0,496762,2,446.16,50.0,252.88,77009.67,77409.28,76596.64,77789.38,76661.38,248.41,98.21,red,272.11,red,False,True,216.26,green,red,31.19,red,16.15,-47.3,-30.67,0.0,green,red,11,76540.07,76530.07,below,below,below,below,below,2.662,38.5,33.9,10.0,447.13,53.97,244.94,76993.89,77409.28,76599.49,77789.38,76653.24,242.71,98.21,red,272.11,red,False,True,216.26,red,green,1.39,red,19.17,3.27,23.36,9.36,green,green,15,76623.36,76613.36,below,below,above,below,below,2.659,38.5,50.2,10.0,76619.34,76473.79,,
1048215269,BUY,0.02,2026-09-02T10:00:02,76724.89,2026-09-02T10:33:17,76426.40000000001,33.2,-5.97,sl,-6.02,-300.9,0.0,33.0,-0.0,496762,1,433.3,48.28,257.33,77060.61,77409.28,76654.44,77789.38,76711.78,256.87,98.21,red,272.11,red,False,True,216.26,green,red,29.54,green,0.0,24.76,-0.89,17.14,green,red,0,76712.19,76702.19,below,below,above,below,below,2.656,38.5,68.3,10.0,453.36,46.03,238.97,76924.34,77409.28,76554.15,77789.38,76607.29,238.97,98.21,red,272.11,red,False,True,216.26,red,red,29.93,red,2.9,-63.15,-28.96,17.1,red,red,33,76434.03,76424.03,below,below,below,below,below,2.666,38.5,9.4,10.0,76427.76,76969.46,,
1048264647,SELL,0.02,2026-09-02T11:25:01,76378.05,2026-09-02T11:57:21,76724.73,32.3,-6.93,sl,-7.09,-354.3,1.44,32.0,1.0,496763,1,452.38,53.64,238.97,76757.41,77334.89,76495.54,77743.78,76524.95,238.88,78.93,red,452.57,red,False,True,12.9,green,red,1.63,red,0.0,-10.01,23.22,27.5,red,red,25,76382.38,76372.38,below,below,below,below,below,2.916,34.5,22.3,10.0,456.95,41.18,232.04,76709.02,77334.89,76616.0,77743.78,76576.68,232.04,78.93,red,452.57,green,False,True,12.9,green,green,0.42,green,14.89,22.44,4.68,26.37,green,green,57,76742.4,76732.4,above,below,above,below,above,2.903,34.5,69.1,10.0,76719.37,76086.73,,
1048289329,BUY,0.02,2026-09-02T11:58:02,76745.41,2026-09-02T12:20:55,76914.97,22.9,3.39,tp,-2.35,-117.6,3.48,7.0,22.0,496763,1,457.68,40.34,232.04,76709.34,77334.89,76627.96,77743.78,76583.15,231.98,78.93,red,452.57,green,False,True,12.9,green,green,61.13,green,0.0,35.06,14.4,1.21,green,green,58,76752.57,76742.57,above,below,above,below,above,2.902,34.5,70.5,10.0,457.9,65.94,235.43,76719.62,77281.13,76773.66,77705.57,76693.26,235.43,134.87,green,329.32,green,True,False,31.29,green,green,38.49,red,5.15,-34.11,-24.02,0.0,green,green,20,76926.03,76916.03,above,below,above,below,above,2.896,41.6,82.1,10.0,76543.87,76914.97,,
1048311839,BUY,0.02,2026-09-02T12:21:01,76909.65000000001,2026-09-02T12:23:14,76906.88,2.2,-0.05,sl,-0.2,-10.0,1.98,-0.0,-0.0,496764,1,457.91,65.97,235.43,76721.55,77281.13,76787.06,77705.57,76701.94,235.6,134.87,green,329.32,green,True,False,31.29,green,green,110.47,green,22.96,77.08,-20.04,7.33,green,green,21,76928.06,76918.06,above,below,above,below,above,2.896,41.6,81.7,10.0,464.27,71.36,235.38,76725.68,77281.13,76812.7,77705.57,76719.47,235.38,134.87,green,329.32,green,True,False,31.29,green,green,32.52,red,0.0,-12.86,18.52,44.93,green,green,23,76918.74,76908.74,above,below,above,below,above,2.896,41.6,71.8,10.0,76778.52,77023.68,,
1048328846,SELL,0.02,2026-09-02T12:39:01,76740.75,2026-09-02T13:02:22,76740.75,23.4,0.0,sl,-1.42,-71.2,3.74,1.0,21.0,496764,1,464.27,41.66,235.38,76747.83,77281.13,76839.48,77705.57,76788.46,235.14,134.87,green,329.32,red,True,False,31.29,green,red,40.75,red,2.87,-30.21,-37.02,9.97,red,red,39,76753.01,76743.01,above,below,below,below,below,2.902,41.6,15.0,10.0,451.06,43.24,235.38,76736.65,77212.33,76683.54,77660.72,76724.76,235.38,211.21,red,3.13,green,True,False,238.54,red,green,82.42,green,0.0,34.64,36.07,0.53,red,green,2,76742.17,76732.17,above,below,above,below,above,2.903,37.0,54.7,10.0,77008.48,76525.8,,
1048355572,SELL,0.02,2026-09-02T13:15:03,76692.54000000001,2026-09-02T13:18:03,76779.59,3.0,-1.74,sl,-1.54,-77.0,0.15,3.0,-0.1,496765,1,458.73,53.04,235.38,76736.68,77212.33,76717.27,77660.72,76728.92,235.15,211.21,red,3.13,green,True,False,238.54,green,green,32.43,red,0.0,-10.53,-14.65,4.51,red,green,15,76703.77,76693.77,below,below,below,below,below,2.904,37.0,52.4,10.0,458.73,49.75,233.64,76737.4,77212.33,76728.62,77660.72,76732.54,233.64,211.21,red,3.13,green,True,False,238.54,green,green,28.63,green,5.33,11.6,29.23,0.0,red,green,18,76777.52,76767.52,above,below,above,below,above,2.901,37.0,52.7,10.0,76778.1,76628.07,,
1048370022,BUY,0.02,2026-09-02T13:27:02,76828.76,2026-09-02T13:33:18,76651.2,6.3,-3.56,sl,-3.89,-194.6,1.68,6.0,1.0,496765,1,459.68,49.46,233.64,76738.04,77212.33,76743.2,77660.72,76737.04,234.12,211.21,red,3.13,green,True,False,238.54,green,green,73.55,green,40.03,45.13,-2.89,0.0,red,green,27,76862.81,76852.81,above,below,above,below,above,2.898,37.0,66.6,10.0,463.96,68.4,230.08,76738.86,77212.33,76741.24,77660.72,76739.31,230.08,211.21,red,3.13,green,True,False,238.54,green,red,6.61,red,27.57,-87.36,-25.22,24.75,green,red,33,76647.89,76637.89,below,below,below,below,below,2.906,37.0,39.1,10.0,76651.2,76944.62,,
1048386291,SELL,0.02,2026-09-02T13:38:01,76581.82,2026-09-02T13:41:00,76767.79000000001,3.0,-3.7199999999999998,sl,-3.63,-181.6,0.29,3.0,-0.0,496765,1,463.96,81.37,230.08,76734.87,77212.33,76703.07,77660.72,76723.63,230.18,211.21,red,3.13,green,True,False,238.54,green,red,92.35,red,2.51,-45.77,-85.67,0.0,red,red,38,76577.21,76567.21,below,below,below,below,below,2.909,37.0,36.5,10.0,463.96,81.29,226.36,76734.98,77212.33,76712.48,77660.72,76725.28,226.36,211.21,red,3.13,green,True,False,238.54,green,red,70.45,green,29.72,75.49,68.49,1.55,red,green,41,76773.46,76763.46,above,below,above,below,above,2.901,37.0,44.1,10.0,76764.69,76422.81,,
1048410043,SELL,0.02,2026-09-02T13:56:02,76991.78,2026-09-02T14:07:28,77245.08,11.4,-5.06,sl,-4.87,-243.3,0.73,11.0,1.0,496765,1,499.19,122.25,226.36,76792.12,77212.33,77025.86,77660.72,76910.23,225.58,211.21,red,3.13,green,True,False,238.54,green,red,92.08,red,51.71,-52.2,-118.17,8.86,green,red,56,77030.94,77020.94,above,below,above,below,above,2.892,37.0,43.2,10.0,490.18,120.17,221.3,76823.23,77202.15,77077.45,77638.86,76975.9,221.3,548.53,green,2.45,green,True,True,300.95,red,green,84.45,green,17.75,105.3,70.7,34.56,red,green,7,77245.08,77235.08,above,above,above,below,above,2.884,45.2,54.3,10.0,77244.1,76791.38,,
1048435221,BUY,0.03,2026-09-02T14:15:03,77303.5,2026-09-02T15:00:12,76949.2,45.1,-10.63,sl,-10.69,-356.4,4.92,45.0,7.0,496766,1,495.57,100.42,221.3,76853.8,77202.15,77159.92,77638.86,77043.51,220.74,548.53,green,2.45,green,True,True,300.95,green,red,86.55,green,0.0,103.17,55.88,22.55,green,red,15,77294.97,77284.97,above,above,above,below,above,2.877,45.2,64.4,10.0,465.12,62.71,210.67,76968.48,77184.31,77112.89,77614.12,77131.24,210.67,92.21,red,55.19,red,True,False,359.84,red,red,42.21,red,5.2,-38.02,-43.14,0.0,red,red,0,76971.55,76961.55,below,below,below,below,below,2.46,47.3,25.6,10.0,76955.13,77615.34,,
1048473814,SELL,0.02,2026-09-02T15:01:04,76845.04000000001,2026-09-02T15:32:44,77173.96,31.7,-6.58,sl,-6.65,-332.7,3.02,30.9,11.9,496767,2,473.05,68.79,210.67,76966.74,77184.31,77083.03,77614.12,77118.09,209.75,92.21,red,55.19,red,True,False,359.84,red,red,113.75,red,24.2,-32.12,-138.27,15.61,red,red,1,76868.62,76858.62,below,below,below,below,below,2.464,47.3,22.0,10.0,494.09,92.47,204.09,76961.1,77184.31,76988.12,77614.12,77003.33,192.08,92.21,red,55.19,green,True,False,359.84,green,green,102.62,green,19.03,49.12,-19.68,27.02,green,green,32,77157.57,77147.57,above,below,above,below,above,2.454,47.3,60.3,10.0,77173.96,76523.36,,
1048473789,SELL,0.04,2026-09-02T15:01:03,76857.29000000001,2026-09-02T16:20:11,77467.44,79.1,-24.41,sl,-24.69,-617.4,6.54,79.0,11.9,496767,2,473.05,68.79,210.67,76966.74,77184.31,77083.03,77614.12,77118.09,209.75,92.21,red,55.19,red,True,False,359.84,red,red,113.75,red,24.2,-32.12,-138.27,15.61,red,red,1,76868.62,76858.62,below,below,below,below,below,2.464,47.3,22.0,10.0,500.47,58.67,179.68,77069.71,77190.2,77314.83,77599.78,77231.57,179.68,236.42,green,316.01,green,False,True,108.14,green,green,16.63,red,29.27,12.37,66.04,10.54,green,green,20,77484.65,77474.65,above,above,above,below,above,2.041,55.0,75.3,10.0,77467.44,76417.35,,
1048530303,SELL,0.02,2026-09-02T16:37:02,77371.49,2026-09-02T16:43:26,77256.36,6.4,2.3,tp,-0.7,-35.2,2.51,-0.0,6.0,496768,1,505.66,64.54,179.68,77130.74,77190.2,77425.7,77599.78,77342.88,179.17,236.42,green,316.01,green,False,True,108.14,green,red,34.94,red,12.89,-61.1,-18.32,26.28,green,red,37,77396.91,77386.91,above,above,below,below,above,2.044,55.0,42.1,10.0,505.66,59.51,181.98,77141.54,77190.2,77373.12,77599.78,77336.74,181.98,236.42,green,316.01,green,False,True,108.14,green,red,29.37,red,1.69,-45.13,-12.52,4.84,red,red,43,77255.96,77245.96,above,above,below,below,below,2.047,55.0,28.0,10.0,77525.0,77256.36,,
1048539026,SELL,0.02,2026-09-02T16:58:01,77161.57,2026-09-02T17:06:59,77056.1,9.0,2.11,tp,-0.99,-49.6,2.64,2.0,8.0,496768,1,505.66,40.26,181.98,77152.75,77190.2,77248.27,77599.78,77283.48,181.8,236.42,green,316.01,red,False,True,108.14,red,red,27.25,red,5.64,0.99,0.51,2.5,red,red,58,77170.58,77160.58,above,below,below,below,below,2.05,55.0,39.3,10.0,484.04,46.2,184.09,77149.4,77184.52,77163.84,77581.14,77231.58,184.09,112.13,red,2.76,red,True,False,304.39,red,red,57.24,red,10.99,-63.79,-69.48,12.17,green,red,7,77056.03,77046.03,below,below,below,below,below,2.053,47.2,23.5,10.0,77302.2,77056.1,,
1048542330,SELL,0.02,2026-09-02T17:07:00,77048.48,2026-09-02T17:21:15,76943.23,14.2,2.11,tp,-1.83,-91.7,2.57,3.0,14.0,496769,1,484.04,47.73,184.09,77149.27,77184.52,77162.54,77581.14,77231.04,184.21,112.13,red,2.76,red,True,False,304.39,red,red,57.24,red,10.99,-63.79,-69.48,12.17,green,red,7,77042.33,77032.33,below,below,below,below,below,2.053,47.2,21.9,10.0,491.88,56.12,186.2,77137.38,77184.52,77071.27,77581.14,77154.78,186.2,112.13,red,2.76,red,True,False,304.39,red,red,32.98,red,15.53,-3.08,-7.48,9.11,red,red,21,76929.88,76919.88,below,below,below,below,below,2.056,47.2,33.0,10.0,77173.83,76943.23,,
1048548218,SELL,0.02,2026-09-02T17:22:01,76990.78,2026-09-02T17:32:52,77136.91,10.8,-2.92,sl,-2.72,-136.1,0.49,10.0,-0.0,496769,1,492.11,53.09,186.2,77136.38,77184.52,77067.53,77581.14,77150.0,186.0,112.13,red,2.76,red,True,False,304.39,red,red,12.21,green,36.58,-45.43,-41.06,4.46,red,red,22,77000.87,76990.87,below,below,below,below,below,2.054,47.2,44.6,10.0,492.11,50.26,183.28,77128.32,77184.52,77062.32,77581.14,77118.55,183.28,112.13,red,2.76,red,True,False,304.39,red,green,7.62,red,34.97,-18.74,-7.54,8.28,green,green,32,77136.91,77126.91,above,below,above,below,above,2.051,47.2,65.3,10.0,77131.04,76860.11,,
1048552447,BUY,0.02,2026-09-02T17:34:02,77155.71,2026-09-02T17:48:07,77345.99,14.1,3.81,tp,-1.61,-80.6,3.87,5.0,14.0,496769,1,492.11,46.19,183.28,77128.61,77184.52,77077.17,77581.14,77120.51,183.25,112.13,red,2.76,green,True,False,304.39,red,green,25.74,green,20.65,16.03,32.32,0.0,green,green,34,77164.06,77154.06,above,below,above,below,above,2.05,47.2,79.0,10.0,501.97,49.02,187.09,77138.41,77184.52,77194.19,77581.14,77160.18,187.09,112.13,red,2.76,green,True,False,304.39,green,green,9.7,red,44.4,-15.53,-26.36,0.0,green,green,48,77359.17,77349.17,above,above,above,below,above,2.045,47.2,76.1,10.0,76916.59,77345.99,,
1048561149,BUY,0.02,2026-09-02T17:49:03,77358.43000000001,2026-09-02T22:10:06,77068.63,261.1,-5.8,sl,-5.86,-293.2,2.81,260.9,137.9,496769,1,502.73,47.34,187.09,77140.59,77184.52,77209.6,77581.14,77167.79,187.05,112.13,red,2.76,green,True,False,304.39,green,green,29.01,green,0.0,30.06,43.84,11.31,green,green,49,77366.56,77356.56,above,above,above,below,above,2.045,47.2,79.7,10.0,447.03,36.53,181.29,77275.09,77238.11,77181.21,77534.1,77239.12,181.29,112.44,red,58.82,red,False,False,28.67,red,red,12.24,green,0.0,-22.93,0.2,12.79,red,red,10,77075.2,77065.2,below,below,below,below,below,2.052,46.6,9.7,10.0,77075.07,77591.79,,
1048626920,SELL,0.02,2026-09-02T22:11:02,77074.0,2026-09-02T23:59:00,77333.54000000001,108.0,-5.19,sl,-5.11,-255.4,2.06,108.0,51.0,496774,1,449.15,37.95,181.29,77272.99,77238.11,77170.01,77534.1,77232.23,181.46,112.44,red,58.82,red,False,False,28.67,red,red,19.75,red,38.49,-11.5,-45.76,1.05,red,red,11,77065.53,77055.53,below,below,below,below,below,2.053,46.6,9.8,10.0,436.7,29.34,176.1,77175.97,77215.72,77225.83,77513.36,77173.85,176.1,262.78,red,21.36,green,False,True,0.0,red,green,25.7,green,0.01,12.67,15.43,0.91,green,green,59,77329.62,77319.62,above,above,above,below,above,2.046,54.6,82.4,10.0,77325.47,76872.61,,
1048644193,BUY,0.02,2026-09-03T00:02:03,77320.39,2026-09-03T00:07:42,77227.12,5.7,-1.87,sl,-1.87,-93.7,0.81,5.0,-0.1,496776,1,403.95,36.27,176.1,77179.86,77223.02,77247.38,77504.5,77188.92,176.09,286.56,green,32.79,green,True,True,50.49,green,green,44.43,green,22.21,38.83,3.4,4.32,green,green,2,77329.85,77319.85,above,above,above,below,above,2.046,62.2,72.9,10.0,408.24,43.42,174.23,77185.61,77223.02,77265.06,77504.5,77208.42,174.23,286.56,green,32.79,red,True,True,50.49,green,red,73.3,red,5.96,-6.61,-56.62,0.81,green,red,7,77236.66,77226.66,above,above,below,below,above,2.048,62.2,45.0,10.0,77227.12,77382.54,,
1048650612,SELL,0.02,2026-09-03T00:28:02,77010.28,2026-09-03T00:37:31,76955.19,9.5,1.11,tp,-0.73,-36.4,1.46,3.0,9.0,496776,1,424.17,39.98,174.23,77168.28,77223.02,77091.0,77504.5,77137.76,174.17,286.56,green,32.79,red,True,True,50.49,red,red,18.66,red,1.19,-12.28,-17.61,4.97,red,red,28,77013.58,77003.58,below,below,below,below,below,2.054,62.2,31.2,10.0,428.93,39.3,175.34,77153.27,77223.02,77030.85,77504.5,77093.91,175.34,286.56,green,32.79,red,True,True,50.49,red,red,16.23,red,4.83,1.62,3.22,7.48,red,green,37,76980.21,76970.21,below,below,below,below,below,2.055,62.2,30.3,10.0,77088.49,76955.19,,
1048653862,BUY,0.02,2026-09-03T00:41:02,77103.68000000001,2026-09-03T01:01:31,76928.59,20.5,-3.5,sl,-3.62,-180.9,0.17,20.0,8.0,496776,1,428.93,45.43,175.34,77150.34,77223.02,77047.05,77504.5,77091.78,175.14,286.56,green,32.79,red,True,True,50.49,red,green,36.76,green,20.22,27.22,22.08,9.68,green,green,41,77103.52,77093.52,below,below,above,below,above,2.052,62.2,63.7,10.0,403.2,50.68,171.84,77131.96,77204.37,77035.87,77485.86,77065.49,171.84,261.37,red,91.28,red,True,True,71.32,red,red,26.64,red,5.83,-22.98,-33.09,30.9,red,red,1,76935.47,76925.47,below,below,below,below,below,2.056,57.7,32.8,10.0,76937.06,77238.22,,
1048660396,BUY,0.02,2026-09-03T01:06:02,77168.44,2026-09-03T01:14:50,77395.16,8.8,4.53,tp,-0.22,-11.2,4.55,-0.0,8.0,496777,1,413.15,63.32,171.84,77131.86,77204.37,77073.94,77485.86,77077.32,172.03,261.37,red,91.28,green,True,True,71.32,red,green,67.34,green,0.0,106.86,28.82,36.84,green,green,6,77188.03,77178.03,above,below,above,below,above,2.049,57.7,60.6,10.0,427.32,72.66,176.37,77144.22,77204.37,77200.94,77485.86,77137.29,176.37,261.37,red,91.28,green,True,True,71.32,red,green,13.73,green,31.58,24.85,77.47,14.91,green,green,14,77403.45,77393.45,above,above,above,below,above,2.044,57.7,87.7,10.0,76922.82,77395.16,,
1048667400,BUY,0.02,2026-09-03T01:24:03,77408.5,2026-09-03T01:35:31,77399.94,11.5,-0.17,sl,-2.04,-102.0,2.09,4.0,10.9,496777,1,427.87,54.54,176.37,77161.54,77204.37,77284.07,77485.86,77200.15,176.04,261.37,red,91.28,green,True,True,71.32,green,green,57.8,green,3.83,65.62,62.39,5.4,red,green,24,77402.1,77392.1,above,above,above,below,above,2.044,57.7,69.4,10.0,435.69,59.14,176.2,77185.9,77204.37,77367.9,77485.86,77271.35,176.2,261.37,red,91.28,green,True,True,71.32,green,red,21.88,green,16.51,-10.96,8.52,0.86,green,red,35,77409.94,77399.94,above,above,above,below,above,2.043,57.7,61.7,10.0,77240.25,77531.08,,
1048676095,SELL,0.02,2026-09-03T01:51:02,77254.43000000001,2026-09-03T02:14:37,77455.4,23.6,-4.02,sl,-3.96,-198.0,1.21,23.0,18.0,496777,1,435.69,53.82,176.2,77207.39,77204.37,77327.6,77485.86,77297.48,175.1,261.37,red,91.28,green,True,True,71.32,red,red,30.7,red,2.35,-17.58,-25.75,7.91,red,green,51,77309.28,77299.28,above,above,below,below,above,2.046,57.7,45.8,10.0,421.81,47.56,172.18,77230.52,77215.47,77324.88,77479.35,77311.03,172.18,293.7,green,104.38,green,True,True,192.13,green,green,104.62,green,0.0,102.45,24.77,0.0,red,green,14,77462.45,77452.45,above,above,above,below,above,2.042,60.0,64.9,10.0,77455.4,77103.46,,
1048682482,BUY,0.02,2026-09-03T02:15:01,77471.09,2026-09-03T02:32:14,77696.66,17.2,4.51,tp,-1.67,-83.7,5.42,5.0,17.0,496778,1,422.64,43.09,172.18,77232.9,77215.47,77338.65,77479.35,77317.27,171.95,293.7,green,104.38,green,True,True,192.13,green,red,26.02,green,23.93,26.03,80.7,0.0,green,red,15,77469.31,77459.31,above,above,above,below,above,2.042,60.0,70.8,10.0,442.49,62.36,176.69,77274.98,77215.47,77503.61,77479.35,77414.69,176.69,293.7,green,104.38,green,True,True,192.13,green,green,17.59,green,31.4,28.77,89.63,17.18,green,green,32,77731.79,77721.79,above,above,above,above,above,2.035,60.0,80.4,10.0,77193.9,77696.66,,
1048687562,BUY,0.02,2026-09-03T02:33:01,77624.07,2026-09-03T02:34:41,77761.34,1.7,2.75,tp,-0.27,-13.5,4.22,-0.0,1.0,496778,1,442.49,62.06,176.69,77277.33,77215.47,77505.3,77479.35,77418.63,176.59,293.7,green,104.38,green,True,True,192.13,green,green,38.54,red,3.79,70.65,4.91,89.58,green,green,33,77629.02,77619.02,above,above,above,above,above,2.038,60.0,79.6,10.0,449.14,76.92,179.44,77283.74,77215.47,77544.16,77479.35,77438.22,179.44,293.7,green,104.38,green,True,True,192.13,green,green,95.28,green,3.48,-27.09,0.57,5.49,green,green,34,77841.68,77831.68,above,above,above,above,above,2.132,60.0,86.5,10.0,77441.05,77761.34,,
1048692186,BUY,0.02,2026-09-03T02:51:02,77841.06,2026-09-03T03:03:09,77695.28,12.1,-2.91,sl,-2.92,-145.8,0.14,12.0,3.0,496778,1,452.07,51.32,179.44,77358.84,77215.47,77731.75,77479.35,77600.49,179.1,293.7,green,104.38,green,True,True,192.13,green,green,29.75,green,34.2,6.52,-5.31,1.59,green,green,51,77834.01,77824.01,above,above,above,above,above,2.185,60.0,68.6,10.0,399.03,43.69,176.53,77405.1,77269.45,77747.03,77491.19,77662.01,176.53,461.95,green,127.0,red,True,False,93.16,green,red,19.89,green,3.57,-12.55,-5.36,10.03,red,red,3,77705.28,77695.28,above,above,below,above,above,2.189,70.3,32.6,10.0,77696.91,77949.17,,
1048695144,SELL,0.02,2026-09-03T03:04:02,77697.24,2026-09-03T03:14:03,77817.81,10.0,-2.42,sl,-2.23,-111.2,0.65,10.0,7.0,496779,1,400.34,41.72,176.53,77407.8,77269.45,77740.49,77491.19,77662.63,176.38,461.95,green,127.0,red,True,False,93.16,green,red,49.27,red,0.84,-10.68,-27.3,0.0,red,red,4,77704.31,77694.31,above,above,below,above,above,2.189,70.3,28.8,10.0,401.49,38.35,174.11,77435.67,77269.45,77721.61,77491.19,77676.51,174.11,461.95,green,127.0,green,True,False,93.16,green,green,71.92,green,0.09,100.19,15.76,33.64,green,green,14,77818.49,77808.49,above,above,above,above,above,2.185,70.3,65.5,10.0,77804.64,77612.92,,
1048702996,SELL,0.02,2026-09-03T03:35:05,77673.29000000001,2026-09-03T03:45:05,77615.12,10.0,1.17,tp,-0.07,-3.3,1.39,-0.1,9.9,496779,1,404.58,36.89,174.11,77493.2,77269.45,77722.03,77491.19,77708.76,173.85,461.95,green,127.0,red,True,False,93.16,red,red,26.61,red,2.25,-27.77,-28.34,0.0,red,green,35,77686.55,77676.55,above,above,below,above,below,2.189,70.3,37.9,10.0,408.93,29.47,175.28,77505.99,77269.45,77661.68,77491.19,77681.9,175.28,461.95,green,127.0,red,True,False,93.16,red,red,1.56,red,5.36,6.34,-0.05,16.18,red,red,45,77613.63,77603.63,above,above,below,above,below,2.191,70.3,21.5,10.0,77750.85,77615.12,,
1048708949,BUY,0.02,2026-09-03T04:04:01,77743.85,2026-09-03T04:11:43,77742.02,7.7,-0.04,sl,-1.07,-53.7,0.97,1.0,6.0,496780,1,377.87,23.94,175.28,77536.21,77307.97,77686.33,77498.15,77683.17,175.05,111.03,red,80.02,green,False,False,65.79,green,green,34.62,green,0.0,27.06,24.11,0.0,red,green,4,77742.59,77732.59,above,above,above,above,above,2.188,61.1,67.5,10.0,382.04,30.67,175.24,77549.6,77307.97,77712.53,77498.15,77696.05,175.24,111.03,red,80.02,green,False,False,65.79,green,green,68.27,green,14.28,48.83,-13.03,2.25,green,green,11,77753.43,77743.43,above,above,above,above,above,2.187,61.1,60.8,10.0,77663.43,77798.79,,
1048712155,SELL,0.02,2026-09-03T04:14:01,77627.33,2026-09-03T05:00:50,77792.14,46.8,-3.29,sl,-3.31,-165.7,2.48,46.0,29.0,496780,1,385.98,40.34,175.24,77552.3,77307.97,77693.71,77498.15,77689.75,175.03,111.03,red,80.02,red,False,False,65.79,green,red,75.46,red,5.14,-14.21,-47.0,11.46,green,red,14,77638.12,77628.12,above,above,below,above,below,2.19,61.1,43.6,10.0,350.79,41.91,171.95,77573.35,77349.75,77673.88,77508.01,77640.88,171.95,71.58,green,171.4,green,False,True,45.67,green,green,26.96,green,8.16,13.96,16.95,0.0,red,green,0,77803.06,77793.06,above,above,above,above,above,2.186,64.3,82.0,10.0,77792.14,77487.52,,
1048722747,BUY,0.02,2026-09-03T05:01:02,77806.82,2026-09-03T05:09:19,77667.78,8.3,-2.7800000000000002,sl,-2.86,-143.0,0.0,8.0,-0.0,496781,1,351.06,41.7,171.95,77575.32,77349.75,77682.98,77508.01,77645.94,171.21,71.58,green,171.4,green,False,True,45.67,green,green,42.79,green,12.87,47.32,25.27,1.51,red,green,1,77780.06,77770.06,above,above,above,above,above,2.186,64.3,76.1,10.0,356.27,38.08,169.17,77585.3,77349.75,77693.81,77508.01,77661.99,169.17,71.58,green,171.4,red,False,True,45.67,green,red,22.06,green,6.18,14.95,16.44,0.0,red,red,9,77673.78,77663.78,above,above,below,above,above,2.189,64.3,44.4,10.0,77667.78,77920.86,,
1048726722,SELL,0.02,2026-09-03T05:12:01,77630.03,2026-09-03T05:15:13,77631.3,3.2,-0.03,sl,-0.43,-21.7,1.43,-0.0,2.0,496781,1,359.07,40.05,169.17,77587.42,77349.75,77683.63,77508.01,77661.35,168.97,71.58,green,171.4,red,False,True,45.67,green,red,39.28,red,3.7,-10.42,-26.69,0.0,red,red,12,77640.24,77630.24,above,above,below,above,below,2.19,64.3,36.6,10.0,363.77,38.0,169.14,77587.83,77349.75,77662.52,77508.01,77654.57,169.14,71.58,green,171.4,red,False,True,45.67,red,green,0.99,green,36.67,-16.71,-33.95,10.88,red,green,15,77629.98,77619.98,above,above,below,above,below,2.191,64.3,26.9,10.0,77729.5,77555.43,,
1048745099,BUY,0.02,2026-09-03T05:49:01,77484.04000000001,2026-09-03T05:51:16,77579.74,2.2,1.9100000000000001,tp,-0.5,-25.2,1.93,-0.0,2.0,496781,1,399.55,47.09,169.14,77519.01,77349.75,77402.56,77508.01,77437.37,169.19,71.58,green,171.4,red,False,True,45.67,green,green,58.52,green,0.0,63.1,58.32,5.95,green,green,49,77496.53,77486.53,below,above,above,below,above,2.194,64.3,68.7,10.0,399.55,49.65,171.05,77519.44,77349.75,77427.93,77508.01,77445.32,171.05,71.58,green,171.4,red,False,True,45.67,green,green,34.19,green,4.93,24.69,11.65,2.35,green,green,51,77590.7,77580.7,above,above,above,above,above,2.192,64.3,70.4,10.0,77366.72,77579.74,,
1048749512,BUY,0.02,2026-09-03T05:57:02,77801.7,2026-09-03T07:04:14,77971.3,67.2,3.4,tp,-3.0,-150.1,3.6,15.0,67.0,496781,1,399.55,64.08,171.05,77529.75,77349.75,77552.7,77508.01,77499.6,170.55,71.58,green,171.4,green,False,True,45.67,green,green,114.09,green,7.37,97.81,21.73,0.0,green,green,57,77786.5,77776.5,above,above,above,above,above,2.186,64.3,76.4,10.0,365.27,46.06,174.45,77635.01,77427.78,77802.37,77529.01,77749.83,174.45,22.1,green,118.48,green,True,False,29.12,red,green,7.14,red,15.87,25.59,15.84,28.35,green,green,4,77993.72,77983.72,above,above,above,above,above,2.319,64.7,77.1,10.0,77592.94,77971.3,,
1048786476,BUY,0.02,2026-09-03T07:05:01,78096.67,2026-09-03T07:47:14,77725.34,42.2,-7.42,sl,-7.48,-373.9,0.97,42.0,-0.0,496783,1,374.63,53.76,174.45,77640.84,77427.78,77841.08,77529.01,77768.12,174.33,22.1,green,118.48,green,True,False,29.12,red,green,284.16,green,0.0,252.44,19.26,0.38,green,red,5,78100.65,78090.65,above,above,above,above,above,2.483,64.7,77.1,10.0,379.61,58.73,167.03,77738.26,77427.78,77896.03,77529.01,77885.71,167.03,22.1,green,118.48,red,True,False,29.12,red,red,49.06,red,36.39,-31.14,-73.02,0.0,red,red,47,77786.05,77776.05,above,above,below,above,below,2.533,64.7,38.3,10.0,77725.34,78438.38,,
1048809574,SELL,0.02,2026-09-03T07:49:02,77705.98,2026-09-03T08:07:40,78035.07,18.6,-6.58,sl,-6.52,-326.2,2.93,18.0,8.0,496783,1,380.96,56.84,167.03,77737.49,77427.78,77860.6,77529.01,77871.44,166.74,22.1,green,118.48,red,True,False,29.12,red,red,45.35,red,0.0,-64.8,-13.68,3.6,red,red,49,77720.38,77710.38,below,above,below,above,below,2.535,64.7,35.4,10.0,402.08,69.48,160.45,77736.15,77447.32,77796.98,77533.08,77807.61,160.45,159.67,red,72.43,green,True,True,353.67,red,green,41.52,green,40.88,6.82,70.81,20.7,green,green,7,78041.67,78031.67,above,above,above,above,above,2.524,56.6,83.4,10.0,78035.07,77426.89,,
1048907935,SELL,0.03,2026-09-03T10:33:11,77583.41,2026-09-03T10:51:50,77583.41,18.6,0.0,sl,-0.61,-20.3,4.58,-0.2,8.8,496786,1,396.27,40.8,160.45,77707.03,77488.64,77592.78,77544.48,77617.53,160.21,225.22,red,1.34,green,False,True,139.08,green,red,7.43,green,15.14,34.99,4.46,37.97,red,red,33,77591.31,77581.31,below,above,below,above,below,2.539,55.5,48.3,10.0,400.12,40.88,160.45,77673.37,77488.64,77527.46,77544.48,77560.51,160.45,225.22,red,1.34,green,False,True,139.08,red,green,21.23,green,2.91,9.92,15.93,0.0,green,green,51,77584.61,77574.61,below,above,above,above,above,2.379,55.5,65.2,10.0,78032.16,77167.99,,
1049025584,BUY,0.01,2026-09-03T12:53:01,78435.1,2026-09-03T12:54:12,78532.86,1.2,0.98,tp,-0.17,-16.7,1.06,-0.0,1.0,496788,1,437.36,71.67,160.45,77908.69,77546.68,78292.43,77564.46,78156.55,160.54,192.35,green,37.25,green,True,False,73.6,green,green,73.43,green,0.0,121.38,39.76,58.35,green,green,53,78454.36,78444.36,above,above,above,above,above,2.46,61.9,59.8,10.0,441.42,72.5,161.43,77915.4,77546.68,78319.81,77564.46,78173.26,161.43,192.35,green,37.25,green,True,False,73.6,green,green,70.71,green,6.85,25.45,66.25,13.42,green,green,54,78543.16,78533.16,above,above,above,above,above,2.53,61.9,63.8,10.0,78304.75,78532.86,,
1049043931,SELL,0.01,2026-09-03T13:07:02,78500.38,2026-09-03T13:34:01,78684.3,27.0,-1.8399999999999999,sl,-1.84,-183.5,0.88,27.0,13.0,496789,1,443.31,90.8,161.43,77999.23,77648.8,78513.58,77605.84,78345.2,161.29,717.79,green,53.24,red,True,False,131.36,green,red,66.33,red,0.0,-15.65,-49.85,15.85,red,red,7,78513.95,78503.95,above,above,below,above,above,2.786,75.8,50.6,10.0,449.28,68.96,159.59,78122.59,77648.8,78538.0,77605.84,78464.72,159.59,717.79,green,53.24,green,True,False,131.36,red,green,48.14,green,51.56,16.1,12.16,0.0,red,green,34,78654.11,78644.11,above,above,above,above,above,2.781,75.8,68.4,10.0,78684.3,78362.44,,
1049074281,BUY,0.02,2026-09-03T13:39:02,78761.98,2026-09-03T14:17:00,79064.76,38.0,6.06,tp,-1.79,-89.5,6.34,22.0,38.0,496789,1,459.72,102.8,159.59,78147.89,77648.8,78583.96,77605.84,78497.6,159.95,717.79,green,53.24,green,True,False,131.36,red,green,57.53,green,27.86,169.28,156.2,114.53,green,green,39,78789.76,78779.76,above,above,above,above,above,2.765,75.8,65.3,10.0,468.19,80.85,165.65,78373.31,77759.51,78901.38,77653.05,78792.65,165.65,196.39,green,202.03,green,True,False,155.56,green,green,82.1,green,0.0,52.63,-2.13,16.98,green,green,17,79046.75,79036.75,above,above,above,above,above,3.018,75.1,65.8,10.0,78412.54,79064.76,,
1049120504,BUY,0.01,2026-09-03T14:17:03,79067.06,2026-09-03T14:23:24,79250.72,6.3,1.8399999999999999,tp,-0.98,-97.7,1.88,1.9,6.0,496790,1,468.19,80.85,165.65,78373.52,77759.51,78903.4,77653.05,78793.48,165.56,196.39,green,202.03,green,True,False,155.56,green,green,82.1,green,0.0,52.63,-2.13,16.98,green,green,17,79067.96,79057.96,above,above,above,above,above,3.017,75.1,67.5,10.0,480.77,91.61,167.49,78416.55,77759.51,79003.77,77653.05,78862.47,167.49,196.39,green,202.03,green,True,False,155.56,green,green,126.41,green,0.0,82.11,28.6,0.0,green,green,23,79265.08,79255.08,above,above,above,above,above,3.231,75.1,75.3,10.0,78774.79,79250.72,,
1049128309,BUY,0.01,2026-09-03T14:24:01,79301.44,2026-09-03T14:26:51,79544.0,2.8,2.43,tp,-0.32,-31.7,2.61,-0.0,2.0,496790,1,484.15,92.37,167.49,78425.53,77759.51,79033.36,77653.05,78880.27,167.36,196.39,green,202.03,green,True,False,155.56,green,green,58.84,green,31.18,82.19,100.1,18.48,green,green,24,79298.27,79288.27,above,above,above,above,above,3.29,75.1,79.7,10.0,502.72,100.21,169.92,78447.45,77759.51,79123.42,77653.05,78930.28,169.92,196.39,green,202.03,green,True,False,155.56,green,green,89.38,green,16.13,146.51,67.54,70.92,green,green,26,79565.34,79555.34,above,above,above,above,above,3.605,75.1,86.5,10.0,78969.37,79544.0,,
1049150076,BUY,0.01,2026-09-03T14:47:12,79958.84,2026-09-03T14:48:34,80245.99,1.4,2.87,tp,-0.41,-41.3,2.93,-0.2,0.8,496790,1,531.24,111.46,169.92,78693.99,77759.51,79706.25,77653.05,79402.88,169.89,196.39,green,202.03,green,True,False,155.56,green,green,78.1,green,4.84,86.57,104.43,8.39,green,green,47,79965.63,79955.63,above,above,above,above,above,4.087,75.1,64.5,10.0,551.97,126.66,172.79,78709.73,77759.51,79760.08,77653.05,79436.99,172.79,196.39,green,202.03,green,True,False,155.56,green,green,34.66,green,25.12,45.53,58.29,18.79,green,green,48,80261.84,80251.84,above,above,above,above,above,4.433,75.1,74.9,10.0,79586.05,80245.99,,
1049160979,BUY,0.01,2026-09-03T15:00:02,80544.49,2026-09-03T15:02:36,80923.59,2.6,3.8,tp,-0.68,-67.8,4.02,-0.0,2.0,496791,1,536.87,158.71,172.79,78892.06,78023.63,80170.95,77765.96,79777.49,172.75,1724.71,green,135.23,green,True,False,32.14,green,green,103.65,green,48.87,100.98,99.51,32.14,green,green,0,80550.37,80540.37,above,above,above,above,above,4.806,89.0,81.2,10.0,565.69,171.22,176.59,78930.61,78023.63,80292.99,77765.96,79859.25,176.59,1724.71,green,135.23,green,True,False,32.14,green,green,160.96,green,11.17,230.35,67.4,135.67,green,green,2,80956.35,80946.35,above,above,above,above,above,5.253,89.0,81.6,10.0,80084.03,80923.59,,
1049198566,BUY,0.01,2026-09-03T15:40:01,81003.71,2026-09-03T15:46:41,80752.51,6.7,-2.51,sl,-2.51,-251.4,0.07,6.0,-0.0,496791,1,579.29,84.47,176.59,79494.47,78023.63,80794.35,77765.96,80551.55,176.16,1724.71,green,135.23,green,True,False,32.14,green,green,88.52,green,5.26,37.96,67.17,5.03,green,red,40,80971.17,80961.17,above,above,above,above,above,5.044,89.0,83.7,10.0,580.03,92.66,174.08,79574.9,78023.63,80827.32,77765.96,80620.11,174.08,1724.71,green,135.23,green,True,False,32.14,green,red,7.19,green,32.63,-56.61,-13.01,28.98,red,red,46,80762.31,80752.31,above,above,below,above,above,5.07,89.0,47.9,10.0,80752.51,81184.73,,
1049203137,SELL,0.02,2026-09-03T15:47:02,80742.74,2026-09-03T15:51:36,81010.87,4.6,-5.37,sl,-5.18,-258.8,0.48,4.0,1.0,496791,1,580.03,89.07,174.08,79586.3,78023.63,80816.9,77765.96,80623.91,174.13,1724.71,green,135.23,green,True,False,32.14,green,red,132.74,red,0.0,-30.76,-94.7,0.0,red,red,47,80739.84,80729.84,above,above,below,above,above,5.071,89.0,40.1,10.0,580.03,93.78,168.71,79636.34,78023.63,80834.5,77765.96,80659.63,168.71,1724.71,green,135.23,green,True,False,32.14,green,green,125.46,green,0.0,102.75,23.23,2.06,red,green,51,81009.46,80999.46,above,above,above,above,above,5.054,89.0,60.1,10.0,81010.87,80510.21,,
1049206843,BUY,0.03,2026-09-03T15:52:01,81055.53,2026-09-03T15:59:06,81362.51,7.1,9.21,tp,-0.7,-23.5,9.32,-0.0,7.0,496791,1,584.48,92.15,168.71,79651.09,78023.63,80860.91,77765.96,80677.47,169.06,1724.71,green,135.23,green,True,False,32.14,green,green,153.63,green,0.0,176.76,127.93,22.72,red,green,52,81075.73,81065.73,above,above,above,above,above,5.127,89.0,60.5,10.0,605.42,114.96,177.92,79762.2,78023.63,81080.04,77765.96,80828.21,177.92,1724.71,green,135.23,green,True,False,32.14,green,green,75.88,green,7.53,10.23,23.66,4.32,green,green,59,81366.02,81356.02,above,above,above,above,above,5.469,89.0,73.0,10.0,80718.56,81362.51,,
1049212211,BUY,0.01,2026-09-03T16:00:01,81372.37,2026-09-03T16:18:09,80718.56,18.1,-6.53,sl,-6.65,-665.0,0.0,18.0,-0.0,496792,1,560.22,110.6,177.92,79777.74,78340.94,81103.28,77906.62,80847.62,177.46,824.67,green,189.28,red,True,False,17.2,green,red,6.87,green,35.29,17.59,45.96,17.2,green,red,0,81335.51,81325.51,above,above,above,above,above,5.478,90.2,81.2,10.0,604.51,105.14,171.39,79968.0,78340.94,80937.89,77906.62,80886.83,171.39,824.67,green,189.28,red,True,False,17.2,red,red,105.63,red,7.12,-7.24,-34.79,0.0,red,red,18,80733.55,80723.55,above,above,below,above,below,5.519,90.2,40.8,10.0,80718.56,81926.18,,
1049224520,SELL,0.02,2026-09-03T16:20:02,80701.67,2026-09-03T18:09:41,81371.4,109.7,-13.4,sl,-13.24,-662.0,1.9,109.0,8.0,496792,1,605.1,94.19,171.39,79982.79,78340.94,80897.48,77906.62,80873.7,171.08,824.67,green,189.28,red,True,False,17.2,red,red,45.28,red,2.97,10.42,-7.78,48.04,red,green,20,80717.08,80707.08,above,above,below,above,below,5.52,90.2,38.1,10.0,620.6,68.42,157.99,80679.84,78825.35,81159.54,78145.22,81103.3,157.99,79.13,green,93.14,green,False,False,153.81,red,green,8.91,green,37.91,-39.77,-26.6,6.32,green,green,9,81324.43,81314.43,above,above,above,above,above,5.471,84.3,74.8,10.0,81371.4,80076.82,,
1049294355,BUY,0.03,2026-09-03T19:05:02,81468.65000000001,2026-09-03T21:45:43,81468.65,160.7,0.0,sl,-9.2,-306.6,25.05,1.0,149.0,496795,1,598.01,65.78,157.99,80865.41,79056.89,81216.75,78267.21,81139.6,156.21,210.31,green,154.85,green,True,False,105.68,green,green,189.6,green,0.0,199.06,26.56,20.11,green,red,5,81419.44,81409.44,above,above,above,above,above,5.619,84.7,79.3,10.0,670.96,135.4,157.99,81416.78,79519.29,81675.82,78524.34,81632.71,157.99,308.89,red,72.25,green,False,False,26.23,red,red,25.63,red,4.95,-68.95,6.63,21.61,red,red,45,81481.42,81471.42,above,above,below,above,below,6.604,81.4,16.6,10.0,80606.59,82344.2,,
1049330456,BUY,0.04,2026-09-03T21:49:02,81563.68000000001,2026-09-03T21:49:44,81642.99,0.7,3.17,manual,-1.12,-28.1,3.41,-0.0,-0.0,496797,2,670.96,97.83,157.99,81420.35,79519.29,81621.31,78524.34,81614.28,157.25,308.89,red,72.25,green,False,False,26.23,red,green,67.33,green,0.0,43.77,36.99,2.06,red,green,49,81572.95,81562.95,above,above,below,above,below,6.597,81.4,21.4,10.0,670.96,102.36,161.16,81421.21,79519.29,81629.49,78524.34,81617.65,159.59,308.89,red,72.25,green,False,False,26.23,red,green,67.33,green,0.0,43.77,36.99,2.06,red,green,49,81658.84,81648.84,above,above,above,above,above,6.59,81.4,31.0,10.0,81423.46,81664.78,,
1049330205,SELL,0.01,2026-09-03T21:46:02,81502.45,2026-09-04T01:25:54,80798.19,219.9,7.04,tp,-2.65,-264.7,7.15,8.0,219.0,496797,1,670.96,128.77,157.99,81417.67,79519.29,81659.3,78524.34,81627.67,158.16,308.89,red,72.25,green,False,False,26.23,red,red,26.35,red,34.72,-13.44,-57.04,34.72,red,red,46,81485.36,81475.36,above,above,below,above,below,6.604,81.4,15.9,10.0,700.17,56.67,168.2,81183.55,80081.42,80942.75,78925.27,81031.4,168.2,282.18,red,21.13,red,True,True,180.26,red,red,55.13,red,18.07,-56.76,-58.39,4.65,red,red,25,80806.2,80796.2,below,above,below,above,below,6.492,76.7,22.8,10.0,82303.71,80798.19,,
1049383851,SELL,0.01,2026-09-04T01:41:02,80800.64,2026-09-04T01:51:00,80923.88,10.0,-1.23,sl,-1.13,-113.2,0.4,10.0,1.0,496801,1,702.69,60.67,168.2,81133.85,80081.42,80860.95,78925.27,80943.29,168.13,282.18,red,21.13,red,True,True,180.26,red,red,53.56,red,24.46,-19.94,-73.36,18.25,green,red,41,80807.86,80797.86,below,above,below,above,below,6.492,76.7,40.5,10.0,702.69,43.88,166.97,81105.88,80081.42,80854.25,78925.27,80910.04,166.97,282.18,red,21.13,red,True,True,180.26,red,green,45.63,green,3.25,1.19,1.88,0.0,green,green,51,80922.94,80912.94,below,above,above,above,above,6.483,76.7,54.7,10.0,80920.39,80705.89,,
1049387247,BUY,0.02,2026-09-04T01:53:02,80931.3,2026-09-04T02:01:09,80919.98,8.1,-0.23,sl,-0.32,-16.1,2.26,-0.0,4.0,496801,1,702.69,42.94,166.97,81101.96,80081.42,80864.25,78925.27,80909.91,166.76,282.18,red,21.13,red,True,True,180.26,red,green,35.09,green,3.08,-10.62,1.56,0.27,green,green,53,80930.97,80920.97,below,above,above,above,above,6.482,76.7,61.6,10.0,642.08,41.1,166.74,81092.32,80166.37,80923.15,79005.59,80927.69,166.74,0.1,green,220.42,red,False,True,129.19,green,red,23.67,red,15.46,-24.62,-33.66,0.0,green,red,1,80929.98,80919.98,below,above,above,above,below,6.482,75.9,59.2,10.0,80760.4,81059.48,,
1049389981,SELL,0.03,2026-09-04T02:02:02,80887.0,2026-09-04T02:16:22,80892.08,14.3,-0.15,sl,-0.4,-13.4,3.25,1.0,11.0,496802,1,644.94,41.84,166.74,81090.03,80166.37,80917.69,79005.59,80925.2,166.42,0.1,green,220.42,red,False,True,129.19,green,red,44.97,red,15.8,-32.12,-54.72,0.96,green,red,2,80897.82,80887.82,below,above,below,above,below,6.485,75.9,54.3,10.0,652.18,41.25,166.59,81056.41,80166.37,80851.5,79005.59,80884.67,166.59,0.1,green,220.42,red,False,True,129.19,red,green,33.43,green,0.0,50.51,24.52,18.55,red,green,16,80892.08,80882.08,below,above,above,above,above,6.485,75.9,47.7,10.0,81044.07,80746.6,,
1049393415,SELL,0.04,2026-09-04T02:17:13,80821.61,2026-09-04T02:18:14,80783.51,1.0,1.52,manual,-0.69,-17.2,1.92,-0.2,0.8,496802,1,652.18,41.91,166.59,81053.48,80166.37,80843.37,79005.59,80879.86,166.15,0.1,green,220.42,red,False,True,129.19,red,green,21.7,red,7.67,25.99,6.89,41.71,red,green,17,80832.47,80822.47,below,above,below,above,below,6.49,75.9,43.2,10.0,652.54,42.85,168.11,81050.54,80166.37,80835.74,79005.59,80875.27,168.11,0.1,green,220.42,red,False,True,129.19,red,red,14.06,red,0.72,-44.46,-4.66,16.5,red,red,18,80786.13,80776.13,below,above,below,above,below,6.494,75.9,41.9,10.0,80883.24,80775.09,,
1049393750,SELL,0.01,2026-09-04T02:19:02,80760.19,2026-09-04T02:30:10,80764.24,11.1,-0.04,sl,-0.28,-28.2,0.79,-0.0,10.0,496802,1,654.58,41.51,168.11,81047.45,80166.37,80826.94,79005.59,80870.05,168.01,0.1,green,220.42,red,False,True,129.19,red,red,50.97,red,12.41,-23.92,-62.51,6.49,red,red,19,80770.29,80760.29,below,above,below,above,below,6.495,75.9,33.0,10.0,659.13,38.74,168.07,81013.26,80166.37,80756.01,79005.59,80816.48,168.07,0.1,green,220.42,red,False,True,129.19,red,green,16.38,green,25.48,-4.3,-5.37,0.0,green,green,30,80768.53,80758.53,below,above,above,above,below,6.495,75.9,39.5,10.0,80883.24,80665.08,,
1049397696,SELL,0.02,2026-09-04T02:35:03,80743.18000000001,2026-09-04T02:36:13,80689.49,1.2,1.07,tp,-0.25,-12.4,1.36,-0.1,0.9,496802,1,659.13,37.45,168.07,81001.58,80166.37,80761.74,79005.59,80808.63,167.96,0.1,green,220.42,red,False,True,129.19,red,green,32.84,red,0.84,16.07,-28.08,28.64,green,red,35,80748.53,80738.53,below,above,below,above,below,6.497,75.9,53.4,10.0,659.55,40.51,169.14,80998.01,80166.37,80750.77,79005.59,80802.22,169.14,0.1,green,220.42,red,False,True,129.19,red,red,48.61,red,0.0,-57.82,-44.37,0.26,green,red,36,80685.4,80675.4,below,above,below,above,below,6.502,75.9,43.5,10.0,80814.76,80689.49,,
1049398754,BUY,0.01,2026-09-04T02:40:02,80857.09,2026-09-04T02:49:36,80667.68,9.6,-1.8900000000000001,sl,-2.03,-203.0,0.0,9.0,-0.0,496802,1,660.1,46.19,169.14,80991.24,80166.37,80775.49,79005.59,80805.6,169.02,0.1,green,220.42,red,False,True,129.19,red,green,54.24,green,0.0,31.65,31.96,3.58,green,green,40,80855.09,80845.09,below,above,above,above,above,6.488,75.9,70.5,10.0,661.07,43.77,167.25,80968.37,80166.37,80739.87,79005.59,80780.38,167.25,0.1,green,220.42,red,False,True,129.19,green,red,6.16,red,1.68,9.54,0.03,26.73,red,red,49,80685.67,80675.67,below,above,below,above,below,6.502,75.9,45.2,10.0,80667.68,80999.15,,
1049403228,BUY,0.02,2026-09-04T03:01:01,80900.85,2026-09-04T03:11:57,80900.42,10.9,-0.01,sl,-0.66,-33.0,2.95,3.0,5.0,496803,1,625.98,38.47,167.25,80947.57,80229.88,80783.56,79077.28,80783.99,167.1,140.15,red,179.46,green,False,True,0.0,green,green,50.11,green,3.42,45.96,29.69,0.56,green,green,1,80903.74,80893.74,below,above,above,above,above,6.484,70.7,92.1,10.0,637.02,54.67,167.24,80946.42,80229.88,80879.41,79077.28,80833.93,167.24,140.15,red,179.46,green,False,True,0.0,green,green,11.24,red,3.41,-20.19,13.87,8.03,green,red,12,80910.42,80900.42,below,above,above,above,above,6.484,70.7,62.0,10.0,80654.12,81107.98,,
1049405888,BUY,0.03,2026-09-04T03:13:43,80934.87,2026-09-04T03:25:04,80871.53,11.3,-1.9,sl,-2.37,-78.9,0.4,11.3,9.3,496803,1,637.02,56.36,167.24,80945.9,80229.88,80886.99,79077.28,80840.63,166.78,140.15,red,179.46,green,False,True,0.0,green,green,21.01,green,28.05,-16.17,-27.19,1.86,green,red,13,80929.57,80919.57,below,above,above,above,above,6.482,70.7,59.2,10.0,637.02,38.05,165.34,80942.08,80229.88,80903.47,79077.28,80867.59,165.34,140.15,red,179.46,green,False,True,0.0,green,red,2.91,red,18.47,-19.92,14.2,0.0,green,red,25,80865.98,80855.98,below,above,below,above,below,6.488,70.7,42.0,10.0,80873.23,80981.1,,
1049408125,SELL,0.04,2026-09-04T03:26:02,80834.76,2026-09-04T03:48:02,80950.79000000001,22.0,-4.64,sl,-4.46,-111.4,2.01,22.0,9.0,496803,2,637.24,36.42,165.34,80940.73,80229.88,80894.49,79077.28,80865.24,165.14,140.15,red,179.46,red,False,True,0.0,green,red,89.35,red,0.04,-3.74,-71.75,0.0,green,red,26,80837.88,80827.88,below,above,below,above,below,6.49,70.7,33.7,10.0,640.34,44.58,159.5,80923.85,80229.88,80869.94,79077.28,80860.9,159.5,140.15,red,179.46,green,False,True,0.0,green,green,34.03,green,5.87,38.89,41.13,5.36,green,green,48,80949.63,80939.63,above,above,above,above,above,6.481,70.7,70.9,10.0,80948.32,80729.1,,
1049408127,SELL,0.01,2026-09-04T03:26:03,80831.48,2026-09-04T03:48:02,80950.79000000001,22.0,-1.2,sl,-1.15,-114.7,0.47,21.9,8.9,496803,2,637.24,36.42,165.34,80940.73,80229.88,80894.49,79077.28,80865.24,165.14,140.15,red,179.46,red,False,True,0.0,green,red,89.35,red,0.04,-3.74,-71.75,0.0,green,red,26,80837.88,80827.88,below,above,below,above,below,6.49,70.7,33.7,10.0,640.34,44.58,159.5,80923.85,80229.88,80869.94,79077.28,80860.9,159.5,140.15,red,179.46,green,False,True,0.0,green,green,34.03,green,5.87,38.89,41.13,5.36,green,green,48,80949.63,80939.63,above,above,above,above,above,6.481,70.7,70.9,10.0,80948.32,80749.59,,
1049461154,SELL,0.01,2026-09-04T06:37:01,80606.14,2026-09-04T06:38:57,80722.0,1.9,-1.16,sl,-1.08,-108.5,0.29,1.0,-0.0,496806,1,471.27,61.68,159.5,80943.06,80421.17,80759.42,79290.85,80855.59,159.62,93.84,red,132.4,red,False,False,72.31,red,red,105.73,red,65.47,2.06,-92.44,0.0,red,red,37,80594.12,80584.12,below,above,below,above,below,6.047,43.6,15.1,10.0,471.27,63.17,158.34,80941.19,80421.17,80758.7,79290.85,80851.61,158.34,93.84,red,132.4,red,False,False,72.31,red,green,12.43,green,35.8,-96.72,26.25,0.0,red,green,39,80724.62,80714.62,below,above,below,above,below,6.037,43.6,37.1,10.0,80722.0,80519.24,,
1049462728,BUY,0.02,2026-09-04T06:40:01,80749.51,2026-09-04T06:49:19,80742.33,9.3,-0.14,sl,-0.39,-19.3,1.95,-0.0,5.0,496806,1,471.27,59.63,158.34,80937.11,80421.17,80754.56,79290.85,80842.68,158.29,93.84,red,132.4,red,False,False,72.31,red,green,25.66,green,8.83,30.41,70.7,16.11,green,green,40,80756.75,80746.75,below,above,below,above,below,6.034,43.6,48.7,10.0,471.27,52.54,158.2,80924.77,80421.17,80775.06,79290.85,80827.45,158.2,93.84,red,132.4,red,False,False,72.31,green,red,3.94,green,8.49,-23.57,-7.64,9.68,green,red,49,80753.21,80743.21,below,above,below,above,below,6.035,43.6,52.6,10.0,80577.05,80865.47,,
1049467437,SELL,0.03,2026-09-04T06:50:01,80752.69,2026-09-04T06:53:13,80758.16,3.2,-0.16,sl,-0.05,-1.7,2.31,-0.0,2.0,496806,1,471.27,41.43,158.2,80923.1,80421.17,80773.12,79290.85,80824.61,157.99,93.84,red,132.4,red,False,False,72.31,green,red,20.24,red,18.47,-10.36,-26.96,0.0,red,green,50,80759.53,80749.53,below,above,below,above,below,6.034,43.6,69.6,10.0,471.27,37.18,158.04,80917.11,80421.17,80759.92,79290.85,80812.82,158.04,93.84,red,132.4,red,False,False,72.31,green,red,26.19,green,28.42,3.13,-26.91,0.0,red,red,53,80758.16,80748.16,below,above,below,above,below,6.034,43.6,52.6,10.0,80846.89,80675.39,,
1049468889,BUY,0.04,2026-09-04T06:55:02,80775.39,2026-09-04T07:00:49,80831.01,5.8,2.22,manual,-2.05,-51.3,2.42,2.0,5.0,496806,1,471.27,31.54,158.04,80913.96,80421.17,80759.46,79290.85,80808.58,157.02,93.84,red,132.4,red,False,False,72.31,green,red,13.42,green,12.63,19.28,11.05,6.5,green,red,55,80760.09,80750.09,below,above,below,above,below,6.034,43.6,40.8,10.0,453.39,37.21,160.26,80907.38,80455.62,80768.35,79349.48,80803.39,160.26,194.94,red,232.1,green,False,True,108.73,red,green,15.76,green,12.17,17.4,18.14,2.43,green,green,0,80843.82,80833.82,below,above,above,above,above,6.028,46.6,55.5,10.0,80675.64,80851.74,,
1049471715,BUY,0.01,2026-09-04T07:01:01,80835.92,2026-09-04T07:16:22,80833.34,15.3,-0.03,sl,-0.33,-33.1,1.12,1.0,12.0,496807,1,453.96,36.47,160.26,80906.7,80455.62,80775.09,79349.48,80804.81,160.22,194.94,red,232.1,green,False,True,108.73,red,green,59.84,green,21.59,56.36,5.29,0.0,green,green,1,80842.08,80832.08,below,above,above,above,above,6.028,46.6,61.8,10.0,461.38,47.07,160.23,80903.01,80455.62,80860.53,79349.48,80839.86,160.23,194.94,red,232.1,green,False,True,108.73,green,red,40.95,red,16.11,-30.86,-53.22,2.21,green,red,16,80833.98,80823.98,below,above,below,above,below,6.029,46.6,51.0,10.0,80724.13,80951.49,,
1049481170,BUY,0.02,2026-09-04T07:17:13,80889.47,2026-09-04T07:20:21,80940.93,3.1,0.96,tp,-0.78,-39.1,1.04,-0.2,2.8,496807,1,461.38,47.03,160.23,80903.09,80455.62,80865.12,79349.48,80842.63,159.99,194.94,red,232.1,green,False,True,108.73,green,red,10.95,red,36.81,-28.88,-30.57,13.2,green,red,17,80887.42,80877.42,below,above,above,above,above,6.025,46.6,57.9,10.0,461.38,43.39,161.19,80903.24,80455.62,80876.69,79349.48,80850.02,161.19,194.94,red,232.1,green,False,True,108.73,green,green,29.52,green,1.74,8.44,11.59,0.0,red,green,20,80951.66,80941.66,above,above,above,above,above,6.02,46.6,67.9,10.0,80821.76,80940.93,,
1049484796,SELL,0.02,2026-09-04T07:27:03,80819.23,2026-09-04T07:46:48,80719.21,19.8,1.92,tp,-1.57,-78.7,2.37,3.0,18.9,496807,1,461.85,35.53,161.19,80898.56,80455.62,80854.53,79349.48,80845.9,160.98,194.94,red,232.1,green,False,True,108.73,green,red,21.26,red,1.38,-8.59,-7.59,0.9,red,red,27,80829.5,80819.5,below,above,below,above,below,6.029,46.6,25.3,10.0,466.09,36.08,163.11,80880.8,80455.62,80785.78,79349.48,80815.35,163.11,194.94,red,232.1,red,False,True,108.73,red,red,26.6,red,22.26,6.55,-38.32,15.78,red,red,46,80710.88,80700.88,below,above,below,above,below,6.038,46.6,12.8,10.0,80954.43,80719.21,,
1049507324,SELL,0.04,2026-09-04T07:57:01,80657.7,2026-09-04T08:02:25,80659.0,5.4,-0.05,sl,-1.84,-46.1,2.04,4.0,5.0,496807,1,470.04,42.17,163.11,80862.53,80455.62,80727.89,79349.48,80775.38,163.2,194.94,red,232.1,red,False,True,108.73,red,red,12.94,red,28.47,6.17,-22.1,11.43,red,red,57,80655.51,80645.51,below,above,below,above,below,6.042,46.6,29.5,10.0,444.75,45.49,163.06,80852.27,80474.08,80698.13,79400.33,80753.08,163.06,132.59,red,23.37,green,False,False,172.58,red,green,72.91,red,14.41,0.67,-37.26,5.48,red,green,2,80659.0,80649.0,below,above,below,above,below,6.042,42.9,37.2,10.0,80733.04,80601.2,,
1049511591,SELL,0.05,2026-09-04T08:04:01,80623.06,2026-09-04T08:05:30,80563.5,1.5,2.9699999999999998,tp,-0.85,-17.1,3.8,-0.0,1.0,496808,1,444.75,47.32,163.06,80848.04,80474.08,80686.89,79400.33,80744.21,162.77,132.59,red,23.37,red,False,False,172.58,red,red,53.99,red,0.0,-9.32,18.37,0.0,red,red,4,80628.77,80618.77,below,above,below,above,below,6.044,42.9,39.4,10.0,449.0,51.13,166.03,80845.09,80474.08,80673.95,79400.33,80736.66,166.03,132.59,red,23.37,red,False,False,172.58,red,red,1.46,red,11.97,-38.88,-13.93,15.61,red,red,5,80557.15,80547.15,below,above,below,above,below,6.049,42.9,31.7,10.0,80703.78,80563.5,,
1049550384,SELL,0.01,2026-09-04T09:11:02,81081.98,2026-09-04T09:16:37,81229.19,5.6,-1.47,sl,-1.37,-137.2,0.27,5.0,2.0,496809,1,455.69,47.66,166.03,80930.31,80536.56,81116.52,79468.27,81054.26,165.85,482.73,green,169.55,red,True,True,94.95,green,red,40.34,red,0.56,7.28,-2.81,12.55,red,red,11,81099.6,81089.6,above,above,below,above,above,6.009,47.9,44.1,10.0,456.87,59.78,164.56,80939.89,80536.56,81121.14,79468.27,81067.43,164.56,482.73,green,169.55,green,True,True,94.95,red,green,42.96,green,1.25,28.73,3.81,8.75,red,green,16,81217.89,81207.89,above,above,above,above,above,6.0,47.9,50.9,10.0,81224.12,80959.17,,
1049555729,BUY,0.02,2026-09-04T09:17:03,81261.15000000001,2026-09-04T09:20:47,81055.48,3.7,-4.11,sl,-4.33,-216.6,0.84,3.0,0.9,496809,1,461.83,64.22,164.56,80943.49,80536.56,81137.68,79468.27,81076.53,163.81,482.73,green,169.55,green,True,True,94.95,red,green,174.09,green,0.0,172.77,45.05,6.59,red,green,17,81233.29,81223.29,above,above,above,above,above,5.999,47.9,54.6,10.0,463.31,81.15,160.45,80950.4,80536.56,81146.32,79468.27,81087.9,160.45,482.73,green,169.55,red,True,True,94.95,red,red,121.55,red,0.0,-17.46,-66.56,3.22,green,red,20,81058.52,81048.52,above,above,below,above,below,6.012,47.9,43.5,10.0,81055.48,81441.82,,
1049560090,SELL,0.03,2026-09-04T09:22:02,80995.11,2026-09-04T10:32:12,80995.11,70.2,0.0,sl,-6.42,-214.2,5.49,18.0,62.0,496809,1,467.82,82.03,160.45,80951.48,80536.56,81120.01,79468.27,81081.35,160.52,482.73,green,169.55,red,True,True,94.95,red,red,76.26,red,15.62,-95.33,-60.38,18.47,green,red,22,80992.64,80982.64,above,above,below,above,below,6.017,47.9,42.7,10.0,465.34,49.27,160.45,80973.65,80584.15,80912.38,79529.7,80959.27,160.45,97.82,red,124.12,red,True,False,169.27,red,green,37.13,green,7.21,21.19,22.25,14.96,green,green,32,81002.49,80992.49,above,above,above,above,above,6.016,36.2,74.1,10.0,81303.25,80717.0,,
1049594229,BUY,0.04,2026-09-04T10:33:01,81026.37,2026-09-04T10:41:05,81024.46,8.1,-0.07,sl,-3.18,-79.6,3.34,1.0,7.0,496810,1,465.34,51.13,160.45,80973.98,80584.15,80921.29,79529.7,80961.1,159.53,97.82,red,124.12,red,True,False,169.27,red,green,46.2,green,3.64,65.1,38.81,35.75,green,green,33,81013.14,81003.14,above,above,above,above,above,6.015,36.2,74.9,10.0,465.34,55.2,160.38,80977.57,80584.15,80979.83,79529.7,80978.11,160.38,97.82,red,124.12,red,True,False,169.27,red,green,39.6,red,2.11,27.22,-12.28,26.23,green,red,41,81034.46,81024.46,above,above,above,above,above,6.014,36.2,66.7,10.0,80811.97,81198.73,,
1049598901,SELL,0.05,2026-09-04T10:43:01,81042.96,2026-09-04T10:48:26,81109.81,5.4,-3.34,sl,-2.9,-58.1,1.36,5.0,-0.0,496810,1,465.34,52.26,160.38,80978.94,80584.15,80991.81,79529.7,80983.38,159.88,97.82,red,124.12,green,True,False,169.27,red,green,30.06,red,0.01,17.9,-1.14,17.37,green,red,43,81052.95,81042.95,above,above,above,above,above,5.977,36.2,62.7,10.0,465.34,44.39,157.04,80983.47,80584.15,81023.57,79529.7,80999.25,157.19,97.82,red,124.12,green,True,False,169.27,green,green,6.06,green,17.62,-0.9,33.18,3.15,red,green,48,81111.06,81101.06,above,above,above,above,above,5.896,36.2,70.7,10.0,81109.81,80982.01,,
1049600432,BUY,0.01,2026-09-04T10:47:01,81086.11,2026-09-04T10:48:54,81085.49,1.9,-0.01,sl,-0.28,-28.2,0.25,-0.0,1.0,496810,2,465.34,43.25,160.38,80982.19,80584.15,81014.93,79529.7,80994.9,158.11,97.82,red,124.12,green,True,False,169.27,green,green,48.01,green,0.83,17.44,1.8,12.07,red,green,47,81086.58,81076.58,above,above,above,above,above,5.931,36.2,63.0,10.0,465.34,45.11,157.03,80983.31,80584.15,81022.1,79529.7,80998.65,157.03,97.82,red,124.12,green,True,False,169.27,green,green,6.06,green,17.62,-0.9,33.18,3.15,red,green,48,81095.72,81085.72,above,above,above,above,above,5.898,36.2,69.5,10.0,81022.95,81132.5,,
1049970582,BUY,0.01,2026-09-04T15:25:02,79312.63,2026-09-04T15:25:38,79330.05,0.6,0.17,sl,-0.1,-10.0,0.41,-0.0,-0.0,496815,1,607.69,54.84,157.03,79571.91,80312.38,79182.27,79609.62,79145.97,157.04,471.72,red,258.48,green,False,True,204.83,green,green,101.34,green,0.13,68.59,2.2,0.0,green,green,25,79324.18,79314.18,below,below,above,below,above,4.628,23.3,75.6,10.0,610.47,57.63,157.2,79571.99,80312.38,79183.06,79609.62,79146.29,157.2,471.72,red,258.48,green,False,True,204.83,green,green,101.34,green,0.13,68.59,2.2,0.0,green,green,25,79332.52,79322.52,below,below,above,below,above,4.628,23.3,76.1,10.0,79202.02,79400.89,,
1049971276,BUY,0.02,2026-09-04T15:26:01,79344.96,2026-09-04T15:26:43,79359.81,0.7,0.3,sl,-0.22,-10.8,1.03,-0.0,-0.0,496815,1,610.47,54.0,157.2,79569.79,80312.38,79199.11,79609.62,79154.37,157.15,471.72,red,258.48,green,False,True,204.83,green,green,26.69,green,3.03,47.51,98.41,20.85,green,green,26,79352.69,79342.69,below,below,above,below,above,4.627,23.3,75.6,10.0,613.56,57.84,157.5,79569.92,80312.38,79200.31,79609.62,79154.87,157.5,471.72,red,258.48,green,False,True,204.83,green,green,26.69,green,3.03,47.51,98.41,20.85,green,green,26,79365.33,79355.33,below,below,above,below,above,4.626,23.3,76.3,10.0,79204.22,79450.52,,
1049972396,BUY,0.03,2026-09-04T15:27:59,79372.25,2026-09-04T15:28:52,79424.87,0.9,1.54,tp,-1.6,-53.4,1.6,-1.0,0.0,496815,1,613.56,52.54,157.5,79565.72,80312.38,79228.84,79609.62,79170.52,156.71,471.72,red,258.48,green,False,True,204.83,green,green,0.99,red,43.4,-22.81,-15.31,10.4,green,green,28,79356.16,79346.16,below,below,above,below,above,4.626,23.3,70.3,10.0,615.65,57.14,159.04,79566.52,80312.38,79236.41,79609.62,79173.64,159.04,471.72,red,258.48,green,False,True,204.83,green,green,0.99,red,43.4,-22.81,-15.31,10.4,green,green,28,79435.66,79425.66,below,below,above,below,above,4.622,23.3,77.8,10.0,79302.63,79424.87,,
1049977355,BUY,0.01,2026-09-04T15:38:02,79506.08,2026-09-04T15:46:23,79522.87,8.3,0.17,sl,-0.61,-60.6,0.57,1.0,7.0,496815,1,621.43,60.89,159.04,79552.22,80312.38,79356.66,79609.62,79254.77,159.05,471.72,red,258.48,green,False,True,204.83,green,green,44.03,green,5.48,14.71,13.55,17.22,red,green,38,79516.54,79506.54,below,below,above,below,above,4.617,23.3,75.6,10.0,625.45,57.17,159.21,79550.09,80312.38,79449.82,79609.62,79328.84,159.21,471.72,red,258.48,green,False,True,204.83,green,red,20.05,green,26.88,24.68,-10.43,17.59,red,red,46,79521.89,79511.89,below,below,above,below,above,4.617,23.3,63.1,10.0,79352.17,79621.51,,
1049982166,BUY,0.02,2026-09-04T15:49:02,79529.37,2026-09-04T15:49:21,79424.28,0.3,-2.1,sl,-2.19,-109.6,0.0,-0.0,-0.0,496815,1,625.45,54.8,159.21,79548.51,80312.38,79461.88,79609.62,79347.37,158.45,471.72,red,258.48,green,False,True,204.83,green,red,40.74,green,16.03,11.69,30.32,0.0,red,red,49,79501.6,79491.6,below,below,above,below,above,4.618,23.3,59.7,10.0,625.45,59.92,157.11,79547.79,80312.38,79455.04,79609.62,79344.56,157.11,471.72,red,258.48,green,False,True,204.83,green,red,40.74,green,16.03,11.69,30.32,0.0,red,red,49,79429.8,79419.8,below,below,below,below,above,4.622,23.3,49.9,10.0,79432.99,79601.44,,
1049982582,SELL,0.03,2026-09-04T15:50:02,79398.77,2026-09-04T16:08:18,79522.90000000001,18.3,-3.73,sl,-3.42,-114.1,0.97,18.0,10.0,496815,1,625.45,58.63,157.11,79545.99,80312.38,79446.82,79609.62,79345.38,157.2,471.72,red,258.48,green,False,True,204.83,green,red,118.1,red,13.25,-0.71,-75.41,0.12,red,red,50,79395.62,79385.62,below,below,below,below,above,4.624,23.3,44.3,10.0,613.07,52.42,153.38,79529.47,80227.86,79446.22,79602.72,79396.53,153.38,538.3,green,123.19,green,False,False,135.21,red,green,55.44,green,30.93,22.7,-0.94,2.56,red,green,8,79522.9,79512.9,below,below,above,below,above,4.617,32.6,58.1,10.0,79519.37,79294.84,,
1049992153,BUY,0.01,2026-09-04T16:14:02,79508.21,2026-09-04T16:32:40,79638.42,18.6,1.3,tp,-0.74,-73.9,1.32,2.0,18.0,496816,1,613.91,49.11,153.38,79526.27,80227.86,79460.12,79602.72,79413.28,153.07,538.3,green,123.19,green,False,False,135.21,red,green,27.86,green,13.36,23.46,9.06,2.44,green,green,14,79486.76,79476.76,below,below,above,below,above,4.619,32.6,61.9,10.0,622.18,45.14,154.68,79524.05,80227.86,79520.0,79602.72,79467.55,155.28,538.3,green,123.19,green,False,False,135.21,green,green,29.1,green,0.0,5.58,5.34,10.5,green,green,32,79650.02,79640.02,above,below,above,above,above,4.609,32.6,77.1,10.0,79366.56,79638.42,,
1049999603,BUY,0.04,2026-09-04T16:32:25,79625.1,2026-09-04T16:33:35,79773.28,1.2,5.93,manual,-2.42,-60.4,8.09,-0.4,0.6,496816,2,620.86,43.81,153.38,79523.86,80227.86,79518.18,79602.72,79466.8,154.35,538.3,green,123.19,green,False,False,135.21,green,green,29.1,green,0.0,5.58,5.34,10.5,green,green,32,79630.9,79620.9,above,below,above,above,above,4.61,32.6,75.6,10.0,635.53,56.23,160.61,79526.78,80227.86,79546.21,79602.72,79480.44,160.61,538.3,green,123.19,green,False,False,135.21,green,green,98.1,green,0.25,91.66,30.2,2.71,green,green,33,79784.38,79774.38,above,below,above,above,above,4.602,32.6,84.7,10.0,79366.56,79834.64,,
1050009057,SELL,0.01,2026-09-04T17:02:02,79686.28,2026-09-04T17:15:06,79589.24,13.1,0.97,tp,-0.44,-44.1,1.66,3.0,13.0,496817,1,626.96,50.27,160.61,79587.07,80182.22,79744.62,79608.51,79675.34,160.38,320.54,green,61.41,red,True,False,132.86,red,red,38.47,red,14.83,-36.5,-35.68,0.0,green,red,2,79708.72,79698.72,above,below,below,above,above,4.606,38.2,31.9,10.0,637.74,48.23,161.58,79596.79,80182.22,79682.22,79608.51,79670.94,161.58,320.54,green,61.41,red,True,False,132.86,red,red,67.53,red,2.87,-23.85,-70.34,6.58,red,red,15,79557.96,79547.96,below,below,below,below,below,4.615,38.2,28.6,10.0,79816.63,79589.24,,
1050022573,SELL,0.01,2026-09-04T17:34:02,79506.66,2026-09-04T17:36:49,79495.39,2.8,0.12,sl,-0.14,-14.1,0.47,1.0,2.0,496817,1,639.19,42.61,161.58,79591.65,80182.22,79572.4,79608.51,79613.22,161.48,320.54,green,61.41,red,True,False,132.86,red,red,18.69,red,2.61,-12.14,0.7,17.83,red,red,34,79517.18,79507.18,below,below,below,below,below,4.617,38.2,33.4,10.0,642.07,42.35,161.7,79589.69,80182.22,79557.53,79608.51,79603.78,161.7,320.54,green,61.41,red,True,False,132.86,red,red,7.58,red,18.42,7.1,-14.26,7.77,red,red,36,79482.43,79472.43,below,below,below,below,below,4.619,38.2,28.6,10.0,79575.48,79448.8,,
1050024183,SELL,0.02,2026-09-04T17:37:37,79459.75,2026-09-04T17:38:07,79526.54000000001,0.5,-1.33,sl,-1.17,-58.4,0.01,0.4,-0.6,496817,1,642.07,38.9,161.7,79588.59,80182.22,79549.98,79608.51,79598.87,161.2,320.54,green,61.41,red,True,False,132.86,red,red,29.5,red,16.92,-12.87,-27.82,2.3,red,red,37,79484.94,79474.94,below,below,below,below,below,4.619,38.2,33.2,10.0,642.07,39.0,160.37,79588.24,80182.22,79549.91,79608.51,79596.95,160.37,320.54,green,61.41,red,True,False,132.86,red,green,34.27,green,15.83,1.4,0.02,0.0,red,green,38,79528.11,79518.11,below,below,below,below,below,4.616,38.2,39.1,10.0,79520.77,79414.02,,
1050024796,BUY,0.03,2026-09-04T17:39:01,79584.28,2026-09-04T17:42:49,79457.5,3.8,-3.8,sl,-4.28,-142.6,0.12,3.0,-0.0,496817,1,642.07,39.49,160.37,79588.56,80182.22,79556.13,79608.51,79597.77,159.99,320.54,green,61.41,red,True,False,132.86,red,green,60.73,green,0.0,65.05,46.44,7.98,red,green,39,79581.64,79571.64,below,below,above,below,below,4.613,38.2,50.7,10.0,643.32,47.89,156.57,79585.73,80182.22,79539.1,79608.51,79585.84,156.57,320.54,green,61.41,red,True,False,132.86,red,red,1.64,green,17.64,-7.66,-15.2,30.4,green,red,42,79451.7,79441.7,below,below,below,below,below,4.621,38.2,37.1,10.0,79459.2,79692.67,,
1050027030,SELL,0.01,2026-09-04T17:43:03,79450.7,2026-09-04T17:54:13,79432.21,11.2,0.19,sl,-0.71,-71.5,0.69,6.0,9.9,496817,2,644.42,47.2,156.57,79584.31,80182.22,79529.78,79608.51,79580.17,156.74,320.54,green,61.41,red,True,False,132.86,red,red,79.5,red,18.95,-28.16,-77.62,0.69,green,red,43,79447.95,79437.95,below,below,below,below,below,4.621,38.2,41.1,10.0,647.62,47.82,156.76,79571.38,80182.22,79477.38,79608.51,79536.4,157.27,320.54,green,61.41,red,True,False,132.86,red,red,1.75,green,31.45,-16.4,-14.38,4.52,red,red,54,79438.63,79428.63,below,below,below,below,below,4.622,38.2,34.1,10.0,79588.34,79350.41,,
1050027020,SELL,0.04,2026-09-04T17:43:01,79451.52,2026-09-04T18:01:14,79588.34,18.2,-5.47,sl,-5.15,-128.8,2.8,18.0,10.0,496817,2,644.42,47.2,156.57,79584.31,80182.22,79529.78,79608.51,79580.17,156.74,320.54,green,61.41,red,True,False,132.86,red,red,79.5,red,18.95,-28.16,-77.62,0.69,green,red,43,79447.95,79437.95,below,below,below,below,below,4.621,38.2,41.1,10.0,620.83,45.66,151.29,79567.63,80114.58,79498.74,79603.03,79531.69,151.29,280.51,red,90.06,green,False,False,8.49,red,green,76.54,green,0.0,18.97,9.48,1.04,green,green,1,79590.37,79580.37,above,below,above,below,above,4.613,36.0,64.6,10.0,79588.34,79320.46,,
1050106826,SELL,0.01,2026-09-05T13:00:02,79715.1,2026-09-05T13:13:09,79709.97,13.1,0.05,sl,-0.06,-6.3,0.46,1.0,12.0,496837,1,128.16,21.58,151.29,79665.11,79708.13,79723.22,79620.62,79701.37,151.2,88.22,green,3.66,green,True,False,72.09,red,green,14.98,red,4.66,-21.16,-18.72,0.0,red,green,0,79724.27,79714.27,above,above,below,above,above,1.569,54.1,38.8,10.0,131.27,16.37,151.34,79669.18,79708.13,79703.53,79620.62,79699.91,151.34,88.22,green,3.66,red,True,False,72.09,red,red,7.35,red,11.93,-0.05,-2.78,0.0,red,green,13,79709.97,79699.97,above,below,above,above,above,1.569,54.1,46.5,10.0,79767.51,79660.62,,
1050108562,SELL,0.02,2026-09-05T13:37:10,79700.93000000001,2026-09-05T13:40:19,79717.56,3.1,-0.33,sl,-0.15,-7.4,0.74,-0.2,1.8,496837,1,134.58,17.52,151.34,79682.25,79708.13,79727.63,79620.62,79719.0,151.14,88.22,green,3.66,red,True,False,72.09,green,red,15.72,red,6.97,-1.05,-21.03,9.78,red,red,37,79710.89,79700.89,above,below,below,above,below,1.569,54.1,28.9,10.0,134.92,21.03,151.01,79682.06,79708.13,79714.83,79620.62,79714.22,151.01,88.22,green,3.66,red,True,False,72.09,green,red,5.71,red,7.0,-2.86,-9.82,0.08,red,green,40,79715.91,79705.91,above,above,below,above,below,1.569,54.1,36.2,10.0,79767.67,79650.87,,
1050108847,BUY,0.03,2026-09-05T13:41:02,79734.23,2026-09-05T13:42:36,79664.08,1.6,-2.11,sl,-2.3,-76.8,0.0,1.0,-0.0,496837,1,134.92,21.57,151.01,79682.66,79708.13,79717.31,79620.62,79715.3,150.7,88.22,green,3.66,green,True,False,72.09,green,red,53.25,green,1.69,47.88,5.37,0.36,red,green,41,79734.12,79724.12,above,above,above,above,above,1.569,54.1,43.9,10.0,135.4,25.91,148.9,79682.04,79708.13,79708.37,79620.62,79711.63,148.9,88.22,green,3.66,red,True,False,72.09,green,red,37.69,red,0.0,-0.41,17.2,0.0,red,red,42,79667.42,79657.42,below,below,below,above,below,1.57,54.1,33.0,10.0,79664.08,79787.81,,
1050108990,SELL,0.04,2026-09-05T13:43:01,79650.36,2026-09-05T13:50:34,79588.88,7.5,2.45,tp,-2.01,-50.2,4.14,5.0,7.0,496837,1,135.97,25.64,148.9,79681.65,79708.13,79702.15,79620.62,79708.92,148.53,88.22,green,3.66,red,True,False,72.09,green,red,36.39,red,0.21,-37.72,-36.63,0.0,red,red,43,79659.5,79649.5,below,below,below,above,below,1.57,54.1,30.7,10.0,143.29,31.53,151.35,79681.03,79708.13,79684.83,79620.62,79699.61,151.35,88.22,green,3.66,red,True,False,72.09,red,red,2.32,green,4.66,-0.11,-0.39,0.99,green,red,50,79575.47,79565.47,below,below,below,below,below,1.572,54.1,30.3,10.0,79724.34,79588.88,,
1050109976,SELL,0.01,2026-09-05T13:51:01,79577.33,2026-09-05T14:10:10,79700.61,19.1,-1.24,sl,-1.2,-120.5,0.01,19.0,-0.0,496837,1,143.29,30.28,151.35,79680.11,79708.13,79675.78,79620.62,79695.31,151.16,88.22,green,3.66,red,True,False,72.09,red,red,131.11,red,22.4,-0.09,-145.63,0.0,green,red,51,79596.36,79586.36,below,below,below,below,below,1.572,54.1,37.2,10.0,136.87,19.96,150.11,79675.23,79699.68,79664.23,79620.65,79674.08,150.11,89.43,red,72.68,green,False,True,58.66,red,green,5.57,red,0.0,-3.13,14.13,0.0,green,green,10,79707.8,79697.8,above,above,above,above,above,1.569,47.0,72.3,10.0,79700.61,79484.87,,
1050111955,BUY,0.02,2026-09-05T14:27:01,79737.02,2026-09-05T16:07:55,79750.53,100.9,0.27,sl,-1.24,-62.1,2.23,52.0,96.0,496838,1,139.09,13.47,150.11,79676.34,79699.68,79683.24,79620.65,79678.96,149.91,89.43,red,72.68,green,False,True,58.66,green,green,43.45,green,0.0,46.85,6.03,1.85,red,green,27,79736.98,79726.98,above,above,above,above,above,1.569,47.0,72.8,10.0,135.47,24.98,150.38,79719.6,79709.45,79787.59,79630.76,79761.74,150.38,83.06,green,36.43,red,True,False,35.37,green,red,7.26,green,4.11,-24.9,-1.69,1.39,green,red,7,79763.76,79753.76,above,above,below,above,below,0.629,65.2,48.6,10.0,79575.98,79873.06,,
1050117223,BUY,0.03,2026-09-05T16:11:13,79813.84,2026-09-05T16:21:54,79861.32,10.7,1.42,tp,-1.56,-51.9,1.44,1.8,9.8,496840,1,135.47,24.19,150.38,79722.4,79709.45,79789.04,79630.76,79766.13,150.0,83.06,green,36.43,green,True,False,35.37,green,green,9.83,green,0.0,2.89,12.15,0.0,red,green,11,79811.28,79801.28,above,above,above,above,above,0.629,65.2,52.1,10.0,136.39,25.41,151.8,79730.22,79709.45,79802.58,79630.76,79779.42,151.8,83.06,green,36.43,green,True,False,35.37,red,green,34.85,green,5.43,32.39,4.76,0.02,green,green,21,79871.7,79861.7,above,above,above,above,above,0.628,65.2,74.8,10.0,79750.53,79861.32,,
1050118115,BUY,0.01,2026-09-05T16:22:01,79864.81,2026-09-05T16:27:20,79873.94,5.3,0.09,sl,-0.21,-21.0,0.43,1.0,4.0,496840,1,136.39,23.81,151.8,79731.42,79709.45,79807.2,79630.76,79782.23,151.7,83.06,green,36.43,green,True,False,35.37,red,green,12.9,green,13.84,17.68,26.42,4.82,green,green,22,79865.49,79855.49,above,above,above,above,above,0.628,65.2,70.4,10.0,139.71,25.91,151.89,79737.97,79709.45,79830.87,79630.76,79797.48,151.89,83.06,green,36.43,green,True,False,35.37,red,green,30.7,green,1.15,46.67,4.89,18.96,green,green,27,79881.73,79871.73,above,above,above,above,above,0.659,65.2,75.2,10.0,79771.6,79939.69,,
1050119365,BUY,0.02,2026-09-05T16:30:02,79897.0,2026-09-05T16:30:33,79950.4,0.5,1.07,tp,-0.23,-11.5,1.5,-0.0,-0.0,496840,1,139.71,29.39,151.89,79741.73,79709.45,79840.39,79630.76,79805.23,151.66,83.06,green,36.43,green,True,False,35.37,green,green,37.77,green,4.15,51.97,11.09,16.57,green,green,30,79895.48,79885.48,above,above,above,above,above,0.659,65.2,67.8,10.0,144.26,35.41,152.96,79742.19,79709.45,79844.8,79630.76,79807.04,152.96,83.06,green,36.43,green,True,False,35.37,green,green,37.77,green,4.15,51.97,11.09,16.57,green,green,30,79941.69,79931.69,above,above,above,above,above,0.738,65.2,73.1,10.0,79826.97,79950.4,,
1050119927,BUY,0.01,2026-09-05T16:31:02,79932.45,2026-09-05T16:31:57,79945.39,0.9,0.13,sl,-0.21,-20.9,0.37,-0.0,-0.0,496840,1,144.26,34.44,152.96,79743.78,79709.45,79850.3,79630.76,79810.76,152.77,83.06,green,36.43,green,True,False,35.37,green,green,35.16,green,0.0,69.84,41.93,51.24,green,green,31,79922.6,79912.6,above,above,above,above,above,0.739,65.2,74.6,10.0,144.26,37.77,153.09,79744.11,79709.45,79853.42,79630.76,79812.05,153.09,83.06,green,36.43,green,True,False,35.37,green,green,35.16,green,0.0,69.84,41.93,51.24,green,green,31,79955.39,79945.39,above,above,above,above,above,0.738,65.2,79.0,10.0,79826.97,80008.32,,
1050120133,BUY,0.02,2026-09-05T16:32:02,79963.06,2026-09-05T16:35:04,79977.99,3.0,0.3,sl,-1.35,-67.5,0.81,1.0,2.0,496840,1,144.26,36.16,153.09,79746.31,79709.45,79864.01,79630.76,79818.06,152.9,83.06,green,36.43,green,True,False,35.37,green,green,36.99,green,9.07,-1.86,26.07,12.41,green,green,32,79963.59,79953.59,above,above,above,above,above,0.738,65.2,77.6,10.0,146.54,42.29,153.39,79752.72,79709.45,79890.12,79630.76,79834.49,153.39,83.06,green,36.43,green,True,False,35.37,green,green,82.4,green,0.0,55.69,16.15,9.68,green,red,35,79990.41,79980.41,above,above,above,above,above,0.778,65.2,67.8,10.0,79885.46,80021.26,,
1050120790,SELL,0.03,2026-09-05T16:36:13,79943.59,2026-09-05T16:49:41,80005.75,13.5,-1.8599999999999999,sl,-1.56,-52.2,0.71,12.8,5.8,496840,1,146.54,45.76,153.39,79754.3,79709.45,79892.5,79630.76,79837.58,153.17,83.06,green,36.43,green,True,False,35.37,green,green,40.39,red,22.21,-11.6,17.88,0.0,green,red,36,79950.99,79940.99,above,above,above,above,above,0.778,65.2,62.5,10.0,146.54,33.06,151.53,79777.75,79709.45,79934.98,79630.76,79882.35,151.53,83.06,green,36.43,green,True,False,35.37,green,green,37.37,green,7.6,29.22,-4.54,21.06,green,green,49,79997.68,79987.68,above,above,above,above,above,0.778,65.2,59.3,10.0,80003.78,79898.45,,
1050122240,BUY,0.04,2026-09-05T16:53:01,80014.48,2026-09-05T16:54:53,80091.55,1.9,3.08,manual,-1.6,-40.1,3.28,-0.0,1.0,496840,1,147.7,35.14,151.53,79786.01,79709.45,79952.7,79630.76,79898.04,150.51,83.06,green,36.43,green,True,False,35.37,green,green,35.31,green,8.93,35.0,-6.34,13.16,green,red,53,79998.94,79988.94,above,above,above,above,above,0.798,65.2,60.9,10.0,153.17,40.58,154.61,79789.27,79709.45,79967.84,79630.76,79906.46,154.61,83.06,green,36.43,green,True,False,35.37,green,green,6.88,green,32.42,-6.25,11.85,0.0,green,green,54,80099.27,80089.27,above,above,above,above,above,0.893,65.2,76.9,10.0,79920.04,80101.12,,
1050122750,BUY,0.01,2026-09-05T16:55:01,80111.89,2026-09-05T16:58:13,80130.85,3.2,0.19,sl,-0.54,-53.6,0.89,1.0,2.0,496840,1,154.23,40.09,154.61,79792.53,79709.45,79981.86,79630.76,79914.67,154.51,83.06,green,36.43,green,True,False,35.37,green,green,93.1,green,8.24,97.68,28.33,7.31,green,red,55,80111.66,80101.66,above,above,above,above,above,0.911,65.2,76.1,10.0,160.6,55.45,154.8,79802.39,79709.45,80019.67,79630.76,79938.65,154.8,83.06,green,36.43,green,True,False,35.37,green,green,46.42,green,0.57,85.56,46.64,48.62,green,green,58,80140.85,80130.85,above,above,above,above,above,1.022,65.2,77.0,10.0,79920.04,80263.57,,
1050125003,BUY,0.02,2026-09-05T17:08:02,80128.55,2026-09-05T17:27:39,80002.61,19.6,-2.52,sl,-3.33,-166.6,0.7,20.0,1.0,496841,1,161.76,70.84,154.8,79826.79,79740.91,80048.8,79646.73,79979.04,154.25,245.69,green,43.89,green,True,False,160.44,green,green,99.09,green,0.62,76.19,8.32,0.13,green,green,8,80110.94,80100.94,above,above,above,above,above,1.022,72.2,49.7,10.0,166.19,40.71,152.28,79870.38,79740.91,80053.17,79646.73,80025.07,152.28,245.69,green,43.89,red,True,False,160.44,green,red,38.21,red,7.9,-15.75,-31.44,0.0,green,red,28,80013.12,80003.12,above,above,below,above,below,1.024,72.2,27.3,10.0,80002.61,80230.35,,
1050128017,SELL,0.03,2026-09-05T17:40:01,80000.59,2026-09-05T18:43:23,79988.67,63.4,0.36,sl,-2.91,-97.1,2.16,13.0,63.0,496841,1,166.19,39.26,152.28,79890.45,79740.91,80043.89,79646.73,80032.77,151.98,245.69,green,43.89,red,True,False,160.44,red,red,24.89,red,0.0,-14.47,-5.99,0.02,red,green,40,80010.62,80000.62,above,above,below,above,below,1.024,72.2,41.1,10.0,170.14,30.27,152.64,79946.89,79771.18,79981.62,79662.99,80000.01,152.64,19.15,green,77.86,red,False,False,104.79,red,green,21.65,red,11.07,-3.6,-30.45,4.39,red,green,43,79988.67,79978.67,above,above,above,above,below,0.938,72.2,55.9,10.0,80163.75,79850.42,,
1050131908,SELL,0.04,2026-09-05T18:50:15,79930.84,2026-09-05T18:57:00,79997.23,6.8,-2.66,sl,-2.26,-56.4,0.23,6.8,-0.2,496842,1,170.14,22.56,152.64,79947.25,79771.18,79966.05,79662.99,79988.18,152.23,19.15,green,77.86,red,False,False,104.79,green,red,2.62,green,5.57,1.19,5.55,0.0,red,red,50,79940.9,79930.9,below,above,below,above,below,0.939,72.2,26.7,10.0,170.4,21.16,149.98,79948.66,79771.18,79967.81,79662.99,79983.39,149.98,19.15,green,77.86,red,False,False,104.79,green,green,28.66,green,0.0,17.68,5.86,0.09,green,green,57,79996.65,79986.65,above,above,above,above,above,0.938,72.2,58.0,10.0,79996.85,79883.22,,
1050132258,BUY,0.01,2026-09-05T18:57:03,79996.65000000001,2026-09-05T19:18:13,79924.99,21.2,-0.72,sl,-0.72,-71.7,0.17,20.9,0.9,496842,1,170.4,21.33,149.98,79948.69,79771.18,79968.09,79662.99,79983.5,149.91,19.15,green,77.86,red,False,False,104.79,green,green,28.66,green,0.0,17.68,5.86,0.09,green,green,57,79999.54,79989.54,above,above,above,above,above,0.938,72.2,59.0,10.0,164.75,19.02,149.26,79949.13,79792.77,79949.73,79676.11,79964.22,149.26,62.81,red,72.4,red,False,True,22.52,red,red,7.17,red,10.9,-8.15,-12.77,1.53,red,red,18,79940.63,79930.63,below,above,below,above,below,0.939,73.8,45.4,10.0,79924.99,80050.39,,
1050137891,BUY,0.02,2026-09-05T20:01:03,79804.32,2026-09-05T20:03:34,79729.07,2.5,-1.51,sl,-1.52,-76.0,0.12,1.9,-0.1,496844,2,172.79,31.13,149.26,79909.61,79789.0,79790.66,79679.1,79841.07,145.81,243.28,red,48.54,green,False,True,5.58,red,green,40.73,green,1.94,30.78,2.0,0.28,red,green,1,79812.31,79802.31,below,above,above,above,below,0.94,57.3,52.7,10.0,175.02,30.94,147.75,79905.81,79789.0,79777.8,79679.1,79831.65,148.04,243.28,red,48.54,red,False,True,5.58,red,red,35.13,red,1.98,-37.38,-28.96,0.0,red,red,3,79738.34,79728.34,below,below,below,above,below,0.941,57.3,46.6,10.0,79729.07,79860.77,,
1050138946,BUY,0.03,2026-09-05T20:12:02,79818.64,2026-09-05T20:18:14,79712.85,6.2,-3.17,sl,-3.44,-114.8,0.74,6.0,1.0,496844,2,177.21,32.14,147.75,79894.55,79789.0,79779.46,79679.1,79815.11,143.41,243.28,red,48.54,green,False,True,5.58,red,green,22.99,green,16.05,19.35,18.06,0.0,green,green,12,79834.65,79824.65,below,above,above,above,above,0.94,57.3,62.4,10.0,179.14,37.01,144.58,79885.28,79789.0,79758.35,79679.1,79797.9,145.93,243.28,red,48.54,red,False,True,5.58,red,red,17.82,red,0.02,-11.0,-2.91,0.0,red,red,18,79717.16,79707.16,below,below,below,above,below,0.941,57.3,48.5,10.0,79712.85,79897.98,,
1050137046,SELL,0.05,2026-09-05T19:50:02,79744.26,2026-09-05T20:20:24,79750.53,30.4,-0.32,sl,-4.95,-99.0,2.86,23.0,30.0,496843,1,180.2,36.07,149.26,79925.51,79792.77,79822.32,79676.11,79878.47,148.61,62.81,red,72.4,red,False,True,22.52,red,red,42.16,red,34.86,-5.57,-65.54,2.29,red,green,50,79757.25,79747.25,below,below,below,above,below,0.941,73.8,45.8,10.0,180.34,36.8,144.26,79882.23,79789.0,79753.53,79679.1,79792.76,144.26,243.28,red,48.54,green,False,True,5.58,red,green,9.38,red,10.92,-9.84,-3.79,3.54,red,green,20,79767.07,79757.07,below,below,above,above,below,0.941,57.3,48.7,10.0,79865.01,79643.51,,
1050139839,BUY,0.06,2026-09-05T20:21:02,79782.34,2026-09-05T20:26:14,79788.99,5.2,0.4,sl,-1.3,-21.7,2.78,3.0,4.0,496844,2,180.34,37.18,144.26,79881.29,79789.0,79756.68,79679.1,79792.57,142.66,243.28,red,48.54,green,False,True,5.58,red,green,71.71,green,13.62,58.82,-2.95,0.28,red,green,21,79782.76,79772.76,below,below,above,above,below,0.941,57.3,50.2,10.0,180.34,37.75,144.66,79877.19,79789.0,79773.41,79679.1,79793.54,141.86,243.28,red,48.54,green,False,True,5.58,red,green,20.41,green,2.42,32.0,33.63,11.48,green,green,26,79827.08,79817.08,below,above,above,above,above,0.94,57.3,46.9,10.0,79687.04,79869.31,,
1050139765,SELL,0.04,2026-09-05T20:20:25,79757.07,2026-09-05T20:28:23,79745.7,8.0,0.45,sl,-2.9,-72.4,2.8,6.6,-0.4,496844,1,180.34,36.8,144.26,79882.16,79789.0,79752.86,79679.1,79792.48,144.14,243.28,red,48.54,red,False,True,5.58,red,green,9.38,red,10.92,-9.84,-3.79,3.54,red,green,20,79759.98,79749.98,below,below,above,above,below,0.941,57.3,47.5,10.0,180.34,37.73,145.11,79874.79,79789.0,79770.34,79679.1,79790.69,145.11,243.28,red,48.54,red,False,True,5.58,red,green,45.39,red,27.13,7.87,-45.36,16.63,green,red,28,79759.94,79749.94,below,below,below,above,below,0.941,57.3,50.9,10.0,79843.27,79692.42,,
1050140310,SELL,0.07,2026-09-05T20:28:24,79749.94,2026-09-05T20:30:00,79742.3,1.6,0.54,sl,-1.52,-21.7,3.72,-0.4,-0.4,496844,1,180.34,37.73,145.11,79874.77,79789.0,79770.08,79679.1,79790.59,144.61,243.28,red,48.54,red,False,True,5.58,red,green,45.39,red,27.13,7.87,-45.36,16.63,green,red,28,79757.2,79747.2,below,below,below,above,below,0.941,57.3,50.4,10.0,180.34,38.28,145.65,79871.43,79789.0,79759.01,79679.1,79784.17,145.65,243.28,red,48.54,red,False,True,5.58,red,green,15.68,green,0.0,-45.32,7.73,6.14,red,green,30,79744.45,79734.45,below,below,below,above,below,0.941,57.3,49.0,10.0,79829.45,79677.57,,
1050140475,SELL,0.05,2026-09-05T20:30:03,79739.41,2026-09-05T20:35:13,79729.95,5.2,0.47,sl,-0.34,-6.9,2.69,0.9,5.0,496844,1,180.34,38.55,145.65,79871.48,79789.0,79759.48,79679.1,79784.36,145.15,243.28,red,48.54,red,False,True,5.58,red,green,15.68,green,0.0,-45.32,7.73,6.14,red,green,30,79749.35,79739.35,below,below,below,above,below,0.941,57.3,49.7,10.0,180.43,36.5,146.12,79863.91,79789.0,79742.8,79679.1,79772.05,146.12,243.28,red,48.54,red,False,True,5.58,red,red,8.42,red,1.31,10.79,2.51,10.77,red,green,35,79735.84,79725.84,below,below,below,above,below,0.941,57.3,42.2,10.0,79829.45,79659.45,,
1050140801,BUY,0.08,2026-09-05T20:37:01,79768.07,2026-09-05T20:51:14,79772.04000000001,14.2,0.31,sl,-4.08,-51.0,2.48,2.0,14.0,496844,1,180.43,37.64,146.12,79861.6,79789.0,79743.83,79679.1,79770.16,145.31,243.28,red,48.54,green,False,True,5.58,red,green,54.88,green,5.14,29.84,12.36,2.26,red,green,37,79768.04,79758.04,below,below,above,above,below,0.941,57.3,48.4,10.0,180.43,25.39,146.43,79847.79,79789.0,79755.79,79679.1,79764.68,146.43,243.28,red,48.54,green,False,True,5.58,green,red,13.71,green,3.18,8.79,15.65,2.67,red,red,51,79764.95,79754.95,below,below,above,above,below,0.941,57.3,54.2,10.0,79685.7,79844.19,,
1050141412,SELL,0.09,2026-09-05T20:53:21,79738.09,2026-09-05T20:58:39,79801.08,5.3,-5.67,sl,-4.97,-55.2,0.65,4.7,-0.3,496844,2,180.43,26.34,146.43,79845.85,79789.0,79754.41,79679.1,79763.45,144.32,243.28,red,48.54,red,False,True,5.58,green,red,24.48,red,1.65,-28.22,6.92,0.45,red,red,53,79748.18,79738.18,below,below,below,above,below,0.941,57.3,54.2,10.0,180.43,24.73,140.76,79841.49,79789.0,79755.83,79679.1,79762.25,142.43,243.28,red,48.54,green,False,True,5.58,green,green,11.41,green,6.16,2.19,-2.36,0.64,red,green,58,79796.01,79786.01,below,above,above,above,above,0.94,57.3,52.2,10.0,79799.01,79688.28,,
1050141316,BUY,0.06,2026-09-05T20:51:16,79758.15000000001,2026-09-05T20:59:10,79769.26,7.9,0.67,sl,-1.64,-27.3,2.45,1.7,-0.3,496844,1,180.43,25.68,146.43,79847.72,79789.0,79755.05,79679.1,79764.38,145.77,243.28,red,48.54,red,False,True,5.58,green,red,13.71,green,3.18,8.79,15.65,2.67,red,red,51,79757.19,79747.19,below,below,below,above,below,0.941,57.3,51.3,10.0,180.43,23.55,141.43,79840.68,79789.0,79756.37,79679.1,79762.21,141.43,243.28,red,48.54,green,False,True,5.58,green,red,20.65,green,4.8,38.03,15.0,15.79,red,green,59,79779.24,79769.24,below,below,above,above,above,0.941,57.3,51.4,10.0,79685.7,79827.53,,
1050141617,SELL,0.07,2026-09-05T21:00:04,79740.25,2026-09-05T21:11:35,79799.26,11.5,-4.13,sl,-3.43,-49.0,1.37,10.9,4.9,496845,1,171.98,25.68,141.43,79839.48,79784.55,79753.15,79681.48,79760.59,140.14,13.27,red,54.68,green,False,True,89.62,red,green,37.13,red,15.81,-15.78,-27.48,0.0,red,green,0,79758.65,79748.65,below,below,above,above,below,0.941,53.8,46.1,10.0,176.15,22.75,137.3,79830.27,79784.55,79755.25,79681.48,79757.82,137.3,13.27,red,54.68,green,False,True,89.62,red,green,5.05,green,3.42,11.67,-0.52,11.75,green,green,11,79794.05,79784.05,below,above,above,above,above,0.94,53.8,61.1,10.0,79799.01,79685.49,,
1050142234,BUY,0.1,2026-09-05T21:19:02,79821.6,2026-09-05T21:37:46,79831.73,18.7,1.01,sl,-1.07,-10.7,5.14,-0.0,5.0,496845,1,178.12,18.73,137.3,79826.83,79784.55,79773.7,79681.48,79765.74,136.24,13.27,red,54.68,green,False,True,89.62,green,green,28.01,green,0.0,28.2,6.32,5.99,green,green,19,79820.95,79810.95,below,above,above,above,above,0.94,53.8,88.3,10.0,182.13,15.05,138.31,79829.83,79784.55,79832.8,79681.48,79806.35,138.31,13.27,red,54.68,green,False,True,89.62,green,red,1.44,green,2.5,2.39,7.7,2.72,red,red,37,79846.93,79836.93,above,above,above,above,above,0.94,53.8,40.6,10.0,79720.64,79921.14,,
1050142959,BUY,0.08,2026-09-05T21:37:49,79846.93000000001,2026-09-05T21:42:51,79918.55,5.0,5.73,manual,-1.22,-15.2,6.72,-0.8,4.2,496845,1,182.13,15.05,138.31,79829.85,79784.55,79832.99,79681.48,79806.42,137.67,13.27,red,54.68,green,False,True,89.62,green,red,1.44,green,2.5,2.39,7.7,2.72,red,red,37,79848.93,79838.93,above,above,above,above,above,0.94,53.8,41.8,10.0,186.27,21.59,144.04,79831.92,79784.55,79849.86,79681.48,79818.6,144.04,13.27,red,54.68,green,False,True,89.62,green,green,20.94,green,2.29,25.28,6.29,25.04,green,green,42,79938.9,79928.9,above,above,above,above,above,0.939,53.8,79.6,10.0,79720.64,79960.72,,
1050143307,BUY,0.11,2026-09-05T21:42:53,79933.51,2026-09-05T22:26:05,79831.33,43.2,-11.24,sl,-11.24,-102.2,1.67,43.1,34.1,496845,1,186.27,21.59,144.04,79831.7,79784.55,79847.81,79681.48,79817.76,141.16,13.27,red,54.68,green,False,True,89.62,green,green,20.94,green,2.29,25.28,6.29,25.04,green,green,42,79917.34,79907.34,above,above,above,above,above,0.939,53.8,75.7,10.0,184.31,21.27,132.8,79851.15,79796.12,79868.96,79690.38,79870.05,132.8,165.02,green,20.71,red,True,False,38.79,green,red,16.68,red,0.0,-8.03,-1.82,2.37,red,red,26,79841.33,79831.33,below,above,below,above,below,0.94,57.5,20.5,10.0,79831.73,80041.52,,
1050147903,SELL,0.12,2026-09-05T23:38:02,79758.86,2026-09-05T23:45:21,79857.91,7.3,-11.89,sl,-11.06,-92.2,6.78,7.0,-0.0,496847,1,191.46,22.57,132.8,79818.55,79795.45,79790.04,79693.8,79792.06,134.74,119.87,red,37.65,red,True,False,40.6,green,red,28.63,red,0.0,-46.09,-21.2,0.49,green,red,38,79742.64,79732.64,below,below,below,above,below,0.941,55.3,39.8,10.0,191.85,32.74,120.91,79818.16,79795.45,79801.6,79693.8,79797.12,120.91,119.87,red,37.65,green,True,False,40.6,green,green,13.96,green,0.0,-1.13,10.78,10.94,green,green,45,79855.28,79845.28,above,above,above,above,above,0.94,55.3,56.7,10.0,79845.56,79680.45,,
1050148613,SELL,0.01,2026-09-05T23:57:01,79804.26,2026-09-05T23:57:30,79794.14,0.5,0.1,sl,-0.01,-0.8,0.37,-0.0,-0.0,496847,2,196.07,27.14,120.91,79820.63,79795.45,79825.74,79693.8,79812.98,112.61,119.87,red,37.65,green,True,False,40.6,green,red,47.64,red,3.76,-3.38,-46.86,3.01,green,red,57,79815.03,79805.03,below,above,below,above,below,0.94,55.3,53.1,10.0,196.07,29.65,121.01,79820.42,79795.45,79823.75,79693.8,79812.16,110.11,119.87,red,37.65,red,True,False,40.6,green,red,47.64,red,3.76,-3.38,-46.86,3.01,green,red,57,79794.14,79784.14,below,below,below,above,below,0.94,55.3,48.6,10.0,79867.32,79756.42,,
1050148639,SELL,0.02,2026-09-05T23:58:02,79786.90000000001,2026-09-06T00:03:12,79856.28,5.2,-1.3900000000000001,sl,-1.22,-61.1,0.02,5.0,-0.0,496847,2,196.07,27.67,121.01,79820.13,79795.45,79820.7,79693.8,79811.36,110.54,119.87,red,37.65,red,True,False,40.6,green,red,17.25,red,19.01,-48.37,-31.35,1.13,green,red,58,79799.37,79789.37,below,below,below,above,below,0.94,55.3,45.2,10.0,191.83,25.97,119.62,79821.14,79798.29,79827.97,79698.79,79816.61,116.63,36.29,green,87.08,green,False,True,84.44,green,green,2.43,red,3.28,-4.75,7.11,1.87,red,green,3,79854.99,79844.99,above,above,above,above,above,0.94,57.6,57.5,10.0,79853.45,79736.99,,
1050148286,BUY,0.13,2026-09-05T23:46:01,79867.97,2026-09-06T00:35:25,79876.08,49.4,1.05,sl,-13.04,-100.3,9.83,11.0,48.0,496847,1,193.31,33.79,120.91,79818.85,79795.45,79809.86,79693.8,79800.72,121.37,119.87,red,37.65,green,True,False,40.6,green,green,54.7,green,9.65,41.79,2.34,0.0,green,green,46,79881.51,79871.51,above,above,above,above,above,0.939,55.3,61.9,10.0,198.65,26.1,120.67,79841.61,79798.29,79896.22,79698.79,79874.8,120.67,36.29,green,87.08,green,False,True,84.44,green,red,26.3,red,4.85,14.37,-23.57,21.38,red,red,35,79891.37,79881.37,above,above,below,above,above,0.939,57.6,45.5,10.0,79702.34,80029.75,,
1050149540,BUY,0.03,2026-09-06T00:35:27,79891.37,2026-09-06T00:53:06,79903.42,17.6,0.36,sl,-1.15,-38.5,1.19,15.6,16.6,496848,1,198.65,26.1,120.67,79841.74,79798.29,79897.47,79698.79,79875.31,120.77,36.29,green,87.08,green,False,True,84.44,green,red,26.3,red,4.85,14.37,-23.57,21.38,red,red,35,79904.51,79894.51,above,above,above,above,above,0.939,57.6,48.5,10.0,198.65,23.56,121.03,79849.52,79798.29,79891.03,79698.79,79882.36,114.69,36.29,green,87.08,green,False,True,84.44,red,green,16.17,red,5.04,5.64,57.03,0.0,green,green,53,79913.42,79903.42,above,above,above,above,above,0.939,57.6,50.4,10.0,79786.08,79979.99,,
1050149642,SELL,0.14,2026-09-06T00:45:02,79868.11,2026-09-06T01:03:04,79943.6,18.0,-10.56,sl,-9.89,-70.6,2.13,18.0,6.0,496848,2,198.65,24.82,120.67,79846.41,79798.29,79892.02,79698.79,79880.26,118.35,36.29,green,87.08,green,False,True,84.44,red,green,25.98,red,2.92,8.51,-16.44,9.25,red,green,45,79880.15,79870.15,above,above,below,above,below,0.939,57.6,41.3,10.0,197.85,32.55,110.47,79853.84,79805.13,79894.9,79705.52,79886.76,110.47,43.72,green,6.6,green,True,False,74.21,red,green,8.61,green,3.98,-0.02,1.69,1.94,red,green,3,79948.76,79938.76,above,above,above,above,above,0.939,59.9,60.7,10.0,79943.6,79803.44,,
1050150318,BUY,0.01,2026-09-06T01:05:02,79939.64,2026-09-06T01:06:04,79953.47,1.0,0.13,sl,-0.22,-21.6,0.32,-0.0,1.0,496849,2,201.78,32.67,110.47,79855.37,79805.13,79901.61,79705.52,79890.2,110.05,43.72,green,6.6,green,True,False,74.21,red,green,15.92,green,4.65,-50.85,30.31,0.86,green,red,5,79941.55,79931.55,above,above,above,above,above,0.939,59.9,51.5,10.0,201.78,34.63,110.6,79856.67,79805.13,79909.36,79705.52,79893.91,109.38,43.72,green,6.6,green,True,False,74.21,red,green,23.54,green,22.66,21.34,-3.43,0.0,green,green,6,79963.47,79953.47,above,above,above,above,above,0.938,59.9,57.5,10.0,79855.18,80002.99,,
1050150278,SELL,0.04,2026-09-06T01:03:39,79932.93000000001,2026-09-06T01:07:01,79998.53,3.4,-2.62,sl,-2.43,-60.8,1.67,-0.7,-0.7,496849,1,201.78,36.48,110.47,79853.77,79805.13,79894.27,79705.52,79886.5,110.11,43.72,green,6.6,green,True,False,74.21,red,green,8.61,green,3.98,-0.02,1.69,1.94,red,green,3,79942.09,79932.09,above,above,above,above,above,0.939,59.9,59.8,10.0,201.78,33.05,107.98,79858.19,79805.13,79918.74,79705.52,79898.42,111.74,43.72,green,6.6,green,True,False,74.21,red,green,5.92,green,17.42,10.67,33.46,0.07,green,green,7,79998.53,79988.53,above,above,above,above,above,0.938,59.9,73.1,10.0,79993.7,79887.35,,
1050150778,SELL,0.05,2026-09-06T01:21:03,79924.27,2026-09-06T01:35:47,80005.4,14.7,-4.06,sl,-3.58,-71.6,1.62,13.9,0.9,496849,2,202.61,22.48,107.98,79871.35,79805.13,79944.35,79705.52,79923.5,101.6,43.72,green,6.6,green,True,False,74.21,green,red,7.25,red,1.7,-4.58,-12.79,10.97,red,red,21,79934.25,79924.25,above,above,below,above,above,0.939,59.9,32.2,10.0,202.61,19.94,103.92,79879.0,79805.13,79936.36,79705.52,79926.74,106.82,43.72,green,6.6,green,True,False,74.21,red,green,6.04,green,2.55,12.15,19.03,7.13,green,green,35,79992.77,79982.77,above,above,above,above,above,0.938,59.9,75.6,10.0,80005.4,79855.48,,
1050150364,BUY,0.15,2026-09-06T01:06:05,79963.47,2026-09-06T01:39:44,80035.88,33.6,10.86,manual,-10.75,-71.7,12.92,15.9,32.9,496849,2,201.78,34.77,110.6,79856.69,79805.13,79909.59,79705.52,79894.0,108.15,43.72,green,6.6,green,True,False,74.21,red,green,23.54,green,22.66,21.34,-3.43,0.0,green,green,6,79965.84,79955.84,above,above,above,above,above,0.938,59.9,58.1,10.0,205.77,26.28,114.78,79883.19,79805.13,79953.28,79705.52,79935.57,114.78,43.72,green,6.6,green,True,False,74.21,red,green,1.46,green,31.58,-14.88,-27.54,2.46,green,green,39,80025.68,80015.68,above,above,above,above,above,0.938,59.9,84.1,10.0,79852.89,80067.38,,
1050152725,SELL,0.02,2026-09-06T02:46:03,79889.09,2026-09-06T03:15:28,79954.2,29.4,-1.3,sl,-1.24,-62.2,0.55,28.9,10.9,496850,1,204.71,19.5,114.78,79912.41,79818.07,79915.06,79714.64,79931.14,114.68,73.36,green,0.0,red,True,False,122.93,red,red,3.1,red,7.48,-2.0,3.3,4.41,red,red,46,79894.0,79884.0,below,above,below,above,below,0.939,61.7,28.0,10.0,194.73,14.09,113.48,79910.15,79826.0,79914.12,79721.97,79914.8,113.48,47.47,red,39.8,green,False,True,63.53,green,green,3.32,red,1.31,-2.6,13.14,3.96,green,green,15,79961.3,79951.3,above,above,above,above,above,0.938,57.3,74.6,10.0,79950.61,79844.07,,
1050153164,BUY,0.03,2026-09-06T03:19:02,79970.93000000001,2026-09-06T03:43:19,80052.88,24.3,2.4400000000000004,tp,-2.57,-85.7,2.61,8.0,24.0,496851,1,195.8,13.42,113.48,79911.79,79826.0,79926.87,79721.97,79920.31,113.18,47.47,red,39.8,green,False,True,63.53,green,green,10.81,green,2.69,0.25,5.68,5.41,green,green,19,79970.93,79960.93,above,above,above,above,above,0.938,57.3,76.9,10.0,202.42,25.26,115.92,79922.32,79826.0,79980.35,79721.97,79950.46,115.92,47.47,red,39.8,green,False,True,63.53,red,green,29.31,green,4.28,18.3,3.02,0.17,green,green,43,80067.95,80057.95,above,above,above,above,above,0.937,57.3,83.6,10.0,79861.69,80052.88,,
1050154555,SELL,0.01,2026-09-06T04:03:01,79996.64,2026-09-06T04:07:31,79986.32,4.5,0.11,sl,-0.07,-7.2,0.35,1.0,4.0,496852,2,198.78,19.31,115.92,79942.49,79844.89,80019.03,79733.76,79994.52,109.57,125.31,green,13.46,red,True,False,84.45,red,red,30.54,red,2.72,0.08,-24.63,0.08,red,red,3,80006.71,79996.71,above,above,below,above,above,0.938,64.9,46.0,10.0,201.02,17.16,116.03,79944.09,79844.89,80006.9,79733.76,79992.81,108.66,125.31,green,13.46,red,True,False,84.45,red,red,25.01,red,0.02,0.08,-19.9,4.78,red,red,7,79988.07,79978.07,above,above,below,above,below,0.938,64.9,22.2,10.0,80065.43,79945.0,,
1050154004,BUY,0.06,2026-09-06T03:44:02,80100.91,2026-09-06T04:20:09,79952.44,36.1,-8.9,sl,-8.92,-148.7,0.45,36.0,-0.0,496851,1,206.03,26.16,115.92,79924.49,79826.0,79995.27,79721.97,79957.85,116.38,47.47,red,39.8,green,False,True,63.53,red,green,38.5,green,10.18,49.96,23.34,11.7,green,green,44,80118.48,80108.48,above,above,above,above,above,0.937,57.3,84.3,10.0,201.73,13.89,107.13,79947.25,79844.89,79978.12,79733.76,79983.2,107.13,125.31,green,13.46,red,True,False,84.45,red,red,6.32,red,0.0,1.39,3.75,1.35,red,red,20,79962.25,79952.25,above,above,below,above,below,0.938,64.9,40.9,10.0,79952.44,80240.59,,
1050154949,SELL,0.02,2026-09-06T04:20:13,79941.01,2026-09-06T04:24:09,79894.93,3.9,0.92,tp,-0.48,-23.9,1.2,-0.2,3.8,496852,1,202.54,14.69,107.13,79947.14,79844.89,79977.06,79733.76,79982.76,106.93,125.31,green,13.46,red,True,False,84.45,red,red,6.32,red,0.0,1.39,3.75,1.35,red,red,20,79951.1,79941.1,below,above,below,above,below,0.939,64.9,35.9,10.0,206.81,17.96,108.05,79945.75,79844.89,79955.09,79733.76,79972.21,108.05,125.31,green,13.46,red,True,False,84.45,red,red,12.03,red,3.68,-7.22,1.67,0.0,red,red,24,79894.01,79884.01,below,above,below,above,below,0.939,64.9,9.2,10.0,80002.34,79894.93,,
1050155200,SELL,0.07,2026-09-06T04:24:11,79884.08,2026-09-06T05:40:05,80108.48,75.9,-15.7,sl,-16.41,-234.4,7.2,75.8,54.8,496852,1,206.81,17.96,108.05,79945.86,79844.89,79956.16,79733.76,79972.65,106.57,125.31,green,13.46,red,True,False,84.45,red,red,12.03,red,3.68,-7.22,1.67,0.0,red,red,24,79905.23,79895.23,below,above,below,above,below,0.939,64.9,10.0,10.0,222.28,33.07,92.35,79916.24,79847.34,79934.28,79739.13,79900.85,92.35,153.87,red,23.97,green,False,True,6.9,green,green,86.26,green,0.0,92.74,27.05,7.89,green,red,40,80097.09,80087.09,above,above,above,above,above,0.885,55.6,88.5,10.0,80108.48,79673.83,,
1050160235,SELL,0.08,2026-09-06T06:25:01,79856.42,2026-09-06T06:48:38,79700.84,23.6,12.44,tp,-0.42,-5.2,14.04,2.0,23.0,496854,1,202.17,26.54,92.35,79928.71,79861.06,79911.41,79749.19,79929.55,93.09,121.31,green,89.83,red,True,True,126.18,red,red,40.07,red,22.7,-5.96,-53.01,0.0,red,red,25,79847.14,79837.14,below,below,below,above,below,0.819,56.8,21.6,10.0,212.95,30.59,104.79,79904.93,79861.06,79807.01,79749.19,79855.93,104.79,121.31,green,89.83,red,True,True,126.18,red,red,14.03,green,0.0,-6.08,-4.8,0.0,red,red,48,79701.9,79691.9,below,below,below,below,below,0.82,56.8,26.0,10.0,80118.52,79725.95,,
1050165111,BUY,0.01,2026-09-06T07:20:02,79816.85,2026-09-06T07:24:14,79813.69,4.2,-0.03,sl,-0.33,-32.8,0.38,-0.0,3.0,496855,1,216.08,45.91,104.18,79867.86,79853.48,79769.02,79750.44,79792.35,104.08,214.04,red,99.57,green,False,True,5.84,red,green,19.05,green,19.54,4.04,-15.69,5.63,green,red,20,79816.84,79806.84,below,below,above,above,above,0.819,40.9,52.1,10.0,218.65,48.5,104.15,79866.43,79853.48,79788.92,79750.44,79798.01,104.15,214.04,red,99.57,green,False,True,5.84,red,green,5.56,red,7.86,6.58,8.48,6.65,green,red,24,79802.76,79792.76,below,below,above,above,below,0.819,40.9,54.5,10.0,79573.23,79889.89,,
1050165659,BUY,0.02,2026-09-06T07:27:01,79840.12,2026-09-06T07:44:32,79842.95,17.5,0.21,sl,-1.2,-59.8,0.58,9.0,17.0,496855,1,218.65,41.35,104.15,79865.09,79853.48,79797.71,79750.44,79800.72,104.01,214.04,red,99.57,green,False,True,5.84,red,green,21.76,green,6.0,14.85,35.99,2.7,red,green,27,79842.87,79832.87,below,below,above,above,above,0.819,40.9,76.6,10.0,219.67,25.1,104.36,79858.51,79853.48,79819.07,79750.44,79811.75,104.36,214.04,red,99.57,green,False,True,5.84,green,green,2.53,red,16.32,2.48,1.86,13.98,red,green,44,79852.95,79842.95,below,below,above,above,above,0.819,40.9,57.9,10.0,79762.72,79869.14,,
1050168337,SELL,0.03,2026-09-06T08:41:02,79788.08,2026-09-06T08:47:47,79779.36,6.8,0.26,sl,-0.13,-4.4,1.18,3.0,2.0,496856,1,217.11,14.29,104.36,79842.57,79848.61,79803.59,79752.48,79814.82,103.97,22.81,green,207.26,red,False,True,65.74,red,red,8.53,red,10.9,-12.22,-15.42,6.36,red,red,41,79801.09,79791.09,below,below,below,above,below,0.819,41.0,46.3,10.0,219.03,16.31,104.62,79838.54,79848.61,79789.79,79752.48,79805.93,104.62,22.81,green,207.26,red,False,True,65.74,red,red,10.45,red,0.0,-0.84,-10.66,9.26,red,red,47,79779.17,79769.17,below,below,below,above,below,0.819,41.0,28.5,10.0,79897.65,79745.74,,
1050168896,BUY,0.04,2026-09-06T08:54:02,79859.51,2026-09-06T09:04:43,79865.89,10.7,0.26,sl,-2.44,-61.1,0.82,8.0,2.0,496856,1,219.03,20.07,104.62,79836.03,79848.61,79798.84,79752.48,79805.48,104.3,22.81,green,207.26,green,False,True,65.74,red,green,48.44,green,5.62,47.18,1.32,1.0,red,green,54,79861.53,79851.53,above,above,above,above,above,0.819,41.0,70.5,10.0,203.5,26.88,104.88,79837.03,79848.11,79829.13,79756.02,79819.04,104.88,37.69,green,55.73,green,True,False,55.4,green,green,6.79,green,0.0,28.87,47.14,20.69,red,green,4,79874.52,79864.52,above,above,above,above,above,0.818,44.5,70.7,10.0,79748.83,79902.37,,
1050172635,SELL,0.05,2026-09-06T09:56:02,79850.7,2026-09-06T10:41:47,80003.78,45.8,-7.65,sl,-7.15,-143.1,0.55,45.0,2.0,496857,1,212.26,13.78,104.88,79866.13,79848.11,79877.24,79756.02,79888.47,104.21,37.69,green,55.73,green,True,False,55.4,red,red,8.4,red,0.0,-9.71,-9.23,0.02,red,red,56,79864.18,79854.18,below,above,below,above,below,0.819,44.5,34.1,10.0,209.44,10.5,97.23,79896.74,79851.57,79969.63,79760.96,79947.95,97.23,40.18,green,44.27,green,True,False,118.12,green,green,1.72,red,0.0,10.35,14.94,9.24,red,green,41,79999.17,79989.17,above,above,above,above,above,0.817,55.4,61.1,10.0,80001.02,79813.1,,
1050177267,BUY,0.06,2026-09-06T11:45:03,79951.37,2026-09-06T12:15:29,79987.62,30.4,2.18,manual,-5.7,-95.0,2.26,25.9,29.9,496859,1,204.42,21.49,97.23,79923.57,79865.37,79928.01,79770.15,79940.58,96.5,114.85,green,6.45,red,True,False,28.79,green,red,0.38,green,3.09,0.15,35.76,8.46,green,red,45,79949.13,79939.13,above,above,above,above,above,0.818,59.9,57.5,10.0,199.75,20.93,99.41,79922.84,79871.11,79915.5,79776.29,79924.67,99.41,72.3,red,45.85,green,False,False,4.14,green,green,48.86,green,0.0,62.85,10.73,22.0,green,green,15,79997.22,79987.22,above,above,above,above,above,0.817,50.8,69.0,10.0,79839.72,80001.4,,
1050179720,SELL,0.01,2026-09-06T12:43:02,79951.03,2026-09-06T12:49:28,79927.48,6.4,0.24,tp,-0.35,-34.6,0.4,1.0,6.0,496860,1,201.51,23.79,99.41,79935.85,79871.11,79969.33,79776.29,79958.81,99.25,72.3,red,45.85,green,False,False,4.14,green,red,9.81,red,0.13,-0.36,-3.17,8.21,red,red,43,79967.11,79957.11,above,above,below,above,above,0.817,50.8,45.5,10.0,201.51,25.97,99.65,79936.38,79871.11,79957.18,79776.29,79955.66,99.65,72.3,red,45.85,red,False,False,4.14,red,red,3.16,green,0.0,-9.47,3.07,10.5,red,red,49,79921.33,79911.33,below,above,below,above,below,0.818,50.8,33.6,10.0,80013.79,79927.48,,
1050183914,BUY,0.01,2026-09-06T13:49:15,79842.75,2026-09-06T13:58:10,79782.13,8.9,-0.61,sl,-0.61,-61.0,0.01,8.8,7.8,496861,1,202.06,26.36,99.65,79902.75,79875.72,79824.13,79781.9,79851.0,99.56,4.93,red,63.05,red,True,True,89.46,green,green,1.15,green,6.71,6.87,8.65,10.35,green,green,49,79844.0,79834.0,below,below,above,above,below,0.819,56.0,58.9,10.0,202.06,23.43,99.04,79894.66,79875.72,79815.46,79781.9,79838.34,99.04,4.93,red,63.05,red,True,True,89.46,green,red,0.98,green,8.41,20.6,5.24,23.59,green,red,58,79802.01,79792.01,below,below,below,above,below,0.786,56.0,45.3,10.0,79782.13,79866.28,,
1050186368,SELL,0.02,2026-09-06T14:18:00,79708.14,2026-09-06T14:21:00,79656.7,3.0,1.01,tp,-1.79,-89.3,2.32,1.0,3.0,496862,1,210.66,35.66,99.04,79872.48,79870.3,79762.51,79783.28,79798.63,99.15,100.65,red,66.63,red,False,True,48.22,red,red,2.93,red,105.06,-42.5,-76.05,12.87,red,red,18,79702.4,79692.4,below,below,below,below,below,0.787,49.7,15.8,10.0,211.24,50.94,100.05,79867.06,79870.3,79740.91,79783.28,79785.83,100.05,100.65,red,66.63,red,False,True,48.22,red,red,84.56,red,0.05,-65.57,-87.18,0.0,red,red,21,79602.24,79592.24,below,below,below,below,below,0.788,49.7,27.7,10.0,79845.32,79656.7,,
1050188951,SELL,0.01,2026-09-06T14:32:02,79577.12,2026-09-06T14:32:09,79519.35,0.1,0.58,tp,-0.0,-0.2,0.69,-0.0,-0.0,496862,1,220.33,55.72,100.05,79843.57,79870.3,79667.55,79783.28,79733.17,100.19,100.65,red,66.63,red,False,True,48.22,red,red,56.48,red,91.11,-21.52,-147.58,27.08,green,red,32,79563.11,79553.11,below,below,below,below,below,0.924,49.7,19.9,10.0,220.33,58.95,100.63,79843.48,79870.3,79666.69,79783.28,79732.81,100.63,100.65,red,66.63,red,False,True,48.22,red,red,56.48,red,91.11,-21.52,-147.58,27.08,green,red,32,79554.03,79544.03,below,below,below,below,below,0.925,49.7,19.5,10.0,79717.97,79519.35,,
1050193357,SELL,0.01,2026-09-06T15:00:16,79520.02,2026-09-06T15:00:59,79448.61,0.7,0.71,tp,-0.31,-30.9,0.82,-0.3,-0.3,496863,1,228.15,46.11,100.63,79789.51,79838.87,79616.93,79773.83,79657.96,100.62,280.48,red,341.22,red,False,True,24.05,red,red,18.56,red,32.46,-50.46,-46.34,0.05,red,red,0,79520.64,79510.64,below,below,below,below,below,1.259,38.2,37.4,10.0,233.37,51.33,101.34,79788.78,79838.87,79609.97,79773.83,79655.09,101.34,280.48,red,341.22,red,False,True,24.05,red,red,18.56,red,32.46,-50.46,-46.34,0.05,red,red,1,79447.57,79437.57,below,below,below,below,below,1.26,38.2,31.1,10.0,79710.45,79448.61,,
1050195536,BUY,0.01,2026-09-06T15:16:10,79583.95,2026-09-06T15:17:07,79618.69,0.9,0.35,tp,-0.1,-10.0,0.37,-0.2,0.8,496863,1,241.17,47.06,101.34,79749.93,79838.87,79551.58,79773.83,79595.91,101.28,280.48,red,341.22,green,False,True,24.05,red,green,45.65,green,13.94,50.93,25.02,5.9,green,green,16,79587.74,79577.74,below,below,above,below,below,1.258,38.2,64.7,10.0,243.2,46.53,101.69,79748.81,79838.87,79559.57,79773.83,79597.51,101.69,280.48,red,341.22,green,False,True,24.05,red,green,16.78,green,9.62,9.14,47.24,0.99,green,green,17,79625.05,79615.05,below,below,above,below,above,1.257,38.2,67.1,10.0,79495.92,79618.69,,
1050197235,BUY,0.01,2026-09-06T15:38:02,79688.06,2026-09-06T15:48:48,79699.53,10.8,0.12,sl,-0.32,-31.9,0.3,-0.0,10.0,496863,1,247.72,30.17,101.69,79725.03,79838.87,79622.76,79773.83,79613.82,101.57,280.48,red,341.22,green,False,True,24.05,green,green,55.34,green,0.0,50.93,17.73,2.07,red,green,38,79685.75,79675.75,below,below,above,below,above,1.256,38.2,57.7,10.0,250.19,25.34,101.81,79721.73,79838.87,79665.22,79773.83,79639.02,101.81,280.48,red,341.22,green,False,True,24.05,green,green,5.07,red,0.76,-1.64,-4.91,0.0,green,green,48,79709.53,79699.53,below,below,above,below,above,1.256,38.2,70.1,10.0,79578.68,79737.0,,
1050198610,BUY,0.02,2026-09-06T15:59:02,79721.93000000001,2026-09-06T16:04:18,79640.24,5.3,-1.6400000000000001,sl,-1.64,-82.1,0.0,5.0,-0.0,496863,1,250.55,23.27,101.81,79718.56,79838.87,79683.3,79773.83,79657.7,101.66,280.48,red,341.22,green,False,True,24.05,green,green,27.51,green,2.27,19.96,6.81,0.05,red,green,59,79724.38,79714.38,above,below,above,below,above,1.256,38.2,57.1,10.0,245.19,28.85,100.17,79716.24,79826.14,79677.43,79771.12,79659.98,100.17,162.9,green,172.11,red,False,False,18.93,green,red,20.45,red,0.99,-9.67,-2.09,6.18,green,red,4,79649.84,79639.84,below,below,below,below,below,1.257,42.0,41.7,10.0,79642.54,79753.21,,
1050200826,BUY,0.01,2026-09-06T16:33:02,79762.01,2026-09-06T17:08:51,79620.89,35.8,-1.41,sl,-1.43,-142.8,0.22,35.0,1.0,496864,1,251.25,33.01,100.17,79706.88,79826.14,79694.35,79771.12,79677.01,100.11,162.9,green,172.11,green,False,False,18.93,green,green,62.1,green,0.0,58.9,4.46,5.32,green,green,33,79766.02,79756.02,above,below,above,below,above,1.255,42.0,61.3,10.0,241.08,25.2,98.76,79698.75,79811.51,79659.74,79767.29,79672.84,98.76,25.68,red,75.36,red,True,False,85.09,red,red,9.41,green,0.0,15.9,6.52,17.58,red,red,8,79629.18,79619.18,below,below,below,below,below,1.211,42.3,31.3,10.0,79620.89,79814.93,,
1050205497,BUY,0.01,2026-09-06T18:03:01,79771.74,2026-09-06T18:05:55,79806.54,2.9,0.35,tp,-0.11,-11.1,0.42,1.0,2.0,496866,1,241.32,20.37,98.76,79705.13,79804.53,79742.42,79766.12,79722.06,98.8,64.33,green,107.56,green,False,True,29.37,green,green,32.37,green,1.77,28.94,-1.77,4.8,green,green,3,79785.53,79775.53,above,below,above,above,above,1.152,39.9,59.7,10.0,243.92,22.22,99.11,79706.67,79804.53,79750.09,79766.12,79726.76,99.11,64.33,green,107.56,green,False,True,29.37,green,green,4.23,red,0.04,-0.1,-1.09,10.54,green,green,5,79824.2,79814.2,above,above,above,above,above,1.151,39.9,64.7,10.0,79720.15,79806.54,,
1050207411,BUY,0.01,2026-09-06T18:22:01,79892.04000000001,2026-09-06T18:29:41,79900.08,7.7,0.08,sl,-0.34,-34.1,0.25,4.0,7.0,496866,1,249.02,23.08,99.11,79727.4,79804.53,79830.42,79766.12,79783.78,98.97,64.33,green,107.56,green,False,True,29.37,green,green,0.57,red,12.19,1.82,30.3,6.44,green,green,22,79887.79,79877.79,above,above,above,above,above,1.15,39.9,66.1,10.0,251.25,24.5,99.19,79737.38,79804.53,79853.79,79766.12,79806.28,99.19,64.33,green,107.56,green,False,True,29.37,green,green,12.16,green,0.0,0.45,0.19,2.73,green,green,29,79914.31,79904.31,above,above,above,above,above,1.15,39.9,77.8,10.0,79809.43,79923.02,,
1050209103,BUY,0.01,2026-09-06T18:41:02,79958.68000000001,2026-09-06T18:47:30,79895.43000000001,6.5,-0.64,sl,-0.75,-74.6,0.01,6.0,-0.0,496866,1,254.84,20.63,99.19,79759.05,79804.53,79908.87,79766.12,79853.54,99.11,64.33,green,107.56,green,False,True,29.37,green,green,25.86,green,0.0,24.4,0.2,16.31,green,green,41,79961.11,79951.11,above,above,above,above,above,1.149,39.9,79.4,10.0,254.84,23.99,98.55,79768.25,79804.53,79911.95,79766.12,79866.99,98.55,64.33,green,107.56,green,False,True,29.37,green,red,5.33,green,9.67,-13.17,-9.69,7.62,green,red,47,79895.92,79885.92,above,above,below,above,above,1.15,39.9,40.0,10.0,79900.06,79983.01,,
1050212009,SELL,0.01,2026-09-06T19:37:02,79809.29000000001,2026-09-06T19:45:41,79808.05,8.7,0.01,sl,-0.05,-5.4,0.23,5.0,8.0,496867,1,240.84,14.72,98.55,79804.91,79816.93,79831.16,79772.69,79850.36,98.42,196.43,green,1.97,red,True,False,32.99,red,red,5.07,red,0.0,-14.28,2.26,3.63,red,red,37,79821.82,79811.82,above,below,below,above,below,1.151,52.2,37.7,10.0,241.96,12.83,98.56,79804.63,79816.93,79814.6,79772.69,79836.96,98.56,196.43,green,1.97,red,True,False,32.99,red,green,6.65,red,6.04,-4.22,-5.22,0.59,red,green,45,79808.05,79798.05,below,below,below,above,below,1.152,52.2,30.9,10.0,79866.62,79784.0,,
1050213584,BUY,0.01,2026-09-06T20:20:01,79844.40000000001,2026-09-06T20:20:29,79859.29,0.5,0.15,tp,-0.17,-16.6,0.15,-0.0,-0.0,496868,1,224.82,16.64,98.56,79803.83,79817.83,79803.64,79774.7,79810.4,98.51,109.83,red,43.3,green,False,False,9.43,red,green,33.92,green,2.26,25.33,8.35,0.5,green,green,20,79848.99,79838.99,above,above,above,above,above,1.151,44.2,72.7,10.0,226.3,18.12,98.71,79804.0,79817.83,79805.25,79774.7,79811.06,98.71,109.83,red,43.3,green,False,False,9.43,red,green,33.92,green,2.26,25.33,8.35,0.5,green,green,20,79865.93,79855.93,above,above,above,above,above,1.151,44.2,76.2,10.0,79765.0,79859.29,,
1050215502,BUY,0.01,2026-09-06T20:46:02,79972.73,2026-09-06T20:48:14,79893.78,2.2,-0.79,sl,-0.79,-78.9,0.0,2.0,-0.0,496868,1,234.42,24.99,98.71,79832.11,79817.83,79921.54,79774.7,79886.75,98.55,109.83,red,43.3,green,False,False,9.43,green,green,11.31,green,0.0,7.61,24.81,13.11,green,green,46,79967.07,79957.07,above,above,above,above,above,1.149,44.2,54.9,10.0,234.42,28.79,97.92,79833.76,79817.83,79920.37,79774.7,79888.99,97.92,109.83,red,43.3,green,False,False,9.43,green,red,36.04,red,0.0,-3.34,-24.49,3.93,green,red,48,79908.94,79898.94,above,above,below,above,above,1.15,44.2,41.3,10.0,79894.35,79985.83,,
1050218080,BUY,0.01,2026-09-06T21:14:02,79986.99,2026-09-06T21:14:59,80007.24,0.9,0.2,tp,-0.2,-19.6,0.23,-0.0,-0.0,496869,1,219.61,26.78,247.92,79857.97,79826.96,79953.04,79780.16,79925.31,247.81,89.06,green,58.86,green,True,True,60.36,red,green,7.91,green,0.0,20.29,14.85,11.68,green,green,14,79985.7,79975.7,above,above,above,above,above,1.149,55.0,62.1,10.0,220.4,27.73,248.12,79859.58,79826.96,79959.04,79780.16,79928.94,248.12,89.06,green,58.86,green,True,True,60.36,green,red,20.42,green,19.14,12.73,-10.44,3.2,green,red,15,79997.8,79987.8,above,above,above,above,above,1.149,55.0,58.2,10.0,79910.6,80007.24,,
1050219907,SELL,0.01,2026-09-06T21:28:01,79915.48,2026-09-06T21:29:14,79903.03,1.2,0.12,tp,-0.06,-6.2,0.36,-0.0,1.0,496869,1,221.79,29.45,248.12,79872.19,79826.96,79954.96,79780.16,79941.41,248.01,89.06,green,58.86,green,True,True,60.36,green,red,30.95,red,1.58,-33.99,-28.15,1.31,red,red,28,79925.5,79915.5,above,above,below,above,below,1.15,55.0,33.1,10.0,224.03,30.35,248.24,79872.25,79826.96,79947.69,79780.16,79938.93,248.24,89.06,green,58.86,red,True,True,60.36,green,red,6.21,red,4.45,-25.99,-9.05,6.24,red,red,29,79894.27,79884.27,above,above,below,above,below,1.15,55.0,31.8,10.0,79981.67,79903.03,,
1050226437,SELL,0.01,2026-09-06T22:06:01,79871.03,2026-09-06T22:06:43,79855.33,0.7,0.16,tp,-0.14,-14.4,0.28,-0.0,-0.0,496870,1,224.75,37.99,248.24,79883.82,79837.78,79894.45,79786.32,79912.89,248.13,21.68,green,48.87,red,True,False,95.02,green,red,36.17,green,12.33,52.42,17.12,20.81,red,green,6,79882.4,79872.4,below,above,below,above,below,1.15,54.9,42.8,10.0,224.75,40.95,248.4,79883.53,79837.78,79891.61,79786.32,79911.72,248.4,21.68,green,48.87,red,True,False,95.02,green,red,36.17,green,12.33,52.42,17.12,20.81,red,green,6,79852.57,79842.57,below,above,below,above,below,1.151,54.9,38.3,10.0,79954.82,79855.33,,
1050231541,BUY,0.01,2026-09-06T22:16:02,79780.45,2026-09-06T22:18:06,79691.39,2.1,-0.89,sl,-1.18,-118.4,0.0,2.0,-0.0,496870,1,233.97,51.38,248.4,79869.79,79837.78,79796.41,79786.32,79854.94,248.25,21.68,green,48.87,red,True,False,95.02,red,green,21.27,green,17.27,15.02,-4.6,0.7,green,green,16,79775.16,79765.16,below,below,below,below,below,1.152,54.9,43.8,10.0,234.46,54.93,247.51,79865.67,79837.78,79772.36,79786.32,79840.15,247.51,21.68,green,48.87,red,True,False,95.02,red,red,11.8,red,3.93,-47.64,-11.68,6.68,green,red,18,79677.36,79667.36,below,below,below,below,below,1.153,54.9,32.1,10.0,79694.04,79796.65,,
133039782,SELL,0.02,2026-09-06T23:25:02,80135.01,2026-09-06T23:25:11,80132.01,0.1,0.24,sl,-0.04,-2.2,0.57,-0.0,-0.0,496871,1,259.42,41.86,200.0,79951.37,79858.55,80166.49,79797.61,80091.48,199.89,102.62,green,299.04,green,True,True,56.61,green,red,25.48,red,23.76,-19.58,-37.65,9.68,red,red,25,80140.53,80133.53,above,above,below,above,above,1.457,57.0,37.8,7.0,259.42,43.7,200.24,79951.37,79858.55,80166.43,79797.61,80091.46,200.24,102.62,green,299.04,green,True,True,56.61,green,red,25.48,red,23.76,-19.58,-37.65,9.68,red,red,25,80139.92,80132.92,above,above,below,above,above,1.457,57.0,37.7,7.0,80281.19,80110.24,,
133045641,SELL,0.02,2026-09-06T23:53:03,80394.14,2026-09-06T23:55:51,80374.19,2.8,0.4,tp,-1.41,-70.4,0.69,0.9,1.9,496871,1,273.67,69.16,200.24,80044.11,79858.55,80378.43,79797.61,80269.66,200.13,102.62,green,299.04,green,True,True,56.61,green,green,10.22,red,10.12,-17.1,-12.18,16.84,green,red,53,80399.32,80392.32,above,above,above,above,above,1.7,57.0,46.6,7.0,273.67,68.4,200.64,80050.69,79858.55,80377.89,79797.61,80277.83,200.64,102.62,green,299.04,green,True,True,56.61,green,red,2.26,green,0.0,52.35,1.09,70.28,red,red,55,80366.55,80359.55,above,above,below,above,above,1.701,57.0,47.5,7.0,80527.64,80374.19,,
133047492,SELL,0.02,2026-09-07T00:02:02,80302.43000000001,2026-09-07T00:02:05,80289.87,0.1,0.25,tp,-0.02,-1.1,0.41,-0.0,-0.0,496872,1,272.57,58.83,200.64,80068.44,79903.93,80343.32,79818.79,80286.14,200.87,299.35,green,41.95,red,True,False,231.6,red,red,46.88,green,5.09,-60.5,22.23,0.0,red,red,2,80290.77,80283.77,above,above,below,above,above,1.703,63.7,33.1,7.0,272.57,58.96,200.89,80068.57,79903.93,80344.5,79818.79,80286.63,200.89,299.35,green,41.95,red,True,False,231.6,red,red,46.88,green,5.09,-60.5,22.23,0.0,red,red,2,80303.25,80296.25,above,above,below,above,above,1.702,63.7,34.1,7.0,80369.43,80289.87,,
133055631,SELL,0.02,2026-09-07T00:47:01,80094.92,2026-09-07T00:47:32,80084.04,0.5,0.22,tp,-0.07,-3.6,0.36,-0.0,-0.0,496872,1,291.72,42.62,201.27,80118.92,79903.93,80151.13,79818.79,80198.71,201.18,299.35,green,41.95,red,True,False,231.6,red,red,42.92,red,0.0,-10.49,-19.01,19.26,red,red,47,80099.41,80092.41,below,above,below,above,below,1.707,63.7,34.7,7.0,291.72,43.73,201.49,80118.77,79903.93,80149.66,79818.79,80198.11,201.49,299.35,green,41.95,red,True,False,231.6,red,red,42.92,red,0.0,-10.49,-19.01,19.26,red,red,47,80083.96,80076.96,below,above,below,above,below,1.707,63.7,32.9,7.0,80173.74,80084.04,,
133059532,BUY,0.02,2026-09-07T01:03:01,80228.39,2026-09-07T01:07:07,80059.75,4.1,-3.37,sl,-3.45,-172.6,0.21,4.0,-0.0,496873,1,292.33,47.76,201.49,80123.2,79927.33,80151.24,79831.79,80174.97,201.25,186.76,red,103.22,green,False,False,112.82,green,green,70.29,green,0.0,74.47,50.78,6.75,green,green,3,80223.53,80216.53,above,above,above,above,above,1.704,54.4,58.1,7.0,296.07,60.77,198.12,80123.0,79927.33,80138.8,79831.79,80166.35,198.12,186.76,red,103.22,red,False,False,112.82,green,red,37.28,red,10.83,-99.62,-9.11,8.46,green,red,7,80063.84,80056.84,below,above,below,above,below,1.707,54.4,43.0,7.0,80059.75,80257.35,,
133064434,SELL,0.01,2026-09-07T01:20:02,79913.77,2026-09-07T01:20:10,79905.88,0.1,0.08,sl,-0.04,-3.8,0.29,-0.0,-0.0,496873,1,310.87,64.85,198.12,80103.92,79927.33,80007.61,79831.79,80084.17,198.01,186.76,red,103.22,red,False,False,112.82,red,red,86.13,red,1.03,4.93,-45.86,10.92,red,green,20,79924.57,79917.57,below,below,below,above,below,1.71,54.4,33.3,7.0,310.87,66.89,198.2,80103.73,79927.33,80005.83,79831.79,80083.44,198.2,186.76,red,103.22,red,False,False,112.82,red,red,86.13,red,1.03,4.93,-45.86,10.92,red,red,20,79905.88,79898.88,below,below,below,above,below,1.711,54.4,32.0,7.0,80060.16,79885.79,,
133068877,SELL,0.01,2026-09-07T01:42:02,79842.21,2026-09-07T01:43:56,79841.03,1.9,0.01,sl,-0.38,-38.3,0.24,-0.0,1.0,496873,1,311.91,37.39,198.2,80064.75,79927.33,79911.65,79831.79,79978.83,198.12,186.76,red,103.22,red,False,False,112.82,red,red,29.51,red,2.62,-11.38,-27.69,18.18,red,red,42,79850.15,79843.15,below,below,below,above,below,1.712,54.4,29.8,7.0,313.07,41.46,198.21,80062.71,79927.33,79906.53,79831.79,79974.14,198.21,186.76,red,103.22,red,False,False,112.82,red,red,28.01,green,2.39,-8.38,0.67,10.86,red,red,43,79841.03,79834.03,below,below,below,above,below,1.712,54.4,34.7,7.0,79984.74,79814.76,,
133070463,BUY,0.01,2026-09-07T01:53:02,79905.0,2026-09-07T01:53:33,79904.94,0.5,0.0,sl,-0.08,-7.7,0.12,-0.0,-0.0,496873,1,314.27,35.9,198.21,80044.74,79927.33,79887.57,79831.79,79941.42,198.17,186.76,red,103.22,red,False,False,112.82,red,green,9.26,green,7.36,12.82,15.97,7.85,red,green,53,79907.54,79900.54,below,below,above,above,below,1.711,54.4,50.1,7.0,314.27,37.07,198.21,80044.8,79927.33,79888.11,79831.79,79941.64,198.21,186.76,red,103.22,red,False,False,112.82,red,green,9.26,green,7.36,12.82,15.97,7.85,red,green,53,79913.13,79906.13,below,below,above,above,below,1.711,54.4,51.2,7.0,79801.06,79923.61,,
133075399,BUY,0.01,2026-09-07T02:27:03,79982.14,2026-09-07T02:27:48,79984.04000000001,0.8,0.02,sl,-0.21,-21.1,0.15,-0.1,-0.1,496874,1,318.05,35.52,198.38,80002.0,79926.22,79915.47,79835.06,79911.58,198.32,234.58,red,113.79,green,False,True,89.56,red,green,17.18,green,0.12,13.35,14.02,10.25,green,green,27,79982.85,79975.85,below,above,above,above,above,1.709,49.7,84.7,7.0,318.86,38.04,198.4,80002.08,79926.22,79916.19,79835.06,79911.88,198.4,234.58,red,113.79,green,False,True,89.56,red,green,17.18,green,0.12,13.35,14.02,10.25,green,green,27,79990.45,79983.45,below,above,above,above,above,1.709,49.7,85.1,7.0,79904.37,79997.53,,
133083998,SELL,0.01,2026-09-07T03:14:03,79778.16,2026-09-07T03:17:30,79742.72,3.5,0.35,tp,-0.21,-21.1,0.43,1.9,3.0,496875,1,350.79,52.4,198.4,80012.19,79920.32,79888.05,79836.15,79966.48,198.33,53.28,red,86.84,red,True,True,515.08,red,red,3.47,red,32.28,-10.49,-22.66,18.76,red,red,14,79784.85,79777.85,below,below,below,below,below,1.713,48.5,45.4,7.0,351.4,43.46,198.75,80004.55,79920.32,79853.06,79836.15,79942.45,198.75,53.28,red,86.84,red,True,True,515.08,red,red,22.18,red,0.0,9.4,-14.62,25.06,red,red,17,79741.92,79734.92,below,below,below,below,below,1.714,48.5,13.8,7.0,79972.56,79742.72,,
133086720,SELL,0.01,2026-09-07T03:36:02,79693.67,2026-09-07T03:37:15,79682.5,1.2,0.11,tp,-0.31,-31.0,0.22,-0.0,1.0,496875,1,355.77,45.81,198.75,79961.74,79920.32,79757.74,79836.15,79840.68,198.42,53.28,red,86.84,red,True,True,515.08,red,green,38.13,red,2.81,-4.46,-31.71,7.67,green,red,36,79726.81,79719.81,below,below,below,below,below,1.715,48.5,39.4,7.0,355.9,48.66,198.86,79958.78,79920.32,79748.67,79836.15,79833.66,198.86,53.28,red,86.84,red,True,True,515.08,red,red,14.52,green,11.21,-15.87,-8.38,15.39,green,red,37,79678.98,79671.98,below,below,below,below,below,1.716,48.5,35.5,7.0,79760.35,79682.5,,
133091815,BUY,0.01,2026-09-07T04:15:01,79685.76,2026-09-07T04:35:33,79527.69,20.5,-1.58,sl,-1.68,-167.7,0.04,20.0,7.0,496876,1,329.74,42.17,198.86,79853.96,79887.9,79624.23,79826.12,79669.92,198.65,281.07,red,35.11,green,False,True,110.5,green,red,95.57,green,0.0,73.65,57.54,0.0,green,red,15,79672.25,79665.25,below,below,above,below,below,1.716,44.3,57.0,7.0,331.04,42.78,197.28,79813.42,79887.9,79612.69,79826.12,79644.5,197.28,281.07,red,35.11,red,False,True,110.5,red,red,8.95,green,0.0,-24.18,0.97,6.77,green,red,35,79525.09,79518.09,below,below,below,below,below,1.719,44.3,27.7,7.0,79527.69,79715.4,,
133098797,BUY,0.01,2026-09-07T05:02:02,79730.23,2026-09-07T05:04:52,79733.13,2.8,0.03,sl,-0.41,-40.8,0.08,1.0,2.0,496877,1,310.86,28.72,197.28,79778.49,79870.25,79679.43,79821.27,79662.84,197.2,121.0,green,62.94,green,False,True,18.69,green,green,25.54,green,0.26,23.24,11.94,2.64,green,green,2,79729.01,79722.01,below,below,above,below,above,1.715,54.1,61.8,7.0,311.58,31.85,197.31,79777.1,79870.25,79685.06,79821.27,79666.4,197.31,121.0,green,62.94,green,False,True,18.69,green,green,14.95,green,5.04,-4.78,-2.9,13.91,green,green,4,79740.13,79733.13,below,below,above,below,above,1.714,54.1,61.1,7.0,79624.62,79749.76,,
133101157,BUY,0.01,2026-09-07T05:14:02,79746.89,2026-09-07T05:14:37,79751.34,0.6,0.04,sl,-0.07,-7.0,0.2,-0.0,-0.0,496877,1,317.37,40.67,197.31,79770.81,79870.25,79700.76,79821.27,79680.99,197.24,121.0,green,62.94,green,False,True,18.69,green,green,88.27,green,9.57,51.01,5.03,0.64,red,green,14,79746.89,79739.89,below,below,above,below,above,1.714,54.1,55.6,7.0,317.37,42.47,197.35,79770.93,79870.25,79701.85,79821.27,79681.44,197.35,121.0,green,62.94,green,False,True,18.69,green,green,88.27,green,9.57,51.01,5.03,0.64,red,green,14,79758.34,79751.34,below,below,above,below,above,1.714,54.1,57.0,7.0,79637.3,79767.44,,
133103140,BUY,0.01,2026-09-07T05:26:02,79875.14,2026-09-07T05:26:19,79873.32,0.3,-0.02,sl,-0.07,-7.0,0.1,-0.0,-0.0,496877,1,327.58,41.58,197.35,79777.7,79870.25,79796.37,79821.27,79739.13,197.35,121.0,green,62.94,green,False,True,18.69,green,green,22.52,green,0.0,40.5,11.19,32.54,green,green,26,79881.72,79874.72,above,above,above,above,above,1.711,54.1,80.6,7.0,327.58,41.94,197.33,79777.66,79870.25,79796.02,79821.27,79738.99,197.33,121.0,green,62.94,green,False,True,18.69,green,green,22.52,green,0.0,40.5,11.19,32.54,green,green,26,79878.09,79871.09,above,above,above,above,above,1.711,54.1,79.8,7.0,79780.96,79896.96,,
133111311,SELL,0.02,2026-09-07T05:54:02,79789.69,2026-09-07T05:54:19,79787.45,0.3,0.04,sl,-0.08,-3.9,0.26,-0.0,-0.0,496877,1,327.58,26.9,197.33,79789.49,79870.25,79817.83,79821.27,79796.34,197.12,121.0,green,62.94,green,False,True,18.69,green,red,34.02,red,0.15,-3.29,7.75,0.0,red,red,54,79799.84,79792.84,above,below,below,below,below,1.713,54.1,44.4,7.0,327.58,27.73,197.37,79789.36,79870.25,79816.65,79821.27,79795.86,197.37,121.0,green,62.94,green,False,True,18.69,green,red,34.02,red,0.15,-3.29,7.75,0.0,red,red,54,79787.45,79780.45,below,below,below,below,below,1.713,54.1,42.2,7.0,79852.53,79777.91,,
133120307,SELL,0.01,2026-09-07T06:20:01,79711.13,2026-09-07T06:20:22,79693.23,0.3,0.18,tp,-0.02,-1.6,0.26,-0.0,-0.0,496878,1,323.25,27.43,197.37,79782.95,79857.47,79761.32,79818.01,79773.07,197.33,33.19,green,67.16,red,True,False,174.18,green,red,15.29,red,21.38,-9.6,-33.61,20.1,red,red,20,79715.21,79708.21,below,below,below,below,below,1.715,50.9,23.6,7.0,323.47,29.17,197.55,79782.72,79857.47,79759.16,79818.01,79772.18,197.55,33.19,green,67.16,red,True,False,174.18,green,red,15.29,red,21.38,-9.6,-33.61,20.1,red,red,20,79692.51,79685.51,below,below,below,below,below,1.715,50.9,20.6,7.0,79802.02,79693.23,,
133138562,SELL,0.01,2026-09-07T07:22:01,79554.04000000001,2026-09-07T07:22:39,79529.5,0.6,0.24,tp,-0.06,-5.9,0.86,-0.0,-0.0,496879,1,322.54,26.84,197.55,79721.93,79837.3,79606.39,79811.24,79643.21,197.44,90.72,red,14.81,red,False,True,78.07,red,red,31.17,red,1.46,-0.12,-18.98,0.0,red,red,22,79565.16,79558.16,below,below,below,below,below,1.718,49.2,17.4,7.0,328.5,32.9,197.79,79721.47,79837.3,79601.97,79811.24,79641.39,197.79,90.72,red,14.81,red,False,True,78.07,red,red,31.17,red,1.46,-0.12,-18.98,0.0,red,red,22,79518.66,79511.66,below,below,below,below,below,1.719,49.2,11.9,7.0,79684.94,79529.5,,
133140685,SELL,0.01,2026-09-07T07:29:01,79424.12,2026-09-07T07:29:45,79420.26,0.7,0.04,sl,-0.1,-9.8,0.18,-0.0,-0.0,496879,1,332.86,48.68,197.79,79704.53,79837.3,79533.13,79811.24,79599.28,197.69,90.72,red,14.81,red,False,True,78.07,red,red,11.74,red,16.37,-65.08,-1.02,3.46,red,red,29,79433.59,79426.59,below,below,below,below,below,1.721,49.2,26.8,7.0,332.96,50.46,197.83,79704.4,79837.3,79531.89,79811.24,79598.77,197.83,90.72,red,14.81,red,False,True,78.07,red,red,11.74,red,16.37,-65.08,-1.02,3.46,red,red,29,79420.57,79413.57,below,below,below,below,below,1.721,49.2,25.6,7.0,79561.3,79398.4,,
133148329,BUY,0.01,2026-09-07T07:53:01,79389.75,2026-09-07T08:00:17,79407.71,7.3,0.18,tp,-0.83,-82.7,0.26,1.0,7.0,496879,1,363.68,66.91,197.83,79619.02,79837.3,79330.98,79811.24,79416.92,197.74,90.72,red,14.81,red,False,True,78.07,red,green,36.41,green,2.91,30.9,38.17,0.0,green,green,53,79387.62,79380.62,below,below,above,below,below,2.006,49.2,66.5,7.0,350.17,44.71,198.01,79602.26,79793.88,79353.46,79794.4,79406.1,198.01,262.1,red,406.57,green,False,True,40.46,green,green,12.22,green,14.71,0.44,-10.57,6.0,green,green,0,79422.35,79415.35,below,below,above,below,above,2.005,41.4,67.0,7.0,79293.96,79407.71,,
133156924,BUY,0.02,2026-09-07T08:08:01,79461.25,2026-09-07T08:08:34,79473.23,0.6,0.23,tp,-0.27,-13.6,0.25,-0.0,-0.0,496880,1,354.21,36.72,198.01,79588.66,79793.88,79395.52,79794.4,79411.82,197.79,262.1,red,406.57,green,False,True,40.46,green,green,16.07,green,4.01,-18.26,1.62,0.0,green,green,8,79457.51,79450.51,below,below,above,below,above,2.004,41.4,80.0,7.0,354.4,38.23,198.24,79588.89,79793.88,79397.76,79794.4,79412.74,198.24,262.1,red,406.57,green,False,True,40.46,green,green,16.07,green,4.01,-18.26,1.62,0.0,green,green,8,79480.96,79473.96,below,below,above,below,above,2.003,41.4,82.7,7.0,79397.37,79473.23,,
133165498,SELL,0.02,2026-09-07T08:26:02,79425.76,2026-09-07T08:32:21,79515.97,6.3,-1.8,sl,-1.66,-83.2,0.0,6.0,-0.0,496880,1,356.96,27.63,198.24,79566.49,79793.88,79441.13,79794.4,79432.87,197.98,262.1,red,406.57,green,False,True,40.46,green,red,11.9,red,1.8,-4.63,-4.51,5.68,red,red,26,79439.04,79432.04,below,below,below,below,above,2.004,41.4,42.5,7.0,356.96,37.69,196.44,79560.93,79793.88,79454.6,79794.4,79441.01,196.44,262.1,red,406.57,green,False,True,40.46,red,green,2.65,red,0.0,3.88,18.18,16.14,red,green,32,79515.97,79508.97,below,below,above,below,above,2.002,41.4,60.7,7.0,79509.89,79409.99,,
133199473,BUY,0.01,2026-09-07T10:20:01,79418.12,2026-09-07T10:21:17,79390.75,1.3,-0.27,sl,-0.27,-27.4,0.0,1.0,-0.0,496882,1,356.85,30.11,196.44,79459.54,79714.8,79378.36,79760.97,79384.06,196.32,112.21,red,20.83,green,True,True,124.34,green,green,17.71,green,0.03,13.0,16.76,0.92,green,red,20,79412.96,79405.96,below,below,above,below,above,2.005,36.5,57.2,7.0,357.05,30.11,196.17,79458.87,79714.8,79379.7,79760.97,79384.39,196.17,112.21,red,20.83,green,True,True,124.34,green,green,5.17,red,3.73,2.88,8.61,4.03,green,red,21,79399.43,79392.43,below,below,above,below,above,2.005,36.5,48.9,7.0,79393.12,79439.88,,
133207998,BUY,0.01,2026-09-07T10:44:02,79434.62,2026-09-07T10:44:36,79436.5,0.6,0.02,sl,-0.1,-10.1,0.06,-0.0,-0.0,496882,1,358.15,17.77,196.17,79448.47,79714.8,79409.47,79760.97,79399.59,196.12,112.21,red,20.83,green,True,True,124.34,green,green,1.04,green,3.1,0.03,2.43,2.33,red,green,44,79436.72,79429.72,below,below,above,below,above,2.004,36.5,55.7,7.0,358.86,18.76,196.19,79448.57,79714.8,79410.43,79760.97,79399.98,196.19,112.21,red,20.83,green,True,True,124.34,green,green,1.04,green,3.1,0.03,2.43,2.33,red,green,44,79446.78,79439.78,below,below,above,below,above,2.004,36.5,58.5,7.0,79409.79,79446.11,,
133216149,SELL,0.01,2026-09-07T11:05:01,79310.22,2026-09-07T11:05:47,79341.84,0.8,-0.32,sl,-0.25,-24.6,0.01,-0.0,-0.0,496883,1,353.98,24.4,196.19,79434.0,79680.01,79357.94,79744.84,79379.67,196.1,46.64,green,0.77,red,False,False,102.16,red,red,10.97,green,5.31,-17.19,2.49,7.66,red,green,5,79318.58,79311.58,below,below,below,below,below,2.007,35.0,21.7,7.0,353.98,26.06,195.87,79434.23,79680.01,79360.16,79744.84,79380.59,195.87,46.64,green,0.77,red,False,False,102.16,red,red,10.97,green,5.31,-17.19,2.49,7.66,red,green,5,79341.84,79334.84,below,below,below,below,below,2.007,35.0,29.6,7.0,79335.22,79297.8,,
133240569,BUY,0.01,2026-09-07T12:27:02,79518.37,2026-09-07T12:28:27,79519.86,1.4,0.02,sl,-0.14,-14.4,0.09,-0.0,1.0,496884,1,339.67,25.03,195.87,79428.6,79653.81,79462.91,79731.47,79438.53,195.78,56.33,green,87.72,green,True,True,72.86,red,green,22.53,green,0.0,15.57,17.85,0.0,green,green,27,79516.45,79509.45,above,below,above,below,above,2.002,36.1,66.7,7.0,340.38,24.84,195.89,79429.53,79653.81,79468.28,79731.47,79441.71,195.89,56.33,green,87.72,green,True,True,72.86,red,green,6.59,red,4.95,-1.25,9.59,0.15,green,green,28,79526.86,79519.86,above,below,above,below,above,2.002,36.1,77.9,7.0,79493.37,79530.09,,
133275688,SELL,0.01,2026-09-07T14:06:03,79285.16,2026-09-07T14:06:07,79260.6,0.1,0.24,tp,-0.06,-6.5,0.88,-0.1,-0.1,496886,1,312.48,38.25,195.89,79452.97,79618.94,79356.78,79711.09,79410.61,195.97,239.95,red,57.77,red,True,True,52.94,red,red,40.51,red,32.9,-50.28,-56.73,11.55,red,red,6,79276.52,79269.52,below,below,below,below,below,2.008,24.5,37.5,7.0,316.85,43.42,196.13,79452.44,79618.94,79351.72,79711.09,79408.53,196.13,239.95,red,57.77,red,True,True,52.94,red,red,40.51,red,32.9,-50.28,-56.73,11.55,red,red,6,79223.41,79216.41,below,below,below,below,below,2.01,24.5,31.7,7.0,79310.15,79260.6,,
133283283,SELL,0.01,2026-09-07T14:23:01,79108.72,2026-09-07T14:23:19,79102.41,0.3,0.07,sl,-0.04,-3.7,0.34,-0.0,-0.0,496886,1,328.19,58.14,196.13,79403.78,79618.94,79173.01,79711.09,79275.34,196.04,239.95,red,57.77,red,True,True,52.94,red,red,39.68,green,0.15,-14.81,29.63,4.75,red,red,23,79117.51,79110.51,below,below,below,below,below,2.013,24.5,46.4,7.0,328.19,60.55,196.2,79403.42,79618.94,79169.62,79711.09,79273.94,196.2,239.95,red,57.77,red,True,True,52.94,red,red,39.68,green,0.15,-14.81,29.63,4.75,red,red,23,79081.89,79074.89,below,below,below,below,below,2.013,24.5,43.1,7.0,79131.84,79085.51,,
133307937,SELL,0.01,2026-09-07T15:39:02,78789.24,2026-09-07T15:40:00,78783.95,1.0,0.05,sl,-0.14,-13.7,0.29,-0.0,-0.0,496887,1,335.85,65.91,196.2,79209.36,79577.01,78920.44,79690.18,79009.78,196.01,170.1,red,244.51,red,False,True,44.58,red,red,22.85,red,29.32,-43.15,-14.76,8.99,red,red,39,78808.38,78801.38,below,below,below,below,below,2.323,24.7,14.6,7.0,335.85,63.53,200.05,79204.64,79577.01,78903.09,79690.18,78999.04,200.05,170.1,red,244.51,red,False,True,44.58,red,red,5.47,red,0.0,4.17,23.01,36.85,red,green,40,78782.09,78775.09,below,below,below,below,below,2.323,24.7,11.0,7.0,78812.77,78766.09,,
133314005,BUY,0.01,2026-09-07T16:05:01,78854.92,2026-09-07T16:05:15,78856.73,0.2,0.02,sl,-0.07,-7.0,0.13,-0.0,-0.0,496888,1,302.38,48.02,200.05,79116.51,79504.58,78835.51,79655.83,78882.42,200.0,363.46,red,152.68,green,False,True,0.0,green,green,30.55,red,6.2,-3.21,-31.96,23.5,green,red,5,78856.62,78849.62,below,below,above,below,below,2.417,23.2,52.6,7.0,302.38,48.95,200.07,79116.52,79504.58,78835.56,79655.83,78882.44,200.07,363.46,red,152.68,green,False,True,0.0,green,green,30.55,red,6.2,-3.21,-31.96,23.5,green,red,5,78857.11,78850.11,below,below,above,below,below,2.417,23.2,52.7,7.0,78831.03,78881.03,,
133318140,SELL,0.01,2026-09-07T16:25:01,78813.38,2026-09-07T16:25:42,78799.44,0.7,0.14,tp,-0.0,-0.0,0.27,-0.0,-0.0,496888,1,302.41,30.84,200.07,79069.44,79504.58,78846.82,79655.83,78867.15,200.05,363.46,red,152.68,red,False,True,0.0,green,red,28.25,red,0.33,-22.24,-29.45,3.23,red,green,25,78815.45,78808.45,below,below,below,below,below,2.418,23.2,36.5,7.0,303.49,31.93,200.21,79069.34,79504.58,78845.87,79655.83,78866.75,200.21,363.46,red,152.68,red,False,True,0.0,green,red,28.25,red,0.33,-22.24,-29.45,3.23,red,red,25,78805.45,78798.45,below,below,below,below,below,2.419,23.2,33.9,7.0,78838.38,78799.44,,
133321849,SELL,0.01,2026-09-07T16:48:02,78956.51,2026-09-07T16:48:10,78984.33,0.1,-0.27,sl,-0.21,-20.8,0.01,-0.0,-0.0,496888,1,311.89,26.72,200.21,79040.45,79504.58,78946.14,79655.83,78911.0,200.11,363.46,red,152.68,green,False,True,0.0,green,red,19.81,red,0.0,-6.41,-10.06,1.35,red,red,48,78966.51,78959.51,below,below,above,below,above,2.414,23.2,65.4,7.0,311.89,27.99,199.94,79040.63,79504.58,78947.84,79655.83,78911.7,199.94,363.46,red,152.68,green,False,True,0.0,green,red,19.81,red,0.0,-6.41,-10.06,1.35,red,red,48,78984.33,78977.33,below,below,above,below,above,2.413,23.2,68.7,7.0,78980.05,78943.04,,
133323416,BUY,0.01,2026-09-07T17:01:02,79014.53,2026-09-07T17:01:11,78988.0,0.1,-0.27,sl,-0.27,-26.5,0.0,-0.0,-0.0,496889,1,283.21,27.0,199.94,79033.95,79456.97,78977.2,79630.28,78942.09,199.71,187.89,green,42.23,red,False,False,14.09,green,red,1.14,red,11.95,0.32,30.94,3.15,green,red,1,78998.85,78991.85,below,below,above,below,above,2.413,30.4,60.9,7.0,283.21,27.0,199.67,79033.92,79456.97,78976.83,79630.28,78941.94,199.67,187.89,green,42.23,red,False,False,14.09,green,red,1.14,red,11.95,0.32,30.94,3.15,green,red,1,78995.0,78988.0,below,below,above,below,above,2.413,30.4,59.5,7.0,0.0,0.0,,
133326013,BUY,0.01,2026-09-07T17:21:00,79141.76,2026-09-07T17:21:09,79121.56,0.1,-0.2,sl,-0.2,-20.2,0.06,0.0,-1.0,496889,1,292.82,24.14,199.67,79043.2,79456.97,79086.99,79630.28,79024.66,199.6,187.89,green,42.23,green,False,False,14.09,green,green,20.53,green,0.0,15.76,15.4,0.0,red,green,21,79141.84,79134.84,above,below,above,below,above,2.408,30.4,69.4,7.0,292.82,25.08,199.47,79043.07,79456.97,79085.73,79630.28,79024.14,199.47,187.89,green,42.23,green,False,False,14.09,green,red,20.53,green,0.0,15.76,15.4,0.0,red,red,21,79128.55,79121.55,above,below,above,below,above,2.409,30.4,64.4,7.0,79123.95,79161.76,,
133330340,BUY,0.01,2026-09-07T17:52:01,79194.49,2026-09-07T17:52:08,79195.47,0.1,0.01,tp,-0.18,-18.3,0.01,-0.0,-0.0,496889,1,296.33,27.89,199.47,79063.44,79456.97,79135.92,79630.28,79096.48,199.42,187.89,green,42.23,green,False,False,14.09,green,green,14.32,green,0.0,10.7,20.16,22.37,red,green,52,79195.55,79188.55,above,below,above,below,above,2.407,30.4,71.7,7.0,296.33,28.39,199.48,79063.51,79456.97,79136.59,79630.28,79096.75,199.48,187.89,green,42.23,green,False,False,14.09,green,green,14.32,green,0.0,10.7,20.16,22.37,red,green,52,79202.57,79195.57,above,below,above,below,above,2.406,30.4,72.7,7.0,79158.81,79195.47,,
133337932,BUY,0.01,2026-09-07T18:45:01,79143.81,2026-09-07T18:46:04,79145.47,1.1,0.01,sl,-0.1,-9.6,0.05,-0.0,-0.0,496890,1,290.45,24.17,199.48,79095.33,79429.94,79122.21,79612.39,79127.79,199.44,162.68,green,22.24,red,True,False,25.89,green,green,13.18,green,7.39,17.81,11.05,20.58,green,green,45,79147.05,79140.05,above,below,above,below,above,2.408,40.2,56.2,7.0,290.45,22.59,199.49,79095.92,79429.94,79125.19,79612.39,79128.81,199.49,162.68,green,22.24,red,True,False,25.89,green,green,12.14,green,2.63,-10.26,16.12,0.0,green,green,46,79152.47,79145.47,above,below,above,below,above,2.408,40.2,66.5,7.0,79118.81,79155.68,,
133341592,SELL,0.01,2026-09-07T20:04:01,79311.25,2026-09-07T20:05:04,79298.04,1.1,0.13,tp,-0.16,-16.1,0.23,-0.0,1.0,496892,1,286.64,25.19,199.49,79186.59,79399.23,79328.36,79585.64,79294.33,199.29,143.91,green,49.24,red,True,False,83.14,green,red,15.09,red,17.48,5.08,-22.41,14.09,red,red,4,79330.82,79323.82,above,below,below,below,above,2.403,40.2,35.6,7.0,287.07,25.22,199.62,79187.39,79399.23,79322.67,79585.64,79293.27,199.62,143.91,green,49.24,red,True,False,83.14,green,red,9.46,red,2.68,-13.78,4.6,16.14,red,red,5,79295.54,79288.54,above,below,below,below,below,2.404,40.2,26.1,7.0,79336.25,79298.04,,
133342713,SELL,0.01,2026-09-07T20:24:02,79171.21,2026-09-07T20:24:12,79195.23,0.2,-0.24,sl,-0.17,-17.0,0.04,-0.0,-0.0,496892,1,296.25,22.4,199.62,79192.51,79399.23,79224.66,79585.64,79251.06,199.56,143.91,green,49.24,red,True,False,83.14,red,red,1.62,green,6.5,-20.71,-3.83,9.09,green,red,24,79177.43,79170.43,below,below,below,below,below,2.407,40.2,29.0,7.0,296.25,23.65,199.38,79192.65,79399.23,79226.01,79585.64,79251.62,199.38,143.91,green,49.24,red,True,False,83.14,red,red,1.62,green,6.5,-20.71,-3.83,9.09,green,red,24,79191.67,79184.67,below,below,below,below,below,2.407,40.2,34.3,7.0,79195.07,79155.32,,
133343390,BUY,0.01,2026-09-07T20:50:02,79223.11,2026-09-07T20:50:51,79226.28,0.8,0.03,sl,-0.1,-9.6,0.11,-0.0,-0.0,496892,1,297.84,27.93,199.38,79192.86,79399.23,79195.76,79585.64,79214.03,199.29,143.91,green,49.24,red,True,False,83.14,red,green,27.08,green,11.44,0.29,6.87,7.44,green,red,50,79220.52,79213.52,above,below,above,below,above,2.406,40.2,56.0,7.0,297.84,29.04,199.41,79192.98,79399.23,79196.97,79585.64,79214.53,199.41,143.91,green,49.24,red,True,False,83.14,red,green,27.08,green,11.44,0.29,6.87,7.44,green,green,50,79233.23,79226.23,above,below,above,below,above,2.406,40.2,59.1,7.0,79200.73,79242.24,,
133344079,SELL,0.01,2026-09-07T21:13:00,79185.78,2026-09-07T21:14:00,79219.6,1.0,-0.34,sl,-0.37,-36.8,0.07,1.0,0.0,496893,1,252.13,15.57,199.41,79195.94,79381.73,79200.33,79571.15,79208.98,199.35,115.93,red,78.15,red,False,True,49.92,green,red,0.03,green,2.39,-5.78,2.71,4.47,red,green,13,79192.34,79185.34,below,below,below,below,below,2.407,39.8,35.4,7.0,252.13,15.61,199.07,79196.36,79381.73,79203.59,79571.15,79210.01,199.07,115.93,red,78.15,green,False,True,49.92,green,green,7.28,green,12.76,0.58,-12.79,0.22,red,green,14,79229.6,79222.6,above,below,above,below,above,2.406,39.8,44.0,7.0,79210.78,79174.23,,
133344736,SELL,0.01,2026-09-07T21:41:01,79178.64,2026-09-07T21:41:54,79180.51,0.9,-0.02,sl,-0.06,-5.8,0.13,-0.0,-0.0,496893,1,253.69,16.24,199.07,79198.65,79381.73,79197.67,79571.15,79205.32,199.0,115.93,red,78.15,red,False,True,49.92,red,red,14.68,red,12.89,-12.71,-26.83,0.0,green,red,41,79185.56,79178.56,below,below,below,below,below,2.407,39.8,30.1,7.0,253.69,17.46,199.05,79198.71,79381.73,79198.23,79571.15,79205.55,199.05,115.93,red,78.15,red,False,True,49.92,red,red,14.68,red,12.89,-12.71,-26.83,0.0,green,red,41,79191.45,79184.45,below,below,below,below,below,2.407,39.8,34.4,7.0,79203.64,79166.91,,
133353604,SELL,0.01,2026-09-07T22:39:01,78964.89,2026-09-07T22:39:17,78927.39,0.3,0.38,tp,-0.01,-1.2,0.76,-0.0,-0.0,496894,1,262.54,39.56,199.05,79163.26,79359.12,79053.62,79554.46,79103.57,198.97,69.87,red,2.96,red,False,False,37.27,red,red,13.94,red,5.97,-37.47,-13.44,16.57,red,red,39,78972.5,78965.5,below,below,below,below,below,2.413,43.8,20.6,7.0,267.55,45.0,199.43,79162.82,79359.12,79049.39,79554.46,79101.83,199.43,69.87,red,2.96,red,False,False,37.27,red,red,13.94,red,5.97,-37.47,-13.44,16.57,red,red,39,78928.0,78921.0,below,below,below,below,below,2.415,43.8,18.0,7.0,78989.89,78927.39,,
133356635,BUY,0.01,2026-09-07T23:02:01,78956.75,2026-09-07T23:02:23,78961.72,0.4,0.05,sl,-0.07,-7.0,0.15,-0.0,-0.0,496895,1,262.31,33.05,199.43,79109.18,79318.33,78934.47,79529.94,78986.1,199.53,217.07,red,158.32,green,False,True,57.31,green,green,9.91,green,12.56,6.87,34.8,1.87,green,green,2,78973.81,78966.81,below,below,above,below,below,2.413,38.3,60.8,7.0,262.65,33.39,199.48,79109.13,79318.33,78933.98,79529.94,78985.9,199.48,217.07,red,158.32,green,False,True,57.31,green,green,9.91,green,12.56,6.87,34.8,1.87,green,green,2,78968.72,78961.72,below,below,above,below,below,2.414,38.3,60.1,7.0,78940.41,78984.29,,
133357923,BUY,0.01,2026-09-07T23:07:02,79035.13,2026-09-07T23:07:12,79042.02,0.2,0.07,sl,-0.19,-19.0,0.23,-0.0,-0.0,496895,1,268.08,39.54,199.48,79103.61,79318.33,78959.46,79529.94,78987.86,199.49,217.07,red,158.32,green,False,True,57.31,green,green,28.75,green,12.33,60.82,46.25,32.05,green,green,7,79043.08,79036.08,below,below,above,below,above,2.411,38.3,69.3,7.0,268.85,41.14,199.55,79103.65,79318.33,78959.89,79529.94,78988.04,199.55,217.07,red,158.32,green,False,True,57.31,green,green,28.75,green,12.33,60.82,46.25,32.05,green,green,7,79047.56,79040.56,below,below,above,below,above,2.411,38.3,69.8,7.0,79013.83,79059.55,,
133364155,BUY,0.01,2026-09-07T23:41:02,79038.14,2026-09-07T23:41:31,79041.0,0.5,0.03,sl,-0.07,-7.3,0.08,-0.0,-0.0,496895,1,275.55,29.54,199.55,79083.16,79318.33,79012.54,79529.94,79014.52,199.49,217.07,red,158.32,green,False,True,57.31,red,green,9.07,green,0.0,14.54,13.84,5.46,green,green,41,79039.17,79032.17,below,below,above,below,above,2.411,38.3,53.0,7.0,275.55,30.5,199.58,79083.25,79318.33,79013.38,79529.94,79014.87,199.58,217.07,red,158.32,green,False,True,57.31,red,green,9.07,green,0.0,14.54,13.84,5.46,green,green,41,79048.0,79041.0,below,below,above,below,above,2.411,38.3,54.8,7.0,79012.87,79053.13,,
133372453,SELL,0.01,2026-09-08T00:13:02,78983.51,2026-09-08T00:13:20,79005.54000000001,0.3,-0.22,sl,-0.47,-46.9,0.22,-0.0,-0.0,496896,1,277.83,52.85,199.58,79081.48,79296.41,79042.95,79512.75,79051.48,199.29,169.65,green,15.76,red,False,False,105.42,red,red,41.74,red,0.0,-46.46,-38.89,0.81,red,red,13,79012.95,79005.95,below,below,below,below,below,2.239,44.9,40.8,7.0,277.83,52.85,199.36,79081.43,79296.41,79042.43,79512.75,79051.27,199.36,169.65,green,15.76,red,False,False,105.42,red,red,41.74,red,0.0,-46.46,-38.89,0.81,red,red,13,79007.48,79000.48,below,below,below,below,below,2.239,44.9,40.0,7.0,0.0,0.0,,
133381864,BUY,0.01,2026-09-08T00:57:01,79271.81,2026-09-08T00:57:28,79291.06,0.5,0.19,tp,-0.07,-7.0,0.19,-0.0,-0.0,496896,1,292.5,33.09,199.36,79103.56,79296.41,79219.09,79512.75,79154.84,199.3,169.65,green,15.76,green,False,False,105.42,green,green,24.82,red,2.87,-1.03,25.06,0.0,red,green,57,79272.89,79265.89,above,below,above,below,above,2.231,44.9,69.2,7.0,292.5,34.79,199.55,79103.81,79296.41,79221.49,79512.75,79155.83,199.55,169.65,green,15.76,green,False,False,105.42,green,green,24.82,red,2.87,-1.03,25.06,0.0,red,green,57,79298.06,79291.06,above,below,above,below,above,2.231,44.9,72.0,7.0,79246.81,79291.06,,
133384558,BUY,0.01,2026-09-08T01:09:02,79328.3,2026-09-08T01:09:34,79332.13,0.5,0.04,sl,-0.16,-16.2,0.1,-0.0,-0.0,496897,1,284.67,38.19,199.55,79125.16,79296.19,79273.7,79504.1,79208.41,199.52,208.62,green,141.75,green,True,False,2.8,green,green,12.88,green,5.46,11.53,80.14,2.33,red,green,9,79331.53,79324.53,above,above,above,below,above,2.23,48.8,55.7,7.0,285.24,38.93,199.59,79125.17,79296.19,79273.72,79504.1,79208.42,199.59,208.62,green,141.75,green,True,False,2.8,green,green,12.88,green,5.46,11.53,80.14,2.33,red,green,9,79331.81,79324.81,above,above,above,below,above,2.23,48.8,55.7,7.0,79303.3,79346.75,,
133385979,SELL,0.01,2026-09-08T01:15:02,79288.01,2026-09-08T01:15:10,79321.56,0.1,-0.34,sl,-0.27,-26.6,0.17,-0.0,-0.0,496897,1,286.38,41.43,199.59,79134.91,79296.19,79281.58,79504.1,79226.27,199.54,208.62,green,141.75,red,True,False,2.8,red,green,20.32,red,3.72,-13.98,-21.44,7.91,red,green,15,79292.63,79285.63,above,below,above,below,above,2.231,48.8,51.7,7.0,286.38,43.24,199.25,79135.18,79296.19,79284.08,79504.1,79227.3,199.25,208.62,green,141.75,green,True,False,2.8,red,green,20.32,red,3.72,-13.98,-21.44,7.91,red,green,15,79318.83,79311.83,above,above,above,below,above,2.23,48.8,54.9,7.0,79314.19,79276.91,,
133393027,BUY,0.01,2026-09-08T01:53:01,79339.49,2026-09-08T01:53:21,79336.82,0.3,-0.02,sl,-0.07,-7.1,0.12,-0.0,-0.0,496897,1,293.03,27.32,199.25,79194.61,79296.19,79316.18,79504.1,79300.11,199.19,208.62,green,141.75,green,True,False,2.8,red,green,23.45,green,0.0,27.02,17.63,8.66,green,red,53,79339.84,79332.84,above,above,above,below,above,2.229,48.8,56.1,7.0,293.03,28.62,199.23,79194.65,79296.19,79316.56,79504.1,79300.26,199.23,208.62,green,141.75,green,True,False,2.8,red,green,23.45,green,0.0,27.02,17.63,8.66,green,red,53,79343.82,79336.82,above,above,above,below,above,2.229,48.8,56.8,7.0,79314.54,79351.97,,
133398668,SELL,0.01,2026-09-08T02:30:02,79232.24,2026-09-08T02:30:36,79218.47,0.6,0.14,sl,-0.13,-12.5,0.38,-0.0,-0.0,496898,1,294.08,51.4,199.23,79237.98,79307.54,79320.17,79500.61,79322.42,199.1,121.45,green,63.5,red,True,False,32.87,red,red,5.78,red,25.81,-77.53,-28.66,12.85,red,red,30,79245.39,79238.39,above,below,below,below,below,2.232,50.2,40.6,7.0,295.83,53.64,199.37,79237.68,79307.54,79317.33,79500.61,79321.25,199.37,121.45,green,63.5,red,True,False,32.87,red,red,5.78,red,25.81,-77.53,-28.66,12.85,red,red,30,79215.53,79208.53,below,below,below,below,below,2.233,50.2,37.9,7.0,79257.25,79194.75,,
133400810,SELL,0.01,2026-09-08T02:45:01,79112.36,2026-09-08T02:45:07,79138.35,0.1,-0.26,sl,-0.19,-19.0,0.0,-0.0,-0.0,496898,1,304.15,34.38,199.37,79226.49,79307.54,79183.59,79500.61,79245.34,199.16,121.45,green,63.5,red,True,False,32.87,red,green,1.74,red,2.7,11.94,32.64,18.79,red,green,45,79133.3,79126.3,below,below,below,below,below,2.04,50.2,27.6,7.0,304.15,34.74,199.11,79226.54,79307.54,79184.07,79500.61,79245.54,199.11,121.45,green,63.5,red,True,False,32.87,red,green,1.74,red,2.7,11.94,32.64,18.79,red,green,45,79138.35,79131.35,below,below,below,below,below,2.04,50.2,29.1,7.0,79137.99,79097.72,,
133403060,SELL,0.01,2026-09-08T03:05:01,78895.25,2026-09-08T03:05:06,78926.85,0.1,-0.32,sl,-0.27,-27.1,0.0,-0.0,-0.0,496899,1,300.74,45.12,199.11,79182.54,79269.91,78985.36,79477.46,79095.63,199.03,503.11,red,1.13,red,True,True,54.42,red,red,27.62,red,47.28,-1.46,-59.91,25.52,red,red,5,78902.61,78895.61,below,below,below,below,below,1.608,37.4,24.8,7.0,300.74,46.57,198.79,79182.81,79269.91,78987.9,79477.46,79096.68,198.79,503.11,red,1.13,green,True,True,54.42,red,green,27.62,red,47.28,-1.46,-59.91,25.52,red,green,5,78929.32,78922.32,below,below,below,below,below,1.607,37.4,30.2,7.0,78926.51,78884.78,,
133405473,SELL,0.01,2026-09-08T03:21:03,78807.57,2026-09-08T03:21:26,78788.59,0.4,0.19,tp,-0.14,-14.2,0.33,-0.1,-0.1,496899,1,304.29,39.87,198.79,79140.77,79269.91,78903.16,79477.46,79000.26,198.62,503.11,red,1.13,red,True,True,54.42,red,red,26.32,red,6.62,-20.2,-31.41,24.81,red,red,21,78824.75,78817.75,below,below,below,below,below,1.586,37.4,33.9,7.0,306.47,42.44,198.98,79140.34,79269.91,78899.05,79477.46,78998.57,198.98,503.11,red,1.13,red,True,True,54.42,red,red,26.32,red,6.62,-20.2,-31.41,24.81,red,red,21,78781.61,78774.61,below,below,below,below,below,1.586,37.4,29.3,7.0,78836.09,78788.59,,
133407531,BUY,0.01,2026-09-08T03:32:03,78917.45,2026-09-08T03:32:24,78877.36,0.3,-0.4,sl,-0.46,-45.8,0.0,-0.1,-0.1,496899,1,311.85,61.57,198.98,79104.96,79269.91,78840.62,79477.46,78929.53,198.87,503.11,red,1.13,red,True,True,54.42,red,green,54.82,green,22.16,71.1,75.75,17.55,red,green,32,78912.6,78905.6,below,below,above,below,below,1.584,37.4,53.0,7.0,311.85,63.12,198.58,79104.64,79269.91,78837.51,79477.46,78928.25,198.58,503.11,red,1.13,red,True,True,54.42,red,green,54.82,green,22.16,71.1,75.75,17.55,red,green,32,78879.92,78872.92,below,below,above,below,below,1.584,37.4,50.0,7.0,78884.71,78946.14,,
133409478,SELL,0.01,2026-09-08T03:48:01,78857.72,2026-09-08T03:48:41,78884.78,0.7,-0.27,sl,-0.22,-21.8,0.02,-0.0,-0.0,496899,1,311.85,39.89,198.58,79075.88,79269.91,78889.79,79477.46,78918.61,198.53,503.11,red,1.13,red,True,True,54.42,green,red,29.14,red,14.23,-36.98,-48.33,0.0,green,red,48,78863.12,78856.12,below,below,below,below,below,1.585,37.4,43.0,7.0,311.85,41.49,198.31,79076.11,79269.91,78892.02,79477.46,78919.53,198.31,503.11,red,1.13,red,True,True,54.42,green,red,29.14,red,14.23,-36.98,-48.33,0.0,green,red,48,78886.51,78879.51,below,below,below,below,below,1.584,37.4,47.4,7.0,78883.01,78838.63,,
133416377,BUY,0.01,2026-09-08T04:33:02,78832.92,2026-09-08T04:33:15,78846.2,0.2,0.13,tp,-0.14,-13.7,0.16,-0.0,-0.0,496900,1,292.31,35.28,198.31,78987.62,79232.11,78810.63,79453.68,78836.96,198.24,38.43,red,174.02,red,False,True,78.94,red,green,12.08,green,18.18,20.22,25.41,11.31,green,green,33,78832.93,78825.93,below,below,above,below,below,1.585,40.4,47.5,7.0,292.31,36.21,198.44,78987.85,79232.11,78812.81,79453.68,78837.85,198.44,38.43,red,174.02,red,False,True,78.94,red,green,12.08,green,18.18,20.22,25.41,11.31,green,green,33,78855.75,78848.75,below,below,above,below,above,1.585,40.4,52.3,7.0,78807.92,78846.2,,
133431409,SELL,0.01,2026-09-08T05:45:02,78624.38,2026-09-08T05:45:31,78647.92,0.5,-0.24,sl,-0.17,-16.5,0.27,-0.0,-0.0,496901,1,285.98,58.34,198.44,78853.67,79177.0,78692.48,79422.32,78722.73,198.34,221.22,red,6.76,red,False,True,33.29,red,green,59.08,red,0.0,-4.3,-14.16,0.0,red,green,45,78634.06,78627.06,below,below,below,below,below,1.708,39.6,33.7,7.0,285.98,59.33,198.2,78853.8,79177.0,78693.76,79422.32,78723.26,198.2,221.22,red,6.76,red,False,True,33.29,red,green,59.08,red,0.0,-4.3,-14.16,0.0,red,green,45,78647.43,78640.43,below,below,below,below,below,1.707,39.6,35.5,7.0,78645.74,78598.34,,
133444878,SELL,0.01,2026-09-08T06:21:19,78452.1,2026-09-08T06:21:26,78465.12,0.1,-0.13,sl,-0.29,-28.5,0.16,-0.3,-0.3,496902,1,284.17,60.89,198.2,78762.93,79118.36,78522.83,79388.48,78583.1,198.22,94.54,red,57.9,red,False,True,200.32,green,red,13.64,green,34.71,-44.26,-32.79,11.18,red,green,21,78450.29,78443.29,below,below,below,below,below,1.75,44.4,37.4,7.0,284.17,60.89,198.07,78763.06,79118.36,78524.03,79388.48,78583.6,198.07,94.54,red,57.9,red,False,True,200.32,green,red,13.64,green,34.71,-44.26,-32.79,11.18,red,green,21,78462.91,78455.91,below,below,below,below,below,1.75,44.4,39.2,7.0,78464.95,78407.54,,
133455030,SELL,0.01,2026-09-08T06:50:01,78345.47,2026-09-08T06:50:30,78344.7,0.5,0.0,sl,-0.03,-2.7,0.23,-0.0,-0.0,496902,1,291.86,49.86,198.07,78667.38,79118.36,78386.72,79388.48,78444.75,198.16,94.54,red,57.9,red,False,True,200.32,green,red,39.91,red,44.32,-53.74,-82.05,14.8,red,red,50,78336.13,78329.13,below,below,below,below,below,1.786,44.4,47.2,7.0,291.86,50.39,198.07,78667.57,79118.36,78388.53,79388.48,78445.5,198.07,94.54,red,57.9,red,False,True,200.32,green,red,39.91,red,44.32,-53.74,-82.05,14.8,red,green,50,78355.16,78348.16,below,below,below,below,below,1.785,44.4,49.9,7.0,78371.56,78323.61,,
133460491,BUY,0.01,2026-09-08T07:08:01,78399.45,2026-09-08T07:08:25,78370.06,0.4,-0.29,sl,-0.29,-29.4,0.04,-0.0,-0.0,496903,1,291.06,49.18,198.07,78609.94,79040.6,78340.62,79345.62,78382.06,198.04,258.73,red,73.9,green,False,True,52.21,red,green,4.83,green,18.51,16.2,58.0,15.19,red,green,8,78403.34,78396.34,below,below,above,below,above,1.858,34.9,68.0,7.0,291.06,51.08,197.78,78609.68,79040.6,78338.12,79345.62,78381.03,197.78,258.73,red,73.9,green,False,True,52.21,red,green,4.83,green,18.51,16.2,58.0,15.19,red,green,8,78377.06,78370.06,below,below,above,below,below,1.859,34.9,63.9,7.0,78374.45,78423.36,,
