time,t,kind,d,e,sl,tp,exit,why,pnl,ordinal,bars_since_flip,ref_level,overshoot,stop_dist,overshoot_ratio,body,range,body_range,close_loc,se_flip,prog_flip,travel_flip,disturb_flip,prog_per_disturb,se_60,chochs_2h,repairs_2h,flips_2h,disturb_2h,atr14,med_range60,stop_atr,stop_med60,range15,range30,range60,stop_range60,tp_dist
2026-07-02T00:30:00,1782952200,flip,-1,59642.62,59809.64,59509.0,59812.25,sl,-3.3926,1,0,59685.26,35.80000000000291,167.0199999999968,0.21434558735482934,71.58000000000175,87.93000000000029,0.8140566359604402,0.9772546343682476,nan,nan,nan,nan,nan,0.29554054727883716,1,0,1,1,53.420000000000336,50.279999999998836,3.126544365406135,3.3217979315831476,254.79000000000087,298.6399999999994,554.9000000000015,0.300991169580098,133.61599999999746
2026-07-02T01:12:00,1782954720,flip,1,59797.06,59624.09,59935.44,59935.44,tp,2.7675,1,0,59789.91,2.8299999999944703,172.97000000000116,0.016361218708414473,83.04999999999563,100.44999999999709,0.8267794922846993,0.8267794922846993,nan,nan,nan,nan,nan,-0.07780773604917132,2,0,2,2,51.27357142857363,42.44000000000233,3.3734728278281936,4.075636192271246,176.69000000000233,290.72000000000116,418.0699999999997,0.4137345420623371,138.37600000000094
2026-07-02T01:25:00,1782955500,cont,1,59958.51,59820.27,60069.1,60069.1,tp,2.2118,3,13,59923.05,14.94999999999709,138.24000000000524,0.10814525462960448,30.660000000003492,57.18000000000029,0.5362014690451791,0.6278419027632262,0.28415492957746635,145.26000000000204,511.20000000000437,0,145.26000000000204,0.10085392289543219,2,0,2,2,65.26714285714323,44.79999999999927,2.1180642195811306,3.085714285714453,250.02999999999884,335.1900000000023,439.8600000000006,0.3142818169417657,110.59200000000419
2026-07-02T01:39:00,1782956340,cont,1,60156.38,60039.73,60249.7,60249.7,tp,1.8664,4,27,60128.03,18.43000000000029,116.64999999999418,0.15799399914274506,67.16999999999825,74.34999999999854,0.9034297242770621,0.9866845998655281,0.37919427113483684,353.72000000000116,932.820000000007,0,353.72000000000116,0.3223631392496037,2,0,2,2,55.94000000000077,50.090000000000146,2.0852699320699424,2.328808145338268,262.7099999999991,438.1999999999971,628.0299999999988,0.18573953473559288,93.31999999999535
2026-07-02T02:37:00,1782959820,cont,1,60297.57,59945.49,60579.23,60579.23,tp,5.6333,5,85,60262.24,35.349999999998545,352.08000000000175,0.10040331742785268,89.25,125.10000000000582,0.713429256594691,0.713429256594691,0.19452696636573316,504.84999999999854,2595.2700000000114,2,168.28333333333285,0.11913299129532236,2,1,1,3,49.719285714286215,45.29000000000087,7.0813567600959315,7.773901523515013,238.9100000000035,387.95000000000437,387.95000000000437,0.9075396313957927,281.6640000000014
2026-07-02T03:49:00,1782964140,flip,1,60802.68,60682.11,60899.14,60899.14,tp,1.9291,1,0,60742.47,48.56999999999971,120.56999999999971,0.4028365264991277,107.95000000000437,112.02000000000407,0.9636672022853101,1.0,nan,nan,nan,nan,nan,0.24636520453425334,3,1,2,4,62.448571428572386,42.215000000000146,1.9307086974424328,2.8560938055193485,282.33000000000175,568.1900000000023,568.1900000000023,0.21220014431792045,96.45599999999978
2026-07-02T03:52:00,1782964320,cont,1,60959.48,60776.9,61105.54,60773.46,sl,-3.7204,2,3,60899.27,54.580000000001746,182.58000000000175,0.2989374520758091,162.7699999999968,230.4100000000035,0.7064363525888387,0.7287010112408269,0.6949080199752534,162.80999999999767,234.2899999999936,0,162.80999999999767,0.29660311400382017,2,1,2,3,70.82357142857238,43.05500000000393,2.5779552812320254,4.240622459644294,499.65000000000146,761.3899999999994,793.510000000002,0.2300916182530797,146.0640000000014
2026-07-02T04:31:00,1782966660,flip,-1,60705.24,60798.3,60630.79,60800.12,sl,-1.8976,1,0,60739.04,34.04000000000087,93.06000000000495,0.36578551472167486,58.58999999999651,60.30999999999767,0.9714806831371045,1.0,nan,nan,nan,nan,nan,-0.11507269528742825,3,1,3,4,42.4721428571429,49.61000000000058,2.1910832310254924,1.8758314855876608,204.05999999999767,270.83000000000175,621.5499999999956,0.14972246802349867,74.44800000000396
2026-07-02T05:00:00,1782968400,cont,-1,60625.97,60818.41,60472.02,60472.02,tp,3.079,3,29,60653.34,23.82999999999447,192.44000000000233,0.12383080440653804,76.47999999999593,82.59999999999854,0.9259079903147369,1.0,0.10690060467026201,75.48999999999796,706.169999999991,2,25.163333333332655,0.15564665097801522,3,1,3,4,44.545714285714766,44.68999999999869,4.320056442819581,4.306108749161065,191.8399999999965,191.8399999999965,346.3199999999997,0.5556710556710629,153.95200000000187
2026-07-02T06:03:00,1782972180,cont,-1,60385.81,60511.59,60285.19,60513.53,sl,-2.5544,6,92,60415.79,40.56999999999971,125.77999999999884,0.32254730481793675,49.08999999999651,67.86000000000058,0.7234011199527864,0.9465075154729645,0.1312640804986576,329.77999999999884,2512.340000000011,2,109.92666666666628,0.13830606297371437,2,1,1,3,39.32928571428575,40.60000000000218,3.1981257151159297,3.098029556650051,142.01000000000204,432.20000000000437,437.8700000000026,0.28725420786991135,100.62399999999907
2026-07-02T08:15:00,1782980100,flip,1,60290.15,60187.31,60372.42,60372.42,tp,1.6454,1,0,60272.56,2.7400000000052387,102.84000000000378,0.026643329443846148,35.19000000000233,43.5199999999968,0.808593750000113,0.808593750000113,nan,nan,nan,nan,nan,0.12088838909193528,2,1,1,3,46.5199999999994,37.400000000001455,2.2106620808255615,2.7497326203208496,236.09999999999854,274.7199999999939,274.7199999999939,0.37434478741994054,82.27200000000303
2026-07-02T08:46:00,1782981960,cont,1,60463.52,60350.31,60554.09,60348.55,sl,-2.2994,3,31,60431.21,10.110000000000582,113.20999999999913,0.089303065100262,82.36000000000058,93.65000000000146,0.8794447410571201,1.0,0.24969919383949146,166.0199999999968,664.8799999999828,0,166.0199999999968,0.31266721308941076,1,1,1,2,47.547142857144145,37.07000000000335,2.3810053180301427,3.0539519827350663,156.5,188.2300000000032,421.0899999999965,0.2688498895723006,90.5679999999993
2026-07-02T09:24:00,1782984240,cont,1,60511.74,60316.37,60668.04,60668.04,tp,3.1259,4,69,60491.67,11.87000000000262,195.36999999999534,0.06075651328250449,38.830000000001746,49.70999999999913,0.7811305572319941,0.8652182659425225,0.15469703131353904,228.23999999999796,1475.400000000016,2,76.07999999999932,0.16915397470608104,2,1,1,3,43.332142857144,37.205000000001746,4.5086623258878475,5.251175917215057,206.50999999999476,224.52999999999884,264.5400000000009,0.7385272548574684,156.2959999999963
2026-07-02T09:53:00,1782985980,cont,1,61239.63,60774.13,61612.03,61612.03,tp,7.448,5,98,61141.2,116.08000000000175,465.5,0.24936627282492319,151.73999999999796,218.04000000000087,0.6959273527792944,0.7471106219042415,0.30573561736812666,981.9799999999959,3211.860000000015,2,327.3266666666653,0.3377222024142989,2,1,1,3,138.37785714285772,55.0099999999984,3.363977514982255,8.462097800400173,617.3699999999953,866.8300000000017,1019.3199999999997,0.45667700035317677,372.40000000000003
2026-07-02T14:35:00,1783002900,flip,-1,61460.87,61747.99,61231.17,61748.51,sl,-5.7528,1,0,61512.24,54.07999999999447,287.11999999999534,0.1883533017553474,88.79999999999563,117.31999999999971,0.756904193658335,0.7909137401976971,nan,nan,nan,nan,nan,0.10527234433726067,1,0,1,1,109.36571428571447,94.07500000000073,2.6253200271696064,3.0520329524314973,351.75,714.0699999999997,714.0699999999997,0.4020894310081581,229.69599999999627
2026-07-02T17:19:00,1783012740,cont,1,61784.88,61124.99,62312.79,62312.79,tp,10.5582,2,113,61764.52,8.450000000004366,659.8899999999994,0.012805164497119782,23.330000000001746,38.650000000001455,0.6036222509702682,0.9738680465717464,0.01852219839983373,70.84000000000378,3824.599999999984,2,23.613333333334594,0.19121542805438202,1,1,1,2,45.72642857142845,51.43999999999869,14.43126044644394,12.828343701400005,187.0699999999997,234.10000000000582,692.6400000000067,0.9527171402171302,527.9119999999996
2026-07-04T06:22:00,1783146120,flip,-1,62290.64,62702.79,61960.92,62704.35,sl,-8.2742,1,0,62339.91,49.80000000000291,412.15000000000146,0.12082979497756335,67.44999999999709,93.12000000000262,0.7243341924398109,0.8088487972508333,nan,nan,nan,nan,nan,0.19525224002835626,0,0,1,0,28.540000000000873,22.164999999997235,14.44113524877326,18.59463117527872,200.09000000000378,226.8000000000029,265.1900000000023,1.5541687092273382,329.72000000000116
2026-07-04T15:09:00,1783177740,flip,1,62809.62,62489.39,63065.8,63065.8,tp,5.1237,1,0,62733.77,66.76000000000204,320.2300000000032,0.20847515847984688,126.55999999999767,193.22000000000116,0.6550046579028926,0.6550046579028926,nan,nan,nan,nan,nan,0.277047583544781,1,0,1,1,35.621428571429924,24.459999999999127,8.989813515139112,13.091986917416788,263.0,277.7099999999991,308.5400000000009,1.037888118234272,256.1840000000026
2026-07-05T00:56:00,1783212960,flip,-1,62873.86,63176.8,62631.51,62631.51,tp,4.847,1,0,62884.27,11.619999999995343,302.9400000000023,0.03835743051427759,27.529999999998836,97.93999999999505,0.281090463549114,0.46875638145802057,nan,nan,nan,nan,nan,0.22731380129489437,1,0,1,1,31.81000000000027,25.75,9.523420308079213,11.764660194174848,246.50999999999476,246.50999999999476,293.25,1.0330434782608775,242.35200000000188
2026-07-05T02:44:00,1783219440,cont,-1,62582.27,62731.7,62462.73,62731.97,sl,-2.994,5,108,62616.23,29.44000000000233,149.4300000000003,0.19701532490130677,44.54000000000087,76.68000000000029,0.5808555033907239,0.9160146061554212,0.1365060263977247,285.8600000000006,2094.119999999981,0,285.8600000000006,0.20317810398438366,0,0,1,0,33.604285714284096,31.664999999997235,4.446754240530767,4.719090478446655,164.91999999999825,164.91999999999825,295.6200000000026,0.505480008118527,119.54400000000024
2026-07-05T04:19:00,1783225140,flip,1,62766.05,62728.06,62796.44,62796.44,tp,0.6078,1,0,62764.24,0.5200000000040745,37.99000000000524,0.013687812582363854,20.24000000000524,20.24000000000524,1.0,1.0,nan,nan,nan,nan,nan,0.08492788266283159,1,0,1,1,24.767857142857142,25.364999999997963,1.533842826243903,1.497733096787238,109.63999999999942,116.08000000000175,168.59999999999854,0.22532621589564392,30.39200000000419
2026-07-05T05:40:00,1783230000,flip,-1,62668.22,62755.13,62598.69,62760.6,sl,-1.8476,1,0,62678.57,16.94000000000233,86.90999999999622,0.1949142791393748,28.220000000001164,44.029999999998836,0.6409266409266843,0.6409266409266843,nan,nan,nan,nan,nan,0.2820540511352934,2,0,2,2,27.045714285714762,22.979999999999563,3.213448130149814,3.7819843342035626,112.33000000000175,112.33000000000175,252.63999999999942,0.34400728309054945,69.52799999999698
2026-07-05T07:33:00,1783236780,flip,1,62802.27,62656.61,62918.8,62918.8,tp,2.3306,1,0,62771.92,29.660000000003492,145.65999999999622,0.20362487985723096,53.81999999999971,60.20999999999913,0.8938714499252697,0.8938714499252697,nan,nan,nan,nan,nan,0.056778182485992784,1,0,2,1,29.850714285714535,18.54500000000553,4.879615228159006,7.854408196276775,153.0500000000029,153.0500000000029,153.0500000000029,0.9517151257758474,116.52799999999698
2026-07-06T07:01:00,1783321260,flip,-1,62849.1,63103.64,62645.47,63104.36,sl,-5.1052,1,0,62904.34,57.56999999999971,254.54000000000087,0.22617270370079168,63.390000000006694,76.66999999999825,0.8267901395592557,0.9216121038216395,nan,nan,nan,nan,nan,0.21172654266241964,1,0,1,1,25.159999999999336,24.735000000000582,10.116852146264213,10.290681220941778,154.22000000000116,187.63999999999942,250.86000000000058,1.0146695367934317,203.63200000000072
2026-07-06T08:36:00,1783326960,cont,-1,62785.49,63160.53,62485.46,62485.46,tp,6.0006,2,95,62821.44,36.49000000000524,375.0400000000009,0.09729628839591818,93.7100000000064,110.53000000000611,0.847824120148387,0.847824120148387,0.033108397600685804,61.81999999999971,1867.1999999999753,2,20.60666666666657,0.11557571470184605,1,1,1,2,32.0307142857143,29.590000000000146,11.708761679637869,12.674552213585638,261.0,385.3000000000029,414.49000000000524,0.9048227942772953,300.0320000000007
2026-07-06T12:43:00,1783341780,cont,-1,61741.73,62138.91,61423.99,61423.99,tp,6.3549,3,94,61858.16,92.12000000000262,397.1800000000003,0.23193514275643928,95.93000000000029,138.5899999999965,0.6921855833754434,0.7556822281549792,0.27660733435845647,974.9799999999959,3524.7799999999843,2,324.993333333332,0.3688453922110144,2,1,1,3,62.160714285713766,66.61999999999898,6.389566216604482,5.961873311318018,406.7300000000032,406.7300000000032,1214.0199999999968,0.32716100228991396,317.74400000000026
2026-07-06T13:47:00,1783345620,flip,1,61746.01,61571.25,61885.82,61885.82,tp,2.7962,1,0,61689.41,36.90999999999622,174.76000000000204,0.21120393682762523,156.79000000000087,186.63999999999942,0.8400664380625876,0.8996463780539903,nan,nan,nan,nan,nan,0.01742694090160462,1,1,1,2,123.7835714285715,73.76499999999942,1.4118190159091195,2.3691452585915194,491.67000000000553,491.67000000000553,586.7099999999991,0.2978643622914256,139.80800000000164
2026-07-06T14:23:00,1783347780,cont,1,62030.85,61649.14,62336.22,62336.22,tp,6.1074,2,36,61986.55,41.05999999999767,381.7099999999991,0.10756857300043951,227.76000000000204,227.76000000000204,1.0,1.0,0.14226757391029307,301.2900000000009,2117.769999999997,0,301.2900000000009,0.1201029667802437,1,0,1,1,106.26571428571386,91.12000000000262,3.5920334471540407,4.189091308164927,378.47000000000116,378.47000000000116,774.2300000000032,0.4930188703615173,305.3679999999993
2026-07-06T15:09:00,1783350540,cont,1,62391.89,61844.88,62829.5,62829.5,tp,8.7522,3,82,62362.19,41.470000000001164,547.010000000002,0.07581214237399866,86.56000000000495,215.6600000000035,0.40137253083559093,0.40137253083559093,0.14160043148683252,677.3400000000038,4783.459999999999,0,677.3400000000038,0.15174092947140186,1,0,1,1,80.29214285714468,85.53499999999985,6.812746310348686,6.395159876074157,604.6399999999994,707.1200000000026,883.6200000000026,0.6190557026776221,437.60800000000165
2026-07-06T17:53:00,1783360380,flip,-1,63584.81,63713.9,63481.54,63719.02,sl,-2.6842,1,0,63608.52,22.889999999999418,129.09000000000378,0.1773181501278081,25.62000000000262,55.580000000001746,0.46095717884134246,0.6570708888089768,nan,nan,nan,nan,nan,0.05424973709277236,1,0,1,1,52.05642857142967,54.68000000000029,2.479808998476948,2.360826627651849,160.36000000000058,379.75,379.75,0.3399341672152832,103.27200000000303
2026-07-06T21:08:00,1783372080,flip,1,63897.71,63542.26,64182.07,64182.07,tp,5.6872,1,0,63853.82,48.330000000001746,355.4499999999971,0.13596849064566646,65.45999999999913,72.79000000000087,0.8992993543068875,0.9637312817694823,nan,nan,nan,nan,nan,0.312586323430022,0,0,1,0,35.25785714285563,27.959999999999127,10.08144081359813,12.712804005722754,144.34000000000378,175.95000000000437,367.48999999999796,0.9672372037334324,284.3599999999977
2026-07-07T02:49:00,1783392540,flip,-1,63396.05,63564.37,63261.39,63261.39,tp,2.6931,1,0,63416.83,27.040000000000873,168.3199999999997,0.16064638783270507,75.54999999999563,82.83999999999651,0.9119990342829408,1.0,nan,nan,nan,nan,nan,0.3363928124826707,1,0,1,1,47.22499999999906,43.1349999999984,3.564213869772431,3.9021676133071974,187.9300000000003,377.7300000000032,565.6399999999994,0.29757442896541947,134.65599999999978
2026-07-07T03:42:00,1783395720,cont,-1,63160.22,63313.08,63037.93,63037.93,tp,2.4458,2,53,63192.66,33.99000000000524,152.86000000000058,0.22236032971349673,57.94000000000233,57.94000000000233,1.0,1.0,0.17853446011710913,231.12000000000262,1294.5400000000009,0,231.12000000000262,0.24134157756654717,1,0,1,1,39.406428571428215,43.705000000001746,3.879062516993289,3.4975403271935583,154.4100000000035,210.63000000000466,419.0500000000029,0.36477747285526674,122.28800000000047
2026-07-07T05:51:00,1783403460,flip,1,63166.22,63105.74,63214.6,63214.6,tp,0.9677,1,0,63147.03,22.840000000003783,60.4800000000032,0.3776455026455452,42.25,48.169999999998254,0.8771019306622697,0.8771019306622697,nan,nan,nan,nan,nan,0.07745690620102945,2,1,1,3,30.56428571428426,33.35000000000218,1.9787800888059945,1.8134932533732906,91.08000000000175,345.59999999999854,446.8199999999997,0.135356519403794,48.384000000002565
2026-07-07T06:05:00,1783404300,flip,-1,63012.3,63181.63,62876.84,63183.96,sl,-3.4332,1,0,63066.3,44.91000000000349,169.32999999999447,0.2652217563338154,50.9800000000032,72.43999999999505,0.7037548315848521,0.7886526780784274,nan,nan,nan,nan,nan,0.020390896014889914,3,1,2,4,42.79642857142763,37.400000000001455,3.9566385713093126,4.527540106951547,209.9300000000003,209.9300000000003,487.0400000000009,0.34767164914584875,135.4639999999956
2026-07-07T12:04:00,1783425840,flip,1,63438.98,62979.07,63806.91,63806.91,tp,7.3586,1,0,63405.42,28.810000000004948,459.9100000000035,0.06264269096128532,48.43000000000029,57.4800000000032,0.8425539318023242,1.0,nan,nan,nan,nan,nan,0.2479611417606213,0,0,1,0,36.66428571428644,29.810000000004948,12.543814533411107,15.42804428044036,180.12000000000262,369.20000000000437,370.3500000000058,1.2418253003915114,367.92800000000284
2026-07-07T12:12:00,1783426320,cont,1,63750.53,63589.3,63879.51,63582.41,sl,-3.3624,2,8,63727.07,8.739999999997963,161.22999999999593,0.05420827389442525,22.589999999996508,115.38999999999942,0.19577086402631616,0.2514949302365625,0.6161232328185042,301.57999999999447,489.47999999998865,0,301.57999999999447,0.37693480793016454,0,0,1,0,81.94285714285694,32.05500000000029,1.9675906555090208,5.0297925440647155,505.6100000000006,687.5599999999977,758.3000000000029,0.21262033495977226,128.98399999999674
2026-07-07T12:49:00,1783428540,flip,-1,63416.01,63565.92,63296.08,63296.08,tp,2.3986,1,0,63434.9,21.130000000004657,149.90999999999622,0.14095123740914675,26.080000000001746,38.05000000000291,0.6854139290407293,1.0,nan,nan,nan,nan,nan,-0.03193580679796426,1,0,2,1,47.068571428572405,45.30500000000393,3.1849277649628256,3.30890630173233,163.06000000000495,308.56000000000495,568.0699999999997,0.26389353424753337,119.92799999999698
2026-07-07T13:20:00,1783430400,cont,-1,63229.27,63337.12,63142.99,63142.99,tp,1.7256,3,31,63220.37,0.5900000000037835,107.85000000000582,0.0054705609643370574,23.30999999999767,28.31999999999971,0.8230932203389093,0.8594632768363006,0.2511099892560855,193.98999999999796,772.529999999977,0,193.98999999999796,0.24176980568012205,1,0,2,1,48.5557142857142,45.54999999999927,2.2211597869900324,2.3677277716796388,149.58000000000175,303.2699999999968,534.7900000000009,0.2016679444267949,86.28000000000466
2026-07-07T13:36:00,1783431360,cont,-1,62929.49,63172.45,62735.12,63176.99,sl,-4.95,4,47,63007.35,75.34999999999854,242.95999999999913,0.31013335528481567,66.70999999999913,143.2300000000032,0.46575438106540273,0.9255742512043339,0.3252631365744742,481.7699999999968,1481.1699999999473,0,481.7699999999968,0.2746244001380116,1,0,2,1,87.0492857142864,51.38999999999942,2.791062534360634,4.7277680482584525,286.4300000000003,415.7800000000061,655.4900000000052,0.3706540145539935,194.3679999999993
2026-07-07T14:14:00,1783433640,cont,-1,62920.44,63334.62,62589.1,63335.83,sl,-8.3078,5,85,62921.34,3.099999999998545,414.1800000000003,0.0074846685016141355,134.58000000000175,155.48999999999796,0.8655218985143965,0.8668724676828261,0.13746584367848003,495.52999999999884,3604.7499999999854,2,165.17666666666628,0.12096642764015611,2,1,1,3,114.46071428571511,89.33499999999913,3.618534119629294,4.6362567862540365,411.4100000000035,560.5200000000041,560.5200000000041,0.7389210019267775,331.3440000000003
2026-07-07T15:16:00,1783437360,flip,1,63606.43,63362.22,63801.8,63801.8,tp,3.9074,1,0,63584.72,5.930000000000291,244.20999999999913,0.024282379918923517,65.06999999999971,95.13999999999942,0.6839394576413718,0.78389741433679,nan,nan,nan,nan,nan,0.1931943571805926,2,1,1,3,89.29428571428538,95.52000000000407,2.7348894506127417,2.5566373534337177,297.0199999999968,630.6699999999983,1004.4700000000012,0.2431232391211274,195.3679999999993
2026-07-07T15:47:00,1783439220,cont,1,63997.7,63664.34,64264.39,63658.03,sl,-6.7934,3,31,63939.01,66.70999999999913,333.3600000000006,0.20011399088072657,67.05000000000291,130.38999999999942,0.5142265511159078,0.8127156990566887,0.32513962979500327,415.0699999999997,1276.5899999999892,0,415.0699999999997,0.3387596753234544,1,1,1,2,97.26857142857105,89.53499999999985,3.4272118434966705,3.723236723069203,371.3700000000026,538.9599999999991,931.7699999999968,0.3577706944846923,266.6880000000005
2026-07-07T19:10:00,1783451400,flip,-1,63519.77,63735.61,63347.1,63347.1,tp,3.4534,1,0,63519.38,2.099999999998545,215.84000000000378,0.009729429206812953,53.470000000001164,65.5199999999968,0.8160866910867487,0.8160866910867487,nan,nan,nan,nan,nan,0.24184501274820525,1,0,1,1,75.08357142857234,49.89500000000044,2.8746634702284277,4.325884357150053,240.02999999999884,590.2999999999956,601.5099999999948,0.3588302771358841,172.67200000000304
2026-07-07T19:41:00,1783453260,flip,1,63781.66,63698.48,63848.2,63848.2,tp,1.3309,1,0,63761.01,11.930000000000291,83.18000000000029,0.14342389997595875,42.26000000000204,55.44000000000233,0.762265512265517,0.9689754689754493,nan,nan,nan,nan,nan,-0.1006481128478834,2,0,2,2,55.91214285714367,56.279999999998836,1.487691148102236,1.477967306325551,256.0400000000009,438.6600000000035,759.5299999999988,0.10951509486129635,66.54400000000024
2026-07-07T20:32:00,1783456320,flip,-1,63616.33,63775.72,63488.82,63777.09,sl,-3.2152,1,0,63655.76,38.80000000000291,159.38999999999942,0.2434280695150452,58.54000000000087,68.79000000000087,0.8509957842709716,0.8963512138392602,nan,nan,nan,nan,nan,0.041285006793183816,3,0,3,3,29.794999999999813,40.845000000001164,5.349555294512516,3.9023136246785377,119.87999999999738,255.98999999999796,255.98999999999796,0.6226415094339649,127.51199999999955
2026-07-07T21:04:00,1783458240,flip,1,63777.94,63692.98,63845.91,63691.44,sl,-1.73,1,0,63771.58,2.1599999999962165,84.95999999999913,0.02542372881351505,57.04000000000087,69.92000000000553,0.8157894736841586,0.8157894736841586,nan,nan,nan,nan,nan,-0.05301357382213599,3,0,4,3,37.10857142857328,29.68500000000131,2.2894979981520027,2.8620515411822596,207.62000000000262,211.97000000000116,269.4499999999971,0.31530896270180014,67.96799999999931
2026-07-07T21:37:00,1783460220,flip,-1,63370.65,63487.73,63276.99,63276.99,tp,1.8733,1,0,63380.98,38.68000000000029,117.08000000000175,0.33037239494362586,71.47999999999593,90.2699999999968,0.7918466821756781,0.9769580148443356,nan,nan,nan,nan,nan,0.20041565915948473,3,0,4,3,50.75142857142834,34.06999999999971,2.306930135675325,3.4364543586734,153.90000000000146,434.5199999999968,490.0400000000009,0.23891927189617487,93.66400000000141
2026-07-07T22:00:00,1783461600,cont,-1,63234.67,63485.53,63033.98,63490.14,sl,-5.1094,2,23,63265.97,39.36000000000058,250.86000000000058,0.1569002630949553,159.65999999999622,170.57999999999447,0.9359831164263184,0.9359831164263184,0.15610789512745435,115.69000000000233,741.089999999982,0,115.69000000000233,0.2872218958197117,3,0,3,3,56.01714285714271,46.780000000002474,4.478271957564033,5.3625480974772834,269.8399999999965,278.4300000000003,614.5699999999997,0.40818783865141595,200.68800000000047
2026-07-07T23:06:00,1783465560,flip,1,63621.41,63452.24,63756.75,63450.35,sl,-3.4212,1,0,63611.15,5.489999999997963,169.17000000000553,0.03245256251107042,48.11000000000058,57.31999999999971,0.83932309839499,0.83932309839499,nan,nan,nan,nan,nan,0.2130747737138806,2,0,2,2,35.34642857142899,35.82500000000073,4.786056380721531,4.722121423586939,148.7699999999968,174.3199999999997,331.6299999999974,0.5101166963182067,135.33600000000442
2026-07-08T00:00:00,1783468800,flip,-1,63277.61,63329.57,63236.04,63330.93,sl,-1.0664,1,0,63272.95,15.430000000000291,51.95999999999913,0.2969591993841522,63.54000000000087,111.12000000000262,0.5718142548596056,1.0,nan,nan,nan,nan,nan,0.22292042657917022,2,0,2,2,36.50142857142782,30.885000000002037,1.4235059293178403,1.6823700825642123,155.25,364.7100000000064,419.5400000000009,0.12384993087667212,41.5679999999993
2026-07-08T00:21:00,1783470060,flip,1,63511.38,63364.68,63628.74,63628.74,tp,2.3472,1,0,63476.14,41.900000000001455,146.6999999999971,0.28561690524882266,61.62999999999738,93.95000000000437,0.6559872272484781,1.0,nan,nan,nan,nan,nan,-0.06976744186046308,3,0,3,3,48.60071428571454,32.405000000002474,3.0184741552886476,4.527079154451038,153.36000000000058,260.5200000000041,389.01000000000204,0.3771111282486217,117.35999999999768
2026-07-08T00:39:00,1783471140,cont,1,63650.25,63503.92,63767.31,63502.88,sl,-2.9474,2,18,63641.22,5.970000000001164,146.33000000000175,0.040798195858683065,26.090000000003783,38.9800000000032,0.6693175987686414,1.0,0.27308481170575216,129.15000000000146,472.9300000000003,0,129.15000000000146,0.08742825001185955,2,0,3,2,50.907857142856564,39.43999999999869,2.874408946135241,3.7101926977689303,143.27000000000407,282.51000000000204,389.67000000000553,0.37552287833294756,117.0640000000014
2026-07-08T01:28:00,1783474080,cont,-1,63413.12,63610.19,63255.46,63255.46,tp,3.1531,2,26,63452.76,43.020000000004075,197.0699999999997,0.21829806667683635,81.01000000000204,82.15000000000146,0.9861229458308046,0.9861229458308046,0.21446216826651995,121.54000000000087,566.7199999999939,0,121.54000000000087,0.11613402531185069,3,0,3,3,39.77714285714371,39.840000000000146,4.954352822870164,4.946536144578288,195.77000000000407,201.59000000000378,320.45000000000437,0.6149789358714215,157.65599999999978
2026-07-08T02:01:00,1783476060,cont,-1,62862.09,63169.65,62616.04,62616.04,tp,4.921,3,59,62875.79,14.180000000000291,307.56000000000495,0.04610482507478236,22.260000000002037,59.50999999999476,0.3740547807091917,0.6886237607124774,0.3362084113604085,669.6699999999983,1991.8299999999872,0,669.6699999999983,0.34459255146705503,2,0,2,2,64.3349999999986,45.030000000002474,4.780601538820418,6.83011325782785,334.8399999999965,567.4199999999983,767.1100000000006,0.4009333733102224,246.04800000000398
2026-07-08T03:02:00,1783479720,flip,1,63056.96,62877.09,63200.86,62873.54,sl,-3.6684,1,0,63024.18,25.30000000000291,179.87000000000262,0.14065714126870818,65.03000000000611,65.03000000000611,1.0,1.0,nan,nan,nan,nan,nan,0.11337128319956422,2,1,2,3,43.90285714285762,50.10499999999956,4.0969998698425245,3.5898612912883783,201.61000000000058,575.9300000000003,575.9300000000003,0.3123122601705112,143.8960000000021
2026-07-08T04:50:00,1783486200,flip,-1,62644.18,62849.54,62479.89,62479.89,tp,3.2858,1,0,62647.15,15.319999999999709,205.36000000000058,0.07460070120763375,26.089999999996508,39.62000000000262,0.658505805148783,0.6622917718323127,nan,nan,nan,nan,nan,0.12252987768419238,1,0,2,1,39.43500000000027,37.54000000000451,5.207556738937471,5.470431539690354,178.62000000000262,240.62000000000262,240.62000000000262,0.8534618901171903,164.28800000000047
2026-07-08T06:38:00,1783492680,cont,-1,62459.94,62635.65,62319.37,62636.79,sl,-3.537,5,108,62496.52,43.48999999999796,175.70999999999913,0.24751010187239303,33.279999999998836,39.16000000000349,0.8498467824309466,0.8585291113380904,0.07622328135258016,178.8000000000029,2345.74000000002,4,35.76000000000058,0.14666850769396295,2,2,1,4,54.94500000000023,37.75500000000102,3.197925197925169,4.653953118792065,213.9100000000035,246.84000000000378,246.84000000000378,0.7118376276130143,140.5679999999993
2026-07-08T07:25:00,1783495500,flip,1,62786.76,62487.42,63026.23,62486.73,sl,-6.0006,1,0,62684.14,84.27000000000407,299.3400000000038,0.28151934255362804,74.01000000000204,84.90999999999622,0.8716287834177993,0.8716287834177993,nan,nan,nan,nan,nan,0.13955006375614637,3,2,1,5,44.0742857142863,42.19500000000335,6.791715285880976,7.094205474581823,198.47000000000116,291.8899999999994,356.47000000000116,0.8397340589671018,239.47200000000305
2026-07-08T09:14:00,1783502040,flip,-1,61822.15,62286.92,61450.33,62288.01,sl,-9.3172,1,0,61844.34,17.909999999996217,464.7699999999968,0.038535189448536566,60.68000000000029,80.20999999999913,0.7565141503553292,1.0,nan,nan,nan,nan,nan,0.33667390575065653,1,0,2,1,57.56571428571364,79.57999999999811,8.073729402422112,5.840286504146869,235.65999999999622,460.48999999999796,1007.2400000000052,0.46142925221396525,371.8159999999975
2026-07-09T01:09:00,1783559340,flip,1,62558.13,61897.79,63086.4,61895.69,sl,-13.2488,1,0,62351.07,226.9100000000035,660.3399999999965,0.3436260108429062,369.70000000000437,392.41999999999825,0.9421028489883442,0.9421028489883442,nan,nan,nan,nan,nan,0.2710201675718917,0,0,1,0,66.60714285714286,32.86999999999898,9.913951742627292,20.089443261333038,572.5999999999985,601.5699999999997,601.5699999999997,1.097694366407894,528.2719999999972
2026-07-09T02:35:00,1783564500,flip,-1,61760.49,62066.19,61515.93,62067.51,sl,-6.1404,1,0,61775.4,17.410000000003492,305.70000000000437,0.05695125940465569,49.270000000004075,65.53000000000611,0.7518693728063403,0.8020753853197016,nan,nan,nan,nan,nan,0.2910127367266089,1,0,2,1,48.077857142858974,42.794999999998254,6.35843646466282,7.1433578689103125,321.17000000000553,330.4600000000064,521.7699999999968,0.5858903348218684,244.5600000000035
2026-07-09T04:30:00,1783571400,cont,1,62095.92,61971.34,62195.58,62195.58,tp,1.9933,2,14,62051.67,32.74000000000524,124.58000000000175,0.262803018140992,46.900000000001455,60.81000000000495,0.7712547278407769,0.9495148824206634,0.14890009370399113,33.37000000000262,224.11000000000786,0,33.37000000000262,0.17791112236747753,1,0,2,1,33.736428571428405,30.895000000000437,3.6927441722598147,4.032367697038355,136.35000000000582,184.8000000000029,266.8900000000067,0.46678406834275776,99.66400000000141
2026-07-09T04:47:00,1783572420,cont,1,62257.98,62222.19,62286.61,62286.61,tp,0.5726,3,31,62251.7,6.230000000003201,35.79000000000087,0.17407096954465073,1.0299999999988358,46.75999999999476,0.02202737382375858,0.7254063301967932,0.34657844040540325,206.88999999999942,596.9499999999825,0,206.88999999999942,0.34906658604792934,1,0,1,1,38.17928571428482,30.895000000000437,0.9374193186283211,1.158439877002763,133.90999999999622,320.0400000000009,409.25,0.08745265729994105,28.6320000000007
2026-07-09T05:09:00,1783573740,cont,1,62417.31,62311.55,62501.92,62501.92,tp,1.6922,4,53,62398.73,11.39999999999418,105.75999999999476,0.10779122541598661,50.229999999995925,81.33999999999651,0.6175313498893298,1.0,0.3200702373630684,359.0899999999965,1121.909999999989,0,359.0899999999965,0.30116916693995766,1,0,1,1,51.93071428571524,36.73999999999796,2.0365597018003374,2.87860642351662,147.11000000000058,226.06000000000495,477.0300000000061,0.22170513384901036,84.60799999999581
2026-07-09T05:30:00,1783575000,flip,-1,62194.22,62290.35,62117.32,62291.27,sl,-1.941,1,0,62213.32,14.599999999998545,96.12999999999738,0.15187766566107294,57.95999999999913,67.55999999999767,0.8579040852575655,1.0,nan,nan,nan,nan,nan,-0.07194964594807224,2,0,2,2,49.337857142856855,42.720000000001164,1.9484024148364356,2.250234082396881,271.7099999999991,378.91999999999825,505.4599999999991,0.19018319946187145,76.90399999999791
2026-07-09T06:27:00,1783578420,flip,1,62766.27,62433.37,63032.59,63032.59,tp,5.3264,1,0,62659.54,103.0,332.8999999999942,0.3094022228897621,150.41999999999825,197.5699999999997,0.7613504074505162,0.7627170116920714,nan,nan,nan,nan,nan,0.339268539610222,2,0,2,2,51.05214285714361,38.12999999999738,6.520784072306816,8.730658274325126,371.0,383.8399999999965,631.9599999999991,0.5267738464459691,266.31999999999533
2026-07-09T07:19:00,1783581540,cont,1,63019.08,62791.39,63201.23,62790.11,sl,-4.5794,3,52,63000.66,28.549999999995634,227.69000000000233,0.12538978435590206,82.33999999999651,92.71999999999389,0.8880500431406594,0.8880500431406594,0.20889898554697786,266.66999999999825,1276.5500000000175,0,266.66999999999825,0.32406550788214084,2,0,2,2,53.94642857142805,46.83999999999651,4.220668652764069,4.861016225448747,263.00999999999476,373.74000000000524,681.2000000000044,0.33424838520258493,182.15200000000186
2026-07-09T07:46:00,1783583160,cont,1,63090.76,62739.75,63371.57,62736.79,sl,-7.0794,4,79,63039.59,22.640000000006694,351.01000000000204,0.06449958690637464,66.59000000000378,66.59000000000378,1.0,1.0,0.14817433437986688,299.6900000000023,2022.5500000000175,2,99.89666666666744,0.1746183733220405,1,1,1,2,50.80571428571472,44.75500000000102,6.908868518726783,7.842922578482718,322.4800000000032,322.4800000000032,389.4400000000023,0.9013198438783894,280.80800000000164
2026-07-09T11:24:00,1783596240,flip,-1,62614.99,62764.62,62495.29,62766.62,sl,-3.0326,1,0,62622.5,14.150000000001455,149.63000000000466,0.09456659760743845,51.650000000001455,67.45999999999913,0.7656388971242533,0.8857100504002486,nan,nan,nan,nan,nan,0.19455537963466027,1,0,1,1,37.8471428571429,31.784999999999854,3.9535348960103858,4.707566462167857,165.88999999999942,175.54000000000087,292.98999999999796,0.5107000238916198,119.70400000000373
2026-07-09T12:37:00,1783600620,flip,1,62881.21,62585.17,63118.04,62584.72,sl,-5.9298,1,0,62826.97,35.69000000000233,296.0400000000009,0.12055803269829153,73.1400000000067,117.97000000000116,0.6199881325761293,0.6199881325761293,nan,nan,nan,nan,nan,0.20057971391248483,2,0,2,2,89.69357142857189,41.79000000000087,3.3005709917098622,7.083991385498796,357.61999999999534,357.61999999999534,357.61999999999534,0.8278060511157226,236.8320000000007
2026-07-09T13:44:00,1783604640,cont,1,62896.6,62395.02,63297.86,63297.86,tp,8.0253,2,67,62907.49,12.92000000000553,501.58000000000175,0.025758602815115206,138.7100000000064,138.7100000000064,1.0,1.0,0.025669518835425828,57.75,2249.750000000029,2,19.25,0.18373061384747427,2,1,1,3,95.34857142857332,58.36500000000524,5.260487834112343,8.593849053370286,465.3500000000058,465.3500000000058,525.3900000000067,0.9546812843792142,401.26400000000143
2026-07-09T18:07:00,1783620420,flip,1,63338.54,63037.89,63579.06,63036.11,sl,-6.0486,1,0,63153.54,178.91999999999825,300.65000000000146,0.5951105937136117,247.4499999999971,297.4400000000023,0.8319324905863205,0.8470279720279732,nan,nan,nan,nan,nan,0.37693007521686955,1,0,1,1,67.44857142857134,40.01000000000204,4.457470241877437,7.514371407147867,369.51000000000204,565.4499999999971,774.8499999999985,0.38801058269342714,240.52000000000118
2026-07-10T00:33:00,1783643580,flip,-1,62919.52,63281.49,62629.94,63282.44,sl,-7.2584,1,0,63010.51,99.43000000000029,361.97000000000116,0.27469127275741073,122.50999999999476,145.8199999999997,0.8401453847208545,0.9501440131668901,nan,nan,nan,nan,nan,0.18535511385505848,1,0,1,1,49.387857142857165,33.275000000001455,7.329129485269679,10.878136739293323,294.9800000000032,300.42000000000553,377.6800000000003,0.9584039398432559,289.57600000000093
2026-07-10T01:29:00,1783646940,flip,1,63350.49,63200.8,63470.24,63470.24,tp,2.395,1,0,63329.14,5.389999999999418,149.68999999999505,0.03600774934865118,15.619999999995343,48.65999999999622,0.3210028771063822,0.5803534730785072,nan,nan,nan,nan,nan,0.17935603567690303,1,0,2,1,60.61571428571551,41.60000000000218,2.4694916452592306,3.598317307692,286.7299999999959,449.68999999999505,488.8899999999994,0.3061833950377288,119.75199999999604
2026-07-10T01:48:00,1783648080,cont,1,63807.65,63293.34,64219.1,64219.1,tp,8.229,3,19,63408.55,400.5899999999965,514.310000000005,0.7788882191674139,423.1599999999962,484.48999999999796,0.8734132799438543,0.9051373609362436,0.5972716861935825,474.6100000000006,794.6299999999901,0,474.6100000000006,0.44348001614856614,1,0,2,1,75.25714285714223,38.31500000000233,6.834035687167929,13.42320240114769,582.6599999999962,694.6399999999994,949.8399999999965,0.5414701423397696,411.44800000000396
2026-07-10T09:30:00,1783675800,cont,1,64429.89,64053.47,64731.03,64052.1,sl,-7.5558,3,88,64366.48,13.680000000000291,376.41999999999825,0.0363423835077848,8.390000000006694,70.38999999999942,0.11919306719714112,0.8989913339964005,0.18285818389054875,391.45000000000437,2140.729999999945,0,391.45000000000437,0.1148222068347602,0,0,1,0,42.042142857143645,37.45000000000073,8.953397101547557,10.051268357810171,216.48999999999796,333.79999999999563,333.79999999999563,1.1276812462552521,301.1359999999986
2026-07-10T14:18:00,1783693080,cont,-1,64069.59,64660.0,63597.26,63597.26,tp,9.4466,2,75,64140.67,73.44999999999709,590.4100000000035,0.1244050744397904,130.52999999999884,145.8000000000029,0.8952674897119083,0.8952674897119083,0.06737523063667036,149.34999999999854,2216.689999999966,2,49.78333333333285,0.049476152615211565,2,1,1,3,72.40857142857203,69.52999999999884,8.153868918438997,8.491442542787478,353.3000000000029,608.0500000000029,608.0500000000029,0.9709892278595521,472.3280000000028
2026-07-12T07:14:00,1783840440,flip,1,63772.9,63678.23,63848.64,63848.64,tp,1.5147,1,0,63767.28,8.980000000003201,94.66999999999825,0.09485581493612937,15.099999999998545,23.589999999996508,0.6401017380246198,0.9325985587114565,nan,nan,nan,nan,nan,0.076218987646681,1,0,2,1,17.29500000000085,24.81499999999869,5.473836368892373,3.8150312311103467,87.29999999999563,99.61999999999534,190.88999999999942,0.4959400701974883,75.73599999999861
2026-07-12T07:54:00,1783842840,cont,1,63843.55,63801.48,63877.21,63877.21,tp,0.6731,2,28,63834.17,0.6600000000034925,42.06999999999971,0.01568813881634174,22.599999999998545,27.220000000001164,0.8302718589271704,0.8956649522411321,0.18852802008559943,58.56999999999971,310.67000000003463,0,58.56999999999971,0.16369886766279693,1,0,1,1,17.72357142857072,17.459999999999127,2.373675089670815,2.4095074455900236,37.7699999999968,88.77999999999884,160.25999999999476,0.26251091975540425,33.65599999999977
2026-07-12T22:00:00,1783893600,flip,-1,63774.6,63911.56,63665.03,63665.03,tp,2.1914,1,0,63854.47,64.98999999999796,136.95999999999913,0.47451810747662365,95.55999999999767,169.3199999999997,0.5643751476494084,0.5643751476494084,nan,nan,nan,nan,nan,0.4360740523067671,1,0,1,1,53.4835714285712,25.68500000000131,2.5607863562909783,5.332295113879391,282.6299999999974,331.23999999999796,479.6999999999971,0.2855117781947049,109.5679999999993
2026-07-13T07:23:00,1783927380,flip,1,62863.5,62567.68,63100.16,63100.16,tp,4.7331,1,0,62841.79,12.089999999996508,295.8199999999997,0.040869447637064835,41.799999999995634,103.82999999999447,0.4025811422517371,0.6088798998362444,nan,nan,nan,nan,nan,0.16562875150059694,0,0,1,0,38.81357142857087,31.239999999997963,7.621560941497002,9.469270166453873,160.09999999999854,195.30999999999767,219.13999999999942,1.3499132974354318,236.65599999999978
2026-07-13T10:46:00,1783939560,flip,-1,62844.22,62916.54,62786.36,62917.83,sl,-1.4722,1,0,62860.49,19.5,72.31999999999971,0.26963495575221347,52.88000000000466,54.88999999999942,0.9633813080707819,0.9633813080707819,nan,nan,nan,nan,nan,0.3188889245277172,1,0,1,1,37.27357142857103,10.705000000001746,1.9402487400111277,6.755721625407558,227.38999999999942,262.5199999999968,262.5199999999968,0.27548377266494206,57.85599999999977
2026-07-13T12:08:00,1783944480,cont,-1,62786.34,63076.33,62554.35,62554.35,tp,4.6398,2,82,62810.04,24.669999999998254,289.99000000000524,0.0850718990309935,50.96999999999389,99.90999999999622,0.5101591432288641,0.5402862576318483,0.037174174575587735,55.61999999999534,1496.2000000000262,2,18.539999999998447,0.22537606035547994,2,1,1,3,35.96142857142799,25.69499999999971,8.063917689588328,11.285853278848357,192.34999999999854,212.77999999999884,336.8899999999994,0.8607854195731715,231.9920000000042
2026-07-13T14:19:00,1783952340,flip,1,62419.47,62026.59,62733.77,62733.77,tp,6.2861,1,0,62361.64,50.37000000000262,392.88000000000466,0.12820708613317558,98.63000000000466,128.70000000000437,0.7663558663558765,0.8440559440559516,nan,nan,nan,nan,nan,-0.003310512176098109,2,1,1,3,89.644285714286,73.17499999999927,4.382655256489975,5.369046805603124,405.49000000000524,405.49000000000524,691.3700000000026,0.5682630140156547,314.3040000000037
2026-07-13T15:10:00,1783955400,cont,1,62747.8,62612.61,62855.95,62855.95,tp,2.163,5,51,62744.11,1.069999999999709,135.19000000000233,0.007914786596639474,36.80000000000291,59.43000000000029,0.619215884233598,0.7740198552919363,0.18801600424371961,333.16999999999825,1772.0299999999988,0,333.16999999999825,0.2036439085034409,2,1,1,3,47.568571428572405,59.43000000000029,2.8420025226740253,2.2747770486286667,185.63999999999942,319.4100000000035,771.6600000000035,0.17519373817484607,108.15200000000186
2026-07-13T16:06:00,1783958760,flip,-1,62489.48,62610.06,62393.02,62393.02,tp,1.9293,1,0,62498.3,10.17000000000553,120.57999999999447,0.08434234533095038,15.75,34.11000000000058,0.46174142480210295,0.6643213133979216,nan,nan,nan,nan,nan,0.11490591103142793,2,0,2,2,36.55857142857245,41.335000000002765,3.2982689226678823,2.9171404378852404,93.33999999999651,182.3399999999965,441.2300000000032,0.2732815085102862,96.46399999999558
2026-07-13T16:30:00,1783960200,cont,-1,62199.94,62288.83,62128.83,62289.2,sl,-1.7852,3,24,62230.31,37.419999999998254,88.88999999999942,0.42096973787825964,84.19000000000233,84.94999999999709,0.9910535609182485,1.0,0.5336176980913727,295.23999999999796,553.2800000000061,0,295.23999999999796,0.43739956843119115,1,0,1,1,52.44499999999867,41.4900000000016,1.6949184860330189,2.1424439624004816,256.3899999999994,376.1900000000023,600.5200000000041,0.14802171451408583,71.11199999999954
2026-07-13T16:46:00,1783961160,flip,1,62348.08,62294.9,62390.62,62292.43,sl,-1.113,1,0,62328.21,15.720000000001164,53.18000000000029,0.29559984956752683,23.580000000001746,39.70999999999913,0.5938050868799362,0.8103752203475446,nan,nan,nan,nan,nan,-0.18048357268430582,2,0,2,2,44.54357142857147,39.72500000000218,1.1938872051442462,1.3387035871616708,223.4699999999939,294.2099999999991,487.3799999999974,0.10911403832738434,42.54400000000024
2026-07-13T17:23:00,1783963380,flip,-1,62164.16,62288.11,62065.0,62065.0,tp,1.9832,1,0,62180.19,15.330000000001746,123.94999999999709,0.12367890278339738,15.979999999995925,25.69000000000233,0.6220319190344289,0.9314908524717058,nan,nan,nan,nan,nan,0.06885342306875553,3,0,3,3,31.789999999999832,40.525000000001455,3.899024850581873,3.058605798889393,154.65000000000146,154.65000000000146,223.4699999999939,0.5546605808385935,99.15999999999768
2026-07-13T18:12:00,1783966320,cont,-1,61823.85,61985.76,61694.32,61987.78,sl,-3.2786,2,49,61825.98,12.680000000000291,161.9100000000035,0.0783151133345687,73.69999999999709,83.66999999999825,0.8808414007409899,0.8808414007409899,0.24979394628391943,351.5599999999977,1407.4000000000378,0,351.5599999999977,0.28336673346692204,2,0,2,2,56.215714285715094,43.79999999999927,2.880155523366644,3.6965753424658945,192.83000000000175,316.3199999999997,452.43999999999505,0.35785960569358427,129.5280000000028
2026-07-13T19:17:00,1783970220,flip,1,62023.42,61917.4,62108.24,62108.24,tp,1.6963,1,0,62015.52,4.930000000000291,106.0199999999968,0.046500660252786645,9.57999999999447,41.080000000001746,0.23320350535525958,0.4067672833495233,nan,nan,nan,nan,nan,0.13541427587789703,1,0,2,1,31.06499999999869,36.72500000000218,3.4128440366972885,2.886861810755357,132.26000000000204,139.11000000000058,293.2699999999968,0.3615098714495105,84.81599999999744
2026-07-13T19:50:00,1783972200,cont,1,62135.63,62055.17,62200.0,62200.0,tp,1.2874,3,33,62107.47,17.400000000001455,80.45999999999913,0.21625652498137762,27.780000000006112,33.68000000000029,0.8248218527317658,0.8248218527317658,0.17070459375511654,104.42000000000553,611.7000000000044,0,104.42000000000553,0.16496582716974273,1,0,1,1,29.56642857142859,33.335000000002765,2.7213296934263935,2.413679316033972,101.29999999999563,210.1999999999971,222.61999999999534,0.36142305273560693,64.3679999999993
2026-07-13T20:04:00,1783973040,cont,1,62236.15,62164.09,62293.8,62163.55,sl,-1.452,4,47,62222.42,11.910000000003492,72.06000000000495,0.1652789342215192,30.270000000004075,39.50999999999476,0.7661351556570004,0.9192609465959131,0.25145195043382657,213.88000000000466,850.5800000000017,0,213.88000000000466,0.2710682604119646,1,0,1,1,31.669999999998772,31.61999999999898,2.275339437954144,2.2789373814044045,140.4300000000003,208.04999999999563,316.9499999999971,0.22735447231426284,57.64800000000396
2026-07-13T20:15:00,1783973700,flip,-1,62109.7,62160.44,62069.11,62069.11,tp,0.8118,1,0,62134.65,23.5,50.74000000000524,0.463145447378746,37.98999999999796,61.349999999998545,0.6192339038304623,0.6265688671555985,nan,nan,nan,nan,nan,-0.10673737968965127,2,0,2,2,29.131428571428323,31.340000000000146,1.7417614750884647,1.6190172303766752,166.7300000000032,199.8000000000029,334.40000000000146,0.15173444976078054,40.59200000000419
2026-07-13T20:50:00,1783975800,cont,-1,62026.39,62193.3,61892.86,61892.86,tp,2.6706,2,35,62031.83,5.959999999999127,166.9100000000035,0.03570786651488229,11.290000000000873,25.080000000001746,0.4501594896331773,0.6945773524719713,0.14320257925846025,85.27999999999884,595.5200000000041,2,28.42666666666628,0.10060566643632587,3,1,2,4,26.78785714285706,26.04500000000189,6.230808202010655,6.408523708964921,184.84000000000378,198.13999999999942,250.05999999999767,0.667479804846857,133.5280000000028
2026-07-14T00:55:00,1783990500,flip,1,62519.07,62235.91,62745.6,62745.6,tp,4.5306,1,0,62404.39,112.29000000000087,283.1599999999962,0.3965602486226952,169.02999999999884,254.38999999999942,0.664452219033764,0.6859153268603261,nan,nan,nan,nan,nan,0.17483561939545525,1,1,1,2,53.889285714286025,44.00499999999738,5.254476771157696,6.434723326894968,381.1100000000006,381.1100000000006,405.97000000000116,0.6974899623124748,226.52799999999698
2026-07-14T06:14:00,1784009640,flip,-1,62587.33,62652.11,62535.51,62654.87,sl,-1.3508,1,0,62585.66,4.480000000003201,64.77999999999884,0.06915714726772587,54.650000000001455,54.830000000001746,0.9967171256611292,1.0,nan,nan,nan,nan,nan,0.19943242284497498,1,0,1,1,27.687857142857474,25.905000000002474,2.3396537935659594,2.500675545261249,83.44999999999709,114.29999999999563,230.59999999999854,0.28091934084995335,51.823999999999074
2026-07-14T06:50:00,1784011800,cont,-1,62579.57,62691.21,62490.26,62490.26,tp,1.7862,2,36,62581.18,0.16000000000349246,111.63999999999942,0.0014331780724067833,7.580000000001746,12.330000000001746,0.6147607461476621,0.8434712084347107,0.0003583908252027194,0.16000000000349246,446.4399999999732,2,0.05333333333449749,0.08037649973742549,2,1,1,3,25.409999999999854,23.529999999998836,4.393545848091305,4.744581385465573,156.95999999999913,156.95999999999913,156.95999999999913,0.7112640163098881,89.31199999999954
2026-07-14T07:12:00,1784013120,cont,-1,62489.64,62578.31,62418.7,62580.06,sl,-1.8084,3,58,62502.58,16.360000000000582,88.66999999999825,0.18450434194204246,14.849999999998545,20.30000000000291,0.7315270935958825,0.7315270935958825,0.11310147689376202,94.95999999999913,839.5999999999694,2,31.65333333333304,0.15059028045197967,2,1,1,3,35.687142857143044,28.679999999996653,2.484648332732815,3.0917015341704532,102.91999999999825,154.36000000000058,228.19000000000233,0.3885796923616168,70.9359999999986
2026-07-14T07:46:00,1784015160,cont,-1,62430.38,62568.64,62319.77,62571.37,sl,-2.8198,4,92,62461.13,32.729999999995925,138.26000000000204,0.2367279039490485,48.83999999999651,56.25,0.8682666666666046,0.9967999999999948,0.11390951656675781,152.77999999999884,1341.2400000000052,2,50.92666666666628,0.17896213183729842,2,1,1,3,31.155714285714826,30.415000000000873,4.4377092026227585,4.545783330593394,134.9499999999971,148.87999999999738,179.98999999999796,0.7681537863214823,110.60800000000164
2026-07-14T10:44:00,1784025840,flip,1,62735.71,62456.15,62959.36,62959.36,tp,4.473,1,0,62721.76,15.07999999999447,279.5599999999977,0.05394190871367362,48.89999999999418,56.37999999999738,0.8673288400141265,0.8673288400141265,nan,nan,nan,nan,nan,0.2666481864511546,0,0,1,0,36.13642857142882,23.084999999999127,7.73623767073183,12.11002815681214,213.90000000000146,213.90000000000146,292.72000000000116,0.9550423613008902,223.64799999999815
2026-07-14T12:30:00,1784032200,cont,1,63530.56,62835.92,64086.27,64086.27,tp,11.1142,3,106,63014.77,483.65000000000146,694.6399999999994,0.6962599332028128,605.7999999999956,640.3700000000026,0.9460155847400614,0.9687368240236052,0.2915897726489622,761.5800000000017,2611.8199999999633,0,761.5800000000017,0.4196064422017868,0,0,1,0,104.75285714285721,29.24499999999898,6.631227242352739,23.75243631390062,770.1900000000023,810.8500000000058,810.8500000000058,0.8566812604057402,555.7119999999995
2026-07-14T14:04:00,1784037840,flip,-1,63550.05,63867.81,63295.84,63869.43,sl,-6.3876,1,0,63648.31,97.84999999999854,317.75999999999476,0.3079368076535755,174.37000000000262,215.91999999999825,0.8075676176361802,0.8272045201926733,nan,nan,nan,nan,nan,0.08641613767323414,1,0,1,1,76.76928571428653,66.90499999999884,4.139155354168687,4.749420820566479,354.6599999999962,392.7099999999991,617.1500000000015,0.5148829295957126,254.20799999999582
2026-07-14T14:58:00,1784041080,flip,1,64065.14,63965.57,64144.8,64144.8,tp,1.5931,1,0,64019.4,50.90999999999622,99.56999999999971,0.51129858391078,76.11999999999534,76.11999999999534,1.0,1.0,nan,nan,nan,nan,nan,0.16362381579773208,2,0,2,2,48.002142857141735,55.1349999999984,2.07428239810727,1.8059308968895003,209.29000000000087,282.25999999999476,557.1599999999962,0.17870988584966685,79.65599999999978
2026-07-14T15:29:00,1784042940,cont,1,64482.73,64136.31,64759.87,64759.87,tp,5.5427,2,31,64358.16,76.58999999999651,346.42000000000553,0.22109000635065898,77.16000000000349,158.29000000000087,0.4874597258197174,0.4874597258197174,0.27225866216438455,364.4400000000023,1338.5800000000017,0,364.4400000000023,0.2585940329890763,2,0,2,2,65.60642857142739,50.69999999999709,5.280275234352214,6.832741617357503,377.6999999999971,380.84999999999854,727.8299999999945,0.47596279350948456,277.13600000000446
2026-07-15T13:45:00,1784123100,flip,-1,65090.05,65307.55,64916.05,64916.05,tp,3.48,1,0,65181.46,85.29999999999563,217.5,0.39218390804595693,121.23999999999796,135.9800000000032,0.8916017061332189,0.8916017061332189,nan,nan,nan,nan,nan,-0.13195437527737866,1,0,1,1,89.96142857142902,72.9900000000016,2.4177028250202346,2.9798602548293633,387.41999999999825,441.52999999999884,774.6699999999983,0.2807647127163831,174.0
2026-07-15T14:21:00,1784125260,flip,1,65366.48,65161.32,65530.61,65157.97,sl,-4.1702,1,0,65352.55,5.029999999998836,205.1600000000035,0.02451744979527564,195.15000000000146,221.66999999999825,0.8803627013127757,0.9786168629043263,nan,nan,nan,nan,nan,-0.04634513682096608,2,0,2,2,92.28642857142924,81.90999999999985,2.223078768740202,2.5047002807960426,221.66999999999825,541.2799999999988,691.0800000000017,0.2968686693291702,164.1280000000028
2026-07-15T14:33:00,1784125980,cont,1,65400.32,65010.87,65711.88,65005.51,sl,-7.8962,2,12,65362.32,37.23999999999796,389.4499999999971,0.09562203106945241,80.18000000000029,83.81000000000495,0.9566877460922988,0.9873523445888929,0.059588360539385085,41.979999999995925,704.4999999999854,2,13.993333333331975,0.0018396662546749014,3,1,2,4,106.29214285714365,85.67499999999927,3.6639584971338555,4.5456667639334745,389.75,389.75,647.7999999999956,0.6011886384686628,311.5599999999977
2026-07-15T19:20:00,1784143200,flip,-1,64712.89,65139.41,64371.67,64371.67,tp,6.8243,1,0,64726.87,4.780000000006112,426.5200000000041,0.01120697739849495,54.99000000000524,83.37000000000262,0.6595897804966236,0.6595897804966236,nan,nan,nan,nan,nan,0.2957643513689529,0,0,1,0,32.697142857143,29.23500000000422,13.044564837469483,14.589362066014795,206.6600000000035,282.01000000000204,385.3000000000029,1.1069815728004175,341.2160000000033
2026-07-16T01:49:00,1784166540,flip,1,64744.53,64550.65,64899.63,64548.39,sl,-3.9228,1,0,64694.77,42.890000000006694,193.87999999999738,0.22121931091400493,64.9600000000064,75.95000000000437,0.855299539170542,0.9529953917050756,nan,nan,nan,nan,nan,0.16385109763714367,2,1,1,3,41.986428571428924,33.470000000001164,4.617682584508499,5.79265013444848,190.58000000000175,398.3700000000026,398.3700000000026,0.4866832341792708,155.1039999999979
2026-07-16T03:48:00,1784173680,flip,-1,64522.06,64686.51,64390.5,64687.28,sl,-3.3044,1,0,64531.87,9.780000000006112,164.45000000000437,0.059470963818825495,47.13000000000466,53.599999999998545,0.8792910447762301,0.9078358208956122,nan,nan,nan,nan,nan,0.054811554332880714,1,0,2,1,23.84785714285733,23.674999999999272,6.895797765597518,6.946145723337251,184.87999999999738,184.87999999999738,184.87999999999738,0.8894958892254797,131.5600000000035
2026-07-16T05:33:00,1784179980,flip,1,64947.23,64847.96,65026.65,64846.97,sl,-2.0052,1,0,64905.69,36.799999999995634,99.27000000000407,0.37070615493093706,49.13999999999942,62.5199999999968,0.7859884836852516,0.8664427383237528,nan,nan,nan,nan,nan,0.35584129179360047,1,0,2,1,39.520000000000955,25.25,2.5118927125506496,3.931485148515013,245.75999999999476,377.1299999999974,428.27999999999884,0.23178761557860358,79.41600000000327
2026-07-16T06:13:00,1784182380,flip,-1,64796.47,64922.85,64695.37,64695.37,tp,2.0221,1,0,64803.71,10.769999999996799,126.37999999999738,0.085219180250016,18.06999999999971,18.540000000000873,0.97464940668818,0.9870550161809478,nan,nan,nan,nan,nan,-0.07957503921347128,2,0,2,2,33.79285714285704,33.5,3.739843584865713,3.7725373134327578,130.15000000000146,130.15000000000146,262.5399999999936,0.48137426677839745,101.10399999999791
2026-07-16T07:15:00,1784186100,cont,-1,64555.91,64742.37,64406.74,64406.74,tp,2.9834,4,62,64578.98,23.110000000000582,186.45999999999913,0.12394079159069339,42.479999999995925,62.19000000000233,0.6830680173660449,0.7866216433509635,0.20422104492397813,237.0699999999997,1160.8499999999985,2,79.02333333333324,0.2203150675144658,2,1,2,3,29.246428571428883,26.989999999994325,6.375479301501917,6.908484623936211,183.76000000000204,199.77000000000407,304.31000000000495,0.6127304393545927,149.1679999999993
2026-07-16T07:50:00,1784188200,cont,-1,64100.23,64220.28,64004.19,64004.19,tp,1.9208,5,97,64139.83,39.94000000000233,120.04999999999563,0.33269471053730765,79.04000000000087,93.05000000000291,0.8494357872111596,0.8939279957012111,0.3566558082328553,693.0500000000029,1943.1900000000023,2,231.01666666666765,0.49634573394306025,1,1,1,2,49.537142857142626,30.20499999999811,2.4234340754411505,3.9745075318656897,260.45000000000437,476.1400000000067,652.3500000000058,0.18402697938222512,96.03999999999651
2026-07-16T14:01:00,1784210460,flip,1,64444.97,64055.49,64756.55,64756.55,tp,6.2317,1,0,64405.71,34.720000000001164,389.4800000000032,0.08914450035945588,56.34000000000378,85.79000000000087,0.6567198974239796,1.0,nan,nan,nan,nan,nan,0.24004397389297807,1,1,1,2,79.37285714285723,51.289999999997235,4.906967117222547,7.5936829791387055,384.9400000000023,384.9400000000023,526.2099999999991,0.7401607723152427,311.58400000000256
2026-07-16T17:10:00,1784221800,flip,-1,64213.2,64344.35,64108.28,64108.28,tp,2.0984,1,0,64239.4,27.029999999998836,131.15000000000146,0.20609988562713333,53.549999999995634,85.16000000000349,0.6288163457021305,0.7989666510098413,nan,nan,nan,nan,nan,0.15003087534516277,1,0,1,1,53.94571428571414,51.655000000002474,2.4311477146337923,2.5389604104151617,296.25,296.25,421.4599999999991,0.31118018317278445,104.92000000000117
2026-07-16T17:50:00,1784224200,cont,-1,64076.91,64222.5,63960.44,63960.44,tp,2.3294,2,40,64082.51,8.55000000000291,145.5899999999965,0.058726560890192424,21.709999999999127,48.720000000001164,0.4456075533661455,0.4456075533661455,0.1721239103130062,138.4100000000035,804.1300000000338,0,138.4100000000035,0.2598342834514997,1,0,1,1,41.65357142857257,44.20000000000073,3.4952585098171918,3.2938914027147987,200.22000000000116,208.5500000000029,451.3700000000026,0.32255134368698773,116.47199999999721
2026-07-16T18:16:00,1784225760,flip,1,64174.09,64101.97,64231.79,64231.79,tp,1.1539,1,0,64166.35,6.1600000000034925,72.11999999999534,0.0854132002219064,57.17000000000553,60.78000000000611,0.940605462323129,0.940605462323129,nan,nan,nan,nan,nan,0.011871415232761917,2,0,2,2,40.27642857142928,45.29000000000087,1.7906254987850339,1.5924045043054527,158.87000000000262,241.0,308.34999999999854,0.23389005999674292,57.695999999996275
2026-07-16T20:59:00,1784235540,flip,-1,64064.58,64281.98,63890.66,63890.66,tp,3.4784,1,0,64063.8,0.2800000000061118,217.40000000000146,0.0012879484820888221,23.05000000000291,35.01000000000204,0.6583833190517443,1.0,nan,nan,nan,nan,nan,0.21579296436160747,0,0,1,0,22.79785714285702,20.81000000000131,9.535983958392196,10.446900528591435,65.45000000000437,112.70999999999913,185.2800000000061,1.1733592400690538,173.92000000000118
2026-07-17T03:03:00,1784257380,flip,1,63490.28,63419.99,63546.51,63546.51,tp,1.1246,1,0,63466.46,17.700000000004366,70.29000000000087,0.25181391378580376,35.28000000000611,47.7300000000032,0.7391577624136548,0.7391577624136548,nan,nan,nan,nan,nan,-0.00030741988637760957,1,1,1,2,35.34928571428619,40.2200000000048,1.9884418759724363,1.7476379910490423,170.9499999999971,170.9499999999971,277.8899999999994,0.25294181150815437,56.2320000000007
2026-07-17T03:16:00,1784258160,cont,1,63616.22,63544.84,63673.32,63544.82,sl,-1.428,2,13,63598.54,12.87000000000262,71.38000000000466,0.18030260577194984,39.35000000000582,40.54000000000087,0.9706462752837931,1.0,0.4973228592644793,127.25,255.86999999999534,0,127.25,0.015123900439483876,1,1,1,2,36.893571428571576,38.68500000000131,1.9347544094016789,1.8451596225927942,187.84000000000378,285.75,285.75,0.24979877515312215,57.10400000000373
2026-07-17T04:03:00,1784260980,flip,-1,63459.33,63538.06,63396.35,63396.35,tp,1.2597,1,0,63470.96,17.229999999995925,78.72999999999593,0.21884923155082964,12.389999999999418,41.43000000000029,0.29905865314987523,0.29905865314987523,nan,nan,nan,nan,nan,0.03159359199310574,2,0,2,2,29.664999999999313,31.705000000001746,2.653969324119257,2.4832045418701023,113.55999999999767,220.75999999999476,247.47000000000116,0.3181395724734132,62.98399999999674
2026-07-17T05:26:00,1784265960,cont,-1,63246.69,63520.99,63027.25,63027.25,tp,4.3888,3,83,63248.79,4.220000000001164,274.29999999999563,0.015384615384619873,18.900000000001455,39.06000000000495,0.48387096774191146,0.7107014848949954,0.12502988857538833,209.1600000000035,1672.8800000000629,2,69.72000000000116,0.07258703491097987,2,1,1,3,28.31642857142859,30.539999999997235,9.68695608304098,8.9816633922731,154.6800000000003,211.27000000000407,289.3500000000058,0.9479868671159154,219.43999999999653
2026-07-17T05:40:00,1784266800,cont,-1,62987.69,63159.57,62850.19,62850.19,tp,2.7501,4,97,63039.15,49.05000000000291,171.87999999999738,0.28537351640681674,57.93000000000029,161.3199999999997,0.35909992561368953,0.3962930820729011,0.21416660122596884,463.63000000000466,2164.8100000000704,2,154.54333333333489,0.23597602506469678,2,1,1,3,62.8585714285712,32.289999999997235,2.7343924001726916,5.323010219882691,383.2700000000041,497.4599999999991,629.9100000000035,0.27286437745074127,137.50399999999792
2026-07-17T10:02:00,1784282520,flip,1,63002.98,62907.2,63079.6,63079.6,tp,1.5325,1,0,63002.48,6.3399999999965075,95.78000000000611,0.06619335978279497,24.110000000000582,29.270000000004075,0.8237102835666972,0.8237102835666972,nan,nan,nan,nan,nan,0.19068660774982174,1,0,1,1,27.32571428571464,24.909999999999854,3.505123379339367,3.8450421517465543,110.54000000000087,138.8000000000029,215.8199999999997,0.44379575572239016,76.6240000000049
2026-07-17T10:40:00,1784284800,cont,1,63104.07,62962.64,63217.21,63217.21,tp,2.2629,2,38,63079.55,16.349999999998545,141.4300000000003,0.11560489287985937,0.6100000000005821,14.87000000000262,0.04102219233358942,0.472091459314246,0.1404924010196521,87.08000000000175,619.820000000007,0,87.08000000000175,0.14434403743747073,1,0,1,1,21.712857142857892,26.709999999999127,6.513652213961233,5.2950205915389335,120.52999999999884,157.19000000000233,200.30999999999767,0.7060556137986218,113.14400000000023
2026-07-17T11:54:00,1784289240,flip,1,63293.52,63208.33,63361.67,63208.02,sl,-1.71,1,0,63282.63,2.389999999999418,85.18999999999505,0.028054936025349884,30.439999999995052,53.61000000000058,0.567804514083095,0.8901324379778656,nan,nan,nan,nan,nan,0.17582137899120426,2,0,3,2,32.89714285714165,24.99499999999898,2.5895865902379156,3.4082816563312073,97.03000000000611,260.5,293.6900000000023,0.29006775852087024,68.15199999999605
2026-07-17T12:19:00,1784290740,flip,-1,63148.43,63239.05,63075.93,63075.93,tp,1.4499,1,0,63165.21,15.900000000001455,90.62000000000262,0.1754579563010483,17.56999999999971,35.19000000000233,0.4992895709007828,0.6112531969309637,nan,nan,nan,nan,nan,-0.1233537936716049,3,0,3,3,25.608571428573278,25.424999999995634,3.5386589311612884,3.5642084562445695,103.42000000000553,162.12000000000262,274.3799999999974,0.33027188570596794,72.4960000000021
2026-07-17T13:02:00,1784293320,cont,-1,62940.29,63106.73,62807.14,62807.14,tp,2.663,4,43,62995.96,49.279999999998836,166.44000000000233,0.2960826724344998,58.5,74.68000000000029,0.7833422603106558,0.8936797000535311,0.2534363938814001,202.62999999999738,799.5300000000061,0,202.62999999999738,0.29497284988614647,3,0,3,3,38.161428571428715,27.589999999996508,4.361471942499951,6.0326205146800795,167.99000000000524,208.52999999999884,312.3899999999994,0.5327955440315075,133.15200000000186
2026-07-17T13:34:00,1784295240,cont,-1,62666.54,62882.48,62493.79,62493.79,tp,3.455,5,75,62709.9,69.54000000000087,215.94000000000233,0.32203389830508533,86.19999999999709,111.90999999999622,0.7702618175319453,1.0,0.2690309178079972,508.9499999999971,1891.7900000000227,0,508.9499999999971,0.2925919667857448,1,0,2,1,62.69499999999919,44.36000000000422,3.444293803333681,4.867899008115009,260.3000000000029,298.3700000000026,486.4799999999959,0.4438825851011432,172.75200000000189
2026-07-17T16:10:00,1784304600,flip,1,63485.14,62792.0,64039.65,64039.65,tp,11.0902,1,0,63463.35,12.62000000000262,693.1399999999994,0.018207000028857993,54.330000000001746,98.93000000000029,0.5491761851814575,0.5491761851814575,nan,nan,nan,nan,nan,0.32460193258315473,0,0,1,0,56.58142857142853,48.91500000000087,12.250309288762086,14.170295410405542,234.98999999999796,434.3000000000029,728.5699999999997,0.951370492883319,554.5119999999996
2026-07-17T17:47:00,1784310420,cont,1,64146.53,63870.17,64367.62,63869.65,sl,-5.5376,4,97,64107.75,42.900000000001455,276.3600000000006,0.15523230568823768,113.02999999999884,113.93999999999505,0.9920133403546054,0.9920133403546054,0.21516500618693435,674.6800000000003,3135.6400000000067,0,674.6800000000003,0.28549331992807586,0,0,1,0,55.97642857142845,57.01499999999942,4.937078106856223,4.8471454880295255,220.5199999999968,279.8999999999942,625.6699999999983,0.4417024949254421,221.08800000000048
2026-07-17T18:27:00,1784312820,flip,-1,63853.55,63929.73,63792.61,63930.94,sl,-1.5478,1,0,63863.42,15.659999999996217,76.18000000000029,0.2055657652926773,30.229999999995925,57.2699999999968,0.5278505325650011,0.906408241662286,nan,nan,nan,nan,nan,0.11863587939449466,1,0,1,1,47.8371428571445,49.76499999999942,1.5924864122319289,1.5307947352557256,238.6999999999971,238.6999999999971,344.18999999999505,0.22133124146547367,60.94400000000024
2026-07-17T18:41:00,1784313660,flip,1,64057.81,63958.3,64137.42,64137.42,tp,1.5922,1,0,64022.73,40.93999999999505,99.50999999999476,0.4114159380966456,45.18000000000029,53.30000000000291,0.8476547842401093,0.8596622889305292,nan,nan,nan,nan,nan,0.04059234903897286,2,0,2,2,43.09571428571404,49.284999999999854,2.3090463088804567,2.01907274018454,228.75,238.6999999999971,344.18999999999505,0.28911357099275453,79.60799999999581
2026-07-17T20:17:00,1784319420,flip,-1,63947.84,64171.89,63768.6,64172.64,sl,-4.496,1,0,63962.32,5.4099999999962165,224.0500000000029,0.02414639589375651,7.619999999995343,24.599999999998545,0.30975609756080463,0.46544715447145396,nan,nan,nan,nan,nan,0.0787468082834103,3,0,3,3,26.921428571428155,32.4700000000048,8.322366675510983,6.900215583614714,95.29999999999563,235.40999999999622,242.20999999999913,0.9250237397300017,179.24000000000234
2026-07-17T21:27:00,1784323620,cont,1,64167.79,64069.33,64246.56,64068.56,sl,-1.9846,2,32,64158.56,1.5299999999988358,98.45999999999913,0.015539305301633652,15.37999999999738,22.650000000001455,0.6790286975715847,0.7545253863132632,0.09410304969633068,43.229999999995925,459.38999999998487,0,43.229999999995925,0.14380221449414127,1,0,2,1,22.08642857142903,24.224999999998545,4.457941205006175,4.06439628482993,83.34999999999854,96.31999999999971,252.38999999999942,0.39011054320693905,78.7679999999993
2026-07-17T21:46:00,1784324760,flip,-1,64029.5,64071.19,63996.15,64071.29,sl,-0.8358,1,0,64038.5,18.349999999998545,41.69000000000233,0.4401535140320825,48.86999999999534,48.86999999999534,1.0,1.0,nan,nan,nan,nan,nan,0.001121168848025076,2,0,3,2,23.1414285714288,22.93500000000131,1.8015309587012371,1.817745803357312,72.44999999999709,165.11000000000058,194.87000000000262,0.21393749679274268,33.352000000001865
2026-07-17T22:00:00,1784325600,flip,1,64114.23,64031.96,64180.05,64031.87,sl,-1.6472,1,0,64073.97,32.58999999999651,82.27000000000407,0.39613467849756767,49.979999999995925,51.93000000000029,0.9624494511842027,0.9624494511842027,nan,nan,nan,nan,nan,0.013588436216023975,3,0,4,3,25.731428571427905,21.840000000000146,3.1972573839664857,3.7669413919415535,88.36000000000058,88.36000000000058,165.11000000000058,0.49827387802073636,65.81600000000326
2026-07-17T23:02:00,1784329320,flip,-1,63892.43,63949.69,63846.62,63846.62,tp,0.9162,1,0,63890.66,0.17000000000552973,57.26000000000204,0.0029689137269564036,6.42000000000553,30.310000000004948,0.21181128340496475,0.21181128340496475,nan,nan,nan,nan,nan,0.28298646885088025,3,0,3,3,19.47285714285733,18.864999999997963,2.940503264617493,3.035250463822328,90.09999999999854,90.09999999999854,190.20000000000437,0.3010515247108345,45.808000000001634
2026-07-18T03:58:00,1784347080,flip,1,63976.61,63835.91,64089.17,64089.17,tp,2.2512,1,0,63969.24,0.41000000000349246,140.6999999999971,0.0029140014214889902,6.970000000001164,22.989999999997963,0.3031752936059931,0.5432796868203162,nan,nan,nan,nan,nan,0.1421447640155155,0,0,1,0,15.069285714285277,14.105000000003201,9.336872541119668,9.975186104215892,96.48999999999796,96.48999999999796,96.48999999999796,1.4581821950461193,112.55999999999767
2026-07-19T04:12:00,1784434320,flip,-1,64578.71,64667.77,64507.46,64672.54,sl,-1.8766,1,0,64594.92,35.95999999999913,89.05999999999767,0.4037727374803511,32.30000000000291,32.30000000000291,1.0,1.0,nan,nan,nan,nan,nan,0.2253671515342668,1,0,1,1,19.358571428571718,17.090000000000146,4.600546085159578,5.211234640140252,112.37000000000262,112.37000000000262,139.9300000000003,0.6364610876866825,71.24799999999814
2026-07-19T04:35:00,1784435700,flip,1,64682.14,64643.57,64713.0,64713.0,tp,0.6171,1,0,64675.66,2.9199999999982538,38.56999999999971,0.07570650764838673,20.660000000003492,23.81999999999971,0.8673383711168658,0.8673383711168658,nan,nan,nan,nan,nan,0.09194994860161737,2,0,2,2,17.725714285715053,17.284999999999854,2.175934880722004,2.231414521261211,69.52999999999884,122.77999999999884,122.77999999999884,0.3141391106043336,30.855999999999767
2026-07-19T05:15:00,1784438100,cont,1,64776.46,64669.09,64862.36,64668.89,sl,-2.1514,2,40,64752.33,14.290000000000873,107.37000000000262,0.13309118003167109,30.310000000004948,36.44000000000233,0.8317782656422341,0.8317782656422341,0.2065599924921311,88.04000000000087,426.220000000023,0,88.04000000000087,0.2617533718689658,2,0,2,2,18.317857142854855,17.349999999998545,5.861493468513256,6.188472622479056,84.79000000000087,110.88999999999942,170.08000000000175,0.6312911571025489,85.8960000000021
2026-07-19T08:18:00,1784449080,flip,-1,64619.34,64736.47,64525.64,64525.64,tp,1.8741,1,0,64641.63,22.389999999999418,117.13000000000466,0.19115512678219523,28.630000000004657,43.37999999999738,0.6599815583219545,0.739280774550522,nan,nan,nan,nan,nan,0.06554247534203407,0,0,1,0,18.740714285713434,14.694999999999709,6.250028585585775,7.970738346376793,81.65999999999622,96.69000000000233,128.54000000000087,0.9112338571651148,93.70400000000373
2026-07-19T10:01:00,1784455260,cont,-1,64442.17,64501.46,64394.74,64501.82,sl,-1.193,3,103,64446.76,1.9700000000011642,59.29000000000087,0.03322651374601341,7.709999999999127,25.849999999998545,0.2982591876208728,0.2982591876208728,0.19269642442919213,174.4499999999971,905.3100000000268,0,174.4499999999971,0.3757257684863837,0,0,1,0,17.652857142856583,17.44499999999971,3.3586631059320164,3.398681570650723,75.47999999999593,134.22000000000116,249.05999999999767,0.2380550871276055,47.4320000000007
2026-07-19T10:22:00,1784456520,flip,1,64561.63,64531.59,64585.66,64530.62,sl,-0.6202,1,0,64549.35,6.25,30.040000000000873,0.20805592543275028,17.610000000000582,20.049999999995634,0.8783042394017165,1.0,nan,nan,nan,nan,nan,0.05884162493804725,1,0,1,1,15.994999999999502,19.614999999997963,1.8780869021570372,1.531481009431761,72.83000000000175,128.9499999999971,134.22000000000116,0.22381165251080773,24.0320000000007
2026-07-19T10:27:00,1784456820,cont,1,64572.88,64529.68,64607.44,64607.44,tp,0.6912,2,5,64561.95,3.069999999999709,43.19999999999709,0.07106481481481286,13.809999999997672,27.68000000000029,0.4989161849710089,0.7088150289015585,0.1798396334478815,9.419999999998254,52.379999999990105,0,9.419999999998254,0.0489960109740182,1,0,1,1,15.772142857142692,20.145000000000437,2.7390063855802076,2.1444527177957884,58.95999999999913,146.4300000000003,146.4300000000003,0.29502151198522847,34.55999999999767
2026-07-19T10:41:00,1784457660,cont,1,64613.32,64563.69,64653.02,64653.02,tp,0.7941,3,19,64603.45,2.889999999999418,49.62999999999738,0.0582309087245531,3.039999999993597,8.5,0.35764705882277614,0.6247058823526672,0.29506862060945865,50.73999999999796,171.95999999998457,0,50.73999999999796,0.22148611006548727,1,0,1,1,16.12928571428503,17.3650000000016,3.077011646959802,2.858047797292992,64.12999999999738,95.40999999999622,182.87999999999738,0.2713801399824918,39.703999999997905
2026-07-19T11:00:00,1784458800,flip,-1,64507.42,64552.27,64471.54,64553.15,sl,-0.9146,1,0,64525.59,15.759999999994761,44.849999999998545,0.35139353400212425,36.11000000000058,47.38999999999942,0.7619751002321381,0.8444819582189763,nan,nan,nan,nan,nan,-0.08816804125337764,2,0,2,2,24.469285714285693,20.229999999995925,1.8329100621770154,2.2170044488387335,155.04000000000087,155.04000000000087,230.84999999999854,0.19428200129954007,35.87999999999884
2026-07-19T11:48:00,1784461680,cont,-1,64463.44,64595.71,64357.62,64357.62,tp,2.1163,2,48,64467.49,3.779999999998836,132.2699999999968,0.028577908822854218,11.360000000000582,17.760000000002037,0.639639639639599,0.7190315315316784,0.0817585534479814,46.12000000000262,564.0999999999549,2,15.373333333334207,0.2074106435846449,3,1,2,4,16.558571428571927,21.344999999997526,7.988007937192216,6.196767392832613,60.80999999999767,136.98999999999796,157.0899999999965,0.8420014004710659,105.81599999999744
2026-07-19T12:26:00,1784463960,cont,-1,64294.43,64389.42,64218.44,64391.08,sl,-1.933,3,86,64295.07,8.819999999999709,94.98999999999796,0.09285187914517211,68.7699999999968,70.83999999999651,0.9707792207792234,0.9707792207792234,0.19093735054999078,223.58000000000175,1170.959999999919,2,74.52666666666725,0.27136651359068636,2,1,1,3,34.478571428570184,20.665000000000873,2.7550445411228908,4.596661021049792,118.2699999999968,154.0699999999997,238.23999999999796,0.3987155809267914,75.99199999999837
2026-07-19T13:32:00,1784467920,flip,1,64415.56,64285.95,64519.25,64519.25,tp,2.0738,1,0,64407.93,5.1599999999962165,129.61000000000058,0.03981174292104153,24.75,24.75,1.0,1.0,nan,nan,nan,nan,nan,0.12999859029180325,1,1,1,2,26.528571428571013,25.914999999997235,4.885675821217116,5.0013505691689915,160.2199999999939,160.2199999999939,165.72999999999593,0.7820551499427005,103.68800000000047
2026-07-19T20:00:00,1784491200,flip,1,64459.57,64334.8,64559.39,64330.94,sl,-2.5726,1,0,64412.28,39.950000000004366,124.7699999999968,0.32018914803242277,46.640000000006694,65.70000000000437,0.7098934550989893,0.7098934550989893,nan,nan,nan,nan,nan,0.14686660634003973,1,1,1,2,21.59857142857228,18.81499999999869,5.77677095045931,6.631411108158676,138.8199999999997,138.8199999999997,175.76000000000204,0.7098884842967419,99.81599999999744
2026-07-20T05:09:00,1784524140,flip,-1,64363.48,64962.34,63884.39,63884.39,tp,9.5818,1,0,64363.79,1.139999999999418,598.8599999999933,0.0019036168720559575,31.5,33.58999999999651,0.9377791009229912,1.0,nan,nan,nan,nan,nan,0.2626079522516677,0,0,1,0,38.35071428571401,37.76499999999942,15.615354528691896,15.857540050311203,198.90000000000146,377.8799999999974,426.0400000000009,1.4056426626607645,479.0879999999947
2026-07-20T06:33:00,1784529180,cont,-1,63949.74,64170.93,63772.79,63772.79,tp,3.539,3,84,64018.38,75.44999999999709,221.19000000000233,0.3411094534110778,126.18000000000029,198.76000000000204,0.6348359830951852,0.6348359830951852,0.19709235710663042,419.72000000000116,2129.560000000027,0,419.72000000000116,0.14852958828471916,0,0,1,0,46.732142857142335,38.58999999999651,4.733144822315731,5.7317958020218285,300.58000000000175,300.58000000000175,336.6100000000006,0.6571106027747302,176.95200000000187
2026-07-20T07:53:00,1784533980,flip,1,64226.85,64125.28,64308.11,64111.79,sl,-2.3012,1,0,64198.8,28.979999999995925,101.56999999999971,0.28532046864227634,44.279999999998836,86.58999999999651,0.5113754475112672,0.7204065134542083,nan,nan,nan,nan,nan,0.2993813927849623,1,0,1,1,42.5378571428581,37.75500000000102,2.387755444729844,2.6902397033504695,223.02999999999884,272.1399999999994,430.7900000000009,0.2357761322221953,81.25599999999977
2026-07-20T12:19:00,1784549940,flip,-1,64628.7,64812.33,64481.8,64481.8,tp,2.9381,1,0,64660.34,27.669999999998254,183.63000000000466,0.15068343952511873,34.2300000000032,47.179999999993015,0.7255192878340032,0.8620178041543933,nan,nan,nan,nan,nan,-0.15185576276954946,1,1,1,2,41.27428571428494,52.1150000000016,4.4490170289355415,3.5235536793629283,186.16999999999825,393.1399999999994,764.9600000000064,0.24005176741267925,146.90400000000372
2026-07-20T13:31:00,1784554260,cont,-1,64449.76,64552.41,64367.64,64553.19,sl,-2.0686,5,72,64478.92,27.299999999995634,102.65000000000146,0.26595226497803454,95.63999999999942,115.90999999999622,0.8251229402122555,0.9238202053317054,0.11803015782988283,181.04999999999563,1533.9300000000294,0,181.04999999999563,0.1453121088515494,1,0,1,1,44.80071428571474,34.14999999999782,2.2912581113183874,3.0058565153735874,223.36000000000058,252.04000000000087,252.05999999999767,0.40724430691106245,82.12000000000117
2026-07-20T13:49:00,1784555340,flip,1,64669.55,64446.44,64848.04,64445.73,sl,-4.4764,1,0,64644.11,19.05000000000291,223.11000000000058,0.08538389135405343,112.28000000000611,117.9800000000032,0.9516867265638503,0.9516867265638503,nan,nan,nan,nan,nan,0.0031489035404750785,2,0,2,2,91.94785714285847,40.22999999999956,2.426483954415129,5.545861297539225,407.51000000000204,407.51000000000204,407.51000000000204,0.5474957669750422,178.48800000000048
2026-07-20T14:21:00,1784557260,flip,-1,64080.18,64435.3,63796.08,64435.79,sl,-7.1122,1,0,64130.25,59.169999999998254,355.1200000000026,0.16661973417435744,93.5,112.11000000000058,0.8340023191508297,0.8340023191508297,nan,nan,nan,nan,nan,0.2224181047203371,2,0,2,2,84.3585714285712,84.0099999999984,4.209649286210268,4.227115819545404,382.83000000000175,547.5699999999997,651.739999999998,0.5448798600669036,284.0960000000021
2026-07-20T15:03:00,1784559780,flip,1,64494.55,64225.74,64709.6,64709.6,tp,4.301,1,0,64474.34,3.2300000000032014,268.81000000000495,0.012015922026722005,16.409999999996217,89.44999999999709,0.18345444382332868,0.18345444382332868,nan,nan,nan,nan,nan,0.03899739583333424,3,0,3,3,62.41999999999981,67.24499999999898,4.3064722845242835,3.9974719309987212,324.8700000000026,324.8700000000026,548.510000000002,0.49007310714481767,215.04800000000398
2026-07-20T15:42:00,1784562120,cont,1,64981.85,64756.37,65162.23,65162.23,tp,3.6077,2,39,64944.93,30.0199999999968,225.47999999999593,0.13313819407485072,68.75,74.4600000000064,0.9233145312918895,0.9233145312918895,0.3453692002166492,497.3799999999974,1440.1399999999776,0,497.3799999999974,0.28377301951562184,2,0,3,2,57.8257142857136,65.35499999999956,3.8993033252630815,3.4500803305026,229.12000000000262,229.12000000000262,754.9200000000055,0.2986806549038233,180.38399999999675
2026-07-20T19:02:00,1784574120,flip,-1,65149.4,65217.77,65094.7,65094.7,tp,1.0939,1,0,65160.38,14.909999999996217,68.36999999999534,0.21807810443172784,66.2699999999968,66.2699999999968,1.0,1.0,nan,nan,nan,nan,nan,0.3369460783974811,1,0,1,1,46.42285714285806,41.11000000000422,1.472765878877271,1.663099002675464,129.58000000000175,350.11999999999534,615.7400000000052,0.11103712605969202,54.695999999996275
2026-07-20T19:27:00,1784575620,cont,-1,65020.58,65139.47,64925.47,65141.65,sl,-2.4214,3,25,65041.68,21.12000000000262,118.88999999999942,0.17764319959628835,25.590000000003783,29.169999999998254,0.8772711690094384,0.9009256085018995,0.23157641038952081,124.91000000000349,539.3899999999994,0,124.91000000000349,0.3851726055396016,1,0,1,1,43.26214285714325,42.31000000000131,2.7481301698944582,2.809974001418004,135.63999999999942,214.12000000000262,550.7200000000012,0.2158810284718172,95.11199999999954
2026-07-20T20:12:00,1784578320,flip,1,65170.35,65008.37,65299.93,65299.93,tp,2.5917,1,0,65137.17,25.220000000001164,161.97999999999593,0.15569823434993085,55.2699999999968,69.47000000000116,0.7955952209586278,0.7958831150136741,nan,nan,nan,nan,nan,0.04380601520053069,2,0,2,2,41.878571428571114,38.11000000000058,3.867849223946717,4.250327997900642,168.1999999999971,168.1999999999971,182.5199999999968,0.8874643874643807,129.58399999999673
2026-07-20T21:34:00,1784583240,cont,1,65386.12,65233.26,65508.41,65231.14,sl,-3.0996,4,82,65379.48,12.359999999993306,152.86000000000058,0.08085830171394255,34.349999999998545,45.75,0.7508196721311158,0.7508196721311158,0.18119861958950814,229.4499999999971,1266.2899999999936,0,229.4499999999971,0.039620095230813904,1,0,1,1,25.395714285714348,21.904999999998836,6.019125836755366,6.978315453093298,149.40999999999622,170.5199999999968,170.5199999999968,0.896434435843323,122.28800000000047
2026-07-20T22:34:00,1784586840,flip,-1,65067.95,65211.78,64952.89,65213.3,sl,-2.907,1,0,65089.66,21.710000000006403,143.83000000000175,0.15094208440524326,78.19000000000233,89.83000000000175,0.8704219080485451,0.9238561727708297,nan,nan,nan,nan,nan,0.39467495278133397,1,0,1,1,26.3978571428566,26.04500000000189,5.4485483129043635,5.5223651372620965,150.66999999999825,150.66999999999825,341.15000000000146,0.4216034002638169,115.0640000000014
2026-07-20T23:55:00,1784591700,flip,1,65227.02,65118.46,65313.87,65117.85,sl,-2.1834,1,0,65216.89,1.2300000000032014,108.55999999999767,0.011330140014768127,66.95000000000437,85.41000000000349,0.7838660578386797,1.0,nan,nan,nan,nan,nan,0.18546620775970207,2,0,2,2,27.45642857142853,21.49499999999898,3.9539009859777043,5.050476855082708,101.91000000000349,101.91000000000349,151.72000000000116,0.7155286053255789,86.84799999999814
2026-07-21T00:18:00,1784593080,cont,1,65233.48,65103.94,65337.11,65337.11,tp,2.0726,2,23,65218.12,4.719999999993888,129.54000000000087,0.0364366218928042,36.169999999998254,55.33999999999651,0.653595952294914,0.9172388868810619,0.00797512841307424,4.719999999993888,591.8400000000038,0,4.719999999993888,0.020544838700332742,1,0,2,1,41.566428571428595,26.534999999999854,3.116457305861549,4.881854154889828,123.47999999999593,131.02999999999884,131.02999999999884,0.9886285583454325,103.6320000000007
2026-07-21T00:57:00,1784595420,cont,1,65530.12,65428.79,65611.18,65611.18,tp,1.6213,3,62,65503.37,26.349999999998545,101.33000000000175,0.2600414487318473,21.4800000000032,44.39999999999418,0.4837837837839193,0.6612612612613611,0.18816652375028395,311.59999999999854,1655.9800000000178,0,311.59999999999854,0.20263817080243207,1,0,1,1,42.86642857142787,44.969999999997526,2.363854498192138,2.2532799644208876,115.96999999999389,240.86999999999534,440.81999999999243,0.2298670659226067,81.0640000000014
2026-07-21T01:30:00,1784597400,flip,-1,65338.49,65438.77,65258.27,65439.45,sl,-2.0192,1,0,65392.67,52.12999999999738,100.27999999999884,0.5198444355803549,60.970000000001164,84.08000000000175,0.7251427212178865,0.9212654614652417,nan,nan,nan,nan,nan,-0.006140297415892914,2,0,2,2,39.37071428571445,43.664999999997235,2.547070882998563,2.2965762051987904,156.13999999999942,286.3500000000058,293.5300000000061,0.34163458590262236,80.22399999999908
2026-07-21T01:43:00,1784598180,cont,-1,65289.22,65435.36,65172.31,65172.31,tp,2.3382,2,13,65291.45,3.469999999993888,146.13999999999942,0.023744354728300957,18.789999999993597,36.31999999999971,0.5173458149778014,0.6473017621143984,0.1518811766745594,52.55999999999767,346.0599999999977,0,52.55999999999767,0.11594506355225387,1,0,2,1,40.87642857142834,38.75500000000102,3.575165568700095,3.770868275061168,161.88999999999942,250.33000000000175,345.1000000000058,0.42347145754852783,116.91199999999954
2026-07-21T02:15:00,1784600100,cont,-1,65164.45,65370.88,64999.31,65371.82,sl,-4.1474,3,45,65186.73,23.950000000004366,206.4300000000003,0.11601995833940965,78.70000000000437,78.70000000000437,1.0,1.0,0.18473561689391113,177.76000000000204,962.2400000000271,0,177.76000000000204,0.2579398797595151,1,0,1,1,47.87285714285723,36.45999999999913,4.312046790606068,5.661821173889337,208.09999999999854,208.09999999999854,327.27999999999884,0.6307443167929633,165.14400000000023
2026-07-21T03:51:00,1784605860,flip,1,65499.97,65383.21,65593.38,65593.38,tp,1.8682,1,0,65492.16,2.099999999998545,116.76000000000204,0.01798561151077859,74.27000000000407,74.27000000000407,1.0,1.0,nan,nan,nan,nan,nan,0.14740042869249476,1,0,1,1,32.52642857142772,33.125,3.5896962909284125,3.524830188679307,101.26000000000204,115.22000000000116,207.5500000000029,0.5625632377740323,93.40800000000164
2026-07-21T05:48:00,1784612880,cont,1,65822.77,65430.47,66136.61,66136.61,tp,6.2768,2,117,65693.92,153.25,392.3000000000029,0.39064491460616585,202.06999999999243,252.9899999999907,0.7987272224198579,0.8117712162536184,0.14998491268482025,352.9099999999962,2352.969999999965,0,352.9099999999962,0.26566430788696105,0,0,1,0,52.01214285714377,30.299999999999272,7.5424694782810935,12.947194719472353,388.2199999999939,451.79999999999563,464.31999999999243,0.8448914541695582,313.84000000000236
2026-07-21T10:49:00,1784630940,flip,-1,66266.13,66370.22,66182.86,66182.86,tp,1.6654,1,0,66278.13,19.029999999998836,104.08999999999651,0.182822557402243,42.38999999999942,42.38999999999942,1.0,1.0,nan,nan,nan,nan,nan,0.004548511557112533,2,1,1,3,33.804999999999254,29.165000000000873,3.0791303061676913,3.5690039430822353,122.50999999999476,122.50999999999476,164.97000000000116,0.6309632054312649,83.2719999999972
2026-07-21T11:04:00,1784631840,cont,-1,66129.98,66163.89,66102.85,66165.35,sl,-0.7074,2,15,66134.73,8.459999999991851,33.91000000000349,0.24948392804455852,34.31999999999243,42.0399999999936,0.8163653663177369,0.9234062797335477,0.5020599463279697,132.83000000000175,264.57000000002154,0,132.83000000000175,0.10785552344196318,2,1,1,3,28.094285714283096,28.50499999999738,1.20700701718726,1.1896158568674482,143.08000000000175,258.5599999999977,258.5599999999977,0.1311494430693216,27.128000000002796
2026-07-21T11:36:00,1784633760,flip,1,66258.94,66199.16,66306.76,66306.76,tp,0.9565,1,0,66243.18,6.860000000000582,59.779999999998836,0.1147540983606677,23.539999999993597,24.839999999996508,0.947665056360584,0.947665056360584,nan,nan,nan,nan,nan,-0.09257862583906105,2,1,2,3,23.96785714285631,26.60000000000582,2.4941737445984584,2.247368421052096,109.97999999999593,150.61999999999534,269.5,0.2218181818181775,47.823999999999074
2026-07-21T11:49:00,1784634540,cont,1,66319.33,66268.87,66359.7,66261.08,sl,-1.165,2,13,66308.44,2.5800000000017462,50.4600000000064,0.051129607610016226,25.130000000004657,28.229999999995925,0.8901877435355396,0.8901877435355396,0.33155719878211304,60.98000000001048,183.9200000000128,0,60.98000000001048,0.052881383552990484,2,1,2,3,25.169285714285383,26.49500000000262,2.004824474274481,1.9045102849594797,102.94000000000233,172.75999999999476,213.39999999999418,0.23645735707595023,40.368000000005125
2026-07-21T12:07:00,1784635620,cont,1,66339.74,66218.43,66436.79,66436.79,tp,1.941,3,31,66314.12,21.210000000006403,121.31000000001222,0.17484131563765778,22.970000000001164,43.279999999998836,0.5307301293900597,0.5307301293900597,0.19685184757772,85.29000000000815,433.27000000004773,2,28.430000000002718,0.2295427797392961,3,2,2,5,31.42857142857351,25.354999999995925,3.85986363636377,4.78446065864846,139.13999999999942,139.13999999999942,254.91999999999825,0.4758747842460892,97.04800000000978
2026-07-21T12:32:00,1784637120,cont,1,66475.56,66376.02,66555.19,66555.19,tp,1.5926,5,56,66462.63,4.5499999999883585,99.5399999999936,0.04571026722914056,12.569999999992433,33.2100000000064,0.37850045167088253,0.38512496236046767,0.24099354065391604,217.13999999999942,901.0200000000332,2,72.37999999999981,0.26857609446642294,3,1,2,4,40.720714285715076,30.19000000000233,2.444456138504242,3.297118251076049,126.24000000000524,271.1000000000058,287.570000000007,0.34614180895083346,79.63199999999489
2026-07-21T12:37:00,1784637420,cont,1,66585.72,66440.25,66702.1,66436.95,sl,-2.9754,6,61,66487.6,66.73999999999069,145.47000000000116,0.4587887536948522,65.98999999999069,86.5,0.762890173410297,0.762890173410297,0.292157916970689,304.3000000000029,1041.5600000000413,2,101.4333333333343,0.30242415444910226,3,1,2,4,42.79428571428746,32.90500000000611,3.3992856189076197,4.420908676492148,199.11000000000058,275.3600000000006,358.3500000000058,0.40594390958559734,116.37600000000094
2026-07-21T13:15:00,1784639700,cont,1,66604.8,66448.06,66730.19,66440.12,sl,-3.2936,7,99,66601.59,4.830000000001746,156.74000000000524,0.030815363021574484,34.30000000000291,44.20000000001164,0.7760180995473728,0.7760180995473728,0.2033853809980304,356.38000000000466,1752.240000000078,2,118.79333333333489,0.2579434997765898,1,1,1,2,35.2121428571419,34.92500000000291,4.451305353267203,4.487902648532346,154.1600000000035,179.3700000000099,316.04000000000815,0.49594987976205923,125.3920000000042
2026-07-21T13:40:00,1784641200,flip,-1,66318.98,66475.05,66194.12,66477.64,sl,-3.1732,1,0,66336.95,16.70999999999185,156.07000000000698,0.10706734157744027,49.15999999998894,65.18999999998778,0.7541033900904764,0.7541033900904764,nan,nan,nan,nan,nan,0.19466410464857958,2,1,1,3,58.29928571428692,39.40500000000611,2.6770482363175887,3.960664890241918,204.66999999999825,312.1100000000006,312.1100000000006,0.500048059978875,124.8560000000056
2026-07-22T16:33:00,1784737980,flip,1,66232.85,65554.15,66775.81,65553.59,sl,-13.5852,1,0,66173.55,43.0399999999936,678.7000000000116,0.06341535288049632,87.55000000000291,119.04999999998836,0.7354052918942585,0.7748005039899177,nan,nan,nan,nan,nan,0.1334142114384762,0,0,1,0,55.48357142857068,42.31999999999971,12.232449759903565,16.037334593573163,364.8099999999977,364.8099999999977,364.8099999999977,1.8604204928593404,542.9600000000094
2026-07-23T07:11:00,1784790660,flip,-1,65361.85,65793.74,65016.34,65016.34,tp,6.9102,1,0,65527.28,143.9499999999971,431.8900000000067,0.33330246127484975,223.08000000000175,274.88000000000466,0.8115541327124489,0.8115541327124489,nan,nan,nan,nan,nan,0.21536033469991572,0,0,1,0,52.01785714285818,23.54000000000815,8.302725712324028,18.34706881902537,426.9600000000064,462.2100000000064,462.2100000000064,0.9344021115942985,345.5120000000054
2026-07-23T20:05:00,1784837100,flip,1,64907.77,64642.8,65119.75,65119.75,tp,4.2395,1,0,64892.13,8.650000000001455,264.9699999999939,0.032645205117566724,26.06999999999971,45.220000000001164,0.5765148164528757,0.5822644847412886,nan,nan,nan,nan,nan,0.06676004165015467,1,0,1,1,39.979285714284615,30.68999999999869,6.627682192564036,8.633756924079673,289.3199999999997,289.3199999999997,289.3199999999997,0.9158371353518393,211.9759999999951
2026-07-23T20:39:00,1784839140,flip,-1,65063.96,65103.06,65032.68,65103.26,sl,-0.786,1,0,65062.95,2.969999999993888,39.099999999998545,0.07595907928373398,10.419999999998254,26.75999999999476,0.3893871449925371,0.975710014947624,nan,nan,nan,nan,nan,-0.31102739933547396,2,0,2,2,24.87000000000106,27.56499999999869,1.5721753116203008,1.4184654453110974,84.48999999999796,176.5899999999965,513.4700000000012,0.07614855785147809,31.279999999998836
2026-07-23T21:08:00,1784840880,cont,-1,65042.09,65137.05,64966.12,64966.12,tp,1.5194,2,29,65052.16,13.310000000004948,94.9600000000064,0.14016427969675707,21.040000000000873,24.19000000000233,0.8697809011987949,1.0,0.06359286122732836,21.130000000004657,332.2700000000041,2,7.0433333333348855,-0.09896130261273194,2,1,2,3,23.66285714285706,21.844999999997526,4.01304032842337,4.346990157931662,123.48999999999796,123.48999999999796,210.9699999999939,0.45011139024510194,75.96800000000512
2026-07-24T01:34:00,1784856840,flip,1,65079.11,64976.0,65161.6,64974.54,sl,-2.0914,1,0,65061.98,9.419999999998254,103.11000000000058,0.09135874308988653,16.349999999998545,27.419999999998254,0.5962800875273372,0.5962800875273372,nan,nan,nan,nan,nan,0.24525102344941138,1,1,1,2,37.454285714285234,32.609999999996944,2.752955984438223,3.1619135234593756,144.5,144.5,379.33000000000175,0.2718213692563206,82.48800000000047
2026-07-24T03:05:00,1784862300,cont,1,65142.85,64882.88,65350.83,65350.83,tp,4.1595,3,91,65131.45,4.790000000000873,259.97000000000116,0.018425202908031124,19.32999999999447,42.900000000001455,0.4505827505826064,0.6808857808857375,0.03774068124141306,64.83999999999651,1718.039999999979,2,21.613333333332168,0.10934868997103821,1,1,1,2,33.37285714285723,29.840000000000146,7.789863447626401,8.712131367292221,223.08000000000175,273.0900000000038,283.65000000000146,0.9165168341265638,207.97600000000094
2026-07-24T10:53:00,1784890380,flip,-1,64859.48,65108.47,64660.29,64660.29,tp,3.9838,1,0,64898.56,43.720000000001164,248.98999999999796,0.17558938109964867,57.12000000000262,59.98999999999796,0.9521586931155952,0.9521586931155952,nan,nan,nan,nan,nan,0.2658716747936116,1,0,1,1,26.08642857142903,25.580000000001746,9.5448098354369,9.733776387802227,145.90000000000146,162.1999999999971,256.5,0.9707212475633449,199.1919999999984
2026-07-24T13:30:00,1784899800,cont,-1,64255.79,64458.43,64093.68,64093.68,tp,3.2422,3,56,64300.71,51.69000000000233,202.63999999999942,0.2550829056454919,77.81000000000495,113.19000000000233,0.6874282180404925,0.9979680183762177,0.43536409814130655,686.5300000000061,1576.9099999999962,0,686.5300000000061,0.4402014168057177,2,0,2,2,53.28357142857151,42.080000000001746,3.803048379961644,4.815589353611954,235.26000000000204,459.16999999999825,759.6999999999971,0.2667368698170333,162.11199999999954
2026-07-24T14:17:00,1784902620,cont,-1,63822.3,64124.98,63580.16,64132.18,sl,-6.1976,5,103,63852.98,29.200000000004366,302.6800000000003,0.09647152107838092,77.43000000000029,84.76000000000204,0.9135205285511849,0.9135205285511849,0.33136223417730987,1111.770000000004,3355.1500000000087,0,1111.770000000004,0.2892809146145237,1,0,1,1,74.78357142857256,64.45500000000175,4.047413010878955,4.695989450003756,320.67000000000553,485.0400000000009,667.6000000000058,0.4533852606351073,242.14400000000023
2026-07-25T18:01:00,1785002460,flip,1,64288.47,63727.43,64737.3,64737.3,tp,8.9766,1,0,64262.1,18.599999999998545,561.0400000000009,0.033152716383855904,60.029999999998836,70.97999999999593,0.8457311918850702,0.8857424626655248,nan,nan,nan,nan,nan,0.2239927410496828,0,0,1,0,28.4785714285707,17.06000000000131,19.700426385754234,32.88628370456963,118.88999999999942,118.88999999999942,176.36000000000058,3.1812202313449705,448.83200000000073
2026-07-26T15:36:00,1785080160,cont,1,64763.08,64667.92,64839.21,64667.13,sl,-1.919,4,116,64723.07,25.80000000000291,95.16000000000349,0.2711223203026688,37.38000000000466,71.34999999999854,0.5238962859145819,0.586264891380555,0.18005077009446446,295.06000000000495,1638.760000000002,0,295.06000000000495,0.1962186189194215,0,0,1,0,22.828571428570804,22.469999999997526,4.168460575719917,4.234979973298352,110.47000000000116,168.97000000000116,190.75,0.49887287024903537,76.1280000000028
2026-07-26T20:17:00,1785097020,flip,-1,64602.66,64743.48,64490.0,64746.67,sl,-2.8802,1,0,64615.18,12.650000000001455,140.8199999999997,0.0898309899162156,26.110000000000582,29.349999999998545,0.8896081771721253,0.9056218057922679,nan,nan,nan,nan,nan,0.06145847220370869,0,0,1,0,12.873571428571656,11.520000000000437,10.938689452366205,12.223958333332845,53.419999999998254,58.0,103.56999999999971,1.359660133243218,112.65599999999978
2026-07-26T22:32:00,1785105120,flip,1,65329.52,65100.39,65512.82,65512.82,tp,3.6661,1,0,65186.82,106.66999999999825,229.12999999999738,0.46554357788154965,130.63999999999942,190.7699999999968,0.6848036903077088,0.68569481574671,nan,nan,nan,nan,nan,0.35523048269440094,1,0,1,1,55.149285714286506,39.11000000000422,4.15472289499918,5.858603937611165,253.05999999999767,316.29999999999563,624.4599999999991,0.36692502322005843,183.30399999999793
2026-07-27T00:04:00,1785110640,flip,-1,65232.23,65410.6,65089.53,65089.53,tp,2.8539,1,0,65235.72,13.209999999999127,178.36999999999534,0.07405953916016972,18.189999999995052,30.80000000000291,0.5905844155841992,0.9366883116881759,nan,nan,nan,nan,nan,0.09678546979914912,1,0,2,1,39.56999999999971,36.83499999999913,4.507707859489428,4.842405321026186,179.92000000000553,190.04000000000087,318.26000000000204,0.5604537170866405,142.69599999999627
2026-07-27T00:37:00,1785112620,cont,-1,65049.91,65169.94,64953.89,64953.89,tp,1.9205,2,33,65064.08,12.790000000000873,120.02999999999884,0.1065566941598017,43.33999999999651,46.79000000000087,0.9262662962170485,0.9262662962170485,0.23655052361084655,171.22000000000116,723.8199999999924,0,171.22000000000116,0.184161374673145,1,0,1,1,44.58714285714346,39.43500000000131,2.692031655506009,3.04374286801052,151.5,160.5899999999965,371.84999999999854,0.3227914481645806,96.02399999999908
2026-07-27T01:35:00,1785116100,cont,-1,64869.68,65026.08,64744.56,65027.32,sl,-3.1528,5,91,64933.43,67.62999999999738,156.40000000000146,0.43241687979537563,109.5,139.54000000000087,0.7847212268883426,0.7847212268883426,0.18080582292981257,356.7099999999991,1972.8900000000067,2,118.90333333333304,0.18837328205245282,1,1,1,2,40.78285714285708,33.219999999997526,3.834944654616827,4.70800722456391,193.8199999999997,316.27999999999884,316.27999999999884,0.4944985455925194,125.12000000000117
2026-07-27T01:58:00,1785117480,flip,1,65161.53,65079.15,65227.43,65076.84,sl,-1.6938,1,0,65114.2,39.88999999999942,82.37999999999738,0.4842194707453349,12.64999999999418,32.37000000000262,0.39079394501060105,0.8501699104107066,nan,nan,nan,nan,nan,0.08097902939494926,2,1,2,3,35.02357142857155,32.52499999999782,2.3521301980298155,2.532820906994709,149.29000000000087,324.3600000000006,324.3600000000006,0.2539770625231139,65.90399999999791
2026-07-27T02:36:00,1785119760,cont,1,65180.68,65052.59,65283.15,65283.15,tp,2.0494,3,38,65160.14,6.010000000002037,128.09000000000378,0.046920134280598484,82.52000000000407,86.65000000000146,0.9523369878823161,0.9781881130986799,0.016157556270102746,12.060000000004948,746.400000000016,2,4.020000000001649,0.23640595595760738,3,2,1,5,31.015000000000978,32.52499999999782,4.129937127196509,3.9382013835514953,118.0,136.04000000000087,311.31000000000495,0.4114548199543919,102.47200000000304
2026-07-27T06:48:00,1785134880,flip,-1,65396.72,65524.93,65294.15,65294.15,tp,2.0514,1,0,65406.25,12.430000000000291,128.20999999999913,0.09695031588799918,50.62999999999738,67.36000000000058,0.751633016627033,0.751633016627033,nan,nan,nan,nan,nan,-0.06775809834537311,1,0,1,1,33.85142857142897,32.220000000001164,3.787432478055298,3.979205462445515,147.84000000000378,147.84000000000378,405.7300000000032,0.3159983240085725,102.5679999999993
2026-07-27T07:30:00,1785137400,cont,-1,65271.47,65390.38,65176.34,65176.34,tp,1.9026,3,42,65279.98,18.290000000000873,118.90999999999622,0.15381380876294218,82.66999999999825,98.65000000000146,0.8380131779016425,0.8687278256461817,0.22402129499330767,132.12999999999738,589.8099999999758,0,132.12999999999738,0.16554102442625745,1,0,1,1,26.891428571428282,26.50500000000102,4.421855078622941,4.4863233352194545,142.27000000000407,142.27000000000407,276.1900000000023,0.4305369492016192,95.12799999999697
2026-07-27T07:59:00,1785139140,cont,-1,65178.25,65267.22,65107.07,65107.07,tp,1.4235,5,71,65180.97,15.430000000000291,88.97000000000116,0.17342924581319646,23.62999999999738,41.63000000000466,0.5676195051644184,0.697573865001144,0.22256020278834232,228.27999999999884,1025.6999999999825,0,228.27999999999884,0.20858979309092243,1,0,1,1,27.247142857143313,26.880000000004657,3.2652964924238335,3.3098958333328032,114.27000000000407,195.36000000000058,238.9800000000032,0.37229056824838885,71.17600000000094
2026-07-27T10:21:00,1785147660,flip,1,65283.03,65167.83,65375.19,65375.19,tp,1.8432,1,0,65269.31,5.5900000000037835,115.19999999999709,0.04852430555558963,42.7300000000032,67.12999999999738,0.6365261433041095,0.6670639058543212,nan,nan,nan,nan,nan,0.18484394794426248,1,1,1,2,27.578571428571326,22.544999999994616,4.177156177156087,5.109780439122848,130.12999999999738,130.12999999999738,185.37999999999738,0.6214262595749203,92.15999999999768
2026-07-27T11:13:00,1785150780,flip,-1,65196.6,65259.92,65145.94,65145.94,tp,1.0131,1,0,65199.52,3.6599999999962165,63.31999999999971,0.05780164245098284,29.599999999998545,35.19999999999709,0.8409090909091191,0.8409090909091191,nan,nan,nan,nan,nan,-0.009782105467529513,2,0,2,2,26.25928571428553,23.31999999999971,2.411337486059359,2.715265866209284,95.93999999999505,188.0899999999965,199.47000000000116,0.31744121923095875,50.65599999999977
2026-07-27T11:26:00,1785151560,cont,-1,65116.2,65154.0,65085.96,65085.96,tp,0.6048,3,13,65121.44,6.630000000004657,37.80000000000291,0.17539682539693507,38.9800000000032,60.900000000001455,0.6400656814450291,0.6853858784893964,0.3400746863592387,81.05000000000291,238.3300000000163,0,81.05000000000291,0.26616423208986256,1,0,2,1,28.33071428571514,22.23500000000422,1.3342409802587418,1.7000224870697431,138.4300000000003,191.86999999999534,282.6999999999971,0.13371064732933605,30.24000000000233
2026-07-27T11:51:00,1785153060,cont,-1,65058.64,65156.04,64980.72,65160.32,sl,-2.0336,4,38,65066.11,6.400000000001455,97.40000000000146,0.0657084188911844,13.349999999998545,27.580000000001746,0.4840464104422661,0.6773023930384013,0.22194871460476565,136.15000000000146,613.4300000000003,2,45.383333333333816,0.2659632354680834,2,1,2,3,21.88499999999944,21.75500000000102,4.450536897418504,4.4771316938633365,105.2300000000032,132.3199999999997,262.08000000000175,0.3716422466422497,77.92000000000117
2026-07-27T12:19:00,1785154740,cont,-1,65002.64,65197.84,64846.48,64846.48,tp,3.1232,5,66,65026.46,23.739999999997963,195.1999999999971,0.12161885245900778,31.919999999998254,46.029999999998836,0.6934607864436033,1.0,0.1542331464711767,193.13999999999942,1252.2600000000239,4,38.627999999999886,0.16092139585864385,3,2,2,5,45.01642857142724,27.700000000000728,4.336194722561668,7.0469314079419485,199.7699999999968,199.7699999999968,206.0699999999997,0.9472509341485775,156.1599999999977
2026-07-27T17:20:00,1785172800,flip,1,64995.25,64713.49,65220.66,64712.5,sl,-5.655,1,0,64881.27,105.2100000000064,281.76000000000204,0.3734028960817917,113.92000000000553,126.44999999999709,0.900909450375707,0.9365757216291263,nan,nan,nan,nan,nan,0.2933069991045544,1,1,1,2,39.61428571428613,41.11499999999796,7.112585647313355,6.852973367384555,257.9400000000023,281.01000000000204,530.3000000000029,0.5313218932679624,225.40800000000164
2026-07-27T22:01:00,1785189660,flip,-1,64625.25,65006.96,64319.88,64319.88,tp,6.1074,1,0,64673.37,47.970000000001164,381.7099999999991,0.1256713211600463,84.47999999999593,106.45000000000437,0.7936120244245417,0.831470173790497,nan,nan,nan,nan,nan,0.31138249609231333,0,0,1,0,33.492142857143335,22.320000000003347,11.397001428906378,17.10170250895797,202.3000000000029,213.6800000000003,285.27999999999884,1.3380187885586114,305.3679999999993
2026-07-27T22:57:00,1785193020,cont,-1,63765.76,63995.49,63581.98,63581.98,tp,3.6757,4,56,63914.62,137.9800000000032,229.72999999999593,0.6006181169198871,205.6999999999971,219.72000000000116,0.936191516475496,0.9362370289459222,0.4855995331433938,848.760000000002,1747.8599999999788,0,848.760000000002,0.5251865327322159,0,0,1,0,83.58928571428571,36.965000000000146,2.748318735312919,6.2147977816852435,427.6399999999994,793.4900000000052,1014.0699999999997,0.22654254637253443,183.78399999999675
2026-07-28T16:50:00,1785257400,flip,1,63896.27,63641.25,64100.29,63640.77,sl,-5.11,1,0,63877.56,11.779999999998836,255.0199999999968,0.04619245549368278,37.419999999998254,59.81999999999971,0.6255432965563096,0.6255432965563096,nan,nan,nan,nan,nan,0.07926035246115036,1,0,1,1,44.1199999999995,41.29999999999927,5.7801450589301835,6.1748184019370775,195.84999999999854,210.63999999999942,210.63999999999942,1.2106912267375498,204.01599999999746
2026-07-29T08:23:00,1785313380,flip,-1,64251.86,64321.47,64196.17,64322.13,sl,-1.4054,1,0,64274.62,21.380000000004657,69.61000000000058,0.30713977876748283,43.720000000001164,44.63999999999942,0.979390681003623,0.9993279569892733,nan,nan,nan,nan,nan,0.15865917790577452,2,1,1,3,27.63571428571439,23.929999999996653,2.5188420780563567,2.9089009611370797,135.54000000000087,253.20000000000437,253.20000000000437,0.27492101105844935,55.68800000000047
2026-07-29T09:38:00,1785317880,flip,1,64505.63,64303.97,64666.96,64666.96,tp,3.2266,1,0,64444.16,39.55999999999767,201.65999999999622,0.19617177427352184,49.76000000000204,56.220000000001164,0.8850942725009072,0.8850942725009072,nan,nan,nan,nan,nan,0.23866171003717315,2,0,2,2,28.778571428572572,23.360000000000582,7.007297096053201,8.632705479451678,136.6999999999971,169.11000000000058,259.0199999999968,0.7785499189251746,161.327999999997
2026-07-29T09:57:00,1785319020,cont,1,64646.64,64435.72,64815.38,64434.61,sl,-4.2406,2,19,64628.34,13.440000000002328,210.91999999999825,0.06372084202542405,33.48999999999796,88.83999999999651,0.3769698334083665,0.6575866726699747,0.30896438484693034,158.05999999999767,511.5800000000163,0,158.05999999999767,0.2609770595177494,2,0,2,2,39.32285714285691,27.68500000000131,5.363801496766681,7.618566010474563,236.47999999999593,311.25,374.7699999999968,0.5627985164234065,168.73599999999863
2026-07-29T11:39:00,1785325140,flip,-1,64344.92,64521.81,64203.41,64203.41,tp,2.8302,1,0,64347.32,5.44999999999709,176.88999999999942,0.030810107976692338,19.739999999997963,23.959999999999127,0.8238731218697279,1.0,nan,nan,nan,nan,nan,0.1285727323261164,1,0,1,1,25.544285714284342,26.68999999999869,6.924836418545174,6.62757587111308,129.36000000000058,179.93999999999505,272.5300000000061,0.6490661578541645,141.51199999999955
2026-07-29T12:51:00,1785329460,cont,-1,64209.81,64273.37,64158.96,64158.96,tp,1.017,3,72,64220.81,8.94999999999709,63.56000000000495,0.14081183134040895,34.30999999999767,36.43999999999505,0.9415477497256403,0.9415477497256403,0.11373358644400171,130.01000000000204,1143.1099999999933,0,130.01000000000204,0.20268339155287185,1,0,1,1,25.729285714285652,29.095000000001164,2.4703367480083047,2.1845677951538893,65.13999999999942,108.97999999999593,246.5,0.2578498985801418,50.848000000003964
2026-07-29T13:17:00,1785331020,cont,-1,64130.01,64255.17,64029.88,64260.81,sl,-2.616,4,98,64159.52,29.709999999999127,125.15999999999622,0.2373761585170983,60.150000000001455,78.11000000000058,0.7700678530277942,0.7797977211625021,0.13246298956837196,212.06000000000495,1600.899999999987,0,212.06000000000495,0.1200185543723849,0,0,1,0,38.33000000000123,30.494999999995343,3.265327419775429,4.104279390064447,145.54000000000087,162.26000000000204,201.2699999999968,0.6218512445968013,100.12799999999697
2026-07-29T13:42:00,1785332520,flip,1,64345.92,64061.83,64573.19,64573.19,tp,4.5454,1,0,64315.31,34.56000000000495,284.0899999999965,0.12165158928510462,98.35000000000582,102.97000000000116,0.9551325628824386,0.9551325628824386,nan,nan,nan,nan,nan,0.07813999547652606,1,0,1,1,86.0199999999994,36.424999999995634,3.30260404557078,7.799313658202624,292.6599999999962,299.43999999999505,299.43999999999505,0.9487376436013932,227.2719999999972
2026-07-29T13:59:00,1785333540,cont,1,64605.27,64234.52,64901.87,64234.24,sl,-7.4206,2,17,64563.48,27.609999999993306,370.75,0.07447066756572705,94.94999999999709,113.0199999999968,0.8401167934878763,0.9262077508405236,0.23632801018908228,241.2199999999939,1020.6999999999898,0,241.2199999999939,0.16310554429913368,1,0,1,1,95.6328571428577,61.0,3.876805640619609,6.077868852459017,364.9100000000035,537.5999999999985,544.3799999999974,0.6810500018369554,296.6
2026-07-29T14:25:00,1785335100,flip,-1,64129.17,64324.22,63973.13,63973.13,tp,3.1208,1,0,64164.43,28.220000000001164,195.0500000000029,0.1446808510638336,85.25,97.8900000000067,0.8708754724690384,0.9400347328633955,nan,nan,nan,nan,nan,-0.008052986214262162,2,0,2,2,80.48000000000164,76.14000000000306,2.423583499005951,2.561728395061664,250.60000000000582,518.810000000005,587.3199999999997,0.33210175032350847,156.04000000000235
2026-07-29T15:18:00,1785338280,cont,-1,63961.77,64177.44,63789.23,63789.23,tp,3.4507,3,53,63960.23,0.8800000000046566,215.67000000000553,0.004080307877797719,64.77000000000407,89.75,0.721671309192246,0.9641225626740817,0.10223003202275041,176.86000000000058,1730.0200000000186,0,176.86000000000058,0.12991431887206956,2,0,2,2,55.93642857142758,61.224999999998545,3.8556269234208873,3.5225806451614643,150.58000000000175,221.31000000000495,375.8400000000038,0.5738346104725505,172.53600000000444
2026-07-30T01:45:00,1785375900,flip,1,64036.11,63525.77,64444.38,64444.38,tp,8.1654,1,0,64006.21,15.809999999997672,510.3400000000038,0.030979347101927252,54.279999999998836,71.22999999999593,0.7620384669381152,0.9698160887266379,nan,nan,nan,nan,nan,0.24774127310060992,0,0,1,0,47.427142857142044,40.625,10.76050483448323,12.562215384615477,249.9300000000003,427.6999999999971,514.4300000000003,0.9920494527924179,408.27200000000306
2026-07-31T02:01:00,1785463260,flip,-1,64459.62,64595.24,64351.12,64351.12,tp,2.1699,1,0,64468.89,9.220000000001164,135.61999999999534,0.06798407314556468,23.49000000000524,48.20999999999913,0.48724331051660785,0.945654428541892,nan,nan,nan,nan,nan,0.17055402597278993,1,1,1,2,66.00928571428605,55.31500000000233,2.0545594234576576,2.4517761909064384,297.9799999999959,630.5699999999997,950.0,0.1427578947368372,108.49599999999629
2026-07-31T02:29:00,1785464940,cont,-1,64282.55,64379.97,64204.61,64204.61,tp,1.5587,3,28,64312.35,18.80999999999767,97.41999999999825,0.1930815027714844,60.45999999999913,89.47000000000116,0.675757237062684,0.7481837487426116,0.25309648227425674,166.12999999999738,656.3899999999921,0,166.12999999999738,0.5125653504153121,1,1,1,2,41.99357142857168,47.784999999999854,2.319878893027789,2.0387150779533023,144.8399999999965,276.25,851.0400000000009,0.11447170520774365,77.93599999999861
2026-07-31T10:52:00,1785495120,flip,1,63855.19,63810.12,63891.25,63891.25,tp,0.7211,1,0,63851.69,2.599999999998545,45.06999999999971,0.057688040825350825,18.520000000004075,30.989999999997963,0.5976121329462825,0.7063568893191629,nan,nan,nan,nan,nan,0.23806999578339058,1,0,1,1,22.754999999999978,22.544999999998254,1.9806635904196772,1.9991128853405722,86.69000000000233,159.3199999999997,330.01000000000204,0.1365716190418455,36.05599999999977
2026-07-31T11:31:00,1785497460,flip,-1,63810.07,63901.62,63736.83,63736.83,tp,1.4648,1,0,63815.54,6.239999999997963,91.55000000000291,0.06815947569631638,14.459999999999127,35.580000000001746,0.4064080944350314,0.9991568296794235,nan,nan,nan,nan,nan,-0.06559142542116947,2,0,2,2,27.10285714285887,21.3650000000016,3.3778726544380113,4.28504563538479,103.93000000000029,160.98999999999796,196.44000000000233,0.46604561189168103,73.24000000000233
2026-07-31T11:57:00,1785499020,cont,-1,63730.24,63788.19,63683.88,63683.88,tp,0.9272,4,26,63737.34,6.349999999998545,57.950000000004366,0.10957722174284842,28.910000000003492,32.450000000004366,0.8909090909090787,0.8909090909090787,0.22201117001673867,78.31000000000495,352.7300000000032,0,78.31000000000495,0.15362175641658993,2,0,2,2,20.203571428571845,21.3650000000016,2.868304755170742,2.712380060847181,75.08000000000175,165.24000000000524,218.9100000000035,0.2647206614590628,46.360000000003495
2026-07-31T12:19:00,1785500340,cont,-1,63645.26,63667.53,63627.44,63667.72,sl,-0.4492,5,48,63643.96,7.080000000001746,22.2699999999968,0.31791647956905095,22.389999999999418,35.61999999999534,0.6285794497473988,0.825379000561631,0.2981394383732212,172.42000000000553,578.3200000000143,0,172.42000000000553,0.2784237554213436,2,0,2,2,21.954285714285756,21.040000000000873,1.0143805309733036,1.0584600760454312,77.76000000000204,158.3000000000029,280.7300000000032,0.07932889253017684,17.81599999999744
2026-07-31T12:28:00,1785500880,flip,1,63697.33,63651.5,63733.99,63650.05,sl,-0.9456,1,0,63683.72,17.2699999999968,45.830000000001746,0.37682740562941613,30.18000000000029,42.93999999999505,0.702841173730875,0.7231020027945788,nan,nan,nan,nan,nan,-0.21889525179117136,2,0,3,2,23.576428571428032,20.514999999999418,1.943890689853786,2.2339751401415087,82.98999999999796,141.91999999999825,245.29000000000087,0.186840066859642,36.6640000000014
2026-07-31T12:42:00,1785501720,flip,-1,63569.03,63655.99,63499.46,63658.09,sl,-1.7812,1,0,63580.04,13.0,86.95999999999913,0.14949402023919192,41.779999999998836,54.51000000000204,0.7664648688313571,0.7664648688313571,nan,nan,nan,nan,nan,0.2720443776724774,3,0,4,3,42.627857142855646,24.8949999999968,2.0399805626770395,3.4930708977710507,166.40999999999622,166.40999999999622,256.0599999999977,0.3396079043974065,69.5679999999993
2026-07-31T13:15:00,1785503700,flip,1,63726.88,63634.28,63800.96,63631.2,sl,-1.9136,1,0,63711.12,16.32999999999447,92.59999999999854,0.17634989200858237,37.63999999999942,40.30000000000291,0.9339950372207618,0.9339950372207618,nan,nan,nan,nan,nan,0.07919760696502628,3,0,4,3,28.27714285714267,27.94000000000233,3.2747297160755484,3.314244810307474,95.83000000000175,144.84000000000378,183.63999999999942,0.5042474406447334,74.07999999999883
2026-07-31T13:41:00,1785505260,flip,-1,63430.71,63687.01,63225.67,63225.67,tp,4.1008,1,0,63479.93,33.75,256.3000000000029,0.1316816230979306,51.5199999999968,131.56000000000495,0.39160839160835254,0.6084676193371837,nan,nan,nan,nan,nan,0.1097016295148174,4,0,4,4,94.12928571428658,29.275000000001455,2.7228507903263806,8.75491033304834,362.5900000000038,369.09999999999854,369.09999999999854,0.6943917637496719,205.04000000000235
2026-08-02T04:33:00,1785645180,flip,1,63500.42,63255.78,63696.13,63255.58,sl,-4.8968,1,0,63472.11,21.510000000002037,244.63999999999942,0.08792511445389997,9.85000000000582,15.910000000003492,0.6191074795728259,1.0,nan,nan,nan,nan,nan,0.1822484117484492,0,0,1,0,16.97357142857124,16.034999999999854,14.412994992214912,15.256626130339983,49.87999999999738,58.720000000001164,139.12000000000262,1.7584818861414233,195.71199999999953
2026-08-02T09:02:00,1785661320,flip,-1,63086.48,63165.53,63023.24,63167.44,sl,-1.6192,1,0,63121.87,36.41000000000349,79.04999999999563,0.4605945604048767,36.34000000000378,36.34000000000378,1.0,1.0,nan,nan,nan,nan,nan,0.47946156945003987,1,0,2,1,20.144285714285484,17.479999999999563,3.9241897737747378,4.522311212814508,80.06999999999971,242.77000000000407,382.3799999999974,0.20673152361524183,63.23999999999651
2026-08-02T09:24:00,1785662640,flip,1,63226.7,63184.21,63260.69,63183.67,sl,-0.8606,1,0,63221.91,3.7399999999979627,42.48999999999796,0.08802071075542815,27.520000000004075,29.0,0.9489655172415198,0.9489655172415198,nan,nan,nan,nan,nan,-0.18257145316804166,2,0,3,2,20.174999999998754,22.109999999996944,2.1060718711276625,1.921754862053543,48.63999999999942,207.32999999999447,382.6599999999962,0.1110385198348361,33.99199999999837
2026-08-02T10:11:00,1785665460,flip,-1,63146.43,63249.76,63063.77,63063.77,tp,1.6533,1,0,63160.52,10.459999999999127,103.33000000000175,0.10122907190553518,15.959999999999127,35.96999999999389,0.4437030859049719,0.4437030859049719,nan,nan,nan,nan,nan,0.11057132071756329,3,0,3,3,18.305714285713684,18.709999999999127,5.6446855002344,5.522715125601634,83.5399999999936,96.02999999999884,135.48999999999796,0.7626393091741331,82.66400000000141
2026-08-02T11:43:00,1785670980,cont,-1,63034.42,63143.06,62947.51,62947.51,tp,1.7382,3,92,63044.47,2.0900000000037835,108.63999999999942,0.01923784977912182,32.35000000000582,43.18000000000029,0.7491894395554795,0.8138026864288833,0.1062750439193897,107.68000000000029,1013.2199999999648,0,107.68000000000029,0.14208516354965064,0,0,1,0,28.186428571429133,18.359999999996944,3.8543371936848065,5.917211328976988,83.59000000000378,113.16000000000349,113.16000000000349,0.9600565570872752,86.91199999999954
2026-08-02T16:42:00,1785688920,flip,1,63187.8,62931.88,63392.54,63392.54,tp,4.0947,1,0,63154.11,29.12999999999738,255.92000000000553,0.11382463269770535,27.50999999999476,65.69000000000233,0.41878520322718504,0.46902115999385874,nan,nan,nan,nan,nan,0.1584827188415372,0,0,1,0,29.96714285714292,19.460000000002765,8.540020021928946,13.151079136689063,189.24000000000524,211.19000000000233,227.5300000000061,1.1247747549773597,204.73600000000442
2026-08-03T01:13:00,1785719580,flip,-1,63116.25,63331.48,62944.07,62944.07,tp,3.4437,1,0,63167.64,57.5199999999968,215.2300000000032,0.2672489894531243,104.18000000000029,125.08999999999651,0.8328403549444656,0.8845631145574967,nan,nan,nan,nan,nan,0.18312621026055462,1,0,1,1,45.121428571429405,31.30500000000029,4.770017413329095,6.875259543204,188.08000000000175,191.73999999999796,281.26000000000204,0.7652350138661795,172.18400000000258
2026-08-03T09:33:00,1785749580,flip,1,62614.76,62524.91,62686.64,62686.64,tp,1.4376,1,0,62588.2,16.040000000000873,89.84999999999854,0.1785197551474806,43.279999999998836,46.05000000000291,0.9398479913137047,0.9622149837132437,nan,nan,nan,nan,nan,0.44771760968087937,2,1,1,3,26.539285714286443,23.16500000000451,3.3855470327007002,3.8786963090861666,105.81000000000495,175.52000000000407,392.38000000000466,0.22898720627962046,71.87999999999884
2026-08-03T11:08:00,1785755280,flip,-1,62500.41,62700.51,62340.33,62700.82,sl,-4.0082,1,0,62526.54,26.87000000000262,200.09999999999854,0.13428285857072872,67.77000000000407,69.40000000000146,0.9765129682997501,0.9765129682997501,nan,nan,nan,nan,nan,0.19197238312561832,2,0,2,2,38.865000000000045,26.289999999997235,5.1485912774989915,7.611259033853921,202.47000000000116,202.47000000000116,255.2699999999968,0.7838758961100053,160.07999999999885
2026-08-03T11:56:00,1785758160,cont,-1,62478.78,62698.14,62303.29,62699.0,sl,-4.4044,2,48,62498.04,28.260000000002037,219.36000000000058,0.12882932166302863,56.69000000000233,78.72000000000116,0.7201473577235962,0.743775406504091,0.03937609506119186,29.889999999999418,759.089999999982,0,29.889999999999418,0.15234478965205203,1,0,1,1,30.64000000000046,26.325000000000728,7.1592689295038285,8.332763532763325,178.22999999999593,249.19000000000233,250.90000000000146,0.8742925468314042,175.48800000000048
2026-08-03T13:49:00,1785764940,flip,1,62907.51,62472.47,63255.54,63255.54,tp,6.9606,1,0,62894.34,3.320000000006985,435.0400000000009,0.0076314821625758054,35.200000000004366,191.0199999999968,0.18427389802117555,0.38215893623704966,nan,nan,nan,nan,nan,0.1317157528433232,1,0,1,1,85.28642857142975,42.82499999999709,5.100928802941288,10.158552247519683,415.33000000000175,543.2099999999991,543.2099999999991,0.8008689088934327,348.0320000000007
2026-08-03T14:16:00,1785766560,cont,1,63409.33,63072.14,63679.08,63679.08,tp,5.395,2,27,63313.91,86.47999999999593,337.1900000000023,0.2564726118805283,130.83000000000175,169.55999999999767,0.7715852795470839,0.8317409766454398,0.429195871359903,502.7299999999959,1171.3300000000017,0,502.7299999999959,0.2583938327969451,1,0,1,1,78.15928571428647,76.09999999999854,4.314138709412086,4.4308804204994585,376.8399999999965,691.0800000000017,956.4499999999971,0.35254325892624117,269.7520000000019
2026-08-03T14:54:00,1785768840,cont,1,63813.05,63575.0,64003.49,63574.89,sl,-4.7632,4,65,63794.3,9.869999999995343,238.0500000000029,0.041461877756753716,38.75,76.75,0.504885993485342,0.966905537459272,0.290059995200385,906.5099999999948,3125.249999999971,0,906.5099999999948,0.2438734302315696,0,0,1,0,73.00714285714223,85.59499999999753,3.260639859113658,2.781120392546408,263.6900000000023,521.5,793.8300000000017,0.29987528815993647,190.44000000000233
2026-08-03T21:54:00,1785794040,flip,-1,63553.88,63612.53,63506.96,63506.96,tp,0.9384,1,0,63564.17,12.819999999999709,58.650000000001455,0.2185848252344312,23.5,41.68999999999505,0.5636843367714749,0.6473974574238706,nan,nan,nan,nan,nan,0.20610615968165139,1,0,1,1,24.77214285714269,21.174999999999272,2.3675787895390155,2.769775678866752,126.94999999999709,142.90000000000146,218.11000000000058,0.2689010132502008,46.92000000000117
2026-08-03T22:02:00,1785794520,cont,-1,63455.64,63557.62,63374.06,63374.06,tp,1.6317,2,8,63516.05,64.88000000000466,101.9800000000032,0.6362031770935734,87.27000000000407,99.03000000000611,0.88124810663434,0.9050792689084027,0.4759144893111488,100.18000000000029,210.50000000000728,0,100.18000000000029,0.24663648331887242,1,0,1,1,35.507857142856146,23.32499999999709,2.8720403934744523,4.3721329046094715,170.76000000000204,225.47000000000116,289.88000000000466,0.3518007451359237,81.58400000000256
2026-08-04T01:18:00,1785806280,flip,1,63438.39,63353.84,63506.03,63506.03,tp,1.3528,1,0,63430.71,0.09999999999854481,84.55000000000291,0.0011827321111595667,55.36000000000058,84.5199999999968,0.6549929010885315,0.7697586370089936,nan,nan,nan,nan,nan,0.05438220589735231,1,1,1,2,41.30571428571524,34.36500000000524,2.046932281939568,2.4603521024295074,105.0199999999968,195.59999999999854,195.59999999999854,0.4322597137014496,67.64000000000233
2026-08-04T01:30:00,1785807000,cont,1,63530.98,63395.56,63639.32,63639.32,tp,2.1667,2,12,63503.01,22.299999999995634,135.42000000000553,0.1646728695908634,66.86000000000058,75.18999999999505,0.8892139912223033,0.9340337810879179,0.30097458436842106,94.5,313.9800000000105,0,94.5,0.12153172617693435,1,1,1,2,42.91214285714159,35.080000000005384,3.1557501206786847,3.860319270239018,179.89999999999418,202.0,275.59999999999854,0.4913642960812999,108.33600000000443
2026-08-04T02:36:00,1785810960,cont,1,63861.8,63612.26,64061.43,63610.46,sl,-5.0268,3,78,63824.15,34.7699999999968,249.54000000000087,0.13933637893723122,89.09999999999854,159.94000000000233,0.5570839064649071,0.5870326372389524,0.19353015898847728,428.1100000000006,2212.1100000000006,0,428.1100000000006,0.15335701704630325,1,0,1,1,46.18857142857087,36.6050000000032,5.402635160212877,6.817101488867069,316.0699999999997,316.0699999999997,330.77999999999884,0.7543986939960148,199.63200000000072
2026-08-04T10:15:00,1785838500,flip,-1,63391.37,63694.03,63149.24,63694.8,sl,-6.0686,1,0,63444.7,51.2699999999968,302.6599999999962,0.16939800436132108,40.2699999999968,58.18000000000029,0.6921622550704125,0.6921622550704125,nan,nan,nan,nan,nan,0.1699317731419253,0,0,1,0,21.503571428571636,14.789999999997235,14.074871283839583,20.463826910077945,123.24000000000524,169.61000000000058,169.61000000000058,1.7844466717763998,242.12799999999697
2026-08-04T11:44:00,1785843840,flip,1,63804.56,63639.92,63936.27,63936.27,tp,2.6342,1,0,63801.53,0.27000000000407454,164.63999999999942,0.001639941690986853,53.2300000000032,93.63999999999942,0.5684536522853859,0.7674070909867687,nan,nan,nan,nan,nan,0.14613465654266156,1,0,2,1,39.313571428571386,30.590000000000146,4.187866785370363,5.382151029748239,183.6600000000035,186.56000000000495,252.12000000000262,0.6530223702998481,131.71199999999953
2026-08-04T12:38:00,1785847080,cont,1,63929.44,63717.14,64099.28,63717.09,sl,-4.247,2,54,63877.82,42.51000000000204,212.3000000000029,0.20023551577956408,58.220000000001164,127.72000000000116,0.45584090197307103,0.45584090197307103,0.11502964781692719,118.52999999999884,1030.4300000000221,0,118.52999999999884,0.2017330434149963,1,0,1,1,40.54214285714209,28.409999999999854,5.236526365862853,7.472720872932207,272.6900000000023,274.84999999999854,345.8700000000026,0.6138144389510547,169.84000000000233
2026-08-05T21:23:00,1785964980,flip,-1,64630.28,64757.39,64528.59,64528.59,tp,2.0338,1,0,64650.35,19.7699999999968,127.11000000000058,0.155534576351166,27.75999999999476,39.799999999995634,0.6974874371858746,0.6974874371858746,nan,nan,nan,nan,nan,0.3075456939195961,1,0,1,1,26.852142857140798,20.774999999997817,4.733700422951466,6.118411552347241,151.9499999999971,231.77999999999884,326.1599999999962,0.3897167034584316,101.68800000000047
2026-08-06T01:46:00,1785980760,flip,1,64559.12,64488.75,64615.42,64488.2,sl,-1.4184,1,0,64548.28,4.480000000003201,70.37000000000262,0.06366349296579557,22.37000000000262,36.80999999999767,0.6077152947569692,0.911437109481256,nan,nan,nan,nan,nan,-0.01609060421630367,1,0,1,1,28.737142857141276,24.359999999996944,2.448747265858249,2.888752052545626,124.36999999999534,135.00999999999476,216.2699999999968,0.3253803116474946,56.296000000002095
2026-08-06T02:16:00,1785982560,flip,-1,64469.97,64593.06,64371.5,64371.5,tp,1.9694,1,0,64476.64,3.7399999999979627,123.08999999999651,0.03038427167111925,25.360000000000582,29.42000000000553,0.8619986403805512,0.8619986403805512,nan,nan,nan,nan,nan,0.057541017973986475,2,0,2,2,36.9557142857141,25.05500000000029,3.330743360779233,4.912791857912396,127.13999999999942,133.33000000000175,178.23999999999796,0.6905857271095036,98.47199999999721
2026-08-06T05:01:00,1785992460,flip,1,64708.66,64565.33,64823.32,64823.32,tp,2.2933,1,0,64674.48,29.589999999996508,143.33000000000175,0.20644666155024172,38.30999999999767,38.30999999999767,1.0,1.0,nan,nan,nan,nan,nan,0.2828710416764192,1,0,1,1,21.149285714284947,22.450000000000728,6.777061028741589,6.384409799554437,139.25,140.1999999999971,275.6399999999994,0.5199898418226747,114.66400000000141
2026-08-06T10:10:00,1786011000,flip,-1,64528.36,64646.23,64434.06,64434.06,tp,1.8859,1,0,64557.73,27.830000000001746,117.87000000000262,0.2361075761432182,38.01000000000204,48.570000000006985,0.7825818406423012,0.7825818406423012,nan,nan,nan,nan,nan,0.2513955931123254,1,0,1,1,24.829285714285756,19.31499999999869,4.747216708380178,6.102511001812613,109.44000000000233,117.16000000000349,257.2900000000009,0.4581211862101217,94.2960000000021
2026-08-06T12:08:00,1786018080,cont,-1,64412.25,64584.93,64274.11,64274.11,tp,2.7629,3,118,64435.39,17.209999999999127,172.6800000000003,0.09966411860087501,25.69000000000233,35.220000000001164,0.7294151050539887,0.9619534355478779,0.08511481204955204,111.72000000000116,1312.5800000000017,0,111.72000000000116,0.0938539581232246,0,0,1,0,27.809285714286357,17.590000000000146,6.2094367246293585,9.81694144400221,159.75,171.87000000000262,171.87000000000262,1.0047128643742227,138.14400000000023
2026-08-06T14:22:00,1786026120,flip,1,64498.63,64334.93,64629.59,64334.21,sl,-3.2884,1,0,64483.73,10.19999999999709,163.6999999999971,0.06230910201586604,113.58000000000175,139.3199999999997,0.81524547803619,0.8962101636520302,nan,nan,nan,nan,nan,0.20375463426773385,2,0,3,2,54.874999999998444,54.62999999999738,2.983143507972697,2.9965220574776668,173.45999999999913,207.87000000000262,419.48999999999796,0.39023576247347463,130.95999999999768
2026-08-06T14:36:00,1786026960,cont,1,64551.44,64281.46,64767.42,64767.42,tp,4.3197,2,14,64508.39,32.70999999999913,269.9800000000032,0.12115712274982865,30.239999999997963,76.12000000000262,0.39726747241194066,0.39726747241194066,0.10092214210829681,47.169999999998254,467.39000000001397,2,15.723333333332752,0.19140634265518391,3,1,3,4,58.60071428571401,54.77499999999782,4.607111078607114,4.928890917389575,305.5200000000041,305.5200000000041,380.5,0.7095400788436352,215.98400000000257
2026-08-06T15:06:00,1786028760,cont,1,64818.21,64606.27,64987.76,64604.37,sl,-4.2768,4,44,64763.87,38.93000000000029,211.94000000000233,0.18368406152684658,77.17000000000553,93.90000000000146,0.82183173588929,0.82183173588929,0.22318325348825396,308.8700000000026,1383.9300000000148,2,102.95666666666754,0.21892994572988272,2,1,1,3,52.259285714285525,50.279999999998836,4.055547202821157,4.2151949085124745,202.80999999999767,338.6399999999994,538.0699999999997,0.3938892709127111,169.55200000000187
2026-08-06T16:26:00,1786033560,flip,-1,64541.6,64654.11,64451.59,64655.63,sl,-2.2806,1,0,64553.3,18.780000000006112,112.51000000000204,0.1669184961337283,15.240000000005239,40.99000000000524,0.3717979995121564,0.9251036838253399,nan,nan,nan,nan,nan,0.13839442974599808,2,1,1,3,41.710714285714594,42.10000000000218,2.6973884750407002,2.6724465558193873,113.66000000000349,131.16999999999825,287.1399999999994,0.39182976945045017,90.00800000000163
2026-08-06T16:52:00,1786035120,flip,1,64713.23,64591.68,64810.47,64590.64,sl,-2.4518,1,0,64689.96,18.450000000004366,121.55000000000291,0.151789387083537,33.25,42.79000000000087,0.7770507127833447,0.7777518111709613,nan,nan,nan,nan,nan,-0.009970499801439398,2,0,2,2,36.464285714286234,40.68000000000029,3.333398628795331,2.9879547689282706,126.23999999999796,186.47000000000116,210.70000000000437,0.5768865685809226,97.24000000000234
2026-08-06T18:02:00,1786039320,cont,-1,64475.21,64595.25,64379.18,64379.18,tp,1.9206,2,30,64481.8,7.389999999999418,120.04000000000087,0.06156281239586275,19.429999999993015,28.7699999999968,0.6753562738962523,0.7963156065345417,0.24412041392285277,124.55999999999767,510.24000000000524,0,124.55999999999767,0.27837529536380123,2,0,3,2,25.401428571428237,27.20499999999811,4.725718463528582,4.4124241867307195,126.69999999999709,153.0899999999965,308.75999999999476,0.3887809301723115,96.0320000000007
2026-08-06T18:52:00,1786042320,flip,-1,64335.1,64395.12,64287.08,64395.92,sl,-1.2164,1,0,64343.09,8.029999999998836,60.020000000004075,0.13378873708760897,4.740000000005239,18.150000000001455,0.2611570247936561,0.7096418732784365,nan,nan,nan,nan,nan,0.3129261858543584,3,0,4,3,21.296428571428155,24.75,2.8183129297336023,2.42505050505067,82.54999999999563,188.80999999999767,265.4599999999991,0.22609809387479948,48.01600000000326
2026-08-06T19:33:00,1786044780,cont,-1,64322.07,64401.72,64258.35,64403.4,sl,-1.6266,2,41,64318.94,6.650000000001455,79.65000000000146,0.08349026993096464,25.400000000001455,47.779999999998836,0.5316031812474272,0.6297614064461541,0.05409707538427744,22.7699999999968,420.91000000001077,2,7.589999999998933,0.15009935378295444,3,1,2,4,28.0,20.465000000000146,2.844642857142909,3.8920107500611234,107.12000000000262,107.12000000000262,121.84000000000378,0.6537261982928347,63.720000000001164
2026-08-07T01:03:00,1786064580,flip,1,64377.78,64173.7,64541.04,64172.4,sl,-4.1076,1,0,64348.85,42.61000000000058,204.08000000000175,0.20879067032536366,46.86000000000058,63.48999999999796,0.7380689872421182,0.8004410143329869,nan,nan,nan,nan,nan,0.08783812749174154,1,0,1,1,35.37999999999998,26.764999999999418,5.768230638779023,7.624883243041516,204.37999999999738,218.0199999999968,237.40999999999622,0.859609957457584,163.2640000000014
2026-08-07T04:45:00,1786077900,flip,-1,64164.36,64314.98,64043.86,64315.1,sl,-3.0148,1,0,64193.9,31.650000000001455,150.62000000000262,0.21013145664586977,38.400000000001455,48.29000000000087,0.7951956926900137,0.7951956926900137,nan,nan,nan,nan,nan,0.14228027524826148,1,0,1,1,22.18857142857035,20.534999999999854,6.7881792428539125,7.334794253713352,142.97999999999593,152.8399999999965,160.05999999999767,0.9410221167062652,120.4960000000021
2026-08-07T06:14:00,1786083240,flip,1,64355.5,64247.35,64442.02,64246.05,sl,-2.189,1,0,64337.43,11.760000000002037,108.15000000000146,0.10873786407768728,27.49000000000524,37.7699999999968,0.7278263171831498,0.7405348159916213,nan,nan,nan,nan,nan,0.21410110617180572,1,0,2,1,24.214285714285193,20.640000000003056,4.466371681416086,5.239825581394643,111.63999999999942,171.34999999999854,257.8600000000006,0.4194136353059847,86.52000000000118
2026-08-07T06:47:00,1786085220,flip,-1,64271.16,64326.84,64226.62,64226.62,tp,0.8909,1,0,64279.12,11.930000000000291,55.679999999993015,0.21426005747129648,47.419999999998254,80.72999999999593,0.5873900656509432,0.6908212560386425,nan,nan,nan,nan,nan,-0.03771325621505332,2,0,2,2,24.62571428571391,22.970000000001164,2.261051166028292,2.4240313452324855,85.97999999999593,163.8399999999965,171.41999999999825,0.32481624081200317,44.54399999999441
2026-08-07T07:00:00,1786086000,cont,-1,64225.94,64285.33,64178.43,64286.43,sl,-1.2098,2,13,64231.73,8.400000000001455,59.38999999999942,0.1414379525172847,23.0,30.540000000000873,0.7531106745251913,0.7557301899149014,0.2329509241554996,43.86000000000058,188.2800000000134,0,43.86000000000058,0.07533221357647754,2,0,2,2,27.524285714285465,22.62999999999738,2.1577308351066575,2.6243923994700085,107.08999999999651,119.68000000000029,190.1999999999971,0.3122502628811794,47.51199999999954
2026-08-07T07:21:00,1786087260,flip,1,64374.62,64274.78,64454.49,64270.93,sl,-2.0738,1,0,64303.51,61.220000000001164,99.84000000000378,0.6131810897435782,82.41000000000349,113.22000000000116,0.72787493375731,0.8440204910793496,nan,nan,nan,nan,nan,0.011219662058377457,3,0,3,3,24.899999999999896,20.385000000002037,4.0096385542170365,4.89771891096364,129.37000000000262,184.8000000000029,208.4800000000032,0.47889485801996473,79.87200000000303
2026-08-07T08:26:00,1786091160,cont,1,64399.04,64247.53,64520.25,64520.25,tp,2.4242,2,65,64382.39,8.290000000000873,151.51000000000204,0.05471586033925656,19.040000000000873,29.92000000000553,0.636363636363548,0.8516042780748159,0.03855124567319208,25.94999999999709,673.1300000000338,2,8.64999999999903,0.08099215851138646,3,1,2,4,22.623571428572696,17.06000000000131,6.696997442616455,8.881008206330035,89.19000000000233,155.1600000000035,155.1600000000035,0.9764758958494368,121.20800000000163
2026-08-07T08:42:00,1786092120,cont,1,64562.32,64387.35,64702.3,64702.3,tp,2.7995,3,81,64475.23,78.75,174.97000000000116,0.4500771560838971,88.11000000000058,94.2699999999968,0.9346557759626983,0.9346557759626983,0.1898594488307396,189.25,996.7900000000373,2,63.083333333333336,0.3384067889405878,2,1,2,3,31.002857142857724,18.650000000001455,5.643673394157152,9.381769436996649,184.37999999999738,253.87000000000262,320.1800000000003,0.5464738584546224,139.97600000000094
2026-08-07T09:21:00,1786094460,cont,1,64737.76,64675.84,64787.3,64787.3,tp,0.9907,5,120,64730.05,3.6999999999970896,61.92000000000553,0.05975452196377195,48.5199999999968,57.349999999998545,0.8460331299040633,0.9435047951177324,0.22909682385954228,369.0199999999968,1610.760000000002,2,123.0066666666656,0.3754547464474581,1,1,1,2,32.89500000000044,26.539999999997235,1.8823529411766138,2.3330821401662387,137.6800000000003,222.6800000000003,392.4300000000003,0.1577861019799849,49.53600000000443
2026-08-07T16:59:00,1786121940,flip,-1,64753.35,65228.09,64373.56,65230.63,sl,-9.5456,1,0,64772.31,21.0199999999968,474.73999999999796,0.04427686733790472,42.729999999995925,42.970000000001164,0.9944147079356473,1.0,nan,nan,nan,nan,nan,0.11277135031274058,0,0,1,0,28.27214285714269,30.674999999999272,16.791794042596223,15.476446617767213,156.55999999999767,174.04000000000087,276.1100000000006,1.719387200753312,379.7919999999984
2026-08-09T23:21:00,1786317660,flip,-1,64914.15,65058.86,64798.38,64798.38,tp,2.3154,1,0,64932.56,16.37999999999738,144.70999999999913,0.11319190104344883,19.209999999999127,36.169999999998254,0.5311031241360258,0.5311031241360258,nan,nan,nan,nan,nan,0.29984211546806167,1,1,1,2,35.30999999999923,31.215000000000146,4.098272444066901,4.635912221688241,131.95999999999913,159.63999999999942,349.83000000000175,0.4136580624874894,115.7679999999993
2026-08-10T07:32:00,1786347120,flip,1,65277.67,64774.77,65679.99,64772.86,sl,-10.0962,1,0,65270.06,0.9200000000055297,502.90000000000146,0.0018293895406751384,22.700000000004366,27.720000000001164,0.818903318903442,0.8499278499279928,nan,nan,nan,nan,nan,0.20244051250763107,0,0,1,0,20.967857142856833,20.534999999999854,23.984329756430334,24.489895300706355,96.96999999999389,102.29999999999563,155.63999999999942,3.23117450526859,402.3200000000012
2026-08-10T14:14:00,1786371240,flip,1,64676.95,64545.36,64782.22,64782.22,tp,2.1054,1,0,64650.75,24.94999999999709,131.5899999999965,0.18960407325782927,36.25999999999476,51.400000000001455,0.7054474708169988,0.7177042801556104,nan,nan,nan,nan,nan,-0.09040360903634999,1,1,1,2,46.966428571429525,39.904999999998836,2.8017885115506727,3.297581756672105,224.83000000000175,246.33000000000175,472.22000000000116,0.27866248782346403,105.2719999999972
2026-08-10T14:35:00,1786372500,cont,1,64791.56,64695.75,64868.21,64693.18,sl,-1.9676,3,21,64773.88,7.25,95.80999999999767,0.0756705980586596,40.2699999999968,76.55000000000291,0.5260613977791675,0.5260613977791675,0.23044305042512692,105.43000000000029,457.51000000000204,0,105.43000000000029,0.06180197357206319,1,1,1,2,36.35928571428563,41.2400000000016,2.6350902697286416,2.3232298739086796,171.84000000000378,286.5900000000038,373.5300000000061,0.256498808663283,76.64799999999813
2026-08-10T15:12:00,1786374720,flip,-1,64487.74,64640.46,64365.56,64365.56,tp,2.4435,1,0,64531.78,23.19999999999709,152.72000000000116,0.15191199580930403,103.25,126.58000000000175,0.8156896824142722,1.0,nan,nan,nan,nan,nan,0.08350859482347238,2,0,2,2,42.50499999999946,38.275000000001455,3.5929890601106482,3.9900718484649342,150.97999999999593,320.2299999999959,320.2299999999959,0.4769072229335262,122.17600000000094
2026-08-10T15:36:00,1786376160,cont,-1,64236.47,64354.49,64142.05,64142.05,tp,1.8883,3,24,64274.28,36.44000000000233,118.0199999999968,0.3087612269107212,48.94000000000233,61.37999999999738,0.797328119908837,0.797328119908837,0.42251630824932046,270.74000000000524,640.7800000000134,0,270.74000000000524,0.3337607368785972,2,0,2,2,47.90214285714371,40.46500000000378,2.4637728702860384,2.9165945879151307,237.1999999999971,434.1599999999962,603.4099999999962,0.19558840589316973,94.41599999999744
2026-08-10T15:53:00,1786377180,cont,-1,64154.71,64254.79,64074.65,64255.94,sl,-2.0246,5,41,64163.13,8.5,100.08000000000175,0.08493205435651331,88.60000000000582,120.79999999999563,0.7334437086093463,0.7884933774834723,0.3380708138724095,353.95000000000437,1046.970000000023,0,353.95000000000437,0.3131069586765716,2,0,2,2,46.49214285714282,40.580000000001746,2.1526217947733497,2.466239526860459,185.4300000000003,299.2099999999991,530.4799999999959,0.1886593274016033,80.0640000000014
2026-08-10T16:15:00,1786378500,cont,-1,64121.18,64292.44,63984.17,63984.17,tp,2.7402,6,63,64129.08,11.459999999999127,171.26000000000204,0.06691580053718901,45.75,56.080000000001746,0.8157988587731557,0.8157988587731557,0.2534061005172294,390.9599999999991,1542.8200000000288,2,130.3199999999997,0.3161370926421048,2,1,1,3,43.55642857142915,40.395000000004075,3.931910985749187,4.239633618021656,194.4300000000003,194.90999999999622,483.0699999999997,0.3545241890409302,137.00800000000163
2026-08-10T16:44:00,1786380240,cont,-1,63910.65,64120.22,63742.99,63742.99,tp,3.3531,7,92,63914.24,6.0,209.5699999999997,0.028630052011261193,44.06999999999971,83.55000000000291,0.5274685816875904,0.6000000000000348,0.2545366664405395,600.3400000000038,2358.5600000000195,2,200.1133333333346,0.2337405453821638,2,1,1,3,47.95357142857184,40.474999999998545,4.370268861249677,5.177764051884058,245.40000000000146,288.5500000000029,427.3799999999974,0.4903598670971992,167.65599999999978
2026-08-10T19:29:00,1786390140,flip,1,63963.6,63733.1,64148.0,64148.0,tp,3.688,1,0,63948.7,3.8400000000037835,230.5,0.016659436008693206,13.0,14.080000000001746,0.92329545454534,0.92329545454534,nan,nan,nan,nan,nan,0.14488800536279106,0,0,1,0,22.312857142858515,22.645000000000437,10.33036686087394,10.178847427688035,130.38000000000466,147.8000000000029,220.52000000000407,1.045256666062016,184.4
2026-08-10T21:40:00,1786398000,flip,-1,64004.21,64085.69,63939.03,63939.03,tp,1.3037,1,0,64014.36,14.770000000004075,81.4800000000032,0.18127147766327312,17.070000000006985,32.67000000000553,0.5224977043160115,1.0,nan,nan,nan,nan,nan,0.09875196173679883,1,0,1,1,15.367142857144374,16.36000000000422,5.302221809054254,4.980440097798422,63.41000000000349,65.14999999999418,154.89999999999418,0.5260167850226356,65.18400000000257
2026-08-10T23:39:00,1786405140,cont,-1,63869.07,63999.43,63764.78,64000.45,sl,-2.6276,2,119,63875.03,5.94999999999709,130.36000000000058,0.04564283522550677,12.119999999995343,41.05999999999767,0.2951777886019491,0.3268387725279838,0.11746334614380495,130.50999999999476,1111.0699999999779,0,130.50999999999476,0.05312272591070926,0,0,1,0,17.387142857143253,11.159999999999854,7.497494043217347,11.681003584229595,91.5199999999968,102.5199999999968,119.72000000000116,1.08887403942532,104.28800000000047
2026-08-11T02:04:00,1786413840,flip,1,64027.34,63888.03,64138.79,63887.31,sl,-2.8006,1,0,64013.39,9.319999999999709,139.30999999999767,0.06690115569592897,12.419999999998254,15.239999999997963,0.8149606299212542,0.978346456692796,nan,nan,nan,nan,nan,0.10808064161722462,1,0,1,1,16.388571428570035,20.154999999998836,8.500435843794165,6.911932522947443,51.7300000000032,135.01000000000204,135.01000000000204,1.0318494926301427,111.44799999999815
2026-08-11T06:27:00,1786429620,cont,-1,63872.95,63988.63,63780.41,63988.96,sl,-2.3202,2,67,63888.81,15.869999999995343,115.68000000000029,0.13718879668045733,22.110000000000582,36.4800000000032,0.6060855263157522,0.7790570175437435,0.06389776357827756,34.0,532.0999999999767,0,34.0,0.06527393919687079,1,0,1,1,17.807857142858015,13.084999999999127,6.496008984797741,8.840657241116393,120.7300000000032,123.75,123.75,0.9347878787878812,92.54400000000024
2026-08-11T08:40:00,1786437600,cont,1,64042.82,63966.89,64103.56,64103.56,tp,1.2149,3,95,64034.33,2.069999999999709,75.93000000000029,0.02726195179770448,17.080000000001746,29.639999999999418,0.5762483130904886,0.9986504723346534,0.09630895682900857,100.30000000000291,1041.4400000000023,2,33.4333333333343,0.056676471094148376,2,1,1,3,15.827857142857413,16.599999999998545,4.797238142515393,4.574096385542587,54.69000000000233,69.55000000000291,76.87000000000262,0.987771562378011,60.744000000000234
2026-08-11T10:55:00,1786445700,flip,-1,64159.73,64254.18,64084.17,64255.33,sl,-1.912,1,0,64161.55,3.1300000000046566,94.44999999999709,0.03313922710433831,21.419999999998254,27.540000000000873,0.7777777777776897,0.832970225127146,nan,nan,nan,nan,nan,0.06739039146461366,1,0,1,1,17.65714285714265,18.63000000000102,5.349110032362358,5.0697799248519555,66.95999999999913,102.0,119.73999999999796,0.7887923834975672,75.55999999999767
2026-08-11T11:55:00,1786449300,flip,1,64335.36,64252.8,64401.41,64401.41,tp,1.321,1,0,64328.36,15.339999999996508,82.55999999999767,0.18580426356585442,22.44999999999709,30.639999999999418,0.7327023498693707,0.988903394255751,nan,nan,nan,nan,nan,0.3120978337769132,2,0,2,2,15.327142857141942,13.44999999999709,5.38652250908769,6.138289962826434,68.94000000000233,74.51000000000204,185.70000000000437,0.4445880452342258,66.04799999999814
2026-08-11T13:03:00,1786453380,flip,-1,64216.93,64307.76,64144.27,64307.87,sl,-1.8188,1,0,64246.96,29.979999999995925,90.83000000000175,0.330067158427781,42.7899999999936,53.20999999999913,0.8041721480923567,0.9199398609283573,nan,nan,nan,nan,nan,0.20779449283011872,1,0,2,1,14.22214285714186,21.75500000000102,6.386520014063149,4.17513215352781,69.15999999999622,121.19999999999709,222.86999999999534,0.4075470004935776,72.6640000000014
2026-08-11T13:18:00,1786454280,cont,-1,64205.79,64318.59,64115.55,64115.55,tp,1.8048,2,15,64212.72,8.590000000003783,112.79999999999563,0.07615248226954004,29.950000000004366,35.970000000001164,0.8326383097026243,0.9427300528218625,0.04063498086837237,12.85000000000582,316.2300000000105,2,4.283333333335274,0.17856647894067854,2,1,2,3,27.969285714285693,23.149999999997817,4.0329953775824,4.87257019438472,116.66000000000349,116.66000000000349,150.08000000000175,0.7515991471214973,90.23999999999651
2026-08-11T13:31:00,1786455060,cont,-1,64106.17,64185.39,64042.79,64042.79,tp,1.2675,3,28,64101.93,14.040000000000873,79.22000000000116,0.17722797273416646,65.81999999999971,83.94999999999709,0.7840381179273614,0.7840381179273614,0.2274753740154028,129.09000000000378,567.4900000000125,2,43.03000000000126,0.2141266830802627,2,1,2,3,33.24642857142836,21.50500000000102,2.3828123321517314,3.6837944664030418,197.77999999999884,248.97000000000116,264.1599999999962,0.2998940036341698,63.376000000000936
2026-08-11T14:24:00,1786458240,cont,-1,63886.87,64195.68,63639.82,63639.82,tp,4.941,4,81,63980.39,89.29000000000087,308.8099999999977,0.2891421909912294,116.13000000000466,142.77999999999884,0.8133492085726685,0.9740860064434996,0.15164121320416107,325.88000000000466,2149.0199999999895,4,65.17600000000093,0.16110053444044675,3,2,1,5,52.95071428571412,52.10000000000218,5.832027087183474,5.927255278310647,319.27999999999884,319.27999999999884,319.27999999999884,0.9672074668002969,247.04799999999815
2026-08-11T19:39:00,1786477140,flip,1,63374.41,63288.64,63443.03,63443.03,tp,1.3723,1,0,63357.16,4.139999999999418,85.77000000000407,0.04826862539348515,22.310000000004948,44.31000000000495,0.5034980816971892,0.7228616565110029,nan,nan,nan,nan,nan,0.0837497456304984,1,0,1,1,25.542142857142608,25.474999999998545,3.357979809278975,3.3668302257118343,124.06000000000495,211.3000000000029,211.3000000000029,0.4059157595835442,68.61600000000327
2026-08-11T20:31:00,1786480260,cont,1,63687.47,63548.03,63799.02,63546.01,sl,-2.8292,2,52,63660.45,22.530000000006112,139.44000000000233,0.16157487091226144,44.16000000000349,45.729999999995925,0.9656680516074224,0.9936584299148563,0.33853925489369496,321.6800000000003,950.2000000000335,0,321.6800000000003,0.32884688090737085,1,0,1,1,28.33142857142801,29.169999999998254,4.921742638160729,4.780253685293475,136.62999999999738,137.62999999999738,397.1399999999994,0.35111043964345706,111.55200000000187
2026-08-11T23:18:00,1786490280,flip,-1,63487.39,63533.85,63450.22,63534.15,sl,-0.9352,1,0,63495.64,7.05000000000291,46.45999999999913,0.15174343521315203,18.69000000000233,25.589999999996508,0.7303634232123829,0.7303634232123829,nan,nan,nan,nan,nan,0.2884628033940817,1,0,1,1,16.795714285714244,15.880000000001019,2.7661818491111227,2.925692695213863,52.15999999999622,136.86999999999534,208.70999999999913,0.22260552920319737,37.1679999999993
2026-08-11T23:34:00,1786491240,flip,1,63563.95,63513.51,63604.3,63513.42,sl,-1.0106,1,0,63554.35,1.4899999999979627,50.43999999999505,0.029540047581247203,25.0,35.51000000000204,0.7040270346380897,0.7741481272879861,nan,nan,nan,nan,nan,-0.1752059473578579,2,0,2,2,17.78785714285862,14.069999999999709,2.8356422920928086,3.584932480454591,70.33000000000175,82.16999999999825,185.97999999999593,0.27121195827506267,40.351999999996046
2026-08-12T00:24:00,1786494240,cont,1,63628.27,63473.55,63752.05,63752.05,tp,2.4755,2,50,63587.81,27.69000000000233,154.7199999999939,0.17896845915203866,32.48999999999796,43.979999999995925,0.7387448840382213,0.7387448840382213,0.0948308748728467,59.66000000000349,629.1199999999808,2,19.886666666667832,0.11933232334163381,3,1,2,4,27.40642857142822,21.93999999999869,5.645390810289406,7.051959890610899,153.43999999999505,167.12999999999738,167.12999999999738,0.9257464249386484,123.77599999999512
2026-08-12T03:14:00,1786504440,flip,-1,63664.04,63740.67,63602.74,63742.63,sl,-1.5718,1,0,63662.1,9.279999999998836,76.62999999999738,0.12110139631996807,11.930000000000291,22.209999999999127,0.5371454299865268,0.5371454299865268,nan,nan,nan,nan,nan,0.1733471183924446,3,2,1,5,18.96142857142747,19.789999999997235,4.041362163791252,3.8721576553819146,98.12999999999738,98.12999999999738,213.83000000000175,0.35836879764297225,61.303999999997906
2026-08-12T04:22:00,1786508520,flip,1,63833.91,63694.87,63945.14,63691.21,sl,-2.854,1,0,63781.34,47.7100000000064,139.04000000000087,0.3431386651323799,48.04000000000087,53.580000000001746,0.8966032101530292,0.9604329973871729,nan,nan,nan,nan,nan,0.23375081616906035,3,1,2,4,23.357142857142858,16.2400000000016,5.952782874617775,8.561576354679012,136.29999999999563,136.29999999999563,173.00999999999476,0.8036529680365591,111.23200000000071
2026-08-12T05:06:00,1786511160,flip,-1,63671.45,63775.69,63588.06,63776.84,sl,-2.1078,1,0,63672.06,1.7399999999979627,104.24000000000524,0.01669224865692513,8.059999999997672,12.869999999995343,0.6262626262626719,0.7482517482518155,nan,nan,nan,nan,nan,0.1421251785214719,2,0,3,2,16.765000000000978,16.43999999999869,6.217715478675762,6.340632603407149,109.78000000000611,117.06000000000495,174.4300000000003,0.5976036232299781,83.3920000000042
2026-08-12T05:30:00,1786512600,flip,1,63802.08,63745.41,63847.42,63745.39,sl,-1.1338,1,0,63780.1,16.349999999998545,56.669999999998254,0.28851244044466295,23.839999999996508,23.849999999998545,0.9995807127881745,1.0,nan,nan,nan,nan,nan,0.20009400025307572,3,0,3,3,14.661428571429756,15.385000000002037,3.865244080677733,3.68345791355156,51.0399999999936,137.8199999999997,137.8199999999997,0.4111885067479203,45.335999999998606
2026-08-12T06:20:00,1786515600,flip,-1,63631.98,63691.29,63584.53,63584.53,tp,0.949,1,0,63631.98,3.9400000000023283,59.30999999999767,0.0664306187827092,11.150000000001455,31.0199999999968,0.3594455190200711,0.7849774339136383,nan,nan,nan,nan,nan,0.1732441850582117,3,0,4,3,23.34928571428671,18.94999999999709,2.5401205298416345,3.129815303430437,126.2699999999968,188.3399999999965,199.9699999999939,0.29659448917337344,47.44799999999814
2026-08-12T07:58:00,1786521480,flip,1,63757.23,63584.26,63895.61,63895.61,tp,2.7675,1,0,63736.19,14.07999999999447,172.97000000000116,0.08140139908651428,18.14999999999418,26.790000000000873,0.6774916013435457,0.7965658827919303,nan,nan,nan,nan,nan,0.16743362831858516,2,0,2,2,23.468571428571263,16.395000000000437,7.370282444606871,10.550167734065054,189.0699999999997,189.0699999999997,189.0699999999997,0.9148463532025252,138.37600000000094
2026-08-12T09:59:00,1786528740,flip,1,64055.48,63961.24,64130.87,64130.87,tp,1.5078,1,0,64045.45,1.5800000000017462,94.24000000000524,0.016765704584058346,6.4799999999959255,10.459999999999127,0.6195028680684959,0.8938814531548112,nan,nan,nan,nan,nan,0.32192893093814506,2,0,2,2,26.9785714285707,26.74000000000524,3.4931427058514934,3.524308152579909,86.90000000000146,132.04000000000087,354.33000000000175,0.265966754155744,75.39200000000419
2026-08-12T11:31:00,1786534260,cont,1,64168.73,63999.75,64303.91,64303.91,tp,2.7037,2,92,64159.49,2.7400000000052387,168.9800000000032,0.016214936678927604,16.040000000000873,20.24000000000524,0.7924901185769131,1.0,0.07966584603469161,115.20000000000437,1446.0399999999863,0,115.20000000000437,0.1169271068557548,0,0,1,0,22.953571428572364,21.159999999999854,7.361817333125715,7.985822306238392,92.18000000000029,113.55000000000291,147.20000000000437,1.1479619565217267,135.18400000000256
2026-08-12T13:13:00,1786540380,flip,-1,63888.27,64122.86,63700.6,63700.6,tp,3.7534,1,0,63903.77,21.969999999993888,234.59000000000378,0.09365275587191924,58.44999999999709,64.93000000000029,0.9002002156167692,0.9002002156167692,nan,nan,nan,nan,nan,0.16876046901172378,1,0,1,1,48.73928571428457,47.645000000004075,4.813160401553645,4.923706579913605,229.59999999999854,247.54000000000087,548.0400000000009,0.4280526968834454,187.67200000000304
2026-08-12T14:34:00,1786545240,cont,-1,63510.31,63866.29,63225.53,63868.23,sl,-7.1584,4,81,63528.21,15.12000000000262,355.9800000000032,0.04247429630878837,81.90000000000146,110.31999999999971,0.7423857868020456,0.7423857868020456,0.13648798220188862,368.7100000000064,2701.410000000018,0,368.7100000000064,0.16482477007511204,0,0,1,0,65.89428571428549,63.30500000000029,5.402289381260094,5.623252507700839,280.1900000000023,393.72000000000116,541.5699999999997,0.6573111509130923,284.78400000000255
2026-08-13T10:34:00,1786617240,flip,-1,63526.27,63727.92,63364.95,63364.95,tp,3.2264,1,0,63549.75,21.62000000000262,201.65000000000146,0.10721547235309925,23.340000000003783,51.220000000001164,0.45568137446316387,0.47559547051932893,nan,nan,nan,nan,nan,0.1604945225154198,1,0,1,1,17.415714285713225,18.330000000001746,11.578623574769061,11.001091107473117,93.9600000000064,185.19000000000233,256.2300000000032,0.7869882527416733,161.3200000000012
2026-08-13T13:06:00,1786626360,flip,1,63710.71,63650.87,63758.58,63649.32,sl,-1.2278,1,0,63702.66,1.639999999999418,59.83999999999651,0.02740641711229134,46.93000000000029,60.979999999995925,0.7695965890456449,0.7695965890456449,nan,nan,nan,nan,nan,0.2605074101984467,1,0,1,1,31.239285714285092,24.860000000000582,1.9155367554589409,2.407079646017502,178.8399999999965,265.1299999999974,326.7699999999968,0.18312574593750067,47.87199999999721
2026-08-13T13:21:00,1786627260,flip,-1,63619.58,63670.16,63579.12,63579.12,tp,0.8093,1,0,63633.97,17.770000000004075,50.580000000001746,0.35132463424285215,16.0,53.71999999999389,0.29784065524947545,0.29784065524947545,nan,nan,nan,nan,nan,-0.12684886072794205,2,0,2,2,24.835714285715635,26.510000000002037,2.036583261432229,1.9079592606562754,159.77999999999884,198.75,346.6800000000003,0.14589823468328633,40.4640000000014
2026-08-13T14:15:00,1786630500,flip,1,63802.89,63606.72,63959.83,63606.46,sl,-3.9286,1,0,63773.68,16.220000000001164,196.16999999999825,0.08268338685834382,54.4800000000032,80.34000000000378,0.6781179985063559,0.6878267363704187,nan,nan,nan,nan,nan,0.10438943207821787,3,0,3,3,52.26071428571335,48.61499999999796,3.753680038269698,4.035174328910963,208.26000000000204,211.5500000000029,339.3000000000029,0.5781609195402198,156.93599999999861
2026-08-13T15:53:00,1786636380,flip,-1,63541.17,63689.76,63422.3,63422.3,tp,2.3774,1,0,63552.61,11.87000000000262,148.59000000000378,0.07988424523859154,10.279999999998836,31.189999999995052,0.32959281821098,0.32959281821098,nan,nan,nan,nan,nan,0.22591154967341384,1,0,2,1,36.24357142857168,34.169999999998254,4.099761534065231,4.348551360843177,169.9300000000003,245.59999999999854,357.23999999999796,0.41593886462883395,118.87200000000303
2026-08-13T16:29:00,1786638540,cont,-1,63310.72,63497.15,63161.58,63161.58,tp,2.9829,3,36,63344.63,42.71999999999389,186.4300000000003,0.22914766936648512,72.96999999999389,131.80999999999767,0.5535998786131187,0.5535998786131187,0.26256307648331967,238.82999999999447,909.6100000000079,0,238.82999999999447,0.19225346568665497,1,0,1,1,46.44714285714248,37.66500000000451,4.013809860671155,4.949688039293189,263.40000000000146,263.40000000000146,446.6900000000023,0.4173587946898281,149.14400000000023
2026-08-14T15:46:00,1786722360,flip,1,62981.95,62887.0,63057.91,62885.47,sl,-1.9296,1,0,62951.56,28.650000000001455,94.94999999999709,0.3017377567140846,46.58999999999651,59.65999999999622,0.7809252430439065,0.7809252430439065,nan,nan,nan,nan,nan,0.24836290412087592,1,0,1,1,48.324999999998646,33.205000000001746,1.9648215209518831,2.859509110073546,279.4599999999991,373.4599999999991,547.2299999999959,0.17351022422015935,75.95999999999768
2026-08-14T16:11:00,1786723860,cont,1,63011.17,62880.78,63115.48,63115.48,tp,2.0862,2,25,62993.28,9.930000000000291,130.38999999999942,0.0761561469437866,12.190000000002328,36.349999999998545,0.3353507565337776,0.46217331499302083,0.04382287935370687,23.0,524.8400000000111,0,23.0,0.30442852491044436,1,0,1,1,34.316428571429114,32.97999999999956,3.7996378244488542,3.953608247422715,141.9800000000032,155.51000000000204,419.5500000000029,0.31078536527231204,104.31199999999954
2026-08-14T17:51:00,1786729860,flip,-1,63015.68,63063.01,62977.82,62977.82,tp,0.7573,1,0,63015.57,2.3399999999965075,47.330000000001746,0.04944010141551703,11.419999999998254,26.439999999995052,0.43192133131620236,0.7000756429651371,nan,nan,nan,nan,nan,0.07337761880428638,1,0,1,1,25.09785714285785,25.150000000001455,1.885818368102017,1.881908548707714,87.91999999999825,180.34999999999854,180.34999999999854,0.2624341558081626,37.8640000000014
2026-08-14T18:46:00,1786733160,cont,-1,62864.63,63009.36,62748.85,62748.85,tp,2.3157,2,55,62883.53,17.37999999999738,144.7300000000032,0.1200856767774269,24.040000000000873,24.040000000000873,1.0,1.0,0.1826626924987609,147.08000000000175,805.1999999999971,0,147.08000000000175,0.21436341333580167,1,0,1,1,28.81642857142859,25.274999999997817,5.022482215006429,5.726211671612886,87.58999999999651,148.66999999999825,196.86000000000058,0.735192522604911,115.78400000000256
2026-08-14T20:01:00,1786737660,flip,1,62929.74,62866.0,62980.73,62864.61,sl,-1.3026,1,0,62906.57,15.340000000003783,63.73999999999796,0.24066520238475483,38.070000000006985,38.94000000000233,0.9776579352851749,0.9776579352851749,nan,nan,nan,nan,nan,0.10539070109999996,1,0,1,1,21.57071428571414,23.674999999999272,2.9549322825258373,2.6922914466737033,61.68000000000029,115.01000000000204,188.19000000000233,0.3387002497475805,50.99199999999837
2026-08-14T20:35:00,1786739700,flip,-1,62837.4,62912.56,62777.27,62777.27,tp,1.2026,1,0,62850.31,7.4799999999959255,75.15999999999622,0.09952102182006788,22.479999999995925,32.2300000000032,0.6974868135275735,0.7831213155443827,nan,nan,nan,nan,nan,0.026537253141828553,2,0,2,2,22.514285714286547,22.025000000001455,3.338324873096155,3.4124858115773553,76.72000000000116,118.68000000000029,118.68000000000029,0.6332996292551064,60.12799999999697
2026-08-14T23:38:00,1786750680,cont,1,62907.16,62731.97,63047.31,63047.31,tp,2.803,3,108,62892.62,8.680000000000291,175.19000000000233,0.04954620697528498,27.130000000004657,39.470000000001164,0.6873574866988562,0.9637699518621675,0.05880428559744873,57.520000000004075,978.1600000000617,2,19.173333333334693,0.20817875570335265,2,1,1,3,20.574999999999687,14.114999999997963,8.514702308627218,12.411618845202097,71.61000000000058,117.5199999999968,117.5199999999968,1.4907249829816807,140.15200000000186
2026-08-15T03:38:00,1786765080,flip,-1,62975.28,63014.52,62943.89,63016.33,sl,-0.821,1,0,62995.2,19.839999999996508,39.23999999999796,0.5056065239550851,23.900000000001455,27.540000000000873,0.8678286129266775,0.980392156862714,nan,nan,nan,nan,nan,0.18736050745918265,1,0,1,1,16.187142857142526,11.584999999999127,2.4241461477362223,3.3871385412171704,69.43000000000029,145.4800000000032,145.4800000000032,0.26972779763539384,31.391999999998372
2026-08-15T15:33:00,1786807980,flip,1,63027.4,62918.77,63114.3,62918.7,sl,-2.174,1,0,63011.78,10.0,108.63000000000466,0.0920556015833524,22.110000000000582,22.709999999999127,0.9735799207398252,0.9735799207398252,nan,nan,nan,nan,nan,0.1508508959765582,0,0,1,0,13.584285714285736,8.56499999999869,7.996739930592401,12.683012259196879,48.919999999998254,74.40999999999622,74.40999999999622,1.4598844241366775,86.90400000000373
2026-08-16T10:00:00,1786874400,cont,-1,62892.57,62946.66,62849.3,62946.89,sl,-1.0864,2,17,62895.54,3.0500000000029104,54.09000000000378,0.05638750231101307,30.330000000001746,30.330000000001746,1.0,1.0,0.269898418413289,41.9800000000032,155.54000000000087,0,41.9800000000032,0.37406002069676997,0,0,1,0,12.84285714285787,8.020000000000437,4.211679644048999,6.744389027431526,56.35000000000582,110.69000000000233,113.26000000000204,0.4775737241744906,43.27200000000303
2026-08-16T13:06:00,1786885560,flip,1,62962.77,62919.35,62997.51,62997.51,tp,0.6947,1,0,62954.83,8.540000000000873,43.419999999998254,0.1966835559650211,12.10000000000582,23.12000000000262,0.5233564013842755,0.7798442906576154,nan,nan,nan,nan,nan,0.0818560057887239,1,0,1,1,8.294285714286941,8.070000000003347,5.234929383395501,5.3804213135043675,39.05999999999767,49.69999999999709,52.830000000001746,0.8218815067196066,34.735999999998604
2026-08-16T14:20:00,1786890000,cont,1,63021.06,62980.21,63053.74,63053.74,tp,0.6536,2,74,62998.55,17.369999999995343,40.849999999998545,0.42521419828631485,24.19999999999709,35.93000000000029,0.6735318675200916,0.7419983300861676,0.23913538111493884,52.549999999995634,219.74999999994907,0,52.549999999995634,0.1651213006478379,0,0,1,0,8.787857142857579,6.510000000002037,4.648459725269863,6.274961597540056,41.830000000001746,43.69000000000233,45.020000000004075,0.907374500222009,32.679999999998834
2026-08-16T17:44:00,1786902240,flip,-1,63053.42,63127.81,62993.91,63128.86,sl,-1.5088,1,0,63063.14,12.87999999999738,74.38999999999942,0.17314155128374084,35.57999999999447,35.7899999999936,0.9941324392288582,0.9941324392288582,nan,nan,nan,nan,nan,0.25048676446545,1,0,1,1,21.50999999999996,16.31999999999971,3.458391445839124,4.558210784313771,77.75999999999476,121.00999999999476,175.82999999999447,0.42307911050447455,59.51199999999954
2026-08-16T19:27:00,1786908420,flip,1,63157.59,63103.05,63201.22,63099.79,sl,-1.156,1,0,63141.05,9.519999999996799,54.5399999999936,0.17455078841213634,11.089999999996508,15.689999999995052,0.706819630337795,0.948374760994396,nan,nan,nan,nan,nan,0.20752534323722843,1,0,2,1,15.633571428571615,9.155000000002474,3.48864622835428,5.957400327687478,54.55999999999767,81.97999999999593,85.80999999999767,0.6355902575456832,43.63199999999488
2026-08-16T19:53:00,1786909980,flip,-1,63032.94,63091.76,62985.88,62985.88,tp,0.9411,1,0,63059.84,26.32999999999447,58.81999999999971,0.44763685821140087,38.229999999995925,43.18000000000029,0.8853635942564999,0.9085224641036512,nan,nan,nan,nan,nan,0.07417263221017832,2,0,2,2,24.582857142855833,12.924999999999272,2.392724314272547,4.550870406189789,134.47000000000116,134.47000000000116,134.47000000000116,0.4374209860935465,47.05599999999977
2026-08-16T21:26:00,1786915560,cont,-1,62965.31,63017.25,62923.76,62923.76,tp,0.831,3,93,62963.93,2.849999999998545,51.94000000000233,0.05487100500574542,9.059999999997672,15.25,0.5940983606555851,1.0,0.09846250050978618,72.43000000000029,735.6099999999642,0,72.43000000000029,0.1241410902427895,1,0,2,1,14.62500000000052,12.755000000001019,3.5514529914530244,4.072128577028473,56.169999999998254,63.61000000000058,101.02999999999884,0.5141047213699191,41.55200000000187
2026-08-17T01:23:00,1786929780,flip,1,63070.13,62951.03,63165.41,63165.41,tp,1.9056,1,0,63060.86,3.3700000000026193,119.09999999999854,0.02829554995804081,34.49000000000524,40.42000000000553,0.8532904502721553,1.0,nan,nan,nan,nan,nan,0.22693302985712685,1,0,1,1,34.86428571428509,34.32500000000073,3.4161032575292145,3.469774217042856,113.20000000000437,323.75,451.6099999999933,0.26372312393436886,95.27999999999884
2026-08-17T02:32:00,1786933920,cont,1,63243.18,62968.93,63462.58,63462.58,tp,4.388,2,69,63176.55,76.50999999999476,274.25,0.27897903372833094,190.04000000000087,206.55999999999767,0.9200232378001695,0.9443261037955067,0.13944746811605593,188.82999999999447,1354.1299999999974,0,188.82999999999447,0.11373674532112125,1,0,1,1,39.688571428571905,25.725000000002183,6.910049672449705,10.660835762875674,260.2900000000009,299.77999999999884,299.77999999999884,0.9148375475348625,219.4
2026-08-17T09:23:00,1786958580,flip,-1,63275.06,63367.24,63201.32,63368.63,sl,-1.8714,1,0,63279.27,2.930000000000291,92.18000000000029,0.03178563679757303,36.29000000000087,59.42000000000553,0.6107371255469117,0.6112420060586268,nan,nan,nan,nan,nan,0.12643890541564687,1,0,1,1,18.81000000000079,14.230000000003201,4.900584795321447,6.477863668304958,114.0,114.0,123.04000000000087,0.7491872561768501,73.74400000000024
2026-08-17T10:35:00,1786962900,cont,1,63457.25,63376.62,63521.75,63521.75,tp,1.2901,4,32,63416.05,27.659999999996217,80.62999999999738,0.3430484931166702,37.83999999999651,45.61000000000058,0.8296426222318796,0.9831177373382138,0.38700198772794303,179.12000000000262,462.8400000000038,2,59.70666666666754,0.26925845932324594,2,1,2,3,29.00571428571389,12.279999999998836,2.7797970843183086,6.565960912052526,211.75,228.22000000000116,231.0,0.3490476190476077,64.5039999999979
2026-08-17T11:45:00,1786967100,cont,1,63669.32,63560.28,63756.55,63559.79,sl,-2.1906,5,102,63626.16,37.80999999999767,109.04000000000087,0.3467534849596237,41.95999999999913,76.44999999999709,0.5488554610856864,0.5488554610856864,0.28042409773908256,399.38000000000466,1424.2000000000116,2,133.12666666666823,0.176981513310675,2,1,1,3,15.227857142857829,17.2599999999984,7.160561001922902,6.3174971031292575,105.23999999999796,138.54999999999563,185.05999999999767,0.5892143088728101,87.23200000000071
2026-08-17T12:06:00,1786968360,flip,-1,63531.62,63603.98,63473.73,63604.36,sl,-1.4548,1,0,63531.37,2.3000000000029104,72.36000000000058,0.03178551686018369,18.290000000000873,25.39999999999418,0.7200787401576797,0.8023622047244902,nan,nan,nan,nan,nan,0.07936748127411775,2,1,1,3,28.665714285713744,16.665000000000873,2.52426990929938,4.342034203420149,93.42000000000553,200.72000000000116,200.72000000000116,0.36050219210841056,57.88800000000047
2026-08-17T12:26:00,1786969560,cont,-1,63488.21,63614.43,63387.23,63387.23,tp,2.0195,2,20,63524.05,43.29000000000087,126.22000000000116,0.34297258754555915,54.31999999999971,89.22000000000116,0.6088321004259023,0.8186505267877149,0.14064456024920372,48.30999999999767,343.4899999999907,0,48.30999999999767,0.11947984629773578,1,0,1,1,26.663571428570453,19.279999999998836,4.733799458865978,6.546680497925767,153.86999999999534,153.86999999999534,246.6999999999971,0.5116335630320334,100.97600000000094
2026-08-17T14:51:00,1786978260,flip,1,63757.39,63509.29,63955.87,63955.87,tp,3.9696,1,0,63692.55,65.27999999999884,248.09999999999854,0.26311970979443455,85.16000000000349,87.99000000000524,0.9678372542334177,0.9678372542334177,nan,nan,nan,nan,nan,0.12767286382949222,1,0,1,1,39.08642857142903,36.83999999999651,6.34747172018044,6.734527687297016,238.86000000000058,251.37000000000262,253.38000000000466,0.9791617333648828,198.47999999999885
2026-08-18T02:48:00,1787021280,flip,-1,64025.79,64079.23,63983.04,64080.32,sl,-1.0906,1,0,64041.35,17.189999999995052,53.44000000000233,0.3216691616765401,50.37999999999738,112.81999999999971,0.4465520297819315,0.4762453465697222,nan,nan,nan,nan,nan,0.18097341061735384,1,0,1,1,33.0557142857142,21.779999999998836,1.6166645058127718,2.4536271809001464,182.0500000000029,184.6999999999971,253.6800000000003,0.21065909807632555,42.752000000001864
2026-08-18T03:42:00,1787024520,flip,1,64091.77,63970.33,64188.92,64188.92,tp,1.943,1,0,64083.49,0.6700000000055297,121.43999999999505,0.0055171277997822545,7.350000000005821,25.75,0.28543689320410953,0.40038834951475527,nan,nan,nan,nan,nan,-0.05459874524621889,2,0,2,2,24.77214285714269,19.885000000002037,4.902280787751051,6.107115916519115,129.2699999999968,129.2699999999968,164.19000000000233,0.7396309154028463,97.15199999999605
2026-08-18T08:03:00,1787040180,flip,-1,64093.3,64151.15,64047.02,64047.02,tp,0.9256,1,0,64097.76,5.580000000001746,57.849999999998545,0.09645635263616052,42.0,58.419999999998254,0.7189318726463755,0.8899349537829427,nan,nan,nan,nan,nan,0.19394951744617744,1,1,1,2,22.887142857142212,17.125,2.5276199987516463,3.378102189780937,73.33999999999651,135.8399999999965,211.6600000000035,0.27331569498250774,46.279999999998836
2026-08-18T08:35:00,1787042100,flip,1,64238.58,64136.65,64320.12,64136.59,sl,-2.0398,1,0,64176.24,54.30000000000291,101.93000000000029,0.5327185323261332,47.73999999999796,54.830000000001746,0.870691227430174,0.9206638701441108,nan,nan,nan,nan,nan,0.05975893116468407,2,0,2,2,25.872857142857747,22.9900000000016,3.9396499365025974,4.433666811656947,100.87000000000262,216.22999999999593,216.22999999999593,0.47139619849235637,81.54400000000024
2026-08-18T09:41:00,1787046060,flip,-1,64076.9,64122.58,64040.36,64122.91,sl,-0.9202,1,0,64082.56,10.180000000000291,45.68000000000029,0.2228546409807405,22.93000000000029,25.349999999998545,0.9045364891519372,0.9321499013809078,nan,nan,nan,nan,nan,0.2691616929412579,3,0,3,3,15.01071428571335,15.804999999996653,3.0431596478707776,2.8902246124650404,51.919999999998254,113.65999999999622,162.9699999999939,0.28029698717556606,36.54400000000023
2026-08-18T10:04:00,1787047440,flip,1,64135.76,64070.68,64187.82,64070.0,sl,-1.3152,1,0,64125.49,6.830000000001746,65.08000000000175,0.10494775660727663,10.360000000000582,25.35000000000582,0.4086785009861224,0.4781065088757332,nan,nan,nan,nan,nan,-0.06582891594831586,3,0,3,3,17.879285714286066,14.989999999997963,3.6399664416124264,4.341561040694502,80.68000000000029,81.61000000000058,120.37999999999738,0.5406213656753877,52.0640000000014
2026-08-18T10:37:00,1787049420,cont,1,64153.13,64056.09,64230.76,64230.76,tp,1.5526,2,33,64145.55,3.4099999999962165,97.04000000000087,0.03514014839237619,15.650000000001455,19.68000000000029,0.7952235772358346,1.0,0.05697069296083315,16.639999999999418,292.0799999999872,2,5.546666666666472,0.06544723134315371,3,1,2,4,13.77214285714373,14.18500000000131,7.046107567034522,6.841029256256039,78.59999999999854,92.87000000000262,92.87000000000262,1.0449014751803396,77.6320000000007
2026-08-18T11:43:00,1787053380,cont,1,64330.69,64298.93,64356.1,64296.94,sl,-0.675,4,99,64311.62,12.169999999998254,31.760000000002037,0.3831863979848071,22.910000000003492,25.37000000000262,0.9030350808041437,0.9030350808041437,0.19288772477712257,191.47000000000116,992.6499999999505,2,63.82333333333372,0.3040574127004017,2,1,1,3,14.28857142857149,15.32499999999709,2.222755448910351,2.0724306688422884,63.900000000001455,77.5199999999968,209.95999999999913,0.15126690798248318,25.408000000001632
2026-08-18T12:01:00,1787054460,flip,-1,64265.88,64290.9,64245.86,64245.86,tp,0.4003,1,0,64269.41,5.490000000005239,25.020000000004075,0.2194244604318283,5.5,9.099999999998545,0.6043956043957011,0.648351648351912,nan,nan,nan,nan,nan,-0.16016551211121502,2,1,2,3,13.057857142855937,16.024999999997817,1.916087741371311,1.5613104524185637,63.88999999999942,73.22000000000116,179.63999999999942,0.13927855711425158,20.01600000000326
2026-08-18T12:10:00,1787055000,cont,-1,64222.15,64289.12,64168.57,64168.57,tp,1.0715,2,9,64236.76,12.639999999999418,66.97000000000116,0.1887412274152486,11.19999999999709,18.739999999997963,0.5976520811098349,0.7379935965846304,0.33406076884336294,39.799999999995634,119.13999999999214,0,39.799999999995634,0.026993264344917327,2,1,1,3,18.029999999999877,14.679999999996653,3.714364947310129,4.5619891008185585,78.91999999999825,114.7300000000032,114.7300000000032,0.5837182951276849,53.57600000000093
2026-08-18T12:59:00,1787057940,cont,-1,64155.53,64197.17,64122.22,64122.22,tp,0.6662,5,58,64167.13,6.069999999999709,41.63999999999942,0.14577329490873664,7.850000000005821,11.959999999999127,0.6563545150507019,0.67642140468264,0.1719376838726969,102.86000000000058,598.2399999999907,0,102.86000000000058,0.1939273626659759,1,0,1,1,14.473571428570722,16.090000000000146,2.8769678724770285,2.587942821628281,39.979999999995925,88.94999999999709,140.93999999999505,0.2954448701575201,33.311999999999536
2026-08-18T14:19:00,1787062740,flip,1,64419.12,64180.75,64609.82,64609.82,tp,3.8139,1,0,64312.31,78.56999999999971,238.37000000000262,0.32961362587573456,110.91999999999825,148.02000000000407,0.7493581948385029,0.7493581948385029,nan,nan,nan,nan,nan,0.19938636861713677,1,0,1,1,45.25214285714382,38.81500000000233,5.267595851814383,6.141182532525784,248.0500000000029,377.2100000000064,470.72000000000116,0.5063944595513299,190.6960000000021
2026-08-19T06:01:00,1787119260,flip,-1,64158.08,64200.7,64123.98,64123.98,tp,0.6819,1,0,64174.91,17.960000000006403,42.61999999999534,0.42139840450512356,41.830000000001746,44.220000000001164,0.945952057892371,0.9486657620986717,nan,nan,nan,nan,nan,0.16872364177622634,1,0,1,1,20.246428571428883,16.039999999997235,2.1050626212733308,2.6571072319203672,105.11000000000058,140.8399999999965,198.94000000000233,0.21423544787370485,34.09599999999627
2026-08-19T06:48:00,1787122080,flip,1,64274.4,64198.9,64334.8,64334.8,tp,1.208,1,0,64251.5,16.56999999999971,75.5,0.21947019867549283,44.54000000000087,47.68000000000029,0.934144295302026,0.934144295302026,nan,nan,nan,nan,nan,0.042200110199980635,2,0,2,2,19.567857142857456,19.31499999999869,3.858368315385958,3.908879109500653,74.87000000000262,83.11000000000058,172.29999999999563,0.4381892048752287,60.400000000000006
2026-08-19T08:09:00,1787126940,flip,-1,64229.26,64259.41,64205.14,64205.14,tp,0.4824,1,0,64230.62,5.370000000002619,30.150000000001455,0.1781094527363967,17.900000000001455,21.5199999999968,0.8317843866172917,1.0,nan,nan,nan,nan,nan,0.03425964330153829,2,0,2,2,16.345714285713516,15.845000000001164,1.8445201887783615,1.9028084569264272,45.400000000001455,117.47000000000116,117.47000000000116,0.2566612752192147,24.120000000001166
2026-08-19T11:04:00,1787137440,flip,1,64455.62,64297.08,64582.45,64582.45,tp,2.5366,1,0,64429.58,8.909999999996217,158.54000000000087,0.056200327992911366,10.44999999999709,16.030000000006112,0.651902682469938,0.9070492825948427,nan,nan,nan,nan,nan,0.18985868661679373,0,0,1,0,15.835714285716156,14.539999999997235,10.01154713576793,10.903713892711899,108.69000000000233,108.69000000000233,142.90000000000146,1.1094471658502398,126.8320000000007
2026-08-20T03:10:00,1787195400,flip,-1,68935.6,69852.96,68201.71,69856.77,sl,-18.4234,1,0,68944.37,12.720000000001164,917.3600000000006,0.013865875991978237,67.31000000001222,94.44000000000233,0.7127276577722423,0.8426514188902985,nan,nan,nan,nan,nan,0.36821041973047297,0,0,1,0,53.56500000000233,50.00499999999738,17.126108466348562,18.345365463454627,404.5300000000134,418.90000000000873,777.6399999999994,1.1796718275808873,733.8880000000005
2026-08-20T08:07:00,1787213220,flip,1,70291.32,69476.45,70943.22,70943.22,tp,13.0379,1,0,69945.93,312.64000000001397,814.8700000000099,0.3836685606293153,355.8500000000058,401.8999999999942,0.8854192585220477,0.8854192585220477,nan,nan,nan,nan,nan,0.1709422404601508,1,0,1,1,82.09285714285839,47.27499999999418,9.926198555642534,17.236805922794506,636.0899999999965,814.0499999999884,853.75,0.9544597364568198,651.8960000000079
2026-08-20T08:53:00,1787215980,cont,1,71746.62,71546.42,71906.78,71544.33,sl,-4.0458,2,46,71716.63,27.129999999990105,200.1999999999971,0.13551448551443807,24.879999999990105,64.75,0.3842471042469514,1.0,0.3514934786776032,1485.1899999999878,4225.37000000001,0,1485.1899999999878,0.4071143898587501,1,0,1,1,118.2585714285711,106.66500000000087,1.6929005448109875,1.876904326630061,398.1399999999994,714.4799999999959,2063.779999999999,0.09700646386727133,160.1599999999977
2026-08-20T09:06:00,1787216760,cont,1,71781.02,71420.3,72069.6,72069.6,tp,5.7715,3,59,71743.76,89.79000000000815,360.72000000000116,0.24891882900867116,204.02000000000407,211.61000000000058,0.9641321298615544,0.9641321298615544,0.3144827641289396,1574.979999999996,5008.160000000018,2,524.993333333332,0.3599613722543894,2,1,1,3,108.12642857142782,111.55000000000291,3.3360946511029095,3.2337068579111765,420.8399999999965,650.4700000000012,1938.4199999999983,0.18608970192218482,288.57600000000093
2026-08-20T13:31:00,1787232660,flip,-1,71408.63,72012.78,70925.31,72013.21,sl,-12.0916,1,0,71520.66,73.9600000000064,604.1499999999942,0.12241992882563456,182.22999999999593,275.41999999999825,0.6616440345653805,1.0,nan,nan,nan,nan,nan,0.15625856726288787,1,0,1,1,113.69571428571466,76.66500000000087,5.313744707050078,7.8803887041020975,534.9900000000052,600.4199999999983,631.4499999999971,0.9567661730936685,483.3199999999954
2026-08-20T15:29:00,1787239740,flip,1,72383.18,71922.06,72752.08,72752.08,tp,7.3779,1,0,72318.74,47.05999999999767,461.11999999999534,0.10205586398334088,67.44999999999709,93.88000000000466,0.7184703877289491,0.9016829995739725,nan,nan,nan,nan,nan,0.2692018386961991,1,0,2,1,115.64357142857001,99.7899999999936,3.9874244136849146,4.620903898186441,452.97000000000116,792.6199999999953,1175.87999999999,0.39214885872708033,368.8959999999963
2026-08-20T16:56:00,1787244960,cont,1,72700.92,72129.72,73157.88,73157.88,tp,9.1392,2,87,72653.71,26.169999999998254,571.1999999999971,0.04581582633052939,32.93000000000757,63.80000000000291,0.5161442006270544,0.6473354231975083,0.07400426005164727,314.08000000000175,4244.080000000089,0,314.08000000000175,0.08548684272688421,1,0,1,1,89.28214285714681,71.58000000000175,6.397695907835998,7.979882648784342,240.83000000000175,463.3099999999977,549.2900000000081,1.0398878552312778,456.9599999999977
2026-08-20T23:25:00,1787268300,cont,1,73177.2,72881.97,73413.38,73413.38,tp,4.7237,3,11,73009.23,150.69000000000233,295.2299999999959,0.5104156081699164,169.0500000000029,274.29000000000815,0.6163184950235076,0.6163184950235076,0.4579700548136476,248.97999999999593,543.660000000018,0,248.97999999999593,0.20390758091992675,1,1,1,2,75.24285714286088,43.55999999999767,3.923694702866658,6.7775482093666595,440.2700000000041,630.7400000000052,630.7400000000052,0.468069251989716,236.18399999999676
2026-08-21T00:14:00,1787271240,cont,1,73445.03,72983.37,73814.36,73814.36,tp,7.3866,4,60,73383.5,81.85000000000582,461.6600000000035,0.17729497898887753,171.22000000000116,242.63999999999942,0.7056544675239103,0.890619848335008,0.19662648380449593,554.4100000000035,2819.6100000000442,0,554.4100000000035,0.19662648380449593,1,0,1,1,110.41428571428696,76.96500000000378,4.181161857937622,5.998310920548052,496.8099999999977,536.6900000000023,622.1399999999994,0.7420516282508823,369.3280000000028
2026-08-21T11:31:00,1787311860,flip,-1,77128.04,77651.58,76709.21,76709.21,tp,8.3766,1,0,77272.49,136.27000000000407,523.5400000000081,0.2602857470298391,185.2899999999936,209.60000000000582,0.884017175572464,0.924761450381662,nan,nan,nan,nan,nan,0.1971402907753976,1,0,1,1,143.38499999999996,95.24500000000262,3.651288489033081,5.49677148406734,531.1300000000047,725.7200000000012,865.6699999999983,0.6047801125140171,418.83200000000653
2026-08-21T15:09:00,1787324940,flip,1,77686.98,76513.07,78626.11,78626.11,tp,18.7826,1,0,77652.28,31.220000000001164,1173.909999999989,0.026594883764514705,106.69999999999709,153.0500000000029,0.6971577915713496,0.9210715452466415,nan,nan,nan,nan,nan,0.17108804306036188,1,0,1,1,112.59857142857176,111.69000000000233,10.42562072596696,10.510430656280459,465.320000000007,861.5400000000081,1182.5099999999948,0.9927273342297267,939.1279999999912
2026-08-22T00:05:00,1787357100,flip,-1,77955.32,78476.33,77538.51,78478.84,sl,-10.4704,1,0,78152.52,165.86000000000058,521.0099999999948,0.31834321798046533,187.47999999999593,268.7299999999959,0.6976519182822862,0.7052431808878518,nan,nan,nan,nan,nan,0.1651740742790703,1,0,1,1,107.5428571428586,75.91999999999825,4.844673219978632,6.862618545837813,595.4199999999983,595.4199999999983,813.3300000000017,0.6405886909372501,416.80799999999584
2026-08-22T02:44:00,1787366640,cont,1,78498.84,78142.18,78784.17,78784.17,tp,5.7066,2,19,78477.86,17.619999999995343,356.6600000000035,0.049402792575548624,60.45999999999185,71.38999999999942,0.8468973245551525,0.9166549936966363,0.285883539198374,226.81999999999243,793.4000000000087,0,226.81999999999243,0.2590908685690788,1,0,1,1,81.9128571428581,62.279999999998836,4.354139416453017,5.726718047527459,361.84000000001106,485.2700000000041,733.2100000000064,0.4864363552051941,285.3280000000028
2026-08-22T04:18:00,1787372280,flip,-1,78216.51,78428.43,78046.97,78428.55,sl,-4.2408,1,0,78246.71,28.04000000000815,211.91999999999825,0.1323140807852415,42.00999999999476,70.13999999999942,0.5989449672083705,0.91573994867403,nan,nan,nan,nan,nan,0.13444643160189448,1,0,2,1,63.90642857142874,69.95000000000437,3.316098313382253,3.029592566118442,215.66999999999825,471.1399999999994,625.3400000000111,0.33888764512104536,169.5359999999986
2026-08-22T04:29:00,1787372940,flip,1,78590.24,78497.07,78664.78,78664.78,tp,1.4907,1,0,78564.83,4.110000000000582,93.16999999999825,0.044112911881514,60.7100000000064,72.27000000000407,0.840044278400484,0.8426733084268064,nan,nan,nan,nan,nan,-0.07944403541221066,2,0,2,2,76.97428571428567,69.625,1.2104042166214843,1.3381687612208009,399.6600000000035,399.6600000000035,657.4500000000116,0.14171419879838254,74.53599999999861
2026-08-22T05:07:00,1787375220,flip,-1,78259.78,78552.98,78025.22,78025.22,tp,4.6912,1,0,78434.63,160.77000000000407,293.1999999999971,0.5483287858117519,231.47000000000116,267.9400000000023,0.8638874374860012,0.9087855490035004,nan,nan,nan,nan,nan,-0.0012138225700375586,3,0,3,3,86.33428571428418,70.05500000000029,3.3961015322500847,4.18528299193485,333.5,561.2100000000064,629.9800000000105,0.4654116003682533,234.55999999999767
2026-08-22T11:37:00,1787398620,flip,1,77139.46,76789.82,77419.17,77419.17,tp,5.5942,1,0,77156.17,2.540000000008149,349.6399999999994,0.007264615032628284,40.830000000001746,113.02999999999884,0.3612315314518461,0.7282137485624443,nan,nan,nan,nan,nan,0.06790815539727053,1,0,1,1,67.8307142857167,62.44499999999971,5.154597053589101,5.599167267195148,378.0799999999872,399.60999999998603,399.60999999998603,0.8749530792523001,279.71199999999953
2026-08-22T21:36:00,1787434560,flip,-1,77037.22,77467.25,76693.2,76693.2,tp,6.8805,1,0,77043.74,7.320000000006985,430.02999999999884,0.01702206822781435,38.04000000000815,72.55000000000291,0.5243280496210424,0.524603721571277,nan,nan,nan,nan,nan,0.18093775916547297,0,0,1,0,45.41285714285602,35.56999999999971,9.469344741892058,12.089682316558964,201.65000000000873,212.63000000000466,412.0,1.0437621359223272,344.0239999999991
2026-08-23T11:39:00,1787485140,flip,1,77341.21,77129.63,77510.47,77128.23,sl,-4.2596,1,0,77302.23,50.669999999998254,211.58000000000175,0.23948388316475014,87.83999999999651,116.63999999999942,0.7530864197530602,0.7530864197530602,nan,nan,nan,nan,nan,0.34152457058532104,1,0,1,1,67.34785714285577,39.169999999998254,3.1415995842481834,5.401582844013561,277.8999999999942,604.3399999999965,667.5299999999988,0.3169595373990714,169.2640000000014
2026-08-23T13:17:00,1787491020,cont,1,77383.03,76986.21,77700.49,77700.49,tp,6.3491,2,98,77381.7,10.150000000008731,396.81999999999243,0.02557834786555346,69.05000000000291,114.32000000000698,0.6040062981105554,0.6301609517145185,0.018377756073629223,38.95000000001164,2119.4100000000617,2,12.983333333337214,0.272585196440196,2,1,1,3,37.16500000000087,29.284999999996217,10.677250100900931,13.550281714189643,261.29000000000815,298.8700000000099,441.9100000000035,0.8979656491140487,317.455999999994
2026-08-23T23:02:00,1787526120,flip,-1,77490.65,77985.48,77094.79,77094.79,tp,7.9173,1,0,77526.25,36.44999999999709,494.83000000000175,0.07366166158073877,31.429999999993015,62.60000000000582,0.5020766773161357,0.6856230031947965,nan,nan,nan,nan,nan,0.13158053137828118,1,1,1,2,46.13857142857263,59.84499999999389,10.724866086633192,8.268527028156944,240.23000000001048,248.38000000000466,349.79000000000815,1.4146487892735362,395.8640000000014
2026-08-24T10:13:00,1787566380,flip,1,77802.42,76813.53,78593.53,78593.53,tp,15.8222,1,0,77790.53,9.990000000005239,988.8899999999994,0.010102235840189752,47.620000000009895,69.69999999999709,0.6832137733143743,0.9515064562411729,nan,nan,nan,nan,nan,0.2979309468063648,0,0,1,0,82.18928571428425,56.445000000006985,12.031860252900742,17.519532288065854,309.25,401.59000000001106,626.8400000000111,1.5775796056409641,791.1119999999996
2026-08-24T12:31:00,1787574660,cont,1,78600.88,77947.55,79123.54,79123.54,tp,10.4533,2,60,78553.38,47.33999999999651,653.3300000000017,0.07245955336506266,66.69000000000233,145.5500000000029,0.4581930608038543,0.6175884575747003,0.19646644390600315,650.3000000000029,3309.980000000054,0,650.3000000000029,0.19646644390600315,2,0,2,2,85.61857142857168,92.66000000000349,7.630704286453204,7.050830995035367,594.8899999999994,708.8300000000017,724.7600000000093,0.9014432363816895,522.6640000000015
2026-08-24T17:02:00,1787590920,flip,-1,78676.67,79860.53,77729.58,79860.79,sl,-23.6824,1,0,78790.45,132.84999999999127,1183.8600000000006,0.11221766087205515,197.43999999998778,283.1399999999994,0.6973228791410192,0.7269548633184559,nan,nan,nan,nan,nan,0.18629014976546696,1,0,1,1,124.739999999999,93.68000000000029,9.490620490620572,12.637275832621658,814.8700000000099,1194.2600000000093,1280.2400000000052,0.9247172405173997,947.0880000000005
2026-08-25T02:17:00,1787624220,cont,1,80906.4,79455.43,82067.18,79441.94,sl,-29.2892,2,83,79975.06,806.4300000000076,1450.9700000000012,0.5557868184731641,932.7000000000116,1341.929999999993,0.6950437057074635,0.6995521375928736,0.19498720802046718,937.4400000000023,4807.700000000012,0,937.4400000000023,0.3225410460354749,1,0,1,1,161.62214285714123,80.19499999999243,8.977544625692298,18.093023255815677,1460.1199999999953,1697.5599999999977,1697.5599999999977,0.8547385659417064,1160.776000000001
2026-08-25T12:06:00,1787659560,flip,-1,78734.96,79449.83,78163.06,78163.06,tp,11.4379,1,0,78837.59,104.51999999998952,714.8699999999953,0.14620840152753675,151.09999999999127,165.75,0.911613876319706,0.9707993966816829,nan,nan,nan,nan,nan,0.24485003122353682,0,0,1,0,87.59857142857072,67.94999999999709,8.160749522986363,10.520529801324885,439.74000000000524,746.6200000000099,746.6200000000099,0.9574750207602072,571.8959999999963
2026-08-25T15:35:00,1787672100,flip,1,79408.44,79001.51,79733.98,78999.36,sl,-8.1816,1,0,79373.56,17.0,406.93000000000757,0.04177622686948537,84.55000000000291,120.69999999999709,0.7004971002485911,0.8500414250206607,nan,nan,nan,nan,nan,0.07785920082827535,2,1,1,3,79.64785714285972,85.80000000000291,5.109114226012647,4.74277389277382,346.2300000000105,407.15000000000873,407.15000000000873,0.9994596586024778,325.54400000000606
2026-08-25T21:30:00,1787693400,flip,1,78477.53,78259.76,78651.75,78651.75,tp,3.4843,1,0,78452.11,16.220000000001164,217.77000000000407,0.07448225191716426,25.339999999996508,32.5,0.7796923076922002,1.0,nan,nan,nan,nan,nan,-0.08539203336218365,1,0,1,1,77.79785714285806,87.56500000000233,2.7991773552338213,2.4869525495346116,243.66999999999825,644.0500000000029,954.2200000000012,0.22821781140617867,174.21600000000328
2026-08-25T22:00:00,1787695200,cont,1,78663.14,78548.68,78754.71,78754.71,tp,1.8314,3,30,78645.13,8.959999999991851,114.4600000000064,0.07828062205129609,102.16999999999825,102.60000000000582,0.995808966861525,0.9982456140350141,0.19042932710050547,185.75999999999476,975.4799999999668,0,185.75999999999476,0.1557077043538496,1,0,1,1,58.22928571428825,68.33999999999651,1.9656775554765273,1.6748609891719675,142.91999999999825,304.09999999999127,827.3199999999924,0.13835033602476363,91.56800000000513
2026-08-26T00:09:00,1787702940,flip,-1,78309.75,78629.2,78054.19,78630.02,sl,-6.4054,1,0,78391.03,33.88000000000466,319.4499999999971,0.1060572859602597,37.43000000000757,114.23000000001048,0.32767224021714203,0.45014444541721166,nan,nan,nan,nan,nan,0.21047654216466025,1,0,1,1,87.14785714285868,60.904999999998836,3.6656093502830824,5.2450537722683395,334.8600000000006,364.88000000000466,663.1300000000047,0.481730580730769,255.55999999999767
2026-08-26T00:52:00,1787705520,flip,1,78682.13,78373.35,78929.15,78929.15,tp,4.9405,1,0,78645.8,28.19000000000233,308.77999999999884,0.09129477297753233,30.69000000000233,77.88000000000466,0.3940677966101758,0.9097329224448072,nan,nan,nan,nan,nan,0.10417265635481861,2,0,2,2,83.58571428571408,77.1400000000067,3.69417193642112,4.002851957479544,329.5599999999977,329.5599999999977,386.68000000000757,0.7985414296058571,247.0239999999991
2026-08-26T02:20:00,1787710800,cont,1,78939.47,78729.99,79107.05,79107.05,tp,3.3517,3,88,78947.91,0.5500000000029104,209.47999999999593,0.0026255489784367055,63.53000000001339,64.83000000000175,0.9799475551444035,1.0,0.11516239882853094,274.47000000000116,2383.329999999987,0,274.47000000000116,0.07240276140764493,1,0,1,1,46.83499999999913,43.200000000004366,4.472723390626665,4.8490740740734894,227.3000000000029,227.3000000000029,277.59999999999127,0.7546109510086546,167.58399999999676
2026-08-26T08:58:00,1787734680,flip,-1,78608.35,79177.45,78153.07,78153.07,tp,9.1056,1,0,78621.79,14.719999999986612,569.0999999999913,0.025865401511134842,65.25,81.9600000000064,0.7961200585650915,0.7961200585650915,nan,nan,nan,nan,nan,0.1937468309579456,0,0,1,0,56.73571428571241,48.36499999999796,10.030718871962913,11.76677349322889,416.50999999999476,426.02999999999884,521.0,1.0923224568138028,455.27999999999304
2026-08-26T21:36:00,1787780160,flip,1,78800.93,78643.02,78927.26,78927.26,tp,2.5266,1,0,78825.29,13.730000000010477,157.90999999998894,0.08694826166811119,67.09000000001106,78.09000000001106,0.859136893328231,1.0,nan,nan,nan,nan,nan,0.36673734227483457,1,0,1,1,58.31571428571416,44.05500000000757,2.7078464515811103,3.5843831574159988,196.0,366.6100000000006,552.4400000000023,0.28584099630727006,126.32799999999116
2026-08-26T22:21:00,1787782860,cont,1,78965.71,78805.21,79094.11,78804.67,sl,-3.2208,4,45,78896.65,62.060000000012224,160.5,0.3866666666667428,42.330000000001746,69.52999999999884,0.6088019559902553,0.6088019559902553,0.09994238428844333,119.69000000000233,1197.5900000000547,0,119.69000000000233,0.08737131953886144,1,0,1,1,67.38785714285665,50.190000000009604,2.381734733896544,3.197848176927063,271.5,312.24000000000524,342.8899999999994,0.46808014231969514,128.4
2026-08-26T22:36:00,1787783760,flip,-1,78682.3,78776.88,78606.64,78606.64,tp,1.5133,1,0,78710.77,30.660000000003492,94.58000000000175,0.3241700148023147,42.05000000000291,61.15999999998894,0.6875408763899692,0.7213865271419772,nan,nan,nan,nan,nan,0.09211052567513456,2,0,2,2,56.87071428571549,50.190000000009604,1.6630703726497398,1.8844391313007303,303.61999999999534,322.8399999999965,324.7100000000064,0.29127529179883554,75.6640000000014
2026-08-26T22:50:00,1787784600,cont,-1,78597.62,78700.68,78515.17,78700.7,sl,-2.0616,2,14,78597.3,33.76000000000931,103.05999999999767,0.3275761692219103,41.66000000000349,52.43000000000757,0.7945832538622445,1.0,0.2922066527962312,116.57000000000698,398.9300000000221,0,116.57000000000698,0.07654193326009061,2,0,2,2,48.25499999999738,51.21499999998923,2.135737229302731,2.012301083667272,160.69000000000233,422.3700000000099,422.3700000000099,0.2440040722589087,82.44799999999815
2026-08-26T23:25:00,1787786700,flip,1,78805.16,78660.81,78920.64,78920.64,tp,2.3096,1,0,78756.13,42.69999999999709,144.35000000000582,0.2958087980602381,71.36000000000058,92.55000000000291,0.7710426796326131,1.0,nan,nan,nan,nan,nan,-0.02165168007572345,2,0,3,2,36.29928571428484,41.44000000000233,3.9766622719851434,3.4833494208493656,130.97999999999593,236.82000000000698,333.1200000000099,0.43332732949087877,115.48000000000467
2026-08-27T13:31:00,1787837460,flip,-1,79155.27,79594.24,78804.09,79595.25,sl,-8.7996,1,0,79162.82,2.4900000000052387,438.97000000000116,0.005672369410222184,180.63000000000466,205.31999999999243,0.8797486849795992,0.9622053380089858,nan,nan,nan,nan,nan,0.19675052165146628,0,0,1,0,74.45142857142802,47.75499999999738,5.896058791925763,9.192126478903262,337.36999999999534,337.36999999999534,352.3099999999977,1.245976554738736,351.17600000000095
2026-08-27T14:22:00,1787840520,flip,1,79888.14,79397.8,80280.41,80280.41,tp,7.8454,1,0,79802.9,81.83000000000175,490.3399999999965,0.16688420279806324,153.77999999999884,196.27000000000407,0.7835125082793888,0.9245936719824599,nan,nan,nan,nan,nan,0.1657956202495742,1,0,2,1,98.9700000000022,102.81500000000233,4.95443063554598,4.769148470553765,556.8500000000058,654.1100000000006,1002.1100000000006,0.4893075610461888,392.2719999999972
2026-08-27T15:12:00,1787843520,cont,1,80522.53,80007.34,80934.68,80003.86,sl,-10.3734,2,50,80397.32,168.6299999999901,515.1900000000023,0.32731613579454055,199.09999999999127,295.22000000000116,0.6744123026894875,0.7708149854345803,0.20941156217914347,681.2200000000012,3253.0200000000186,0,681.2200000000012,0.3036349558448052,1,0,2,1,130.24285714285674,98.47000000000116,3.9556103981573187,5.23194881689851,541.9199999999983,626.2700000000041,1274.050000000003,0.4043718849338732,412.15200000000186
2026-08-28T05:22:00,1787894520,flip,-1,79588.88,79980.0,79275.98,79984.89,sl,-7.9202,1,0,79599.84,11.0,391.11999999999534,0.028124360809981926,23.669999999998254,28.480000000010477,0.8311095505614307,0.9406601123594907,nan,nan,nan,nan,nan,0.22516970413844092,1,0,1,1,41.566428571425995,38.20499999999447,9.40951660852727,10.237403481221095,137.27999999999884,177.72000000000116,331.0500000000029,1.18145295272615,312.8959999999963
2026-08-28T10:54:00,1787914440,flip,1,79459.4,79340.48,79554.54,79554.54,tp,1.9027,1,0,79402.26,55.9600000000064,118.91999999999825,0.4705684493777937,41.7100000000064,58.64999999999418,0.7111679454392249,0.9369138959932233,nan,nan,nan,nan,nan,0.09109350781076607,1,0,1,1,36.143571428568976,36.28000000000611,3.2902116558963037,3.277839029767867,154.14999999999418,302.84999999999127,459.2700000000041,0.2589326539943763,95.1359999999986
2026-08-28T11:19:00,1787915940,cont,1,79739.08,79612.32,79840.49,79609.02,sl,-2.6012,2,25,79707.43,23.530000000013388,126.75999999999476,0.18562638056180467,65.70000000001164,73.74000000000524,0.8909682668837399,0.8909682668837399,0.44144114981222893,272.74000000000524,617.8400000000402,0,272.74000000000524,0.3995295825990895,1,0,1,1,40.61357142857118,41.07499999999709,3.1211241843858275,3.0860620815582167,126.67999999999302,398.5200000000041,595.6100000000006,0.21282382767246125,101.40799999999581
2026-08-28T11:51:00,1787917860,flip,-1,79570.14,79637.45,79516.29,79640.52,sl,-1.4076,1,0,79574.11,12.89999999999418,67.30999999999767,0.1916505719803094,18.219999999986612,39.0,0.4671794871791439,0.5982051282047999,nan,nan,nan,nan,nan,-0.1289633290885105,2,0,2,2,27.47642857142741,43.45999999999185,2.4497361374684985,1.5487804878051148,116.36000000000058,227.88999999999942,432.9499999999971,0.15546829887977393,53.84799999999814
2026-08-28T12:11:00,1787919060,cont,-1,79528.01,79673.84,79411.35,79674.59,sl,-2.9316,2,20,79545.54,14.94999999999709,145.83000000000175,0.10251662895149771,29.889999999999418,52.14999999999418,0.5731543624161602,0.5731543624161602,0.07576207442599647,30.620000000009895,404.15999999998894,2,10.206666666669966,0.0851875446123639,3,1,2,4,40.05214285714049,39.2100000000064,3.641003691616545,3.7192042846207074,175.11999999999534,175.11999999999534,265.09999999999127,0.5500943040362375,116.66400000000141
2026-08-28T12:33:00,1787920380,cont,-1,79469.54,79681.05,79300.33,79300.33,tp,3.3842,3,42,79508.33,33.94999999999709,211.5100000000093,0.16051250531887662,10.379999999990105,46.94999999999709,0.2210862619806336,0.605111821086064,0.08942051223958926,86.83000000000175,971.0299999999261,4,17.366000000000348,0.20271166571548277,4,2,2,6,44.22928571428721,40.16000000000349,4.782125611666527,5.266683266932045,225.2100000000064,270.2100000000064,281.3700000000099,0.751714823897366,169.20800000000747
2026-08-28T13:22:00,1787923320,cont,-1,79294.68,79488.24,79139.83,79139.83,tp,3.097,4,91,79325.41,29.210000000006403,193.56000000001222,0.1509092787766303,22.169999999998254,24.05000000000291,0.9218295218293376,0.9733887733888008,0.12272447311510282,265.0100000000093,2159.3899999998976,4,53.002000000001864,0.2343594118242575,3,2,1,5,41.25428571428451,40.404999999998836,4.691876168710178,4.79049622571508,126.77999999999884,217.99000000000524,370.24000000000524,0.5227960242005442,154.8480000000098
2026-08-28T13:39:00,1787924340,cont,-1,79167.45,79329.75,79037.61,79331.54,sl,-3.2818,6,108,79176.96,18.24000000000524,162.3000000000029,0.11238447319781215,47.05000000000291,102.45999999999185,0.4592035916455851,1.0,0.15393294093800924,402.49000000000524,2614.70999999989,4,80.49800000000104,0.1482792678390499,2,2,1,4,93.25571428571337,47.93499999999767,1.7403759248763486,3.385834984875577,358.6900000000023,371.43000000000757,477.90000000000873,0.33961079723791576,129.84000000000233
2026-08-28T14:31:00,1787927460,flip,1,79036.66,78641.46,79352.82,79352.82,tp,6.3232,1,0,78985.04,43.01000000000931,395.1999999999971,0.10883097165994339,119.49000000000524,176.86000000000058,0.675619133778157,0.9947416035282539,nan,nan,nan,nan,nan,-0.05423525975066304,2,2,1,4,149.83857142856974,124.30500000000757,2.637505124562635,3.179276778890415,493.52999999999884,735.2799999999988,1299.2000000000116,0.30418719211822165,316.1599999999977
2026-08-28T15:00:00,1787929200,cont,1,79773.23,79093.31,80317.17,79091.95,sl,-13.6256,2,29,79713.43,65.20000000001164,679.9199999999983,0.09589363454525798,216.86000000000058,314.27999999999884,0.6900216367570363,0.6900216367570363,0.3526233697899037,750.5800000000017,2128.560000000012,0,750.5800000000017,0.07892485705281264,2,1,1,3,121.04500000000345,126.25,5.617084555330488,5.385504950495036,782.7400000000052,1023.9300000000076,1446.4300000000076,0.47006768388376535,543.9359999999987
2026-08-28T16:22:00,1787934120,flip,-1,77497.95,77818.75,77241.31,77241.31,tp,5.1328,1,0,77542.67,32.05000000000291,320.8000000000029,0.09990648379053185,40.04000000000815,92.83000000000175,0.4313260799311364,0.7306905095335611,nan,nan,nan,nan,nan,0.5255249284188608,1,0,2,1,124.76214285714066,98.82499999999709,2.571292802876399,3.24614217050354,743.9600000000064,1141.300000000003,2047.5400000000081,0.15667581585707807,256.6400000000023
2026-08-28T16:45:00,1787935500,flip,1,77989.12,77782.1,78154.74,77778.79,sl,-4.2066,1,0,77910.16,64.20999999999185,207.01999999998952,0.31016326924932425,182.7399999999907,185.6299999999901,0.9844313957873212,0.9844313957873212,nan,nan,nan,nan,nan,-0.19816604291267573,2,0,2,2,112.75357142857163,121.1449999999968,1.8360394032497216,1.7088612819348301,360.20999999999185,1117.37999999999,2067.979999999996,0.10010735113491907,165.61599999999163
2026-08-28T17:00:00,1787936400,flip,-1,77691.46,77906.69,77519.28,77913.68,sl,-4.4444,1,0,77754.94,75.0,215.22999999999593,0.3484644333968379,96.44000000000233,147.13999999999942,0.6554302025282228,1.0,nan,nan,nan,nan,nan,0.16891054051277418,3,0,3,3,99.10214285714548,119.79000000000087,2.171799658361044,1.796727606644915,317.20999999999185,380.09999999999127,1536.7899999999936,0.14005166613525388,172.18399999999676
2026-08-28T18:19:00,1787941140,cont,-1,77665.85,78086.1,77329.65,77329.65,tp,6.724,2,79,77679.94,14.55000000000291,420.25,0.03462224866151793,67.33999999999651,71.69999999999709,0.9391910739190968,0.9391910739190968,0.005215895036834881,14.55000000000291,2789.550000000032,2,4.85000000000097,0.216897088096769,3,1,3,4,59.264285714285506,61.54000000000087,7.091117271302905,6.8288917777054605,258.320000000007,332.54000000000815,439.0500000000029,0.9571802755950284,336.20000000000005
2026-08-28T18:47:00,1787942820,cont,-1,77290.6,77482.14,77137.37,77483.96,sl,-3.8672,4,107,77313.85,34.370000000009895,191.5399999999936,0.17944032578057348,77.80000000000291,96.66000000000349,0.8048830953858898,0.844196151458751,0.10766442981890129,400.4600000000064,3719.5200000000623,2,133.4866666666688,0.40553036470929227,2,1,1,3,76.77928571428492,62.88999999999942,2.49468327580908,3.0456352361264964,321.5,529.25,729.1500000000087,0.2626894329013115,153.23199999999488
2026-08-28T19:08:00,1787944080,flip,1,77659.87,77527.92,77765.43,77765.43,tp,2.1112,1,0,77648.59,15.330000000001746,131.9499999999971,0.11618037135280095,43.479999999995925,63.83999999999651,0.6810776942355624,0.7189849624059632,nan,nan,nan,nan,nan,-0.06262917948160067,2,1,1,3,63.592142857143436,65.90000000000146,2.0749418728728193,2.002276176024191,264.3600000000006,434.50999999999476,596.1399999999994,0.2213406246854719,105.55999999999767
2026-08-28T19:21:00,1787944860,cont,1,77778.14,77610.79,77912.02,77607.65,sl,-3.4098,2,13,77714.25,57.38000000000466,167.35000000000582,0.3428742157155821,68.32000000000698,112.97999999999593,0.6047087980174318,0.6047087980174318,0.30266670413354146,107.7100000000064,355.8700000000099,0,107.7100000000064,0.11787100627052347,1,1,1,2,54.62857142857268,64.75500000000466,3.063415271966564,2.5843564203535445,274.1499999999942,423.5799999999872,568.9399999999878,0.2941434949203948,133.88000000000466
2026-08-28T19:43:00,1787946180,flip,-1,77566.93,77667.24,77486.68,77486.68,tp,1.605,1,0,77595.06,11.19999999999709,100.31000000001222,0.11165387299367685,27.880000000004657,33.85000000000582,0.8236336779911333,0.8236336779911333,nan,nan,nan,nan,nan,-0.10131932728020067,2,1,2,3,44.13571428571491,51.33499999999913,2.2727625829424682,1.954027466640965,142.8000000000029,238.39999999999418,568.9399999999878,0.17631033149368014,80.24800000000978
2026-08-28T20:32:00,1787949120,cont,-1,77332.96,77604.88,77115.42,77608.89,sl,-5.5186,2,49,77343.07,10.170000000012806,271.91999999999825,0.037400706090073815,48.970000000001164,96.9200000000128,0.5052620718117488,0.6053446141147859,0.18145796879293932,250.9600000000064,1383.019999999975,0,250.9600000000064,0.1899315539044862,2,0,2,2,50.416428571428696,50.30999999999767,5.393480016434504,5.4048896839596665,224.83000000000175,303.95000000001164,384.75,0.7067446393762138,217.5359999999986
2026-08-28T22:45:00,1787957100,flip,1,77755.94,77652.77,77838.48,77652.21,sl,-2.0746,1,0,77731.93,16.220000000001164,103.16999999999825,0.15721624503248463,17.90999999998894,28.180000000007567,0.6355571327176768,0.6969481902056119,nan,nan,nan,nan,nan,0.2650567252341112,1,0,1,1,41.87285714285723,36.20999999999913,2.4638872778137433,2.8492129246064826,203.9100000000035,372.40000000000873,525.3699999999953,0.19637588746978163,82.53599999999861
2026-08-28T23:55:00,1787961300,cont,1,77778.8,77629.91,77897.91,77897.91,tp,2.3822,2,70,77762.86,10.130000000004657,148.88999999999942,0.06803680569551143,30.55000000000291,53.75999999999476,0.5682663690477285,0.5970982142858807,0.024909747292429937,24.84000000001106,997.1999999999971,2,8.280000000003687,0.09612992728665222,2,1,1,3,28.192857142859015,19.919999999998254,5.281124904990761,7.474397590362072,166.22000000000116,166.22000000000116,166.22000000000116,0.8957405847671662,119.11199999999954
2026-08-29T00:21:00,1787962860,cont,1,77920.91,77806.27,78012.62,77803.29,sl,-2.3524,5,96,77876.54,37.38999999999942,114.63999999999942,0.3261514305652443,25.829999999987194,47.879999999990105,0.5394736842103703,0.9408939014201685,0.10188053097345535,165.77999999999884,1627.1999999999243,2,55.259999999999614,0.21680038264732057,2,1,1,3,39.712857142853736,25.719999999993888,2.886722543976635,4.457231726284085,110.92999999999302,225.80999999999767,288.33000000000175,0.39759997225401006,91.71199999999953
2026-08-29T00:48:00,1787964480,flip,-1,77746.56,77819.5,77688.21,77819.74,sl,-1.4636,1,0,77772.61,26.380000000004657,72.94000000000233,0.3616671236633372,31.05999999999767,39.55999999999767,0.7851365015166709,0.8283619817999496,nan,nan,nan,nan,nan,-0.08169018447669783,2,1,1,3,24.764285714285506,35.29500000000553,2.9453706374388267,2.066581668791356,89.05999999999767,215.50999999999476,326.5200000000041,0.22338601004533082,58.352000000001865
2026-08-29T01:01:00,1787965260,cont,-1,77688.91,77807.41,77594.11,77808.2,sl,-2.3858,2,13,77723.04,30.939999999987776,118.5,0.261097046413399,32.86000000000058,45.720000000001164,0.718722659667536,0.8029308836393464,0.22073155812909281,54.129999999990105,245.22999999996682,0,54.129999999990105,0.11904124052507403,2,1,1,3,33.37857142857164,33.09999999999127,3.5501818959982656,3.5800604229616693,133.60000000000582,147.30999999999767,271.8600000000006,0.43588611785477727,94.80000000000001
2026-08-29T02:22:00,1787970120,cont,-1,77619.21,77852.24,77432.79,77432.79,tp,3.7285,3,94,77619.97,2.680000000007567,233.02999999999884,0.011500665150442348,17.49000000000524,33.0,0.5300000000001588,1.0,0.08433073029078784,128.94000000000233,1528.9799999999232,2,42.98000000000078,0.10882006978561941,2,1,1,3,31.268571428570016,23.974999999998545,7.452531067251761,9.719708029197621,190.72999999999593,214.79999999998836,237.36000000000058,0.9817576676777817,186.42399999999907
2026-08-29T06:42:00,1787985720,flip,1,77455.1,77404.31,77495.73,77495.73,tp,0.8126,1,0,77461.41,18.25,50.79000000000815,0.35932270131909966,41.770000000004075,53.81999999999243,0.7761055369752871,0.8532144184318973,nan,nan,nan,nan,nan,-0.22456391091952063,1,0,1,1,27.78214285714369,23.749999999992724,1.8281527188587037,2.138526315790472,108.34999999999127,175.52000000000407,333.3500000000058,0.15236238188092774,40.63200000000652
2026-08-29T07:02:00,1787986920,cont,1,77513.1,77418.28,77588.96,77588.96,tp,1.5171,2,20,77487.56,10.35000000000582,94.82000000000698,0.10915418688045832,16.54000000000815,21.5,0.7693023255817744,0.7693023255817744,0.07450500102061292,18.25,244.95000000001164,0,18.25,-0.08418548541664247,1,0,1,1,22.04285714285548,23.06999999999971,4.3016202203506095,4.110099696575994,84.58999999999651,98.55999999999767,234.31000000001222,0.4046775639110667,75.8560000000056
2026-08-29T21:00:00,1788037200,flip,-1,78101.43,78160.73,78053.99,78053.99,tp,0.9488,1,0,78107.2,5.789999999993597,59.30000000000291,0.09763912310275401,18.279999999998836,24.029999999998836,0.7607157719517155,1.0,nan,nan,nan,nan,nan,0.11023796203536133,1,0,1,1,17.067142857141985,21.435000000004948,3.4745124298990677,2.766503382318135,55.26999999998952,59.31999999999243,198.89999999999418,0.2981397687280274,47.44000000000233
2026-08-29T21:53:00,1788040380,flip,1,78187.09,78058.3,78290.12,78290.12,tp,2.0606,1,0,78180.2,0.010000000009313226,128.7899999999936,7.764578002417674e-05,14.0,20.779999999998836,0.6737247353224631,0.8358999037541323,nan,nan,nan,nan,nan,0.05392422926618332,2,0,2,2,26.584285714285215,19.389999999992142,4.844591326777216,6.642083548223094,125.31999999999243,125.31999999999243,148.65000000000873,0.8663975782037405,103.03199999999488
2026-08-30T01:12:00,1788052320,flip,-1,78086.46,78123.53,78056.8,78056.8,tp,0.5931,1,0,78098.48,11.559999999997672,37.06999999999243,0.31184246021041356,19.860000000000582,33.30999999999767,0.5962173521465617,0.5962173521465617,nan,nan,nan,nan,nan,0.07320162370357332,2,2,1,4,23.96214285714294,23.289999999993597,1.5470235788591895,1.5916702447403446,133.5899999999965,177.02999999999884,251.95999999999185,0.1471265280202954,29.65599999999395
2026-08-30T03:32:00,1788060720,flip,1,78201.83,78053.73,78320.31,78052.72,sl,-2.9822,1,0,78166.5,9.39999999999418,148.10000000000582,0.06347062795404328,26.269999999989523,27.779999999998836,0.9456443484517864,0.9794816414684302,nan,nan,nan,nan,nan,0.25301204819274015,1,0,1,1,19.827142857144022,16.539999999993597,7.469558325527631,8.954050785977216,129.77999999999884,129.77999999999884,175.99000000000524,0.8415250866526588,118.48000000000467
2026-08-30T10:02:00,1788084120,flip,-1,77969.73,78052.59,77903.44,78053.28,sl,-1.671,1,0,77971.54,4.639999999999418,82.86000000000058,0.05599806903209492,26.639999999999418,32.09000000001106,0.8301651604858286,1.0,nan,nan,nan,nan,nan,0.1577061445627824,1,0,1,1,18.662142857142108,17.030000000006112,4.440004592950031,4.865531415148023,86.06000000001222,86.06000000001222,148.20000000001164,0.5591093117408507,66.28800000000047
2026-08-30T10:46:00,1788086760,flip,1,78144.15,78022.47,78241.49,78241.49,tp,1.9469,1,0,78077.83,60.86000000000058,121.67999999999302,0.5001643655490144,21.669999999998254,27.639999999999418,0.7840086830679707,0.9352387843707078,nan,nan,nan,nan,nan,0.1427612347371372,2,0,2,2,17.333571428572345,18.150000000001455,7.019903572752347,6.704132231404036,98.73999999999069,159.75999999999476,196.92999999999302,0.6178845274970667,97.34399999999442
2026-08-30T12:03:00,1788091380,flip,1,78292.02,78166.8,78392.2,78392.2,tp,2.0035,1,0,78210.74,88.7899999999936,125.22000000000116,0.7090720332214724,136.88000000000466,145.01999999998952,0.9438698110606437,0.9595228244380377,nan,nan,nan,nan,nan,0.18803388840198423,3,0,3,3,33.210000000000164,18.419999999998254,3.770551038843738,6.798045602606571,209.38999999999942,209.38999999999942,209.38999999999942,0.5980228282152993,100.17600000000094
2026-08-30T12:32:00,1788093120,cont,1,78776.44,78499.24,78998.2,78998.2,tp,4.4352,2,29,78699.04,78.40000000000873,277.1999999999971,0.2828282828283173,129.3000000000029,129.39999999999418,0.9992272024730195,0.9992272024730195,0.4266177481410059,477.9100000000035,1120.2300000000105,0,477.9100000000035,0.34917519266734726,2,0,3,2,61.976428571427405,35.919999999998254,4.4726681802989985,7.717149220490272,303.1999999999971,617.1599999999889,681.5299999999988,0.4067319120214775,221.7599999999977
2026-08-30T20:31:00,1788121860,flip,-1,78748.13,79171.09,78409.76,78409.76,tp,6.7674,1,0,78755.29,9.779999999998836,422.95999999999185,0.023122753924718707,21.05000000000291,75.4600000000064,0.27895573813942653,0.5715610919692684,nan,nan,nan,nan,nan,0.1660662791019101,0,0,1,0,38.76499999999838,32.18499999999767,10.910873210370426,13.14152555538364,213.58000000000175,213.58000000000175,228.93999999998778,1.8474709530882083,338.3679999999935
2026-08-30T21:01:00,1788123660,cont,-1,78374.08,78738.5,78082.54,78740.86,sl,-7.3356,3,30,78411.05,13.419999999998254,364.41999999999825,0.03682564074419164,90.98999999999069,273.11999999999534,0.3331502636203582,0.5677724077328467,0.30406964547932025,347.8799999999901,1144.0800000000309,0,347.8799999999901,0.27858726187966637,0,0,1,0,62.71928571428413,40.37000000000262,5.810334028038885,9.027000247708065,460.5899999999965,606.9400000000023,647.179999999993,0.563089094224176,291.53599999999864
2026-08-31T00:35:00,1788136500,flip,1,78062.87,77877.36,78211.28,77876.63,sl,-3.7248,1,0,77963.9,107.7100000000064,185.50999999999476,0.5806156002372349,136.16999999999825,224.80999999999767,0.6057114897024138,0.6057114897024138,nan,nan,nan,nan,nan,0.1386551487988251,1,1,1,2,62.056428571428114,86.45999999999913,2.98937602872955,2.145616470043912,299.25,738.0299999999988,1181.949999999997,0.15695249376030732,148.4079999999958
2026-08-31T02:00:00,1788141600,flip,-1,77559.32,77944.64,77251.06,77949.09,sl,-7.7954,1,0,77567.26,10.330000000001746,385.31999999999243,0.02680888612063207,75.6700000000128,75.6700000000128,1.0,1.0,nan,nan,nan,nan,nan,0.16749614827956968,2,0,2,2,53.872857142858265,65.44000000000233,7.152395852668693,5.888141809290628,287.1700000000128,387.7100000000064,448.0500000000029,0.8599933043186919,308.25599999999395
2026-08-31T02:50:00,1788144600,cont,-1,77529.94,77982.23,77168.11,77984.19,sl,-9.085,2,50,77556.93,33.75,452.2899999999936,0.0746202657586957,66.1700000000128,128.86999999999534,0.5134631799489036,0.7090866764957551,0.026661505525843985,33.75,1265.8699999999953,2,11.25,0.1586144388398489,2,1,1,3,51.007857142856146,52.654999999998836,8.867065298063372,8.589687589022953,318.34999999999127,430.88000000000466,504.9400000000023,0.8957301857646285,361.8319999999949
2026-08-31T07:12:00,1788160320,flip,1,78153.2,77831.45,78410.6,78410.6,tp,5.148,1,0,78148.62,10.880000000004657,321.75,0.03381507381508829,40.10000000000582,74.39999999999418,0.5389784946237763,0.9461021505377006,nan,nan,nan,nan,nan,0.1338020402536537,1,0,1,1,47.77214285714269,44.56999999999971,6.735096664224542,7.218981377608304,146.91999999999825,171.04999999998836,255.16999999999825,1.2609240898224798,257.40000000000003
2026-08-31T09:08:00,1788167280,flip,1,78774.41,78370.47,79097.56,78367.24,sl,-8.1434,1,0,78500.8,272.4400000000023,403.9400000000023,0.6744566024657146,282.8899999999994,286.09999999999127,0.9887801468018457,0.9943026913666895,nan,nan,nan,nan,nan,0.3000738211682149,3,1,3,4,72.40857142857256,48.56999999999971,5.57862131555059,8.31665637224634,404.3999999999942,665.5299999999988,813.5099999999948,0.49653968605180626,323.15200000000186
2026-08-31T11:53:00,1788177180,flip,-1,78273.64,78706.63,77927.25,77927.25,tp,6.9278,1,0,78279.26,2.2299999999959255,432.99000000000524,0.005150234416489753,48.38000000000466,67.55000000000291,0.7162102146558486,0.8814211695041537,nan,nan,nan,nan,nan,0.2616773967084031,1,0,1,1,35.68214285714306,36.98500000000058,12.13464117705943,11.707178585913166,154.02999999999884,274.4799999999959,437.6100000000006,0.9894426544183283,346.3920000000042
2026-08-31T12:39:00,1788179940,cont,-1,77916.22,78125.87,77748.5,77748.5,tp,3.3544,3,46,77969.05,66.91999999999825,209.64999999999418,0.3191986644407351,81.47999999999593,83.85000000000582,0.9717352415025673,0.9717352415025673,0.21410622501427068,374.8999999999942,1751.000000000029,0,374.8999999999942,0.24769419497493653,0,0,1,0,86.50785714285719,53.26000000000204,2.423479287595608,3.9363499812239233,374.3600000000006,595.8600000000006,657.7900000000081,0.31871874002339895,167.71999999999537
2026-08-31T14:41:00,1788187260,flip,1,78493.9,77696.37,79131.92,79131.92,tp,12.7605,1,0,78216.97,258.9400000000023,797.5299999999988,0.3246774416009463,277.5200000000041,316.3000000000029,0.8773948782801186,0.9006639266519192,nan,nan,nan,nan,nan,0.10145690766933764,1,0,1,1,114.34499999999805,101.75,6.97476933840581,7.838132678132666,702.5899999999965,790.5800000000017,810.9600000000064,0.9834393804873145,638.0239999999991
2026-08-31T19:53:00,1788205980,flip,-1,78920.47,79097.17,78779.11,79097.81,sl,-3.5468,1,0,78933.29,1.2399999999906868,176.6999999999971,0.007017543859596532,11.779999999998836,45.16000000000349,0.2608503100088114,0.570194862710319,nan,nan,nan,nan,nan,0.04370075445077524,1,0,1,1,53.40571428571483,44.40500000000611,3.308634710036291,3.979281612430419,185.72999999999593,229.16999999999825,340.34999999999127,0.5191714411635129,141.35999999999768
2026-08-31T20:32:00,1788208320,cont,-1,78837.25,79183.15,78560.53,78560.53,tp,5.5344,2,39,78858.98,25.69000000000233,345.8999999999942,0.07427002023707072,66.86000000000058,89.19000000000233,0.749635609373235,1.0,0.09687861725295567,98.76000000000931,1019.4200000000128,2,32.92000000000311,0.1411767622305697,2,1,1,3,50.49928571428609,43.24500000000262,6.849601833123358,7.998612556364279,349.8600000000006,349.8600000000006,349.8600000000006,0.9886811867604002,276.71999999999537
2026-08-31T22:51:00,1788216660,cont,-1,78569.14,78597.91,78546.12,78598.7,sl,-0.5912,5,48,78570.71,2.0600000000122236,28.770000000004075,0.07160236357358123,23.49000000000524,39.94999999999709,0.5879849812267072,0.5879849812267072,0.44602900804159346,367.18000000000757,823.2200000000157,0,367.18000000000757,0.4022628337977454,2,0,2,2,29.87571428571703,30.8949999999968,0.9629895280448048,0.9312186437937224,135.27999999999884,233.88999999999942,455.8999999999942,0.06310594428603739,23.01600000000326
2026-08-31T23:00:00,1788217200,cont,-1,78497.58,78615.88,78402.94,78402.94,tp,1.8928,6,57,78552.19,54.68000000000757,118.30000000000291,0.4622147083686071,72.27000000000407,95.88000000000466,0.7537546933667143,0.7578222778473087,0.4146752190119499,438.320000000007,1057.0199999999895,2,146.10666666666899,0.4458029899945441,3,1,2,4,34.30857142857297,31.290000000000873,3.448117921385673,3.7807606263981977,164.84000000001106,278.2800000000134,522.1600000000035,0.22655890914662577,94.64000000000233
2026-09-01T00:09:00,1788221340,flip,1,78703.41,78594.7,78790.38,78790.38,tp,1.7394,1,0,78676.29,19.380000000004657,108.7100000000064,0.1782724680342518,25.789999999993597,54.01000000000931,0.4775041658950037,0.6911683021661786,nan,nan,nan,nan,nan,0.22057098582758883,2,1,1,3,35.72571428571454,26.924999999995634,3.0429062699937597,4.037511606314728,182.44000000000233,194.22000000000116,300.0,0.362366666666688,86.96800000000513
2026-09-01T00:53:00,1788223980,flip,-1,78645.33,78787.17,78531.86,78531.86,tp,2.2694,1,0,78650.85,10.770000000004075,141.8399999999965,0.07593062605756021,66.50999999999476,76.11000000000058,0.8738667717776146,0.8738667717776146,nan,nan,nan,nan,nan,-0.06777269739029053,3,1,2,4,41.87928571428659,36.849999999998545,3.3868772492365977,3.8491180461330288,156.69000000000233,256.6399999999994,368.9899999999907,0.38440066126453315,113.47199999999721
2026-09-01T01:26:00,1788225960,cont,-1,78448.34,78625.52,78306.6,78306.6,tp,2.8349,3,33,78504.36,67.75,177.18000000000757,0.3823795010723395,87.08999999999651,140.29999999998836,0.620741268709934,0.6384176764076969,0.19836217401900036,203.47000000000116,1025.7500000000582,0,203.47000000000116,0.2248584767360527,2,0,2,2,53.21571428571354,42.220000000001164,3.329467665297765,4.196589294173441,266.81999999999243,393.929999999993,501.2399999999907,0.3534833612640868,141.74400000000605
2026-09-01T04:26:00,1788236760,flip,1,78850.01,78612.18,79040.27,79040.27,tp,3.8053,1,0,78829.47,10.619999999995343,237.83000000000175,0.04465374427109812,25.769999999989523,95.11000000000058,0.27094942697917535,0.35327515508349344,nan,nan,nan,nan,nan,0.27905157142946985,1,0,1,1,42.05571428571212,42.26000000000204,5.6551173613237475,5.627780407004029,289.4200000000128,289.4200000000128,509.1399999999994,0.4671210276151982,190.2640000000014
2026-09-01T05:41:00,1788241260,cont,1,79132.69,78998.35,79240.16,78998.26,sl,-2.6886,4,75,79099.1,5.789999999993597,134.3399999999965,0.04309959803479044,84.55000000000291,108.51000000000931,0.7791908579853991,0.7791908579853991,0.15777682444350177,264.8000000000029,1678.3199999999051,0,264.8000000000029,0.2952111480512204,0,0,1,0,58.45999999999913,39.12000000000262,2.2979815258296017,3.434049079754282,276.820000000007,372.40000000000873,476.4100000000035,0.2819840053735134,107.47199999999721
2026-09-01T06:47:00,1788245220,flip,-1,78771.1,78920.06,78651.93,78651.93,tp,2.3834,1,0,78804.41,32.29000000000815,148.95999999999185,0.2167696025779398,53.63000000000466,81.25,0.6600615384615958,0.6685538461539321,nan,nan,nan,nan,nan,0.21561553634410643,1,0,1,1,36.42357142856989,38.470000000001164,4.089659365010832,3.8721081362097047,174.86999999999534,180.97000000000116,459.5399999999936,0.32415023719370223,119.16799999999348
2026-09-01T08:06:00,1788249960,cont,-1,78378.16,78647.4,78162.77,78162.77,tp,4.3078,3,79,78493.16,99.1200000000099,269.2399999999907,0.36814737780423906,100.18000000000757,160.67999999999302,0.6234752302714209,0.6299477221807666,0.21024768387217213,378.08000000000175,1798.2600000001403,0,378.08000000000175,0.23182697526823895,0,0,1,0,48.853571428567065,38.3949999999968,5.5111630967178975,7.012371402526712,326.34999999999127,331.1900000000023,447.11999999999534,0.6021649668992518,215.39199999999255
2026-09-01T08:25:00,1788251100,cont,-1,77994.15,78275.11,77769.38,77769.38,tp,4.4954,4,98,78080.67,99.31999999999243,280.9600000000064,0.353502277904293,101.50999999999476,159.3799999999901,0.636905508846788,0.9025599196887953,0.29761649372789417,790.7699999999895,2657.0100000001257,0,790.7699999999895,0.3873922793045424,0,0,1,0,76.61071428571553,44.20499999999447,3.6673721504825187,6.355842099310973,361.75999999999476,682.0599999999977,806.5599999999977,0.3483435826225045,224.76800000000515
2026-09-01T10:39:00,1788259140,flip,1,78158.51,78015.82,78272.66,78015.71,sl,-2.856,1,0,78143.79,6.850000000005821,142.68999999998778,0.04800616721568721,23.80000000000291,31.610000000000582,0.7529262891490817,1.0,nan,nan,nan,nan,nan,0.14904727578201693,2,1,1,3,52.92357142856989,46.39999999999418,2.6961521331298326,3.0752155172415017,226.17999999999302,435.61999999999534,435.61999999999534,0.3275561268995668,114.15199999999022
2026-09-01T11:00:00,1788260400,flip,-1,77942.51,78013.19,77885.97,78015.38,sl,-1.4574,1,0,77955.13,18.330000000001746,70.68000000000757,0.25933786078098164,51.63999999999942,62.93000000000757,0.8205943111392533,0.8205943111392533,nan,nan,nan,nan,nan,-0.019712490315916157,3,1,2,4,43.852857142859385,45.94000000000233,1.6117535915562682,1.538528515455028,217.1200000000099,248.3700000000099,458.8600000000006,0.15403391012510892,56.54400000000606
2026-09-01T11:20:00,1788261600,cont,-1,77926.48,78021.68,77850.32,77850.32,tp,1.5232,2,20,77925.51,0.4299999999930151,95.19999999999709,0.004516806722615843,28.889999999999418,30.19000000000233,0.9569393839018612,1.0,0.03036112118543236,11.720000000001164,386.0200000000186,0,11.720000000001164,-0.01609642883881701,3,1,2,4,33.47285714285785,41.74500000000262,2.8440954291321994,2.2805126362436487,106.33999999999651,190.50999999999476,293.47000000000116,0.32439431628444715,76.15999999999768
2026-09-01T12:35:00,1788266100,cont,-1,77805.71,78152.15,77528.56,77528.56,tp,5.543,3,95,77844.86,32.94000000000233,346.4399999999878,0.09508139937652549,31.930000000007567,59.770000000004075,0.5342144888741073,0.5342144888741073,0.053559327849309266,124.88000000000466,2331.6199999999662,2,41.62666666666822,0.14898407088550653,2,1,2,3,52.808571428574005,45.21500000000378,6.56029865281555,7.662059051198912,225.6600000000035,343.58000000000175,390.3899999999994,0.8874202720356267,277.1519999999902
2026-09-01T14:01:00,1788271260,flip,1,78221.78,77960.96,78430.44,77959.49,sl,-5.2458,1,0,78181.05,23.379999999990105,260.81999999999243,0.0896403650026485,90.55999999999767,149.63000000000466,0.6052262246875283,0.6052262246875283,nan,nan,nan,nan,nan,0.11193127049949243,1,1,1,2,92.69428571428372,94.11999999999534,2.813765681348806,2.7711432214195213,391.070000000007,798.1699999999983,874.820000000007,0.29814133193112907,208.65599999999395
2026-09-01T16:14:00,1788279240,flip,-1,77636.01,78039.99,77312.83,77312.83,tp,6.4637,1,0,77722.08,83.85000000000582,403.9800000000105,0.207559780187147,100.55000000000291,131.8000000000029,0.7628983308042541,0.7628983308042541,nan,nan,nan,nan,nan,0.08935032440852371,1,0,1,1,68.65071428571537,55.875,5.884570964821985,7.2300671140941475,338.0500000000029,463.7100000000064,463.7100000000064,0.8711910461279785,323.1840000000084
2026-09-01T16:36:00,1788280560,cont,-1,77295.54,77631.9,77026.45,77633.44,sl,-6.758,2,22,77455.7,164.05999999999767,336.3600000000006,0.4877512189320888,172.64999999999418,204.97999999999593,0.8422772953458757,0.8422772953458757,0.30914345347997474,346.5899999999965,1121.1299999999756,0,346.5899999999965,0.27236125219319957,1,0,1,1,84.48214285714286,57.455000000001746,3.981433100824357,5.854320772778529,385.90000000000873,615.3699999999953,811.3800000000047,0.414552983805367,269.0880000000005
2026-09-01T17:59:00,1788285540,cont,-1,77253.57,77700.76,76895.82,76895.82,tp,7.155,3,105,77259.31,16.069999999992433,447.1899999999878,0.035935508396862346,28.529999999998836,87.25,0.326991404011448,0.5234383954154528,0.10206380829088943,394.9899999999907,3870.029999999999,2,131.66333333333023,0.1654222891978904,1,1,1,2,67.24714285714228,48.83499999999185,6.64994795317898,9.157161871609755,294.7899999999936,499.09999999999127,499.09999999999127,0.8959927870166211,357.75199999999023
2026-09-01T19:04:00,1788289440,flip,1,77289.38,77071.47,77463.71,77463.71,tp,3.4866,1,0,77184.18,92.47000000000116,217.9100000000035,0.42434950208801653,112.47999999999593,113.05999999999767,0.9948699805412899,1.0,nan,nan,nan,nan,nan,0.01740626203161981,2,1,1,3,84.46928571428725,73.2300000000032,2.579754264018192,2.9756930219854425,537.7399999999907,909.7299999999959,909.7299999999959,0.23953260857617586,174.32800000000282
2026-09-01T21:10:00,1788297000,flip,-1,77121.05,77257.9,77011.57,77011.57,tp,2.1896,1,0,77194.57,75.10000000000582,136.84999999999127,0.5487760321520688,88.52999999999884,94.41000000000349,0.9377184620272806,0.9377184620272806,nan,nan,nan,nan,nan,0.08594918247663096,1,0,1,1,60.94499999999763,39.84000000000378,2.2454672245466667,3.4349899598388123,379.6100000000006,379.6100000000006,379.6100000000006,0.3605015673980956,109.47999999999303
2026-09-01T22:49:00,1788302940,flip,1,77300.28,76987.72,77550.33,77550.33,tp,5.001,1,0,77279.11,2.069999999992433,312.5599999999977,0.0066227284361161,12.079999999987194,40.13999999999942,0.3009466865965961,0.8669656203285716,nan,nan,nan,nan,nan,0.10013843400749,2,0,2,2,47.87285714285618,39.674999999995634,6.528960639790002,7.878008821676927,250.27000000000407,304.6600000000035,304.6600000000035,1.025930545526141,250.04799999999815
2026-09-02T00:34:00,1788309240,flip,-1,77208.9,77300.03,77136.0,77136.0,tp,1.4581,1,0,77211.83,1.9100000000034925,91.13000000000466,0.020959069461246514,43.279999999998836,87.66000000000349,0.49372575861278933,1.0,nan,nan,nan,nan,nan,0.11243561013940293,1,0,2,1,54.48214285714182,41.59000000000378,1.6726581448706517,2.191151719163173,252.6999999999971,261.5899999999965,423.6499999999942,0.21510680986664915,72.90400000000373
2026-09-02T01:30:00,1788312600,cont,-1,77081.24,77330.19,76882.08,76882.08,tp,3.9832,2,56,77076.62,6.739999999990687,248.9499999999971,0.027073709580199903,30.129999999990105,80.38000000000466,0.374844488678631,0.8732271709380227,0.07225931620932143,140.0399999999936,1938.0200000000623,2,46.67999999999787,0.07221152563050946,2,1,1,3,51.56142857142965,48.76000000000204,4.828221538802381,5.105619360130982,251.30999999999767,270.5,270.5,0.9203327171903775,199.1599999999977
2026-09-02T01:50:00,1788313800,cont,-1,76732.85,76930.94,76574.38,76931.05,sl,-3.964,3,76,76794.86,51.25999999999476,198.0899999999965,0.25877126558632774,45.55999999999767,120.49000000000524,0.3781226657813569,0.3781226657813569,0.18220749585820414,466.31999999999243,2559.2800000000425,2,155.43999999999747,0.20476935264365573,2,1,1,3,72.52999999999987,51.830000000001746,2.731145732800177,3.821917808218982,354.04000000000815,631.7799999999988,661.5200000000041,0.2994467287459114,158.47199999999722
2026-09-02T02:27:00,1788316020,flip,1,77247.56,77165.87,77312.91,77160.28,sl,-1.7456,1,0,77212.58,36.05999999999767,81.69000000000233,0.4414248990084055,77.74000000000524,77.74000000000524,1.0,1.0,nan,nan,nan,nan,nan,0.03355648104337847,3,1,2,4,55.9821428571439,62.96500000000378,1.4592153110047992,1.2973874374652175,226.4499999999971,380.0599999999977,579.9700000000012,0.1408521130403334,65.35200000000187
2026-09-02T03:01:00,1788318060,cont,1,77385.13,77110.4,77604.91,77604.91,tp,4.3957,2,34,77299.79,78.19000000000233,274.7300000000105,0.28460670476467564,83.31999999999243,123.11000000000058,0.6767931118511253,0.6767931118511253,0.1537163366689632,129.3399999999965,841.4199999999837,2,43.11333333333217,0.23516768182046505,3,2,1,5,40.87214285714227,49.07499999999709,6.721693084707017,5.598166072338803,275.9800000000105,307.3700000000099,527.0400000000081,0.5212697328476135,219.7840000000084
2026-09-02T08:38:00,1788338280,flip,-1,77031.3,77119.06,76961.09,76961.09,tp,1.4042,1,0,77045.34,12.529999999998836,87.75999999999476,0.14277575205104356,79.10000000000582,96.33000000000175,0.8211356794353201,0.9193397695421579,nan,nan,nan,nan,nan,0.34879882754476865,1,0,1,1,52.183571428574005,36.654999999998836,1.6817553417192959,2.394216341563158,277.09000000001106,468.09000000001106,568.0,0.15450704225351192,70.2079999999958
2026-09-02T09:23:00,1788340980,cont,-1,76676.03,77002.65,76414.73,76414.73,tp,5.2259,2,45,76701.61,27.80000000000291,326.61999999999534,0.08511419998776347,59.770000000004075,201.40999999998894,0.2967578571074294,0.4311603197457985,0.269705802806746,359.0,1331.0799999999872,0,359.0,0.3461954687736378,1,0,1,1,66.0814285714254,55.1449999999968,4.942689755064265,5.9229304560706195,440.77999999999884,456.59999999999127,742.8899999999994,0.4396613226722605,261.2959999999963
2026-09-02T11:14:00,1788347640,flip,1,76683.71,76469.71,76854.91,76468.25,sl,-4.3092,1,0,76654.18,39.580000000001746,214.0,0.18495327102804554,74.34999999999127,94.91999999999825,0.7832911925831504,1.0,nan,nan,nan,nan,nan,0.05272546094175193,2,1,1,3,67.88571428571284,53.23999999999796,3.1523569023569697,4.019534184823595,224.04999999998836,516.7599999999948,516.7599999999948,0.41411873984054914,171.20000000000002
2026-09-02T11:57:00,1788350220,cont,1,76740.42,76307.74,77086.56,77086.56,tp,6.9229,2,43,76693.76,39.04000000000815,432.679999999993,0.09022834427292405,61.13000000000466,62.33999999999651,0.9805903111967931,0.9805903111967931,0.02938121829704026,39.04000000000815,1328.7399999999616,2,13.01333333333605,0.09095291996813878,3,2,1,5,41.09785714285577,55.7899999999936,10.528042824617383,7.755511740456043,188.63999999999942,331.00999999999476,426.2699999999895,1.0150374175991828,346.14399999999443
2026-09-02T13:42:00,1788356520,cont,1,77151.88,76562.99,77622.99,77622.99,tp,9.4222,2,15,76914.16,220.4100000000035,588.8899999999994,0.3742804258859952,247.04000000000815,306.3799999999901,0.8063189503231808,0.8969253867746321,0.26514730405781495,286.20000000001164,1079.4000000000233,2,95.40000000000389,0.15498596279929824,3,2,2,5,109.12785714285772,53.4149999999936,5.396330647536604,11.024805766171863,603.1599999999889,603.1599999999889,610.679999999993,0.9643184646623537,471.11199999999957
2026-09-03T14:00:00,1788444000,flip,-1,78689.85,78843.59,78566.86,78847.83,sl,-3.1596,1,0,78716.77,35.770000000004075,153.7399999999907,0.2326655392221038,128.2100000000064,128.2100000000064,1.0,1.0,nan,nan,nan,nan,nan,-0.0460838048804101,1,0,1,1,78.02571428571225,65.95000000000437,1.970376066498156,2.3311599696737,287.0200000000041,492.18000000000757,553.9800000000105,0.2775190440087869,122.99199999999256
2026-09-03T14:11:00,1788444660,flip,1,78940.95,78812.37,79043.81,79043.81,tp,2.0573,1,0,78920.63,15.759999999994761,128.58000000000175,0.12256960647063732,117.05999999999767,163.25,0.7170597243491434,0.9807044410413833,nan,nan,nan,nan,nan,0.1393576049631056,2,0,2,2,86.2378571428583,68.16000000000349,1.4909925206861423,1.88644366197176,265.5599999999977,294.04000000000815,553.9800000000105,0.2321022419581922,102.8640000000014
2026-09-03T14:22:00,1788445320,cont,1,79226.67,78978.92,79424.87,79424.87,tp,3.964,2,11,79113.13,108.66999999999825,247.75,0.43862764883954897,126.41000000000349,126.41000000000349,1.0,1.0,0.46689787171391595,285.4100000000035,611.2900000000081,0,285.4100000000035,0.2210639133531783,2,0,2,2,93.57785714285794,85.55000000000291,2.647528032425231,2.8959672706018886,445.5100000000093,547.820000000007,798.1300000000047,0.310413090599274,198.20000000000002
2026-09-03T14:46:00,1788446760,cont,1,79940.62,79587.55,80223.08,80223.08,tp,5.6491,3,35,79877.07,66.56999999999243,353.06999999999243,0.18854618064404752,78.10000000000582,91.33000000000175,0.8551406985656884,0.9081353334063368,0.5097702807342478,1007.25,1975.890000000014,0,1007.25,0.3220693816730928,2,0,2,2,119.8321428571414,95.48999999999796,2.946371412392307,3.6974552309142314,364.4799999999959,981.1600000000035,1278.050000000003,0.27625679746488135,282.45599999999394
2026-09-03T14:59:00,1788447540,cont,1,80551.51,80107.44,80906.77,80906.77,tp,7.1051,4,48,80490.55,43.36999999999534,444.06999999999243,0.09766478257931425,103.64999999999418,184.6600000000035,0.5613018520523785,0.8259503953211371,0.5459531873156682,1597.5299999999988,2926.1300000000047,0,1597.5299999999988,0.4783161989441528,2,0,2,2,159.12857142857268,108.6050000000032,2.790636502378959,4.088854104322815,809.7899999999936,988.6199999999953,1892.0800000000017,0.23469937846179445,355.25599999999395
2026-09-03T15:39:00,1788449940,cont,1,80998.4,80438.4,81446.4,81446.4,tp,8.96,5,88,80911.19,53.970000000001164,560.0,0.09637500000000208,88.52000000000407,98.80999999999767,0.8958607428398558,0.9490942212326794,0.4043267266549036,2028.770000000004,5017.650000000067,0,2028.770000000004,0.3769149158251966,2,0,2,2,86.36714285714281,118.23500000000058,6.4839472683064034,4.736330189876071,356.4100000000035,628.2400000000052,1382.6399999999994,0.40502227622519255,448.0
2026-09-03T21:03:00,1788469380,flip,-1,81389.58,81724.33,81121.78,81726.57,sl,-6.7398,1,0,81400.89,11.319999999992433,334.75,0.03381628080654946,52.61999999999534,60.220000000001164,0.8737960810361064,0.9206243772830738,nan,nan,nan,nan,nan,0.08048461834894684,1,1,1,2,50.619285714286626,54.14999999999418,6.613092130328525,6.181902123731043,206.8700000000099,266.6200000000099,344.6600000000035,0.9712470260546527,267.8
2026-09-03T22:21:00,1788474060,cont,-1,81275.0,82305.21,80450.83,80450.83,tp,16.4834,2,78,81303.66,40.320000000006985,1030.2100000000064,0.039137651546778555,43.55000000000291,62.14999999999418,0.700724054706468,0.8799678197909485,0.03638643471744076,126.23000000001048,3469.1500000000233,2,42.07666666667016,0.1238222771343319,1,1,1,2,63.0428571428586,74.64500000000407,16.34142306820729,13.801460245159758,260.4899999999907,512.7799999999988,1049.3300000000017,0.9817788493610253,824.1680000000051
2026-09-04T12:45:00,1788525900,flip,-1,79384.02,80113.99,78800.04,78800.04,tp,11.6795,1,0,79402.48,14.720000000001164,729.9700000000012,0.02016521226899892,290.7300000000105,323.5500000000029,0.8985628187297415,0.9579972183588429,nan,nan,nan,nan,nan,0.44891517005508236,1,0,2,1,216.6285714285706,62.73500000000058,3.3696847797415113,11.635769506654889,939.3399999999965,1985.1399999999994,1985.1399999999994,0.3677171383378509,583.9760000000009
2026-09-05T16:26:00,1788625560,flip,1,79897.7,79397.43,80297.92,79393.22,sl,-10.0896,1,0,79858.57,32.079999999987194,500.2700000000041,0.06412537229893245,30.69999999999709,50.80999999999767,0.6042117693367152,0.6268451092303233,nan,nan,nan,nan,nan,0.17929695346502478,0,0,1,0,27.185714285712624,19.844999999993888,18.401944298477364,25.208868732686227,146.16999999999825,157.58000000000175,225.02999999999884,2.223125805448192,400.2160000000033
2026-09-06T15:01:00,1788706860,cont,-1,79402.42,79706.88,79158.85,79707.3,sl,-6.0976,4,63,79438.01,24.69999999999709,304.4600000000064,0.08112724167377183,30.779999999998836,87.2899999999936,0.35261771107802836,0.5165540153511263,0.20431786705574295,358.49000000000524,1754.5700000000506,2,119.49666666666842,0.24227249588615574,2,1,1,3,53.419285714286424,45.529999999998836,5.699439742201228,6.687019547551377,340.8399999999965,551.5799999999872,635.3499999999913,0.47920044070199197,243.56800000000513
2026-09-06T16:12:00,1788711120,flip,1,79737.96,79599.51,79848.72,79597.22,sl,-2.8148,1,0,79725.05,6.940000000002328,138.45000000001164,0.05012639942218667,22.230000000010477,29.020000000004075,0.7660234321160357,1.0,nan,nan,nan,nan,nan,0.17823562195494697,2,1,1,3,35.12357142857218,29.205000000001746,3.94179732780209,4.7406266050334995,132.48000000001048,132.48000000001048,230.18000000000757,0.6014857937266795,110.76000000000931
2026-09-06T18:02:00,1788717720,cont,1,79770.24,79567.29,79932.6,79932.6,tp,3.2472,3,110,79760.04,14.490000000005239,202.95000000001164,0.07139689578716141,32.36999999999534,38.94000000000233,0.8312788906007552,0.8767334360554025,0.026565583393694876,42.5399999999936,1601.3200000000797,2,14.179999999997866,0.1377326484857894,1,1,1,2,21.490714285713953,24.93499999999767,9.443613520790398,8.139161820735135,68.07000000000698,77.85000000000582,212.04000000000815,0.957130730050952,162.36000000000934
2026-09-06T20:06:00,1788725160,flip,-1,79788.98,79826.62,79758.87,79831.24,sl,-0.8452,1,0,79794.14,4.679999999993015,37.63999999999942,0.12433581296474727,12.879999999990105,20.880000000004657,0.6168582375472812,0.7696360153251365,nan,nan,nan,nan,nan,0.19406531323422044,1,0,1,1,20.123571428571136,12.419999999998254,1.8704433322684824,3.0305958132048882,50.89999999999418,50.89999999999418,93.6299999999901,0.40200790344978526,30.111999999999536
2026-09-06T21:08:00,1788728880,flip,1,79973.15,79884.03,80044.45,79880.63,sl,-1.8504,1,0,79974.78,3.1000000000058208,89.11999999999534,0.0347845601436937,36.29000000000815,55.05000000000291,0.6592188919165528,0.7687556766576703,nan,nan,nan,nan,nan,0.278327890958615,1,0,2,1,23.867142857141776,20.595000000001164,3.7340037110193074,4.327263899004142,106.58000000000175,106.58000000000175,223.16999999999825,0.3993368284267421,71.29599999999628
2026-09-06T22:02:00,1788732120,flip,-1,79817.93,79987.5,79682.27,79682.27,tp,2.7131,1,0,79877.05,61.479999999995925,169.57000000000698,0.3625641328064716,91.59999999999127,105.79000000000815,0.8658663389732887,0.9229605822855836,nan,nan,nan,nan,nan,0.13896408225928858,2,0,3,2,37.183571428574005,27.919999999998254,4.5603473116006175,6.073424068768539,177.15000000000873,193.82000000000698,223.66999999999825,0.7581258103456355,135.6560000000056
2026-09-06T23:03:00,1788735780,flip,1,80287.74,79991.91,80524.4,80524.4,tp,4.7333,1,0,80095.33,182.97999999999593,295.83000000000175,0.6185309130243547,186.5899999999965,278.5,0.669982046678623,0.6762298025134713,nan,nan,nan,nan,nan,0.28146316613445604,2,0,3,2,63.040714285714785,41.31999999999971,4.69268160032631,7.159486931268244,409.27999999999884,467.1299999999901,731.4199999999983,0.4044598178884942,236.6640000000014
2026-09-06T23:46:00,1788738360,cont,1,80516.66,80343.13,80655.48,80342.76,sl,-3.478,2,43,80454.89,60.229999999995925,173.52999999999884,0.3470869590272364,59.11999999999534,114.18000000000757,0.5177789455245352,0.5369591872481486,0.16550070935864086,236.80999999999767,1430.8699999999953,0,236.80999999999767,0.2835538177913716,1,0,2,1,71.16285714286018,49.36000000000786,2.438491187216325,3.515599675850308,415.91999999999825,477.33000000000175,632.9500000000116,0.274160676198745,138.82399999999907
2026-09-07T00:00:00,1788739200,flip,-1,80268.77,80369.43,80188.24,80369.99,sl,-2.0244,1,0,80291.22,39.330000000001746,100.65999999998894,0.3907212398172667,84.30000000000291,134.70000000001164,0.6258351893095444,0.8208611729769668,nan,nan,nan,nan,nan,-0.09776402636354649,2,0,3,2,62.00071428571391,50.875000000007276,1.6235296828375867,1.9785749385744382,340.2300000000105,430.2700000000041,522.8300000000017,0.19252912036415012,80.52799999999115
2026-09-07T00:17:00,1788740220,cont,-1,80190.26,80427.18,80000.72,80000.72,tp,3.7907,2,17,80227.76,24.84999999999127,236.91999999999825,0.10488772581458489,52.45999999999185,82.24000000000524,0.637889105058226,0.6501702334630077,0.07579931288495088,48.979999999995925,646.1799999999785,2,16.326666666665307,-0.005703929271281161,3,1,2,4,62.64999999999937,52.53000000000611,3.7816440542697625,4.510184656386269,274.86999999999534,353.5,477.33000000000175,0.49634424821401835,189.5359999999986
2026-09-07T01:09:00,1788743340,cont,-1,79973.35,80258.59,79745.16,80263.44,sl,-5.8018,3,69,80060.77,86.66000000000349,285.2399999999907,0.30381433179079487,61.020000000004075,62.05999999999767,0.9832420238479916,1.0,0.12718864468865262,277.77999999999884,2183.9999999998545,2,92.59333333333295,0.22580645161291807,2,1,1,3,66.18142857142811,52.68500000000495,4.3099704276122965,5.414064724304145,264.88000000000466,264.88000000000466,411.679999999993,0.6928682471822666,228.19199999999256
2026-09-07T03:12:00,1788750720,flip,-1,79774.32,79968.45,79619.02,79619.02,tp,3.1061,1,0,79804.77,24.0,194.1299999999901,0.12362849636841922,1.7799999999988358,42.33999999999651,0.042040623523830485,0.6558809636275817,nan,nan,nan,nan,nan,0.025705303175477777,2,0,2,2,61.32214285714248,48.429999999993015,3.165740643673199,4.00846582696713,206.36000000000058,534.4000000000087,664.6999999999971,0.2920565668722596,155.3039999999921
2026-09-07T04:12:00,1788754320,cont,-1,79538.74,79687.33,79419.87,79687.8,sl,-2.9812,3,60,79568.41,32.08999999999651,148.5899999999965,0.21596338919171723,69.33999999999651,80.06999999999243,0.8659922567753598,1.0,0.17620176886537958,244.4499999999971,1387.3299999999435,0,244.4499999999971,0.17620176886537958,2,0,2,2,38.16928571428538,38.17500000000291,3.892920635514661,3.892337917484877,145.50999999999476,151.00999999999476,291.1999999999971,0.5102678571428503,118.87199999999721
2026-09-07T05:04:00,1788757440,flip,1,79754.32,79692.34,79803.9,79692.22,sl,-1.242,1,0,79727.7,21.90000000000873,61.98000000001048,0.3533397870281547,38.80000000000291,50.330000000001746,0.7709119809259202,1.0,nan,nan,nan,nan,nan,0.09809532325852743,1,0,2,1,32.62714285714382,32.349999999998545,1.8996453434916616,1.915919629057597,124.98000000001048,231.5100000000093,231.5100000000093,0.2677206168200423,49.58400000000839
2026-09-07T05:15:00,1788758100,cont,1,79823.89,79637.3,79973.16,79630.54,sl,-3.867,2,11,79768.92,45.10000000000582,186.5899999999965,0.24170641513482322,55.0,78.45999999999185,0.7009941371400167,0.9435381085904477,0.19633061075217,64.41999999999825,328.1199999999808,2,21.47333333333275,0.11414081963380707,2,1,1,3,46.003571428570595,33.8949999999968,4.055989441813521,5.504941731819269,181.14999999999418,193.83000000000175,300.3600000000006,0.6212212012251837,149.2719999999972
2026-09-07T07:19:00,1788765540,flip,-1,79576.81,79684.94,79490.31,79490.31,tp,1.7301,1,0,79573.54,4.379999999990105,108.13000000000466,0.040506797373438604,19.160000000003492,29.189999999987776,0.6563891743751804,0.6933881466255281,nan,nan,nan,nan,nan,0.18743430418988064,1,0,1,1,32.107857142856766,26.380000000004657,3.3677115080867677,4.098938589840241,124.72999999999593,124.72999999999593,206.38999999999942,0.523911042201681,86.50400000000373
2026-09-07T07:28:00,1788766080,cont,-1,79426.53,79553.67,79324.82,79324.82,tp,2.0342,2,9,79439.18,15.629999999990105,127.13999999999942,0.12293534686164996,11.739999999990687,31.570000000006985,0.3718720304082385,0.481469749762234,0.40843174104513963,145.61000000000058,356.50999999999476,0,145.61000000000058,0.28348980993817174,1,0,1,1,50.254285714287626,27.334999999999127,2.5299334811528857,4.651179806109511,219.7100000000064,277.7600000000093,324.3000000000029,0.39204440333024443,101.71199999999953
2026-09-07T07:33:00,1788766380,cont,-1,79326.91,79499.47,79188.86,79188.86,tp,2.761,3,14,79407.18,75.69999999999709,172.55999999999767,0.43868799258227925,132.1999999999971,284.7199999999866,0.4643158190503066,0.4643158190503066,0.39849775333648385,237.68000000000757,596.4399999999878,0,237.68000000000757,0.30571106666550085,1,0,1,1,79.56714285714303,28.504999999990105,2.1687344022119346,6.0536747938978275,410.4399999999878,505.9799999999959,544.8799999999901,0.316693583908385,138.04799999999815
2026-09-07T12:50:00,1788785400,flip,1,79541.33,79260.0,79766.39,79259.58,sl,-5.635,1,0,79538.21,2.4699999999866122,281.33000000000175,0.00877972487820921,35.51999999998952,35.58999999999651,0.9980331553805285,0.9980331553805285,nan,nan,nan,nan,nan,0.17586928618508563,0,0,1,0,20.06500000000233,22.659999999996217,14.020931971092406,12.415269196824745,96.10000000000582,96.10000000000582,184.77000000000407,1.5225956594685044,225.0640000000014
2026-09-07T14:05:00,1788789900,flip,-1,79285.15,79416.07,79180.41,79180.41,tp,2.0947,1,0,79307.19,15.979999999995925,130.9200000000128,0.12205927283833151,40.50999999999476,84.9600000000064,0.4768126177023506,0.6127589453859904,nan,nan,nan,nan,nan,0.1972664471240749,1,0,2,1,38.29857142857197,30.94499999999971,3.4184042672239796,4.23073194377166,157.7600000000093,159.29000000000815,382.77999999999884,0.34202413919225977,104.73600000001025
2026-09-07T14:21:00,1788790860,cont,-1,79067.98,79214.36,78950.88,78950.88,tp,2.3421,2,16,79104.37,41.23999999999069,146.38000000000466,0.2817324771142873,64.23999999999069,89.01999999998952,0.7216355875084054,0.7216355875084054,0.3615038356685346,228.08000000000175,630.9200000000274,0,228.08000000000175,0.36828220696236924,1,0,2,1,64.58357142857338,39.01499999999942,2.266520676421473,3.7518902986032767,183.39999999999418,377.72000000000116,593.5399999999936,0.24662196313644613,117.10400000000374
2026-09-07T15:30:00,1788795000,cont,-1,78965.5,79265.73,78725.32,78725.32,tp,4.8037,4,85,78983.43,17.50999999999476,300.2299999999959,0.05832195316922026,59.44000000000233,85.55999999999767,0.6947171575503033,0.7424029920524288,0.14025412949653,325.29000000000815,2319.290000000008,2,108.43000000000272,0.030138246920290816,2,1,1,3,68.40357142857518,43.52499999999418,4.389098313579818,6.897874784607377,328.75,368.81999999999243,457.179999999993,0.6566997681438395,240.18399999999676
2026-09-07T15:40:00,1788795600,cont,-1,78727.73,78903.38,78587.21,78907.2,sl,-3.5894,5,95,78773.11,52.11000000000058,175.65000000000873,0.2966695132365385,40.66000000000349,96.77999999999884,0.42012812564583574,0.7805331680098626,0.21776290915756993,570.2100000000064,2618.4900000000052,2,190.07000000000212,0.1978699514763952,1,1,1,2,69.27428571428443,45.554999999993015,2.535572878000668,3.855778729009673,412.84000000001106,437.54000000000815,565.9700000000012,0.3103521388059586,140.520000000007
2026-09-07T17:20:00,1788801600,flip,1,79141.79,79080.63,79190.72,79077.97,sl,-1.2764,1,0,79137.72,9.789999999993597,61.15999999998894,0.16007194244596742,20.529999999998836,20.529999999998836,1.0,1.0,nan,nan,nan,nan,nan,0.3278529980657424,1,1,1,2,25.664999999997754,25.37000000000262,2.383011883888342,2.4107213243982115,138.75,206.31999999999243,372.6299999999901,0.16413063897160873,48.92799999999116
2026-09-07T17:41:00,1788802860,cont,1,79160.06,79050.23,79247.92,79247.92,tp,1.7573,2,21,79147.51,0.23000000001047738,109.83000000000175,0.002094145497682543,14.240000000005239,16.35000000000582,0.8709480122324262,0.8905198776762716,0.000940349155772847,0.23000000001047738,244.5899999999965,2,0.07666666667015913,0.21237301074637788,2,1,1,3,27.99428571428663,23.209999999999127,3.923300673606793,4.732012063765872,99.30000000000291,99.30000000000291,208.3399999999965,0.5271671306518364,87.8640000000014
2026-09-07T22:16:00,1788819360,flip,-1,79036.11,79194.94,78909.05,78909.05,tp,2.5413,1,0,79083.11,46.2100000000064,158.83000000000175,0.29093999874082915,91.88000000000466,98.86999999999534,0.9293011024578637,0.9293011024578637,nan,nan,nan,nan,nan,0.20022393543194852,1,0,1,1,39.38428571428501,21.744999999995343,4.032826725670254,7.304207863878398,173.3799999999901,174.4100000000035,211.2899999999936,0.7517156514743081,127.0640000000014
2026-09-08T00:55:00,1788828900,flip,1,79296.87,79170.44,79398.01,79398.01,tp,2.0229,1,0,79259.14,24.619999999995343,126.42999999999302,0.1947322629122574,43.64999999999418,53.779999999998836,0.8116400148753277,0.8584975827445008,nan,nan,nan,nan,nan,0.10312707917498662,1,0,1,1,37.62642857142886,42.80500000000029,3.360138200732556,2.953626912743655,122.25,331.1399999999994,346.66999999999825,0.36469841636136285,101.14399999999442
2026-09-08T02:29:00,1788834540,flip,-1,79232.25,79469.27,79042.63,79042.63,tp,3.7923,1,0,79249.28,4.889999999999418,237.02000000000407,0.0206311703653672,5.779999999998836,44.44000000000233,0.13006300630059706,0.41921692169225205,nan,nan,nan,nan,nan,0.10627421222892298,2,0,2,2,50.943571428569804,31.970000000001164,4.652598813813832,7.413825461369892,250.69000000000233,250.69000000000233,250.69000000000233,0.945470501416099,189.61600000000328
2026-09-08T03:04:00,1788836640,cont,-1,78895.25,78980.19,78827.3,78982.46,sl,-1.7442,4,35,78903.9,1.8299999999871943,84.94000000000233,0.021544619731423877,27.619999999995343,100.4200000000128,0.2750448117903985,0.5291774546902275,0.45102637750662883,342.31999999999243,758.980000000025,0,342.31999999999243,0.3326356233512848,1,0,1,1,47.20857142857234,39.970000000001164,1.7992495309568626,2.1250938203652705,247.19000000000233,346.75,614.4800000000105,0.13823069912771918,67.95200000000186
2026-09-08T03:19:00,1788837540,cont,-1,78838.04,78980.72,78723.9,78723.9,tp,2.2829,5,50,78854.79,16.729999999995925,142.68000000000757,0.11725539669186318,32.94000000000233,46.5399999999936,0.7077782552644362,0.9686291362270724,0.36915934550145413,406.33000000000175,1100.6900000000169,0,406.33000000000175,0.3122710305615726,1,0,1,1,39.215000000000664,41.875,3.6384036720643924,3.407283582089733,144.11999999999534,265.3799999999901,632.6699999999983,0.22552041348571603,114.14400000000606
