set,slot_utc,robust,entry,entry_delay,spread,hour,r5,dOI,imb,liq,rng24,d_hi,d_lo,atr,mfe,t_mfe,mae,t_mae,fp0.5,fp1.0,n1,n5,n15,n30,n60
primary,2026-08-04T13:15:00,0,63822.91,31.005,7.0,13.0,-0.0012,-0.0001,0.1423,0.0,29.06,2.0531,1.2581,83.005,209.79,22.751,289.42,40.0692,fav,fav,73.17,31.53,77.88,-6.04,-226.27
primary,2026-08-04T14:15:00,1,63607.43,30.495,7.0,14.0,-0.0023,-0.0,-0.1236,0.0,29.03,2.7096,0.4451,158.2414,558.67,43.8424,20.31,0.2125,fav,fav,9.14,63.83,243.47,391.36,348.49
primary,2026-08-04T15:30:00,1,63804.64,30.065,7.0,15.0,-0.0016,-0.0015,0.0566,0.0913,28.775,2.8896,0.4244,126.3014,367.56,13.7385,56.25,0.513,fav,fav,-36.67,45.06,257.86,155.39,163.2
primary,2026-08-04T16:50:00,0,63869.27,31.316,7.0,16.0,-0.0014,0.0019,-0.6212,0.0,28.615,2.7841,0.3065,96.7779,260.91,13.1473,38.93,57.2518,fav,fav,-2.66,42.39,161.91,112.28,59.69
primary,2026-08-04T20:00:00,1,64125.47,30.386,7.0,20.0,-0.0015,,-0.0297,0.0031,28.92,3.0645,0.7084,81.9436,257.32,38.3099,188.13,11.5703,adv,adv,2.89,0.01,-131.31,8.57,124.53
primary,2026-08-04T21:10:00,0,64191.74,30.269,7.0,21.0,-0.0014,-0.0001,0.0798,0.0,29.085,2.4027,3.0987,80.9707,48.48,9.614,114.98,47.7623,adv,adv,-12.83,-42.02,3.66,-39.02,-28.29
primary,2026-08-04T23:20:00,1,64254.1,30.727,7.0,23.0,-0.0024,-0.0096,-0.4983,0.0,28.8,2.8791,1.5798,84.7379,27.72,0.3763,306.68,52.3847,adv,adv,-10.17,-140.46,-96.66,-184.94,-280.48
primary,2026-08-05T00:45:00,0,63959.06,31.011,7.0,0.0,-0.0012,-0.0002,0.129,0.043,29.03,2.653,0.4057,70.3171,292.01,49.7469,66.49,12.1041,adv,fav,-2.25,-9.08,-26.61,24.44,241.56
primary,2026-08-05T02:15:00,1,64319.4,30.729,7.0,2.0,-0.0019,0.0009,-0.0518,0.011,28.83,1.4268,3.7637,99.6107,118.29,5.4676,256.97,58.9225,fav,fav,39.82,65.91,85.94,47.63,-239.79
primary,2026-08-05T03:15:00,1,64091.6,30.137,7.0,3.0,-0.0036,0.0003,0.1444,0.0003,29.085,3.7129,0.2726,94.1557,52.97,40.1781,100.15,9.7703,adv,adv,-32.99,-65.23,-8.81,14.62,38.02
primary,2026-08-05T08:40:00,1,64053.71,30.221,7.0,8.0,-0.0015,,-0.5771,0.0,29.435,2.3179,1.4128,73.0129,103.7,53.3046,21.57,17.1052,fav,fav,19.42,29.42,-1.13,6.5,54.3
primary,2026-08-05T10:45:00,1,64027.93,30.131,7.0,10.0,-0.0021,-0.0005,0.3777,0.0,29.32,2.7419,0.8658,61.0079,64.87,44.0691,76.53,2.0909,adv,adv,-15.57,-37.94,23.96,-19.92,-3.23
primary,2026-08-05T12:30:00,0,64365.79,30.046,7.0,12.0,-0.0013,0.0032,0.3373,0.0,29.0,1.8493,3.9926,95.0443,94.7,6.1131,543.98,58.932,fav,adv,34.36,27.93,-12.57,-143.58,-497.65
primary,2026-08-05T13:30:00,1,63880.14,30.113,7.0,13.0,-0.0034,,-0.0587,5.7455,28.895,5.5934,0.5253,104.3821,646.81,43.9791,66.75,1.1767,adv,fav,-37.36,336.23,290.11,566.46,448.19
primary,2026-08-05T15:10:00,0,64546.66,30.207,7.0,15.0,-0.0012,-0.004,-0.393,5.2978,28.96,1.1529,2.0788,146.9371,141.33,23.8069,227.56,44.234,adv,adv,-123.41,-36.1,-79.37,-102.58,-30.98
primary,2026-08-05T18:05:00,1,64623.99,30.911,7.0,18.0,-0.0015,-0.0019,-0.2705,0.0004,28.8,1.7681,2.0757,70.4257,244.75,54.4747,16.03,0.114,fav,fav,27.2,106.76,-1.68,99.74,179.58
primary,2026-08-05T20:45:00,0,64860.46,30.801,7.0,20.0,-0.0012,0.0005,-0.0058,0.0,27.775,2.0242,1.5847,68.6486,-7.0,0.0,265.74,39.1594,adv,adv,-30.42,-62.85,-138.81,-178.42,-200.49
primary,2026-08-06T05:25:00,0,64833.77,30.325,7.0,5.0,-0.0013,0.0007,0.1256,0.0,26.17,1.4662,3.6226,73.5386,21.84,1.63,158.37,47.5476,adv,adv,-1.55,12.58,8.88,-31.81,-77.06
primary,2026-08-06T12:05:00,0,64419.44,30.025,7.0,12.0,-0.0013,0.0017,0.1253,0.5212,25.285,3.0771,0.3245,56.1471,104.46,29.4722,296.94,58.9287,adv,fav,-10.9,-5.37,43.53,69.74,-280.67
primary,2026-08-06T13:05:00,1,64150.77,31.056,7.0,13.0,-0.0025,-0.0002,-0.0606,8.9161,24.865,4.8191,0.3169,78.1536,301.96,45.8649,61.87,22.8128,fav,fav,28.1,13.08,-26.95,131.28,258.12
primary,2026-08-06T14:45:00,1,64659.26,30.525,7.0,14.0,-0.0015,-0.0042,-0.2332,0.1401,24.86,0.9568,2.8332,132.1136,266.1,19.8348,52.99,0.3978,fav,fav,-24.31,-2.36,36.18,3.6,132.36
primary,2026-08-06T15:50:00,1,64605.48,30.718,7.0,15.0,-0.0024,0.0003,0.1494,0.0,24.865,2.6419,0.3678,122.405,112.44,56.8387,80.2,20.6822,adv,neither,-38.75,-62.16,19.78,-46.97,62.98
primary,2026-08-06T17:35:00,0,64529.5,30.419,7.0,17.0,-0.0012,0.0004,0.0944,0.0,24.815,3.3928,0.2394,74.0714,65.75,17.6032,157.66,59.6475,adv,adv,-42.3,8.97,38.09,-96.52,-159.0
primary,2026-08-07T00:10:00,0,64215.06,30.162,7.0,0.0,-0.0012,-0.0016,0.2536,0.0,23.435,2.6335,1.4606,54.8479,189.07,48.1194,48.34,0.5399,adv,fav,-18.68,-26.26,-21.98,62.53,67.6
primary,2026-08-07T01:35:00,1,64254.75,30.214,7.0,1.0,-0.0017,0.0004,-0.1966,0.0,23.805,1.9915,0.7862,82.8579,235.4,36.0585,62.8,30.7713,fav,fav,33.56,80.44,92.52,0.33,-31.48
primary,2026-08-07T12:30:00,1,65027.09,30.455,7.0,12.0,-0.002,0.0,-0.0947,7.7288,25.31,2.6946,1.0051,96.8886,321.41,20.1151,78.22,1.542,adv,fav,-48.74,69.28,202.28,219.41,195.52
primary,2026-08-07T13:45:00,0,65201.56,30.521,7.0,13.0,-0.0013,0.0,0.1845,0.0,26.105,1.1481,1.1245,131.0364,37.02,0.5304,470.83,22.2258,adv,adv,-94.28,-124.75,-368.11,-253.3,-149.17
primary,2026-08-07T14:50:00,0,64953.57,30.595,7.0,14.0,-0.0014,0.0002,0.0424,0.0037,26.19,1.7741,1.3997,156.7093,133.7,37.4137,122.69,9.4774,adv,neither,4.86,-31.88,17.61,21.01,-75.91
primary,2026-08-07T17:10:00,0,64628.1,30.04,7.0,17.0,-0.0014,-0.003,0.2226,0.0073,25.655,4.4536,0.0693,85.5736,210.49,56.5643,164.97,17.6057,fav,adv,2.18,38.79,-79.48,26.06,174.75
primary,2026-08-09T01:25:00,0,64831.06,30.431,7.0,1.0,-0.0013,-0.0002,0.699,0.0,8.96,4.6717,1.1212,27.855,12.43,6.5399,80.41,36.4569,adv,adv,-5.34,-9.25,1.02,-27.34,-57.99
primary,2026-08-09T22:15:00,1,65269.05,30.973,7.0,22.0,-0.0015,-0.0013,-0.4103,0.0,9.44,2.7186,3.1145,64.0614,17.07,0.553,358.06,31.2264,adv,adv,-24.26,-95.58,-258.75,-305.41,-327.24
primary,2026-08-10T00:20:00,1,64963.79,30.922,7.0,0.0,-0.0016,0.0007,0.2385,0.0,10.4,3.0899,1.753,100.2521,51.18,51.513,194.95,19.1876,adv,adv,1.34,-21.36,-110.25,5.16,25.93
primary,2026-08-10T02:15:00,1,64907.2,30.462,7.0,2.0,-0.0027,0.0009,-0.544,0.0137,11.2,4.3544,0.6326,102.5443,256.23,23.9339,61.66,5.6426,adv,fav,-18.74,-41.04,15.97,169.5,88.87
primary,2026-08-10T07:45:00,0,65213.09,30.916,7.0,7.0,-0.0012,0.0011,0.2343,0.0,15.52,2.286,0.6532,50.0164,62.93,36.3313,81.55,52.4951,adv,adv,-25.51,-61.42,7.54,2.84,-68.96
primary,2026-08-10T09:45:00,0,64936.17,30.76,7.0,9.0,-0.0012,-0.0007,0.1039,0.2189,16.94,5.4586,0.5827,51.7421,84.55,15.7025,40.6,4.7911,adv,fav,-21.79,-28.62,54.15,29.11,47.95
primary,2026-08-10T13:30:00,1,64636.49,30.613,7.0,13.0,-0.0038,-0.0003,-0.2327,3.8084,19.735,3.7373,0.5239,90.2593,168.58,59.9326,192.61,18.1431,fav,fav,79.6,-18.26,-132.88,-3.21,158.4
primary,2026-08-10T14:50:00,1,64629.14,30.654,7.0,14.0,-0.0014,-0.001,0.3081,0.0,21.2,1.7509,1.5469,116.0357,30.43,15.9033,500.06,58.1831,adv,adv,-22.05,-66.83,-17.14,-312.04,-461.22
primary,2026-08-10T16:15:00,1,64023.13,30.392,7.0,16.0,-0.0021,-0.0003,0.0246,18.688,22.985,3.5173,0.2154,130.0179,97.09,20.5045,268.87,35.365,adv,adv,-58.09,15.43,29.27,-192.64,-167.24
primary,2026-08-10T18:25:00,1,63826.01,30.183,7.0,18.0,-0.0015,0.0005,-0.309,0.0,25.245,1.7253,0.2251,80.2929,184.26,59.8624,92.91,6.0276,adv,adv,-14.03,3.15,-36.31,-0.5,165.61
primary,2026-08-10T19:35:00,1,63890.15,30.214,7.0,19.0,-0.0017,-0.0034,0.0751,0.0,26.355,2.1942,2.07,67.2379,190.6,56.249,33.83,0.7333,adv,fav,-12.86,79.41,42.97,94.82,161.16
primary,2026-08-10T22:30:00,0,63879.07,30.035,7.0,22.0,-0.0011,-0.0005,0.5288,0.0,26.645,3.5441,0.1542,52.4079,82.09,24.513,14.57,59.6364,fav,fav,17.7,21.63,54.25,42.85,-6.38
primary,2026-08-11T01:15:00,0,63952.34,30.754,7.0,1.0,-0.0012,0.0009,-0.13,0.0,24.62,1.201,1.7917,56.0629,73.11,45.6824,64.31,21.9407,fav,fav,0.62,23.24,26.78,34.98,32.35
primary,2026-08-11T06:50:00,0,63843.73,30.655,7.0,6.0,-0.0011,0.0003,-0.0831,0.0,20.82,3.3287,1.3974,44.5821,199.64,57.0932,12.54,24.8425,fav,fav,-0.18,62.21,62.0,0.2,137.0
primary,2026-08-11T12:20:00,0,64246.29,30.386,7.0,12.0,-0.0013,,-0.1314,0.0,19.98,4.2065,0.077,45.8343,87.63,9.8034,113.9,59.7027,fav,fav,-17.33,15.14,57.23,9.46,-104.21
primary,2026-08-11T13:50:00,0,64072.87,30.363,7.0,13.0,-0.001,0.0019,0.2709,0.0,19.675,3.0197,1.0775,82.5771,133.81,20.7045,422.84,56.6491,fav,fav,-5.66,35.07,60.87,-150.88,-396.81
primary,2026-08-11T14:50:00,1,63688.06,30.989,7.0,14.0,-0.0029,-0.0008,0.3748,14.4592,19.675,4.0715,0.2693,128.2379,126.85,33.7533,298.49,46.8263,fav,adv,21.45,12.62,35.64,53.8,-282.87
primary,2026-08-11T15:50:00,0,63422.52,30.094,7.0,15.0,-0.001,0.0003,-0.3401,0.0,19.77,3.3115,0.2463,119.5493,177.14,15.507,36.58,51.492,fav,fav,47.41,84.86,142.99,151.36,21.58
primary,2026-08-11T18:25:00,1,63432.42,30.802,7.0,18.0,-0.0018,0.0001,-0.2226,0.0,19.66,2.1803,0.4563,63.685,11.56,1.6494,270.14,41.0423,adv,adv,-5.37,-23.09,-179.09,-144.27,-123.62
primary,2026-08-11T23:00:00,0,63523.94,30.31,7.0,23.0,-0.0012,0.0001,0.0039,0.0,20.26,3.787,0.5147,48.1807,72.0,46.695,42.25,12.6258,adv,fav,-15.84,-6.6,-27.71,28.38,-11.57
primary,2026-08-12T02:30:00,0,63769.35,30.274,7.0,2.0,-0.0011,0.0007,-0.203,0.2009,20.445,1.6329,1.9556,55.4364,7.79,0.0765,130.86,41.7705,adv,adv,-23.27,-53.75,-61.07,-40.87,-17.0
primary,2026-08-12T04:25:00,0,63709.48,30.641,7.0,4.0,-0.0012,0.0001,-0.3096,0.0,20.9,2.3022,0.7308,55.2,77.82,59.811,50.85,35.0102,adv,fav,-25.19,-44.38,-9.87,-8.05,68.92
primary,2026-08-12T12:30:00,1,64143.82,30.007,7.0,12.0,-0.0028,-0.006,-0.3168,3.6812,22.88,3.1073,1.3434,91.0543,-7.0,0.0,329.4,56.295,adv,adv,-104.98,-136.91,-191.55,-185.77,-261.85
primary,2026-08-12T13:50:00,1,63807.08,30.602,7.0,13.0,-0.0015,-0.0006,-0.1333,0.0,23.51,2.4908,0.1285,120.9793,59.21,16.1867,407.16,59.812,adv,adv,-7.67,-63.32,-88.53,-128.82,-389.37
primary,2026-08-12T14:50:00,1,63429.71,30.613,7.0,14.0,-0.002,-0.0022,0.0429,1.0907,23.545,3.3044,0.1974,133.1807,73.24,47.9777,186.81,4.5711,adv,adv,-51.71,-150.48,-42.14,-19.39,13.08
primary,2026-08-12T17:20:00,0,63362.67,30.879,7.0,17.0,-0.0012,-0.0006,0.0345,0.0,23.68,2.537,0.1524,59.5971,107.1,26.5723,64.25,55.5496,fav,fav,-14.24,-14.04,39.46,29.33,-26.58
primary,2026-08-12T19:20:00,0,63252.57,30.086,7.0,19.0,-0.001,0.0007,-0.0788,0.3132,23.105,3.6626,0.203,56.4157,191.85,39.9707,22.4,0.5168,fav,fav,5.29,45.69,45.85,58.16,176.62
primary,2026-08-12T21:55:00,1,63416.4,30.228,7.0,22.0,-0.0013,-0.0003,-0.2711,0.8188,23.525,2.679,0.8834,66.865,55.25,12.3709,124.63,42.1695,adv,adv,-71.5,-8.26,16.28,-7.7,-64.05
primary,2026-08-13T00:40:00,0,63452.87,30.395,7.0,0.0,-0.001,-0.0006,0.1712,0.0,24.11,3.2233,1.9417,61.6271,116.69,29.5282,128.41,42.3892,fav,fav,0.31,67.4,7.07,85.44,-122.88
primary,2026-08-13T01:40:00,1,63341.99,32.546,7.0,1.0,-0.0019,-0.0008,-0.3534,0.0,24.375,3.2077,0.1948,72.0357,105.67,9.6894,41.94,47.8184,adv,fav,-22.1,37.22,50.25,48.96,84.2
primary,2026-08-13T07:00:00,0,63819.86,30.863,7.0,7.0,-0.0012,0.0,-0.3708,0.0,25.15,1.2965,2.6041,49.7864,38.27,19.7123,35.73,53.0131,adv,neither,-1.64,-14.2,-29.36,6.87,8.33
primary,2026-08-13T09:10:00,0,63558.6,30.087,7.0,9.0,-0.001,-0.0021,0.0157,1.807,24.39,5.0449,0.1404,44.1457,198.9,44.5898,41.46,0.1829,adv,fav,-15.02,41.52,27.79,75.95,10.39
primary,2026-08-13T13:20:00,1,63536.29,30.362,7.0,13.0,-0.0017,-0.0015,0.425,0.0,22.91,2.8293,1.9445,72.6214,282.21,56.3525,60.61,6.168,adv,fav,23.85,-32.52,215.04,143.53,227.33
primary,2026-08-13T15:25:00,1,63560.88,30.028,7.0,15.0,-0.0026,-0.0003,-0.0724,0.4252,22.85,3.9646,0.3984,96.7207,128.88,13.2546,317.81,59.0133,fav,fav,26.56,52.6,92.14,-217.87,-221.02
primary,2026-08-13T16:25:00,1,63351.86,30.682,7.0,16.0,-0.0028,0.0008,-0.1745,2.7666,22.85,2.7639,0.8524,123.5207,22.03,5.3034,584.34,11.7114,adv,adv,-39.69,-2.96,-453.65,-295.57,-223.02
primary,2026-08-13T18:05:00,0,63139.96,30.577,7.0,18.0,-0.001,0.0012,-0.466,0.0,23.92,1.0244,1.2392,94.2593,298.29,58.3052,108.3,21.2586,adv,adv,-5.85,-4.98,-19.17,-63.7,238.04
primary,2026-08-13T19:10:00,0,63327.51,30.478,7.0,19.0,-0.0012,0.0014,0.2135,0.0,24.36,1.3843,3.5424,82.5279,70.38,53.1588,37.52,48.2982,fav,neither,5.76,10.63,-6.98,59.05,24.54
primary,2026-08-13T23:00:00,0,63401.71,30.33,7.0,23.0,-0.0011,-0.0,-0.0457,0.0,23.315,3.1617,0.2971,58.3007,46.59,55.5981,78.58,49.8063,fav,adv,2.28,28.29,2.59,2.15,31.91
primary,2026-08-14T00:25:00,1,63376.36,30.606,7.0,0.0,-0.0015,-0.0026,-0.3962,0.0,23.005,2.376,0.9411,52.845,158.1,35.6015,33.79,1.1888,adv,fav,-26.98,-25.55,72.57,78.83,43.72
primary,2026-08-14T02:55:00,0,63408.0,31.682,7.0,3.0,-0.0013,,0.0051,0.0,22.9,2.7293,0.1325,55.6221,102.21,18.8177,197.64,59.9791,adv,adv,-35.82,-23.33,13.94,-29.63,-195.05
primary,2026-08-14T06:50:00,1,62996.0,30.298,7.0,6.0,-0.002,0.0015,0.3251,2.651,22.88,5.3283,0.8464,63.8079,49.18,31.0998,127.62,2.9495,adv,adv,-5.2,-109.94,-11.86,38.57,-89.12
primary,2026-08-14T08:20:00,1,62741.28,30.997,7.0,8.0,-0.0017,0.0001,-0.1325,24.559,23.58,4.2982,0.7195,71.5186,129.36,34.1042,124.07,8.264,adv,adv,-40.6,-44.78,52.66,91.54,86.07
primary,2026-08-14T09:25:00,1,62724.21,30.384,7.0,9.0,-0.0018,0.0004,-0.3437,0.0,24.085,2.0513,1.4161,73.0893,126.77,46.3755,57.79,30.7202,adv,fav,-19.39,25.85,-17.06,-34.95,95.47
primary,2026-08-14T12:05:00,0,62737.02,32.64,7.0,12.0,-0.0011,0.0005,-0.3708,0.1,24.645,2.2098,0.2308,59.5336,107.8,21.5051,225.61,58.7217,adv,fav,-20.83,6.93,61.47,-15.41,-170.08
primary,2026-08-14T13:35:00,0,62595.82,31.433,7.0,13.0,-0.0011,-0.0006,0.0602,0.7583,25.115,1.6067,0.7791,103.8486,128.51,58.8297,107.1,41.0631,fav,adv,44.58,51.95,-59.03,-47.69,88.99
primary,2026-08-14T14:50:00,1,62590.81,30.15,7.0,14.0,-0.0014,0.0006,-0.2408,0.0,25.045,1.4432,1.0384,94.9429,402.47,51.4563,144.77,1.8884,adv,adv,-65.08,-47.01,21.95,96.75,380.0
primary,2026-08-14T17:35:00,0,63088.21,30.257,7.0,17.0,-0.0012,-0.0016,0.4145,0.0,24.185,1.658,0.9393,60.6743,-6.14,0.1601,221.21,54.1748,adv,adv,-19.82,-54.33,-120.55,-101.03,-165.2
primary,2026-08-14T18:45:00,0,62855.58,30.808,7.0,18.0,-0.0012,,0.7858,0.0,24.175,2.9535,0.545,69.4871,69.92,54.5279,118.27,28.9806,adv,adv,-22.62,-21.22,-68.12,-90.48,19.69
primary,2026-08-14T22:10:00,0,62781.16,31.597,7.0,22.0,-0.0012,0.0005,0.4417,0.0,23.805,2.6647,0.5802,43.6593,88.31,59.8477,59.29,1.708,adv,adv,-50.13,-20.29,-17.85,37.65,82.19
primary,2026-08-15T08:50:00,0,62914.71,30.693,7.0,8.0,-0.0011,0.0027,-0.7528,0.0,19.42,3.7349,0.917,28.8764,62.88,59.0148,68.67,9.1409,adv,adv,-25.24,-50.42,-35.16,-23.62,46.18
primary,2026-08-16T17:40:00,0,63066.22,30.592,7.0,17.0,-0.0011,0.0002,-0.6846,0.0,8.15,3.4031,0.3454,47.945,41.81,39.4117,27.07,27.5637,fav,neither,0.3,6.03,18.33,-6.48,1.92
primary,2026-08-16T22:35:00,0,62668.05,30.518,7.0,22.0,-0.0011,-0.0003,0.3678,4.3072,8.54,3.1759,0.3193,82.8021,255.41,21.9315,28.92,0.3445,fav,fav,-21.51,10.79,89.5,212.78,126.12
primary,2026-08-17T00:30:00,0,62714.99,30.54,7.0,0.0,-0.0013,0.0014,-0.3732,0.0021,9.13,2.4623,0.3696,64.1829,461.56,55.2459,39.33,1.3254,adv,fav,-21.65,1.04,66.0,303.32,419.58
primary,2026-08-17T01:50:00,1,63053.98,30.68,7.0,1.0,-0.0015,-0.0007,0.2934,0.0,9.48,1.3225,2.4796,95.3293,377.48,58.3056,89.2,12.6634,adv,fav,-3.57,3.2,-62.21,12.53,281.79
primary,2026-08-17T03:15:00,0,63298.63,30.832,7.0,3.0,-0.0011,0.0006,-0.242,0.0,10.22,1.592,3.3066,85.6343,163.82,48.5647,28.42,12.0375,fav,fav,-20.16,-12.03,-19.15,13.38,109.37
primary,2026-08-17T05:25:00,0,63425.47,30.292,7.0,5.0,-0.0012,0.0022,-0.6453,0.0,12.15,2.0862,0.7122,56.1207,131.88,39.8054,50.88,10.5459,adv,fav,-4.79,-24.31,-37.74,6.41,69.74
primary,2026-08-17T07:00:00,0,63546.9,30.693,7.0,7.0,-0.0012,-0.0013,0.1147,0.0,13.05,2.2024,1.761,51.585,-0.93,5.1032,131.61,58.0677,adv,adv,-20.21,-13.84,-56.66,-62.66,-125.79
primary,2026-08-17T11:50:00,1,63579.81,30.586,7.0,11.0,-0.0013,-0.001,-0.1389,0.0,15.97,2.4337,1.044,55.4586,38.64,17.6037,126.81,44.6839,adv,adv,-20.4,-28.7,-19.3,-37.21,-88.55
primary,2026-08-17T13:15:00,0,63425.52,30.268,7.0,13.0,-0.0011,-0.0014,-0.39,0.0,16.965,2.4006,0.3524,63.7893,301.78,22.0169,68.13,4.7805,adv,adv,-16.64,-56.6,234.15,212.3,167.91
primary,2026-08-17T14:35:00,1,63564.25,30.108,7.0,14.0,-0.0015,-0.0002,-0.3942,0.0,18.635,1.4706,0.4721,113.2493,487.14,57.637,35.09,1.7566,fav,fav,-38.89,-19.52,155.34,316.55,421.49
primary,2026-08-17T16:40:00,1,64033.96,30.864,7.0,16.0,-0.0013,-0.0007,-0.2027,0.0,20.58,1.7955,0.5022,80.2064,340.73,37.6143,118.43,31.0834,fav,adv,-3.27,22.51,23.21,-97.7,181.01
primary,2026-08-17T18:30:00,1,64394.44,30.445,7.0,18.0,-0.0013,-0.0002,0.4719,0.0,22.27,1.7094,3.4498,110.185,47.8,0.7373,136.5,28.3642,adv,adv,16.75,-5.38,17.87,-109.37,-107.48
primary,2026-08-18T01:50:00,0,64137.66,30.018,7.0,1.0,-0.001,,0.3691,0.5883,21.695,3.8109,0.9223,51.8464,81.09,10.1261,172.59,53.1036,adv,fav,-38.94,-16.86,36.05,-25.03,-123.77
primary,2026-08-18T04:00:00,0,64056.44,30.618,7.0,4.0,-0.0011,-0.0005,0.2841,0.0,21.585,1.2549,1.513,54.6,129.87,31.2522,16.54,0.1973,fav,fav,-5.92,-3.99,12.26,95.39,77.25
primary,2026-08-18T06:45:00,1,64267.28,31.068,7.0,6.0,-0.0017,0.0009,0.0039,0.0,21.735,2.0151,2.7021,62.8543,30.13,28.6018,161.99,59.5516,adv,adv,-2.27,-48.68,-24.58,-13.88,-132.1
primary,2026-08-18T07:45:00,0,64148.63,30.27,7.0,7.0,-0.0009,0.0002,0.1288,0.0,21.755,2.8627,0.7489,53.195,125.09,48.7364,129.97,17.7802,adv,adv,-36.99,-45.31,-59.74,21.02,39.47
primary,2026-08-18T13:50:00,1,64087.5,30.94,7.0,13.0,-0.0016,-0.0004,-0.2193,0.0157,21.16,1.8181,1.6034,79.045,926.22,35.5544,27.0,0.2363,fav,fav,19.81,71.57,112.54,624.95,588.14
primary,2026-08-18T15:05:00,1,64624.74,30.322,7.0,15.0,-0.0017,0.0015,-0.25,0.0,21.215,2.5098,2.8221,156.3786,226.32,37.9994,31.41,0.3582,fav,fav,34.09,71.59,106.04,160.01,78.95
primary,2026-08-18T16:05:00,0,64715.69,30.895,7.0,16.0,-0.0011,0.0005,0.1055,0.023,21.215,1.6112,1.379,86.1914,111.02,37.9149,90.46,21.0666,adv,adv,-17.39,-17.22,-34.02,32.21,15.62
primary,2026-08-18T20:00:00,0,64558.13,30.854,7.0,20.0,-0.0009,-0.0017,0.4361,0.1814,19.285,5.3372,0.2941,39.7157,56.83,9.0525,46.68,46.5966,fav,fav,-1.19,28.22,24.23,18.28,8.65
primary,2026-08-19T00:00:00,1,64594.16,30.468,7.0,0.0,-0.0013,0.001,0.4973,0.0021,18.455,3.6209,0.4138,43.18,35.52,16.9784,206.25,56.9309,adv,adv,-50.86,-22.76,-41.28,2.71,-208.67
primary,2026-08-19T09:05:00,0,64372.79,30.747,7.0,9.0,-0.0012,,-0.5495,0.0,18.2,1.4201,3.3614,54.4957,14.68,1.6719,75.61,33.7082,adv,adv,-10.74,-61.05,-38.54,-49.23,-61.33
primary,2026-08-19T12:50:00,1,64795.35,30.516,7.0,12.0,-0.0021,0.0076,-0.1071,0.0,18.42,1.6463,4.3238,88.0829,371.27,36.6477,66.06,5.362,fav,fav,-0.52,-31.23,39.24,89.55,198.95
primary,2026-08-19T15:45:00,1,68471.1,30.174,7.0,15.0,-0.0028,,-0.1104,1.7657,18.65,3.3812,5.2779,567.0493,514.3,15.0383,277.0,4.5675,fav,neither,67.4,-138.9,319.44,205.67,159.31
primary,2026-08-19T16:50:00,1,68563.51,30.817,7.0,16.0,-0.0013,0.0007,-0.0134,0.0,19.1,1.8751,1.6129,226.865,9.54,0.2656,771.99,37.5234,adv,adv,4.17,-107.1,-252.61,-666.68,-387.59
primary,2026-08-19T18:05:00,0,68061.14,30.528,7.0,18.0,-0.0011,-0.0003,0.221,0.0,19.905,1.7455,1.5665,169.8843,384.21,34.9355,59.65,0.7513,fav,fav,-39.44,73.73,208.85,226.47,264.8
primary,2026-08-19T19:10:00,1,68133.87,30.033,7.0,19.0,-0.0037,0.0005,0.0616,3.5478,20.965,2.4789,0.393,127.065,562.05,57.8838,32.15,15.2803,fav,fav,34.1,155.37,33.45,231.5,490.9
primary,2026-08-19T20:15:00,0,68570.77,30.948,7.0,20.0,-0.001,-0.0011,-0.0431,0.0,22.56,0.7903,2.86,162.7807,1337.67,46.9774,7.0,0.0,fav,fav,118.35,209.98,122.04,213.07,926.48
primary,2026-08-19T21:50:00,0,69798.88,30.824,7.0,21.0,-0.0009,0.0023,-0.2208,0.0,25.58,0.6768,2.1866,384.6136,40.49,0.3712,854.51,38.4643,adv,adv,-89.74,-65.59,-441.28,-599.92,-628.49
primary,2026-08-19T23:20:00,1,69269.46,30.032,7.0,23.0,-0.0014,-0.0012,-0.1571,0.0,28.78,1.0341,1.8659,172.3493,490.77,56.5147,152.03,27.585,fav,fav,-30.55,55.13,7.19,-60.78,368.45
primary,2026-08-20T00:20:00,0,69649.11,30.026,7.0,0.0,-0.0011,0.0011,0.0882,0.3892,31.15,0.7526,3.4681,152.2986,57.81,2.1041,421.28,52.4808,adv,adv,15.03,-80.49,-98.3,-209.02,-327.54
primary,2026-08-20T01:20:00,0,69333.57,30.619,7.0,1.0,-0.0011,0.0012,-0.3327,1.0059,34.855,2.3029,0.6248,163.6421,519.39,25.2017,84.63,5.9783,adv,fav,-22.33,-70.85,217.36,312.05,122.93
primary,2026-08-20T02:20:00,1,69469.57,30.25,7.0,2.0,-0.0015,-0.0003,0.1976,0.0,38.015,2.7041,1.5176,143.0736,40.27,5.3545,628.41,45.9148,adv,adv,-30.43,4.02,-162.02,-225.82,-512.17
primary,2026-08-20T03:20:00,1,68969.4,30.694,7.0,3.0,-0.0014,-0.0009,-0.3807,0.0,40.52,4.3789,1.0042,124.2171,364.84,45.2178,90.91,1.5281,adv,fav,-71.33,-26.16,57.29,128.87,309.33
primary,2026-08-20T04:30:00,1,69223.85,30.685,7.0,4.0,-0.0018,,-0.1073,0.0,43.44,1.2721,2.0772,106.0514,402.51,50.7677,25.67,0.4208,fav,fav,-11.95,24.17,162.07,223.5,340.4
primary,2026-08-20T05:35:00,0,69510.2,30.992,7.0,5.0,-0.0011,0.0006,0.4849,0.0,44.43,1.1393,2.8533,105.0321,205.09,55.1365,221.14,36.468,adv,adv,-39.67,-10.8,-190.8,-183.91,174.01
primary,2026-08-20T07:10:00,1,69752.58,30.238,7.0,7.0,-0.0029,0.0015,-0.4562,0.6692,47.14,1.738,3.4932,131.6886,1579.11,59.2234,301.71,16.9466,adv,adv,-29.78,-135.87,-178.71,-230.78,1371.77
primary,2026-08-20T08:20:00,1,71168.27,30.217,7.0,8.0,-0.0019,-0.0069,-0.0097,0.3178,50.22,1.3685,6.1561,278.4064,840.08,56.1697,138.99,0.808,fav,fav,-110.59,54.24,294.96,556.22,725.63
primary,2026-08-20T09:25:00,1,71731.8,30.049,7.0,9.0,-0.0026,0.0012,0.0243,0.0,53.88,0.9821,2.1537,285.1457,707.62,49.6632,115.95,26.6123,fav,fav,116.4,191.88,196.62,-55.05,187.93
primary,2026-08-20T10:30:00,1,71792.13,30.386,7.0,10.0,-0.0022,,0.243,9.8289,57.675,2.6527,0.7043,245.3271,479.25,59.7601,99.59,7.5195,fav,fav,-8.75,-19.31,60.22,100.8,471.25
primary,2026-08-20T11:40:00,1,72149.49,30.238,7.0,11.0,-0.0017,0.002,-0.1312,0.1389,60.715,0.7494,2.3204,169.8436,77.39,2.7069,714.6,23.7673,adv,adv,8.07,-56.8,-271.35,-384.79,-549.01
primary,2026-08-20T12:40:00,1,71600.49,30.125,7.0,12.0,-0.0024,-0.0011,0.0718,0.0,63.22,3.0707,0.7902,205.1279,446.63,23.5083,538.22,51.6605,adv,fav,-30.54,21.51,241.92,375.7,-12.34
primary,2026-08-20T14:15:00,1,71502.45,30.145,7.0,14.0,-0.0034,-0.0032,0.0111,0.0498,64.8,1.871,1.6926,257.9864,1027.67,43.7333,205.74,9.1195,fav,fav,30.12,95.7,37.85,93.88,774.52
primary,2026-08-20T15:20:00,1,72096.86,30.626,7.0,15.0,-0.0023,0.0018,0.0649,0.0599,65.745,1.4722,2.6853,296.6664,706.89,6.8053,29.5,0.0906,fav,fav,32.42,224.8,83.44,327.68,194.12
primary,2026-08-20T17:05:00,0,72572.18,30.56,7.0,17.0,-0.0013,-0.001,0.1487,0.0,65.5,1.6597,2.1161,194.4893,385.36,42.2855,115.26,55.9857,fav,fav,32.72,67.56,154.22,198.47,-39.32
primary,2026-08-20T18:30:00,1,72450.56,30.18,7.0,18.0,-0.0031,-0.0012,0.2157,1.7067,66.475,3.0033,0.4746,169.9707,184.18,58.0374,160.78,26.3393,fav,fav,42.84,-23.27,41.38,-135.58,125.7
primary,2026-08-20T20:35:00,1,72766.4,31.01,7.0,20.0,-0.0019,0.001,-0.0055,4.4436,66.52,2.2672,1.413,138.1764,70.97,35.4822,232.37,28.1868,adv,adv,-34.32,-3.98,-138.11,-140.96,13.66
primary,2026-08-20T22:00:00,1,72581.35,30.746,7.0,22.0,-0.0032,-0.0003,0.2333,0.975,63.56,2.392,0.9524,108.4943,283.67,47.7348,51.01,11.1453,fav,fav,0.11,46.53,46.98,175.41,124.12
primary,2026-08-20T23:35:00,0,73130.18,30.38,7.0,23.0,-0.0014,0.0021,0.1095,0.0,62.565,1.8619,3.263,150.86,847.9,51.689,174.98,13.178,adv,adv,-30.14,-93.96,-80.9,172.06,446.31
primary,2026-08-21T00:50:00,0,73580.71,30.056,7.0,0.0,-0.0013,0.0024,0.0778,0.0,63.15,1.6623,2.5057,241.1529,2183.9,52.778,21.64,0.6573,fav,fav,45.42,71.55,348.94,1018.28,1722.7
primary,2026-08-21T01:50:00,1,75315.41,30.094,7.0,1.0,-0.0026,0.0031,-0.1604,0.112,65.22,1.2229,4.7351,370.1829,61.24,0.6948,965.72,58.2692,adv,adv,37.73,-273.83,-461.83,-606.45,-922.58
primary,2026-08-21T03:50:00,0,74675.84,30.451,7.0,3.0,-0.0016,0.0018,-0.1036,1.1551,68.245,0.9931,2.64,177.2771,330.69,53.7145,221.4,4.394,adv,adv,-27.97,-110.67,163.4,93.9,320.33
primary,2026-08-21T05:25:00,0,75118.9,30.065,7.0,5.0,-0.0013,-0.0027,-0.0212,0.0169,70.415,2.0201,2.0837,179.6536,384.43,37.5956,61.76,2.5056,fav,fav,14.0,19.79,112.46,254.86,219.58
primary,2026-08-21T06:40:00,1,75299.2,30.378,7.0,6.0,-0.0043,-0.0009,-0.142,1.1801,73.325,1.8932,1.0913,215.3386,1579.61,31.1367,35.5,0.5369,fav,fav,-29.75,193.61,279.98,996.22,1297.85
primary,2026-08-21T07:45:00,0,76436.55,30.28,7.0,7.0,-0.0018,0.0042,-0.06,0.003,75.885,1.3998,3.3162,318.45,1787.99,59.9053,263.07,9.0372,adv,fav,-107.63,-93.73,145.14,710.92,1744.63
primary,2026-08-21T09:00:00,1,77880.38,30.041,7.0,9.0,-0.0177,-0.0235,-0.1642,147.7635,76.91,2.8831,2.5209,568.61,477.09,40.8073,653.31,1.7313,adv,adv,-267.91,62.39,-335.12,-70.17,-153.31
primary,2026-08-21T10:00:00,1,77739.07,30.693,7.0,10.0,-0.003,0.0031,0.2103,0.0,78.575,1.1144,0.9112,558.0614,496.43,11.3384,194.43,58.4512,fav,neither,-75.6,204.51,363.48,-61.2,70.07
primary,2026-08-21T11:10:00,1,77484.56,30.235,7.0,11.0,-0.0024,,-0.1652,15.5711,79.72,3.0727,0.7505,245.5314,168.35,8.5545,1093.77,19.232,adv,adv,-47.71,-90.51,-179.04,-647.94,-633.39
primary,2026-08-21T12:50:00,1,77210.89,30.552,7.0,12.0,-0.0026,-0.0012,0.1562,0.0135,82.91,0.8706,2.4151,294.6929,493.93,55.6432,1012.0,40.4939,adv,adv,-130.88,-86.18,-63.38,-249.66,138.98
primary,2026-08-21T13:50:00,0,77361.11,30.315,7.0,13.0,-0.0019,-0.0012,-0.1519,3.689,84.14,1.0073,3.3617,344.68,88.57,1.6504,847.99,23.8561,adv,adv,-76.62,-216.73,-344.93,-269.81,-115.74
primary,2026-08-21T16:05:00,0,77089.19,30.014,7.0,16.0,-0.0015,,-0.0839,5.6919,85.985,3.3095,0.9244,234.6364,605.96,58.3509,352.16,4.5894,adv,adv,-173.24,-244.97,12.43,167.86,496.88
primary,2026-08-21T17:15:00,1,77253.31,30.382,7.0,17.0,-0.0022,-0.0017,0.2895,0.0,85.985,2.1582,1.1132,206.3471,376.67,12.3685,106.8,3.9191,adv,fav,40.46,14.7,305.22,141.21,181.32
primary,2026-08-21T18:45:00,1,76724.6,30.296,7.0,18.0,-0.0032,,0.263,5.3534,86.425,4.2753,0.7752,188.6036,616.25,39.6754,21.5,3.2633,fav,fav,87.02,99.7,176.0,303.09,376.49
primary,2026-08-21T19:55:00,0,76849.91,30.09,7.0,20.0,-0.0017,-0.0016,0.2254,0.0,87.45,2.5339,0.1555,195.1264,683.43,51.489,7.0,0.0,fav,fav,47.43,218.41,465.29,620.63,590.1
primary,2026-08-21T21:35:00,1,78115.03,30.87,7.0,21.0,-0.0052,0.0016,-0.2461,0.5114,91.4,1.6552,3.5425,232.85,642.16,26.7327,55.35,50.6104,fav,fav,-0.96,209.18,471.31,562.57,366.98
primary,2026-08-21T22:45:00,1,78266.99,30.135,7.0,22.0,-0.0029,-0.0024,0.0013,0.0,95.31,1.6268,0.6716,303.4743,453.79,31.7884,153.18,51.984,fav,fav,171.08,260.23,152.92,399.38,-92.61
primary,2026-08-22T00:00:00,0,78103.84,30.804,7.0,0.0,-0.0019,-0.0024,-0.0102,4.1542,95.985,2.8906,0.1102,214.6407,20.46,0.1611,444.02,43.348,adv,adv,-225.79,-159.79,-74.97,-200.25,-3.87
primary,2026-08-22T02:45:00,0,78367.16,30.842,7.0,2.0,-0.0017,-0.0046,-0.0252,0.2645,91.95,0.9282,3.1891,185.9014,471.24,40.5585,24.16,24.7334,fav,fav,27.27,35.01,224.34,144.58,224.15
primary,2026-08-22T04:15:00,0,78308.18,30.74,7.0,4.0,-0.0018,0.0009,-0.2254,0.9636,92.065,3.0687,0.7131,173.9264,502.45,22.3163,1791.72,51.0373,fav,fav,-38.51,188.93,293.63,221.85,-1241.48
primary,2026-08-22T05:15:00,1,77088.15,30.266,7.0,5.0,-0.0046,,0.3886,22.8164,92.79,5.0881,1.675,339.2221,472.25,15.6904,335.02,2.2323,fav,fav,-111.66,23.71,248.91,308.05,182.04
primary,2026-08-22T06:30:00,0,77111.42,30.025,7.0,6.0,-0.0021,-0.0015,0.4125,7.3435,94.135,1.7372,0.5727,260.4671,557.82,29.6245,7.83,0.0169,fav,fav,99.11,402.27,383.48,433.69,286.9
primary,2026-08-22T09:45:00,1,77026.76,30.684,7.0,9.0,-0.003,-0.0046,0.0307,11.7338,82.805,2.3339,1.3301,154.1664,155.26,55.033,519.28,32.8402,adv,adv,-40.03,-109.08,-133.95,-336.31,31.8
primary,2026-08-22T14:35:00,0,77046.57,30.301,7.0,14.0,-0.0019,,-0.2689,0.0,71.51,2.622,0.8263,121.9693,43.26,53.4132,190.28,42.5886,adv,adv,-32.68,-81.59,-117.19,-76.86,-48.32
primary,2026-08-22T17:25:00,0,77134.71,30.098,7.0,17.0,-0.0025,0.0001,-0.1014,0.0103,65.395,3.7493,0.7864,111.2279,239.23,20.5813,31.99,9.5051,fav,fav,18.25,35.21,70.76,121.7,156.01
primary,2026-08-22T21:00:00,1,77105.14,30.433,7.0,21.0,-0.0028,-0.0029,0.3244,0.6886,58.37,4.2022,1.028,87.9343,109.42,14.8485,350.55,57.1477,fav,fav,-3.95,27.71,95.58,-17.16,-66.88
primary,2026-08-23T04:15:00,0,76789.4,30.541,7.0,4.0,-0.0025,0.0021,-0.4763,0.0062,45.48,2.51,1.0425,121.675,201.98,7.9567,1225.97,57.15,fav,fav,9.35,115.14,49.35,-81.83,-722.19
primary,2026-08-23T06:05:00,0,75928.67,30.952,7.0,6.0,-0.0025,-0.0009,-0.075,2.4389,44.59,1.9288,1.3811,261.9136,422.55,22.9342,24.79,1.7362,fav,fav,37.49,168.92,279.18,306.39,295.26
primary,2026-08-23T13:25:00,0,77379.96,30.091,7.0,13.0,-0.0025,0.0004,0.3535,0.0,40.05,3.0404,2.7673,126.905,256.46,46.1452,72.52,37.2185,fav,fav,39.41,-3.43,29.5,100.68,30.56
primary,2026-08-23T14:40:00,1,77154.52,30.119,7.0,14.0,-0.0052,,-0.0327,27.6711,40.425,2.6552,2.0628,182.8129,170.11,20.4621,254.34,33.892,adv,adv,-89.78,35.1,-29.25,-2.26,40.51
primary,2026-08-23T17:00:00,0,77263.19,31.156,7.0,17.0,-0.0025,0.0001,0.1777,0.0,40.22,1.8709,1.2435,109.8779,109.8,17.6866,132.84,26.687,fav,adv,36.71,-4.19,77.6,-21.31,-121.51
primary,2026-08-23T21:35:00,1,77640.93,30.093,7.0,21.0,-0.0037,-0.0044,-0.2334,0.0,41.56,3.042,1.9779,136.5664,344.55,20.314,114.68,2.9848,adv,fav,-47.77,51.37,150.2,121.07,22.93
primary,2026-08-24T00:40:00,0,77243.85,30.388,7.0,0.0,-0.0022,-0.0016,0.1035,0.3444,45.155,3.2429,0.2879,170.5557,479.7,18.9988,107.34,59.8874,adv,fav,-67.01,174.28,396.12,158.59,-54.4
primary,2026-08-24T01:55:00,1,76943.55,30.05,7.0,2.0,-0.0036,-0.0002,0.0528,4.3794,46.96,4.4389,0.2237,176.5079,605.15,36.0405,76.81,2.0316,fav,fav,15.87,186.84,439.58,479.57,576.13
primary,2026-08-24T04:45:00,0,76889.64,30.041,7.0,4.0,-0.0021,-0.0007,0.4477,0.0,49.905,3.0043,0.1764,120.155,347.88,24.558,244.93,2.631,adv,adv,-39.47,-65.56,69.96,132.9,170.28
primary,2026-08-24T08:20:00,0,76907.89,30.653,7.0,8.0,-0.0026,-0.0027,0.1265,2.3782,48.985,5.6538,0.0742,137.2593,477.14,50.6291,94.36,3.0995,adv,fav,2.12,8.01,166.13,114.88,316.75
primary,2026-08-24T10:50:00,0,77606.91,30.143,7.0,10.0,-0.0024,0.0,0.0068,0.0,50.685,2.4338,0.6564,164.5179,982.86,49.6934,191.02,6.9591,adv,adv,-47.28,-43.32,140.93,245.77,548.44
primary,2026-08-24T12:00:00,1,78186.82,30.46,7.0,12.0,-0.003,0.0013,-0.1766,0.0,52.485,1.7896,2.8572,227.1186,1125.54,51.7131,239.27,10.8427,adv,adv,-12.06,-15.75,110.78,404.28,908.91
primary,2026-08-24T13:00:00,0,79108.97,30.148,7.0,13.0,-0.0021,-0.0038,0.0785,0.0,55.06,0.7955,4.4525,260.0614,318.45,5.8489,1287.62,40.5652,fav,fav,-111.2,140.66,-113.4,-306.99,-401.27
primary,2026-08-24T14:20:00,0,79002.24,30.251,7.0,14.0,-0.0024,-0.0,0.1006,12.9841,56.32,1.7112,3.1641,372.11,925.09,59.9671,36.97,0.0211,fav,fav,36.17,335.5,617.89,290.36,854.35
primary,2026-08-24T15:35:00,1,79528.61,30.568,7.0,15.0,-0.0032,-0.0023,-0.0251,0.1613,58.765,1.5363,0.9537,306.0543,331.6,38.3367,738.16,17.3935,adv,adv,43.92,-291.16,-491.53,-229.61,-108.15
primary,2026-08-24T16:40:00,1,79366.92,30.236,7.0,16.0,-0.0031,-0.0044,0.1452,0.0554,60.83,1.6621,1.917,298.8886,28.24,2.5352,919.61,39.8683,adv,adv,-79.11,-89.63,-444.89,-429.35,-776.25
primary,2026-08-24T19:15:00,1,78742.3,30.945,7.0,19.0,-0.0039,-0.0012,-0.1517,0.4026,66.64,1.9515,0.3506,193.21,215.84,18.8538,204.44,44.1046,adv,fav,16.7,28.96,142.16,29.29,4.56
primary,2026-08-25T02:45:00,0,80436.99,30.113,7.0,2.0,-0.0022,0.0006,-0.1135,2.3748,66.96,2.536,2.8787,328.8707,505.51,17.6325,93.99,58.7653,fav,fav,51.91,235.81,421.7,341.86,77.85
primary,2026-08-25T07:45:00,1,79872.36,30.084,7.0,7.0,-0.0075,-0.0024,0.2835,23.4315,71.845,5.4213,1.206,167.49,365.96,35.0866,575.57,0.944,adv,adv,-488.97,-228.5,-127.7,120.07,27.42
primary,2026-08-25T08:45:00,0,79911.78,30.313,7.0,8.0,-0.0026,0.0019,-0.2593,0.0,72.745,1.3328,2.4693,247.6371,28.5,34.017,475.4,59.9248,adv,adv,-50.83,-76.85,-216.05,-87.9,-456.58
primary,2026-08-25T09:50:00,1,79097.47,30.436,7.0,9.0,-0.0063,-0.0144,0.2975,38.9288,74.04,4.0663,1.2318,208.1293,373.02,52.2185,130.13,6.7828,fav,fav,116.4,70.53,176.67,193.4,275.12
primary,2026-08-25T11:40:00,0,79126.79,30.141,7.0,11.0,-0.0022,-0.0011,-0.0177,0.0,73.285,2.5295,0.5834,139.0007,55.66,2.1773,514.49,40.8605,adv,adv,11.11,-26.74,0.16,-69.19,-215.33
primary,2026-08-25T13:05:00,0,78881.49,30.374,7.0,13.0,-0.0024,-0.0017,-0.0756,0.0,71.845,0.9503,1.2266,216.6121,336.19,25.9814,784.83,42.758,adv,adv,-94.84,-84.31,-97.48,81.02,37.04
primary,2026-08-25T19:25:00,1,78910.48,30.687,7.0,19.0,-0.0031,-0.0006,0.2017,0.0145,64.175,2.9966,0.1073,118.8,72.31,29.688,249.33,33.7595,adv,adv,-37.02,22.73,-105.83,41.05,-132.34
primary,2026-08-25T20:45:00,1,78303.09,30.058,7.0,20.0,-0.003,-0.0046,0.4839,7.52,63.6,3.8352,0.7009,178.1393,342.04,50.2438,471.57,17.7154,fav,adv,22.93,-54.25,-50.23,-18.06,267.81
primary,2026-08-25T22:25:00,0,78581.1,30.257,7.0,22.0,-0.0028,-0.0001,0.1651,0.0,65.58,2.7167,1.4434,154.5343,376.37,44.7266,13.25,0.0965,fav,fav,96.35,228.34,220.4,278.16,98.61
primary,2026-08-26T00:05:00,1,78335.16,30.522,7.0,0.0,-0.003,0.0019,-0.4242,0.9856,66.675,3.6274,0.2163,172.5243,560.78,56.2205,37.06,0.4818,fav,fav,81.26,73.63,199.32,45.86,402.1
primary,2026-08-26T08:50:00,0,78673.97,30.94,7.0,8.0,-0.0029,-0.0003,-0.015,1.1181,58.335,3.7231,0.2967,118.4207,199.43,11.9424,450.67,51.839,adv,fav,3.82,32.5,135.84,-278.46,-265.28
primary,2026-08-26T12:30:00,1,78439.34,30.761,7.0,12.0,-0.0038,-0.0089,-0.5274,7.3067,56.055,1.398,2.6765,191.86,9.76,0.486,551.81,51.359,adv,adv,-32.88,-225.52,-71.36,-247.15,-146.69
primary,2026-08-26T15:30:00,0,77976.14,30.242,7.0,15.0,-0.0024,-0.0005,-0.1246,0.0,55.61,1.422,1.7601,203.2364,187.94,33.0972,53.22,0.5979,fav,neither,-33.16,76.36,126.9,94.95,121.02
primary,2026-08-27T09:30:00,1,80209.64,30.895,7.0,9.0,-0.0035,0.0004,-0.2262,0.751,48.705,1.6995,2.848,189.3743,118.92,1.4548,874.94,51.3033,fav,adv,39.5,22.95,-43.52,-143.11,-567.78
primary,2026-08-27T11:25:00,0,79455.71,30.698,7.0,11.0,-0.0028,,0.1335,0.0,49.53,1.6752,0.4865,192.2679,138.53,57.4303,292.89,20.6477,fav,adv,-51.17,2.78,10.92,60.81,36.25
primary,2026-08-27T13:30:00,0,79167.08,30.093,7.0,13.0,-0.0024,-0.0037,-0.0277,1.1947,48.22,2.6573,0.6439,122.8164,835.83,59.6967,269.65,13.1119,fav,fav,36.0,57.01,-46.18,570.4,831.33
primary,2026-08-27T14:45:00,1,80129.67,30.214,7.0,14.0,-0.0032,-0.0013,0.0258,0.0,48.08,0.9872,3.9004,277.1086,681.18,23.6733,105.57,4.5106,fav,fav,10.63,-32.43,112.76,476.41,269.93
primary,2026-08-27T16:05:00,0,80260.81,31.013,7.0,16.0,-0.0025,0.0008,0.1751,0.0773,48.47,2.36,0.2337,234.5507,389.96,34.0986,24.08,52.8293,fav,fav,80.94,152.83,252.81,148.38,297.3
primary,2026-08-27T17:40:00,0,80507.65,30.809,7.0,17.0,-0.0022,-0.0005,0.1802,0.0014,49.57,2.0397,1.4926,179.1607,72.06,5.6946,762.7,36.4066,adv,adv,-14.27,19.92,-65.27,-350.76,-587.84
primary,2026-08-28T01:35:00,0,80970.8,30.436,7.0,1.0,-0.0026,-0.0003,-0.3864,0.228,49.705,2.5131,2.8541,214.9414,24.9,1.7067,1146.74,50.6119,adv,adv,-76.09,-111.7,-309.34,-516.43,-894.85
primary,2026-08-28T08:45:00,0,79512.09,30.262,7.0,8.0,-0.0025,-0.0037,0.3622,2.0853,52.58,3.2933,0.363,103.9543,100.77,4.4126,290.03,14.6698,fav,adv,44.15,29.25,-175.36,-93.69,-229.48
primary,2026-08-28T13:35:00,0,79110.85,30.085,7.0,13.0,-0.0021,0.0003,0.193,0.0,48.455,2.9011,0.7389,131.2914,617.97,19.8954,681.23,32.8219,adv,fav,43.74,-41.99,278.63,-242.17,467.95
primary,2026-08-28T14:45:00,1,79300.72,30.401,7.0,14.0,-0.0031,-0.0001,0.2322,4.5919,48.715,1.1116,2.2345,388.2679,575.33,9.7219,613.51,59.533,fav,fav,47.92,178.6,188.48,119.11,-575.84
primary,2026-08-28T15:55:00,1,78354.47,30.014,7.0,16.0,-0.0028,0.0048,0.2367,25.2047,48.99,6.1365,0.1745,248.5257,54.19,0.3851,1494.59,24.8734,adv,adv,-173.27,-261.62,-513.26,-826.78,-623.8
primary,2026-08-30T17:15:00,0,78941.24,30.09,7.0,17.0,-0.0022,0.0025,0.5738,0.0804,22.665,2.8452,0.0484,164.7957,135.48,25.5683,192.2,50.5509,adv,adv,5.49,-116.58,57.62,73.15,-80.71
primary,2026-08-30T20:40:00,1,78559.31,30.52,7.0,20.0,-0.0028,-0.0061,0.0543,17.3172,23.585,3.4961,1.3643,106.1029,180.86,7.9923,349.35,16.8708,fav,fav,20.22,122.51,-25.71,-42.45,67.59
primary,2026-08-30T22:20:00,0,78310.49,30.081,7.0,22.0,-0.0021,-0.0041,0.1375,0.0029,25.44,3.6564,0.137,134.4286,234.02,15.6507,490.14,57.9168,fav,fav,19.85,-11.87,149.69,101.28,-261.3
primary,2026-08-30T23:20:00,1,78061.19,30.137,7.0,23.0,-0.0047,0.0014,0.2774,11.2942,27.275,2.8761,1.4022,169.2614,20.86,1.2374,1082.9,21.9792,adv,adv,-24.38,-320.8,-511.4,-485.58,-105.04
primary,2026-08-31T01:00:00,0,77745.02,30.647,7.0,1.0,-0.0021,,0.2293,0.0,30.06,2.3833,1.7562,181.8086,199.62,34.0761,244.09,57.9439,adv,adv,-44.73,-78.65,57.1,-59.37,-79.97
primary,2026-08-31T02:50:00,0,77427.08,30.592,7.0,2.0,-0.0021,-0.0003,-0.0509,1.0871,34.285,4.2104,0.1326,134.6779,437.61,50.4941,62.12,0.7481,fav,fav,-40.42,-9.32,151.99,285.9,328.22
primary,2026-08-31T04:00:00,0,77588.68,30.535,7.0,4.0,-0.0022,-0.0021,0.5,0.0,36.13,2.4511,0.8298,114.0329,111.95,1.8611,146.76,28.3174,fav,adv,33.47,21.99,-69.71,-144.65,97.05
primary,2026-08-31T05:35:00,0,77919.13,30.829,7.0,5.0,-0.002,-0.0005,-0.1132,0.0,38.18,1.5117,2.9864,154.1264,200.67,38.6675,87.68,26.2302,fav,fav,28.72,55.3,79.3,51.5,190.57
primary,2026-08-31T12:20:00,0,78143.79,30.432,7.0,12.0,-0.0024,-0.0002,-0.27,0.0451,45.975,3.3979,0.0808,118.665,32.51,37.1868,478.51,15.8517,adv,adv,-105.34,-129.24,-274.82,-380.5,-181.47
primary,2026-08-31T14:20:00,1,77725.57,30.111,7.0,14.0,-0.003,0.0006,-0.0634,0.0,48.18,2.1633,0.1027,250.155,947.99,35.034,8.82,0.0003,fav,fav,106.79,248.55,460.0,677.27,590.8
primary,2026-08-31T18:20:00,0,78850.52,31.473,7.0,18.0,-0.002,-0.0008,-0.2921,0.0,51.145,1.5396,2.5261,149.9914,401.27,48.6981,25.73,0.0633,fav,fav,6.36,37.73,128.54,161.01,192.73
primary,2026-08-31T23:00:00,0,78458.83,30.149,7.0,23.0,-0.0019,-0.0004,-0.3127,2.8492,50.4,6.3269,0.9723,81.59,186.21,59.9684,46.48,6.6522,adv,fav,-6.28,4.1,68.23,65.01,182.18
primary,2026-09-01T00:50:00,0,78622.53,30.605,7.0,0.0,-0.0019,0.0001,-0.1319,0.0,47.775,2.8963,0.9628,92.5643,157.28,11.0287,280.31,35.006,adv,fav,-0.62,35.95,31.54,-92.54,-232.56
primary,2026-09-01T07:35:00,1,78554.39,30.435,7.0,7.0,-0.0029,0.0004,0.0192,3.966,45.235,4.071,0.341,84.8971,111.38,10.1876,745.62,52.4545,adv,fav,-78.93,30.2,95.79,-248.65,-667.15
primary,2026-09-01T13:00:00,0,77895.04,30.893,7.0,13.0,-0.0019,-0.001,0.1085,0.0,45.235,1.6417,1.3735,143.8307,368.46,56.2707,506.36,1.3168,adv,adv,-61.71,-128.1,-143.41,-141.43,180.21
primary,2026-09-01T15:00:00,1,77826.39,30.209,7.0,15.0,-0.0041,-0.0063,0.2862,1.963,45.175,3.2441,0.252,179.2343,244.3,46.2132,137.18,6.8642,adv,fav,-22.08,-113.2,0.68,33.11,94.03
primary,2026-09-01T16:30:00,0,77468.23,30.124,7.0,16.0,-0.0018,-0.0008,-0.3048,0.0,44.485,4.3286,0.2798,139.9886,232.53,58.904,208.92,1.4597,adv,adv,-14.84,-3.04,99.69,90.83,183.99
primary,2026-09-01T18:15:00,0,77069.66,30.17,7.0,18.0,-0.0017,-0.0017,-0.0271,13.4742,44.08,4.6095,0.1531,137.6707,219.25,44.5189,702.74,25.1313,adv,adv,-7.48,-3.08,-181.23,-248.14,156.23
primary,2026-09-01T21:05:00,0,77143.54,30.287,7.0,21.0,-0.0017,-0.0054,0.3169,0.0,44.785,3.1978,0.1531,110.44,137.51,53.5293,274.5,7.4092,adv,adv,-13.85,-71.68,37.91,-36.0,101.36
primary,2026-09-02T00:25:00,0,77208.42,30.353,7.0,0.0,-0.0018,-0.0002,-0.3162,0.0,46.48,3.6308,0.2559,108.9993,121.78,42.3802,148.73,59.8053,fav,adv,32.83,-10.92,-17.2,-16.05,-94.95
primary,2026-09-02T01:25:00,1,77125.47,30.493,7.0,1.0,-0.0026,0.0001,-0.1734,0.0,46.755,1.7597,0.5263,118.3329,174.32,58.3968,458.02,19.9595,adv,adv,-35.16,-150.54,-286.55,-136.0,90.85
primary,2026-09-02T04:05:00,0,77320.65,30.412,7.0,4.0,-0.0018,-0.0008,0.5828,0.0,48.2,3.1189,0.0397,141.5664,253.17,35.8167,87.57,6.4103,adv,fav,0.56,9.47,36.91,172.38,130.93
primary,2026-09-02T08:40:00,0,76927.04,30.714,7.0,8.0,-0.0017,-0.0001,-0.1639,5.0429,46.815,5.9782,0.3995,106.0614,88.73,18.0225,463.29,59.0457,fav,adv,54.95,-153.31,-53.62,-17.06,-426.14
primary,2026-09-02T10:00:00,0,76613.16,30.541,7.0,10.0,-0.0017,0.0017,-0.3767,0.0,48.065,2.4182,1.1015,163.78,57.44,54.836,436.16,45.8169,adv,adv,-62.54,-80.83,35.99,-108.76,-81.9
primary,2026-09-02T11:15:00,1,76516.57,31.389,7.0,11.0,-0.0025,-0.0026,-0.0108,0.0,48.7,1.3219,2.1378,157.2,361.24,57.9635,208.83,6.0587,adv,adv,-62.6,-166.79,86.51,43.37,276.66
primary,2026-09-02T13:45:00,1,77102.55,30.733,7.0,13.0,-0.0036,-0.0025,-0.196,1.3153,48.795,1.5751,2.7767,195.7664,366.39,31.7254,159.36,5.1425,fav,fav,-3.48,-131.08,-60.48,138.19,85.32
primary,2026-09-02T15:05:00,1,76785.29,30.61,7.0,15.0,-0.003,0.0009,0.3765,0.761,48.925,3.2069,0.0629,214.27,570.64,32.2803,89.93,3.2273,fav,fav,-19.71,-16.84,168.67,328.22,472.56
primary,2026-09-02T16:40:00,0,77245.4,30.454,7.0,16.0,-0.0019,-0.0019,0.3547,0.0245,49.465,1.9786,1.0006,155.1121,82.77,59.8105,327.47,35.8497,adv,adv,19.07,-17.29,-59.34,-147.12,56.66
primary,2026-09-02T21:45:00,0,77254.78,31.876,7.0,21.0,-0.0019,-0.0007,-0.0744,0.0,46.87,2.0501,0.4425,97.02,72.19,3.0025,271.75,38.9423,fav,adv,21.1,46.93,-133.91,-217.24,-215.84
primary,2026-09-03T00:05:00,0,77160.78,30.542,7.0,0.0,-0.0019,-0.0004,0.2544,0.0,46.25,2.3094,0.8904,88.8764,125.13,59.1292,236.46,51.0223,fav,adv,53.12,-58.19,-106.63,-97.18,65.07
primary,2026-09-03T02:35:00,0,77785.56,30.554,7.0,2.0,-0.0017,-0.0034,-0.1543,0.3169,45.285,0.6002,3.6887,159.0407,67.62,39.0112,173.43,58.3612,adv,adv,-32.88,-82.54,37.32,-96.7,-142.73
primary,2026-09-03T05:15:00,0,77409.39,30.152,7.0,5.0,-0.0017,-0.0021,0.0712,0.0,45.01,3.687,0.0663,106.4357,407.37,39.5942,350.04,7.5965,adv,adv,-68.12,-183.59,-83.84,80.24,313.34
primary,2026-09-03T07:05:00,0,77976.16,31.296,7.0,7.0,-0.0019,,-0.3164,1.4291,46.165,1.619,2.9678,107.6893,113.42,2.3071,415.04,47.183,fav,fav,10.35,-11.3,-90.67,-26.49,-79.34
primary,2026-09-03T15:05:00,1,80506.14,30.495,7.0,15.0,-0.0026,0.0004,-0.2483,0.0,45.435,1.3991,5.2612,328.1307,866.96,48.9659,164.19,1.7776,adv,fav,22.23,107.77,159.23,423.38,445.98
primary,2026-09-03T16:15:00,1,80749.0,30.758,7.0,16.0,-0.0032,0.0004,0.0424,11.2877,46.005,2.3374,0.8229,268.5057,392.4,57.2133,140.91,7.6789,adv,fav,95.46,-106.94,86.98,241.62,274.85
primary,2026-09-03T17:50:00,0,81022.82,30.042,7.0,17.0,-0.0017,,0.3307,0.0,46.705,1.3124,1.0104,140.3821,342.31,14.1876,128.53,36.2383,fav,fav,12.91,7.96,236.8,-19.46,166.55
primary,2026-09-03T19:05:00,0,81318.93,30.189,7.0,19.0,-0.0019,-0.0013,-0.4772,24.4493,48.02,1.8226,2.3378,180.145,493.64,46.75,151.03,5.2661,adv,fav,-86.6,-137.12,142.28,240.06,309.05
primary,2026-09-03T20:10:00,1,81454.14,31.595,7.0,20.0,-0.003,-0.0007,0.0182,0.0,48.715,1.5942,1.2454,227.0329,197.27,23.5638,165.04,51.4968,fav,neither,-35.9,2.3,122.6,-17.03,95.83
primary,2026-09-03T21:35:00,1,81646.98,30.098,7.0,21.0,-0.0047,-0.0067,-0.4649,1.5096,50.695,3.083,1.6502,214.7443,121.92,14.1569,736.4,53.4896,adv,adv,-35.29,-100.16,14.67,-219.96,-441.57
primary,2026-09-04T00:40:00,0,81223.98,30.251,7.0,0.0,-0.0019,0.0012,-0.6276,0.8358,54.505,1.4115,0.9284,152.6907,25.27,0.4996,469.99,55.4834,adv,adv,5.81,-135.98,-185.12,-275.36,-437.82
primary,2026-09-04T02:00:00,0,80873.15,30.926,7.0,2.0,-0.0018,0.0001,-0.2179,0.0,54.575,1.621,0.8006,144.4736,80.44,57.8412,217.53,44.0949,adv,adv,-1.38,-46.94,-132.04,-163.73,23.96
primary,2026-09-04T04:35:00,0,81042.86,31.084,7.0,4.0,-0.0017,-0.0005,0.3445,0.0,54.515,2.4756,2.2925,102.9714,104.96,39.2137,150.88,50.5362,fav,adv,8.61,-31.73,68.89,2.78,-116.1
primary,2026-09-04T09:20:00,1,80984.16,30.312,7.0,9.0,-0.0025,-0.0014,-0.1551,0.0,54.235,2.2184,0.6409,146.0943,226.61,15.2697,170.69,59.1657,fav,fav,-47.4,37.09,188.87,145.85,-144.0
primary,2026-09-04T12:30:00,1,79926.99,30.62,7.0,12.0,-0.0186,-0.0423,0.0378,61.5537,55.845,6.1361,1.134,233.9964,186.99,7.3841,786.19,59.9461,adv,adv,-125.77,-8.64,-554.44,-479.33,-770.02
primary,2026-09-04T13:50:00,1,79298.57,30.434,7.0,13.0,-0.0047,-0.0025,-0.1955,0.073,57.29,1.3088,1.0647,305.9614,270.56,6.6289,664.47,54.6881,fav,adv,33.2,159.22,-41.96,8.81,-424.55
primary,2026-09-05T19:30:00,1,79862.59,30.575,7.0,19.0,-0.0021,-0.0002,-0.0419,0.0,19.53,2.3736,1.2734,65.5579,5.15,0.179,175.39,59.6319,adv,adv,-71.5,-51.68,-147.19,-89.27,-148.29
primary,2026-09-06T14:55:00,0,79523.13,30.956,7.0,15.0,-0.0017,-0.0006,-0.1875,0.0,21.795,2.5076,2.4415,130.4779,201.71,53.468,152.02,0.9374,adv,adv,-97.95,29.65,7.08,124.22,178.54
primary,2026-09-07T00:15:00,1,80061.27,30.229,7.0,0.0,-0.0027,-0.0,0.353,0.0413,22.855,3.5702,0.0789,142.9107,214.78,11.092,212.69,55.3876,fav,fav,82.63,93.64,98.45,62.69,-164.33
primary,2026-09-07T02:40:00,0,80221.86,30.394,7.0,2.0,-0.0016,0.0018,-0.2111,0.2048,24.81,1.8863,3.9283,112.6764,54.56,1.2591,653.32,56.0475,adv,adv,4.76,-15.89,-414.65,-459.27,-572.51
primary,2026-09-07T13:30:00,1,79384.2,30.286,7.0,13.0,-0.0028,0.0,0.1575,0.0,30.285,3.3338,0.4122,78.4821,33.4,3.4668,393.19,58.7571,adv,adv,-52.43,-38.8,-69.95,-78.32,-329.17
primary,2026-09-07T15:30:00,1,78864.02,30.831,7.0,15.0,-0.0023,-0.0019,0.0867,15.1116,30.85,3.1959,0.6894,126.79,73.27,59.9635,203.35,6.7643,adv,adv,-54.3,-94.22,-21.64,-11.05,59.72
primary,2026-09-07T22:35:00,1,78848.26,30.531,7.0,22.0,-0.0023,-0.0005,-0.0121,2.7923,31.555,4.0567,0.8018,92.5036,303.38,28.1819,56.8,2.898,adv,fav,-29.66,-31.95,76.2,261.41,172.4
primary,2026-09-08T02:25:00,1,79234.93,30.571,7.0,2.0,-0.0024,-0.0003,-0.4345,0.0,30.445,2.325,0.1257,102.2579,21.08,1.3057,535.62,51.6883,adv,adv,2.23,-69.19,-108.52,-313.72,-416.96
primary,2026-09-08T05:30:00,0,78653.53,30.462,7.0,5.0,-0.0018,-0.0007,0.2412,0.0003,30.435,1.7162,1.2215,120.0786,86.68,3.4516,320.61,52.8713,fav,adv,-51.26,16.98,-11.09,-178.64,-310.3
primary,2026-09-08T07:45:00,1,78224.79,30.694,7.0,7.0,-0.0019,-0.0008,0.2386,0.0,31.95,3.284,0.0506,107.385,336.51,55.2618,80.61,1.7519,adv,fav,-35.73,156.16,121.36,85.96,216.85
primary,2026-09-08T12:00:00,1,78263.74,30.495,7.0,12.0,-0.0024,,-0.2468,0.4941,34.76,2.1372,0.654,98.6786,219.96,57.3017,81.09,8.6443,fav,fav,12.15,48.22,-33.81,88.12,198.76
primary,2026-09-08T13:30:00,1,78085.75,30.723,7.0,13.0,-0.0027,-0.0012,-0.1119,7.6436,36.145,3.7011,0.4146,116.6157,306.57,58.7262,494.44,17.0759,adv,adv,12.99,-293.92,-295.55,-73.63,233.49
primary,2026-09-08T17:05:00,0,78711.69,30.01,7.0,17.0,-0.0016,-0.0001,-0.1323,0.0,38.765,1.913,1.0926,135.1014,10.71,3.0147,235.69,50.0037,adv,adv,-51.84,-36.7,-171.83,-162.51,-29.87
primary,2026-09-08T18:35:00,0,78586.56,30.617,7.0,18.0,-0.0017,-0.0011,-0.4758,0.0,39.855,2.3297,1.1056,96.8357,54.11,6.3548,331.14,12.5585,fav,adv,-13.04,20.07,-223.11,-161.99,-129.17
primary,2026-09-08T20:30:00,0,78416.58,31.037,7.0,20.0,-0.0018,-0.0007,0.2498,0.0,41.66,1.7327,0.8924,114.1714,201.34,52.8167,7.0,0.0,fav,fav,48.21,93.56,86.24,78.22,82.17
primary,2026-09-08T22:05:00,0,78472.44,31.005,7.0,22.0,-0.0014,-0.001,-0.3474,0.0,42.095,2.0814,0.9186,92.5064,95.29,41.5119,25.43,3.5814,fav,fav,-6.4,16.59,29.24,-12.95,29.28
primary,2026-09-09T04:05:00,1,78750.91,30.907,7.0,4.0,-0.0019,0.0008,-0.3282,0.0,39.435,2.1545,2.5595,85.54,447.15,34.5896,20.01,0.5185,fav,fav,-1.26,44.79,134.98,138.63,347.75
primary,2026-09-09T05:20:00,0,79160.62,30.857,7.0,5.0,-0.0016,,0.1542,0.0,39.3,1.6457,2.5346,120.595,112.8,58.4269,335.3,23.4311,adv,adv,-18.46,-55.46,-239.35,-253.1,29.08
primary,2026-09-09T09:05:00,0,79486.55,30.716,7.0,9.0,-0.0018,-0.0001,0.4399,0.0,38.005,2.1429,0.7914,129.0086,57.69,4.6022,608.77,44.9769,adv,adv,-6.95,10.77,-58.76,-241.28,-491.7
primary,2026-09-09T10:50:00,0,78883.26,31.082,7.0,10.0,-0.0018,-0.0003,0.5064,0.0514,38.57,2.6818,0.2404,110.2036,481.0,55.87,170.1,7.5363,fav,adv,45.15,43.4,-46.41,40.28,372.87
primary,2026-09-09T13:35:00,1,79367.19,30.009,7.0,13.0,-0.004,-0.0006,-0.1611,0.0,38.76,2.3367,0.8167,131.1693,80.52,0.532,522.12,40.1172,fav,adv,2.08,-115.05,-204.8,-434.8,-124.04
primary,2026-09-09T14:40:00,1,78955.45,30.518,7.0,14.0,-0.003,-0.0005,0.104,0.0669,38.795,1.8485,0.4451,240.1179,416.95,15.4852,918.87,39.3435,fav,fav,69.75,126.3,39.68,-477.06,-352.25
primary,2026-09-09T16:05:00,1,78486.05,30.453,7.0,16.0,-0.0031,-0.002,-0.2814,0.0,39.31,0.9601,1.4689,303.6093,455.01,23.6376,59.61,13.0859,fav,fav,36.81,78.19,92.14,260.85,280.32
primary,2026-09-09T18:50:00,0,78435.05,30.127,7.0,18.0,-0.0015,-0.0001,-0.0465,0.0117,39.11,4.289,0.5008,86.1707,137.6,28.9786,305.32,57.8096,adv,adv,26.28,-37.73,-56.27,115.8,-256.74
primary,2026-09-09T20:45:00,1,78088.2,30.813,7.0,20.0,-0.0022,-0.0003,0.0035,0.0,38.925,1.8761,1.4394,128.4936,242.99,15.037,112.86,59.9693,fav,fav,52.18,122.18,237.02,68.0,-115.13
primary,2026-09-09T21:45:00,0,77985.02,30.021,7.0,21.0,-0.0017,-0.0011,-0.1643,0.2728,39.11,3.112,0.055,112.3629,194.62,9.8044,236.84,18.6804,fav,fav,80.48,98.75,32.89,-41.63,19.56
primary,2026-09-10T01:30:00,0,78019.18,30.002,7.0,1.0,-0.0015,0.0004,-0.0424,0.0,41.215,3.5973,0.0693,131.3271,212.33,6.9884,96.59,4.1828,adv,fav,-32.98,-30.4,41.54,-14.45,100.4
primary,2026-09-10T03:50:00,0,78270.98,30.273,7.0,3.0,-0.0014,-0.0004,-0.3661,0.0,41.755,2.8141,0.0822,95.54,133.02,24.605,35.77,3.5657,fav,fav,-8.58,6.86,76.22,72.56,27.62
primary,2026-09-10T05:00:00,0,78248.62,30.118,7.0,5.0,-0.0015,,0.2575,0.0,41.18,2.3418,0.1356,70.1521,288.14,53.0755,7.0,0.0,fav,fav,14.5,34.48,101.12,214.19,170.21
primary,2026-09-10T07:00:00,1,78175.17,30.893,7.0,7.0,-0.002,0.0007,-0.0533,0.0,40.75,3.1191,0.4378,105.3579,41.56,1.6706,297.19,29.0283,adv,adv,-4.88,4.27,-19.79,-228.09,-70.55
primary,2026-09-10T09:35:00,0,77957.26,30.013,7.0,9.0,-0.0017,-0.0008,0.3947,0.0,40.285,2.9245,0.3211,85.6079,55.93,23.2047,171.26,53.5895,adv,adv,-50.53,0.84,-11.5,-12.61,32.53
primary,2026-09-10T11:00:00,0,77728.04,30.694,7.0,11.0,-0.0016,-0.0005,-0.1624,5.4973,39.065,2.9677,0.7069,99.9936,300.24,30.332,46.14,0.8714,fav,fav,-17.82,85.26,211.72,280.75,0.71
primary,2026-09-10T12:30:00,1,77431.81,30.173,7.0,12.0,-0.0059,-0.0114,-0.2209,7.1941,39.27,4.2143,0.8805,142.3664,63.74,0.1028,801.03,11.7232,adv,adv,-43.52,-318.94,-411.13,-429.56,-588.5
primary,2026-09-10T13:40:00,0,76930.48,30.862,7.0,13.0,-0.0017,,-0.0993,0.0,40.33,0.8661,1.1733,252.4443,416.95,43.7989,41.4,5.9063,fav,fav,45.48,24.7,275.74,99.36,367.68
primary,2026-09-10T15:00:00,0,77288.34,30.019,7.0,15.0,-0.0016,0.001,0.3415,0.0,39.995,0.7252,2.2671,159.8943,100.76,5.2988,248.63,59.8399,fav,adv,14.26,53.7,-99.12,-110.43,-254.68
primary,2026-09-10T16:00:00,1,77045.66,30.595,7.0,16.0,-0.0022,-0.0025,-0.2503,0.0,39.335,2.6921,0.019,128.8729,151.12,42.2971,293.14,29.7433,adv,adv,4.23,-147.7,-126.84,-278.45,88.24
primary,2026-09-10T18:00:00,0,77122.95,30.405,7.0,18.0,-0.0019,-0.0001,0.3436,0.0,39.74,3.2824,0.2829,119.4707,147.0,49.2858,183.47,4.809,adv,adv,-11.48,-150.62,-93.58,-91.62,27.08
primary,2026-09-10T23:10:00,1,76597.78,30.558,7.0,23.0,-0.0025,-0.0046,0.3143,9.7784,37.78,4.4408,1.2139,136.0957,221.04,57.6671,102.49,0.7918,adv,fav,-41.84,93.75,144.62,148.75,201.03
primary,2026-09-11T09:35:00,1,76874.77,30.977,7.0,9.0,-0.0021,-0.0026,0.3762,4.6516,36.83,7.2296,0.0806,74.2057,255.45,24.4167,43.66,0.7628,adv,fav,-19.5,56.05,111.1,172.97,102.19
primary,2026-09-11T11:00:00,0,76885.94,30.836,7.0,11.0,-0.0014,-0.0011,-0.0845,0.0286,36.7,2.9299,0.5143,79.9914,207.19,57.3565,182.06,9.7243,adv,adv,-25.34,-131.11,-100.67,-126.56,102.26
primary,2026-09-11T12:05:00,0,76912.76,30.678,7.0,12.0,-0.0017,-0.001,0.0468,0.0,36.59,1.692,1.8899,108.67,1202.03,40.8071,909.5,19.8193,fav,fav,47.74,-28.96,30.76,677.89,645.28
primary,2026-09-11T13:05:00,1,77565.92,30.536,7.0,13.0,-0.0025,-0.0039,0.4116,1.9529,36.78,1.5448,4.3605,357.5629,243.79,11.8382,352.48,26.5649,fav,neither,23.04,90.81,83.64,,
upside_buy,2026-08-04T13:30:00,0,63917.3,30.985,7.0,13.0,0.0014,0.0,-0.0321,0.0808,29.06,0.7238,1.6416,105.0429,115.4,7.7514,383.81,25.0696,fav,fav,61.36,78.15,-100.43,-119.14,-59.49
upside_buy,2026-08-04T14:40:00,0,64029.75,30.337,7.0,14.0,0.0022,0.0005,-0.0942,2.676,29.0,0.5395,2.7496,179.2136,136.35,18.845,282.21,48.33,fav,adv,13.38,-30.96,32.18,-35.02,9.81
upside_buy,2026-08-04T15:40:00,0,64050.3,30.082,7.0,15.0,0.0032,-0.001,-0.0991,0.0,28.775,0.9487,2.3797,125.7529,121.9,3.7382,214.19,57.9296,fav,adv,62.32,12.2,13.67,-89.08,-155.75
upside_buy,2026-08-04T17:00:00,0,64022.51,30.42,7.0,17.0,0.0018,0.0001,-0.1274,0.0048,28.69,0.4379,2.0101,90.99,107.67,3.1623,192.17,47.2668,fav,fav,16.31,3.33,-28.89,78.57,49.81
upside_buy,2026-08-04T18:00:00,0,64084.32,31.035,7.0,18.0,0.0015,0.0,-0.2333,0.0,28.825,0.5024,2.5495,98.2486,276.87,26.834,38.69,6.0692,fav,fav,-35.68,-6.32,222.23,196.21,165.9
upside_buy,2026-08-04T19:40:00,0,64323.74,30.557,7.0,19.0,0.0014,-0.0001,-0.1547,0.2814,28.915,0.7213,1.6611,73.275,59.05,58.307,386.4,31.5675,adv,adv,10.78,-49.95,-168.2,-244.04,-22.27
upside_buy,2026-08-04T20:40:00,0,64313.45,30.547,7.0,20.0,0.002,0.0002,-0.1418,0.6711,29.085,0.6919,3.5393,105.2786,5.46,0.6743,179.73,34.7426,adv,adv,-26.49,-31.64,-36.01,-133.86,-160.73
upside_buy,2026-08-04T23:05:00,0,64360.41,30.128,7.0,23.0,0.0023,-0.0001,0.3709,3.3163,28.56,1.1408,3.5685,68.6079,134.16,7.8961,401.64,58.795,adv,fav,-12.33,-16.79,-118.31,-202.94,-389.6
upside_buy,2026-08-05T01:20:00,0,64044.37,30.197,7.0,1.0,0.0014,0.0002,0.6233,0.0,28.96,1.4453,2.1172,70.0457,413.65,46.5648,59.35,1.6292,adv,fav,-57.28,21.4,170.87,201.6,340.94
upside_buy,2026-08-05T05:00:00,0,64240.63,30.633,7.0,5.0,0.002,-0.0001,-0.132,2.0401,28.935,0.0671,3.6547,57.3543,225.85,20.784,23.94,3.4341,fav,fav,-6.34,-18.93,45.76,66.26,46.74
upside_buy,2026-08-05T07:55:00,0,64116.97,30.449,7.0,8.0,0.0017,0.0012,0.1102,0.0,29.275,1.7383,2.7219,64.3221,102.48,29.8756,86.71,44.9564,fav,fav,15.07,-14.02,-5.77,90.39,-64.39
upside_buy,2026-08-05T12:15:00,0,64433.19,30.514,7.0,12.0,0.0039,0.0001,-0.1692,1.5723,28.875,0.016,6.0638,73.695,104.87,0.8087,390.22,53.0732,fav,fav,16.25,-14.32,-74.32,-78.96,-310.89
upside_buy,2026-08-05T13:35:00,0,64228.37,30.265,7.0,13.0,0.0047,0.0,0.1164,0.5278,28.895,1.9141,3.3426,123.1,298.58,38.9766,258.05,6.5025,adv,adv,-63.34,-143.32,-22.91,158.67,63.04
upside_buy,2026-08-05T14:40:00,0,64365.99,30.618,7.0,14.0,0.0016,-0.0011,0.1637,0.0,28.96,0.9567,2.2814,171.9,346.58,25.3367,96.03,8.308,fav,fav,28.91,47.07,59.41,165.83,74.85
upside_buy,2026-08-05T16:10:00,0,64529.09,30.055,7.0,16.0,0.0017,0.0007,-0.1039,0.0,29.015,1.2707,1.6157,127.8014,187.0,14.3203,41.99,59.6369,fav,fav,37.95,40.93,153.22,83.71,-17.12
upside_buy,2026-08-05T17:35:00,0,64682.62,30.211,7.0,17.0,0.0019,-0.0006,-0.0471,1.0667,28.79,0.1918,2.7919,73.3579,73.66,35.224,84.24,4.8138,adv,adv,-18.87,-72.99,3.45,-70.63,41.1
upside_buy,2026-08-05T18:35:00,0,64735.72,30.812,7.0,18.0,0.0014,-0.001,0.2775,0.0,28.63,0.2769,1.5406,86.875,147.1,46.6509,42.39,14.7095,fav,fav,-35.94,17.15,-17.18,67.85,109.8
upside_buy,2026-08-05T20:20:00,0,64925.7,30.457,7.0,20.0,0.0016,0.0016,-0.3986,10.1096,28.07,1.1945,2.8198,61.7179,19.0,19.8163,312.85,58.8169,adv,adv,-14.96,-8.96,-35.83,-128.09,-310.32
upside_buy,2026-08-06T05:05:00,0,64876.36,30.266,7.0,5.0,0.0029,-0.0005,-0.1797,13.6623,26.06,0.9316,5.7814,67.9714,61.73,7.889,110.21,59.8774,adv,adv,-19.38,-33.04,23.1,-71.67,-111.53
upside_buy,2026-08-06T07:10:00,0,64863.14,30.658,7.0,7.0,0.0014,0.0007,-0.4038,0.0,25.92,0.4154,3.5136,52.4357,39.92,8.2506,174.7,59.9526,adv,adv,-13.51,-16.8,-37.23,-120.45,-175.9
upside_buy,2026-08-06T13:35:00,0,64286.24,30.761,7.0,13.0,0.0014,0.0,0.0468,0.013,24.865,2.666,2.1546,89.9664,300.69,55.6747,29.84,0.5622,fav,fav,-8.95,89.7,94.94,122.24,235.81
upside_buy,2026-08-06T14:40:00,0,64717.86,30.291,7.0,14.0,0.0037,-0.0027,-0.0063,13.2691,24.86,0.5156,3.2917,131.5121,207.5,24.8387,111.59,5.4017,adv,fav,-8.97,-70.6,2.17,56.73,-38.48
upside_buy,2026-08-06T15:45:00,0,64803.64,30.05,7.0,15.0,0.0014,-0.0003,0.5066,0.0787,24.865,0.97,1.5017,129.0979,-6.62,0.1358,278.36,25.6933,adv,adv,-58.92,-210.16,-197.33,-229.88,-135.23
upside_buy,2026-08-07T01:00:00,0,64361.9,30.574,7.0,1.0,0.0013,0.0011,-0.7043,0.0016,23.605,0.5722,2.3984,79.92,54.36,28.0219,133.42,34.8995,adv,adv,-24.54,-65.21,-97.03,5.34,-35.2
upside_buy,2026-08-07T02:40:00,0,64348.61,30.482,7.0,2.0,0.0017,0.0001,0.0754,0.0,24.165,1.4956,1.5793,96.9771,65.33,5.6382,154.71,37.251,fav,adv,-6.19,33.75,-0.07,-68.8,-81.92
upside_buy,2026-08-07T08:40:00,0,64552.14,31.16,7.0,8.0,0.0022,0.0016,-0.2859,13.6299,24.3,1.1222,5.2317,59.0014,366.24,52.4591,37.83,13.0836,adv,fav,-25.5,-17.06,-3.15,119.78,305.0
upside_buy,2026-08-07T12:05:00,0,65110.34,31.576,7.0,12.0,0.0015,-0.0001,-0.1456,9.8016,25.09,0.7846,2.7943,81.5614,238.16,45.0964,184.13,24.5485,fav,fav,78.76,49.51,-78.08,-7.48,79.74
upside_buy,2026-08-07T13:30:00,0,65235.81,30.002,7.0,13.0,0.0021,0.0,0.212,0.0328,26.105,0.8649,2.2786,134.3364,61.47,9.8283,505.08,37.2344,adv,adv,-49.08,9.12,-46.25,-407.4,-115.43
upside_buy,2026-08-07T15:05:00,0,64983.18,31.399,7.0,15.0,0.0021,,0.1709,0.0,26.19,1.792,1.7959,138.6221,104.09,22.4003,139.43,48.9747,adv,adv,-54.53,-101.48,-8.6,-45.54,-39.56
upside_buy,2026-08-07T18:00:00,0,64808.46,31.433,7.0,18.0,0.0014,0.0017,0.2294,0.0,25.97,0.1474,3.7081,92.1843,30.13,6.541,186.11,49.4682,adv,adv,-14.9,18.98,-21.65,-75.2,-56.4
upside_buy,2026-08-09T08:00:00,0,64865.25,31.681,7.0,8.0,0.0014,0.0001,0.1713,0.0017,8.885,0.7128,4.7166,21.225,21.59,11.5091,130.49,39.0797,adv,fav,-15.76,-6.1,-7.85,-29.58,-95.37
upside_buy,2026-08-09T21:35:00,0,65184.72,31.014,7.0,21.0,0.0015,0.0,-0.6132,0.0046,9.4,1.0724,3.9217,29.3721,254.99,33.8973,261.38,59.5747,adv,adv,-54.54,-14.78,-33.82,48.78,-234.41
upside_buy,2026-08-10T00:05:00,0,65011.06,30.387,7.0,0.0,0.002,-0.0004,0.0185,0.015,10.285,0.0598,2.7218,81.9336,259.0,0.6223,242.22,34.1965,fav,fav,155.9,77.51,-59.27,-160.08,-37.99
upside_buy,2026-08-10T01:45:00,0,65293.98,30.478,7.0,1.0,0.0041,0.0003,-0.1982,2.1248,10.985,0.6225,4.7064,95.9643,29.29,0.0312,448.44,35.6424,adv,adv,-118.68,-148.59,-210.24,-396.77,-217.28
upside_buy,2026-08-10T03:20:00,0,65091.82,30.039,7.0,3.0,0.0014,0.002,-0.0366,0.0,11.71,0.7803,2.5223,96.2521,29.61,0.518,197.47,32.6093,adv,adv,-5.27,-117.47,-81.37,-165.45,-103.52
upside_buy,2026-08-10T08:00:00,0,65232.58,30.182,7.0,8.0,0.0013,-0.0001,0.0154,0.0,15.665,1.7687,1.6853,53.6271,43.44,21.3435,103.51,57.6475,adv,adv,-18.16,-26.98,-15.99,-9.91,-85.19
upside_buy,2026-08-10T12:40:00,0,64952.93,30.695,7.0,12.0,0.0014,-0.004,0.421,0.1184,19.165,3.7393,1.4812,66.1779,1.45,1.5558,411.93,58.3905,adv,adv,-17.78,-44.54,-137.96,-118.9,-329.92
upside_buy,2026-08-10T14:00:00,0,64645.28,30.882,7.0,14.0,0.0021,0.003,-0.1621,0.0,20.155,2.3605,1.7029,116.2114,183.53,37.8002,125.7,55.5359,adv,fav,-8.52,-90.67,69.3,149.61,-27.59
upside_buy,2026-08-10T17:05:00,0,63899.25,30.924,7.0,17.0,0.0016,-0.0022,0.1363,0.0027,23.93,2.748,1.2284,115.1821,61.79,31.7202,94.81,35.1619,adv,neither,9.88,-17.57,-6.98,15.8,5.79
upside_buy,2026-08-11T06:55:00,0,63916.61,30.593,7.0,7.0,0.0015,-0.0018,0.5306,0.0,20.835,1.5079,2.6991,50.0836,126.76,52.0943,85.42,19.8435,fav,adv,-7.93,22.97,-51.48,-59.18,77.75
upside_buy,2026-08-11T11:00:00,0,64297.64,30.503,7.0,11.0,0.0021,-0.0002,-0.0496,0.5214,20.225,0.6282,2.7596,57.2757,89.43,57.3071,44.84,4.1009,adv,fav,-0.68,-8.22,-21.13,-18.45,68.08
upside_buy,2026-08-11T13:55:00,0,64119.94,30.634,7.0,14.0,0.0015,0.0004,-0.1965,0.0,19.675,2.2681,1.5254,89.1879,86.74,15.7,478.14,57.3554,fav,adv,4.95,17.94,52.49,-210.04,-419.26
upside_buy,2026-08-11T15:55:00,0,63519.38,30.694,7.0,16.0,0.002,0.0005,0.0395,0.0,19.77,2.3875,1.0085,125.2464,80.28,10.497,133.44,46.482,fav,adv,-2.38,47.77,4.46,-15.47,-71.1
upside_buy,2026-08-11T19:15:00,0,63279.8,30.458,7.0,19.0,0.0012,0.0011,0.1781,0.0,19.725,2.9534,1.3001,87.6979,380.65,47.1165,30.28,4.7607,fav,fav,13.08,6.2,5.87,41.31,271.95
upside_buy,2026-08-11T22:00:00,0,63665.32,30.569,7.0,22.0,0.0013,0.0002,-0.2901,0.0013,20.085,1.1931,2.3201,48.3464,37.58,12.1382,169.68,59.5378,adv,adv,-7.28,-21.46,-1.6,-4.14,-155.19
upside_buy,2026-08-12T02:25:00,0,63827.06,30.817,7.0,2.0,0.0014,-0.0014,0.4276,0.0472,20.44,0.6369,3.8273,51.5164,-7.0,0.0,188.57,46.7614,adv,adv,-29.19,-64.94,-116.95,-102.49,-153.38
upside_buy,2026-08-12T04:20:00,0,63798.32,31.662,7.0,4.0,0.0011,0.0001,0.4201,0.095,20.865,0.7392,2.6418,51.7293,3.96,0.8944,139.69,39.9931,adv,adv,-16.12,-101.28,-123.61,-38.65,-29.01
upside_buy,2026-08-12T06:55:00,0,63656.86,30.162,7.0,7.0,0.0012,-0.0002,-0.0849,0.008,21.57,2.2106,2.1396,56.93,119.26,59.2804,90.21,45.8066,fav,fav,-16.66,35.99,9.22,-0.32,92.29
upside_buy,2026-08-12T07:55:00,0,63761.15,30.239,7.0,8.0,0.0013,0.0012,-0.2006,0.0,21.57,0.3434,3.5516,53.7779,43.31,6.9636,56.42,32.5389,adv,adv,-49.36,2.49,-41.64,-30.65,-39.39
upside_buy,2026-08-12T09:15:00,0,63879.24,30.86,7.0,9.0,0.0015,0.0003,0.25,2.2772,21.915,0.6928,3.8613,47.1164,280.25,42.3065,47.84,2.0649,adv,adv,-22.23,45.13,54.99,136.22,147.92
upside_buy,2026-08-12T12:25:00,0,64132.11,30.151,7.0,12.0,0.0024,0.0001,0.0943,0.544,22.865,4.4773,1.0212,65.8071,151.2,3.9843,290.95,58.1419,fav,fav,-36.47,-5.37,-134.16,-54.63,-216.72
upside_buy,2026-08-12T15:00:00,0,63385.17,30.602,7.0,15.0,0.0013,-0.0018,0.3493,1.2751,23.545,3.4605,0.9909,140.0414,117.78,37.9779,63.68,28.3572,fav,neither,10.78,2.4,52.37,43.82,8.89
upside_buy,2026-08-12T20:00:00,0,63448.75,30.407,7.0,20.0,0.0012,-0.0003,-0.017,0.0,23.25,-0.0133,3.4489,62.3614,143.28,55.5935,97.86,10.998,adv,adv,-45.79,-92.01,-42.98,35.04,55.03
upside_buy,2026-08-13T00:05:00,0,63514.43,30.624,7.0,0.0,0.0021,0.0003,-0.1437,0.003,23.985,0.3616,3.7565,57.1886,133.58,6.4164,89.46,35.6513,fav,fav,-1.9,22.95,29.71,-26.58,1.87
upside_buy,2026-08-13T01:35:00,0,63454.34,30.632,7.0,1.0,0.001,0.0002,-0.2749,0.0,24.33,1.7447,1.8572,68.0479,-1.28,0.2434,154.29,52.8503,adv,adv,-32.98,-124.35,-34.91,-73.92,-118.68
upside_buy,2026-08-13T02:40:00,0,63437.67,30.402,7.0,2.0,0.0011,0.0002,0.0053,0.0,24.64,0.2075,2.0626,65.025,131.24,34.5924,40.64,1.3382,adv,fav,-23.65,31.29,36.14,65.06,73.25
upside_buy,2026-08-13T05:05:00,0,63759.33,30.397,7.0,5.0,0.0013,0.0024,-0.1841,5.8975,24.945,0.8356,3.9814,59.815,184.32,5.5475,13.53,59.1077,fav,fav,28.54,67.21,129.48,107.47,-4.46
upside_buy,2026-08-13T06:50:00,0,63846.44,30.174,7.0,6.0,0.0017,0.0002,-0.1551,0.0,25.035,0.32,3.4696,45.0286,34.47,4.4908,62.25,59.0049,fav,adv,-11.62,1.18,-39.89,-29.13,-56.37
upside_buy,2026-08-13T12:05:00,0,63474.78,30.693,7.0,12.0,0.0012,0.0008,-0.1287,0.0,23.605,1.4984,3.1609,62.0929,263.48,56.8568,83.2,21.4507,fav,fav,-20.38,0.91,15.16,-9.51,216.85
upside_buy,2026-08-13T13:30:00,0,63660.35,30.095,7.0,13.0,0.0022,0.0014,-0.2272,0.0,22.97,0.9171,2.2939,88.7707,247.11,59.805,56.92,11.0504,fav,fav,-14.73,90.98,62.43,-24.45,226.31
upside_buy,2026-08-13T14:30:00,0,63898.66,30.809,7.0,14.0,0.0019,0.0017,0.1751,2.4039,22.97,0.1065,2.5254,115.5179,42.18,2.8377,379.81,53.6277,adv,adv,-13.87,-23.37,-42.27,-111.01,-283.21
upside_buy,2026-08-13T16:45:00,0,63137.18,30.726,7.0,16.0,0.0032,0.0052,0.0615,0.008,22.91,3.0654,2.2901,159.89,95.84,55.7059,154.16,4.3612,adv,neither,17.6,-122.33,-100.56,-90.34,29.91
upside_buy,2026-08-13T18:00:00,0,63200.3,31.186,7.0,18.0,0.0021,0.0026,0.3724,0.0,23.835,0.3753,1.9426,96.5179,101.64,48.6949,168.64,26.2485,adv,adv,-37.8,-72.52,-47.16,-147.78,60.24
upside_buy,2026-08-13T19:05:00,0,63390.0,30.997,7.0,19.0,0.0027,0.001,0.4891,6.3749,24.22,0.5839,4.0038,88.6257,20.05,1.3978,100.01,53.2896,adv,adv,-14.39,-74.48,-59.13,-42.58,-23.69
upside_buy,2026-08-13T22:00:00,0,63479.27,30.421,7.0,22.0,0.0013,-0.0005,-0.3492,0.7031,23.375,0.5583,2.7252,46.2493,103.27,17.6077,98.38,59.2244,adv,fav,-33.96,26.06,27.03,57.29,-90.12
upside_buy,2026-08-13T23:55:00,0,63449.11,30.667,7.0,0.0,0.0013,-0.0008,0.4405,0.0,22.935,0.6982,2.9702,41.2364,49.31,23.9921,115.6,29.769,adv,adv,-31.41,-15.49,-15.82,-83.26,6.08
upside_buy,2026-08-14T01:20:00,0,63492.63,30.862,7.0,1.0,0.0011,0.0008,-0.3664,0.0,23.245,0.6383,2.1914,71.0136,63.68,43.3976,94.25,6.201,adv,adv,-30.23,-72.55,-23.85,-23.85,-81.02
upside_buy,2026-08-14T03:15:00,0,63501.9,30.023,7.0,3.0,0.0012,0.001,-0.4922,0.0,22.88,0.2043,2.5467,57.8114,4.23,1.954,305.64,40.0778,adv,adv,-24.42,-43.56,-171.06,-231.73,-154.74
upside_buy,2026-08-14T07:40:00,0,62953.31,30.108,7.0,7.0,0.001,0.0017,0.1049,0.0,23.31,2.5947,1.0848,75.0657,5.53,1.6188,336.1,48.2788,adv,adv,0.31,-14.19,-84.99,-88.55,-214.03
upside_buy,2026-08-14T12:20:00,0,62808.22,30.806,7.0,12.0,0.0011,-0.0008,0.2669,0.0372,24.98,0.9754,1.9002,61.8793,36.6,6.5357,296.81,43.7523,adv,adv,-4.51,-7.09,-72.83,-102.89,-168.03
upside_buy,2026-08-14T13:20:00,0,62652.22,30.26,7.0,13.0,0.0013,0.0019,-0.3008,0.0,25.14,2.2251,1.558,88.1307,94.86,5.0111,163.5,56.0827,fav,fav,20.77,86.61,-68.4,-117.6,-111.6
upside_buy,2026-08-14T14:30:00,0,62675.92,30.583,7.0,14.0,0.001,,0.0211,0.0014,25.08,0.1764,1.6489,111.4057,181.65,59.8633,229.88,21.8812,adv,adv,3.24,9.75,-19.04,-102.52,164.04
upside_buy,2026-08-14T15:35:00,0,62905.01,30.466,7.0,15.0,0.0018,-0.0031,-0.4798,7.0379,25.045,0.5512,5.0162,90.8,248.49,56.5353,37.76,10.6796,fav,fav,-3.1,10.81,65.8,46.94,223.83
upside_buy,2026-08-14T17:10:00,0,63109.16,30.086,7.0,17.0,0.001,-0.0014,0.4276,0.0136,24.27,0.7273,2.3207,65.7771,76.15,8.5458,225.63,46.1693,fav,fav,-15.44,24.85,9.9,-75.28,-178.57
upside_buy,2026-08-14T19:25:00,0,62831.68,30.957,7.0,19.0,0.0009,0.0004,-0.3014,0.0,23.885,2.3994,1.4622,62.1443,122.84,39.9588,23.38,1.3993,fav,fav,-15.41,13.7,74.0,58.02,42.18
upside_buy,2026-08-15T07:10:00,0,63064.62,30.012,7.0,7.0,0.0009,-0.002,-0.0941,1.0,20.575,0.2612,2.9953,35.4121,-6.0,0.0711,97.27,40.3585,adv,adv,-22.5,-38.59,-67.19,-58.95,-78.5
upside_buy,2026-08-15T12:55:00,0,62970.65,30.843,7.0,13.0,0.0014,0.0005,-0.2252,0.0,15.67,0.7065,3.5674,25.5757,44.57,6.1792,26.22,2.7819,adv,adv,-16.73,22.45,28.15,-16.31,-6.07
upside_buy,2026-08-16T01:40:00,0,63005.59,30.611,7.0,1.0,0.001,-0.0007,0.8552,0.0,9.24,0.8152,2.3715,26.6329,79.94,59.2514,56.5,28.6238,adv,adv,-8.79,-10.36,-3.55,-50.79,46.53
upside_buy,2026-08-16T16:10:00,0,63132.36,30.276,7.0,16.0,0.0009,0.0008,-0.4607,0.0,8.1,0.7473,4.141,24.0064,196.35,14.7887,13.22,36.502,fav,fav,61.09,84.52,155.74,87.44,17.64
upside_buy,2026-08-16T22:55:00,0,62861.49,31.02,7.0,23.0,0.0014,0.0015,-0.4576,0.0,8.62,0.5158,2.9996,73.3043,61.97,1.9232,109.28,27.6544,fav,adv,6.75,-18.2,-44.46,-89.35,-39.55
upside_buy,2026-08-17T00:25:00,0,62775.19,30.695,7.0,0.0,0.0013,-0.001,0.3576,0.0139,9.11,1.5998,1.3722,61.1579,366.16,59.9454,99.53,6.3228,adv,adv,-71.76,-71.31,66.51,79.91,357.89
upside_buy,2026-08-17T01:30:00,0,63146.57,30.936,7.0,1.0,0.0012,0.0003,0.2047,11.6899,9.35,0.3182,4.4423,105.2186,157.3,57.8257,181.79,32.6592,adv,adv,-28.5,-37.07,-17.76,-167.19,56.85
upside_buy,2026-08-17T02:30:00,0,63215.42,30.977,7.0,2.0,0.0017,-0.0005,-0.0348,1.5853,9.8,1.0845,2.915,84.7836,216.04,18.3007,45.95,1.9166,adv,fav,-4.5,-29.39,13.44,91.98,64.06
upside_buy,2026-08-17T03:50:00,0,63437.12,30.802,7.0,3.0,0.0017,-0.0009,0.2211,0.0,10.75,0.0044,2.4771,65.9693,89.1,56.535,80.01,3.4441,adv,adv,-3.56,-67.14,-14.86,-14.75,33.35
upside_buy,2026-08-17T06:05:00,0,63559.33,30.858,7.0,6.0,0.0011,0.0018,0.1806,0.1546,12.41,0.0286,3.4055,53.22,97.68,38.011,67.36,14.0271,adv,adv,-40.55,-46.36,-65.11,-31.21,-26.27
upside_buy,2026-08-17T10:25:00,0,63392.6,30.527,7.0,10.0,0.0019,0.0004,-0.5474,0.0,14.7,0.2242,4.0752,43.095,254.36,32.714,22.29,3.0142,fav,fav,-2.73,12.06,169.1,194.67,197.26
upside_buy,2026-08-17T13:45:00,0,63659.71,30.163,7.0,13.0,0.001,-0.0008,0.1308,0.005,17.505,0.8139,3.421,87.3486,31.66,59.6055,152.43,16.5757,adv,adv,-60.51,-109.21,-120.65,-66.28,14.13
upside_buy,2026-08-17T14:45:00,0,63685.84,30.546,7.0,14.0,0.0022,-0.0001,-0.0914,0.4948,18.905,0.09,1.7445,100.3471,428.06,58.931,20.93,0.3589,fav,fav,5.59,36.46,165.5,73.55,421.74
upside_buy,2026-08-17T15:45:00,0,64119.58,30.623,7.0,15.0,0.0014,0.001,-0.0767,5.2202,20.16,-0.0194,4.0456,112.5421,54.89,3.3776,129.4,30.5772,adv,adv,-1.43,-12.81,-31.45,-86.71,-63.11
upside_buy,2026-08-17T17:15:00,0,64242.5,30.468,7.0,17.0,0.0042,-0.0009,0.1439,3.4828,21.01,0.1515,3.7584,86.065,181.79,57.5607,231.68,15.6127,fav,fav,64.91,-63.71,-186.08,-11.09,93.75
upside_buy,2026-08-17T18:20:00,0,64509.0,30.807,7.0,18.0,0.0022,0.0006,-0.3678,22.6665,22.01,0.5673,3.803,130.0771,9.91,1.6088,251.06,38.3582,adv,adv,-40.33,-85.58,-119.94,-117.51,-201.48
upside_buy,2026-08-17T20:20:00,0,64325.44,30.48,7.0,20.0,0.001,0.0006,0.4546,0.0,23.455,0.8435,2.1996,53.1107,69.75,3.6368,55.27,26.777,adv,fav,-22.91,24.2,-9.69,16.81,-45.13
upside_buy,2026-08-17T23:25:00,0,64408.38,30.365,7.0,23.0,0.0011,0.001,-0.4781,0.0,22.545,0.8312,4.7988,39.6186,114.89,28.2261,50.39,40.1832,fav,fav,29.52,39.5,8.55,80.98,-13.88
upside_buy,2026-08-18T03:35:00,0,64079.54,30.059,7.0,3.0,0.0009,0.0006,0.0456,0.0,21.63,1.1536,1.8372,60.4007,106.77,56.2615,65.43,23.0345,fav,adv,-10.06,7.89,24.58,-27.37,65.96
upside_buy,2026-08-18T05:05:00,0,64205.37,30.917,7.0,5.0,0.001,-0.0001,0.2386,0.0,21.425,0.1899,3.247,48.035,-6.38,0.5827,130.17,28.1706,adv,adv,-32.09,-29.83,-53.36,-102.88,-78.48
upside_buy,2026-08-18T08:15:00,0,64181.65,30.503,7.0,8.0,0.0013,0.0006,0.2697,0.3914,21.93,2.025,3.036,52.5336,92.07,18.7325,66.25,59.8826,adv,fav,-13.36,-26.29,14.47,6.45,-66.25
upside_buy,2026-08-18T11:00:00,0,64206.4,30.048,7.0,11.0,0.0014,0.0003,-0.3986,0.0,21.535,1.4161,3.3906,43.3021,127.54,40.9959,14.43,0.6451,fav,fav,-8.95,22.46,53.09,95.53,77.64
upside_buy,2026-08-18T13:55:00,0,64170.99,30.792,7.0,14.0,0.0014,-0.0014,0.1607,0.0,21.14,0.7069,2.4679,85.1871,842.73,30.5569,7.61,0.0507,fav,fav,1.45,113.59,27.86,768.73,525.29
upside_buy,2026-08-18T15:00:00,0,64716.56,30.039,7.0,15.0,0.0012,0.0015,0.0742,0.2231,21.215,1.9468,3.4521,154.4357,134.5,43.0041,123.23,5.3629,adv,neither,32.16,-103.82,2.0,64.3,92.52
upside_buy,2026-08-19T01:05:00,0,64501.12,30.565,7.0,1.0,0.0015,,0.6355,0.0,18.815,1.9161,1.5918,68.92,-4.31,0.1483,196.61,57.3149,adv,adv,-39.4,-41.29,-82.51,-86.63,-197.58
upside_buy,2026-08-19T06:15:00,0,64214.98,30.972,7.0,6.0,0.0011,-0.0002,0.046,0.0,18.4,2.1866,2.4316,46.295,101.73,54.2771,18.64,27.2053,fav,fav,-2.09,3.08,-5.78,47.02,44.76
upside_buy,2026-08-19T08:30:00,0,64320.34,31.106,7.0,8.0,0.0015,,0.0832,0.0,18.12,0.5989,3.0251,43.215,126.34,3.69,11.93,0.9303,fav,fav,-7.87,66.46,81.7,72.35,16.85
upside_buy,2026-08-19T12:35:00,0,64660.92,30.01,7.0,12.0,0.0009,,-0.2535,2.0649,18.275,0.984,4.3218,59.7486,505.7,51.6561,7.0,0.0,fav,fav,36.86,196.81,122.43,188.12,130.33
upside_buy,2026-08-19T13:40:00,0,64972.39,30.999,7.0,13.0,0.0034,,0.3577,0.2836,18.525,1.2637,1.5313,156.4729,513.17,53.0672,46.92,7.5204,fav,fav,74.31,89.63,20.38,359.62,448.01
upside_buy,2026-08-19T14:45:00,0,65540.86,30.578,7.0,14.0,0.001,0.0085,0.2666,5.0184,18.525,0.0068,3.9796,153.7557,4844.06,37.4938,40.98,0.1185,fav,fav,-22.8,244.59,670.21,1164.64,2901.49
upside_buy,2026-08-19T15:55:00,0,68605.16,30.216,7.0,16.0,0.0042,,0.0697,0.3321,18.735,2.9249,4.5261,609.6786,380.24,5.0376,222.08,57.9049,fav,neither,-60.61,185.38,-62.03,194.7,-148.75
upside_buy,2026-08-19T17:35:00,0,68006.82,30.566,7.0,17.0,0.0012,0.0011,-0.1078,0.005,19.38,3.6778,1.1496,184.2314,298.13,40.6523,38.71,1.2575,fav,fav,-36.93,9.76,169.1,39.29,283.63
upside_buy,2026-08-19T19:15:00,0,68301.24,30.133,7.0,19.0,0.0029,-0.0009,0.261,0.8003,21.05,1.09,1.6047,135.4171,394.68,52.8821,199.52,10.2787,adv,adv,39.02,3.28,-109.67,66.26,257.53
upside_buy,2026-08-19T20:20:00,0,68796.35,30.495,7.0,20.0,0.0027,-0.0002,0.3369,12.1593,22.69,0.0206,4.5314,152.5214,1112.09,41.9849,204.13,20.9454,adv,adv,-86.19,-85.8,-83.51,236.01,771.81
upside_buy,2026-08-19T21:30:00,0,69775.19,30.194,7.0,21.0,0.0022,,0.0188,0.6052,25.055,0.4285,3.6961,319.1086,280.5,12.0433,830.82,58.4748,adv,adv,-77.11,-314.12,7.88,-321.75,-764.77
upside_buy,2026-08-19T22:35:00,0,69386.01,30.234,7.0,22.0,0.0046,-0.0025,0.3464,0.0,27.075,2.5874,1.684,260.1786,58.18,0.3951,320.83,8.0496,adv,adv,-63.28,-120.76,-212.64,-114.71,-109.36
upside_buy,2026-08-19T23:55:00,0,69345.82,30.432,7.0,0.0,0.0016,0.003,0.481,0.0,29.79,0.614,1.6652,135.0514,414.41,21.5081,27.62,0.3483,fav,fav,16.1,143.21,184.72,216.2,75.63
upside_buy,2026-08-20T01:30:00,0,69535.98,30.133,7.0,1.0,0.0037,0.0009,0.0668,0.0,35.225,0.8942,1.8165,167.7121,316.98,15.2098,199.19,59.8661,fav,fav,-39.9,10.23,294.83,175.2,-180.26
upside_buy,2026-08-20T03:15:00,0,69138.94,30.897,7.0,3.0,0.002,0.0003,0.1979,0.0,40.455,3.6659,2.406,122.31,195.3,50.2144,260.45,6.5248,adv,adv,-56.73,-179.52,-111.86,26.0,136.29
upside_buy,2026-08-20T04:50:00,0,69452.32,30.304,7.0,4.0,0.0019,0.0003,0.0528,2.6722,44.08,1.243,3.3206,107.2793,174.04,30.774,131.94,56.8856,fav,fav,0.25,-9.54,19.02,140.9,-132.92
upside_buy,2026-08-20T06:15:00,0,69475.1,30.472,7.0,6.0,0.0016,-0.0001,0.3333,0.0,44.885,1.5547,1.8337,99.5457,502.85,50.2531,30.7,0.0623,fav,fav,46.69,128.67,210.54,338.67,141.61
upside_buy,2026-08-20T07:50:00,0,69750.42,30.071,7.0,7.0,0.0019,0.0023,-0.3068,0.0,47.935,1.7042,2.1839,135.5629,2015.47,58.7171,70.44,2.3561,adv,fav,-64.04,-2.52,913.16,1405.85,1974.07
upside_buy,2026-08-20T08:50:00,0,71736.49,30.55,7.0,8.0,0.0022,0.0014,-0.0862,5.0932,51.535,0.0919,5.7352,357.9679,271.86,26.1642,316.19,5.5345,adv,neither,-102.32,-232.76,150.42,158.14,-98.34
upside_buy,2026-08-20T10:10:00,0,72318.01,30.007,7.0,10.0,0.004,0.0006,-0.0876,0.0795,56.715,0.0557,2.8761,242.9193,121.41,4.6639,625.47,27.5258,adv,adv,-96.65,0.12,-398.4,-527.08,-406.15
upside_buy,2026-08-20T11:30:00,0,72275.38,30.51,7.0,11.0,0.0049,0.0,0.1146,4.7041,59.94,-0.0028,3.2085,180.5629,-2.11,4.7174,840.49,33.7627,adv,adv,-104.77,-72.4,-182.69,-514.56,-629.45
upside_buy,2026-08-20T12:50:00,0,71830.98,30.598,7.0,12.0,0.0039,0.0028,-0.0518,0.0,63.315,0.627,1.9248,213.9536,216.14,13.5005,768.71,41.6526,fav,fav,22.1,24.29,118.01,27.15,-115.36
upside_buy,2026-08-20T13:50:00,0,71718.08,30.46,7.0,13.0,0.0014,0.0031,0.0673,1.5206,64.2,1.3333,2.6154,249.4121,218.71,17.6766,421.37,34.1143,adv,adv,-28.72,-103.41,71.22,-119.93,-10.68
upside_buy,2026-08-20T14:50:00,0,71723.34,30.129,7.0,14.0,0.0026,0.0026,-0.1146,0.0,65.73,0.9241,1.8023,234.7664,1080.41,36.8135,117.99,1.127,adv,fav,-80.58,41.32,444.08,361.52,701.2
upside_buy,2026-08-20T15:50:00,0,72437.1,30.035,7.0,15.0,0.0019,0.0005,0.0527,1.363,65.635,1.1601,2.5958,319.0707,269.31,50.8374,279.98,22.0269,adv,neither,31.85,-112.98,-39.47,-146.33,162.18
upside_buy,2026-08-20T16:55:00,0,72738.11,30.035,7.0,17.0,0.0025,0.0031,0.0529,8.2983,65.5,0.8109,2.9852,193.4493,219.43,52.2943,230.54,10.4218,fav,adv,17.62,-5.88,-97.14,59.73,44.35
upside_buy,2026-08-20T19:20:00,0,72620.76,30.084,7.0,19.0,0.0014,0.0002,-0.153,0.0,66.555,0.7089,2.2626,144.7379,172.88,59.1441,98.69,2.5853,adv,fav,-34.05,-30.33,80.17,20.95,163.04
upside_buy,2026-08-20T21:30:00,0,72785.06,30.404,7.0,21.0,0.002,0.0007,0.2566,0.0,64.755,2.2184,1.8639,132.8036,33.37,0.9956,310.54,28.5008,adv,adv,27.68,-3.5,-74.88,-215.71,-28.3
upside_buy,2026-08-20T22:50:00,0,72791.23,30.329,7.0,22.0,0.0017,0.0014,-0.1556,0.0,62.645,0.6774,2.745,114.1029,616.34,30.8916,156.81,5.7165,adv,adv,-36.03,-132.53,65.27,359.0,258.05
upside_buy,2026-08-21T00:05:00,0,73314.24,30.552,7.0,0.0,0.0025,0.0033,-0.3819,0.0,62.805,0.591,3.1277,163.8514,663.84,21.6862,64.99,3.5494,fav,fav,-23.58,90.2,481.27,262.25,615.41
upside_buy,2026-08-21T01:15:00,0,74599.95,30.24,7.0,1.0,0.009,0.0002,-0.1138,129.6077,63.665,0.9236,3.6407,301.0193,1164.66,27.775,363.01,2.4626,adv,adv,-230.72,-12.14,101.81,817.21,55.06
upside_buy,2026-08-21T03:20:00,0,74507.64,30.34,7.0,3.0,0.0017,0.004,-0.1123,0.0,67.885,2.6802,1.4165,211.6607,414.34,57.9691,114.7,12.757,fav,fav,-4.63,83.03,-1.65,156.2,262.1
upside_buy,2026-08-21T04:30:00,0,74935.27,30.267,7.0,4.0,0.002,0.0004,0.1532,0.4341,69.175,0.1768,2.9545,182.3736,543.05,42.9018,125.15,6.7066,adv,fav,7.33,-87.1,42.15,68.34,205.28
upside_buy,2026-08-21T06:30:00,0,75536.63,30.447,7.0,6.0,0.004,0.0002,-0.3325,4.6018,72.66,0.4947,2.3817,198.35,1342.18,41.1356,296.25,9.7423,fav,adv,-23.77,133.69,-27.47,152.5,836.41
upside_buy,2026-08-21T07:35:00,0,76461.69,30.169,7.0,7.0,0.002,0.0026,-0.0431,0.7029,75.085,1.331,3.8536,316.0164,1200.2,57.8088,288.21,19.039,fav,fav,30.47,135.36,-118.87,192.62,1030.11
upside_buy,2026-08-21T08:45:00,0,78193.18,30.387,7.0,8.0,0.0037,0.0025,-0.0805,19.4675,76.815,0.0936,5.4135,372.44,1323.06,8.7238,966.11,16.7255,fav,fav,110.06,424.89,-344.0,-640.27,-56.3
upside_buy,2026-08-21T10:10:00,0,78043.8,30.134,7.0,10.0,0.0032,0.002,-0.0491,0.9875,79.11,0.8015,1.5358,395.7121,191.7,1.3478,747.02,57.9703,adv,adv,119.22,65.58,-143.38,-175.73,-571.24
upside_buy,2026-08-21T11:20:00,0,77398.42,30.314,7.0,11.0,0.0028,-0.0035,0.0642,1.0904,80.56,2.3516,0.7995,259.6307,103.41,0.9853,1007.63,9.2307,adv,adv,93.62,-92.9,-415.2,-468.28,-722.94
upside_buy,2026-08-21T12:35:00,0,77215.52,30.004,7.0,12.0,0.0069,0.0033,-0.0931,8.5767,82.375,0.1094,1.9252,372.0764,248.44,4.7731,1016.63,55.5031,fav,adv,92.38,188.32,-16.63,-64.57,-222.15
upside_buy,2026-08-21T13:35:00,0,77005.37,30.164,7.0,13.0,0.0051,-0.011,0.1246,41.7775,83.83,1.4244,2.4752,324.4071,699.45,10.6496,492.25,38.8586,fav,fav,95.03,335.59,343.74,7.62,-131.94
upside_buy,2026-08-21T14:40:00,0,77170.28,30.214,7.0,14.0,0.0036,0.0011,0.1331,0.0,86.035,1.2835,1.5593,419.195,691.93,29.8446,39.57,0.291,fav,fav,48.74,201.73,125.99,663.47,338.73
upside_buy,2026-08-21T16:15:00,0,77044.17,30.505,7.0,16.0,0.0038,0.0018,0.109,1.8658,86.115,3.0984,1.2202,248.8357,650.98,48.3428,16.24,2.1738,fav,fav,72.33,53.96,244.78,454.09,200.25
upside_buy,2026-08-21T17:25:00,0,77518.16,30.715,7.0,17.0,0.0044,0.0027,0.1674,0.0,86.005,0.9329,1.9028,193.4736,111.82,2.3629,294.04,47.8535,fav,adv,7.32,29.93,-218.64,-154.26,-186.83
upside_buy,2026-08-21T18:55:00,0,77133.29,30.144,7.0,19.0,0.0038,0.0028,0.2163,0.574,86.7,2.0094,2.8039,197.8979,207.56,29.6779,317.22,6.316,adv,adv,-111.17,-232.69,-75.23,160.25,-295.33
upside_buy,2026-08-21T21:10:00,0,77570.64,30.554,7.0,21.0,0.0033,,-0.2157,14.0452,89.885,1.3518,1.8548,170.1114,1186.55,51.738,14.91,4.9261,fav,fav,54.05,9.63,651.11,753.57,1073.24
upside_buy,2026-08-21T22:50:00,0,78539.22,30.576,7.0,22.0,0.0031,-0.0003,0.3433,0.0599,95.475,0.713,1.5326,310.6014,181.56,26.7811,432.84,55.6762,adv,adv,-14.7,-163.16,-31.16,103.48,-274.02
upside_buy,2026-08-22T02:25:00,0,78402.59,30.667,7.0,2.0,0.0023,0.0027,-0.0624,2.3082,92.25,0.4853,3.7755,166.4079,387.99,58.9947,260.22,4.8917,fav,adv,45.04,-194.92,3.99,27.54,334.23
upside_buy,2026-08-22T04:20:00,0,78509.11,30.888,7.0,4.0,0.0029,-0.0017,0.0982,0.0073,92.27,1.8477,1.8042,180.1121,301.52,17.3138,1992.65,46.0348,fav,fav,24.14,30.88,153.96,-29.79,-1420.7
upside_buy,2026-08-22T05:25:00,0,77212.46,30.67,7.0,5.0,0.0031,,0.3886,0.093,92.905,4.2706,1.8465,375.0429,347.94,5.6837,323.55,1.1362,adv,neither,-234.26,136.94,-110.5,166.53,10.77
upside_buy,2026-08-22T06:35:00,0,77525.69,30.687,7.0,6.0,0.0053,0.0029,0.2455,0.1195,94.145,0.1079,2.0503,274.8086,143.55,24.6134,330.62,38.0234,adv,adv,-0.65,-69.01,-133.21,-123.5,-194.24
upside_buy,2026-08-23T04:10:00,0,77009.98,30.428,7.0,4.0,0.0024,0.0029,0.2506,0.0,45.515,1.1504,3.161,109.9107,14.64,0.1604,1227.47,59.3925,adv,adv,-41.64,-232.58,-69.66,-211.15,-980.09
upside_buy,2026-08-23T05:20:00,0,76316.54,30.949,7.0,5.0,0.0029,0.0048,0.1285,5.8092,44.73,2.693,2.9759,251.8943,15.17,4.7952,468.53,43.1409,adv,adv,-119.19,-27.91,-155.63,-209.89,-108.69
upside_buy,2026-08-23T08:05:00,0,76254.22,30.006,7.0,8.0,0.0023,0.0015,-0.1739,0.0059,43.35,0.7482,3.3312,114.3129,401.21,30.7403,98.9,1.003,adv,fav,-95.6,-52.66,-62.3,148.91,321.34
upside_buy,2026-08-23T11:20:00,0,77264.52,30.738,7.0,11.0,0.004,0.0011,-0.1031,25.4064,40.37,0.3,3.9918,137.3529,128.95,28.8346,278.31,46.3742,adv,adv,-66.83,-148.17,62.59,40.24,-197.83
upside_buy,2026-08-23T13:15:00,0,77595.72,30.041,7.0,13.0,0.0042,-0.0,-0.2438,17.0622,39.88,1.5821,5.5811,107.505,43.02,4.4179,288.28,47.2194,adv,adv,-190.51,-69.4,-219.19,-147.31,-113.14
upside_buy,2026-08-23T15:20:00,0,77193.55,30.063,7.0,15.0,0.0025,0.0007,0.2134,0.0,40.825,1.5513,2.1332,195.0771,119.86,51.1937,88.26,8.4935,fav,neither,4.64,9.62,50.03,-36.51,68.39
upside_buy,2026-08-23T21:00:00,0,77647.7,30.443,7.0,21.0,0.0036,0.0007,0.4837,5.723,40.905,0.5646,5.9158,78.4979,405.17,23.9732,121.45,37.979,adv,fav,-36.89,-40.04,329.87,197.3,36.05
upside_buy,2026-08-24T00:55:00,0,77670.28,30.152,7.0,1.0,0.0024,0.0017,-0.1909,0.0871,45.74,0.4295,2.9194,181.3143,53.27,4.0027,769.72,59.468,adv,adv,-91.49,-120.23,-263.41,-434.18,-742.23
upside_buy,2026-08-24T02:10:00,0,77395.13,30.236,7.0,2.0,0.0031,0.0024,0.1493,1.6557,47.555,0.4058,2.8403,184.8007,153.57,21.0374,203.16,59.5564,fav,adv,27.56,54.53,27.99,13.55,-190.66
upside_buy,2026-08-24T05:10:00,0,77119.7,30.176,7.0,5.0,0.0024,0.0011,-0.3131,0.1901,49.93,0.8961,3.2272,146.0993,348.86,59.8578,277.92,21.3684,adv,adv,8.28,-99.6,-117.01,0.08,340.22
upside_buy,2026-08-24T06:10:00,0,77471.92,30.672,7.0,6.0,0.0025,0.0017,-0.2123,1.4017,48.865,0.0008,3.6258,172.8286,318.56,57.2223,255.34,24.7858,adv,adv,-100.22,-126.23,-112.09,-109.53,229.57
upside_buy,2026-08-24T07:10:00,0,77707.16,30.001,7.0,7.0,0.0025,,-0.2172,2.1989,48.495,0.6547,3.673,132.6093,-0.21,0.037,524.5,46.9073,adv,adv,-54.97,-127.66,-207.49,-364.18,-506.31
upside_buy,2026-08-24T11:30:00,0,78278.58,30.771,7.0,11.0,0.0039,0.0003,-0.0723,7.0716,51.185,0.1462,5.0265,170.9314,448.69,56.9975,331.03,40.8375,fav,fav,23.12,199.76,-102.02,-110.32,312.52
upside_buy,2026-08-24T12:45:00,0,78949.68,30.302,7.0,12.0,0.0031,0.0023,-0.155,11.2991,54.225,0.1287,3.823,261.2179,477.74,20.8463,1128.33,55.5627,fav,fav,243.6,223.05,146.05,45.51,-771.33
upside_buy,2026-08-24T13:55:00,0,78658.33,30.343,7.0,14.0,0.0028,0.0036,0.1034,1.427,55.965,2.318,2.5007,333.3007,1167.52,41.607,104.97,3.7625,fav,fav,166.56,49.37,570.2,677.31,820.5
upside_buy,2026-08-24T14:55:00,0,79485.35,30.223,7.0,15.0,0.0026,0.0003,0.0556,0.0,57.32,0.9403,2.5379,365.8429,509.94,31.6638,694.9,57.3992,fav,fav,-126.19,-62.46,88.52,316.32,-297.93
upside_buy,2026-08-24T17:05:00,0,79113.88,30.904,7.0,17.0,0.0041,-0.0063,0.4068,0.0377,61.45,2.824,1.9964,265.5236,74.97,2.1069,666.57,14.8572,adv,adv,39.79,-162.76,-589.01,-324.0,-252.3
upside_buy,2026-08-24T20:05:00,0,78771.22,30.596,7.0,20.0,0.0027,,-0.1809,0.0,68.18,1.7927,1.1837,194.1864,233.72,53.3638,177.73,5.2414,adv,fav,-64.03,-156.68,-78.58,170.22,204.26
upside_buy,2026-08-25T00:40:00,0,79434.71,30.094,7.0,0.0,0.005,0.0008,-0.0711,6.0586,64.82,-0.0596,4.5261,160.9729,540.35,18.4195,22.26,0.0785,fav,fav,188.8,137.65,279.67,151.07,293.89
upside_buy,2026-08-25T01:55:00,0,79828.05,30.483,7.0,2.0,0.0027,0.0019,-0.0958,0.0,65.81,0.6332,1.5529,237.7043,1439.44,42.0352,108.93,1.7514,fav,fav,-79.6,-9.82,22.48,1125.24,850.39
upside_buy,2026-08-25T12:10:00,0,79069.6,30.344,7.0,12.0,0.0032,0.0061,0.229,0.0,72.865,2.2445,2.265,182.1307,14.24,52.0159,457.3,10.8571,adv,adv,-61.51,-177.01,-257.84,-158.14,-272.42
upside_buy,2026-08-25T13:30:00,0,79062.27,30.005,7.0,13.0,0.005,0.0028,-0.0386,0.0,72.035,0.3374,2.3218,219.19,311.29,58.2406,965.61,17.7641,fav,adv,124.33,-99.76,-607.01,-238.21,142.87
upside_buy,2026-08-25T17:30:00,0,79009.31,30.733,7.0,17.0,0.003,,0.2656,0.0,66.405,2.1595,1.6272,164.47,367.25,38.178,22.3,0.3842,fav,fav,10.15,49.21,129.25,206.19,169.05
upside_buy,2026-08-25T21:10:00,0,78219.25,30.089,7.0,21.0,0.0039,0.0003,-0.2931,0.0585,64.995,3.4608,1.7831,215.49,722.44,59.5475,30.37,0.1611,fav,fav,81.62,65.78,231.49,366.71,697.63
upside_buy,2026-08-26T02:25:00,0,79137.89,30.085,7.0,2.0,0.003,0.0008,-0.2098,5.8492,64.395,0.7898,3.6018,120.2807,96.1,3.2575,166.27,49.0699,fav,adv,30.12,39.91,11.63,-59.16,-122.36
upside_buy,2026-08-26T05:20:00,0,79034.59,31.207,7.0,5.0,0.0034,-0.0,0.3437,0.0,59.47,0.5711,2.863,142.8536,166.83,41.2508,229.43,59.7135,adv,fav,-72.23,-22.78,10.87,-75.07,-194.05
upside_buy,2026-08-26T13:30:00,0,78286.57,30.047,7.0,13.0,0.0036,0.0031,0.01,0.0416,56.24,0.8298,1.6564,238.7957,311.98,36.0847,181.36,17.7605,fav,fav,-20.57,131.99,56.94,202.3,-163.63
upside_buy,2026-08-26T15:05:00,0,77930.44,30.218,7.0,15.0,0.0034,-0.001,0.3988,0.0,56.04,3.3167,1.5409,202.4943,233.64,58.0976,222.49,5.3839,adv,adv,-21.28,-109.07,30.39,122.06,162.66
upside_buy,2026-08-26T16:45:00,0,78070.82,30.091,7.0,16.0,0.0028,-0.0013,0.1954,0.0189,55.01,0.7202,1.5454,146.0329,543.57,50.7341,117.32,6.986,adv,fav,25.47,-43.74,-21.64,190.3,348.85
upside_buy,2026-08-27T01:45:00,0,78962.57,30.596,7.0,1.0,0.0031,0.0018,0.0899,0.0,51.0,0.1466,2.8173,145.7507,55.24,1.0806,268.53,50.423,adv,adv,27.48,-6.7,-61.04,-149.36,-240.32
upside_buy,2026-08-27T08:00:00,0,79365.37,30.995,7.0,8.0,0.0044,,-0.1492,36.2307,47.47,1.3665,6.2583,101.9157,654.25,40.3766,99.59,0.4262,adv,fav,-66.56,419.88,92.03,405.61,362.7
upside_buy,2026-08-27T09:25:00,0,80354.4,30.483,7.0,9.0,0.0051,-0.0024,-0.1921,55.6711,48.61,0.9909,3.8277,178.72,54.53,1.5103,1019.7,56.3102,adv,adv,22.18,-156.76,-117.39,-429.16,-771.81
upside_buy,2026-08-27T13:50:00,0,79385.01,30.044,7.0,13.0,0.0034,-0.0021,0.3446,0.0,48.19,0.6679,2.9817,162.3514,1014.73,49.2218,44.65,1.6479,fav,fav,27.2,130.3,35.87,396.07,712.23
upside_buy,2026-08-28T01:15:00,0,81094.43,30.011,7.0,1.0,0.0028,0.0028,-0.4584,22.8155,49.57,-0.0376,4.2748,172.4271,413.03,12.8209,1048.42,57.9319,adv,fav,-29.44,-14.84,60.97,-325.28,-956.89
upside_buy,2026-08-28T04:10:00,0,79925.76,30.297,7.0,4.0,0.0027,-0.0088,-0.0572,0.0209,53.955,1.0411,2.3812,135.8893,54.24,3.8722,367.71,54.309,adv,adv,26.76,-32.72,-91.68,-228.58,-279.16
upside_buy,2026-08-28T13:50:00,0,79401.48,30.828,7.0,13.0,0.0027,0.0015,-0.2008,0.0053,48.49,0.58,2.4909,155.62,327.34,4.883,971.86,17.8095,fav,fav,29.79,144.54,-518.06,-588.18,77.84
upside_buy,2026-08-28T16:35:00,0,77876.8,30.079,7.0,16.0,0.0025,-0.0016,-0.216,0.6497,49.26,3.6155,2.8254,358.6764,249.35,39.3257,236.49,24.8211,adv,neither,-28.65,-57.54,-81.53,-83.0,-131.61
upside_buy,2026-08-28T17:45:00,0,77940.45,30.383,7.0,17.0,0.0024,0.0012,-0.2164,0.0,49.71,0.9805,1.5373,192.9586,52.57,0.4152,693.1,58.4362,adv,adv,10.26,-68.48,-52.81,-299.24,-651.03
upside_buy,2026-08-28T18:50:00,0,77445.04,30.317,7.0,18.0,0.0025,0.0018,0.4619,0.0,50.235,3.2253,1.2581,154.3579,371.25,25.6718,101.97,53.5588,fav,fav,13.57,120.71,216.25,287.53,-20.18
upside_buy,2026-08-29T14:40:00,0,77942.31,30.156,7.0,14.0,0.0022,-0.0033,-0.392,3.0208,28.04,1.2452,4.7005,63.9743,216.74,1.8911,136.39,46.3764,fav,fav,24.18,28.48,27.88,-22.16,-88.56
upside_buy,2026-08-30T12:05:00,0,78615.16,30.46,7.0,12.0,0.0041,-0.0068,-0.5515,4.4079,20.37,-0.0321,6.82,75.6086,240.63,22.631,140.82,10.7232,fav,fav,42.52,-25.5,-101.99,-40.77,59.38
upside_buy,2026-08-30T16:10:00,0,79218.16,30.246,7.0,16.0,0.0037,-0.0014,0.2218,15.4845,22.29,0.2334,4.2622,141.3386,188.46,42.2957,224.02,7.6175,adv,adv,-78.57,-185.97,-177.02,-47.78,-76.01
upside_buy,2026-08-30T20:45:00,0,78694.58,30.5,7.0,20.0,0.0023,-0.0046,0.5252,0.0,23.61,2.1045,2.5006,111.9871,45.59,2.9927,484.62,11.8711,adv,adv,-1.32,-18.43,-264.57,-96.06,-131.07
upside_buy,2026-08-30T23:50:00,0,77587.61,30.494,7.0,23.0,0.0027,0.0045,0.2008,0.1794,27.935,3.6221,2.375,255.0814,587.22,41.3031,165.39,14.6791,fav,fav,40.75,8.54,-134.75,368.52,391.17
upside_buy,2026-08-31T02:10:00,0,77892.79,30.87,7.0,2.0,0.0026,0.0019,-0.4509,0.025,32.9,0.589,2.2574,172.0407,51.28,2.0592,527.83,40.7435,adv,adv,8.08,-19.15,-46.65,-179.11,-265.55
upside_buy,2026-08-31T03:20:00,0,77725.59,30.28,7.0,3.0,0.0024,0.0004,0.3512,0.0,35.64,1.5064,2.7661,129.1107,139.1,20.4993,249.22,58.5953,adv,fav,-6.3,-48.43,29.07,29.71,-186.15
upside_buy,2026-08-31T05:15:00,0,78038.79,30.41,7.0,5.0,0.0035,0.0006,-0.3824,7.1915,37.545,0.1981,4.7837,124.0393,109.83,5.3951,207.34,46.2372,adv,adv,-34.24,70.63,0.32,-67.97,-7.19
upside_buy,2026-08-31T08:40:00,0,78346.21,30.436,7.0,8.0,0.0021,0.0012,-0.1054,5.6406,42.005,1.0005,3.2015,119.1171,438.97,23.7041,58.02,1.5943,fav,fav,-18.44,-15.25,107.12,233.7,374.5
upside_buy,2026-08-31T12:00:00,0,78522.57,30.215,7.0,12.0,0.0028,,0.0114,0.1004,46.04,1.4218,2.6855,106.9414,-7.0,0.0,857.29,35.8553,adv,adv,-30.58,-141.65,-139.79,-438.88,-488.75
upside_buy,2026-08-31T14:25:00,0,77986.12,30.55,7.0,14.0,0.0032,0.0025,-0.1328,0.0,48.375,1.0886,1.1105,257.7557,687.44,30.0267,45.28,1.9183,fav,fav,106.37,-15.96,531.99,654.99,426.52
upside_buy,2026-08-31T17:35:00,0,78793.26,30.294,7.0,17.0,0.0022,0.0014,0.1133,0.0,50.73,0.6385,2.1828,147.3514,284.68,38.6805,41.95,25.4442,fav,fav,59.76,90.52,122.28,38.5,186.06
upside_buy,2026-08-31T18:40:00,0,79080.44,30.353,7.0,18.0,0.0024,0.0015,-0.2361,8.6433,51.29,0.8851,2.1674,150.2371,171.35,28.7167,169.0,56.7225,adv,fav,-36.35,-57.22,-23.43,23.14,-126.34
upside_buy,2026-09-01T02:30:00,0,78384.24,30.146,7.0,2.0,0.0019,0.0009,-0.407,0.0,46.585,1.5507,1.9439,119.5229,361.68,59.658,94.53,2.5372,adv,fav,-44.52,-67.84,-7.62,60.14,308.22
upside_buy,2026-09-01T03:30:00,0,78704.46,30.159,7.0,3.0,0.003,0.0009,-0.2852,1.9974,46.125,0.4322,3.9536,104.0193,197.14,50.8899,92.28,38.4224,fav,fav,88.24,93.6,-20.35,-37.62,1.82
upside_buy,2026-09-01T05:00:00,0,78896.22,30.824,7.0,5.0,0.0023,-0.0001,0.0367,0.0,46.09,0.5237,2.8702,97.7414,308.51,50.4973,139.77,16.4167,fav,adv,5.73,-48.14,-93.36,127.26,163.62
upside_buy,2026-09-01T09:40:00,0,78003.19,30.011,7.0,9.0,0.0018,0.0015,0.0401,0.0,45.59,0.2573,2.14,117.255,170.82,56.2847,288.17,32.6874,adv,adv,-5.88,-80.99,-130.8,-128.9,99.15
upside_buy,2026-09-01T12:40:00,0,77918.97,30.509,7.0,12.0,0.002,0.0005,-0.2223,0.0054,45.425,1.8252,1.6339,135.5529,130.5,2.8212,530.29,21.3232,fav,adv,-7.37,55.84,39.02,-154.21,-26.31
upside_buy,2026-09-01T13:40:00,0,77904.66,30.768,7.0,13.0,0.0037,-0.0004,0.1357,0.891,45.3,0.6707,2.3176,221.1214,499.69,24.2457,91.88,0.1696,fav,fav,-24.02,209.32,172.46,387.4,436.6
upside_buy,2026-09-01T16:45:00,0,77579.24,30.114,7.0,16.0,0.0019,0.0019,-0.0022,0.0,44.5,3.0096,1.9241,164.4593,121.52,43.9042,269.42,56.2644,adv,adv,-26.88,23.98,-20.18,12.23,-155.08
upside_buy,2026-09-01T18:45:00,0,76833.52,31.659,7.0,18.0,0.0027,,0.0839,34.1608,44.305,2.9373,2.2507,205.7593,623.4,37.1982,21.6,0.0031,fav,fav,45.15,64.96,407.07,376.13,425.91
upside_buy,2026-09-01T20:10:00,0,77429.74,31.377,7.0,20.0,0.002,-0.0004,-0.0662,0.0,44.81,0.2328,2.5239,131.81,63.46,45.7428,410.16,57.3091,adv,adv,-73.42,-80.43,-72.81,-79.5,-370.91
upside_buy,2026-09-01T21:20:00,0,77193.45,30.82,7.0,21.0,0.0026,0.0019,0.0624,0.0,45.425,2.4111,2.5515,125.7707,87.6,38.5204,210.39,9.3756,adv,adv,12.31,-93.3,-87.82,7.58,-62.16
upside_buy,2026-09-01T22:45:00,0,77292.62,30.192,7.0,22.0,0.0021,0.0002,0.3195,0.0,46.07,0.1111,2.8749,106.8771,308.06,58.1677,127.29,14.6723,adv,adv,-31.19,-27.3,-106.31,-45.74,239.36
upside_buy,2026-09-02T01:55:00,0,77001.47,30.833,7.0,2.0,0.0025,0.0026,0.1536,0.0,47.245,2.5042,2.4913,132.6714,298.32,28.3912,110.74,5.0936,adv,fav,-51.57,-92.46,78.87,214.85,258.97
upside_buy,2026-09-02T03:00:00,0,77416.72,30.563,7.0,3.0,0.0019,0.0,-0.2108,2.0131,48.045,0.1794,3.9017,133.9136,341.96,21.0529,54.59,0.5828,fav,fav,-26.51,7.05,109.56,55.84,31.37
upside_buy,2026-09-02T09:00:00,0,76997.2,30.094,7.0,9.0,0.002,0.0029,-0.1951,0.0,46.9,3.8224,2.2623,134.4943,8.52,2.5533,567.94,40.8199,adv,adv,-52.35,-46.44,-132.34,-337.46,-396.04
upside_buy,2026-09-02T10:55:00,0,76653.18,30.459,7.0,11.0,0.0022,0.0049,0.2469,0.0,48.225,0.5259,3.4659,136.38,150.04,59.2802,345.44,26.0742,adv,adv,-70.54,-121.92,-8.17,-189.93,85.09
upside_buy,2026-09-02T13:00:00,0,76796.1,30.688,7.0,13.0,0.0024,0.0039,0.4537,0.0,49.37,1.662,1.813,130.7929,611.3,40.2548,233.11,32.4704,adv,adv,9.43,-55.72,-38.41,-111.01,245.97
upside_buy,2026-09-02T14:10:00,0,77262.99,30.09,7.0,14.0,0.0018,,-0.0111,0.0,48.925,0.6405,3.0162,230.9171,205.95,6.7362,567.63,58.2359,fav,adv,2.01,-13.9,-87.65,-34.42,-495.83
upside_buy,2026-09-02T15:15:00,0,76983.77,30.052,7.0,15.0,0.0039,0.0012,-0.0195,0.0,49.04,2.2951,1.3381,212.9214,536.34,59.821,88.88,1.2434,fav,fav,-48.51,-32.18,245.97,131.75,497.49
upside_buy,2026-09-02T17:40:00,0,77311.99,30.248,7.0,17.0,0.0021,0.0006,0.0829,0.0,49.55,0.1537,3.05,128.0529,185.48,33.3394,58.4,55.827,fav,fav,-8.6,31.52,13.3,94.49,-23.23
upside_buy,2026-09-02T20:00:00,0,77433.36,30.869,7.0,20.0,0.002,0.0011,-0.3649,0.0,47.2,0.2988,3.4039,102.6479,67.2,1.5669,256.87,13.2395,fav,adv,-13.36,-72.94,-197.44,11.2,-133.3
upside_buy,2026-09-02T21:35:00,0,77353.13,30.448,7.0,21.0,0.0019,-0.001,0.4346,0.0,46.87,1.0971,1.5415,91.65,55.15,4.7243,370.1,48.9661,fav,adv,-7.64,21.18,-48.42,-276.62,-245.34
upside_buy,2026-09-03T01:05:00,0,77237.88,30.219,7.0,1.0,0.0018,0.0019,0.0514,0.0,45.615,0.4562,2.745,112.9557,276.62,24.5666,46.71,0.3846,fav,fav,10.53,63.85,100.99,172.29,26.82
upside_buy,2026-09-03T02:10:00,0,77447.3,30.829,7.0,2.0,0.0029,0.002,-0.3754,0.0,45.285,0.4842,1.7013,146.0093,430.21,19.7226,58.44,4.955,fav,fav,-26.34,-56.11,66.73,257.59,307.95
upside_buy,2026-09-03T05:30:00,0,77337.55,30.262,7.0,5.0,0.0018,0.0005,0.0425,0.0,45.365,3.7239,2.2034,124.6714,479.21,24.5923,20.67,0.4129,fav,fav,-0.85,24.19,152.08,361.19,402.92
upside_buy,2026-09-03T07:00:00,0,78068.3,30.096,7.0,7.0,0.0042,,-0.3164,7.2081,45.79,0.4961,3.903,105.4921,78.71,0.4466,507.18,52.203,fav,adv,-37.36,-104.14,-176.42,-206.66,-144.39
upside_buy,2026-09-03T08:00:00,0,77936.35,30.066,7.0,8.0,0.0024,,-0.1196,0.0,46.785,1.3959,2.4229,153.4221,97.31,2.1717,222.92,46.3289,fav,adv,51.05,-39.55,-64.28,-41.06,-168.07
upside_buy,2026-09-03T10:50:00,0,77743.81,30.907,7.0,10.0,0.0019,0.0004,-0.2613,0.0,45.28,0.0244,2.8235,109.1293,230.88,50.9387,86.89,3.5248,adv,fav,-27.6,-62.09,-8.95,132.77,146.76
upside_buy,2026-09-03T12:30:00,0,78177.65,30.997,7.0,12.0,0.0043,-0.0024,0.3908,31.1771,44.91,1.9187,2.6127,130.4807,572.76,23.4214,16.49,0.0887,fav,fav,16.64,109.68,162.3,374.9,442.05
upside_buy,2026-09-03T14:20:00,0,79415.48,30.265,7.0,14.0,0.0045,0.0008,-0.1201,50.5852,45.28,0.2722,4.9436,199.9186,1546.25,38.5603,7.0,0.0,fav,fav,43.39,223.82,289.31,788.8,1249.89
upside_buy,2026-09-03T15:20:00,0,80677.37,30.587,7.0,15.0,0.0018,0.0032,-0.0472,5.8214,45.41,0.84,3.8959,342.695,695.73,33.9644,63.59,0.5155,fav,fav,-52.66,51.16,252.15,589.33,-41.52
upside_buy,2026-09-03T16:30:00,0,80846.07,30.652,7.0,16.0,0.0022,0.0017,0.001,0.0,46.165,2.1033,0.9296,252.2421,295.33,42.2151,96.93,8.4993,fav,fav,24.48,-13.67,144.55,139.93,253.98
upside_buy,2026-09-03T19:00:00,0,81582.02,30.042,7.0,19.0,0.0022,0.0009,-0.0763,5.7022,47.97,0.4308,4.5178,151.4507,230.55,51.7525,418.47,1.3008,adv,adv,-352.97,-275.09,-165.16,-167.71,8.59
upside_buy,2026-09-03T21:10:00,0,81561.98,30.724,7.0,21.0,0.0025,0.0009,0.1333,0.0,50.09,0.5561,1.6121,167.0993,743.56,19.1343,284.64,57.7751,fav,fav,20.35,35.94,322.09,-17.23,-173.49
upside_buy,2026-09-04T00:30:00,0,81315.6,30.507,7.0,0.0,0.002,0.0021,-0.2999,0.0,54.505,0.3238,1.6066,145.26,120.41,6.463,538.61,51.7151,fav,adv,2.54,93.3,-227.6,-381.93,-525.83
upside_buy,2026-09-04T12:50:00,0,79538.37,30.054,7.0,12.0,0.0021,-0.0031,-0.0111,0.102,56.21,5.3803,1.1281,339.0936,157.13,52.4503,569.05,40.9647,adv,adv,-173.81,-140.36,-309.66,-48.62,-251.8
upside_buy,2026-09-04T14:20:00,0,79319.34,30.285,7.0,14.0,0.0019,-0.0015,0.108,2.9929,57.5,1.3155,1.2006,288.6121,145.47,9.9102,685.24,24.6906,fav,adv,49.28,42.46,-38.4,-449.66,0.05
upside_buy,2026-09-04T15:35:00,0,79551.65,30.427,7.0,15.0,0.0021,0.002,0.1909,1.3226,56.605,-0.0095,4.1429,220.6314,277.2,53.0709,183.59,20.2898,adv,fav,-22.71,-25.64,-94.97,-90.09,181.47
upside_buy,2026-09-06T05:35:00,0,80064.24,30.206,7.0,5.0,0.0021,0.0002,-0.2529,10.1258,19.47,1.007,4.635,58.8671,33.82,1.1348,258.1,49.7099,fav,adv,13.8,-43.96,-79.57,-125.01,-243.17
upside_buy,2026-09-06T23:00:00,0,80249.62,30.245,7.0,23.0,0.0022,,-0.2857,15.3199,21.71,0.9961,4.7994,126.9021,318.37,41.0344,159.2,20.504,adv,adv,-82.32,-47.81,-32.15,-45.03,106.14
upside_buy,2026-09-07T02:35:00,0,80306.0,30.606,7.0,2.0,0.0045,0.0005,-0.0222,2.9633,24.705,1.204,4.9395,106.6443,67.37,0.8264,647.16,59.6603,fav,adv,37.3,-98.85,-231.37,-492.97,-645.72
upside_buy,2026-09-07T14:50:00,0,79206.62,30.869,7.0,14.0,0.002,0.0012,-0.4762,0.0,30.84,1.7343,2.3457,114.4643,8.46,1.4546,545.95,46.7636,adv,adv,-3.78,-38.48,-144.26,-153.79,-399.39
upside_buy,2026-09-07T22:45:00,0,78953.93,30.626,7.0,22.0,0.0016,0.0,0.331,0.0001,31.565,2.4262,1.7346,103.6757,238.57,59.1411,89.22,7.5287,adv,fav,-20.63,-29.47,-10.41,107.78,201.78
upside_buy,2026-09-08T00:30:00,0,79174.23,30.06,7.0,0.0,0.0021,0.0011,-0.0525,0.0,30.9,0.2329,2.4178,93.4864,273.51,47.675,32.64,0.9874,fav,fav,-37.63,26.93,58.14,131.21,134.02
upside_buy,2026-09-08T02:20:00,0,79417.21,31.26,7.0,2.0,0.0018,-0.0002,0.3119,0.2963,30.43,0.6071,2.0327,91.3714,1.15,0.0892,717.9,56.6768,adv,adv,-42.04,-201.79,-275.03,-457.95,-617.71
upside_buy,2026-09-08T03:30:00,0,78945.07,30.117,7.0,3.0,0.0018,0.0016,0.2052,0.0,30.415,2.1654,2.0179,120.0543,26.75,0.3049,222.58,50.0552,adv,adv,-13.15,-43.45,-51.08,-80.86,-154.73
upside_buy,2026-09-08T05:15:00,0,78852.85,30.704,7.0,5.0,0.002,0.0006,-0.1501,0.0,30.285,0.0584,2.9876,115.8114,-1.84,6.7802,458.93,59.9776,adv,adv,-47.89,-45.03,-213.07,-212.83,-430.98
upside_buy,2026-09-08T07:55:00,0,78373.69,30.621,7.0,8.0,0.0019,0.0014,0.1418,0.0,31.995,1.8035,2.0005,112.9771,187.61,45.263,123.45,1.7887,adv,adv,-53.84,-27.54,-6.43,53.07,-21.07
upside_buy,2026-09-08T13:55:00,0,77993.14,30.699,7.0,14.0,0.0017,0.0026,0.1107,0.0044,36.71,3.0245,2.2982,173.3229,612.8,49.0748,181.43,1.8161,adv,adv,-77.98,23.46,243.16,328.19,541.28
upside_buy,2026-09-08T18:05:00,0,78693.82,30.031,7.0,18.0,0.0016,0.0001,-0.2965,0.0,39.665,0.3107,2.0755,103.26,114.84,14.1549,438.4,42.5682,adv,fav,6.26,-20.08,55.09,-119.26,-269.25
upside_buy,2026-09-09T04:00:00,0,78933.1,30.226,7.0,4.0,0.0038,0.001,-0.2222,0.0113,39.265,0.0274,5.2017,77.115,264.96,39.601,202.2,5.5299,adv,adv,-40.56,-194.19,-149.98,-50.89,163.91
upside_buy,2026-09-09T05:10:00,0,79270.72,30.374,7.0,5.0,0.0019,0.0016,-0.4209,1.7035,39.3,0.606,4.2899,118.3907,84.86,1.5926,445.4,33.4392,fav,adv,26.7,24.0,-164.96,-373.67,-197.21
upside_buy,2026-09-09T06:10:00,0,79085.51,30.752,7.0,6.0,0.0019,0.0035,-0.5488,0.0,38.865,2.1929,2.0576,124.75,303.42,51.9589,11.82,0.089,fav,fav,0.25,65.89,105.15,60.6,189.92
upside_buy,2026-09-09T08:25:00,0,79633.32,30.086,7.0,8.0,0.0016,-0.0011,-0.2681,4.525,37.96,0.701,4.5128,105.2414,126.18,5.7327,234.3,59.6534,fav,fav,-20.92,57.91,-4.49,-9.85,-222.28
upside_buy,2026-09-09T11:45:00,0,79156.76,31.021,7.0,11.0,0.0017,0.0011,0.3339,0.0083,38.705,0.1167,3.6211,121.5393,460.71,59.5134,30.68,0.1623,fav,fav,169.9,99.37,111.56,204.91,431.13
upside_buy,2026-09-09T14:25:00,0,79227.28,30.418,7.0,14.0,0.0044,0.0006,-0.2475,0.0,38.735,1.9745,1.6751,226.0871,168.52,5.9279,1190.7,54.3452,fav,adv,-28.82,81.77,-283.83,-232.15,-899.87
upside_buy,2026-09-09T15:25:00,0,78339.41,30.525,7.0,15.0,0.0037,-0.0079,0.3211,0.0001,39.11,3.3929,0.9582,312.3814,434.63,34.1978,7.0,0.0,fav,fav,76.23,251.84,263.79,199.87,322.47
upside_buy,2026-09-09T16:25:00,0,78675.35,30.241,7.0,16.0,0.0016,-0.0,0.1451,0.0001,39.655,0.4635,1.6442,220.4786,265.71,3.6411,8.47,0.0168,fav,fav,25.62,130.03,68.75,87.84,143.26
upside_buy,2026-09-09T20:30:00,0,78308.62,31.012,7.0,20.0,0.0018,-0.0041,0.609,0.0,39.035,1.7796,3.2643,124.1829,22.57,30.0337,228.4,14.9043,adv,adv,-14.82,-27.48,-219.43,14.5,-155.37
upside_buy,2026-09-09T23:00:00,0,78110.66,30.389,7.0,23.0,0.0025,0.001,0.1082,0.0,40.19,0.0231,2.873,124.9486,255.04,59.6611,42.73,11.0464,fav,fav,0.6,62.31,11.72,108.07,205.62
upside_buy,2026-09-10T01:00:00,0,78332.6,30.618,7.0,1.0,0.0017,0.0004,-0.0934,0.0,40.92,0.3583,2.5236,102.1536,155.5,3.9367,410.01,34.1725,fav,fav,6.59,45.72,-127.96,-321.29,-318.68
upside_buy,2026-09-10T02:30:00,0,78131.58,30.782,7.0,2.0,0.0019,0.0009,0.0169,0.0,41.37,0.8738,1.736,118.3671,404.76,29.2591,39.61,1.336,fav,fav,-13.43,37.19,134.81,297.81,171.38
upside_buy,2026-09-10T05:10:00,0,78425.76,30.446,7.0,5.0,0.0019,,-0.4214,0.0,41.145,0.5534,2.384,78.2943,111.0,43.0701,156.47,59.2024,adv,adv,-74.43,-76.02,35.43,-32.84,-158.31
upside_buy,2026-09-10T06:45:00,0,78466.82,30.183,7.0,6.0,0.0032,0.0007,-0.1859,0.0,40.655,0.7619,3.5042,96.3921,33.47,0.2237,588.84,44.0402,adv,adv,22.47,-55.66,-303.65,-311.42,-424.31
upside_buy,2026-09-10T10:35:00,0,78001.79,30.694,7.0,10.0,0.0015,0.0001,0.4532,0.0,39.225,0.1636,2.3306,91.0871,26.49,55.332,347.94,24.2217,adv,adv,14.49,-38.5,-141.7,-188.49,-13.52
upside_buy,2026-09-10T13:00:00,0,77014.25,30.963,7.0,13.0,0.0018,0.004,-0.2002,0.0,39.76,3.8358,1.568,242.3307,301.72,56.8971,306.72,14.7902,adv,adv,-17.09,-9.2,-245.35,-173.22,146.52
upside_buy,2026-09-10T14:20:00,0,77309.4,30.23,7.0,14.0,0.0031,-0.0014,0.0156,0.0865,40.225,0.1193,2.7486,207.475,91.4,31.1942,214.66,59.9511,adv,adv,-106.06,-32.21,-100.33,33.47,-217.02
upside_buy,2026-09-10T15:35:00,0,77214.2,32.429,7.0,15.0,0.0016,0.0014,-0.0955,0.0,39.625,1.5534,1.2924,122.3793,68.84,20.5955,461.68,54.7127,adv,adv,-48.76,-24.98,-119.25,-310.54,-252.05
upside_buy,2026-09-10T16:35:00,0,76975.28,31.462,7.0,16.0,0.0024,0.0003,0.2776,0.5045,39.005,2.0765,1.4627,149.9,536.32,55.4749,47.1,3.1994,fav,fav,16.19,67.69,87.03,162.84,318.41
upside_buy,2026-09-10T18:50:00,0,77216.23,30.226,7.0,18.0,0.002,0.0002,-0.2247,0.0,39.475,1.4706,2.5357,107.7614,50.53,48.5597,174.4,55.8343,adv,adv,-14.54,-33.16,-60.71,-42.38,-117.99
upside_buy,2026-09-10T20:05:00,0,77261.9,30.714,7.0,20.0,0.0015,-0.0003,0.32,0.0,39.19,0.1323,2.2705,95.385,61.26,11.8698,69.98,38.058,fav,neither,-0.34,-0.04,-29.21,-35.03,-4.22
upside_buy,2026-09-10T22:45:00,0,76928.1,30.104,7.0,22.0,0.0014,0.0002,0.1717,0.0,37.365,2.9954,1.3633,91.4907,4.51,0.2019,499.03,24.5453,adv,adv,-26.38,-102.26,-91.49,-240.21,-229.91
upside_buy,2026-09-11T00:05:00,0,76798.37,30.092,7.0,0.0,0.0016,0.0021,-0.1443,0.0,38.95,0.0342,2.2803,160.42,181.11,54.3744,145.79,21.3085,adv,fav,-13.7,-0.45,-15.43,-58.47,127.37
upside_buy,2026-09-11T01:40:00,0,76861.23,30.417,7.0,1.0,0.0016,0.0002,-0.0777,0.0,38.85,1.0469,1.8818,116.2979,125.49,19.8838,127.51,42.032,adv,fav,-88.09,-12.23,94.89,58.75,-5.4
upside_buy,2026-09-11T04:25:00,0,77167.96,30.427,7.0,4.0,0.0013,-0.0022,-0.5381,0.1832,38.99,-0.0699,5.2806,94.3114,-1.62,0.3647,140.25,34.7333,adv,adv,-37.31,-85.21,-103.01,-104.85,-110.58
upside_buy,2026-09-11T06:10:00,0,77354.02,30.343,7.0,6.0,0.0016,0.0002,-0.1217,7.0916,38.375,0.8528,5.0376,61.7979,8.16,54.8696,216.87,19.7354,adv,adv,-17.31,-74.43,-147.67,-145.65,-63.32
upside_buy,2026-09-11T08:20:00,0,77386.61,30.193,7.0,8.0,0.0025,0.0003,-0.4204,0.0,36.9,0.7758,3.9236,71.3243,87.7,6.8495,220.44,59.6137,adv,adv,-70.1,-26.26,-26.09,-83.06,-207.33
upside_buy,2026-09-11T10:00:00,0,77089.94,30.094,7.0,10.0,0.0015,0.0006,-0.0092,0.0,36.78,2.5546,3.0206,84.5307,20.89,2.9589,248.64,59.2622,adv,adv,-8.24,-42.53,-27.19,-90.58,-216.0
upside_buy,2026-09-11T12:25:00,0,76288.13,30.046,7.0,12.0,0.0017,-0.0,-0.1113,2.3841,36.78,7.8515,2.0104,139.96,1826.66,20.8177,105.46,0.9243,fav,fav,-100.45,766.39,1330.41,1569.61,1351.95
upside_sell,2026-08-04T13:30:00,0,63910.3,30.985,7.0,13.0,0.0014,0.0,-0.0321,0.0808,29.06,0.7904,1.575,105.0429,369.81,25.0696,129.4,7.7514,adv,adv,-85.36,-102.15,76.43,95.14,35.49
upside_sell,2026-08-04T14:40:00,0,64022.75,30.337,7.0,14.0,0.0022,0.0005,-0.0942,2.676,29.0,0.5785,2.7105,179.2136,268.21,48.33,150.35,18.845,adv,fav,-37.38,6.96,-56.18,11.02,-33.81
upside_sell,2026-08-04T15:40:00,0,64043.3,30.082,7.0,15.0,0.0032,-0.001,-0.0991,0.0,28.775,1.0044,2.3241,125.7529,200.19,57.9296,135.9,3.7382,adv,adv,-86.32,-36.2,-37.67,65.08,131.75
upside_sell,2026-08-04T17:00:00,0,64015.51,30.42,7.0,17.0,0.0018,0.0001,-0.1274,0.0048,28.69,0.5148,1.9332,90.99,178.17,47.2668,121.67,3.1623,adv,adv,-40.31,-27.33,4.89,-102.57,-73.81
upside_sell,2026-08-04T18:00:00,0,64077.32,31.035,7.0,18.0,0.0015,0.0,-0.2333,0.0,28.825,0.5736,2.4782,98.2486,24.69,6.0692,290.87,26.834,adv,adv,11.68,-17.68,-246.23,-220.21,-189.9
upside_sell,2026-08-04T19:40:00,0,64316.74,30.557,7.0,19.0,0.0014,-0.0001,-0.1547,0.2814,28.915,0.8168,1.5656,73.275,372.4,31.5675,73.05,58.307,fav,fav,-34.78,25.95,144.2,220.04,-1.73
upside_sell,2026-08-04T20:40:00,0,64306.45,30.547,7.0,20.0,0.002,0.0002,-0.1418,0.6711,29.085,0.7584,3.4728,105.2786,165.73,34.7426,19.46,0.6743,fav,fav,2.49,7.64,12.01,109.86,136.73
upside_sell,2026-08-04T23:05:00,0,64353.41,30.128,7.0,23.0,0.0023,-0.0001,0.3709,3.3163,28.56,1.2429,3.4665,68.6079,387.64,58.795,148.16,7.8961,adv,adv,-11.67,-7.21,94.31,178.94,365.6
upside_sell,2026-08-05T01:20:00,0,64037.37,30.197,7.0,1.0,0.0014,0.0002,0.6233,0.0,28.96,1.5453,2.0173,70.0457,45.35,1.6292,427.65,46.5648,fav,adv,33.28,-45.4,-194.87,-225.6,-364.94
upside_sell,2026-08-05T05:00:00,0,64233.63,30.633,7.0,5.0,0.002,-0.0001,-0.132,2.0401,28.935,0.1892,3.5326,57.3543,9.94,3.4341,239.85,20.784,adv,adv,-17.66,-5.07,-69.76,-90.26,-70.74
upside_sell,2026-08-05T07:55:00,0,64109.97,30.449,7.0,8.0,0.0017,0.0012,0.1102,0.0,29.275,1.8471,2.6131,64.3221,72.71,44.9564,116.48,29.8756,adv,adv,-39.07,-9.98,-18.23,-114.39,40.39
upside_sell,2026-08-05T12:15:00,0,64426.19,30.514,7.0,12.0,0.0039,0.0001,-0.1692,1.5723,28.875,0.111,5.9688,73.695,376.22,53.0732,118.87,0.8087,adv,adv,-40.25,-9.68,50.32,54.96,286.89
upside_sell,2026-08-05T13:35:00,0,64221.37,30.265,7.0,13.0,0.0047,0.0,0.1164,0.5278,28.895,1.9709,3.2858,123.1,244.05,6.5025,312.58,38.9766,fav,fav,39.34,119.32,-1.09,-182.67,-87.04
upside_sell,2026-08-05T14:40:00,0,64358.99,30.618,7.0,14.0,0.0016,-0.0011,0.1637,0.0,28.96,0.9974,2.2407,171.9,82.03,8.308,360.58,25.3367,adv,adv,-52.91,-71.07,-83.41,-189.83,-98.85
upside_sell,2026-08-05T16:10:00,0,64522.09,30.055,7.0,16.0,0.0017,0.0007,-0.1039,0.0,29.015,1.3255,1.5609,127.8014,27.99,59.6369,201.0,14.3203,adv,adv,-61.95,-64.93,-177.22,-107.71,-6.88
upside_sell,2026-08-05T17:35:00,0,64675.62,30.211,7.0,17.0,0.0019,-0.0006,-0.0471,1.0667,28.79,0.2872,2.6965,73.3579,70.24,4.8138,87.66,35.224,fav,adv,-5.13,48.99,-27.45,46.63,-65.1
upside_sell,2026-08-05T18:35:00,0,64728.72,30.812,7.0,18.0,0.0014,-0.001,0.2775,0.0,28.63,0.3575,1.46,86.875,28.39,14.7095,161.1,46.6509,adv,adv,11.94,-41.15,-6.82,-91.85,-133.8
upside_sell,2026-08-05T20:20:00,0,64918.7,30.457,7.0,20.0,0.0016,0.0016,-0.3986,10.1096,28.07,1.3079,2.7063,61.7179,298.85,58.8169,33.0,19.8163,fav,fav,-9.04,-15.04,11.83,104.09,286.32
upside_sell,2026-08-06T05:05:00,0,64869.36,30.266,7.0,5.0,0.0029,-0.0005,-0.1797,13.6623,26.06,1.0346,5.6784,67.9714,96.21,59.8774,75.73,7.889,adv,adv,-4.62,9.04,-47.1,47.67,87.53
upside_sell,2026-08-06T07:10:00,0,64856.14,30.658,7.0,7.0,0.0014,0.0007,-0.4038,0.0,25.92,0.5489,3.3801,52.4357,160.7,59.9526,53.92,8.2506,fav,adv,-10.49,-7.2,13.23,96.45,151.9
upside_sell,2026-08-06T13:35:00,0,64279.24,30.761,7.0,13.0,0.0014,0.0,0.0468,0.013,24.865,2.7438,2.0768,89.9664,15.84,0.5622,314.69,55.6747,adv,adv,-15.05,-113.7,-118.94,-146.24,-259.81
upside_sell,2026-08-06T14:40:00,0,64710.86,30.291,7.0,14.0,0.0037,-0.0027,-0.0063,13.2691,24.86,0.5688,3.2385,131.5121,97.59,5.4017,221.5,24.8387,fav,adv,-15.03,46.6,-26.17,-80.73,14.48
upside_sell,2026-08-06T15:45:00,0,64796.64,30.05,7.0,15.0,0.0014,-0.0003,0.5066,0.0787,24.865,1.0242,1.4475,129.0979,264.36,25.6933,7.38,0.1358,fav,fav,34.92,186.16,173.33,205.88,111.23
upside_sell,2026-08-07T01:00:00,0,64354.9,30.574,7.0,1.0,0.0013,0.0011,-0.7043,0.0016,23.605,0.6598,2.3108,79.92,119.42,34.8995,68.36,28.0219,fav,fav,0.54,41.21,73.03,-29.34,11.2
upside_sell,2026-08-07T02:40:00,0,64341.61,30.482,7.0,2.0,0.0017,0.0001,0.0754,0.0,24.165,1.5678,1.5072,96.9771,140.71,37.251,79.33,5.6382,adv,fav,-17.81,-57.75,-23.93,44.8,57.92
upside_sell,2026-08-07T08:40:00,0,64545.14,31.16,7.0,8.0,0.0022,0.0016,-0.2859,13.6299,24.3,1.2408,5.1131,59.0014,23.83,13.0836,380.24,52.4591,adv,adv,1.5,-6.94,-20.85,-143.78,-329.0
upside_sell,2026-08-07T12:05:00,0,65103.34,31.576,7.0,12.0,0.0015,-0.0001,-0.1456,9.8016,25.09,0.8704,2.7085,81.5614,170.13,24.5485,252.16,45.0964,adv,adv,-102.76,-73.51,54.08,-16.52,-103.74
upside_sell,2026-08-07T13:30:00,0,65228.81,30.002,7.0,13.0,0.0021,0.0,0.212,0.0328,26.105,0.917,2.2265,134.3364,491.08,37.2344,75.47,9.8283,fav,fav,25.08,-33.12,22.25,383.4,91.43
upside_sell,2026-08-07T15:05:00,0,64976.18,31.399,7.0,15.0,0.0021,,0.1709,0.0,26.19,1.8425,1.7454,138.6221,125.43,48.9747,118.09,22.4003,fav,neither,30.53,77.48,-15.4,21.54,15.56
upside_sell,2026-08-07T18:00:00,0,64801.46,31.433,7.0,18.0,0.0014,0.0017,0.2294,0.0,25.97,0.2234,3.6322,92.1843,172.11,49.4682,44.13,6.541,fav,fav,-9.1,-42.98,-2.35,51.2,32.4
upside_sell,2026-08-09T08:00:00,0,64858.25,31.681,7.0,8.0,0.0014,0.0001,0.1713,0.0017,8.885,1.0426,4.3868,21.225,116.49,39.0797,35.59,11.5091,adv,adv,-8.24,-17.9,-16.15,5.58,71.37
upside_sell,2026-08-09T21:35:00,0,65177.72,31.014,7.0,21.0,0.0015,0.0,-0.6132,0.0046,9.4,1.3108,3.6834,29.3721,247.38,59.5747,268.99,33.8973,fav,fav,30.54,-9.22,9.82,-72.78,210.41
upside_sell,2026-08-10T00:05:00,0,65004.06,30.387,7.0,0.0,0.002,-0.0004,0.0185,0.015,10.285,0.1452,2.6364,81.9336,228.22,34.1965,273.0,0.6223,adv,adv,-179.9,-101.51,35.27,136.08,13.99
upside_sell,2026-08-10T01:45:00,0,65286.98,30.478,7.0,1.0,0.0041,0.0003,-0.1982,2.1248,10.985,0.6955,4.6335,95.9643,434.44,35.6424,43.29,0.0312,fav,fav,94.68,124.59,186.24,372.77,193.28
upside_sell,2026-08-10T03:20:00,0,65084.82,30.039,7.0,3.0,0.0014,0.002,-0.0366,0.0,11.71,0.8531,2.4496,96.2521,183.47,32.6093,43.61,0.518,fav,fav,-18.73,93.47,57.37,141.45,79.52
upside_sell,2026-08-10T08:00:00,0,65225.58,30.182,7.0,8.0,0.0013,-0.0001,0.0154,0.0,15.665,1.8992,1.5548,53.6271,89.51,57.6475,57.44,21.3435,fav,adv,-5.84,2.98,-8.01,-14.09,61.19
upside_sell,2026-08-10T12:40:00,0,64945.93,30.695,7.0,12.0,0.0014,-0.004,0.421,0.1184,19.165,3.8451,1.3754,66.1779,397.93,58.3905,15.45,1.5558,fav,fav,-6.22,20.54,113.96,94.9,305.92
upside_sell,2026-08-10T14:00:00,0,64638.28,30.882,7.0,14.0,0.0021,0.003,-0.1621,0.0,20.155,2.4208,1.6427,116.2114,111.7,55.5359,197.53,37.8002,fav,adv,-15.48,66.67,-93.3,-173.61,3.59
upside_sell,2026-08-10T17:05:00,0,63892.25,30.924,7.0,17.0,0.0016,-0.0022,0.1363,0.0027,23.93,2.8088,1.1676,115.1821,80.81,35.1619,75.79,31.7202,adv,neither,-33.88,-6.43,-17.02,-39.8,-29.79
upside_sell,2026-08-11T06:55:00,0,63909.61,30.593,7.0,7.0,0.0015,-0.0018,0.5306,0.0,20.835,1.6476,2.5593,50.0836,71.42,19.8435,140.76,52.0943,adv,fav,-16.07,-46.97,27.48,35.18,-101.75
upside_sell,2026-08-11T11:00:00,0,64290.64,30.503,7.0,11.0,0.0021,-0.0002,-0.0496,0.5214,20.225,0.7504,2.6374,57.2757,30.84,4.1009,103.43,57.3071,fav,adv,-23.32,-15.78,-2.87,-5.55,-92.08
upside_sell,2026-08-11T13:55:00,0,64112.94,30.634,7.0,14.0,0.0015,0.0004,-0.1965,0.0,19.675,2.3466,1.4469,89.1879,464.14,57.3554,100.74,15.7,adv,adv,-28.95,-41.94,-76.49,186.04,395.26
upside_sell,2026-08-11T15:55:00,0,63512.38,30.694,7.0,16.0,0.002,0.0005,0.0395,0.0,19.77,2.4434,0.9526,125.2464,119.44,46.482,94.28,10.497,adv,neither,-21.62,-71.77,-28.46,-8.53,47.1
upside_sell,2026-08-11T19:15:00,0,63272.8,30.458,7.0,19.0,0.0012,0.0011,0.1781,0.0,19.725,3.0333,1.2203,87.6979,16.28,4.7607,394.65,47.1165,adv,adv,-37.08,-30.2,-29.87,-65.31,-295.95
upside_sell,2026-08-11T22:00:00,0,63658.32,30.569,7.0,22.0,0.0013,0.0002,-0.2901,0.0013,20.085,1.3378,2.1753,48.3464,155.68,59.5378,51.58,12.1382,adv,adv,-16.72,-2.54,-22.4,-19.86,131.19
upside_sell,2026-08-12T02:25:00,0,63820.06,30.817,7.0,2.0,0.0014,-0.0014,0.4276,0.0472,20.44,0.7728,3.6914,51.5164,174.57,46.7614,7.0,0.0,fav,fav,5.19,40.94,92.95,78.49,129.38
upside_sell,2026-08-12T04:20:00,0,63791.32,31.662,7.0,4.0,0.0011,0.0001,0.4201,0.095,20.865,0.8746,2.5065,51.7293,125.69,39.9931,17.96,0.8944,fav,fav,-7.88,77.28,99.61,14.65,5.01
upside_sell,2026-08-12T06:55:00,0,63649.86,30.162,7.0,7.0,0.0012,-0.0002,-0.0849,0.008,21.57,2.3336,2.0167,56.93,76.21,45.8066,133.26,59.2804,adv,adv,-7.34,-59.99,-33.22,-23.68,-116.29
upside_sell,2026-08-12T07:55:00,0,63754.15,30.239,7.0,8.0,0.0013,0.0012,-0.2006,0.0,21.57,0.4736,3.4215,53.7779,42.42,32.5389,57.31,6.9636,fav,adv,25.36,-26.49,17.64,6.65,15.39
upside_sell,2026-08-12T09:15:00,0,63872.24,30.86,7.0,9.0,0.0015,0.0003,0.25,2.2772,21.915,0.8413,3.7127,47.1164,33.84,2.0649,294.25,42.3065,adv,adv,-1.77,-69.13,-78.99,-160.22,-171.92
upside_sell,2026-08-12T12:25:00,0,64125.11,30.151,7.0,12.0,0.0024,0.0001,0.0943,0.544,22.865,4.5837,0.9148,65.8071,276.95,58.1419,165.2,3.9843,adv,adv,12.47,-18.63,110.16,30.63,192.72
upside_sell,2026-08-12T15:00:00,0,63378.17,30.602,7.0,15.0,0.0013,-0.0018,0.3493,1.2751,23.545,3.5105,0.9409,140.0414,49.68,28.3572,131.78,37.9779,adv,neither,-34.78,-26.4,-76.37,-67.82,-32.89
upside_sell,2026-08-12T20:00:00,0,63441.75,30.407,7.0,20.0,0.0012,-0.0003,-0.017,0.0,23.25,0.0989,3.3367,62.3614,83.86,10.998,157.28,55.5935,fav,fav,21.79,68.01,18.98,-59.04,-79.03
upside_sell,2026-08-13T00:05:00,0,63507.43,30.624,7.0,0.0,0.0021,0.0003,-0.1437,0.003,23.985,0.484,3.6341,57.1886,75.46,35.6513,147.58,6.4164,adv,adv,-22.1,-46.95,-53.71,2.58,-25.87
upside_sell,2026-08-13T01:35:00,0,63447.34,30.632,7.0,1.0,0.001,0.0002,-0.2749,0.0,24.33,1.8475,1.7544,68.0479,140.29,52.8503,12.72,0.2434,fav,fav,8.98,100.35,10.91,49.92,94.68
upside_sell,2026-08-13T02:40:00,0,63430.67,30.402,7.0,2.0,0.0011,0.0002,0.0053,0.0,24.64,0.3151,1.9549,65.025,26.64,1.3382,145.24,34.5924,adv,adv,-0.35,-55.29,-60.14,-89.06,-97.25
upside_sell,2026-08-13T05:05:00,0,63752.33,30.397,7.0,5.0,0.0013,0.0024,-0.1841,5.8975,24.945,0.9526,3.8644,59.815,-0.47,59.1077,198.32,5.5475,adv,adv,-52.54,-91.21,-153.48,-131.47,-19.54
upside_sell,2026-08-13T06:50:00,0,63839.44,30.174,7.0,6.0,0.0017,0.0002,-0.1551,0.0,25.035,0.4755,3.3141,45.0286,48.25,59.0049,48.47,4.4908,adv,adv,-12.38,-25.18,15.89,5.13,32.37
upside_sell,2026-08-13T12:05:00,0,63467.78,30.693,7.0,12.0,0.0012,0.0008,-0.1287,0.0,23.605,1.6111,3.0482,62.0929,69.2,21.4507,277.48,56.8568,adv,adv,-3.62,-24.91,-39.16,-14.49,-240.85
upside_sell,2026-08-13T13:30:00,0,63653.35,30.095,7.0,13.0,0.0022,0.0014,-0.2272,0.0,22.97,0.9959,2.215,88.7707,42.92,11.0504,261.11,59.805,adv,adv,-9.27,-114.98,-86.43,0.45,-250.31
upside_sell,2026-08-13T14:30:00,0,63891.66,30.809,7.0,14.0,0.0019,0.0017,0.1751,2.4039,22.97,0.1671,2.4648,115.5179,365.81,53.6277,56.18,2.8377,fav,fav,-10.13,-0.63,18.27,87.01,259.21
upside_sell,2026-08-13T16:45:00,0,63130.18,30.726,7.0,16.0,0.0032,0.0052,0.0615,0.008,22.91,3.1092,2.2463,159.89,140.16,4.3612,109.84,55.7059,fav,neither,-41.6,98.33,76.56,66.34,-53.91
upside_sell,2026-08-13T18:00:00,0,63193.3,31.186,7.0,18.0,0.0021,0.0026,0.3724,0.0,23.835,0.4478,1.8701,96.5179,154.64,26.2485,115.64,48.6949,fav,fav,13.8,48.52,23.16,123.78,-84.24
upside_sell,2026-08-13T19:05:00,0,63383.0,30.997,7.0,19.0,0.0027,0.001,0.4891,6.3749,24.22,0.6629,3.9248,88.6257,86.01,53.2896,34.05,1.3978,fav,neither,-9.61,50.48,35.13,18.58,-0.31
upside_sell,2026-08-13T22:00:00,0,63472.27,30.421,7.0,22.0,0.0013,-0.0005,-0.3492,0.7031,23.375,0.7096,2.5739,46.2493,84.38,59.2244,117.27,17.6077,adv,adv,9.96,-50.06,-51.03,-81.29,66.12
upside_sell,2026-08-13T23:55:00,0,63442.11,30.667,7.0,0.0,0.0013,-0.0008,0.4405,0.0,22.935,0.8679,2.8004,41.2364,101.6,29.769,63.31,23.9921,fav,fav,7.41,-8.51,-8.18,59.26,-30.08
upside_sell,2026-08-14T01:20:00,0,63485.63,30.862,7.0,1.0,0.0011,0.0008,-0.3664,0.0,23.245,0.7369,2.0928,71.0136,80.25,6.201,77.68,43.3976,fav,fav,6.23,48.55,-0.15,-0.15,57.02
upside_sell,2026-08-14T03:15:00,0,63494.9,30.023,7.0,3.0,0.0012,0.001,-0.4922,0.0,22.88,0.3254,2.4256,57.8114,291.64,40.0778,18.23,1.954,fav,fav,0.42,19.56,147.06,207.73,130.74
upside_sell,2026-08-14T07:40:00,0,62946.31,30.108,7.0,7.0,0.001,0.0017,0.1049,0.0,23.31,2.6879,0.9915,75.0657,322.1,48.2788,19.53,1.6188,fav,fav,-24.31,-9.81,60.99,64.55,190.03
upside_sell,2026-08-14T12:20:00,0,62801.22,30.806,7.0,12.0,0.0011,-0.0008,0.2669,0.0372,24.98,1.0886,1.787,61.8793,282.81,43.7523,50.6,6.5357,adv,fav,-19.49,-16.91,48.83,78.89,144.03
upside_sell,2026-08-14T13:20:00,0,62645.22,30.26,7.0,13.0,0.0013,0.0019,-0.3008,0.0,25.14,2.3045,1.4786,88.1307,149.5,56.0827,108.86,5.0111,adv,adv,-44.77,-110.61,44.4,93.6,87.6
upside_sell,2026-08-14T14:30:00,0,62668.92,30.583,7.0,14.0,0.001,,0.0211,0.0014,25.08,0.2392,1.5861,111.4057,215.88,21.8812,195.65,59.8633,adv,fav,-27.24,-33.75,-4.96,78.52,-188.04
upside_sell,2026-08-14T15:35:00,0,62898.01,30.466,7.0,15.0,0.0018,-0.0031,-0.4798,7.0379,25.045,0.6283,4.9391,90.8,23.76,10.6796,262.49,56.5353,adv,adv,-20.9,-34.81,-89.8,-70.94,-247.83
upside_sell,2026-08-14T17:10:00,0,63102.16,30.086,7.0,17.0,0.001,-0.0014,0.4276,0.0136,24.27,0.8337,2.2143,65.7771,211.63,46.1693,90.15,8.5458,adv,adv,-8.56,-48.85,-33.9,51.28,154.57
upside_sell,2026-08-14T19:25:00,0,62824.68,30.957,7.0,19.0,0.0009,0.0004,-0.3014,0.0,23.885,2.5121,1.3496,62.1443,9.38,1.3993,136.84,39.9588,adv,adv,-8.59,-37.7,-98.0,-82.02,-66.18
upside_sell,2026-08-15T07:10:00,0,63057.62,30.012,7.0,7.0,0.0009,-0.002,-0.0941,1.0,20.575,0.4589,2.7976,35.4121,83.27,40.3585,8.0,0.0711,fav,fav,-1.5,14.59,43.19,34.95,54.5
upside_sell,2026-08-15T12:55:00,0,62963.65,30.843,7.0,13.0,0.0014,0.0005,-0.2252,0.0,15.67,0.9802,3.2937,25.5757,12.22,2.7819,58.57,6.1792,adv,adv,-7.27,-46.45,-52.15,-7.69,-17.93
upside_sell,2026-08-16T01:40:00,0,62998.59,30.611,7.0,1.0,0.001,-0.0007,0.8552,0.0,9.24,1.078,2.1087,26.6329,42.5,28.6238,93.94,59.2514,fav,adv,-15.21,-13.64,-20.45,26.79,-70.53
upside_sell,2026-08-16T16:10:00,0,63125.36,30.276,7.0,16.0,0.0009,0.0008,-0.4607,0.0,8.1,1.0389,3.8494,24.0064,-0.78,36.502,210.35,14.7887,adv,adv,-85.09,-108.52,-179.74,-111.44,-41.64
upside_sell,2026-08-16T22:55:00,0,62854.49,31.02,7.0,23.0,0.0014,0.0015,-0.4576,0.0,8.62,0.6113,2.9041,73.3043,95.28,27.6544,75.97,1.9232,adv,adv,-30.75,-5.8,20.46,65.35,15.55
upside_sell,2026-08-17T00:25:00,0,62768.19,30.695,7.0,0.0,0.0013,-0.001,0.3576,0.0139,9.11,1.7143,1.2577,61.1579,85.53,6.3228,380.16,59.9454,fav,fav,47.76,47.31,-90.51,-103.91,-381.89
upside_sell,2026-08-17T01:30:00,0,63139.57,30.936,7.0,1.0,0.0012,0.0003,0.2047,11.6899,9.35,0.3847,4.3757,105.2186,167.79,32.6592,171.3,57.8257,fav,fav,4.5,13.07,-6.24,143.19,-80.85
upside_sell,2026-08-17T02:30:00,0,63208.42,30.977,7.0,2.0,0.0017,-0.0005,-0.0348,1.5853,9.8,1.1671,2.8324,84.7836,31.95,1.9166,230.04,18.3007,adv,adv,-19.5,5.39,-37.44,-115.98,-88.06
upside_sell,2026-08-17T03:50:00,0,63430.12,30.802,7.0,3.0,0.0017,-0.0009,0.2211,0.0,10.75,0.1105,2.371,65.9693,66.01,3.4441,103.1,56.535,adv,fav,-20.44,43.14,-9.14,-9.25,-57.35
upside_sell,2026-08-17T06:05:00,0,63552.33,30.858,7.0,6.0,0.0011,0.0018,0.1806,0.1546,12.41,0.1601,3.274,53.22,53.36,14.0271,111.68,38.011,fav,fav,16.55,22.36,41.11,7.21,2.27
upside_sell,2026-08-17T10:25:00,0,63385.6,30.527,7.0,10.0,0.0019,0.0004,-0.5474,0.0,14.7,0.3866,3.9128,43.095,8.29,3.0142,268.36,32.714,adv,adv,-21.27,-36.06,-193.1,-218.67,-221.26
upside_sell,2026-08-17T13:45:00,0,63652.71,30.163,7.0,13.0,0.001,-0.0008,0.1308,0.005,17.505,0.894,3.3409,87.3486,138.43,16.5757,45.66,59.6055,fav,fav,36.51,85.21,96.65,42.28,-38.13
upside_sell,2026-08-17T14:45:00,0,63678.84,30.546,7.0,14.0,0.0022,-0.0001,-0.0914,0.4948,18.905,0.1597,1.6748,100.3471,6.93,0.3589,442.06,58.931,adv,adv,-29.59,-60.46,-189.5,-97.55,-445.74
upside_sell,2026-08-17T15:45:00,0,64112.58,30.623,7.0,15.0,0.0014,0.001,-0.0767,5.2202,20.16,0.0428,3.9834,112.5421,115.4,30.5772,68.89,3.3776,adv,fav,-22.57,-11.19,7.45,62.71,39.11
upside_sell,2026-08-17T17:15:00,0,64235.5,30.468,7.0,17.0,0.0042,-0.0009,0.1439,3.4828,21.01,0.2328,3.6771,86.065,217.68,15.6127,195.79,57.5607,adv,adv,-88.91,39.71,162.08,-12.91,-117.75
upside_sell,2026-08-17T18:20:00,0,64502.0,30.807,7.0,18.0,0.0022,0.0006,-0.3678,22.6665,22.01,0.6211,3.7492,130.0771,237.06,38.3582,23.91,1.6088,fav,fav,16.33,61.58,95.94,93.51,177.48
upside_sell,2026-08-17T20:20:00,0,64318.44,30.48,7.0,20.0,0.001,0.0006,0.4546,0.0,23.455,0.9753,2.0678,53.1107,41.27,26.777,83.75,3.6368,adv,adv,-1.09,-48.2,-14.31,-40.81,21.13
upside_sell,2026-08-17T23:25:00,0,64401.38,30.365,7.0,23.0,0.0011,0.001,-0.4781,0.0,22.545,1.0079,4.6221,39.6186,36.39,40.1832,128.89,28.2261,adv,adv,-53.52,-63.5,-32.55,-104.98,-10.12
upside_sell,2026-08-18T03:35:00,0,64072.54,30.059,7.0,3.0,0.0009,0.0006,0.0456,0.0,21.63,1.2695,1.7213,60.4007,51.43,23.0345,120.77,56.2615,adv,adv,-13.94,-31.89,-48.58,3.37,-89.96
upside_sell,2026-08-18T05:05:00,0,64198.37,30.917,7.0,5.0,0.001,-0.0001,0.2386,0.0,21.425,0.3356,3.1013,48.035,116.17,28.1706,7.62,0.5827,fav,fav,8.09,5.83,29.36,78.88,54.48
upside_sell,2026-08-18T08:15:00,0,64174.65,30.503,7.0,8.0,0.0013,0.0006,0.2697,0.3914,21.93,2.1582,2.9027,52.5336,52.25,59.8826,106.07,18.7325,fav,adv,-10.64,2.29,-38.47,-30.45,42.25
upside_sell,2026-08-18T11:00:00,0,64199.4,30.048,7.0,11.0,0.0014,0.0003,-0.3986,0.0,21.535,1.5778,3.2289,43.3021,0.43,0.6451,141.54,40.9959,adv,adv,-15.05,-46.46,-77.09,-119.53,-101.64
upside_sell,2026-08-18T13:55:00,0,64163.99,30.792,7.0,14.0,0.0014,-0.0014,0.1607,0.0,21.14,0.7891,2.3857,85.1871,-6.39,0.0507,856.73,30.5569,adv,adv,-25.45,-137.59,-51.86,-792.73,-549.29
upside_sell,2026-08-18T15:00:00,0,64709.56,30.039,7.0,15.0,0.0012,0.0015,0.0742,0.2231,21.215,1.9922,3.4068,154.4357,109.23,5.3629,148.5,43.0041,fav,neither,-56.16,79.82,-26.0,-88.3,-116.52
upside_sell,2026-08-19T01:05:00,0,64494.12,30.565,7.0,1.0,0.0015,,0.6355,0.0,18.815,2.0177,1.4903,68.92,182.61,57.3149,9.69,0.1483,fav,fav,15.4,17.29,58.51,62.63,173.58
upside_sell,2026-08-19T06:15:00,0,64207.98,30.972,7.0,6.0,0.0011,-0.0002,0.046,0.0,18.4,2.3378,2.2804,46.295,4.64,27.2053,115.73,54.2771,adv,adv,-21.91,-27.08,-18.22,-71.02,-68.76
upside_sell,2026-08-19T08:30:00,0,64313.34,31.106,7.0,8.0,0.0015,,0.0832,0.0,18.12,0.7608,2.8631,43.215,-2.07,0.9303,140.34,3.69,adv,adv,-16.13,-90.46,-105.7,-96.35,-40.85
upside_sell,2026-08-19T12:35:00,0,64653.92,30.01,7.0,12.0,0.0009,,-0.2535,2.0649,18.275,1.1011,4.2046,59.7486,-7.0,0.0,519.7,51.6561,adv,adv,-60.86,-220.81,-146.43,-212.12,-154.33
upside_sell,2026-08-19T13:40:00,0,64965.39,30.999,7.0,13.0,0.0034,,0.3577,0.2836,18.525,1.3084,1.4865,156.4729,32.92,7.5204,527.17,53.0672,adv,adv,-98.31,-113.63,-44.38,-383.62,-472.01
upside_sell,2026-08-19T14:45:00,0,65533.86,30.578,7.0,14.0,0.001,0.0085,0.2666,5.0184,18.525,0.0524,3.9341,153.7557,26.98,0.1185,4858.06,37.4938,adv,adv,-1.2,-268.59,-694.21,-1188.64,-2925.49
upside_sell,2026-08-19T15:55:00,0,68598.16,30.216,7.0,16.0,0.0042,,0.0697,0.3321,18.735,2.9364,4.5146,609.6786,208.08,57.9049,394.24,5.0376,adv,neither,36.61,-209.38,38.03,-218.7,124.75
upside_sell,2026-08-19T17:35:00,0,67999.82,30.566,7.0,17.0,0.0012,0.0011,-0.1078,0.005,19.38,3.7158,1.1116,184.2314,24.71,1.2575,312.13,40.6523,adv,adv,12.93,-33.76,-193.1,-63.29,-307.63
upside_sell,2026-08-19T19:15:00,0,68294.24,30.133,7.0,19.0,0.0029,-0.0009,0.261,0.8003,21.05,1.1417,1.5531,135.4171,185.52,10.2787,408.68,52.8821,fav,fav,-63.02,-27.28,85.67,-90.26,-281.53
upside_sell,2026-08-19T20:20:00,0,68789.35,30.495,7.0,20.0,0.0027,-0.0002,0.3369,12.1593,22.69,0.0665,4.4855,152.5214,190.13,20.9454,1126.09,41.9849,fav,fav,62.19,61.8,59.51,-260.01,-795.81
upside_sell,2026-08-19T21:30:00,0,69768.19,30.194,7.0,21.0,0.0022,,0.0188,0.6052,25.055,0.4505,3.6742,319.1086,816.82,58.4748,294.5,12.0433,fav,fav,53.11,290.12,-31.88,297.75,740.77
upside_sell,2026-08-19T22:35:00,0,69379.01,30.234,7.0,22.0,0.0046,-0.0025,0.3464,0.0,27.075,2.6143,1.6571,260.1786,306.83,8.0496,72.18,0.3951,fav,fav,39.28,96.76,188.64,90.71,85.36
upside_sell,2026-08-19T23:55:00,0,69338.82,30.432,7.0,0.0,0.0016,0.003,0.481,0.0,29.79,0.6658,1.6134,135.0514,13.62,0.3483,428.41,21.5081,adv,adv,-40.1,-167.21,-208.72,-240.2,-99.63
upside_sell,2026-08-20T01:30:00,0,69528.98,30.133,7.0,1.0,0.0037,0.0009,0.0668,0.0,35.225,0.9359,1.7748,167.7121,185.19,59.8661,330.98,15.2098,adv,adv,15.9,-34.23,-318.83,-199.2,156.26
upside_sell,2026-08-20T03:15:00,0,69131.94,30.897,7.0,3.0,0.002,0.0003,0.1979,0.0,40.455,3.7232,2.3488,122.31,246.45,6.5248,209.3,50.2144,fav,fav,32.73,155.52,87.86,-50.0,-160.29
upside_sell,2026-08-20T04:50:00,0,69445.32,30.304,7.0,4.0,0.0019,0.0003,0.0528,2.6722,44.08,1.3083,3.2553,107.2793,117.94,56.8856,188.04,30.774,adv,adv,-24.25,-14.46,-43.02,-164.9,108.92
upside_sell,2026-08-20T06:15:00,0,69468.1,30.472,7.0,6.0,0.0016,-0.0001,0.3333,0.0,44.885,1.625,1.7634,99.5457,16.7,0.0623,516.85,50.2531,adv,adv,-70.69,-152.67,-234.54,-362.67,-165.61
upside_sell,2026-08-20T07:50:00,0,69743.42,30.071,7.0,7.0,0.0019,0.0023,-0.3068,0.0,47.935,1.7559,2.1322,135.5629,56.44,2.3561,2029.47,58.7171,adv,adv,40.04,-21.48,-937.16,-1429.85,-1998.07
upside_sell,2026-08-20T08:50:00,0,71729.49,30.55,7.0,8.0,0.0022,0.0014,-0.0862,5.0932,51.535,0.1115,5.7156,357.9679,302.19,5.5345,285.86,26.1642,fav,neither,78.32,208.76,-174.42,-182.14,74.34
upside_sell,2026-08-20T10:10:00,0,72311.01,30.007,7.0,10.0,0.004,0.0006,-0.0876,0.0795,56.715,0.0845,2.8473,242.9193,611.47,27.5258,135.41,4.6639,fav,fav,72.65,-24.12,374.4,503.08,382.15
upside_sell,2026-08-20T11:30:00,0,72268.38,30.51,7.0,11.0,0.0049,0.0,0.1146,4.7041,59.94,0.036,3.1698,180.5629,826.49,33.7627,11.89,4.7174,fav,fav,80.77,48.4,158.69,490.56,605.45
upside_sell,2026-08-20T12:50:00,0,71823.98,30.598,7.0,12.0,0.0039,0.0028,-0.0518,0.0,63.315,0.6597,1.892,213.9536,754.71,41.6526,230.14,13.5005,adv,adv,-46.1,-48.29,-142.01,-51.15,91.36
upside_sell,2026-08-20T13:50:00,0,71711.08,30.46,7.0,13.0,0.0014,0.0031,0.0673,1.5206,64.2,1.3614,2.5873,249.4121,407.37,34.1143,232.71,17.6766,fav,fav,4.72,79.41,-95.22,95.93,-13.32
upside_sell,2026-08-20T14:50:00,0,71716.34,30.129,7.0,14.0,0.0026,0.0026,-0.1146,0.0,65.73,0.9539,1.7725,234.7664,103.99,1.127,1094.41,36.8135,adv,adv,56.58,-65.32,-468.08,-385.52,-725.2
upside_sell,2026-08-20T15:50:00,0,72430.1,30.035,7.0,15.0,0.0019,0.0005,0.0527,1.363,65.635,1.182,2.5739,319.0707,265.98,22.0269,283.31,50.8374,fav,neither,-55.85,88.98,15.47,122.33,-186.18
upside_sell,2026-08-20T16:55:00,0,72731.11,30.035,7.0,17.0,0.0025,0.0031,0.0529,8.2983,65.5,0.8471,2.949,193.4493,216.54,10.4218,233.43,52.2943,adv,fav,-41.62,-18.12,73.14,-83.73,-68.35
upside_sell,2026-08-20T19:20:00,0,72613.76,30.084,7.0,19.0,0.0014,0.0002,-0.153,0.0,66.555,0.7572,2.2142,144.7379,84.69,2.5853,186.88,59.1441,fav,adv,10.05,6.33,-104.17,-44.95,-187.04
upside_sell,2026-08-20T21:30:00,0,72778.06,30.404,7.0,21.0,0.002,0.0007,0.2566,0.0,64.755,2.2711,1.8112,132.8036,296.54,28.5008,47.37,0.9956,fav,fav,-51.68,-20.5,50.88,191.71,4.3
upside_sell,2026-08-20T22:50:00,0,72784.23,30.329,7.0,22.0,0.0017,0.0014,-0.1556,0.0,62.645,0.7387,2.6836,114.1029,142.81,5.7165,630.34,30.8916,fav,fav,12.03,108.53,-89.27,-383.0,-282.05
upside_sell,2026-08-21T00:05:00,0,73307.24,30.552,7.0,0.0,0.0025,0.0033,-0.3819,0.0,62.805,0.6337,3.085,163.8514,50.99,3.5494,677.84,21.6862,adv,adv,-0.42,-114.2,-505.27,-286.25,-639.41
upside_sell,2026-08-21T01:15:00,0,74592.95,30.24,7.0,1.0,0.009,0.0002,-0.1138,129.6077,63.665,0.9468,3.6174,301.0193,349.01,2.4626,1178.66,27.775,fav,fav,206.72,-11.86,-125.81,-841.21,-79.06
upside_sell,2026-08-21T03:20:00,0,74500.64,30.34,7.0,3.0,0.0017,0.004,-0.1123,0.0,67.885,2.7133,1.3834,211.6607,100.7,12.757,428.34,57.9691,adv,adv,-19.37,-107.03,-22.35,-180.2,-286.1
upside_sell,2026-08-21T04:30:00,0,74928.27,30.267,7.0,4.0,0.002,0.0004,0.1532,0.4341,69.175,0.2152,2.9162,182.3736,111.15,6.7066,557.05,42.9018,fav,adv,-31.33,63.1,-66.15,-92.34,-229.28
upside_sell,2026-08-21T06:30:00,0,75529.63,30.447,7.0,6.0,0.004,0.0002,-0.3325,4.6018,72.66,0.53,2.3465,198.35,282.25,9.7423,1356.18,41.1356,adv,fav,-0.23,-157.69,3.47,-176.5,-860.41
upside_sell,2026-08-21T07:35:00,0,76454.69,30.169,7.0,7.0,0.002,0.0026,-0.0431,0.7029,75.085,1.3532,3.8315,316.0164,274.21,19.039,1214.2,57.8088,adv,adv,-54.47,-159.36,94.87,-216.62,-1054.11
upside_sell,2026-08-21T08:45:00,0,78186.18,30.387,7.0,8.0,0.0037,0.0025,-0.0805,19.4675,76.815,0.1124,5.3947,372.44,952.11,16.7255,1337.06,8.7238,adv,adv,-134.06,-448.89,320.0,616.27,32.3
upside_sell,2026-08-21T10:10:00,0,78036.8,30.134,7.0,10.0,0.0032,0.002,-0.0491,0.9875,79.11,0.8192,1.5181,395.7121,733.02,57.9703,205.7,1.3478,adv,fav,-143.22,-89.58,119.38,151.73,547.24
upside_sell,2026-08-21T11:20:00,0,77391.42,30.314,7.0,11.0,0.0028,-0.0035,0.0642,1.0904,80.56,2.3786,0.7725,259.6307,993.63,9.2307,117.41,0.9853,fav,fav,-117.62,68.9,391.2,444.28,698.94
upside_sell,2026-08-21T12:35:00,0,77208.52,30.004,7.0,12.0,0.0069,0.0033,-0.0931,8.5767,82.375,0.1282,1.9064,372.0764,1002.63,55.5031,262.44,4.7731,adv,fav,-116.38,-212.32,-7.37,40.57,198.15
upside_sell,2026-08-21T13:35:00,0,76998.37,30.164,7.0,13.0,0.0051,-0.011,0.1246,41.7775,83.83,1.446,2.4536,324.4071,478.25,38.8586,713.45,10.6496,adv,adv,-119.03,-359.59,-367.74,-31.62,107.94
upside_sell,2026-08-21T14:40:00,0,77163.28,30.214,7.0,14.0,0.0036,0.0011,0.1331,0.0,86.035,1.3002,1.5426,419.195,25.57,0.291,705.93,29.8446,adv,adv,-72.74,-225.73,-149.99,-687.47,-362.73
upside_sell,2026-08-21T16:15:00,0,77037.17,30.505,7.0,16.0,0.0038,0.0018,0.109,1.8658,86.115,3.1265,1.1921,248.8357,2.24,2.1738,664.98,48.3428,adv,adv,-96.33,-77.96,-268.78,-478.09,-224.25
upside_sell,2026-08-21T17:25:00,0,77511.16,30.715,7.0,17.0,0.0044,0.0027,0.1674,0.0,86.005,0.9691,1.8667,193.4736,280.04,47.8535,125.82,2.3629,adv,fav,-31.32,-53.93,194.64,130.26,162.83
upside_sell,2026-08-21T18:55:00,0,77126.29,30.144,7.0,19.0,0.0038,0.0028,0.2163,0.574,86.7,2.0447,2.7685,197.8979,303.22,6.316,221.56,29.6779,fav,fav,87.17,208.69,51.23,-184.25,271.33
upside_sell,2026-08-21T21:10:00,0,77563.64,30.554,7.0,21.0,0.0033,,-0.2157,14.0452,89.885,1.3929,1.8137,170.1114,0.91,4.9261,1200.55,51.738,adv,adv,-78.05,-33.63,-675.11,-777.57,-1097.24
upside_sell,2026-08-21T22:50:00,0,78532.22,30.576,7.0,22.0,0.0031,-0.0003,0.3433,0.0599,95.475,0.7356,1.5101,310.6014,418.84,55.6762,195.56,26.7811,fav,fav,-9.3,139.16,7.16,-127.48,250.02
upside_sell,2026-08-22T02:25:00,0,78395.59,30.667,7.0,2.0,0.0023,0.0027,-0.0624,2.3082,92.25,0.5274,3.7335,166.4079,246.22,4.8917,401.99,58.9947,adv,fav,-69.04,170.92,-27.99,-51.54,-358.23
upside_sell,2026-08-22T04:20:00,0,78502.11,30.888,7.0,4.0,0.0029,-0.0017,0.0982,0.0073,92.27,1.8865,1.7653,180.1121,1978.65,46.0348,315.52,17.3138,adv,adv,-48.14,-54.88,-177.96,5.79,1396.7
upside_sell,2026-08-22T05:25:00,0,77205.46,30.67,7.0,5.0,0.0031,,0.3886,0.093,92.905,4.2893,1.8278,375.0429,309.55,1.1362,361.94,5.6837,fav,neither,210.26,-160.94,86.5,-190.53,-34.77
upside_sell,2026-08-22T06:35:00,0,77518.69,30.687,7.0,6.0,0.0053,0.0029,0.2455,0.1195,94.145,0.1333,2.0248,274.8086,316.62,38.0234,157.55,24.6134,fav,fav,-23.35,45.01,109.21,99.5,170.24
upside_sell,2026-08-23T04:10:00,0,77002.98,30.428,7.0,4.0,0.0024,0.0029,0.2506,0.0,45.515,1.2141,3.0973,109.9107,1213.47,59.3925,28.64,0.1604,fav,fav,17.64,208.58,45.66,187.15,956.09
upside_sell,2026-08-23T05:20:00,0,76309.54,30.949,7.0,5.0,0.0029,0.0048,0.1285,5.8092,44.73,2.7207,2.9481,251.8943,454.53,43.1409,29.17,4.7952,fav,fav,95.19,3.91,131.63,185.89,84.69
upside_sell,2026-08-23T08:05:00,0,76247.22,30.006,7.0,8.0,0.0023,0.0015,-0.1739,0.0059,43.35,0.8094,3.27,114.3129,84.9,1.003,415.21,30.7403,fav,adv,71.6,28.66,38.3,-172.91,-345.34
upside_sell,2026-08-23T11:20:00,0,77257.52,30.738,7.0,11.0,0.004,0.0011,-0.1031,25.4064,40.37,0.351,3.9408,137.3529,264.31,46.3742,142.95,28.8346,fav,fav,42.83,124.17,-86.59,-64.24,173.83
upside_sell,2026-08-23T13:15:00,0,77588.72,30.041,7.0,13.0,0.0042,-0.0,-0.2438,17.0622,39.88,1.6472,5.516,107.505,274.28,47.2194,57.02,4.4179,fav,fav,166.51,45.4,195.19,123.31,89.14
upside_sell,2026-08-23T15:20:00,0,77186.55,30.063,7.0,15.0,0.0025,0.0007,0.2134,0.0,40.825,1.5872,2.0973,195.0771,74.26,8.4935,133.86,51.1937,adv,neither,-28.64,-33.62,-74.03,12.51,-92.39
upside_sell,2026-08-23T21:00:00,0,77640.7,30.443,7.0,21.0,0.0036,0.0007,0.4837,5.723,40.905,0.6538,5.8267,78.4979,107.45,37.979,419.17,23.9732,fav,adv,12.89,16.04,-353.87,-221.3,-60.05
upside_sell,2026-08-24T00:55:00,0,77663.28,30.152,7.0,1.0,0.0024,0.0017,-0.1909,0.0871,45.74,0.4681,2.8808,181.3143,755.72,59.468,67.27,4.0027,fav,fav,67.49,96.23,239.41,410.18,718.23
upside_sell,2026-08-24T02:10:00,0,77388.13,30.236,7.0,2.0,0.0031,0.0024,0.1493,1.6557,47.555,0.4437,2.8024,184.8007,189.16,59.5564,167.57,21.0374,adv,fav,-51.56,-78.53,-51.99,-37.55,166.66
upside_sell,2026-08-24T05:10:00,0,77112.7,30.176,7.0,5.0,0.0024,0.0011,-0.3131,0.1901,49.93,0.944,3.1793,146.0993,263.92,21.3684,362.86,59.8578,fav,fav,-32.28,75.6,93.01,-24.08,-364.22
upside_sell,2026-08-24T06:10:00,0,77464.92,30.672,7.0,6.0,0.0025,0.0017,-0.2123,1.4017,48.865,0.0413,3.5853,172.8286,241.34,24.7858,332.56,57.2223,fav,fav,76.22,102.23,88.09,85.53,-253.57
upside_sell,2026-08-24T07:10:00,0,77700.16,30.001,7.0,7.0,0.0025,,-0.2172,2.1989,48.495,0.7075,3.6203,132.6093,510.5,46.9073,13.79,0.037,fav,fav,30.97,103.66,183.49,340.18,482.31
upside_sell,2026-08-24T11:30:00,0,78271.58,30.771,7.0,11.0,0.0039,0.0003,-0.0723,7.0716,51.185,0.1872,4.9856,170.9314,317.03,40.8375,462.69,56.9975,adv,adv,-47.12,-223.76,78.02,86.32,-336.52
upside_sell,2026-08-24T12:45:00,0,78942.68,30.302,7.0,12.0,0.0031,0.0023,-0.155,11.2991,54.225,0.1555,3.7962,261.2179,1114.33,55.5627,491.74,20.8463,adv,adv,-267.6,-247.05,-170.05,-69.51,747.33
upside_sell,2026-08-24T13:55:00,0,78651.33,30.343,7.0,14.0,0.0028,0.0036,0.1034,1.427,55.965,2.339,2.4797,333.3007,90.97,3.7625,1181.52,41.607,adv,adv,-190.56,-73.37,-594.2,-701.31,-844.5
upside_sell,2026-08-24T14:55:00,0,79478.35,30.223,7.0,15.0,0.0026,0.0003,0.0556,0.0,57.32,0.9594,2.5188,365.8429,680.9,57.3992,523.94,31.6638,adv,adv,102.19,38.46,-112.52,-340.32,273.93
upside_sell,2026-08-24T17:05:00,0,79106.88,30.904,7.0,17.0,0.0041,-0.0063,0.4068,0.0377,61.45,2.8503,1.97,265.5236,652.57,14.8572,88.97,2.1069,fav,fav,-63.79,138.76,565.01,300.0,228.3
upside_sell,2026-08-24T20:05:00,0,78764.22,30.596,7.0,20.0,0.0027,,-0.1809,0.0,68.18,1.8288,1.1477,194.1864,163.73,5.2414,247.72,53.3638,fav,adv,40.03,132.68,54.58,-194.22,-228.26
upside_sell,2026-08-25T00:40:00,0,79427.71,30.094,7.0,0.0,0.005,0.0008,-0.0711,6.0586,64.82,-0.0162,4.4826,160.9729,8.26,0.0785,554.35,18.4195,adv,adv,-212.8,-161.65,-303.67,-175.07,-317.89
upside_sell,2026-08-25T01:55:00,0,79821.05,30.483,7.0,2.0,0.0027,0.0019,-0.0958,0.0,65.81,0.6626,1.5234,237.7043,94.93,1.7514,1453.44,42.0352,adv,adv,55.6,-14.18,-46.48,-1149.24,-874.39
upside_sell,2026-08-25T12:10:00,0,79062.6,30.344,7.0,12.0,0.0032,0.0061,0.229,0.0,72.865,2.2829,2.2266,182.1307,443.3,10.8571,28.24,52.0159,fav,fav,37.51,153.01,233.84,134.14,248.42
upside_sell,2026-08-25T13:30:00,0,79055.27,30.005,7.0,13.0,0.005,0.0028,-0.0386,0.0,72.035,0.3693,2.2899,219.19,951.61,17.7641,325.29,58.2406,adv,fav,-148.33,75.76,583.01,214.21,-166.87
upside_sell,2026-08-25T17:30:00,0,79002.31,30.733,7.0,17.0,0.003,,0.2656,0.0,66.405,2.2021,1.5846,164.47,8.3,0.3842,381.25,38.178,adv,adv,-34.15,-73.21,-153.25,-230.19,-193.05
upside_sell,2026-08-25T21:10:00,0,78212.25,30.089,7.0,21.0,0.0039,0.0003,-0.2931,0.0585,64.995,3.4932,1.7506,215.49,16.37,0.1611,736.44,59.5475,adv,adv,-105.62,-89.78,-255.49,-390.71,-721.63
upside_sell,2026-08-26T02:25:00,0,79130.89,30.085,7.0,2.0,0.003,0.0008,-0.2098,5.8492,64.395,0.848,3.5436,120.2807,152.27,49.0699,110.1,3.2575,adv,fav,-54.12,-63.91,-35.63,35.16,98.36
upside_sell,2026-08-26T05:20:00,0,79027.59,31.207,7.0,5.0,0.0034,-0.0,0.3437,0.0,59.47,0.6201,2.814,142.8536,215.43,59.7135,180.83,41.2508,fav,adv,48.23,-1.22,-34.87,51.07,170.05
upside_sell,2026-08-26T13:30:00,0,78279.57,30.047,7.0,13.0,0.0036,0.0031,0.01,0.0416,56.24,0.8591,1.6271,238.7957,167.36,17.7605,325.98,36.0847,adv,adv,-3.43,-155.99,-80.94,-226.3,139.63
upside_sell,2026-08-26T15:05:00,0,77923.44,30.218,7.0,15.0,0.0034,-0.001,0.3988,0.0,56.04,3.3513,1.5063,202.4943,208.49,5.3839,247.64,58.0976,fav,fav,-2.72,85.07,-54.39,-146.06,-186.66
upside_sell,2026-08-26T16:45:00,0,78063.82,30.091,7.0,16.0,0.0028,-0.0013,0.1954,0.0189,55.01,0.7682,1.4975,146.0329,103.32,6.986,557.57,50.7341,fav,adv,-49.47,19.74,-2.36,-214.3,-372.85
upside_sell,2026-08-27T01:45:00,0,78955.57,30.596,7.0,1.0,0.0031,0.0018,0.0899,0.0,51.0,0.1946,2.7692,145.7507,254.53,50.423,69.24,1.0806,fav,fav,-51.48,-17.3,37.04,125.36,216.32
upside_sell,2026-08-27T08:00:00,0,79358.37,30.995,7.0,8.0,0.0044,,-0.1492,36.2307,47.47,1.4352,6.1896,101.9157,85.59,0.4262,668.25,40.3766,fav,adv,42.56,-443.88,-116.03,-429.61,-386.7
upside_sell,2026-08-27T09:25:00,0,80347.4,30.483,7.0,9.0,0.0051,-0.0024,-0.1921,55.6711,48.61,1.03,3.7886,178.72,1005.7,56.3102,68.53,1.5103,fav,fav,-46.18,132.76,93.39,405.16,747.81
upside_sell,2026-08-27T13:50:00,0,79378.01,30.044,7.0,13.0,0.0034,-0.0021,0.3446,0.0,48.19,0.711,2.9386,162.3514,30.65,1.6479,1028.73,49.2218,adv,adv,-51.2,-154.3,-59.87,-420.07,-736.23
upside_sell,2026-08-28T01:15:00,0,81087.43,30.011,7.0,1.0,0.0028,0.0028,-0.4584,22.8155,49.57,0.003,4.2343,172.4271,1034.42,57.9319,427.03,12.8209,fav,adv,5.44,-9.16,-84.97,301.28,932.89
upside_sell,2026-08-28T04:10:00,0,79918.76,30.297,7.0,4.0,0.0027,-0.0088,-0.0572,0.0209,53.955,1.0926,2.3297,135.8893,353.71,54.309,68.24,3.8722,adv,fav,-50.76,8.72,67.68,204.58,255.16
upside_sell,2026-08-28T13:50:00,0,79394.48,30.828,7.0,13.0,0.0027,0.0015,-0.2008,0.0053,48.49,0.625,2.446,155.62,957.86,17.8095,341.34,4.883,adv,adv,-53.79,-168.54,494.06,564.18,-101.84
upside_sell,2026-08-28T16:35:00,0,77869.8,30.079,7.0,16.0,0.0025,-0.0016,-0.216,0.6497,49.26,3.6351,2.8059,358.6764,222.49,24.8211,263.35,39.3257,fav,neither,4.65,33.54,57.53,59.0,107.61
upside_sell,2026-08-28T17:45:00,0,77933.45,30.383,7.0,17.0,0.0024,0.0012,-0.2164,0.0,49.71,1.0168,1.501,192.9586,679.1,58.4362,66.57,0.4152,fav,fav,-34.26,44.48,28.81,275.24,627.03
upside_sell,2026-08-28T18:50:00,0,77438.04,30.317,7.0,18.0,0.0025,0.0018,0.4619,0.0,50.235,3.2706,1.2127,154.3579,87.97,53.5588,385.25,25.6718,adv,adv,-37.57,-144.71,-240.25,-311.53,-3.82
upside_sell,2026-08-29T14:40:00,0,77935.31,30.156,7.0,14.0,0.0022,-0.0033,-0.392,3.0208,28.04,1.3546,4.5911,63.9743,122.39,46.3764,230.74,1.8911,adv,adv,-48.18,-52.48,-51.88,-1.84,64.56
upside_sell,2026-08-30T12:05:00,0,78608.16,30.46,7.0,12.0,0.0041,-0.0068,-0.5515,4.4079,20.37,0.0604,6.7274,75.6086,126.82,10.7232,254.63,22.631,adv,adv,-66.52,1.5,77.99,16.77,-83.38
upside_sell,2026-08-30T16:10:00,0,79211.16,30.246,7.0,16.0,0.0037,-0.0014,0.2218,15.4845,22.29,0.2829,4.2127,141.3386,210.02,7.6175,202.46,42.2957,fav,fav,54.57,161.97,153.02,23.78,52.01
upside_sell,2026-08-30T20:45:00,0,78687.58,30.5,7.0,20.0,0.0023,-0.0046,0.5252,0.0,23.61,2.167,2.438,111.9871,470.62,11.8711,59.59,2.9927,adv,fav,-22.68,-5.57,240.57,72.06,107.07
upside_sell,2026-08-30T23:50:00,0,77580.61,30.494,7.0,23.0,0.0027,0.0045,0.2008,0.1794,27.935,3.6495,2.3476,255.0814,151.39,14.6791,601.22,41.3031,adv,adv,-64.75,-32.54,110.75,-392.52,-415.17
upside_sell,2026-08-31T02:10:00,0,77885.79,30.87,7.0,2.0,0.0026,0.0019,-0.4509,0.025,32.9,0.6297,2.2167,172.0407,513.83,40.7435,65.28,2.0592,fav,fav,-32.08,-4.85,22.65,155.11,241.55
upside_sell,2026-08-31T03:20:00,0,77718.59,30.28,7.0,3.0,0.0024,0.0004,0.3512,0.0,35.64,1.5606,2.7119,129.1107,235.22,58.5953,153.1,20.4993,fav,adv,-17.7,24.43,-53.07,-53.71,162.15
upside_sell,2026-08-31T05:15:00,0,78031.79,30.41,7.0,5.0,0.0035,0.0006,-0.3824,7.1915,37.545,0.2545,4.7273,124.0393,193.34,46.2372,123.83,5.3951,fav,fav,10.24,-94.63,-24.32,43.97,-16.81
upside_sell,2026-08-31T08:40:00,0,78339.21,30.436,7.0,8.0,0.0021,0.0012,-0.1054,5.6406,42.005,1.0593,3.1427,119.1171,44.02,1.5943,452.97,23.7041,adv,adv,-5.56,-8.75,-131.12,-257.7,-398.5
upside_sell,2026-08-31T12:00:00,0,78515.57,30.215,7.0,12.0,0.0028,,0.0114,0.1004,46.04,1.4873,2.62,106.9414,843.29,35.8553,7.0,0.0,fav,fav,6.58,117.65,115.79,414.88,464.75
upside_sell,2026-08-31T14:25:00,0,77979.12,30.55,7.0,14.0,0.0032,0.0025,-0.1328,0.0,48.375,1.1158,1.0834,257.7557,31.28,1.9183,701.44,30.0267,adv,adv,-130.37,-8.04,-555.99,-678.99,-450.52
upside_sell,2026-08-31T17:35:00,0,78786.26,30.294,7.0,17.0,0.0022,0.0014,0.1133,0.0,50.73,0.686,2.1353,147.3514,27.95,25.4442,298.68,38.6805,adv,adv,-83.76,-114.52,-146.28,-62.5,-210.06
upside_sell,2026-08-31T18:40:00,0,79073.44,30.353,7.0,18.0,0.0024,0.0015,-0.2361,8.6433,51.29,0.9317,2.1208,150.2371,155.0,56.7225,185.35,28.7167,fav,adv,12.35,33.22,-0.57,-47.14,102.34
upside_sell,2026-09-01T02:30:00,0,78377.24,30.146,7.0,2.0,0.0019,0.0009,-0.407,0.0,46.585,1.6092,1.8853,119.5229,80.53,2.5372,375.68,59.658,fav,adv,20.52,43.84,-16.38,-84.14,-332.22
upside_sell,2026-09-01T03:30:00,0,78697.46,30.159,7.0,3.0,0.003,0.0009,-0.2852,1.9974,46.125,0.4995,3.8863,104.0193,78.28,38.4224,211.14,50.8899,adv,adv,-112.24,-117.6,-3.65,13.62,-25.82
upside_sell,2026-09-01T05:00:00,0,78889.22,30.824,7.0,5.0,0.0023,-0.0001,0.0367,0.0,46.09,0.5953,2.7986,97.7414,125.77,16.4167,322.51,50.4973,adv,fav,-29.73,24.14,69.36,-151.26,-187.62
upside_sell,2026-09-01T09:40:00,0,77996.19,30.011,7.0,9.0,0.0018,0.0015,0.0401,0.0,45.59,0.317,2.0803,117.255,274.17,32.6874,184.82,56.2847,fav,fav,-18.12,56.99,106.8,104.9,-123.15
upside_sell,2026-09-01T12:40:00,0,77911.97,30.509,7.0,12.0,0.002,0.0005,-0.2223,0.0054,45.425,1.8768,1.5823,135.5529,516.29,21.3232,144.5,2.8212,adv,adv,-16.63,-79.84,-63.02,130.21,2.31
upside_sell,2026-09-01T13:40:00,0,77897.66,30.768,7.0,13.0,0.0037,-0.0004,0.1357,0.891,45.3,0.7024,2.286,221.1214,77.88,0.1696,513.69,24.2457,adv,adv,0.02,-233.32,-196.46,-411.4,-460.6
upside_sell,2026-09-01T16:45:00,0,77572.24,30.114,7.0,16.0,0.0019,0.0019,-0.0022,0.0,44.5,3.0521,1.8815,164.4593,255.42,56.2644,135.52,43.9042,fav,fav,2.88,-47.98,-3.82,-36.23,131.08
upside_sell,2026-09-01T18:45:00,0,76826.52,31.659,7.0,18.0,0.0027,,0.0839,34.1608,44.305,2.9713,2.2167,205.7593,7.6,0.0031,637.4,37.1982,adv,adv,-69.15,-88.96,-431.07,-400.13,-449.91
upside_sell,2026-09-01T20:10:00,0,77422.74,31.377,7.0,20.0,0.002,-0.0004,-0.0662,0.0,44.81,0.2859,2.4708,131.81,396.16,57.3091,77.46,45.7428,fav,fav,49.42,56.43,48.81,55.5,346.91
upside_sell,2026-09-01T21:20:00,0,77186.45,30.82,7.0,21.0,0.0026,0.0019,0.0624,0.0,45.425,2.4668,2.4959,125.7707,196.39,9.3756,101.6,38.5204,fav,fav,-36.31,69.3,63.82,-31.58,38.16
upside_sell,2026-09-01T22:45:00,0,77285.62,30.192,7.0,22.0,0.0021,0.0002,0.3195,0.0,46.07,0.1766,2.8094,106.8771,113.29,14.6723,322.06,58.1677,fav,fav,7.19,3.3,82.31,21.74,-263.36
upside_sell,2026-09-02T01:55:00,0,76994.47,30.833,7.0,2.0,0.0025,0.0026,0.1536,0.0,47.245,2.5569,2.4385,132.6714,96.74,5.0936,312.32,28.3912,fav,adv,27.57,68.46,-102.87,-238.85,-282.97
upside_sell,2026-09-02T03:00:00,0,77409.72,30.563,7.0,3.0,0.0019,0.0,-0.2108,2.0131,48.045,0.2316,3.8494,133.9136,40.59,0.5828,355.96,21.0529,adv,adv,2.51,-31.05,-133.56,-79.84,-55.37
upside_sell,2026-09-02T09:00:00,0,76990.2,30.094,7.0,9.0,0.002,0.0029,-0.1951,0.0,46.9,3.8744,2.2103,134.4943,553.94,40.8199,22.52,2.5533,fav,fav,28.35,22.44,108.34,313.46,372.04
upside_sell,2026-09-02T10:55:00,0,76646.18,30.459,7.0,11.0,0.0022,0.0049,0.2469,0.0,48.225,0.5772,3.4146,136.38,331.44,26.0742,164.04,59.2802,fav,fav,46.54,97.92,-15.83,165.93,-109.09
upside_sell,2026-09-02T13:00:00,0,76789.1,30.688,7.0,13.0,0.0024,0.0039,0.4537,0.0,49.37,1.7155,1.7595,130.7929,219.11,32.4704,625.3,40.2548,fav,adv,-33.43,31.72,14.41,87.01,-269.97
upside_sell,2026-09-02T14:10:00,0,77255.99,30.09,7.0,14.0,0.0018,,-0.0111,0.0,48.925,0.6708,2.9859,230.9171,553.63,58.2359,219.95,6.7362,adv,fav,-26.01,-10.1,63.65,10.42,471.83
upside_sell,2026-09-02T15:15:00,0,76976.77,30.052,7.0,15.0,0.0039,0.0012,-0.0195,0.0,49.04,2.3279,1.3052,212.9214,74.88,1.2434,550.34,59.821,adv,adv,24.51,8.18,-269.97,-155.75,-521.49
upside_sell,2026-09-02T17:40:00,0,77304.99,30.248,7.0,17.0,0.0021,0.0006,0.0829,0.0,49.55,0.2084,2.9953,128.0529,44.4,55.827,199.48,33.3394,adv,adv,-15.4,-55.52,-37.3,-118.49,-0.77
upside_sell,2026-09-02T20:00:00,0,77426.36,30.869,7.0,20.0,0.002,0.0011,-0.3649,0.0,47.2,0.367,3.3357,102.6479,242.87,13.2395,81.2,1.5669,adv,fav,-10.64,48.94,173.44,-35.2,109.3
upside_sell,2026-09-02T21:35:00,0,77346.13,30.448,7.0,21.0,0.0019,-0.001,0.4346,0.0,46.87,1.1735,1.4651,91.65,356.1,48.9661,69.15,4.7243,adv,fav,-16.36,-45.18,24.42,252.62,221.34
upside_sell,2026-09-03T01:05:00,0,77230.88,30.219,7.0,1.0,0.0018,0.0019,0.0514,0.0,45.615,0.5182,2.683,112.9557,32.71,0.3846,290.62,24.5666,adv,adv,-34.53,-87.85,-124.99,-196.29,-50.82
upside_sell,2026-09-03T02:10:00,0,77440.3,30.829,7.0,2.0,0.0029,0.002,-0.3754,0.0,45.285,0.5322,1.6533,146.0093,44.44,4.955,444.21,19.7226,adv,adv,2.34,32.11,-90.73,-281.59,-331.95
upside_sell,2026-09-03T05:30:00,0,77330.55,30.262,7.0,5.0,0.0018,0.0005,0.0425,0.0,45.365,3.7801,2.1472,124.6714,6.67,0.4129,493.21,24.5923,adv,adv,-23.15,-48.19,-176.08,-385.19,-426.92
upside_sell,2026-09-03T07:00:00,0,78061.3,30.096,7.0,7.0,0.0042,,-0.3164,7.2081,45.79,0.5624,3.8367,105.4921,493.18,52.203,92.71,0.4466,adv,fav,13.36,80.14,152.42,182.66,120.39
upside_sell,2026-09-03T08:00:00,0,77929.35,30.066,7.0,8.0,0.0024,,-0.1196,0.0,46.785,1.4415,2.3773,153.4221,208.92,46.3289,111.31,2.1717,adv,fav,-75.05,15.55,40.28,17.06,144.07
upside_sell,2026-09-03T10:50:00,0,77736.81,30.907,7.0,10.0,0.0019,0.0004,-0.2613,0.0,45.28,0.0885,2.7594,109.1293,72.89,3.5248,244.88,50.9387,fav,adv,3.6,38.09,-15.05,-156.77,-170.76
upside_sell,2026-09-03T12:30:00,0,78170.65,30.997,7.0,12.0,0.0043,-0.0024,0.3908,31.1771,44.91,1.9723,2.5591,130.4807,2.49,0.0887,586.76,23.4214,adv,adv,-40.64,-133.68,-186.3,-398.9,-466.05
upside_sell,2026-09-03T14:20:00,0,79408.48,30.265,7.0,14.0,0.0045,0.0008,-0.1201,50.5852,45.28,0.3072,4.9085,199.9186,-7.0,0.0,1560.25,38.5603,adv,adv,-67.39,-247.82,-313.31,-812.8,-1273.89
upside_sell,2026-09-03T15:20:00,0,80670.37,30.587,7.0,15.0,0.0018,0.0032,-0.0472,5.8214,45.41,0.8604,3.8755,342.695,49.59,0.5155,709.73,33.9644,adv,adv,28.66,-75.16,-276.15,-613.33,17.52
upside_sell,2026-09-03T16:30:00,0,80839.07,30.652,7.0,16.0,0.0022,0.0017,0.001,0.0,46.165,2.131,0.9018,252.2421,82.93,8.4993,309.33,42.2151,adv,adv,-48.48,-10.33,-168.55,-163.93,-277.98
upside_sell,2026-09-03T19:00:00,0,81575.02,30.042,7.0,19.0,0.0022,0.0009,-0.0763,5.7022,47.97,0.477,4.4716,151.4507,404.47,1.3008,244.55,51.7525,fav,fav,328.97,251.09,141.16,143.71,-32.59
upside_sell,2026-09-03T21:10:00,0,81554.98,30.724,7.0,21.0,0.0025,0.0009,0.1333,0.0,50.09,0.598,1.5702,167.0993,270.64,57.7751,757.56,19.1343,adv,adv,-44.35,-59.94,-346.09,-6.77,149.49
upside_sell,2026-09-04T00:30:00,0,81308.6,30.507,7.0,0.0,0.002,0.0021,-0.2999,0.0,54.505,0.372,1.5584,145.26,524.61,51.7151,134.41,6.463,adv,fav,-26.54,-117.3,203.6,357.93,501.83
upside_sell,2026-09-04T12:50:00,0,79531.37,30.054,7.0,12.0,0.0021,-0.0031,-0.0111,0.102,56.21,5.401,1.1075,339.0936,555.05,40.9647,171.13,52.4503,fav,fav,149.81,116.36,285.66,24.62,227.8
upside_sell,2026-09-04T14:20:00,0,79312.34,30.285,7.0,14.0,0.0019,-0.0015,0.108,2.9929,57.5,1.3397,1.1764,288.6121,671.24,24.6906,159.47,9.9102,adv,fav,-73.28,-66.46,14.4,425.66,-24.05
upside_sell,2026-09-04T15:35:00,0,79544.65,30.427,7.0,15.0,0.0021,0.002,0.1909,1.3226,56.605,0.0223,4.1112,220.6314,169.59,20.2898,291.2,53.0709,fav,adv,-1.29,1.64,70.97,66.09,-205.47
upside_sell,2026-09-06T05:35:00,0,80057.24,30.206,7.0,5.0,0.0021,0.0002,-0.2529,10.1258,19.47,1.1259,4.5161,58.8671,244.1,49.7099,47.82,1.1348,adv,fav,-37.8,19.96,55.57,101.01,219.17
upside_sell,2026-09-06T23:00:00,0,80242.62,30.245,7.0,23.0,0.0022,,-0.2857,15.3199,21.71,1.0513,4.7443,126.9021,145.2,20.504,332.37,41.0344,fav,fav,58.32,23.81,8.15,21.03,-130.14
upside_sell,2026-09-07T02:35:00,0,80299.0,30.606,7.0,2.0,0.0045,0.0005,-0.0222,2.9633,24.705,1.2696,4.8739,106.6443,633.16,59.6603,81.37,0.8264,adv,fav,-61.3,74.85,207.37,468.97,621.72
upside_sell,2026-09-07T14:50:00,0,79199.62,30.869,7.0,14.0,0.002,0.0012,-0.4762,0.0,30.84,1.7954,2.2846,114.4643,531.95,46.7636,22.46,1.4546,fav,fav,-20.22,14.48,120.26,129.79,375.39
upside_sell,2026-09-07T22:45:00,0,78946.93,30.626,7.0,22.0,0.0016,0.0,0.331,0.0001,31.565,2.4937,1.6671,103.6757,75.22,7.5287,252.57,59.1411,fav,adv,-3.37,5.47,-13.59,-131.78,-225.78
upside_sell,2026-09-08T00:30:00,0,79167.23,30.06,7.0,0.0,0.0021,0.0011,-0.0525,0.0,30.9,0.3077,2.3429,93.4864,18.64,0.9874,287.51,47.675,adv,adv,13.63,-50.93,-82.14,-155.21,-158.02
upside_sell,2026-09-08T02:20:00,0,79410.21,31.26,7.0,2.0,0.0018,-0.0002,0.3119,0.2963,30.43,0.6837,1.9561,91.3714,703.9,56.6768,15.15,0.0892,fav,fav,18.04,177.79,251.03,433.95,593.71
upside_sell,2026-09-08T03:30:00,0,78938.07,30.117,7.0,3.0,0.0018,0.0016,0.2052,0.0,30.415,2.2237,1.9596,120.0543,208.58,50.0552,40.75,0.3049,fav,fav,-10.85,19.45,27.08,56.86,130.73
upside_sell,2026-09-08T05:15:00,0,78845.85,30.704,7.0,5.0,0.002,0.0006,-0.1501,0.0,30.285,0.1188,2.9272,115.8114,444.93,59.9776,12.16,6.7802,fav,fav,23.89,21.03,189.07,188.83,406.98
upside_sell,2026-09-08T07:55:00,0,78366.69,30.621,7.0,8.0,0.0019,0.0014,0.1418,0.0,31.995,1.8654,1.9385,112.9771,109.45,1.7887,201.61,45.263,fav,adv,29.84,3.54,-17.57,-77.07,-2.93
upside_sell,2026-09-08T13:55:00,0,77986.14,30.699,7.0,14.0,0.0017,0.0026,0.1107,0.0044,36.71,3.0649,2.2578,173.3229,167.43,1.8161,626.8,49.0748,fav,adv,53.98,-47.46,-267.16,-352.19,-565.28
upside_sell,2026-09-08T18:05:00,0,78686.82,30.031,7.0,18.0,0.0016,0.0001,-0.2965,0.0,39.665,0.3785,2.0077,103.26,424.4,42.5682,128.84,14.1549,fav,adv,-30.26,-3.92,-79.09,95.26,245.25
upside_sell,2026-09-09T04:00:00,0,78926.1,30.226,7.0,4.0,0.0038,0.001,-0.2222,0.0113,39.265,0.1181,5.1109,77.115,188.2,5.5299,278.96,39.601,fav,fav,16.56,170.19,125.98,26.89,-187.91
upside_sell,2026-09-09T05:10:00,0,79263.72,30.374,7.0,5.0,0.0019,0.0016,-0.4209,1.7035,39.3,0.6652,4.2308,118.3907,431.4,33.4392,98.86,1.5926,adv,fav,-50.7,-48.0,140.96,349.67,173.21
upside_sell,2026-09-09T06:10:00,0,79078.51,30.752,7.0,6.0,0.0019,0.0035,-0.5488,0.0,38.865,2.2491,2.0015,124.75,-2.18,0.089,317.42,51.9589,adv,adv,-24.25,-89.89,-129.15,-84.6,-213.92
upside_sell,2026-09-09T08:25:00,0,79626.32,30.086,7.0,8.0,0.0016,-0.0011,-0.2681,4.525,37.96,0.7675,4.4463,105.2414,220.3,59.6534,140.18,5.7327,adv,adv,-3.08,-81.91,-19.51,-14.15,198.28
upside_sell,2026-09-09T11:45:00,0,79149.76,31.021,7.0,11.0,0.0017,0.0011,0.3339,0.0083,38.705,0.1743,3.5635,121.5393,16.68,0.1623,474.71,59.5134,adv,adv,-193.9,-123.37,-135.56,-228.91,-455.13
upside_sell,2026-09-09T14:25:00,0,79220.28,30.418,7.0,14.0,0.0044,0.0006,-0.2475,0.0,38.735,2.0055,1.6441,226.0871,1176.7,54.3452,182.52,5.9279,adv,fav,4.82,-105.77,259.83,208.15,875.87
upside_sell,2026-09-09T15:25:00,0,78332.41,30.525,7.0,15.0,0.0037,-0.0079,0.3211,0.0001,39.11,3.4153,0.9358,312.3814,-7.0,0.0,448.63,34.1978,adv,adv,-100.23,-275.84,-287.79,-223.87,-346.47
upside_sell,2026-09-09T16:25:00,0,78668.35,30.241,7.0,16.0,0.0016,-0.0,0.1451,0.0001,39.655,0.4952,1.6124,220.4786,-5.53,0.0168,279.71,3.6411,adv,adv,-49.62,-154.03,-92.75,-111.84,-167.26
upside_sell,2026-09-09T20:30:00,0,78301.62,31.012,7.0,20.0,0.0018,-0.0041,0.609,0.0,39.035,1.836,3.2079,124.1829,214.4,14.9043,36.57,30.0337,fav,fav,-9.18,3.48,195.43,-38.5,131.37
upside_sell,2026-09-09T23:00:00,0,78103.66,30.389,7.0,23.0,0.0025,0.001,0.1082,0.0,40.19,0.0792,2.817,124.9486,28.73,11.0464,269.04,59.6611,adv,adv,-24.6,-86.31,-35.72,-132.07,-229.62
upside_sell,2026-09-10T01:00:00,0,78325.6,30.618,7.0,1.0,0.0017,0.0004,-0.0934,0.0,40.92,0.4268,2.455,102.1536,396.01,34.1725,169.5,3.9367,adv,adv,-30.59,-69.72,103.96,297.29,294.68
upside_sell,2026-09-10T02:30:00,0,78124.58,30.782,7.0,2.0,0.0019,0.0009,0.0169,0.0,41.37,0.9329,1.6769,118.3671,25.61,1.336,418.76,29.2591,adv,adv,-10.57,-61.19,-158.81,-321.81,-195.38
upside_sell,2026-09-10T05:10:00,0,78418.76,30.446,7.0,5.0,0.0019,,-0.4214,0.0,41.145,0.6428,2.2945,78.2943,142.47,59.2024,125.0,43.0701,fav,fav,50.43,52.02,-59.43,8.84,134.31
upside_sell,2026-09-10T06:45:00,0,78459.82,30.183,7.0,6.0,0.0032,0.0007,-0.1859,0.0,40.655,0.8345,3.4316,96.3921,574.84,44.0402,47.47,0.2237,fav,fav,-46.47,31.66,279.65,287.42,400.31
upside_sell,2026-09-10T10:35:00,0,77994.79,30.694,7.0,10.0,0.0015,0.0001,0.4532,0.0,39.225,0.2404,2.2538,91.0871,333.94,24.2217,40.49,55.332,fav,fav,-38.49,14.5,117.7,164.49,-10.48
upside_sell,2026-09-10T13:00:00,0,77007.25,30.963,7.0,13.0,0.0018,0.004,-0.2002,0.0,39.76,3.8647,1.5391,242.3307,292.72,14.7902,315.72,56.8971,fav,fav,-6.91,-14.8,221.35,149.22,-170.52
upside_sell,2026-09-10T14:20:00,0,77302.4,30.23,7.0,14.0,0.0031,-0.0014,0.0156,0.0865,40.225,0.153,2.7149,207.475,200.66,59.9511,105.4,31.1942,adv,neither,82.06,8.21,76.33,-57.47,193.02
upside_sell,2026-09-10T15:35:00,0,77207.2,32.429,7.0,15.0,0.0016,0.0014,-0.0955,0.0,39.625,1.6106,1.2352,122.3793,447.68,54.7127,82.84,20.5955,fav,fav,24.76,0.98,95.25,286.54,228.05
upside_sell,2026-09-10T16:35:00,0,76968.28,31.462,7.0,16.0,0.0024,0.0003,0.2776,0.5045,39.005,2.1231,1.416,149.9,33.1,3.1994,550.32,55.4749,adv,adv,-40.19,-91.69,-111.03,-186.84,-342.41
upside_sell,2026-09-10T18:50:00,0,77209.23,30.226,7.0,18.0,0.002,0.0002,-0.2247,0.0,39.475,1.5355,2.4707,107.7614,160.4,55.8343,64.53,48.5597,fav,fav,-9.46,9.16,36.71,18.38,93.99
upside_sell,2026-09-10T20:05:00,0,77254.9,30.714,7.0,20.0,0.0015,-0.0003,0.32,0.0,39.19,0.2057,2.1971,95.385,55.98,38.058,75.26,11.8698,adv,neither,-23.66,-23.96,5.21,11.03,-19.78
upside_sell,2026-09-10T22:45:00,0,76921.1,30.104,7.0,22.0,0.0014,0.0002,0.1717,0.0,37.365,3.0719,1.2868,91.4907,485.03,24.5453,18.51,0.2019,fav,fav,2.38,78.26,67.49,216.21,205.91
upside_sell,2026-09-11T00:05:00,0,76791.37,30.092,7.0,0.0,0.0016,0.0021,-0.1443,0.0,38.95,0.0778,2.2366,160.42,131.79,21.3085,195.11,54.3744,fav,adv,-10.3,-23.55,-8.57,34.47,-151.37
upside_sell,2026-09-11T01:40:00,0,76854.23,30.417,7.0,1.0,0.0016,0.0002,-0.0777,0.0,38.85,1.1071,1.8216,116.2979,113.51,42.032,139.49,19.8838,fav,adv,64.09,-11.77,-118.89,-82.75,-18.6
upside_sell,2026-09-11T04:25:00,0,77160.96,30.427,7.0,4.0,0.0013,-0.0022,-0.5381,0.1832,38.99,0.0043,5.2064,94.3114,126.25,34.7333,12.38,0.3647,fav,fav,13.31,61.21,79.01,80.85,86.58
upside_sell,2026-09-11T06:10:00,0,77347.02,30.343,7.0,6.0,0.0016,0.0002,-0.1217,7.0916,38.375,0.9661,4.9243,61.7979,202.87,19.7354,22.16,54.8696,fav,fav,-6.69,50.43,123.67,121.65,39.32
upside_sell,2026-09-11T08:20:00,0,77379.61,30.193,7.0,8.0,0.0025,0.0003,-0.4204,0.0,36.9,0.8739,3.8255,71.3243,206.44,59.6137,101.7,6.8495,fav,fav,46.1,2.26,2.09,59.06,183.33
upside_sell,2026-09-11T10:00:00,0,77082.94,30.094,7.0,10.0,0.0015,0.0006,-0.0092,0.0,36.78,2.6374,2.9377,84.5307,234.64,59.2622,34.89,2.9589,fav,fav,-15.76,18.53,3.19,66.58,192.0
upside_sell,2026-09-11T12:25:00,0,76281.13,30.046,7.0,12.0,0.0017,-0.0,-0.1113,2.3841,36.78,7.9015,1.9603,139.96,91.46,0.9243,1840.66,20.8177,adv,adv,76.45,-790.39,-1354.41,-1593.61,-1375.95
