tb,time,src,era,kind,d,pnl,R,tpf,spread_med24,spread_over_range24,spread_over_atr,tp_over_spread,stop_over_spread,atr_over_price,rng60,rng360,rng1440,absret60,absret360,absret1440,sd60,sd360,sd1440,er60,er360,er1440,signac360,flips_per_day,bos_per_day,cont_per_flip,med_flip_gap_min,trend_age_min,flip_share20,own20_tpf,own50_tpf,own20_R,own50_R,own20_flip_R,own20_cont_R,mkt20_fwd5,mkt20_fwd15,mkt20_fwd30,mkt20_ge05
1767284280,2026-01-01T16:18:00,V2,DISC,flip,-1,-1.2506,-1.0434,0,12.6,0.68815,0.4579,3.80476,4.75635,3.13425,25.72,18.7,18.31,110.33669,513.93982,1430.98045,2.44058,1.9637,1.64766,0.13158,0.0227,0.02228,0.00279,1,5,1.5,,0.0,,,,,,,,,,,
1767285060,2026-01-01T16:31:00,V2,DISC,flip,1,0.811,0.8,1,12.6,0.68852,0.58488,3.21825,4.02302,2.45216,24.355,19.025,18.3,119.15322,523.95363,1452.40376,2.54921,1.98856,1.65939,0.0195,0.03203,0.02645,-0.0195,2,7,1.33333,,0.0,,,,,,,,,,,
1767288600,2026-01-01T17:30:00,V2,DISC,cont,1,-5.955,-1.0082,0,12.6,0.69003,0.19688,18.75159,23.43968,7.24251,18.025,19.955,18.26,117.05319,566.70279,1556.63808,3.96284,2.50447,1.85351,0.53165,0.10871,0.06167,-0.00836,2,10,2.33333,,59.0,,,,,,,,,,,
1767294780,2026-01-01T19:13:00,V2,DISC,flip,-1,-2.6384,-1.0084,0,12.6,0.66055,0.53963,8.30635,10.38254,2.65433,24.115,23.1,19.075,104.55291,644.2875,1784.44652,2.4184,2.79629,2.01368,0.14907,0.01956,0.02879,-0.03621,3,11,1.75,87.5,0.0,,,,,,,,-0.22672,-0.20313,0.90831,0.2
1767304800,2026-01-01T22:00:00,V2,DISC,flip,1,3.0589,0.8,1,12.6,0.65083,0.60648,12.1381,15.17302,2.35266,21.34,23.235,19.36,87.5693,647.19864,2041.18237,1.82854,2.7481,2.13378,0.2044,0.07025,0.04395,-0.11978,4,12,1.4,162.0,0.0,,,,,,,,-0.24031,-0.25056,0.65546,0.18182
1767307920,2026-01-01T22:52:00,V2,DISC,cont,1,3.5659,0.8,1,12.6,0.6422,0.33828,14.15079,17.6881,4.20742,27.675,24.345,19.62,120.2274,685.94254,2147.04875,2.63761,2.8604,2.19923,0.23205,0.11204,0.05326,-0.06964,4,13,1.6,162.0,52.0,,,,,,,,-0.20239,-0.18944,0.66536,0.25
1767310980,2026-01-01T23:43:00,V2,DISC,cont,1,-2.2192,-1.0117,0,12.6,0.62733,0.34794,6.96349,8.70476,4.08061,40.72,26.275,20.085,163.54262,701.34333,2290.32122,3.63313,2.66731,2.31697,0.19226,0.082,0.06046,-0.07521,4,17,2.4,162.0,103.0,,,,,,,,-0.32918,-0.25826,0.67384,0.35714
1767317700,2026-01-02T01:35:00,V2,DISC,flip,-1,-6.376,-1.0041,0,12.6,0.59183,0.30029,20.15873,25.19841,4.74268,39.035,29.76,21.29,163.54676,800.90947,2446.47954,3.38782,2.98652,2.44366,0.16806,0.05983,0.0333,0.02507,5,18,2.0,164.5,0.0,0.66667,,,,,,,-0.30892,-0.12825,0.49031,0.35294
1767325200,2026-01-02T03:40:00,V2,DISC,cont,1,-4.7106,-1.0023,0,12.6,0.56757,0.29573,14.91984,18.65,4.79312,39.045,35.145,22.2,185.0381,949.30366,2557.25495,4.11531,3.51154,2.59342,0.32213,0.07606,0.04812,0.06407,6,22,2.14286,162.0,33.0,0.625,,,,,,,-0.26246,-0.10889,0.36067,0.3
1767329820,2026-01-02T04:57:00,V2,DISC,flip,-1,-2.9302,-1.0114,0,12.6,0.55263,0.34867,9.19762,11.49683,4.08001,39.19,39.52,22.8,172.86525,1054.99637,2665.06306,3.60656,3.80955,2.70031,0.20066,0.00208,0.04771,-0.00836,6,22,2.14286,162.0,110.0,0.625,,,,,,,-0.25805,-0.11232,0.32146,0.3
1767334980,2026-01-02T06:23:00,V2,DISC,flip,1,2.6706,0.8,1,12.6,0.53232,0.45726,10.59762,13.24683,3.10417,28.205,33.62,23.67,113.4053,967.88446,2718.92112,2.35332,3.57169,2.7439,0.24764,0.02054,0.05259,-0.0195,8,25,1.77778,111.0,0.0,0.55556,,,,,,,-0.24406,-0.10666,0.35048,0.3
1767338760,2026-01-02T07:26:00,V2,DISC,flip,-1,-3.747,-1.0252,0,12.6,0.51387,0.30197,11.60317,14.50397,4.69896,29.445,32.7,24.52,144.90446,950.76645,2815.02987,3.06742,3.49625,2.80744,0.01097,0.02098,0.05227,-0.06964,9,27,1.7,101.5,0.0,0.6,0.3,,-0.46895,,,,-0.01485,0.1596,0.59464,0.4
1767342840,2026-01-02T08:34:00,V2,DISC,flip,1,2.6434,0.8,1,12.6,0.4947,0.35167,10.48968,13.1119,4.02421,29.155,32.315,25.47,132.22648,919.44616,2876.9511,2.91948,3.40873,2.8569,0.23131,0.08425,0.05519,-0.0585,10,28,1.54545,92.0,0.0,0.63636,0.36364,,-0.35359,,,,-0.01231,0.1978,0.60424,0.4
1767347340,2026-01-02T09:49:00,V2,DISC,cont,1,6.3858,0.8,1,12.6,0.47324,0.22671,25.34048,31.6754,6.2186,37.74,32.23,26.625,187.65599,887.72987,2982.00688,4.51307,3.3895,2.98601,0.21744,0.0546,0.0622,-0.09192,10,31,1.81818,92.0,75.0,0.66667,0.33333,,-0.40956,,,,-0.02062,0.10206,-0.1095,0.3
1767364320,2026-01-02T14:32:00,V2,DISC,flip,-1,-8.542,-1.0045,0,12.6,0.39167,0.11652,26.99683,33.74603,12.21937,48.01,41.725,32.17,250.6921,1136.31068,3560.17539,6.2072,4.53458,3.53279,0.3813,0.0432,0.0248,-0.03064,11,30,1.72727,111.0,0.0,0.64286,0.42857,,-0.23676,,,,-0.00585,0.14172,0.03608,0.35
1767365280,2026-01-02T14:48:00,V2,DISC,flip,1,-13.4,-1.0007,0,12.6,0.38556,0.06287,42.50952,53.13651,22.3456,78.715,43.86,32.68,414.07208,1294.05788,3693.12414,10.60971,5.69539,3.93488,0.06897,0.06095,0.05756,-0.02507,12,31,1.58333,92.0,0.0,0.64286,0.42857,,-0.23676,,,,-0.00585,0.14172,0.03608,0.35
1767371400,2026-01-02T16:30:00,V2,DISC,cont,1,22.2955,0.8,1,12.6,0.35319,0.10047,88.4746,110.59286,13.90804,107.93,53.125,35.675,439.23529,1800.67173,4399.68792,9.25455,7.88338,4.93793,0.26969,0.03857,0.05941,-0.01393,11,28,1.54545,92.0,102.0,0.64286,0.42857,,-0.23676,,,,-0.07226,-0.0065,-0.21175,0.25
1767586800,2026-01-05T04:20:00,V2,DISC,flip,-1,8.091,0.8,1,12.6,0.3472,0.27649,32.10714,40.13413,4.91779,37.57,58.32,36.29,147.85518,1438.86257,3863.59251,3.45552,5.84196,4.00966,0.24292,0.11087,0.03755,-0.08635,1,4,3.0,85.0,0.0,0.64706,0.41176,,-0.26588,,-0.35434,,-0.18113,-0.06583,0.06818,0.25
1767606480,2026-01-05T09:48:00,V2,DISC,flip,1,7.9989,0.8,1,12.6,0.34483,0.30202,31.74127,39.67698,4.49748,40.51,37.775,36.54,167.67923,952.22232,3952.88155,3.40377,3.39325,4.03944,0.19902,0.0156,0.03709,-0.00836,2,6,2.0,85.0,0.0,0.66667,0.44444,,-0.20666,,-0.25814,,-0.12617,-0.03577,0.1241,0.25
1767617640,2026-01-05T12:54:00,V2,DISC,flip,-1,-2.003,-1.0232,0,12.6,0.33084,0.2491,6.21429,7.76825,5.45464,43.635,36.5,38.085,131.68331,905.02417,4054.3875,2.92473,3.38846,4.12137,0.28137,0.03677,0.0424,-0.03064,3,11,2.66667,186.0,0.0,0.68421,0.47368,,-0.15368,,-0.17675,,-0.14084,0.07599,0.19923,0.2
1767619260,2026-01-05T13:21:00,V2,DISC,cont,-1,3.8915,0.8,1,12.6,0.32655,0.26098,15.44286,19.30317,5.20807,45.4,38.785,38.585,153.95859,921.13453,4089.5234,3.09432,3.42167,4.13537,0.17792,0.01566,0.04386,0.00836,3,12,3.0,186.0,27.0,0.68421,0.47368,,-0.15368,,-0.17675,,-0.14084,0.07599,0.19923,0.2
1767623700,2026-01-05T14:35:00,V2,DISC,cont,-1,-8.7524,-1.005,0,12.6,0.31814,0.12231,27.64841,34.56032,11.14545,53.725,43.635,39.605,234.7111,1040.31492,4212.19131,4.7706,3.79931,4.21298,0.11179,0.01427,0.03298,-0.03064,3,14,3.66667,186.0,101.0,0.68421,0.47368,,-0.15368,,-0.17675,,-0.05733,0.09753,0.25728,0.2
1767624900,2026-01-05T14:55:00,V2,DISC,flip,1,9.4195,0.8,1,12.6,0.31488,0.06459,37.37937,46.72381,20.85443,77.735,46.065,40.015,387.52855,1226.23679,4350.63582,8.74114,4.96433,4.50104,0.2487,0.09124,0.05513,-0.03064,4,15,2.75,186.0,0.0,0.7,0.45,,-0.19716,,-0.23721,,-0.05733,0.09753,0.25728,0.2
1767629040,2026-01-05T16:04:00,V2,DISC,cont,1,-4.3372,-1.0063,0,12.6,0.29773,0.14505,13.68333,17.10397,9.24277,105.295,54.45,42.32,387.09089,1473.27319,4621.91582,8.7525,6.07196,4.8446,0.15989,0.09667,0.06034,-0.0585,4,18,3.5,186.0,69.0,0.65,0.5,,-0.10498,,-0.23721,,-0.15278,-0.04705,0.14196,0.2
1767630000,2026-01-05T16:20:00,V2,DISC,cont,1,-6.5482,-1.0921,0,12.6,0.2964,0.13458,19.03492,23.79365,9.95448,98.245,58.875,42.51,343.81061,1523.72855,4663.99916,7.50863,6.17846,4.88142,0.17663,0.08591,0.06338,-0.0585,4,19,3.75,186.0,85.0,0.65,0.5,,-0.10498,,-0.23721,,-0.14356,-0.05931,0.11932,0.2
1767631500,2026-01-05T16:45:00,V2,DISC,flip,-1,4.7414,0.8,1,12.6,0.29062,0.13395,18.81508,23.51905,10.04396,91.665,62.97,43.355,362.49734,1611.66781,4802.69784,7.31133,6.44646,4.99716,0.04707,0.05096,0.05285,-0.04178,5,20,3.0,186.0,0.0,0.6,0.45,,-0.19523,,-0.23721,,-0.14153,-0.05534,-0.02125,0.15
1767641400,2026-01-05T19:30:00,V2,DISC,flip,1,-12.2582,-1.0058,0,12.6,0.25416,0.18313,38.68968,48.3619,7.28122,69.19,82.94,49.575,244.53572,1916.0464,5104.80601,4.92185,7.07117,5.18445,0.22178,0.10036,0.07108,-0.08078,6,22,2.66667,165.0,0.0,0.6,0.45,0.46154,-0.19932,-0.17871,-0.10756,-0.29256,-0.23417,-0.24743,-0.35,0.05
1767651420,2026-01-05T22:17:00,V2,DISC,flip,1,-6.6226,-1.018,0,12.6,0.22807,0.2841,20.65159,25.81429,4.70257,42.885,69.785,55.245,187.13185,1604.71599,5451.70063,4.09296,5.63577,5.37065,0.14343,0.03228,0.06134,-0.08078,8,26,2.25,121.0,0.0,0.65,0.45,0.44444,-0.19903,-0.20934,-0.16039,-0.29256,-0.26697,-0.38868,-0.55352,0.0
1767655800,2026-01-05T23:30:00,V2,DISC,flip,-1,0.7114,0.8,1,12.6,0.22791,0.24489,2.82302,3.52857,5.47591,47.705,61.675,55.285,182.45876,1417.95577,5484.46214,3.92631,5.00005,5.3494,0.15461,0.03672,0.05121,-0.06407,9,27,2.0,121.0,0.0,0.65,0.45,0.44444,-0.19903,-0.20934,-0.16039,-0.29256,-0.26154,-0.39342,-0.57338,0.0
1767657420,2026-01-05T23:57:00,V2,DISC,cont,-1,2.2186,0.8,1,12.6,0.22791,0.38259,8.80397,11.00476,3.50778,44.61,57.995,55.285,169.37987,1369.54147,5496.63804,3.70803,4.8288,5.35829,0.18174,0.02305,0.04788,-0.09749,9,28,2.11111,121.0,27.0,0.65,0.45,0.44444,-0.19903,-0.20934,-0.16039,-0.29256,-0.26154,-0.39342,-0.57338,0.0
1767659100,2026-01-06T00:25:00,V2,DISC,cont,-1,-1.7372,-1.0137,0,12.6,0.23301,0.24733,5.44048,6.80079,5.43817,44.445,55.595,54.075,168.92845,1310.77986,5412.35534,3.53895,4.61874,5.21852,0.21395,0.03204,0.03871,-0.08635,9,29,2.22222,121.0,55.0,0.65,0.45,0.42857,-0.19972,-0.23822,-0.20804,-0.29256,-0.19971,-0.35675,-0.5034,0.05
1767659580,2026-01-06T00:33:00,V2,DISC,cont,-1,-3.2878,-1.0195,0,12.6,0.23366,0.26495,10.2373,12.79683,5.07776,45.205,55.49,53.925,182.12868,1308.31014,5412.62089,3.76678,4.61665,5.2162,0.15043,0.02807,0.03855,-0.08635,9,30,2.33333,121.0,63.0,0.65,0.45,0.42857,-0.19972,-0.23822,-0.20804,-0.29256,-0.18282,-0.32243,-0.46754,0.1
1767662340,2026-01-06T01:19:00,V2,DISC,flip,1,-4.0792,-1.0074,0,12.6,0.23796,0.25797,12.85476,16.06825,5.19589,46.14,52.98,52.95,194.27538,1263.3873,5275.10635,3.96402,4.50001,5.07283,0.14824,0.02622,0.02418,-0.11421,10,30,2.0,110.0,0.0,0.65,0.45,0.42857,-0.19972,-0.23822,-0.20804,-0.29256,-0.13118,-0.11908,-0.41528,0.15
1767664200,2026-01-06T01:50:00,V2,DISC,flip,-1,2.7885,0.8,1,12.6,0.23957,0.23031,11.06508,13.83175,5.83233,53.725,51.945,52.595,217.08384,1262.53814,5223.08407,4.42304,4.47022,4.98518,0.05683,0.03406,0.01338,-0.09749,11,31,1.81818,109.0,0.0,0.7,0.5,0.44828,-0.10961,-0.20242,-0.15498,-0.29256,-0.13342,-0.13959,-0.47513,0.15
1767666660,2026-01-06T02:31:00,V2,DISC,cont,-1,2.0302,0.8,1,12.6,0.24256,0.26108,8.05635,10.07063,5.15401,42.76,47.93,51.945,188.21498,1170.94572,5159.07797,3.90797,4.12776,4.90926,0.24494,0.08243,0.01688,-0.12535,11,34,2.09091,109.0,41.0,0.6,0.5,0.45161,-0.10972,-0.19626,-0.15498,-0.26161,-0.08419,-0.10622,-0.41394,0.15
1767667080,2026-01-06T02:38:00,V2,DISC,cont,-1,-1.4164,-1.0193,0,12.6,0.24338,0.25594,4.41111,5.51429,5.26137,42.76,46.84,51.77,183.80973,1150.38635,5164.72297,3.76419,4.04948,4.90828,0.22639,0.0741,0.01495,-0.12535,11,35,2.18182,109.0,48.0,0.55,0.5,0.4375,-0.10944,-0.22198,-0.15498,-0.31991,-0.08782,-0.074,-0.33152,0.2
1767670260,2026-01-06T03:31:00,V2,DISC,flip,1,-2.926,-1.014,0,12.6,0.24786,0.28457,9.16032,11.45079,4.71817,39.855,44.71,50.835,157.98745,1077.52823,5116.76061,3.39147,3.84043,4.88375,0.13945,0.00659,0.01583,-0.06964,12,36,2.0,103.0,0.0,0.55,0.45,0.42424,-0.19981,-0.24578,-0.1976,-0.31991,-0.04788,0.02118,-0.31522,0.25
1767672600,2026-01-06T04:10:00,V2,DISC,cont,1,-4.8052,-1.0143,0,12.6,0.24725,0.28675,15.03968,18.79921,4.67761,37.345,44.38,50.96,146.90492,1059.16532,5120.12405,3.21409,3.76422,4.88475,0.16035,0.02451,0.02336,-0.06964,12,37,2.08333,103.0,39.0,0.6,0.45,0.44118,-0.19981,-0.21503,-0.10543,-0.31991,0.00434,0.04252,-0.28163,0.25
1767676140,2026-01-06T05:09:00,V2,DISC,flip,-1,-1.281,-1.0427,0,12.6,0.25579,0.36472,3.9,4.8754,3.68873,29.295,41.55,49.26,130.28215,1005.92637,5040.92639,2.60953,3.57294,4.8252,0.19008,0.04389,0.02152,-0.10864,12,37,2.08333,101.0,0.0,0.5,0.5,0.44444,-0.11052,-0.20917,-0.10543,-0.29187,0.02258,0.03071,-0.31356,0.25
1767677760,2026-01-06T05:36:00,V2,DISC,cont,-1,1.9485,0.8,1,12.6,0.25537,0.31594,7.73175,9.66508,4.25834,29.925,40.79,49.34,130.56468,987.78899,5040.288,2.69074,3.50743,4.82237,0.19318,0.02883,0.02218,-0.10306,12,38,2.16667,101.0,27.0,0.55,0.45,0.43243,-0.20122,-0.23092,-0.19614,-0.29187,0.02258,0.03071,-0.31356,0.25
1767678900,2026-01-06T05:55:00,V2,DISC,cont,-1,-2.1616,-1.0181,0,12.6,0.25607,0.34991,6.74048,8.4254,3.84916,36.65,40.625,49.205,149.09309,992.17165,5034.90023,3.07722,3.49242,4.81875,0.20278,0.04178,0.02474,-0.11421,12,40,2.33333,101.0,46.0,0.55,0.45,0.43243,-0.20122,-0.23092,-0.19614,-0.29187,-0.06308,0.00289,-0.24573,0.25
1767679800,2026-01-06T06:10:00,V2,DISC,flip,1,2.5787,0.8,1,12.6,0.25579,0.24821,10.23333,12.79127,5.41774,34.67,40.245,49.26,161.8044,1000.81996,5045.35904,3.53251,3.54241,4.83208,0.00286,0.0092,0.02686,-0.12535,13,41,2.15385,98.0,0.0,0.5,0.4,0.42105,-0.29193,-0.25154,-0.19614,-0.33702,-0.0559,0.09138,-0.21811,0.25
1767681900,2026-01-06T06:45:00,V2,DISC,cont,1,-2.9484,-1.0225,0,12.6,0.25519,0.22833,9.15397,11.44286,5.87585,37.365,39.195,49.375,169.63264,980.2671,5032.91657,3.6563,3.50676,4.83082,0.20835,0.02705,0.03251,-0.09749,13,42,2.23077,98.0,35.0,0.5,0.4,0.42105,-0.29193,-0.25154,-0.19614,-0.33702,-0.0498,0.04522,-0.14787,0.3
1767685140,2026-01-06T07:39:00,V2,DISC,flip,-1,2.0998,0.8,1,12.6,0.2508,0.20231,8.33254,10.41587,6.6775,46.375,37.235,50.24,148.3819,931.68868,5084.4746,3.1621,3.34222,4.8444,0.43719,0.08301,0.01633,-0.03621,14,43,2.07143,89.0,0.0,0.45,0.4,0.425,-0.29291,-0.24503,-0.19785,-0.27014,-0.11478,0.00858,-0.35314,0.25
1767689220,2026-01-06T08:47:00,V2,DISC,cont,-1,-5.0342,-1.0027,0,12.6,0.24658,0.3278,15.9381,19.92302,4.12666,39.395,36.65,51.1,143.78345,901.49529,5125.35237,3.36099,3.28848,4.86591,0.05572,0.05102,0.01533,-0.06407,14,45,2.21429,89.0,68.0,0.45,0.35,0.4186,-0.38468,-0.25679,-0.19785,-0.34911,-0.11581,-0.05866,-0.60849,0.15
1767691200,2026-01-06T09:20:00,V2,DISC,flip,1,3.3992,0.8,1,12.6,0.24602,0.26511,13.48889,16.86111,5.08207,42.755,37.4,51.215,178.75204,925.23456,5117.29019,3.75105,3.36786,4.87123,0.11905,0.03335,0.02222,-0.06407,15,46,2.06667,89.0,0.0,0.45,0.35,0.4186,-0.38468,-0.25679,-0.19785,-0.34911,-0.09579,-0.14418,-0.62536,0.15
1767697740,2026-01-06T11:09:00,V2,DISC,cont,1,1.4734,0.8,1,12.6,0.2507,0.28463,5.84683,7.30873,4.72531,36.22,37.58,50.26,136.46641,909.67644,5040.18729,2.86604,3.32908,4.8148,0.13742,0.00327,0.01509,-0.0585,14,45,2.21429,89.0,109.0,0.5,0.4,0.42222,-0.2899,-0.24988,-0.10764,-0.38178,-0.11271,-0.17097,-0.51774,0.15
1767706680,2026-01-06T13:38:00,V2,DISC,flip,-1,-1.873,-1.0139,0,12.6,0.25746,0.34982,5.86508,7.33095,3.84625,36.82,35.25,48.94,135.41965,881.52567,5012.52804,2.75691,3.17289,4.78846,0.09985,0.04055,0.02148,-0.08078,14,45,2.21429,98.0,0.0,0.45,0.45,0.44681,-0.19961,-0.2052,-0.01707,-0.29138,-0.07638,-0.15269,-0.52999,0.15
1767708240,2026-01-06T14:04:00,V2,DISC,flip,1,1.5466,0.8,1,12.6,0.26028,0.29875,6.1373,7.67143,4.4973,38.605,34.495,48.41,143.48014,856.98882,4973.6974,2.9219,3.05655,4.77003,0.00476,0.05818,0.02061,-0.09192,15,46,2.06667,98.0,0.0,0.45,0.45,0.44681,-0.19961,-0.2052,-0.01707,-0.29138,-0.07638,-0.15269,-0.52999,0.15
1767711120,2026-01-06T14:52:00,V2,DISC,flip,-1,-8.5818,-1.0077,0,12.6,0.25746,0.06507,27.03651,33.79524,20.68443,108.905,37.965,48.94,467.81466,1184.90671,5084.77895,10.4083,5.08798,4.92312,0.00437,0.03653,0.00544,-0.09749,16,46,1.875,89.0,0.0,0.45,0.45,0.44681,-0.19961,-0.2052,-0.01707,-0.29138,0.03216,0.08182,-0.39976,0.2
1767714000,2026-01-06T15:40:00,V2,DISC,cont,-1,11.2901,0.8,1,12.6,0.25772,0.10283,44.80159,56.00238,13.10419,127.265,43.055,48.89,585.28119,1459.92881,5139.56852,12.08055,6.16097,4.94932,0.12179,0.00754,0.0027,-0.13092,15,44,1.93333,89.0,48.0,0.45,0.45,0.4375,-0.19941,-0.22205,-0.10777,-0.29138,0.02105,0.07452,-0.44164,0.2
1767815340,2026-01-07T19:49:00,V2,DISC,flip,1,1.9779,0.8,1,12.6,0.24395,0.27749,7.84921,9.81111,4.98621,60.915,76.55,51.65,252.75715,1878.66256,5672.11827,5.80441,7.17354,5.69051,0.03122,0.05631,0.02043,0.02507,1,4,3.0,98.0,0.0,0.5,0.45,0.46,-0.19911,-0.18045,-0.1069,-0.29138,0.06482,0.17757,-0.32449,0.2
1767816060,2026-01-07T20:01:00,V2,DISC,cont,1,-3.2422,-1.0467,0,12.6,0.24313,0.22323,9.83333,12.29127,6.1895,57.755,76.69,51.825,226.86497,1897.0614,5665.30451,5.17777,7.20842,5.66831,0.13899,0.03878,0.02082,0.02507,1,5,4.0,98.0,12.0,0.5,0.45,0.46,-0.19911,-0.18045,-0.1069,-0.29138,0.06482,0.17757,-0.32449,0.2
1767817320,2026-01-07T20:22:00,V2,DISC,flip,-1,-3.125,-1.0156,0,12.6,0.24313,0.19485,9.76825,12.21032,7.12239,53.27,74.975,51.825,215.19273,1868.75221,5691.86629,4.69327,7.11246,5.66914,0.02862,0.03793,0.03175,0.02507,2,6,2.0,89.0,0.0,0.5,0.45,0.46,-0.19911,-0.18045,-0.1069,-0.29138,0.09255,0.28931,-0.25229,0.2
1767820680,2026-01-07T21:18:00,V2,DISC,flip,1,-4.951,-1.013,0,12.6,0.24126,0.28415,15.51587,19.39524,4.8665,59.04,68.685,52.225,245.53901,1598.84167,5590.86775,4.99897,5.76897,5.37434,0.093,0.00711,0.04867,0.00836,3,7,1.33333,61.0,0.0,0.5,0.45,0.46,-0.19911,-0.18045,-0.1069,-0.29138,0.06703,0.1168,-0.32208,0.2
1767825180,2026-01-07T22:33:00,V2,DISC,cont,1,6.756,0.8,1,12.6,0.25365,0.29859,26.80952,33.5119,4.62716,33.04,57.37,49.675,171.78833,1389.40929,5346.19026,3.9058,5.14594,5.16074,0.05795,0.01015,0.03858,-0.0195,3,8,1.66667,61.0,75.0,0.5,0.45,0.46,-0.20087,-0.18137,-0.01742,-0.29313,0.06742,0.142,-0.2826,0.2
1767840120,2026-01-08T02:42:00,V2,DISC,flip,-1,1.8915,0.8,1,12.6,0.26286,0.18406,7.50635,9.38254,7.54248,50.36,44.045,47.935,189.83269,1154.05042,5147.08621,4.41487,4.31694,4.99663,0.30497,0.02199,0.04378,-0.06964,4,11,1.75,89.0,0.0,0.55,0.45,0.44,-0.20056,-0.21763,-0.10806,-0.20301,0.04376,0.09168,-0.34885,0.15
1767841380,2026-01-08T03:03:00,V2,DISC,flip,1,-2.9224,-1.0193,0,12.6,0.26185,0.26216,9.10159,11.37698,5.28527,53.37,43.005,48.12,232.97243,1143.38033,5152.64077,5.04207,4.28515,5.00706,0.15395,0.01435,0.04207,-0.04178,5,12,1.4,56.0,0.0,0.55,0.45,0.44,-0.20056,-0.21763,-0.10806,-0.20301,0.04376,0.09168,-0.34885,0.15
1767846360,2026-01-08T04:26:00,V2,DISC,cont,1,-11.066,-1.0005,0,12.6,0.25883,0.23043,35.1119,43.88968,6.00464,52.355,48.645,48.68,230.97818,1219.38639,5143.8819,4.88045,4.47953,5.0209,0.09224,0.00925,0.03468,-0.0585,5,13,1.6,56.0,83.0,0.55,0.45,0.44,-0.20056,-0.21763,-0.10806,-0.20301,0.03595,0.02693,-0.48656,0.1
1767852660,2026-01-08T06:11:00,V2,DISC,flip,-1,2.8083,0.8,1,12.6,0.25473,0.14738,11.14444,13.93016,9.46496,37.34,44.53,49.465,216.09581,1123.35724,5255.68579,5.56877,4.32585,5.10812,0.34829,0.07861,0.04808,-0.11978,6,14,1.33333,56.0,0.0,0.6,0.5,0.46,-0.11011,-0.1817,-0.10787,-0.20301,0.02553,0.02176,-0.49387,0.1
1767853020,2026-01-08T06:17:00,V2,DISC,cont,-1,3.0608,0.8,1,12.6,0.25314,0.11023,12.14603,15.18254,12.66838,41.11,45.005,49.775,244.14232,1142.52205,5285.9148,5.95889,4.3881,5.12688,0.34104,0.08484,0.05038,-0.11421,6,15,1.5,56.0,6.0,0.6,0.5,0.46,-0.11011,-0.1817,-0.10787,-0.20301,0.02553,0.02176,-0.49387,0.1
1767855000,2026-01-08T06:50:00,V2,DISC,cont,-1,3.8723,0.8,1,12.6,0.2505,0.2463,15.36667,19.20794,5.68138,56.39,46.335,50.3,301.25864,1210.01768,5363.32526,6.95753,4.65095,5.18846,0.27036,0.10873,0.05375,-0.08078,6,17,1.83333,56.0,39.0,0.55,0.5,0.46,-0.108,-0.18166,-0.10787,-0.29304,0.03158,0.07255,-0.26467,0.1
1767858420,2026-01-08T07:47:00,V2,DISC,flip,1,1.4205,0.8,1,12.6,0.2421,0.23033,5.63651,7.04603,6.05337,65.315,48.8,52.045,292.09833,1332.25318,5508.87126,7.61459,5.40782,5.38802,0.06835,0.07689,0.04806,-0.11421,7,19,1.71429,56.0,0.0,0.55,0.5,0.46,-0.108,-0.18166,-0.10787,-0.29304,-0.05671,-0.06126,-0.33423,0.05
1767859920,2026-01-08T08:12:00,V2,DISC,cont,1,2.659,0.8,1,12.6,0.24129,0.21276,10.55159,13.18968,6.54496,48.685,48.945,52.22,177.23996,1364.10958,5545.20751,3.84985,5.49851,5.4145,0.37078,0.06569,0.04684,-0.10306,7,20,1.85714,56.0,25.0,0.6,0.5,0.48,-0.108,-0.14543,-0.10787,-0.29304,-0.05671,-0.06126,-0.33423,0.05
1767864180,2026-01-08T09:23:00,V2,DISC,flip,-1,-6.619,-1.0014,0,12.6,0.23929,0.20801,20.98333,26.22937,6.73459,55.455,49.965,52.655,194.37879,1333.06405,5563.50726,4.12383,5.38477,5.37553,0.30308,0.08161,0.03935,-0.04735,8,23,1.875,96.0,0.0,0.55,0.55,0.5,-0.01709,-0.10893,-0.10787,-0.29304,-0.14773,-0.30365,-0.76135,0.05
1767872760,2026-01-08T11:46:00,V2,DISC,flip,-1,-4.6406,-1.0498,0,12.6,0.23828,0.18607,14.03333,17.54127,7.53153,44.855,51.3,52.88,227.05132,1402.46083,5622.96996,4.92167,5.59353,5.43777,0.13871,0.06999,0.04326,0.05292,10,27,1.7,72.0,0.0,0.6,0.6,0.5,0.0741,-0.10887,-0.10765,-0.20278,-0.11368,-0.0961,-0.49146,0.05
1767874080,2026-01-08T12:08:00,V2,DISC,cont,-1,5.0851,0.8,1,12.6,0.23828,0.24072,20.17937,25.22381,5.82676,44.855,51.675,52.88,241.35999,1397.3049,5646.50331,5.13824,5.47862,5.45188,0.1622,0.04001,0.04168,0.0585,10,28,1.8,72.0,22.0,0.6,0.6,0.5,0.0741,-0.10887,-0.10765,-0.20278,-0.11368,-0.0961,-0.49146,0.05
1767884760,2026-01-08T15:06:00,V2,DISC,flip,1,5.8341,0.8,1,12.6,0.23762,0.10004,23.15079,28.93889,13.98401,120.05,52.07,53.025,427.38242,1466.28284,5607.99995,10.36226,5.87525,5.4251,0.08418,0.01027,0.03249,-0.0585,11,32,1.90909,96.0,0.0,0.6,0.55,0.5,-0.01839,-0.10985,-0.10924,-0.11247,-0.08582,-0.10297,-0.43652,0.05
1767886860,2026-01-08T15:41:00,V2,DISC,cont,1,-6.0238,-1.0055,0,12.6,0.23762,0.11034,19.01825,23.77302,12.6107,126.185,55.56,53.025,437.3961,1552.76305,5523.37899,9.79664,6.16152,5.34164,0.2335,0.04794,0.0156,-0.0585,11,32,1.90909,96.0,35.0,0.6,0.55,0.5,-0.01839,-0.10985,-0.10924,-0.11247,-0.12974,-0.09327,-0.40704,0.1
1767887880,2026-01-08T15:58:00,V2,DISC,cont,1,-7.9082,-1.0095,0,12.6,0.2376,0.14209,24.86825,31.08571,9.78314,113.745,58.985,53.03,373.64973,1594.55136,5558.34479,7.6751,6.28399,5.37338,0.21872,0.05276,0.01266,-0.06964,11,33,2.0,96.0,52.0,0.6,0.55,0.5,-0.01839,-0.10985,-0.10924,-0.11247,-0.12974,-0.09327,-0.40704,0.1
1767891540,2026-01-08T16:59:00,V2,DISC,cont,1,10.5747,0.8,1,12.6,0.23626,0.16515,41.96349,52.45397,8.39757,92.1,69.875,53.33,352.60781,1752.58137,5617.62199,7.33368,6.72217,5.45151,0.05552,0.03467,0.00654,-0.10306,11,34,2.09091,96.0,113.0,0.6,0.55,0.5,-0.01839,-0.10985,-0.10924,-0.11247,-0.15607,-0.15462,-0.42377,0.1
1767910380,2026-01-08T22:13:00,V2,DISC,cont,1,-5.6876,-1.0052,0,12.6,0.23789,0.24175,17.9619,22.45238,5.70427,41.945,57.255,52.965,188.42114,1472.29253,5564.47544,4.52702,5.3411,5.41126,0.17749,0.05202,0.00902,0.02507,10,36,2.6,96.0,35.0,0.5,0.55,0.48,-0.01806,-0.14569,-0.10924,-0.10793,-0.08515,-0.10342,-0.32924,0.15
1767911940,2026-01-08T22:39:00,V2,DISC,flip,-1,-2.6126,-1.0291,0,12.6,0.23753,0.21751,8.05952,10.0746,6.36569,42.075,55.56,53.045,194.66095,1413.00997,5606.16964,4.63337,5.11041,5.41868,0.11417,0.04873,0.00069,0.0195,11,36,2.27273,96.0,0.0,0.5,0.55,0.48,-0.01806,-0.14569,-0.10924,-0.10793,-0.04124,-0.05535,-0.20995,0.15
1767913140,2026-01-08T22:59:00,V2,DISC,flip,1,-2.6546,-1.0454,0,12.6,0.23816,0.47905,8.0619,10.07698,2.88498,40.43,53.535,52.905,201.92422,1358.49164,5578.76852,4.87034,4.91822,5.41006,0.01283,0.02563,0.00158,-0.00836,12,37,2.08333,96.0,0.0,0.5,0.55,0.48,-0.01806,-0.14569,-0.10924,-0.10793,-0.05943,-0.09079,-0.2645,0.15
1767916260,2026-01-08T23:51:00,V2,DISC,flip,-1,0.7523,0.8,1,12.6,0.24147,0.40608,2.98571,3.73175,3.40836,29.26,46.64,52.18,141.89455,1260.68499,5498.58507,3.18364,4.59724,5.34037,0.07393,0.02138,0.00355,-0.0195,12,36,2.0,96.0,52.0,0.5,0.55,0.48,-0.01806,-0.14569,-0.10924,-0.10793,-0.06165,-0.14366,-0.29335,0.15
1767919080,2026-01-09T00:38:00,V2,DISC,flip,1,-3.2126,-1.0057,0,12.6,0.24407,0.36918,10.14127,12.67619,3.74548,30.41,42.515,51.625,134.02633,1192.71461,5449.88792,2.79781,4.38488,5.3174,0.00659,0.00314,0.00084,-0.0195,14,38,1.71429,71.0,0.0,0.45,0.5,0.48,-0.10832,-0.14569,-0.10924,-0.10721,-0.08363,-0.20596,-0.31049,0.15
1767922140,2026-01-09T01:29:00,V2,DISC,cont,1,-9.9182,-1.0046,0,12.6,0.246,0.15994,31.34286,39.17857,8.61633,33.33,40.395,51.22,168.07921,1113.05038,5429.75104,5.25063,4.40966,5.37597,0.27884,0.04318,0.00034,-0.04735,14,39,1.78571,71.0,51.0,0.5,0.5,0.46,-0.10894,-0.18305,-0.2026,-0.10721,-0.02319,-0.14771,-0.30944,0.2
1767945300,2026-01-09T07:55:00,V2,DISC,flip,-1,10.0357,0.8,1,12.6,0.27904,0.35589,39.82381,49.78016,3.90156,26.08,31.925,45.155,136.14685,875.30042,5089.4732,3.04571,3.30224,5.02707,0.21871,0.02555,0.00796,-0.11978,11,31,1.81818,71.0,0.0,0.5,0.45,0.46,-0.1988,-0.1813,-0.11004,-0.19744,-0.09799,-0.2204,-0.33365,0.25
1768185780,2026-01-12T02:43:00,V2,DISC,flip,1,-37.6628,-1.0029,0,12.6,0.63285,0.19478,119.21746,149.02222,7.04091,54.105,48.79,19.91,205.37069,1274.27151,2755.75529,4.56702,5.11825,3.22791,0.33423,0.12055,0.05239,-0.04735,1,1,0.0,178.0,0.0,0.5,0.5,0.48,-0.10783,-0.14494,-0.11005,-0.19744,-0.07301,-0.04308,-0.14894,0.3
1768229460,2026-01-12T14:51:00,V2,DISC,flip,1,8.8218,0.8,1,12.6,0.31285,0.07848,35.00714,43.75873,17.64361,74.24,42.24,40.275,357.35947,1207.57513,4533.68675,8.66337,4.90412,4.61082,0.13854,0.05147,0.00255,-0.06964,3,8,1.66667,178.0,0.0,0.55,0.5,0.46,-0.10795,-0.181,-0.20019,-0.19744,-0.09523,0.01131,0.02499,0.4
1768233060,2026-01-12T15:51:00,V2,DISC,cont,1,3.7699,0.8,1,12.6,0.30256,0.11665,14.96032,18.7,11.80466,109.82,44.505,41.645,373.38781,1359.76528,4707.81752,7.77986,5.52958,4.80295,0.14848,0.06181,0.01916,-0.08635,3,11,2.66667,178.0,60.0,0.55,0.5,0.46,-0.10795,-0.181,-0.20019,-0.19744,-0.14682,-0.12329,-0.03904,0.35
1768235040,2026-01-12T16:24:00,V2,DISC,cont,1,4.8477,0.8,1,12.6,0.29364,0.11767,19.23651,24.04603,11.66849,105.215,49.52,42.91,337.31245,1433.36734,4817.21849,6.46961,5.73144,4.89409,0.21067,0.09976,0.02043,-0.07521,3,12,3.0,178.0,93.0,0.55,0.5,0.46,-0.10795,-0.181,-0.20019,-0.19744,-0.14359,-0.05148,0.08008,0.4
1768254840,2026-01-12T21:54:00,V2,DISC,flip,-1,-22.4672,-1.0033,0,12.6,0.24338,0.18986,71.0873,88.85952,7.30054,46.005,60.445,51.77,208.47873,1527.98887,5573.01453,4.29867,5.7215,5.39685,0.23123,0.03848,0.00488,-0.07521,4,13,2.25,292.0,0.0,0.55,0.5,0.5,-0.10795,-0.10834,-0.20019,-0.01576,-0.06218,0.0146,0.18809,0.45
1768287420,2026-01-13T06:57:00,V2,DISC,flip,1,7.8714,0.8,1,12.6,0.27376,0.22917,31.23571,39.04444,5.96521,42.515,36.23,46.025,206.55182,1019.3502,5140.56458,5.06798,4.10106,5.11306,0.17018,0.08407,0.00921,-0.00279,4,12,2.0,423.0,0.0,0.55,0.45,0.5,-0.19812,-0.10825,-0.19966,-0.01576,-0.04105,0.05076,0.26532,0.45
1768306020,2026-01-13T12:07:00,V2,DISC,flip,-1,-9.67,-1.0639,0,12.6,0.29076,0.30399,28.85317,36.06667,4.51439,33.59,38.005,43.335,144.73656,1088.61246,4973.04998,3.25573,4.22937,4.93793,0.18239,0.00743,0.02676,-0.07521,4,11,1.75,423.0,0.0,0.6,0.45,0.5,-0.19812,-0.10825,-0.19966,-0.01576,-0.05128,-0.00425,0.16187,0.45
1768312860,2026-01-13T14:01:00,V2,DISC,cont,-1,-13.8066,-1.0032,0,12.6,0.27969,0.13199,43.69048,54.61349,10.39954,59.475,38.505,45.05,327.92804,1193.71414,5129.02053,8.12251,4.94067,5.15173,0.04273,0.00363,0.02664,-0.0195,4,12,2.0,423.0,114.0,0.6,0.45,0.5,-0.19812,-0.10825,-0.19966,-0.01576,-0.0205,0.00101,0.10464,0.4
1768318560,2026-01-13T15:36:00,V2,DISC,flip,1,16.5597,0.8,1,12.6,0.27762,0.09584,65.7127,82.14127,14.12745,131.07,49.81,45.385,479.14019,1516.34903,5092.70591,9.90558,6.31388,5.13694,0.09768,0.05763,0.03622,0.03064,4,9,1.25,423.0,0.0,0.6,0.45,0.48,-0.20125,-0.14553,-0.20247,-0.01576,0.00837,0.04699,0.11234,0.4
1768341060,2026-01-13T21:51:00,V2,DISC,flip,-1,-8.4628,-1.0008,0,12.6,0.26299,0.32586,26.84365,33.55476,4.10932,47.065,73.6,47.91,163.94497,1574.81138,5157.01894,3.58883,5.88117,5.2005,0.16716,0.08403,0.06367,-0.07521,5,12,1.4,423.0,0.0,0.6,0.45,0.5,-0.19892,-0.10893,-0.20247,-0.10592,-0.03606,-0.15432,0.05369,0.4
1768402440,2026-01-14T14:54:00,V2,DISC,flip,1,-45.9998,-1.0032,0,12.6,0.22476,0.06709,145.56984,181.9619,19.40994,119.915,42.75,56.06,460.82317,1227.7773,5836.7562,10.1417,5.32493,6.8574,0.41648,0.15836,0.0778,-0.04735,3,8,1.66667,423.0,0.0,0.6,0.4,0.5,-0.28896,-0.10866,-0.20173,-0.10592,-0.01344,-2.28488,-1.83263,0.3
1768580340,2026-01-16T16:19:00,V2,DISC,flip,1,-6.3498,-1.0081,0,12.6,0.31238,0.11363,19.99603,24.99524,11.69064,124.25,39.71,40.335,463.62118,1375.03529,4665.90518,9.79357,6.06089,4.73826,8e-05,0.04474,0.03521,-0.01393,3,10,2.33333,117.0,0.0,0.65,0.4,0.5,-0.28884,-0.10787,-0.20124,-0.10592,0.10125,0.3549,0.10577,0.3
1768584300,2026-01-16T17:25:00,V2,DISC,flip,-1,-5.6982,-1.0071,0,12.6,0.31734,0.17831,17.9627,22.45317,7.46929,54.46,47.985,39.705,224.38367,1496.9809,4585.12218,5.20359,6.34319,4.67386,0.13399,0.05179,0.04576,-0.0585,3,12,3.0,66.0,0.0,0.65,0.4,0.5,-0.28884,-0.10787,-0.20124,-0.10592,0.10271,0.22791,-0.01206,0.25
1768586280,2026-01-16T17:58:00,V2,DISC,flip,1,3.2029,0.8,1,12.6,0.31838,0.21873,12.70952,15.8873,6.0679,52.64,53.31,39.575,203.1153,1524.21745,4523.85572,4.39154,6.39413,4.62543,0.06943,0.03214,0.03968,-0.05292,4,12,2.0,47.0,0.0,0.65,0.4,0.5,-0.28884,-0.10787,-0.20124,-0.10592,0.07359,0.13548,-0.07503,0.2
1768633260,2026-01-17T07:01:00,V2,DISC,flip,-1,-4.2296,-1.0302,0,12.6,0.40856,0.72127,13.03413,16.29286,1.8371,12.91,14.725,30.84,76.52002,416.18774,3529.77018,1.85931,1.69578,3.93257,0.22041,0.09237,0.0182,-0.13649,4,12,2.0,66.0,0.0,0.8,0.4,0.48,-0.28886,-0.14381,-0.29104,-0.10592,0.14202,0.33436,0.28637,0.35
1768651140,2026-01-17T11:59:00,V2,DISC,cont,1,-0.9702,-1.0027,0,12.6,0.4849,1.28976,3.07143,3.83968,1.02521,13.725,14.42,25.985,60.03208,386.4616,3237.1865,1.26403,1.49885,3.80701,0.37376,0.00177,0.00331,-0.0195,7,23,2.28571,117.0,32.0,0.8,0.4,0.48,-0.28892,-0.14397,-0.38254,-0.10592,0.08411,0.10193,-0.63172,0.35
1768652040,2026-01-17T12:14:00,V2,DISC,cont,1,-1.4296,-1.0014,0,12.6,0.48942,0.93815,4.53175,5.66508,1.4092,12.375,14.37,25.745,56.65775,379.62445,3231.03832,1.29483,1.49155,3.80634,0.40417,0.02705,0.00454,-0.0195,7,24,2.42857,117.0,47.0,0.8,0.4,0.48,-0.28892,-0.14397,-0.38254,-0.10592,0.03146,0.10125,-0.57171,0.4
1768652700,2026-01-17T12:25:00,V2,DISC,flip,-1,-1.2456,-1.0333,0,12.6,0.49587,0.44242,3.82698,4.78333,2.99105,13.225,14.93,25.41,58.32971,387.35067,3228.58526,1.37833,1.51487,3.80285,0.08754,0.01353,0.00871,-0.0195,8,25,2.125,79.0,0.0,0.8,0.4,0.48,-0.28892,-0.14397,-0.38254,-0.10592,0.03146,0.10125,-0.57171,0.4
1768657320,2026-01-17T13:42:00,V2,DISC,flip,1,1.8893,0.8,1,12.6,0.53064,0.59334,7.49683,9.37143,2.22635,14.295,14.945,23.745,74.60286,393.5545,3150.56004,1.88802,1.54263,3.76804,0.23062,0.07164,0.00014,-0.02235,9,27,2.0,77.0,0.0,0.8,0.4,0.48,-0.28892,-0.14397,-0.38254,-0.10592,-0.05185,0.13002,-0.62719,0.4
1768662360,2026-01-17T15:06:00,V2,DISC,cont,1,-5.3724,-1.0796,0,12.6,0.55888,0.33388,15.79841,19.74762,3.94754,24.7,15.565,22.545,115.20153,440.34908,2916.99847,3.07405,1.90424,3.49458,0.2413,0.09221,0.00874,-0.03352,9,32,2.55556,77.0,84.0,0.7,0.35,0.44,-0.37824,-0.21666,-0.38414,-0.1041,-0.27161,-0.28456,-0.9982,0.2
1768668540,2026-01-17T16:49:00,V2,DISC,flip,-1,3.7773,0.8,1,12.6,0.58755,0.36723,14.98889,18.73651,3.60346,33.31,20.065,21.445,147.59471,584.95749,2462.03401,3.53966,2.48509,2.57309,0.16308,0.02208,0.0125,-0.01676,9,27,2.0,77.0,0.0,0.75,0.4,0.44,-0.288,-0.21666,-0.29165,-0.1041,-0.29463,-0.30296,-1.01412,0.2
1768695000,2026-01-18T00:10:00,V2,DISC,flip,1,-2.6082,-1.0334,0,12.6,0.76782,0.46297,8.0119,10.01508,2.85956,19.57,12.765,16.41,79.88377,406.1864,1852.93376,1.68144,1.62658,1.91016,0.00683,0.05675,0.01883,-0.08635,8,25,2.125,79.0,0.0,0.7,0.4,0.44,-0.29184,-0.21797,-0.29165,-0.10794,-0.26699,-0.27822,-0.98505,0.15
1768697640,2026-01-18T00:54:00,V2,DISC,flip,-1,0.6731,0.8,1,12.6,0.77682,0.49274,2.67143,3.33889,2.6901,17.825,13.83,16.22,85.16412,425.60598,1843.35736,1.88425,1.69001,1.89831,0.04801,0.08399,0.02207,-0.09192,9,27,2.0,79.0,0.0,0.7,0.4,0.44,-0.29184,-0.21797,-0.29165,-0.10794,-0.34168,-0.35066,-1.10432,0.1
1768715100,2026-01-18T05:45:00,V2,DISC,flip,1,-3.495,-1.0145,0,12.6,0.76572,0.41971,10.9373,13.67143,3.15429,10.96,16.61,16.455,62.19217,478.42297,1890.97568,1.49032,1.85766,1.9341,0.20336,0.01321,0.00597,-0.07521,10,29,1.9,79.0,0.0,0.75,0.35,0.44,-0.38351,-0.21849,-0.1996,-0.10794,-0.21237,0.13249,-0.35305,0.2
1768723200,2026-01-18T08:00:00,V2,DISC,flip,-1,-1.0582,-1.0103,0,12.6,0.76294,0.67398,3.3254,4.15635,1.96823,14.72,14.335,16.515,67.00936,403.59855,1873.13323,1.51229,1.53594,1.9096,0.19492,0.01453,0.00521,-0.11978,10,28,1.8,132.0,0.0,0.8,0.3,0.42,-0.47423,-0.25478,-0.29032,-0.10794,-0.1929,0.21955,-0.17623,0.2
1768725480,2026-01-18T08:38:00,V2,DISC,flip,1,0.8642,0.8,1,12.6,0.77538,0.6943,3.42937,4.28651,1.90817,15.02,14.29,16.25,71.15746,404.37836,1857.13243,1.59333,1.53125,1.90104,0.12254,0.0518,0.00494,-0.14206,10,26,1.6,77.0,0.0,0.8,0.3,0.42,-0.47423,-0.25478,-0.29032,-0.10794,-0.22798,0.12232,-0.30982,0.15
1768728060,2026-01-18T09:21:00,V2,DISC,cont,1,1.0533,0.8,1,12.6,0.77515,0.67893,4.17937,5.2246,1.95002,14.26,13.74,16.255,62.72919,383.80599,1863.10115,1.31591,1.45689,1.90333,0.24271,0.04013,0.00066,-0.15877,10,26,1.6,77.0,43.0,0.8,0.3,0.42,-0.47423,-0.25478,-0.29032,-0.10794,-0.19089,0.12374,-0.36887,0.1
1768729020,2026-01-18T09:37:00,V2,DISC,cont,1,-0.7728,-1.0845,0,12.6,0.77443,0.60723,2.2619,2.82778,2.17922,14.495,13.74,16.27,62.77323,375.98509,1862.64918,1.36735,1.41366,1.90405,0.23849,0.02924,0.0033,-0.16992,10,27,1.7,77.0,59.0,0.8,0.3,0.42,-0.47423,-0.25478,-0.29032,-0.10794,-0.19089,0.12374,-0.36887,0.1
1768730400,2026-01-18T10:00:00,V2,DISC,cont,1,-1.8408,-1.0067,0,12.6,0.77778,0.98752,5.80476,7.25635,1.33953,15.155,13.75,16.2,57.97983,374.37919,1858.98388,1.3044,1.41895,1.90424,0.20912,0.03661,0.00155,-0.18106,10,27,1.7,77.0,82.0,0.8,0.3,0.42,-0.47459,-0.25405,-0.29055,-0.10794,-0.1654,0.12372,-0.2657,0.15
1768741500,2026-01-18T13:05:00,V2,DISC,flip,-1,1.9435,0.8,1,12.6,0.77682,0.51901,7.7127,9.64048,2.55435,8.77,13.815,16.22,60.06798,370.46238,1876.70418,1.50512,1.48171,1.92705,0.14069,0.01963,0.00929,-0.17318,8,21,1.625,132.0,0.0,0.7,0.3,0.42,-0.47579,-0.2553,-0.29055,-0.20017,-0.27979,0.13879,-0.57284,0.15
1768745700,2026-01-18T14:15:00,V2,DISC,flip,1,-3.8374,-1.0017,0,12.6,0.77443,0.49953,12.1619,15.20238,2.64767,23.17,14.615,16.27,103.63308,405.69503,1876.31945,3.01277,1.82118,1.96689,0.26963,0.0638,0.00494,-0.07821,8,19,1.375,132.0,0.0,0.7,0.3,0.42,-0.47579,-0.2553,-0.29055,-0.20017,-0.21061,0.32166,-0.55811,0.2
1768748100,2026-01-18T14:55:00,V2,DISC,flip,-1,1.2294,0.8,1,12.6,0.77443,0.56707,4.87857,6.09841,2.33888,21.035,15.2,16.27,97.36982,434.15208,1884.61201,2.49699,1.95649,1.97339,0.1175,0.0357,0.02181,-0.10056,9,18,1.0,132.0,0.0,0.7,0.3,0.42,-0.47579,-0.2553,-0.29055,-0.20017,-0.18305,0.36462,-0.59205,0.2
1768752300,2026-01-18T16:05:00,V2,DISC,flip,1,2.0728,0.8,1,12.6,0.78701,0.5787,8.2254,10.28175,2.28831,21.125,16.785,16.01,87.49405,472.10362,1842.71943,1.9244,2.04851,1.90121,0.212,0.01837,0.01933,-0.10615,10,18,0.8,70.0,0.0,0.7,0.35,0.44,-0.38575,-0.21892,-0.2004,-0.20017,-0.09608,0.4033,-0.59826,0.2
1768925460,2026-01-20T16:11:00,V2,DISC,flip,1,-6.2886,-1.0107,0,12.6,0.27864,0.11093,19.75317,24.69127,12.52135,116.735,52.935,45.22,427.13848,1597.00889,5139.34808,9.54065,6.8818,5.32618,0.14596,0.02129,0.04898,0.0585,1,8,7.0,131.0,0.0,0.7,0.45,0.44,-0.20492,-0.21894,-0.20033,-0.20017,-0.00145,-0.04479,-0.05032,0.2
1768927260,2026-01-20T16:41:00,V2,DISC,flip,-1,3.6925,0.8,1,12.6,0.27556,0.15468,14.65238,18.31587,9.03369,85.08,58.17,45.725,351.90282,1669.36117,5245.11596,7.55968,7.07203,5.39392,0.11039,0.061,0.06305,0.0585,2,9,3.5,70.0,0.0,0.7,0.45,0.44,-0.20492,-0.21894,-0.20033,-0.20017,0.13073,0.02154,-0.04303,0.2
1768930380,2026-01-20T17:33:00,V2,DISC,cont,-1,7.6109,0.8,1,12.6,0.27114,0.17922,30.20159,37.75238,7.8182,74.68,67.5,46.47,253.1191,1783.42775,5291.25672,5.90625,7.33564,5.4457,0.18185,0.08318,0.06859,0.03621,2,10,4.0,70.0,52.0,0.7,0.45,0.44,-0.20492,-0.21894,-0.20033,-0.20017,0.1551,0.00635,-0.12429,0.15
1768932780,2026-01-20T18:13:00,V2,DISC,flip,1,-4.1382,-1.0236,0,12.6,0.26071,0.15188,12.83413,16.04286,9.23886,82.765,76.205,48.33,336.59099,1971.19169,5473.87344,7.72446,7.84983,5.62224,0.17866,0.07947,0.06608,0.03621,3,12,3.0,70.0,0.0,0.7,0.4,0.42,-0.29545,-0.25515,-0.19767,-0.20017,0.11701,-0.01318,0.02893,0.15
1768933980,2026-01-20T18:33:00,V2,DISC,flip,-1,4.2235,0.8,1,12.6,0.25452,0.1494,16.76032,20.95,9.42002,84.155,77.545,49.505,374.37229,2019.85994,5544.80298,8.09098,7.93436,5.66272,0.11744,0.0867,0.06727,0.03621,4,13,2.25,70.0,0.0,0.7,0.4,0.42,-0.29545,-0.25515,-0.19767,-0.20017,0.1155,-0.02477,0.00234,0.15
1768935240,2026-01-20T18:54:00,V2,DISC,cont,-1,-4.3722,-1.0004,0,12.6,0.24965,0.16865,13.8746,17.34286,8.36526,72.47,79.39,50.47,281.5557,2077.67317,5586.30033,5.88395,8.02505,5.68528,0.14894,0.09954,0.074,0.00279,4,14,2.5,70.0,21.0,0.7,0.45,0.42,-0.20394,-0.25515,-0.19767,-0.20017,0.06321,-0.09596,-0.10342,0.15
1768937400,2026-01-20T19:30:00,V2,DISC,cont,-1,-8.4756,-1.0085,0,12.6,0.24263,0.18574,26.67937,33.34921,7.60227,67.68,82.405,51.93,284.71174,2169.65953,5720.10869,6.05574,8.22087,5.76795,0.13983,0.08092,0.07432,-0.03064,4,15,2.75,70.0,57.0,0.7,0.45,0.42,-0.20394,-0.25515,-0.19767,-0.20017,0.09012,-0.07871,-0.12378,0.15
1768940700,2026-01-20T20:25:00,V2,DISC,flip,1,-8.999,-1.0036,0,12.6,0.23379,0.14049,28.46508,35.58095,9.99866,76.855,85.965,53.895,333.48956,2219.89807,5902.96761,7.26461,8.41617,5.92371,0.08508,0.05654,0.06549,0.00836,5,16,2.2,70.0,0.0,0.75,0.5,0.42,-0.11492,-0.2556,-0.19881,-0.20017,0.0816,-0.09037,-0.14204,0.15
1768948380,2026-01-20T22:33:00,V2,DISC,cont,-1,-27.6048,-1.002,0,12.6,0.2254,0.08102,87.4627,109.32857,17.65978,37.83,66.84,55.9,296.26261,1787.32834,6266.61398,18.63646,9.71649,7.06894,0.50815,0.1443,0.08442,-0.11421,6,19,2.16667,82.0,46.0,0.7,0.45,0.4,-0.1999,-0.29074,-0.10842,-0.29059,0.0572,-0.01299,-0.17951,0.1
1768973520,2026-01-21T05:32:00,V2,DISC,flip,1,4.7082,0.8,1,12.6,0.21924,0.33082,18.68333,23.35397,4.25076,34.105,46.46,57.47,152.40944,1132.399,6254.2914,3.33791,4.26717,7.22242,0.22017,0.13507,0.03721,-0.04178,6,17,1.83333,82.0,465.0,0.65,0.45,0.4,-0.19832,-0.29059,-0.10842,-0.38069,0.04687,-0.03664,-0.29069,0.05
1768984680,2026-01-21T08:38:00,V2,DISC,flip,-1,-6.9228,-1.0134,0,12.6,0.23264,0.20661,21.68571,27.10714,6.85783,48.325,40.565,54.16,232.5845,1133.88345,6078.2489,5.25705,4.21455,7.07182,0.12879,0.00034,0.03271,-0.02507,6,14,1.33333,82.0,651.0,0.65,0.45,0.4,-0.19832,-0.29059,-0.01806,-0.38069,0.04687,-0.03664,-0.29069,0.05
1768988100,2026-01-21T09:35:00,V2,DISC,flip,1,-2.4422,-1.0287,0,12.6,0.23604,0.27141,7.53651,9.42063,5.19421,42.225,40.925,53.38,205.79825,1133.9787,6030.16437,4.72955,4.21371,7.06582,0.1272,0.01409,0.02715,-0.06964,6,14,1.33333,82.0,708.0,0.65,0.45,0.4,-0.19832,-0.29059,-0.01806,-0.38069,0.04687,-0.03664,-0.29069,0.05
1768996380,2026-01-21T11:53:00,V2,DISC,flip,-1,6.2658,0.8,1,12.6,0.23562,0.24666,24.86429,31.08016,5.74624,33.09,40.085,53.475,148.76366,1126.98659,6131.62624,3.3843,4.1612,7.09939,0.21475,0.09974,0.04175,-0.08078,6,14,1.33333,82.0,846.0,0.65,0.45,0.4,-0.19919,-0.29075,-0.10866,-0.38069,0.04687,-0.03664,-0.29069,0.05
1768997400,2026-01-21T12:10:00,V2,DISC,cont,-1,4.6134,0.8,1,12.6,0.23217,0.10083,18.30714,22.88413,14.13318,47.115,41.14,54.27,269.58122,1235.15309,6276.81316,6.75259,4.78298,7.20038,0.29894,0.12251,0.04986,-0.08635,6,14,1.33333,82.0,863.0,0.65,0.45,0.4,-0.19919,-0.29075,-0.10866,-0.38069,0.04687,-0.03664,-0.29069,0.05
1769004300,2026-01-21T14:05:00,V2,DISC,flip,1,11.0058,0.8,1,12.6,0.22323,0.09303,43.67381,54.59206,15.18232,71.805,47.175,56.445,358.66646,1498.04406,6531.60963,9.57339,6.42789,7.52664,0.12647,0.0029,0.03141,-0.16435,6,14,1.33333,82.0,978.0,0.65,0.45,0.42,-0.19919,-0.25384,-0.01699,-0.38069,0.04687,-0.03664,-0.29069,0.05
1769007780,2026-01-21T15:03:00,V2,DISC,cont,1,8.6552,0.8,1,12.6,0.22096,0.09006,34.34603,42.93254,15.55819,159.655,57.75,57.025,650.95408,1844.57709,6560.73821,14.80323,8.09033,7.66433,0.22524,0.04822,0.0048,-0.12535,6,12,1.0,82.0,1036.0,0.65,0.45,0.42,-0.19919,-0.25384,-0.01699,-0.38069,0.04687,-0.03664,-0.29069,0.05
1769012400,2026-01-21T16:20:00,V2,DISC,flip,-1,5.4758,0.8,1,12.6,0.22113,0.1014,21.72937,27.1619,13.89694,104.27,80.01,56.98,414.405,2179.55831,6608.09716,8.27174,8.99285,7.64318,0.21031,0.00714,0.02392,-0.13649,6,12,1.0,92.0,73.0,0.7,0.5,0.44,-0.10496,-0.21773,-0.01699,-0.38069,0.04197,-0.15956,-0.55926,0.0
1769013240,2026-01-21T16:34:00,V2,DISC,cont,-1,6.9288,0.8,1,12.6,0.22041,0.09142,27.49524,34.36905,15.46882,104.88,83.95,57.165,454.78088,2291.3631,6697.55755,9.30601,9.28315,7.70565,0.24379,0.00621,0.02031,-0.11421,6,12,1.0,92.0,87.0,0.7,0.5,0.44,-0.10496,-0.21773,-0.01699,-0.38069,0.04197,-0.15956,-0.55926,0.0
1769014500,2026-01-21T16:55:00,V2,DISC,cont,-1,9.6034,0.8,1,12.6,0.22009,0.05687,38.10873,47.63571,25.17415,142.93,96.79,57.25,635.65601,2602.86646,7000.64961,12.94381,10.284,7.98356,0.40449,0.05076,0.03319,-0.15877,5,11,1.2,92.0,108.0,0.7,0.5,0.44,-0.10496,-0.21773,-0.01699,-0.38069,0.04197,-0.15956,-0.55926,0.0
1769015520,2026-01-21T17:12:00,V2,DISC,cont,-1,-10.0102,-1.0021,0,12.6,0.2186,0.06757,31.71111,39.63889,21.30821,164.54,101.77,57.64,747.99601,2785.45906,7181.31613,14.67684,10.74741,8.11815,0.35139,0.06757,0.04531,-0.14206,6,12,1.0,112.0,0.0,0.7,0.55,0.46,-0.01463,-0.18163,-0.01699,-0.38069,0.04197,-0.15956,-0.55926,0.0
1769021220,2026-01-21T18:47:00,V2,DISC,flip,1,5.7989,0.8,1,12.6,0.21465,0.11596,23.01111,28.76429,12.30161,106.235,116.145,58.7,350.27813,2961.31421,7282.89276,7.30031,11.19738,8.2748,0.13944,0.00595,0.01645,-0.09192,5,8,0.6,95.0,0.0,0.65,0.6,0.48,0.07546,-0.14558,-0.01699,-0.29041,0.04602,-0.18333,-0.62256,0.0
1769023620,2026-01-21T19:27:00,V2,DISC,cont,1,13.4382,0.8,1,12.6,0.21282,0.10389,53.32619,66.65794,13.63673,103.08,121.675,59.205,345.82418,3018.38124,7272.1624,9.22559,11.58462,8.39481,0.33661,0.00784,0.00736,-0.04178,5,9,0.8,95.0,40.0,0.55,0.55,0.46,-0.01465,-0.18162,-0.01699,-0.29004,0.02014,-0.15417,-0.60689,0.0
1769024760,2026-01-21T19:46:00,V2,DISC,cont,1,-6.8654,-1.0037,0,12.6,0.21157,0.0664,21.71349,27.14206,21.05152,119.94,126.19,59.555,547.94062,3176.82023,7339.87855,14.40296,12.44244,8.69026,0.40147,0.05238,0.01167,-0.03064,5,9,0.8,95.0,59.0,0.55,0.55,0.46,-0.01465,-0.18162,-0.01699,-0.29004,0.02014,-0.15417,-0.60689,0.0
1769039340,2026-01-21T23:49:00,V2,DISC,flip,-1,16.651,0.8,1,12.6,0.20756,0.15578,66.0754,82.59444,9.05934,52.205,81.345,60.705,276.86396,2172.94987,7416.59943,5.89175,9.03212,7.86646,0.23781,0.07113,0.0155,-0.04735,4,6,0.5,95.0,0.0,0.5,0.55,0.46,-0.0143,-0.18163,0.07468,-0.19974,0.02519,-0.08593,-0.5885,0.05
1769103960,2026-01-22T17:46:00,V2,DISC,flip,1,6.7318,0.8,1,12.6,0.24122,0.15873,26.71349,33.39206,8.87975,85.525,79.845,52.235,319.13436,1925.70027,6050.34653,6.88829,7.62926,6.46508,0.15872,0.03217,0.02888,-0.18106,3,8,1.66667,112.0,0.0,0.5,0.6,0.48,0.07688,-0.14435,0.07468,-0.19974,-0.02609,-0.08592,-0.46469,0.05
1769110680,2026-01-22T19:38:00,V2,DISC,cont,1,-14.7202,-1.0092,0,12.6,0.24818,0.17945,46.30635,57.88254,7.82331,67.3,90.485,50.77,275.39353,2105.11831,5718.34954,6.084,7.89335,5.80535,0.07075,8e-05,0.00231,-0.12535,2,9,3.5,112.0,112.0,0.5,0.6,0.48,0.07688,-0.14435,0.07468,-0.19974,-0.04256,-0.07664,-0.32443,0.05
1769131200,2026-01-23T01:20:00,V2,DISC,flip,1,1.7558,0.8,1,12.6,0.27741,0.2947,6.96746,8.70952,4.77177,34.92,44.395,45.42,173.02314,1217.75229,5211.06667,3.47427,4.65634,5.27154,0.04819,0.02501,0.00923,-0.09497,3,14,3.66667,188.0,0.0,0.5,0.6,0.48,0.07644,-0.14447,0.1654,-0.2902,-0.05658,-0.34835,-0.50185,0.05
1769134440,2026-01-23T02:14:00,V2,DISC,cont,1,-3.0572,-1.0008,0,12.6,0.28022,0.26499,9.69762,12.12222,5.2915,36.95,39.75,44.965,173.77085,1127.63761,5166.20573,3.56238,4.29589,5.248,0.23164,0.00316,0.00487,-0.10056,3,16,4.33333,188.0,54.0,0.5,0.6,0.48,0.07644,-0.14447,0.1654,-0.2902,-0.00912,-0.28313,-0.389,0.15
1769136720,2026-01-23T02:52:00,V2,DISC,flip,-1,-2.3432,-1.0152,0,12.6,0.28646,0.44642,7.32778,9.15952,3.14954,35.065,37.57,43.985,153.14255,1055.08421,5136.28858,3.15666,3.9623,5.22167,0.08446,0.02347,0.0054,-0.11732,4,17,3.25,188.0,0.0,0.5,0.6,0.48,0.07644,-0.14447,0.1654,-0.2902,-0.03775,-0.33522,-0.40383,0.15
1769138580,2026-01-23T03:23:00,V2,DISC,flip,1,-1.4684,-1.0246,0,12.6,0.28859,0.38331,4.55,5.6873,3.66005,30.145,36.275,43.66,133.68244,993.81426,5077.95618,2.7568,3.67949,5.1691,0.08071,0.02961,0.00266,-0.08939,5,18,2.6,188.0,0.0,0.55,0.65,0.5,0.16686,-0.10845,0.25592,-0.2902,-0.03337,-0.37766,-0.48494,0.15
1769140020,2026-01-23T03:47:00,V2,DISC,cont,1,1.8875,0.8,1,12.6,0.29347,0.47876,7.49048,9.3627,2.93004,24.885,34.97,42.935,116.65664,956.83119,5050.7499,2.51586,3.53851,5.15438,0.12727,0.06807,0.00072,-0.09192,5,19,2.8,188.0,24.0,0.55,0.65,0.5,0.16686,-0.10845,0.25592,-0.2902,-0.03337,-0.37766,-0.48494,0.15
1769149620,2026-01-23T06:27:00,V2,DISC,flip,-1,5.5613,0.8,1,12.6,0.29006,0.26579,22.06825,27.58571,5.30725,43.0,33.175,43.44,202.56651,901.68211,5092.31843,4.57964,3.32506,5.17638,0.07019,0.02518,0.01293,-0.13092,6,21,2.5,184.0,0.0,0.5,0.65,0.5,0.16578,-0.1089,0.07392,-0.29008,-0.00035,-0.47016,-0.42621,0.15
1769167080,2026-01-23T11:18:00,V2,DISC,flip,1,-1.3418,-1.0153,0,12.6,0.27024,0.30865,4.19524,5.24444,4.57928,35.445,43.21,46.625,160.96086,1118.34562,5291.56335,3.39507,4.02556,5.27676,0.10976,0.05754,0.01696,-0.0585,7,26,2.71429,188.0,0.0,0.5,0.7,0.52,0.25722,-0.07229,0.16401,-0.29008,0.0194,-0.52462,-0.4855,0.15
1769170440,2026-01-23T12:14:00,V2,DISC,flip,-1,-2.1664,-1.02,0,12.6,0.27356,0.4457,6.74286,8.42857,3.17521,27.51,39.815,46.06,115.82729,1041.39884,5251.94921,2.66686,3.83923,5.25383,0.06275,0.06363,0.01873,-0.10306,8,27,2.375,188.0,0.0,0.5,0.7,0.52,0.25722,-0.07229,0.16401,-0.29008,-0.04158,-0.50156,-0.4746,0.15
1769173800,2026-01-23T13:10:00,V2,DISC,flip,1,2.6165,0.8,1,12.6,0.27317,0.36852,10.38254,12.97857,3.82982,29.125,37.885,46.125,144.8659,1007.1534,5257.58505,3.17217,3.67463,5.26613,0.12372,0.01277,0.01411,-0.10306,9,30,2.33333,184.0,0.0,0.5,0.7,0.52,0.25722,-0.07229,0.16401,-0.29008,-0.12287,-0.33448,-0.67978,0.15
1769178120,2026-01-23T14:22:00,V2,DISC,cont,1,2.2189,0.8,1,12.6,0.28103,0.28458,8.80476,11.00635,4.9487,35.005,36.25,44.835,162.4227,1008.8222,5130.5056,3.3525,3.68385,5.12853,0.20034,0.01658,0.00211,-0.08078,9,33,2.66667,184.0,72.0,0.55,0.6,0.52,0.07546,-0.07292,-0.01775,-0.29008,-0.16256,-0.27375,-0.58426,0.15
1769191200,2026-01-23T18:00:00,V2,DISC,flip,-1,-4.123,-1.004,0,12.6,0.28175,0.12656,13.03651,16.29603,11.01094,92.785,70.085,44.72,434.45606,1986.27396,5250.75071,9.77776,8.3571,5.52594,0.11388,0.07454,0.02025,-0.07521,9,36,3.0,184.0,0.0,0.55,0.6,0.54,0.07546,-0.03625,0.07278,-0.19994,-0.13218,-0.35094,-0.83436,0.05
1769194860,2026-01-23T19:01:00,V2,DISC,cont,-1,10.7256,0.8,1,12.6,0.28175,0.16155,42.5619,53.20238,8.63646,79.68,85.19,44.72,301.41055,2146.50167,5266.41776,6.45504,8.67485,5.5383,0.02944,0.0586,0.02614,-0.07521,9,35,2.88889,184.0,61.0,0.55,0.6,0.54,0.07546,-0.03625,0.07278,-0.19994,-0.26768,-0.47359,-1.02465,0.0
1769196780,2026-01-23T19:33:00,V2,DISC,cont,-1,7.9267,0.8,1,12.6,0.28119,0.11898,31.45556,39.31905,11.81988,84.13,90.73,44.81,382.65067,2340.47944,5423.27437,8.00019,9.14962,5.67738,0.35362,0.02084,0.00141,-0.0585,9,37,3.11111,184.0,93.0,0.55,0.6,0.54,0.07546,-0.03625,0.07278,-0.19994,-0.25282,-0.42335,-0.97103,0.05
1769301420,2026-01-25T00:37:00,V2,DISC,flip,1,0.9338,0.8,1,12.6,0.91073,0.60469,3.70556,4.63175,2.33811,15.0,12.225,13.835,90.00616,431.70818,1823.63986,2.07193,1.73769,1.914,0.12209,0.04773,0.01985,-0.09192,1,4,3.0,184.0,0.0,0.55,0.55,0.56,-0.01474,0.00193,-0.01742,-0.01589,-0.24827,-0.43488,-0.98012,0.05
1769303520,2026-01-25T01:12:00,V2,DISC,flip,-1,0.9024,0.8,1,12.6,0.92206,0.55279,3.58095,4.47619,2.55822,17.025,12.655,13.665,91.33746,437.5244,1824.10494,1.93168,1.75163,1.91411,0.03412,0.0225,0.01753,-0.11421,2,6,2.0,92.0,0.0,0.55,0.55,0.56,-0.01474,0.00193,-0.01742,-0.01589,-0.25949,-0.58718,-0.81574,0.05
1769304600,2026-01-25T01:30:00,V2,DISC,cont,-1,1.1443,0.8,1,12.6,0.92545,0.69315,4.54127,5.67619,2.04141,16.53,12.77,13.615,85.96281,449.11656,1822.19131,1.87184,1.78471,1.91496,0.03632,0.02778,0.02511,-0.11421,2,7,2.5,92.0,18.0,0.55,0.55,0.56,-0.01474,0.00193,-0.01742,-0.01589,-0.21119,-0.51366,-0.79243,0.05
1769323260,2026-01-25T06:41:00,V2,DISC,flip,1,-3.0628,-1.0043,0,12.6,0.92613,0.31857,9.68175,12.10238,4.45863,29.795,18.235,13.605,150.43023,578.71837,1863.71017,3.5207,2.41515,2.03165,0.07495,0.0785,0.05001,-0.05292,3,13,3.33333,184.0,0.0,0.6,0.6,0.6,0.07536,0.07443,0.07376,-0.0159,-0.12582,-0.14173,-0.24539,0.2
1769328000,2026-01-25T08:00:00,V2,DISC,flip,-1,-0.775,-1.0462,0,12.6,0.90258,0.51893,2.35159,2.93968,2.74366,15.78,18.425,13.96,86.93234,587.18907,1900.92925,1.89575,2.43265,2.04956,0.2841,0.10164,0.06092,-0.04735,4,14,2.5,184.0,0.0,0.6,0.6,0.6,0.07536,0.07443,0.07376,-0.0159,-0.18763,-0.2133,-0.39135,0.2
1769330100,2026-01-25T08:35:00,V2,DISC,cont,-1,2.3494,0.8,1,12.6,0.8952,0.74781,9.32302,11.65397,1.90455,15.715,18.57,14.075,83.8536,593.12657,1914.2187,1.99719,2.47244,2.06115,0.17672,0.10238,0.05996,-0.05292,4,15,2.75,184.0,35.0,0.6,0.6,0.6,0.07536,0.07443,0.07376,-0.0159,-0.34449,-0.36224,-0.47071,0.2
1769330280,2026-01-25T08:38:00,V2,DISC,cont,-1,3.2947,0.8,1,12.6,0.89267,0.35342,13.0746,16.34286,4.03866,16.435,18.6,14.115,110.60163,621.31827,1948.97059,3.55773,2.75519,2.15123,0.35516,0.14077,0.0706,-0.0585,4,16,3.0,184.0,38.0,0.6,0.6,0.6,0.07536,0.07443,0.07376,-0.0159,-0.34449,-0.36224,-0.47071,0.2
1769340840,2026-01-25T11:34:00,V2,DISC,flip,1,-2.8246,-1.0217,0,12.6,0.78067,0.60396,8.77619,10.97063,2.35585,24.39,25.26,16.14,100.4034,709.45585,2166.40052,2.08531,2.86336,2.30988,0.1571,0.04871,0.05017,0.02507,5,17,2.4,214.0,0.0,0.6,0.6,0.6,0.07348,0.07524,-0.01858,0.16866,-0.16321,-0.11648,-0.21939,0.25
1769342520,2026-01-25T12:02:00,V2,DISC,flip,-1,-1.6952,-1.0815,0,12.6,0.76018,0.38313,4.97619,6.21984,3.72137,22.79,26.15,16.575,108.75508,720.42166,2201.55861,2.23473,2.88623,2.32843,0.06496,0.07458,0.05648,0.01393,6,18,2.0,76.0,0.0,0.6,0.6,0.6,0.07348,0.07524,-0.01858,0.16866,-0.16321,-0.11648,-0.21939,0.25
1769343840,2026-01-25T12:24:00,V2,DISC,flip,1,3.3163,0.8,1,12.6,0.74645,0.25911,13.16032,16.45,5.48982,28.16,26.15,16.88,140.28178,717.9861,2246.37126,3.15775,2.86741,2.38348,0.07575,0.01052,0.04298,0.00836,7,19,1.71429,76.0,0.0,0.6,0.6,0.6,0.07348,0.07524,-0.01858,0.16866,-0.19939,-0.16764,-0.35161,0.2
1769356140,2026-01-25T15:49:00,V2,DISC,flip,-1,2.9205,0.8,1,12.6,0.65184,0.45612,11.58889,14.48651,3.12332,24.9,28.685,19.33,121.6437,759.12664,2402.29118,2.63248,2.837,2.43478,0.08666,0.02367,0.037,-0.0585,8,22,1.75,205.0,0.0,0.65,0.6,0.58,0.06912,0.03721,-0.02164,0.16866,-0.1932,-0.304,-0.44903,0.25
1769376000,2026-01-25T21:20:00,V2,DISC,flip,1,-2.2486,-1.0333,0,12.6,0.45727,0.1838,6.90873,8.63571,7.88981,73.38,73.43,27.555,259.33265,1887.48169,3844.321,5.65522,7.54605,4.39731,0.22106,0.10061,0.06808,0.04178,9,28,2.11111,205.0,0.0,0.65,0.65,0.58,0.16035,0.03721,-0.02164,0.16866,-0.13901,-0.11926,-0.06555,0.25
1769378520,2026-01-25T22:02:00,V2,DISC,flip,-1,-5.3764,-1.0213,0,12.6,0.42611,0.19582,16.7127,20.89048,7.4581,63.7,75.58,29.57,327.89764,2015.91892,4070.43318,7.35523,7.85204,4.58275,0.13152,0.10536,0.08416,0.00836,10,29,1.9,76.0,0.0,0.65,0.65,0.58,0.16035,0.03721,-0.02164,0.16866,-0.19035,-0.39989,-0.30349,0.2
1769382060,2026-01-25T23:01:00,V2,DISC,cont,-1,-11.2664,-1.0058,0,12.6,0.38315,0.13118,35.55873,44.44841,11.17158,67.715,74.145,32.885,388.4222,2026.57529,4400.60899,8.69313,7.83042,4.89881,0.10593,0.11028,0.08634,-0.04735,10,32,2.2,76.0,59.0,0.65,0.65,0.58,0.16035,0.03721,-0.02164,0.16866,-0.20696,-0.46332,-0.30737,0.2
1769384880,2026-01-25T23:48:00,V2,DISC,flip,1,7.0027,0.8,1,12.6,0.36511,0.14357,27.78889,34.73571,10.13581,89.87,76.16,34.51,414.54934,2104.22157,4580.74652,10.94786,8.47664,5.23431,0.05746,0.0697,0.06578,-0.0195,11,33,2.0,106.0,0.0,0.7,0.6,0.58,0.06869,0.03676,-0.1133,0.16866,-0.23457,-0.46542,-0.25842,0.2
1769389440,2026-01-26T01:04:00,V2,DISC,cont,1,10.2155,0.8,1,12.6,0.32954,0.16398,40.5381,50.67222,8.82987,69.79,75.055,38.235,334.1037,2076.62452,4862.23044,6.69693,8.37024,5.44449,0.13007,0.00716,0.05053,-0.07521,10,31,2.1,106.0,76.0,0.65,0.55,0.54,-0.0219,-0.03578,-0.20437,0.07838,-0.17278,-0.39885,-0.27402,0.2
1769390460,2026-01-26T01:21:00,V2,DISC,cont,1,5.3707,0.8,1,12.6,0.32254,0.1133,21.3127,26.64048,12.69977,71.54,75.97,39.065,342.9942,2092.33302,4935.30181,7.41798,8.31822,5.55209,0.22069,0.04458,0.03624,-0.08635,9,32,2.55556,106.0,93.0,0.65,0.55,0.54,-0.0219,-0.03578,-0.20437,0.07838,-0.17278,-0.39885,-0.27402,0.2
1769398200,2026-01-26T03:30:00,V2,DISC,flip,-1,1.7102,0.8,1,12.6,0.28607,0.24135,6.78651,8.48333,5.98084,55.85,70.755,44.045,202.26717,1974.47918,5344.91777,4.48517,7.76988,5.8084,0.30604,0.02776,0.03499,-0.11421,10,33,2.3,106.0,0.0,0.6,0.6,0.58,0.0691,0.0367,-0.20437,0.25882,-0.18247,-0.24127,-0.15002,0.25
1769399220,2026-01-26T03:47:00,V2,DISC,cont,-1,1.4701,0.8,1,12.6,0.28414,0.27636,5.83333,7.29206,5.23132,48.14,67.375,44.345,174.72279,1887.98144,5339.0695,3.60886,7.50104,5.79013,0.24749,0.03939,0.03532,-0.11978,10,33,2.3,106.0,17.0,0.6,0.6,0.58,0.0691,0.0367,-0.20437,0.25882,-0.18247,-0.24127,-0.15002,0.25
1769401140,2026-01-26T04:19:00,V2,DISC,flip,1,2.2778,0.8,1,12.6,0.27775,0.24318,9.03889,11.29841,5.92435,49.69,66.81,45.365,203.6248,1872.366,5388.52621,4.11502,7.42415,5.82088,0.00031,0.06801,0.02956,-0.08635,11,34,2.09091,106.0,0.0,0.6,0.6,0.58,0.0691,0.0367,-0.20437,0.25882,-0.14864,-0.31566,-0.44158,0.25
1769419080,2026-01-26T09:18:00,V2,DISC,flip,-1,-2.1316,-1.0346,0,12.6,0.25316,0.28398,6.54127,8.17619,5.06348,41.225,44.89,49.77,198.74581,1167.95814,5788.23979,4.42762,4.19021,5.99242,0.11435,0.01864,0.01157,-0.0195,10,35,2.5,106.0,0.0,0.65,0.65,0.64,0.1593,0.14498,-0.20437,0.34892,-0.00789,-0.04356,-0.1467,0.35
1769420160,2026-01-26T09:36:00,V2,DISC,cont,-1,-3.1268,-1.024,0,12.6,0.25155,0.29242,9.69365,12.11746,4.91838,41.225,44.495,50.09,177.85785,1157.50679,5806.3072,3.6894,4.18557,6.00114,0.29367,0.03635,0.01211,-0.00279,10,36,2.6,106.0,18.0,0.65,0.65,0.64,0.1593,0.14498,-0.20437,0.34892,-0.00789,-0.04356,-0.1467,0.35
1769423220,2026-01-26T10:27:00,V2,DISC,flip,1,-3.238,-1.0093,0,12.6,0.25032,0.37471,10.18492,12.73095,3.82856,37.54,42.525,50.335,149.93421,1092.93542,5821.82986,3.63567,4.00737,6.02484,0.09797,0.01174,0.01201,-0.00279,11,38,2.45455,106.0,0.0,0.65,0.65,0.64,0.1593,0.14498,-0.20437,0.34892,0.08125,0.03341,-0.12316,0.35
1769429400,2026-01-26T12:10:00,V2,DISC,flip,-1,-4.2186,-1.0165,0,12.6,0.24823,0.323,13.1746,16.46825,4.44881,25.24,38.155,50.76,130.01451,999.77841,5839.53576,3.0125,3.73604,6.03449,0.16899,0.00443,0.01436,-0.00279,9,38,3.22222,106.0,103.0,0.6,0.55,0.62,-0.02363,0.10807,-0.20534,0.25772,0.04933,-0.07965,-0.28452,0.25
1769438400,2026-01-26T14:40:00,V2,DISC,flip,1,4.2398,0.8,1,12.6,0.23963,0.07533,16.8246,21.03095,18.96519,57.935,36.145,52.58,350.48134,1071.11759,6006.37463,8.8382,4.71422,6.2587,0.09257,0.01886,0.00732,-0.03064,12,40,2.33333,69.0,0.0,0.65,0.5,0.6,-0.11471,0.07213,-0.2954,0.25772,0.05752,-0.18847,-0.28092,0.2
1769440260,2026-01-26T15:11:00,V2,DISC,cont,1,-18.3602,-1.1044,0,12.6,0.23403,0.08839,52.77698,65.97143,16.09772,107.345,38.605,53.84,503.57077,1237.19493,6188.72326,11.07949,5.51536,6.43655,0.21182,0.07688,0.00124,-0.0195,12,41,2.41667,69.0,31.0,0.65,0.5,0.6,-0.11471,0.07213,-0.2954,0.25772,-0.12835,-0.51977,-0.53195,0.2
1769443620,2026-01-26T16:07:00,V2,DISC,flip,-1,-8.8566,-1.003,0,12.6,0.22532,0.11167,28.03254,35.04048,12.9358,118.235,44.495,55.92,493.36232,1526.76981,6534.92461,11.92352,7.01257,6.77985,0.20872,0.03774,0.01297,-0.04735,12,41,2.41667,69.0,0.0,0.65,0.5,0.6,-0.11471,0.07213,-0.2954,0.25772,-0.16501,-0.51875,-0.47751,0.2
1769448720,2026-01-26T17:32:00,V2,DISC,cont,-1,-16.7178,-1.0043,0,12.6,0.21961,0.12391,52.84603,66.05714,11.67866,88.405,67.565,57.375,335.93049,1934.62938,6630.46348,7.81695,8.2324,6.87143,0.19255,0.03901,0.011,-0.02507,12,42,2.5,69.0,85.0,0.65,0.5,0.58,-0.11762,0.03404,-0.20464,0.1625,-0.2449,-0.71118,-0.57205,0.15
1769453880,2026-01-26T18:58:00,V2,DISC,flip,1,-9.1844,-1.0111,0,12.6,0.21947,0.16661,28.8381,36.04762,8.56788,78.11,85.66,57.41,290.20157,2144.17507,6517.63782,6.62542,8.72911,6.8463,0.25902,0.03006,0.01677,-0.00279,13,41,2.15385,69.0,0.0,0.7,0.45,0.56,-0.20777,-0.00202,-0.20378,0.1625,-0.26397,-0.72492,-0.61643,0.15
1769459880,2026-01-26T20:38:00,V2,DISC,flip,-1,4.0685,0.8,1,12.6,0.22719,0.26397,16.14444,20.18095,5.44492,49.8,83.685,55.46,219.35786,2100.74218,6347.67798,4.64528,8.35987,6.54662,0.24222,0.02395,0.02537,-0.0585,14,39,1.78571,87.0,0.0,0.65,0.45,0.54,-0.2069,-0.0381,-0.20378,0.07229,-0.26803,-0.71257,-0.67149,0.1
1769462820,2026-01-26T21:27:00,V2,DISC,flip,1,2.5342,0.8,1,12.6,0.22982,0.27854,10.05635,12.57063,5.15168,46.0,71.4,54.825,212.67138,1860.17479,6309.64435,4.33343,7.55226,6.51079,0.00155,0.03304,0.01811,-0.0585,14,40,1.85714,69.0,0.0,0.65,0.45,0.52,-0.20338,-0.07432,-0.29434,0.07229,-0.1756,-0.60567,-0.71955,0.05
1769463660,2026-01-26T21:41:00,V2,DISC,cont,1,5.1766,0.8,1,12.6,0.23136,0.18519,20.54206,25.67778,7.72472,47.64,70.295,54.46,256.19408,1819.87283,6252.50452,5.38541,6.97888,6.47129,0.17402,0.03294,0.02956,-0.06407,14,41,1.92857,69.0,14.0,0.65,0.45,0.52,-0.20338,-0.07432,-0.29434,0.07229,-0.1756,-0.60567,-0.71955,0.05
1769483940,2026-01-27T03:19:00,V2,DISC,flip,-1,-1.6996,-1.014,0,12.6,0.2639,0.27331,5.32143,6.65159,5.20956,37.725,40.405,47.745,178.88064,1183.25581,5479.0749,3.77557,4.46355,5.66939,0.05782,0.06838,0.02134,-0.08078,13,36,1.76923,87.0,0.0,0.6,0.5,0.54,-0.11172,-0.03828,-0.20414,0.07229,-0.18952,-0.34056,-0.61557,0.15
1769484960,2026-01-27T03:36:00,V2,DISC,flip,1,-2.5692,-1.0088,0,12.6,0.26546,0.3888,8.08492,10.10635,3.65504,38.425,40.08,47.465,161.16188,1140.78309,5459.4878,3.35217,4.31471,5.66546,0.07308,0.08062,0.02942,-0.07521,13,36,1.76923,50.0,0.0,0.6,0.5,0.54,-0.11172,-0.03828,-0.20414,0.07229,-0.18455,-0.44234,-0.56696,0.15
1769486940,2026-01-27T04:09:00,V2,DISC,cont,1,2.2933,0.8,1,12.6,0.269,0.28699,9.1,11.3754,4.94732,34.325,38.05,46.84,134.03439,1088.68534,5411.55738,2.76466,4.10471,5.64288,0.12559,0.08073,0.02984,-0.08078,13,36,1.76923,50.0,33.0,0.6,0.5,0.54,-0.11172,-0.03828,-0.20414,0.07229,-0.21151,-0.44516,-0.59879,0.15
1769489220,2026-01-27T04:47:00,V2,DISC,flip,-1,0.364,0.8,1,12.6,0.27079,0.38354,1.44444,1.80556,3.70953,33.805,37.38,46.53,157.40134,1058.38215,5379.32534,3.2556,3.98818,5.60803,0.07197,0.04847,0.01845,-0.06964,13,36,1.76923,71.0,0.0,0.6,0.5,0.54,-0.11172,-0.03828,-0.20414,0.07229,-0.2488,-0.45856,-0.63158,0.15
1769490360,2026-01-27T05:06:00,V2,DISC,cont,-1,1.9326,0.8,1,12.6,0.27193,0.43699,7.66905,9.58651,3.26228,34.81,36.765,46.335,166.7301,1020.98597,5363.88061,3.38595,3.84103,5.58715,0.17778,0.04033,0.01687,-0.05292,13,37,1.84615,71.0,19.0,0.6,0.5,0.54,-0.11172,-0.03828,-0.20414,0.07229,-0.2488,-0.45856,-0.63158,0.15
1769495400,2026-01-27T06:30:00,V2,DISC,cont,-1,-4.2552,-1.0192,0,12.6,0.27957,0.51922,13.25476,16.56825,2.74977,27.02,33.26,45.07,126.28544,973.28481,5335.83618,2.63989,3.66875,5.57032,0.14298,0.0023,0.00849,-0.08078,13,38,1.92308,71.0,103.0,0.6,0.5,0.52,-0.1115,-0.07466,-0.29507,0.16239,-0.04372,-0.13691,-0.20393,0.15
1769502120,2026-01-27T08:22:00,V2,DISC,flip,-1,1.476,0.8,1,12.6,0.29731,0.43704,5.85714,7.32143,3.26849,24.9,30.755,42.38,126.63001,862.99437,5210.43006,2.59091,3.03728,5.50014,0.13853,0.04086,0.00495,-0.11978,15,38,1.53333,87.0,0.0,0.65,0.5,0.54,-0.1115,-0.03848,-0.20275,0.16239,-0.01593,-0.07173,-0.23206,0.2
1769503500,2026-01-27T08:45:00,V2,DISC,cont,-1,2.2568,0.8,1,12.6,0.2984,0.30973,8.95556,11.19444,4.61948,28.82,30.87,42.225,137.47481,839.16039,5202.73058,2.83468,2.93557,5.48149,0.23291,0.07649,0.00249,-0.10864,15,38,1.53333,87.0,23.0,0.6,0.45,0.52,-0.20246,-0.07486,-0.20275,0.16162,-0.01593,-0.07173,-0.23206,0.2
1769505300,2026-01-27T09:15:00,V2,DISC,cont,-1,1.9688,0.8,1,12.6,0.2989,0.27488,7.8127,9.76587,5.21691,35.0,30.46,42.155,167.28247,850.25305,5212.21557,3.50247,2.97972,5.47995,0.28081,0.08833,0.00353,-0.13092,15,40,1.66667,87.0,53.0,0.6,0.45,0.52,-0.20246,-0.07486,-0.20275,0.16162,-0.05008,-0.12315,-0.06429,0.3
1769507760,2026-01-27T09:56:00,V2,DISC,cont,-1,-3.344,-1.0111,0,12.6,0.30376,0.33726,10.5,13.1246,4.25735,33.995,30.31,41.48,177.31143,879.1182,5222.15893,3.91672,3.13053,5.48041,0.21176,0.11053,0.00463,-0.1532,14,39,1.78571,87.0,94.0,0.6,0.45,0.52,-0.20246,-0.07486,-0.20275,0.16162,-0.02751,-0.16889,-0.04089,0.3
1769512500,2026-01-27T11:15:00,V2,DISC,flip,1,-1.8774,-1.0261,0,12.6,0.30424,0.36452,5.80794,7.26032,3.93751,30.765,29.93,41.415,127.16055,842.22517,5226.53865,2.76274,3.06478,5.47949,0.09728,0.07173,0.00221,-0.18663,14,40,1.85714,100.0,0.0,0.55,0.5,0.58,-0.11073,0.03395,-0.11167,0.34212,-0.0234,-0.26311,-0.08775,0.25
1769513460,2026-01-27T11:31:00,V2,DISC,cont,1,2.216,0.8,1,12.6,0.30424,0.48199,8.79365,10.99206,2.97731,31.43,30.085,41.415,129.24181,837.83892,5223.59038,2.77677,3.03113,5.47621,0.02086,0.08082,0.00168,-0.18106,14,41,1.92857,100.0,16.0,0.55,0.5,0.58,-0.11073,0.03395,-0.11167,0.34212,-0.01438,-0.33997,-0.06123,0.25
1769516040,2026-01-27T12:14:00,V2,DISC,cont,1,-3.1156,-1.0007,0,12.6,0.30424,0.46803,9.88413,12.35476,3.05992,28.52,30.215,41.415,115.25251,820.94909,5190.22631,2.48728,2.99938,5.4655,0.22108,0.05788,0.00435,-0.18663,14,42,2.0,100.0,59.0,0.55,0.5,0.56,-0.11009,-0.00227,-0.11167,0.25156,0.00666,-0.11455,0.19811,0.35
1769525460,2026-01-27T14:51:00,V2,DISC,flip,-1,-4.3898,-1.0156,0,12.6,0.31008,0.0881,13.72143,17.15159,16.33679,71.215,33.685,40.635,379.50498,1058.67754,5141.6097,8.17949,4.33487,5.32758,0.08051,0.05716,0.00823,-0.16435,11,38,2.45455,100.0,0.0,0.45,0.5,0.56,-0.11013,-0.0021,-0.1089,0.16152,0.04021,-0.1186,0.17281,0.35
1769526060,2026-01-27T15:01:00,V2,DISC,cont,-1,-6.972,-1.0149,0,12.6,0.31008,0.11536,21.80794,27.26032,12.48515,90.615,34.36,40.635,407.75286,1087.37831,5120.38473,8.4837,4.43906,5.29476,0.10224,0.05856,0.0121,-0.15877,11,39,2.54545,100.0,10.0,0.45,0.5,0.56,-0.11013,-0.0021,-0.1089,0.16152,0.04021,-0.1186,0.17281,0.35
1769529960,2026-01-27T16:06:00,V2,DISC,flip,1,-17.016,-1.0042,0,12.6,0.31096,0.11025,53.79286,67.24127,12.94141,83.095,39.07,40.52,320.89447,1291.10379,4970.99995,6.96832,5.50372,5.03887,0.23064,0.03978,0.02122,-0.06964,12,39,2.25,75.0,0.0,0.45,0.5,0.56,-0.11013,-0.0021,-0.1089,0.16152,-0.16202,-0.29145,-0.1299,0.3
1769535420,2026-01-27T17:37:00,V2,DISC,cont,-1,-9.95,-1.0056,0,12.6,0.31096,0.10569,31.41032,39.2627,13.64469,83.545,58.065,40.52,351.69193,1681.87082,4965.24215,8.02292,6.80056,4.92179,0.35648,0.03138,0.00068,0.00279,12,40,2.33333,75.0,37.0,0.45,0.5,0.52,-0.10629,-0.07471,-0.19968,0.07078,-0.04025,0.02809,-0.15832,0.35
1769542980,2026-01-27T19:43:00,V2,DISC,flip,1,7.4002,0.8,1,12.6,0.30966,0.22834,29.36587,36.70714,6.24254,57.195,80.465,40.69,273.02671,2010.27903,4944.63114,6.93644,7.73151,5.0032,0.28694,0.02699,0.0042,0.06407,12,40,2.33333,75.0,0.0,0.45,0.5,0.5,-0.10601,-0.11083,-0.28989,-0.0195,-0.04776,0.01146,-0.21356,0.3
1769546820,2026-01-27T20:47:00,V2,DISC,cont,1,7.0176,0.8,1,12.6,0.30457,0.13893,27.84762,34.80952,10.17809,68.485,80.09,41.37,298.53634,1948.93101,4994.42924,6.94034,7.6035,5.12509,0.29977,0.08995,0.03119,0.10864,11,42,2.81818,75.0,64.0,0.45,0.5,0.5,-0.10601,-0.11083,-0.28989,-0.0195,0.09307,0.18121,0.04846,0.3
1769600640,2026-01-28T11:44:00,V2,DISC,cont,1,5.8,0.8,1,12.6,0.27368,0.2415,23.01587,28.76984,5.82688,40.1,37.76,46.04,182.26131,1125.69294,5384.0428,3.71403,4.13358,5.36964,0.10322,0.07548,0.03359,-0.23677,10,29,1.9,126.0,105.0,0.4,0.5,0.5,-0.10601,-0.11083,-0.19822,-0.0195,0.02066,-0.12461,-0.21776,0.15
1769611020,2026-01-28T14:37:00,V2,DISC,flip,-1,4.7925,0.8,1,12.6,0.24633,0.11182,19.01746,23.77222,12.56262,64.86,51.06,51.15,225.51553,1418.97582,5694.10035,5.18037,5.16465,5.5723,0.22109,0.06119,0.03682,-0.11978,11,31,1.81818,163.0,0.0,0.4,0.5,0.5,-0.10601,-0.11083,-0.19822,-0.0195,-0.11818,-0.25976,-0.51059,0.1
1769612940,2026-01-28T15:09:00,V2,DISC,cont,-1,6.8294,0.8,1,12.6,0.24585,0.10966,27.10079,33.87619,12.86901,91.68,58.465,51.25,341.95142,1568.306,5638.53538,7.2954,5.6721,5.43011,0.26491,0.02881,0.03002,-0.10306,10,30,2.0,163.0,32.0,0.4,0.5,0.5,-0.10601,-0.11083,-0.19822,-0.0195,-0.10734,-0.18876,-0.41941,0.15
1769707080,2026-01-29T17:18:00,V2,DISC,flip,1,-8.4822,-1.0089,0,12.6,0.25862,0.11994,26.68968,33.3619,12.31075,112.185,68.07,48.72,405.20503,2032.90654,6420.9575,9.6111,8.87365,6.72992,0.19336,0.14283,0.07679,-0.01393,1,9,8.0,199.0,0.0,0.35,0.6,0.52,0.07513,-0.07474,-0.10716,0.07079,0.12474,0.20515,0.40918,0.35
1769708340,2026-01-29T17:39:00,V2,DISC,flip,-1,3.6826,0.8,1,12.6,0.25654,0.12487,14.61349,18.26667,11.89996,105.2,78.09,49.115,444.50365,2145.48025,6517.57929,10.3236,9.15527,6.79109,0.10793,0.16004,0.08543,0.03064,2,10,4.0,199.0,0.0,0.35,0.6,0.52,0.07513,-0.07474,-0.10716,0.07079,0.12474,0.20515,0.40918,0.35
1769711160,2026-01-29T18:26:00,V2,DISC,cont,-1,-16.6702,-1.0058,0,12.6,0.25429,0.07743,52.61429,65.76825,19.45431,108.77,96.675,49.55,441.59341,2427.73736,6564.23576,8.91291,9.6815,6.67053,0.36447,0.20744,0.1087,0.05292,2,11,4.5,199.0,47.0,0.35,0.6,0.52,0.07513,-0.07474,-0.10716,0.07079,0.12468,0.32686,0.39324,0.4
1769733000,2026-01-30T00:30:00,V2,DISC,flip,-1,-2.1824,-1.0188,0,12.6,0.25822,0.25509,6.80079,8.50079,5.86871,35.525,56.02,48.795,186.94085,1659.28271,6492.46323,3.91402,6.47649,6.72499,0.23654,0.04861,0.08838,-0.03064,4,16,3.0,208.0,0.0,0.4,0.5,0.5,-0.1056,-0.11011,-0.1976,-0.0195,0.04395,0.33172,0.54103,0.3
1769733900,2026-01-30T00:45:00,V2,DISC,flip,1,-3.0648,-1.007,0,12.6,0.2567,0.27581,9.6619,12.07778,5.41593,33.15,53.75,49.085,187.03668,1600.92021,6460.92071,4.08804,6.26792,6.71732,0.11785,0.03607,0.08216,-0.02507,5,17,2.4,208.0,0.0,0.4,0.5,0.5,-0.1056,-0.11011,-0.1976,-0.0195,0.04395,0.33172,0.54103,0.3
1769736060,2026-01-30T01:21:00,V2,DISC,flip,-1,5.5557,0.8,1,12.6,0.25573,0.15144,22.04603,27.55794,9.93909,52.315,50.43,49.27,252.85046,1546.41254,6541.64743,5.29855,5.98172,6.73273,0.27652,0.00893,0.09531,-0.01393,6,18,2.0,203.0,0.0,0.4,0.5,0.5,-0.1056,-0.11011,-0.1976,-0.0195,-0.03493,0.13972,0.55811,0.35
1769737020,2026-01-30T01:37:00,V2,DISC,cont,-1,10.7611,0.8,1,12.6,0.25573,0.09052,42.70317,53.37857,16.75462,66.12,50.31,49.27,385.94155,1594.43097,6686.08062,9.94293,6.52524,6.92172,0.37187,0.07259,0.09978,-0.01393,6,18,2.0,203.0,16.0,0.4,0.5,0.5,-0.1056,-0.11011,-0.1976,-0.0195,-0.03493,0.13972,0.55811,0.35
1769799660,2026-01-30T19:01:00,V2,DISC,flip,1,4.7235,0.8,1,12.6,0.16592,0.0706,18.74444,23.43016,21.28088,159.1,123.63,75.94,684.62764,3128.64125,9235.28407,16.34391,12.01179,9.95748,0.16787,0.04822,0.00627,-0.03621,5,9,0.8,208.0,0.0,0.5,0.45,0.5,-0.19593,-0.10857,-0.1967,-0.0195,0.07103,0.19583,0.8345,0.4
1769800800,2026-01-30T19:20:00,V2,DISC,cont,1,-10.8794,-1.0044,0,12.6,0.16513,0.08177,34.3881,42.98492,18.26585,164.34,128.435,76.305,657.794,3191.62361,9228.7735,15.50141,12.22771,9.99579,0.43008,0.0673,0.00938,-0.0585,5,10,1.0,208.0,19.0,0.5,0.45,0.5,-0.19593,-0.10857,-0.1967,-0.0195,0.07103,0.19583,0.8345,0.4
1769850180,2026-01-31T09:03:00,V2,DISC,flip,1,-3.4412,-1.0133,0,12.6,0.20017,0.14953,10.78175,13.47698,10.14445,82.15,31.415,62.945,381.03126,1088.31146,8005.54505,8.17473,4.39031,8.22548,0.10742,0.10388,0.00741,-0.05292,3,8,1.66667,203.0,0.0,0.5,0.5,0.52,-0.10429,-0.07156,-0.10587,-0.10972,0.08769,0.04032,0.35747,0.35
1769860320,2026-01-31T11:52:00,V2,DISC,flip,-1,6.3037,0.8,1,12.6,0.21011,0.26657,25.01429,31.26825,5.71214,41.92,45.0,59.97,151.07561,1285.65996,7691.03488,3.23134,4.96129,7.99862,0.17303,0.10539,0.00256,-0.06964,4,9,1.25,169.0,0.0,0.55,0.45,0.52,-0.19496,-0.07171,-0.19654,-0.10972,0.07866,-0.06998,0.30046,0.3
1769904660,2026-02-01T00:11:00,V2,DISC,flip,1,-13.1128,-1.0014,0,12.6,0.1937,0.1106,41.57063,51.96349,14.37589,106.74,124.445,65.05,531.66822,3781.02507,9443.54844,11.45505,21.60738,13.4524,0.26094,0.01896,0.0633,0.03064,3,18,5.0,203.0,0.0,0.6,0.5,0.52,-0.10492,-0.07171,-0.10639,-0.10972,-0.06073,-0.0069,0.24792,0.3
1769908200,2026-02-01T01:10:00,V2,DISC,flip,-1,1.9762,0.8,1,12.6,0.17903,0.12561,7.84206,9.80238,12.77919,95.865,108.3,70.38,385.7108,2858.30071,9741.56893,7.84416,10.338,13.52633,0.21152,0.01533,0.07267,-0.01393,4,19,3.75,169.0,0.0,0.6,0.5,0.52,-0.10492,-0.07171,-0.10639,-0.10972,-0.05271,-0.03419,0.22035,0.3
1769908560,2026-02-01T01:16:00,V2,DISC,cont,-1,-5.066,-1.0075,0,12.6,0.17823,0.11154,15.9627,19.95317,14.41055,95.335,107.375,70.695,387.81347,2869.02874,9781.2717,7.85969,10.35746,13.53749,0.26775,0.01403,0.07371,-0.00279,4,20,4.0,169.0,6.0,0.6,0.5,0.52,-0.10492,-0.07171,-0.10639,-0.10972,-0.05271,-0.03419,0.22035,0.3
1769910240,2026-02-01T01:44:00,V2,DISC,cont,-1,-10.3684,-1.0009,0,12.6,0.17286,0.13614,32.88492,41.10635,11.82642,87.705,104.24,72.89,377.27584,2758.88903,9855.33347,8.04895,10.02716,13.56741,0.14309,0.03901,0.07315,0.02507,4,21,4.25,169.0,34.0,0.6,0.5,0.52,-0.10492,-0.07171,-0.10639,-0.10972,-0.01194,-0.01064,0.33938,0.3
1769919420,2026-02-01T04:17:00,V2,DISC,flip,1,-7.715,-1.0056,0,12.6,0.16581,0.19804,24.35476,30.44365,8.05758,51.975,78.615,75.99,237.98436,2148.76147,10083.42808,5.22089,7.9262,13.6759,0.13895,0.04848,0.06271,0.02507,5,22,3.4,169.0,0.0,0.6,0.55,0.46,-0.0134,-0.17991,-0.1059,-0.10372,-0.08423,-0.11333,0.30835,0.35
1769927820,2026-02-01T06:37:00,V2,DISC,flip,-1,4.6539,0.8,1,12.6,0.16092,0.20221,18.46825,23.08492,7.94599,44.055,61.365,78.3,211.00343,1678.63179,10329.16779,4.53349,6.20049,13.72862,0.21231,0.03902,0.06367,-0.0585,6,23,2.83333,169.0,0.0,0.6,0.5,0.44,-0.10368,-0.21602,-0.19618,-0.10372,-0.12243,-0.14838,0.2051,0.3
1769929440,2026-02-01T07:04:00,V2,DISC,cont,-1,-5.6772,-1.0097,0,12.6,0.15879,0.1799,17.84921,22.3119,8.97183,49.79,58.655,79.35,224.34224,1621.16545,10421.76306,5.17061,5.99133,13.74595,0.26385,0.05159,0.06847,-0.03064,6,25,3.16667,169.0,27.0,0.6,0.5,0.44,-0.10368,-0.21602,-0.19618,-0.10372,-0.12243,-0.14838,0.2051,0.3
1769935080,2026-02-01T08:38:00,V2,DISC,flip,1,7.4459,0.8,1,12.6,0.15509,0.174,29.54762,36.93413,9.21065,63.855,57.835,81.245,292.29865,1568.54141,10490.79039,7.31879,6.01154,13.82272,0.15481,0.00419,0.0498,-0.07521,7,25,2.57143,169.0,0.0,0.65,0.5,0.46,-0.10368,-0.17933,-0.10548,-0.10372,-0.0841,0.00952,0.36535,0.4
1769940660,2026-02-01T10:11:00,V2,DISC,cont,1,-5.1206,-1.0142,0,12.6,0.15654,0.15215,16.02857,20.03571,10.47782,47.13,54.945,80.49,227.87043,1549.1576,10338.46544,4.94816,5.94028,13.78626,0.19787,0.03046,0.04674,-0.0585,6,26,3.33333,169.0,93.0,0.65,0.45,0.46,-0.19417,-0.17904,-0.10548,-0.10399,-0.06065,0.00838,0.38694,0.4
1769943300,2026-02-01T10:55:00,V2,DISC,flip,-1,-5.749,-1.0082,0,12.6,0.15366,0.13953,18.10238,22.62778,11.55217,62.97,56.905,82.0,351.5605,1652.69394,10550.52869,7.79801,6.32365,13.83458,0.2029,0.05896,0.05817,-0.04178,7,27,2.85714,137.0,0.0,0.65,0.45,0.48,-0.19417,-0.14286,-0.01504,-0.10399,-0.14585,-0.17118,-0.03513,0.4
1769961420,2026-02-01T15:57:00,V2,DISC,flip,1,-6.2296,-1.0013,0,12.6,0.15041,0.09404,19.75079,24.6881,17.25677,132.465,72.14,83.77,564.26242,2186.21856,10796.33917,12.60167,8.63556,13.89532,0.13846,0.07091,0.0434,-0.01393,7,25,2.57143,169.0,0.0,0.65,0.4,0.46,-0.28484,-0.17897,-0.10546,-0.1947,0.01569,0.2294,-0.24866,0.3
1769976120,2026-02-01T20:02:00,V2,DISC,flip,-1,-4.2738,-1.0002,0,12.6,0.16535,0.12624,13.56508,16.95635,12.98027,75.175,102.16,76.2,356.76152,2778.97716,8780.13828,7.1953,10.34178,8.29748,0.33717,0.05976,0.01103,0.04178,8,21,1.625,169.0,0.0,0.65,0.35,0.46,-0.37491,-0.17691,-0.19552,-0.1947,-0.13551,0.19062,-0.24489,0.25
1769977260,2026-02-01T20:21:00,V2,DISC,flip,1,-3.1086,-1.0097,0,12.6,0.16594,0.11992,9.77302,12.21667,13.59659,84.825,103.205,75.93,396.62581,2793.08364,8705.65092,8.31042,10.40717,8.2608,0.12987,0.03514,0.00139,0.04735,9,22,1.44444,137.0,0.0,0.65,0.35,0.46,-0.37491,-0.17691,-0.19552,-0.1947,-0.13551,0.19062,-0.24489,0.25
1769978280,2026-02-01T20:38:00,V2,DISC,cont,1,-19.1216,-1.0001,0,12.6,0.16594,0.07559,60.69683,75.87143,21.51501,105.42,103.205,75.93,563.67791,2872.86308,8703.0888,11.43444,10.62212,8.23503,0.01444,0.00805,0.00525,0.07521,9,23,1.55556,137.0,17.0,0.65,0.35,0.46,-0.37491,-0.17691,-0.19552,-0.1947,-0.12877,0.13159,-0.21742,0.25
1769987160,2026-02-01T23:06:00,V2,DISC,flip,-1,-29.804,-1.0004,0,12.6,0.16273,0.0725,94.58175,118.22698,22.82709,131.315,97.115,77.43,714.50665,2983.79861,9295.67085,16.16878,11.24471,8.91617,0.12622,0.06202,0.02791,0.01393,10,24,1.4,137.0,0.0,0.65,0.35,0.46,-0.37382,-0.17674,-0.19393,-0.2847,-0.26234,0.18299,-0.38917,0.2
1770006300,2026-02-02T04:25:00,V2,DISC,flip,1,-22.1364,-1.0023,0,12.6,0.13514,0.06496,70.11349,87.64206,25.41465,196.895,150.055,93.24,1061.65782,4694.69697,11529.63684,23.17873,17.48858,11.56084,0.1357,0.01016,0.02925,-0.02507,8,23,1.875,165.0,0.0,0.65,0.3,0.44,-0.46385,-0.21275,-0.19374,-0.2847,-0.22173,0.06538,-0.72365,0.1
1770009960,2026-02-02T05:26:00,V2,DISC,cont,-1,-8.145,-1.0144,0,12.6,0.13052,0.07164,25.48889,31.86111,23.48342,134.93,144.91,96.535,713.03301,4567.0262,12223.22436,15.302,16.49024,11.93977,0.25218,0.05654,0.04261,-0.04735,9,28,2.11111,137.0,31.0,0.65,0.3,0.44,-0.46385,-0.21275,-0.19374,-0.2847,-0.24673,0.05496,-0.7035,0.15
1770011400,2026-02-02T05:50:00,V2,DISC,flip,1,8.547,0.8,1,12.6,0.12703,0.07256,33.91667,42.39603,23.0026,154.305,147.43,99.19,771.11222,4639.15779,12401.39142,16.24725,16.7814,12.14853,0.05697,0.04024,0.03269,-0.06407,10,29,1.9,137.0,0.0,0.65,0.3,0.44,-0.46385,-0.21275,-0.19374,-0.2847,-0.19925,0.11125,-0.60993,0.15
1770014520,2026-02-02T06:42:00,V2,DISC,cont,1,23.8117,0.8,1,12.6,0.12068,0.0505,94.49048,118.11349,32.63774,167.69,151.025,104.405,899.04739,4670.50509,12823.37087,24.52821,18.32135,13.04528,0.16782,0.0402,0.02064,-0.04178,9,29,2.22222,137.0,52.0,0.7,0.25,0.42,-0.55396,-0.2488,-0.28385,-0.2847,-0.17954,0.11065,-0.45026,0.2
1770041460,2026-02-02T14:11:00,V2,DISC,flip,-1,-14.1306,-1.005,0,12.6,0.10843,0.11521,44.63571,55.79444,14.0718,89.285,83.58,116.205,347.45135,2221.98662,13685.5972,7.29216,7.94082,13.67351,0.05322,0.05107,0.00332,-0.03621,8,31,2.875,165.0,0.0,0.65,0.3,0.44,-0.46379,-0.21263,-0.28385,-0.28446,0.11111,-0.02543,-0.16217,0.3
1770045900,2026-02-02T15:25:00,V2,DISC,flip,1,-27.3658,-1.0032,0,12.6,0.10613,0.06136,86.59683,108.24603,26.05318,207.95,90.87,118.72,890.14379,2614.04855,13790.14578,18.92339,10.33669,13.94042,0.13808,0.09046,0.01607,-0.01393,9,28,2.11111,165.0,0.0,0.65,0.3,0.44,-0.46379,-0.21263,-0.28385,-0.28446,0.10623,-0.03797,-0.21959,0.3
1770130440,2026-02-03T14:54:00,V2,DISC,cont,-1,3.6864,0.8,1,12.6,0.18089,0.0569,14.62857,18.28571,28.56334,99.965,61.0,69.655,603.1771,1917.44047,8134.96699,13.91395,7.79757,7.85594,0.13399,0.07586,0.01184,0.04178,12,33,1.75,125.0,37.0,0.65,0.25,0.4,-0.55413,-0.28479,-0.37382,-0.28446,0.14805,-0.28218,-0.57243,0.15
1770146340,2026-02-03T19:19:00,V2,DISC,flip,1,12.3736,0.8,1,12.6,0.17441,0.04209,49.10159,61.37698,39.95354,214.965,145.16,72.245,1059.10155,4136.31804,9642.09868,21.8053,15.98255,9.78087,0.03584,0.10722,0.04896,-0.03064,12,41,2.41667,125.0,0.0,0.6,0.25,0.4,-0.55413,-0.28479,-0.37382,-0.28446,0.23555,0.24692,0.47833,0.45
1770152460,2026-02-03T21:01:00,V2,DISC,cont,1,-9.161,-1.0148,0,12.6,0.16773,0.08913,28.65873,35.82302,18.45901,148.365,162.955,75.12,666.70889,4442.9536,9990.3037,14.68064,17.02907,10.44176,0.336,0.01384,0.01948,-0.0195,11,39,2.54545,125.0,102.0,0.6,0.25,0.4,-0.55413,-0.28479,-0.37382,-0.28446,0.1458,0.20541,0.48322,0.5
1770155640,2026-02-03T21:54:00,V2,DISC,flip,-1,5.0074,0.8,1,12.6,0.16482,0.14869,19.87063,24.8381,11.13636,103.98,146.77,76.445,471.01786,4058.4512,10230.85596,10.35083,15.15773,10.57015,0.07612,0.0598,0.03006,-0.04178,11,38,2.45455,134.0,0.0,0.65,0.3,0.42,-0.46376,-0.24841,-0.28288,-0.28446,0.16182,0.20896,0.4885,0.5
1770156900,2026-02-03T22:15:00,V2,DISC,cont,-1,-7.3768,-1.0064,0,12.6,0.16283,0.1073,23.27063,29.0881,15.54466,99.235,146.77,77.38,437.19764,4056.56738,10374.00994,9.98776,15.13694,10.63435,0.34144,0.05732,0.03941,-0.03621,11,40,2.63636,134.0,21.0,0.65,0.3,0.42,-0.46376,-0.24841,-0.28288,-0.28446,0.16182,0.20896,0.4885,0.5
1770157680,2026-02-03T22:28:00,V2,DISC,flip,1,-6.9262,-1.0034,0,12.6,0.16075,0.09057,21.91429,27.39286,18.31343,100.735,144.725,78.385,480.04888,4005.55446,10414.68119,11.00961,15.08582,10.70634,0.12773,0.02729,0.03296,-0.03064,12,41,2.41667,71.0,0.0,0.65,0.3,0.42,-0.46376,-0.24841,-0.28288,-0.28446,0.15294,0.31085,0.61253,0.55
1770172020,2026-02-04T02:27:00,V2,DISC,flip,-1,5.8901,0.8,1,12.6,0.14817,0.13909,23.37302,29.21667,11.89775,83.61,92.745,85.04,409.88156,2772.66971,10920.89389,8.69702,10.53079,11.06162,0.06088,0.01995,0.02937,-0.09192,12,41,2.41667,134.0,0.0,0.65,0.3,0.38,-0.46418,-0.32068,-0.2827,-0.37497,0.00748,0.26261,0.4246,0.5
1770176220,2026-02-04T03:37:00,V2,DISC,flip,1,-9.9214,-1.0054,0,12.6,0.14934,0.15303,31.32778,39.15952,10.72805,68.45,83.61,84.37,388.05281,2487.91696,10739.60045,10.27245,9.61647,11.06985,0.27012,0.02385,0.0196,-0.08635,12,39,2.25,71.0,0.0,0.65,0.3,0.38,-0.46418,-0.32068,-0.2827,-0.37497,0.0249,0.315,0.44889,0.55
1770183540,2026-02-04T05:39:00,V2,DISC,flip,-1,2.4454,0.8,1,12.6,0.15081,0.24183,9.70397,12.13016,6.83399,42.945,64.29,83.55,202.6422,2040.04445,10716.04188,4.33043,8.06356,11.01962,0.21013,0.0238,0.02577,-0.12535,13,39,2.0,122.0,0.0,0.7,0.3,0.38,-0.46374,-0.32027,-0.2823,-0.37497,0.04309,0.31055,0.41175,0.5
1770184320,2026-02-04T05:52:00,V2,DISC,cont,-1,-2.769,-1.0152,0,12.6,0.15081,0.24476,8.65873,10.82381,6.76361,47.58,63.0,83.55,216.43071,1991.72221,10741.20653,4.59796,7.84282,11.02229,0.15068,0.02647,0.02765,-0.11421,13,40,2.07692,122.0,13.0,0.7,0.3,0.38,-0.46374,-0.32027,-0.2823,-0.37497,0.04309,0.31055,0.41175,0.5
1770186960,2026-02-04T06:36:00,V2,DISC,flip,1,-5.6038,-1.0008,0,12.6,0.15371,0.21449,17.77619,22.21984,7.6731,45.97,60.54,81.97,230.2314,1893.69699,10618.69757,4.90184,7.61728,10.99078,0.16431,0.03374,0.02412,-0.09192,13,39,2.0,122.0,0.0,0.7,0.3,0.38,-0.46374,-0.32027,-0.2823,-0.37497,0.01695,0.11049,0.0852,0.4
1770192180,2026-02-04T08:03:00,V2,DISC,flip,-1,5.3469,0.8,1,12.6,0.1553,0.23206,21.21746,26.52222,7.12587,49.14,53.835,81.135,260.6595,1656.65444,10676.99024,5.69427,6.61596,11.00261,0.08942,0.01129,0.0308,-0.03621,13,38,1.92308,87.0,0.0,0.65,0.35,0.4,-0.37403,-0.28424,-0.28231,-0.46573,0.04663,0.10192,-0.08665,0.35
1770203160,2026-02-04T11:06:00,V2,DISC,cont,-1,6.9614,0.8,1,12.6,0.15766,0.16081,27.6246,34.53095,10.34059,48.75,53.385,79.92,223.69811,1583.75977,10668.16983,4.61583,5.72362,10.98613,0.17624,0.05043,0.02927,-0.10306,12,39,2.25,70.0,100.0,0.65,0.4,0.42,-0.28357,-0.24788,-0.28228,-0.46573,0.00581,-0.14366,-0.25264,0.25
1770235380,2026-02-04T20:03:00,V2,DISC,flip,1,-20.8208,-1.0025,0,12.6,0.14817,0.07016,65.93175,82.41429,24.27448,136.56,181.515,85.04,652.57946,5183.12287,11764.25123,14.54572,19.11188,12.0096,0.06139,0.02478,0.00846,-0.05292,10,30,2.0,70.0,0.0,0.65,0.45,0.44,-0.19357,-0.21177,-0.28228,-0.3757,-0.03683,-0.20488,-0.3189,0.1
1770241320,2026-02-04T21:42:00,V2,DISC,flip,-1,4.513,0.8,1,12.6,0.15124,0.13381,17.90873,22.38571,12.91738,85.465,148.165,83.31,424.13384,4327.26265,11626.9754,8.38061,15.93577,11.70335,0.19153,0.04652,0.03927,-0.03621,11,29,1.63636,87.0,0.0,0.65,0.45,0.44,-0.19357,-0.21177,-0.28228,-0.3757,-0.06096,-0.20288,-0.30414,0.1
1770242700,2026-02-04T22:05:00,V2,DISC,cont,-1,-15.9982,-1.0008,0,12.6,0.1495,0.0792,50.74524,63.43175,22.1211,105.5,145.465,84.28,639.73549,4443.59767,11999.19216,13.18259,16.22049,11.88087,0.31815,0.05816,0.04729,0.00279,10,28,1.8,87.0,23.0,0.65,0.45,0.42,-0.19367,-0.24782,-0.28212,-0.3757,-0.06096,-0.20288,-0.30414,0.1
1770282480,2026-02-05T09:08:00,V2,DISC,flip,1,-21.949,-1.0049,0,12.6,0.10766,0.09933,69.33968,86.6746,17.72745,98.43,114.98,117.035,481.12683,3278.43749,14687.27189,9.94926,12.1381,13.98346,0.2466,0.00181,0.0446,-0.06964,4,22,4.5,87.0,127.0,0.65,0.5,0.4,-0.10288,-0.28383,-0.28212,-0.37499,0.04359,0.03423,0.12747,0.1
1770291000,2026-02-05T11:30:00,V2,DISC,flip,-1,-8.5192,-1.0052,0,12.6,0.10572,0.05357,26.90635,33.63254,33.68829,93.185,93.835,119.18,605.88976,3043.36018,15457.97538,12.94963,11.13961,14.26384,0.4111,0.02572,0.05513,-0.03621,4,20,4.0,99.0,0.0,0.65,0.45,0.38,-0.19312,-0.31993,-0.37236,-0.37499,0.01196,0.06167,0.12501,0.1
1770293640,2026-02-05T12:14:00,V2,DISC,cont,-1,12.668,0.8,1,12.6,0.10361,0.08598,50.26984,62.8373,20.9996,136.78,94.08,121.605,761.09393,3064.36366,15695.35465,15.97721,11.26722,14.40099,0.16407,0.03432,0.05684,-0.01393,4,21,4.25,99.0,44.0,0.65,0.45,0.38,-0.19312,-0.31993,-0.37236,-0.37499,-0.02409,-0.00459,0.12138,0.1
1770306600,2026-02-05T15:50:00,V2,DISC,flip,1,-18.9136,-1.0057,0,12.6,0.09886,0.04258,59.70476,74.63095,43.65111,281.83,143.025,127.455,1549.91664,4705.76504,16968.37641,30.94508,17.95947,15.34168,0.22298,0.11532,0.05344,0.01393,5,22,3.4,99.0,0.0,0.65,0.45,0.38,-0.19313,-0.31986,-0.37222,-0.28471,0.04578,0.04836,0.16316,0.15
1770308880,2026-02-05T16:28:00,V2,DISC,cont,1,-24.8396,-1.0006,0,12.6,0.09847,0.04889,78.80714,98.50873,37.85117,252.28,164.73,127.955,1196.0408,5136.44452,16898.36519,26.16486,19.38804,15.5018,0.13118,0.09953,0.05124,0.04178,5,21,3.2,99.0,38.0,0.65,0.45,0.38,-0.19313,-0.31986,-0.37222,-0.28471,0.06346,0.00692,0.05434,0.15
1770314160,2026-02-05T17:56:00,V2,DISC,flip,-1,21.6314,0.8,1,12.6,0.09708,0.05333,85.83889,107.29841,35.68236,239.92,197.65,129.785,1200.48429,6041.58995,17736.16732,25.21796,21.79546,16.02094,0.25107,0.09777,0.05157,-0.0195,6,20,2.33333,126.0,0.0,0.65,0.45,0.36,-0.19326,-0.35597,-0.37244,-0.28471,0.08284,-0.05287,-0.01896,0.15
1770321900,2026-02-05T20:05:00,V2,DISC,cont,-1,-7.2492,-1.0055,0,12.6,0.09391,0.07544,22.8881,28.61032,25.69446,171.1,218.81,134.17,747.08245,6545.40383,17993.51654,16.45898,23.0602,16.13944,0.25982,0.11188,0.0754,0.02507,7,24,2.42857,126.0,18.0,0.65,0.4,0.38,-0.28328,-0.31949,-0.28242,-0.37474,0.0378,-0.18266,-0.15382,0.15
1770322440,2026-02-05T20:14:00,V2,DISC,cont,-1,9.355,0.8,1,12.6,0.09323,0.06652,37.12302,46.40397,29.17888,173.69,219.3,135.155,816.48473,6574.9525,18113.08105,17.58852,23.14448,16.20287,0.23593,0.11019,0.07203,0.03064,7,25,2.57143,126.0,27.0,0.65,0.4,0.38,-0.28328,-0.31949,-0.28242,-0.37474,0.0378,-0.18266,-0.15382,0.15
1770324480,2026-02-05T20:48:00,V2,DISC,cont,-1,17.6637,0.8,1,12.6,0.09071,0.03628,70.09365,87.61746,55.02547,259.9,224.555,138.905,1307.48731,7213.43805,19323.71013,28.85844,24.97903,17.0749,0.27148,0.15432,0.08524,0.03621,7,26,2.71429,126.0,61.0,0.65,0.4,0.38,-0.28328,-0.31949,-0.28242,-0.37474,0.08743,0.09158,0.26,0.3
1770332640,2026-02-05T23:04:00,V2,DISC,flip,1,-41.653,-1.0061,0,12.6,0.08276,0.05254,131.42381,164.28016,37.11527,238.63,234.03,152.24,1215.93434,7143.6119,20319.8458,28.768,27.0579,19.09778,0.17877,0.06554,0.05949,0.04178,7,25,2.57143,197.0,0.0,0.6,0.45,0.38,-0.1925,-0.31946,-0.28242,-0.37472,0.1116,0.01517,0.26128,0.3
1770402120,2026-02-06T18:22:00,V2,DISC,flip,-1,-10.3794,-1.0135,0,12.6,0.07558,0.0689,32.5127,40.64127,26.30354,200.495,167.785,166.72,945.0296,4653.52391,20768.3808,18.3555,16.79118,21.13132,0.16041,0.10035,0.02866,0.00279,4,22,4.5,197.0,0.0,0.6,0.45,0.36,-0.19264,-0.35558,-0.28224,-0.37472,0.20025,0.2903,0.62214,0.45
1770405840,2026-02-06T19:24:00,V2,DISC,flip,1,10.3107,0.8,1,12.6,0.07697,0.07615,40.91587,51.14444,23.54753,151.07,172.18,163.69,741.49628,4857.56258,20405.40441,15.17688,17.27842,20.93353,0.16204,0.08613,0.03085,0.04735,4,22,4.5,197.0,0.0,0.6,0.45,0.36,-0.19264,-0.35558,-0.28224,-0.37472,0.2166,0.17363,0.48514,0.4
1770410100,2026-02-06T20:35:00,V2,DISC,cont,1,-14.7458,-1.0063,0,12.6,0.07949,0.09375,46.51667,58.14603,18.94623,129.925,170.625,158.515,581.57491,4735.43152,19656.54271,11.6497,16.73368,20.19749,0.13174,0.09229,0.0531,-0.01393,3,21,6.0,197.0,71.0,0.6,0.4,0.36,-0.28331,-0.35576,-0.2829,-0.37472,0.21916,-0.02188,0.17387,0.35
1770411360,2026-02-06T20:56:00,V2,DISC,flip,-1,-9.5586,-1.0071,0,12.6,0.0808,0.09929,30.13175,37.66508,18.1249,125.385,165.105,155.935,636.35733,4614.29332,19747.59403,13.38007,16.12869,20.00019,0.15136,0.06328,0.05184,-0.00836,4,21,4.25,126.0,0.0,0.6,0.4,0.36,-0.28331,-0.35576,-0.2829,-0.37472,0.21916,-0.02188,0.17387,0.35
1770417000,2026-02-06T22:30:00,V2,DISC,flip,1,9.0688,0.8,1,12.6,0.08574,0.14177,35.9873,44.98413,12.54742,86.99,137.04,146.96,398.63432,3833.3847,18140.30321,8.79299,13.6659,18.29619,0.17498,0.04946,0.0531,0.00279,5,22,3.4,94.0,0.0,0.6,0.45,0.38,-0.19304,-0.3195,-0.19278,-0.37472,0.14068,-0.00266,0.07703,0.35
1770418440,2026-02-06T22:54:00,V2,DISC,cont,1,-10.1018,-1.0033,0,12.6,0.08658,0.09206,31.9627,39.95317,19.14128,107.605,135.18,145.535,536.5585,3885.35404,17879.17522,11.36946,13.89395,18.15579,0.32159,0.0486,0.05632,0.00279,5,23,3.6,94.0,24.0,0.55,0.4,0.36,-0.28336,-0.35562,-0.19278,-0.46504,0.14068,-0.00266,0.07703,0.35
1770422400,2026-02-07T00:00:00,V2,DISC,flip,-1,7.8811,0.8,1,12.6,0.0893,0.12907,31.2746,39.09286,13.89105,103.495,119.305,141.09,579.30318,3603.98711,17832.79617,12.48093,12.85987,17.82487,0.25272,0.0155,0.05853,-0.02507,5,24,3.8,92.0,0.0,0.6,0.4,0.36,-0.28295,-0.35574,-0.28314,-0.46504,0.11462,-0.15964,-0.08802,0.4
1770433860,2026-02-07T03:11:00,V2,DISC,flip,1,9.4022,0.8,1,12.6,0.09974,0.12542,37.31032,46.6381,14.21694,63.165,90.81,126.325,339.5488,2824.21768,14911.86799,7.6018,10.41898,14.17308,0.09181,0.03222,0.05847,-0.00836,6,25,3.16667,92.0,0.0,0.6,0.4,0.38,-0.28308,-0.31964,-0.10273,-0.46498,0.1632,-0.11835,-0.06444,0.35
1770443460,2026-02-07T05:51:00,V2,DISC,flip,-1,-4.9226,-1.019,0,12.6,0.10375,0.14065,15.33651,19.17063,12.79798,80.04,85.67,121.45,448.39302,2675.83823,14696.26039,10.07608,9.85771,13.8418,0.24137,0.02857,0.03463,-0.03064,7,27,2.85714,94.0,0.0,0.6,0.45,0.4,-0.19295,-0.28352,-0.10273,-0.46498,0.17375,-0.06428,-0.04606,0.35
1770444960,2026-02-07T06:16:00,V2,DISC,cont,-1,-7.2698,-1.0068,0,12.6,0.10536,0.11368,22.92222,28.65238,15.8565,88.8,83.925,119.595,487.11456,2651.38515,14531.58545,10.48747,9.65989,13.63326,0.28899,0.01983,0.03911,0.00836,7,28,3.0,94.0,25.0,0.6,0.45,0.4,-0.19295,-0.28352,-0.10273,-0.46498,0.17375,-0.06428,-0.04606,0.35
1770446700,2026-02-07T06:45:00,V2,DISC,cont,-1,7.0058,0.8,1,12.6,0.10691,0.13612,27.80079,34.75079,13.2606,74.955,81.985,117.86,424.57362,2605.80281,14383.25343,9.55929,9.56602,13.51757,0.14159,0.00048,0.04703,0.02507,7,29,3.14286,94.0,54.0,0.6,0.45,0.4,-0.19295,-0.28352,-0.10273,-0.46498,0.18224,-0.12619,-0.07099,0.35
1770447900,2026-02-07T07:05:00,V2,DISC,cont,-1,6.0371,0.8,1,12.6,0.1066,0.05752,23.95714,29.94603,31.91971,110.09,83.825,118.195,589.53357,2732.05163,14634.86171,12.88193,10.01901,13.51682,0.38592,0.07246,0.03752,0.03064,7,30,3.28571,94.0,74.0,0.6,0.45,0.4,-0.19295,-0.28352,-0.10273,-0.46498,0.12534,-0.16879,-0.14824,0.3
1770538920,2026-02-08T08:22:00,V2,DISC,flip,1,28.9926,0.8,1,12.6,0.19191,0.13757,115.05,143.8127,13.08131,48.185,42.44,65.655,294.5864,1325.14964,8467.29348,7.6261,5.36828,8.64015,0.31637,0.06225,0.02937,0.0195,1,1,0.0,160.0,0.0,0.5,0.5,0.4,-0.1037,-0.28356,-0.19368,-0.28442,0.14082,0.02237,0.07283,0.3
1770564300,2026-02-08T15:25:00,V2,DISC,flip,-1,6.2571,0.8,1,12.6,0.20435,0.1257,24.83016,31.0373,14.11496,66.39,74.13,61.66,340.1872,2196.8034,7643.23573,7.38187,8.03307,7.5212,0.07987,0.04226,0.03059,-0.04178,2,6,2.0,160.0,0.0,0.55,0.5,0.42,-0.1037,-0.2474,-0.10351,-0.28442,-0.00785,-0.00364,-0.00631,0.2
1770580200,2026-02-08T19:50:00,V2,DISC,flip,1,-6.3722,-1.0026,0,12.6,0.2109,0.18431,20.17698,25.22143,9.57726,56.85,68.92,59.745,245.11129,1907.77601,7155.81101,5.27527,7.04471,6.89284,0.12355,0.00555,0.03921,-0.0585,3,8,1.66667,160.0,0.0,0.55,0.55,0.44,-0.01341,-0.21137,-0.10351,-0.28442,0.03206,0.0291,0.08745,0.2
1770583620,2026-02-08T20:47:00,V2,DISC,flip,-1,3.9661,0.8,1,12.6,0.20876,0.23457,15.7381,19.67302,7.57781,57.74,67.215,60.355,323.4175,1915.78702,7271.43412,8.19148,7.26907,6.99664,0.14886,0.02097,0.02687,-0.0585,3,8,1.66667,160.0,57.0,0.55,0.55,0.44,-0.01341,-0.21137,-0.10351,-0.28442,0.05784,-0.02806,0.08754,0.2
1770586680,2026-02-08T21:38:00,V2,DISC,cont,-1,-8.938,-1.0054,0,12.6,0.20816,0.16572,28.22222,35.27778,10.76458,58.295,65.65,60.53,282.80884,1821.04494,7324.67991,6.43715,6.88591,7.01462,0.21308,0.03202,0.0204,-0.0195,4,10,1.5,160.0,50.0,0.55,0.55,0.44,-0.01341,-0.21137,-0.10351,-0.28442,0.05087,-0.04078,0.02406,0.15
1770625860,2026-02-09T08:31:00,V2,DISC,flip,-1,27.7328,0.8,1,12.6,0.1693,0.10028,110.05079,137.56349,18.0381,82.765,67.51,74.425,376.63522,2055.48946,9299.6827,8.81533,7.52731,9.13836,0.35282,0.05604,0.00842,-0.04178,5,13,1.6,191.0,0.0,0.6,0.55,0.46,-0.0135,-0.17533,-0.10337,-0.28398,0.07393,0.24236,0.10951,0.2
1770658500,2026-02-09T17:35:00,V2,DISC,flip,1,10.2032,0.8,1,12.6,0.15197,0.09649,40.48889,50.61111,18.54017,122.05,107.93,82.91,604.02972,3049.89089,10357.39562,13.75074,12.05433,10.45834,0.25336,0.07786,0.00341,-0.09192,5,9,0.8,265.0,0.0,0.65,0.55,0.48,-0.0135,-0.13932,-0.01333,-0.28398,0.08599,0.28404,0.1686,0.25
1770668700,2026-02-09T20:25:00,V2,DISC,flip,-1,-3.0802,-1.0391,0,12.6,0.14282,0.11463,9.41032,11.7627,15.57909,92.495,122.895,88.225,423.06126,3234.02752,10781.61447,9.02699,12.55981,10.73416,0.00602,0.07378,0.00578,-0.12535,5,11,1.2,265.0,0.0,0.7,0.55,0.5,-0.0135,-0.10328,-0.01333,-0.28398,0.06432,0.30548,0.15341,0.25
1770670020,2026-02-09T20:47:00,V2,DISC,flip,1,-2.8852,-1.0156,0,12.6,0.14198,0.15158,9.01905,11.27381,11.73703,91.265,115.83,88.745,434.37738,3049.90692,10795.54029,9.41988,11.31493,10.75114,0.00025,0.08455,0.00079,-0.12535,6,12,1.0,265.0,0.0,0.7,0.55,0.5,-0.0135,-0.10328,-0.01333,-0.28398,0.07496,0.29067,0.09896,0.25
1770672660,2026-02-09T21:31:00,V2,DISC,flip,-1,3.7131,0.8,1,12.6,0.14153,0.20879,14.73492,18.41825,8.59323,75.895,107.03,89.03,317.00101,2819.69441,10891.51329,6.75229,10.46453,10.74817,0.1288,0.06272,0.00816,-0.09192,6,12,1.0,170.0,0.0,0.7,0.55,0.5,-0.0135,-0.10328,-0.01333,-0.28398,0.01897,-0.04915,-0.50773,0.15
1770715380,2026-02-10T09:23:00,V2,DISC,flip,1,-3.561,-1.0134,0,12.6,0.1582,0.2248,11.15556,13.94444,8.085,63.91,64.94,79.645,299.60791,1890.35879,9677.38483,6.30381,6.86743,9.21952,0.18952,0.02371,0.0064,-0.04178,5,14,1.8,170.0,0.0,0.7,0.55,0.48,-0.01526,-0.14008,-0.01569,-0.28398,0.13385,0.04294,-0.50802,0.15
1770716160,2026-02-10T09:36:00,V2,DISC,flip,-1,-1.9864,-1.0057,0,12.6,0.15829,0.21179,6.27063,7.8381,8.61568,60.17,63.795,79.6,289.73038,1859.76064,9675.66891,6.22295,6.59411,9.19636,0.08983,0.02481,0.0112,-0.01393,6,15,1.5,115.0,0.0,0.7,0.55,0.48,-0.01526,-0.14008,-0.01569,-0.28398,0.13385,0.04294,-0.50802,0.15
1770716880,2026-02-10T09:48:00,V2,DISC,cont,-1,-3.6338,-1.0122,0,12.6,0.15932,0.23762,11.39683,14.24603,7.69036,52.015,62.685,79.085,275.39794,1861.81635,9651.03624,5.74905,6.59941,9.16927,0.07191,0.03457,0.01151,-0.0195,6,16,1.66667,115.0,12.0,0.7,0.55,0.48,-0.01526,-0.14008,-0.01569,-0.28398,0.13385,0.04294,-0.50802,0.15
1770719880,2026-02-10T10:38:00,V2,DISC,cont,-1,4.473,0.8,1,12.6,0.16425,0.22419,17.75,22.1873,8.15366,47.645,59.25,76.71,241.5479,1820.40807,9394.44303,5.11785,6.51617,8.93455,0.0853,0.06438,0.00512,-0.01393,6,16,1.66667,115.0,62.0,0.7,0.55,0.48,-0.01526,-0.14008,-0.01569,-0.28398,0.05466,0.00153,-0.52236,0.15
1770732600,2026-02-10T14:10:00,V2,DISC,flip,1,4.372,0.8,1,12.6,0.17055,0.15863,17.34921,21.68651,11.49736,66.235,59.62,73.88,328.65411,1837.47567,9098.76472,6.80931,6.57501,8.72312,0.25928,0.01415,0.01014,-0.01393,6,18,2.0,115.0,274.0,0.7,0.55,0.46,-0.01599,-0.17655,-0.0161,-0.19386,0.05843,-0.10074,-0.3871,0.15
1770749220,2026-02-10T18:47:00,V2,DISC,flip,-1,-8.2794,-1.0033,0,12.6,0.17409,0.09827,26.19683,32.74603,18.68372,96.345,103.07,72.375,554.95518,3328.54931,9239.67144,11.88715,12.64952,8.79453,0.32409,0.00385,0.0283,-0.08078,7,21,2.0,272.0,0.0,0.7,0.55,0.48,-0.01599,-0.14025,-0.0161,-0.19386,0.0662,-0.11977,-0.63789,0.05
1770816840,2026-02-11T13:34:00,V2,DISC,flip,1,10.8885,0.8,1,12.6,0.1793,0.08109,43.20794,54.01032,23.02754,68.045,62.97,70.275,407.3204,1863.03791,9111.51084,10.33179,7.26994,8.88014,0.09985,0.03706,0.02447,0.03064,3,12,3.0,272.0,0.0,0.7,0.5,0.46,-0.10616,-0.17632,-0.01596,-0.19386,-0.03318,-0.06285,-0.24389,0.15
1770821760,2026-02-11T14:56:00,V2,DISC,flip,-1,6.5966,0.8,1,12.6,0.17481,0.05946,26.17698,32.72143,31.78868,178.11,73.22,72.08,895.37114,2654.26088,9586.58746,19.68861,11.09126,9.30158,0.09451,0.01578,0.02807,0.06964,3,13,3.33333,170.0,0.0,0.7,0.5,0.46,-0.10616,-0.17632,-0.01596,-0.19386,-0.01504,-0.01248,-0.19826,0.2
1770822360,2026-02-11T15:06:00,V2,DISC,cont,-1,8.5018,0.8,1,12.6,0.17481,0.05808,33.7373,42.17143,32.75331,192.39,75.575,72.08,978.84122,2819.39323,9690.09713,20.96053,11.75107,9.38801,0.24273,0.03275,0.03879,0.0585,3,14,3.66667,170.0,10.0,0.7,0.5,0.46,-0.10616,-0.17632,-0.01596,-0.19386,-0.01504,-0.01248,-0.19826,0.2
1770836640,2026-02-11T19:04:00,V2,DISC,flip,1,-31.0,-1.0018,0,12.6,0.17241,0.13619,98.24048,122.80079,13.74179,89.2,128.315,73.08,449.53227,4071.38013,9667.52159,9.97894,15.20457,9.65967,0.33582,0.00962,0.02077,0.05292,3,12,3.0,248.0,0.0,0.75,0.6,0.5,0.07514,-0.10412,0.07471,-0.19386,0.02782,0.15946,0.02231,0.25
1770915180,2026-02-12T16:53:00,V2,DISC,cont,-1,-18.0828,-1.0028,0,12.6,0.17653,0.0712,57.24286,71.55397,26.98578,154.635,91.68,71.375,749.87755,2980.16439,9300.14681,15.91473,11.44036,8.77236,0.3383,0.11607,0.00851,0.0195,8,34,3.25,136.0,109.0,0.8,0.55,0.5,-0.01495,-0.10405,0.07498,-0.19386,0.06882,0.02141,0.03589,0.35
1770942720,2026-02-13T00:32:00,V2,DISC,flip,-1,1.3741,0.8,1,12.6,0.17853,0.19065,5.45238,6.81587,10.02278,59.29,72.01,70.575,318.52637,2312.37395,9379.91766,6.71906,8.28073,8.92512,0.20486,0.05388,0.02321,-0.03352,10,42,3.2,68.0,109.0,0.75,0.5,0.48,-0.10509,-0.1401,0.07498,-0.284,-0.23288,-0.3972,-0.28319,0.25
1770944340,2026-02-13T00:59:00,V2,DISC,cont,-1,-3.9938,-1.0006,0,12.6,0.17838,0.17431,12.67143,15.83968,10.97818,69.1,70.715,70.635,374.58877,2298.70087,9415.22995,7.59516,8.13872,8.92804,0.1504,0.02026,0.0251,-0.02235,11,42,2.81818,68.0,0.0,0.75,0.5,0.48,-0.10509,-0.1401,0.07498,-0.284,-0.24106,-0.39638,-0.37864,0.25
1770946200,2026-02-13T01:30:00,V2,DISC,flip,1,3.4909,0.8,1,12.6,0.17916,0.18527,13.85238,17.31587,10.26658,66.045,68.025,70.33,337.88081,2182.96068,9336.96556,6.74259,7.72665,8.91789,0.09976,0.03516,0.02514,-0.06145,12,42,2.5,68.0,0.0,0.75,0.5,0.48,-0.10509,-0.1401,0.07498,-0.284,-0.2568,-0.45245,-0.42368,0.25
1770947100,2026-02-13T01:45:00,V2,DISC,cont,1,-4.278,-1.0018,0,12.6,0.17933,0.17724,13.55714,16.94603,10.68287,64.18,67.06,70.26,319.88989,2133.61112,9261.26533,6.8937,7.67771,8.91272,0.30414,0.04316,0.02016,-0.08683,12,43,2.58333,68.0,15.0,0.75,0.5,0.48,-0.10509,-0.1401,0.07498,-0.284,-0.2568,-0.45245,-0.42368,0.25
1770949560,2026-02-13T02:26:00,V2,DISC,cont,1,-5.4626,-1.011,0,12.6,0.18093,0.20025,17.15238,21.44048,9.45279,62.615,63.515,69.64,300.52489,2007.20601,9253.20899,6.78148,7.23235,8.89829,0.25758,0.07693,0.01403,-0.07003,12,43,2.58333,68.0,56.0,0.75,0.5,0.48,-0.10509,-0.1401,0.07498,-0.284,-0.26082,-0.41329,-0.39922,0.3
1770957840,2026-02-13T04:44:00,V2,DISC,cont,-1,1.9733,0.8,1,12.6,0.18468,0.26853,7.83016,9.7881,7.076,49.225,57.655,68.225,254.87429,1749.21422,9165.60164,5.36372,6.4502,8.82525,0.16059,0.01581,0.01433,-0.04762,12,45,2.75,75.0,52.0,0.65,0.45,0.48,-0.19536,-0.14,0.07498,-0.28285,-0.28444,-0.4268,-0.46587,0.2
1770962340,2026-02-13T05:59:00,V2,DISC,cont,-1,-6.574,-1.005,0,12.6,0.18679,0.2419,20.76508,25.95635,7.87708,50.335,55.36,67.455,243.65476,1674.88926,9081.446,5.10426,6.03889,8.76701,0.09816,0.0081,0.01608,-0.00559,12,45,2.75,75.0,127.0,0.65,0.45,0.48,-0.19536,-0.14,0.07498,-0.28285,-0.265,-0.39691,-0.43188,0.2
1770972420,2026-02-13T08:47:00,V2,DISC,flip,1,10.4637,0.8,1,12.6,0.18656,0.20399,41.52222,51.90317,9.27178,58.795,52.185,67.54,334.36075,1618.59149,9077.7899,7.09061,5.84096,8.81582,0.25505,0.009,0.0058,0.0195,10,44,3.4,75.0,0.0,0.55,0.45,0.48,-0.19366,-0.14009,0.07498,-0.28306,-0.18572,-0.36194,-0.4237,0.15
1770987240,2026-02-13T12:54:00,V2,DISC,flip,1,4.9133,0.8,1,12.6,0.18984,0.2373,19.49683,24.37143,7.90549,52.935,55.155,66.37,276.59838,1709.7817,9004.04512,5.61625,6.01325,8.76824,0.09193,0.08719,0.00962,-0.07521,12,49,3.08333,102.0,0.0,0.55,0.5,0.5,-0.10288,-0.10399,0.07497,-0.28306,-0.26679,-0.42445,-0.1953,0.15
1770993240,2026-02-13T14:34:00,V2,DISC,cont,1,-7.5022,-1.0128,0,12.6,0.19113,0.10619,23.51587,29.39524,17.58102,80.405,57.48,65.925,407.37438,1797.78031,8966.26669,9.08929,6.52751,8.78993,0.01421,0.08996,0.01108,-0.03621,12,50,3.16667,102.0,100.0,0.55,0.5,0.5,-0.10288,-0.10399,0.07497,-0.28306,-0.23563,-0.39039,-0.15581,0.15
1770993900,2026-02-13T14:45:00,V2,DISC,cont,1,13.3854,0.8,1,12.6,0.19113,0.05254,53.11667,66.39603,35.41596,82.585,58.79,65.925,579.22835,2024.93877,9072.70452,15.14108,8.3657,9.05998,0.13277,0.08775,0.00345,-0.03621,12,51,3.25,102.0,111.0,0.55,0.5,0.5,-0.10288,-0.10399,0.07497,-0.28306,-0.23563,-0.39039,-0.15581,0.15
1771060980,2026-02-14T09:23:00,V2,DISC,flip,-1,-2.4024,-1.0024,0,12.6,0.25344,0.22906,7.60794,9.51032,7.90305,50.58,26.785,49.715,241.0472,932.93351,6941.28847,5.29908,4.22516,7.51706,0.0631,0.11925,0.05956,-0.08635,2,17,7.5,102.0,1229.0,0.45,0.55,0.52,-0.01256,-0.06803,0.16592,-0.28368,-0.22104,-0.26734,0.00242,0.3
1771082580,2026-02-14T15:23:00,V2,DISC,flip,1,-5.7562,-1.0089,0,12.6,0.26966,0.20098,18.1127,22.64127,8.97505,56.09,55.995,46.725,250.80752,1640.28061,6235.90311,4.99149,6.59114,6.49794,0.23474,0.02173,0.03666,-0.03064,2,7,2.5,136.0,0.0,0.5,0.55,0.52,-0.01207,-0.06806,0.0758,-0.28368,-0.20369,-0.22758,0.04236,0.35
1771157520,2026-02-15T12:12:00,V2,DISC,flip,-1,7.8722,0.8,1,12.6,0.2636,0.27214,31.23889,39.04841,6.60092,34.975,45.335,47.8,183.47988,1447.35482,5924.36744,3.86563,5.58154,5.86102,0.20681,0.00507,0.00581,-0.10306,3,8,1.66667,142.0,0.0,0.55,0.5,0.5,-0.10252,-0.10424,-0.01464,-0.28368,-0.18935,-0.19549,-0.04355,0.25
1771162080,2026-02-15T13:28:00,V2,DISC,cont,-1,5.4514,0.8,1,12.6,0.26264,0.16012,21.63254,27.04048,11.36306,70.85,49.11,47.975,432.57549,1646.66598,5980.48003,9.79313,6.39205,5.8832,0.35816,0.11944,0.00303,-0.08635,2,10,4.0,142.0,76.0,0.55,0.5,0.5,-0.10252,-0.10424,-0.01464,-0.28368,-0.11356,-0.06489,0.0815,0.3
1771163400,2026-02-15T13:50:00,V2,DISC,cont,-1,-5.8374,-1.0188,0,12.6,0.2636,0.13306,18.18889,22.73651,13.77328,94.985,49.73,47.8,500.40414,1732.42583,6102.87494,11.04699,6.78515,5.99641,0.32333,0.16428,0.01765,-0.07521,2,11,4.5,142.0,98.0,0.55,0.5,0.5,-0.10252,-0.10424,-0.01464,-0.28368,-0.11356,-0.06489,0.0815,0.3
1771165920,2026-02-15T14:32:00,V2,DISC,flip,1,-5.2858,-1.0227,0,12.6,0.26185,0.23869,16.40794,20.50952,7.6419,77.895,50.015,48.12,375.31237,1770.5495,6121.47831,7.85121,6.87696,6.04278,0.02204,0.09561,0.00794,-0.09192,3,12,3.0,142.0,0.0,0.55,0.5,0.52,-0.10252,-0.06813,0.07549,-0.28368,-0.09534,-0.11813,0.04166,0.3
1771171620,2026-02-15T16:07:00,V2,DISC,cont,-1,-5.6066,-1.0118,0,12.6,0.26521,0.20627,17.59127,21.98889,8.87851,48.395,50.62,47.51,250.1391,1776.71928,6106.97481,5.29285,6.84538,6.0292,0.17669,0.11478,0.02191,0.00279,3,15,4.0,142.0,39.0,0.45,0.5,0.5,-0.10329,-0.10451,0.07549,-0.28434,-0.16935,-0.24103,-0.28903,0.15
1771246260,2026-02-16T12:51:00,V2,DISC,flip,1,-9.4826,-1.0157,0,12.6,0.26468,0.11509,29.6381,37.04762,15.7035,69.41,41.245,47.605,437.68545,1512.12335,6313.53976,11.42443,6.61129,6.34157,0.36373,0.12674,0.00076,-0.03621,3,9,2.0,145.0,0.0,0.45,0.4,0.5,-0.28502,-0.1048,-0.01564,-0.37493,-0.08368,-0.12791,-0.23289,0.15
1771285860,2026-02-16T23:51:00,V2,DISC,flip,1,-9.2662,-1.006,0,12.6,0.2548,0.22234,29.24127,36.55159,8.22428,51.155,47.16,49.45,284.52569,1521.93931,6611.60571,5.90885,5.71526,6.88319,0.19559,0.09482,0.00457,-0.14206,3,4,0.33333,159.0,0.0,0.45,0.4,0.48,-0.28571,-0.14112,-0.10643,-0.37493,0.00472,-0.09541,-0.51919,0.15
1771305540,2026-02-17T05:19:00,V2,DISC,flip,-1,4.872,0.8,1,12.6,0.24764,0.21284,19.33333,24.16667,8.68598,44.005,49.36,50.88,220.13715,1623.08126,6939.54804,5.22983,6.09217,7.09532,0.24594,0.05032,0.00708,-0.01393,4,7,0.75,328.0,0.0,0.5,0.4,0.48,-0.28588,-0.14111,-0.19673,-0.37493,-0.02204,-0.14878,-0.53921,0.15
1771334640,2026-02-17T13:24:00,V2,DISC,flip,1,-12.2706,-1.0003,0,12.6,0.24872,0.16019,38.94127,48.67619,11.51792,49.55,43.66,50.66,274.17035,1312.45907,6597.03487,6.31798,5.08086,6.69279,0.1294,0.00407,0.0216,0.05587,4,10,1.5,328.0,0.0,0.5,0.4,0.5,-0.28588,-0.10497,-0.10478,-0.37493,-0.02657,-0.04609,-0.49907,0.15
1771339800,2026-02-17T14:50:00,V2,DISC,flip,-1,-5.3214,-1.0238,0,12.6,0.25413,0.05326,16.50079,20.62619,35.41909,79.27,48.965,49.58,614.49673,1793.23033,6727.89027,15.87654,8.24694,6.91982,0.33067,0.11371,0.03989,0.0838,5,11,1.2,328.0,0.0,0.5,0.4,0.5,-0.28588,-0.10497,-0.10478,-0.37493,-0.08501,-0.17655,-0.58285,0.1
1771343220,2026-02-17T15:47:00,V2,DISC,flip,1,10.1266,0.8,1,12.6,0.25342,0.1144,40.18492,50.23095,16.39258,119.175,56.72,49.72,534.77068,2048.22187,6678.36918,11.62235,9.07039,6.78345,0.09111,0.06355,0.00724,0.08939,5,11,1.2,159.0,0.0,0.55,0.4,0.48,-0.28586,-0.14098,-0.10401,-0.37493,-0.13994,-0.27178,-0.68559,0.05
1771346160,2026-02-17T16:36:00,V2,DISC,cont,1,-14.1168,-1.0025,0,12.6,0.25258,0.11183,44.70317,55.87937,16.55262,113.72,64.6,49.885,600.45518,2343.65883,6851.92498,12.89148,10.19598,7.14167,0.30357,0.01714,0.00934,0.10615,5,12,1.4,159.0,49.0,0.55,0.4,0.48,-0.28586,-0.14098,-0.10401,-0.37493,-0.10761,-0.17718,-0.60402,0.1
1771350060,2026-02-17T17:41:00,V2,DISC,flip,-1,-8.7088,-1.0059,0,12.6,0.24771,0.11702,27.48413,34.35476,16.07204,104.17,84.055,50.865,509.1425,2706.67425,7189.45351,10.9066,11.07711,7.3765,0.23224,0.04221,0.02026,0.10306,5,12,1.4,159.0,114.0,0.55,0.35,0.48,-0.37705,-0.14139,-0.1952,-0.37493,-0.11628,-0.21844,-0.65814,0.1
1771353600,2026-02-17T18:40:00,V2,DISC,flip,1,-6.5066,-1.0061,0,12.6,0.2408,0.13816,20.53175,25.66429,13.41799,88.04,93.62,52.325,475.90519,2938.31453,7322.44553,10.19427,11.69336,7.61925,0.29022,0.00935,3e-05,0.00279,7,14,1.0,159.0,0.0,0.6,0.4,0.46,-0.28653,-0.17744,-0.10453,-0.37474,-0.12034,-0.23475,-0.71247,0.1
1771358580,2026-02-17T20:03:00,V2,DISC,cont,-1,3.3866,0.8,1,12.6,0.22805,0.16608,13.43889,16.79841,11.21452,72.15,95.51,55.25,344.58965,3023.9708,7554.25306,7.17857,11.76374,7.74571,0.14281,0.02209,0.0049,-0.03064,7,14,1.0,159.0,83.0,0.65,0.35,0.46,-0.37683,-0.17717,-0.10454,-0.37474,-0.09985,-0.19948,-0.63839,0.1
1771380060,2026-02-18T02:01:00,V2,DISC,flip,1,2.3102,0.8,1,12.6,0.23977,0.26275,9.16746,11.45952,7.13859,52.245,44.375,52.55,296.34796,1474.776,7457.11347,6.5822,5.49991,7.65988,0.07217,0.06065,0.02828,-0.00836,8,20,1.5,184.0,0.0,0.65,0.35,0.46,-0.37688,-0.17716,-0.19484,-0.28457,-0.0035,0.07499,0.09728,0.25
1771382160,2026-02-18T02:36:00,V2,DISC,cont,1,3.5235,0.8,1,12.6,0.24184,0.24964,13.98254,17.47778,7.49068,49.97,42.68,52.1,238.59696,1396.65248,7306.60921,5.04876,5.18232,7.52274,0.29438,0.02317,0.03215,0.02507,8,20,1.5,184.0,35.0,0.65,0.35,0.46,-0.37688,-0.17716,-0.19484,-0.28457,0.00015,0.08445,0.041,0.25
1771405440,2026-02-18T09:04:00,V2,DISC,flip,-1,-1.98,-1.0127,0,12.6,0.25375,0.29051,6.20714,7.75873,6.37816,43.515,36.425,49.655,234.38571,1164.68735,7029.28005,5.27579,4.36616,7.36001,0.06356,0.07318,0.00565,-0.0585,8,28,2.5,184.0,0.0,0.65,0.4,0.46,-0.28624,-0.17716,-0.10468,-0.19424,0.13046,0.21162,0.30961,0.35
1771407720,2026-02-18T09:42:00,V2,DISC,flip,1,-2.8434,-1.0047,0,12.6,0.25605,0.32806,8.98413,11.23016,5.6304,38.86,36.7,49.21,188.1751,1185.22282,6986.86466,4.09843,4.45585,7.35199,0.0443,0.08129,0.00509,-0.10306,8,28,2.5,184.0,38.0,0.65,0.4,0.46,-0.28624,-0.17716,-0.10468,-0.19424,0.15148,0.15615,0.26326,0.35
1771409880,2026-02-18T10:18:00,V2,DISC,flip,-1,1.7374,0.8,1,12.6,0.25756,0.40491,6.89444,8.61825,4.57347,33.845,36.315,48.92,171.6507,1156.45786,6973.19309,3.55912,4.30844,7.30972,0.10954,0.05916,0.00442,-0.08635,10,29,1.9,86.0,0.0,0.65,0.4,0.46,-0.28624,-0.17716,-0.10468,-0.19424,0.14437,0.14314,0.26469,0.35
1771410300,2026-02-18T10:25:00,V2,DISC,cont,-1,-1.201,-1.0427,0,12.6,0.25767,0.33118,3.65635,4.57063,5.59955,34.025,36.415,48.9,191.99417,1156.7675,6984.5984,3.89266,4.30693,7.30989,0.15593,0.04471,0.00145,-0.08635,10,30,2.0,86.0,7.0,0.65,0.4,0.46,-0.28624,-0.17716,-0.10468,-0.19424,0.14437,0.14314,0.26469,0.35
1771410840,2026-02-18T10:34:00,V2,DISC,cont,-1,1.9421,0.8,1,12.6,0.25838,0.2638,7.70635,9.63333,7.03577,35.55,36.425,48.765,205.94572,1185.16157,7003.13856,4.04758,4.3908,7.31834,0.20835,0.02479,0.00112,-0.11421,10,31,2.1,86.0,16.0,0.65,0.4,0.46,-0.28624,-0.17716,-0.10468,-0.19424,0.14437,0.14314,0.26469,0.35
1771412760,2026-02-18T11:06:00,V2,DISC,cont,-1,3.3224,0.8,1,12.6,0.25963,0.24674,13.18413,16.48016,7.5558,39.04,37.575,48.53,224.49564,1225.71293,7033.02058,5.41614,4.64568,7.3479,0.32078,0.01744,0.00376,-0.11978,10,31,2.1,86.0,48.0,0.7,0.35,0.44,-0.37688,-0.21341,-0.19531,-0.19424,0.1686,0.23607,0.51498,0.45
1771428900,2026-02-18T15:35:00,V2,DISC,flip,1,5.5837,0.8,1,12.6,0.25809,0.1714,22.15714,27.69683,10.88164,97.225,53.59,48.82,505.53575,1904.08444,6970.07022,10.99552,7.46128,6.93043,0.13598,0.04722,0.0162,-0.0585,9,30,2.33333,116.0,0.0,0.65,0.4,0.44,-0.28775,-0.2142,-0.19546,-0.1961,-0.01239,-0.04839,0.00287,0.3
1771438740,2026-02-18T18:19:00,V2,DISC,flip,-1,9.0885,0.8,1,12.6,0.26891,0.1969,36.06508,45.08175,9.57319,46.33,66.85,46.855,217.02485,2358.91493,6803.79903,5.93498,9.86764,6.965,0.20333,0.04504,0.00906,-0.11421,8,28,2.5,164.0,0.0,0.65,0.45,0.46,-0.19661,-0.17742,-0.19546,-0.1961,0.07453,0.03202,-0.02505,0.3
1771443240,2026-02-18T19:34:00,V2,DISC,cont,-1,-10.7964,-1.0135,0,12.6,0.26891,0.11037,33.81746,42.27222,17.27562,95.305,81.61,46.855,454.01548,2665.84095,6909.52906,10.03183,10.6628,7.0084,0.24576,0.07252,0.03789,-0.07521,7,30,3.28571,164.0,75.0,0.65,0.45,0.46,-0.19661,-0.17742,-0.19546,-0.1961,0.05843,0.17889,0.14044,0.4
1771465200,2026-02-19T01:40:00,V2,DISC,flip,1,2.6781,0.8,1,12.6,0.26854,0.2597,10.62698,13.28413,7.27015,39.435,43.48,46.92,200.57618,1493.56851,6834.64213,4.8125,5.8245,7.08111,0.19016,0.07708,0.00404,-0.04178,7,24,2.42857,184.0,0.0,0.65,0.5,0.46,-0.10591,-0.17738,-0.19546,-0.19616,0.08425,0.17321,0.09875,0.35
1771501800,2026-02-19T11:50:00,V2,DISC,flip,-1,2.9901,0.8,1,12.6,0.2727,0.21891,11.86508,14.83175,8.65528,30.035,37.27,46.205,193.31807,1241.8224,6682.29217,5.07245,4.79803,6.95525,0.25004,0.03214,0.02216,0.03352,3,13,3.33333,184.0,610.0,0.65,0.55,0.48,-0.01561,-0.14111,-0.19546,-0.19616,0.14463,0.13783,-0.00577,0.3
1771506360,2026-02-19T13:06:00,V2,DISC,cont,-1,6.5861,0.8,1,12.6,0.27353,0.2202,26.13492,32.66905,8.63836,42.085,38.94,46.065,248.57524,1328.75189,6709.79245,5.78289,5.07054,6.97235,0.04757,0.08968,0.02562,-0.01393,4,14,2.5,257.0,0.0,0.65,0.55,0.48,-0.01561,-0.14111,-0.19546,-0.19616,0.14463,0.13783,-0.00577,0.3
1771512360,2026-02-19T14:46:00,V2,DISC,flip,1,3.468,0.8,1,12.6,0.26909,0.07342,13.7619,17.20238,25.8936,76.93,46.805,46.825,460.6332,1667.21536,6783.896,10.21299,6.52166,7.03453,0.11497,0.05354,0.0197,-0.04735,5,17,2.4,184.0,0.0,0.65,0.55,0.5,-0.01561,-0.105,-0.19546,-0.19616,0.10081,0.23248,0.22613,0.4
1771513380,2026-02-19T15:03:00,V2,DISC,cont,1,-7.017,-1.0203,0,12.6,0.26909,0.0816,21.83333,27.29127,23.16983,99.85,48.16,46.825,552.93301,1807.25113,6768.84921,12.12857,7.23709,7.07003,0.21166,0.02361,0.01561,-0.05292,5,17,2.4,184.0,17.0,0.65,0.55,0.5,-0.01561,-0.105,-0.19546,-0.19616,0.10081,0.23248,0.22613,0.4
1771514460,2026-02-19T15:21:00,V2,DISC,flip,-1,-7.8836,-1.0044,0,12.6,0.26877,0.0949,24.91667,31.14603,20.13076,128.57,52.1,46.88,670.11046,1976.68638,6932.67617,14.1113,7.83017,7.18984,0.01086,0.07915,0.03126,-0.06407,6,18,2.0,164.0,0.0,0.6,0.6,0.52,0.07441,-0.06875,-0.19546,-0.19616,0.06494,0.1232,-0.12258,0.3
1771517160,2026-02-19T16:06:00,V2,DISC,cont,-1,-12.4824,-1.0095,0,12.6,0.26828,0.15587,39.25317,49.06667,12.25929,98.37,60.185,46.965,553.76001,2143.22686,6777.87556,12.05955,8.49475,6.77148,0.14084,0.05956,0.0277,-0.08078,5,18,2.6,164.0,45.0,0.6,0.6,0.52,0.07441,-0.06875,-0.19546,-0.19616,0.00208,-0.02532,-0.26716,0.25
1771527900,2026-02-19T19:05:00,V2,DISC,flip,1,13.8539,0.8,1,12.6,0.26036,0.15811,54.97619,68.71984,11.88608,76.48,85.845,48.395,362.42446,2725.04073,6756.15426,7.39305,9.95806,6.72008,0.31502,0.04116,0.01376,-0.07521,5,16,2.2,164.0,0.0,0.55,0.6,0.48,0.07431,-0.14137,-0.10511,-0.28752,0.0169,-0.10272,-0.21821,0.25
1771592460,2026-02-20T13:01:00,V2,DISC,flip,-1,5.5547,0.8,1,12.6,0.2625,0.18747,22.04286,27.55317,10.00283,40.305,37.685,48.0,285.98175,1339.94321,6811.13936,6.92652,5.39344,6.83545,0.06558,0.06985,0.0153,-0.13649,5,16,2.2,224.0,0.0,0.55,0.65,0.48,0.16461,-0.14137,-0.10511,-0.28752,0.0013,-0.13233,-0.1764,0.15
1771594320,2026-02-20T13:32:00,V2,DISC,cont,-1,5.0141,0.8,1,12.6,0.2631,0.16226,19.89683,24.87143,11.60828,56.045,39.415,47.89,338.44702,1448.68694,6864.92451,7.82903,5.77963,6.8677,0.20505,0.10566,0.01488,-0.13092,4,16,3.0,224.0,31.0,0.55,0.65,0.48,0.16461,-0.14137,-0.10511,-0.28752,-0.01456,-0.15884,-0.16953,0.15
1771599660,2026-02-20T15:01:00,V2,DISC,flip,1,-22.9008,-1.004,0,12.6,0.26264,0.08885,72.40794,90.51032,20.84513,88.59,50.71,47.975,612.29712,2026.0338,6878.80012,19.2279,10.14349,7.60558,0.30006,0.0096,0.03294,-0.10306,4,13,2.25,224.0,0.0,0.6,0.65,0.48,0.16461,-0.14137,-0.01398,-0.28752,-0.0776,-0.0026,-0.11828,0.15
1771674240,2026-02-21T11:44:00,V2,DISC,flip,-1,0.9533,0.8,1,12.6,0.32984,0.44012,3.78254,4.72857,4.20461,25.44,23.465,38.2,129.60468,700.19221,6381.50974,2.66272,2.66063,8.01499,0.14455,0.05263,0.01505,-0.04735,2,6,2.0,224.0,1243.0,0.6,0.6,0.5,0.07441,-0.10536,-0.01339,-0.19748,-0.09261,-0.06629,-0.14701,0.15
1771675560,2026-02-21T12:06:00,V2,DISC,cont,-1,1.5034,0.8,1,12.6,0.33871,0.43427,5.96587,7.45714,4.2659,26.7,23.96,37.2,136.45034,722.10054,6335.46175,2.90808,2.75666,7.98368,0.2074,0.03183,0.01503,-0.0585,2,6,2.0,224.0,1265.0,0.6,0.6,0.5,0.07441,-0.10536,-0.01339,-0.19748,-0.09261,-0.06629,-0.14701,0.15
1771677060,2026-02-21T12:31:00,V2,DISC,cont,-1,-1.5938,-1.0119,0,12.6,0.34262,0.41217,5.0,6.25,4.5002,24.805,24.04,36.775,124.71011,724.51573,6268.19033,2.65882,2.75178,7.94763,0.23955,0.03105,0.01404,-0.06964,2,6,2.0,224.0,1290.0,0.6,0.6,0.5,0.07441,-0.10536,-0.01339,-0.19748,-0.09261,-0.06629,-0.14701,0.15
1771677900,2026-02-21T12:45:00,V2,DISC,flip,1,0.6546,0.8,1,12.6,0.34492,0.52906,2.59762,3.24683,3.50097,24.61,23.98,36.53,122.01047,716.83484,6234.13532,2.67547,2.72874,7.93646,0.0523,0.05552,0.01306,-0.05292,2,6,2.0,224.0,1304.0,0.6,0.6,0.5,0.07441,-0.10536,-0.01339,-0.19748,-0.09261,-0.06629,-0.14701,0.15
1771680420,2026-02-21T13:27:00,V2,DISC,cont,1,2.077,0.8,1,12.6,0.35024,0.36409,8.24206,10.30238,5.07473,27.675,24.805,35.975,124.32282,759.90717,6078.07694,2.55255,2.83778,7.83257,0.28037,0.06997,0.02629,-0.0195,1,4,3.0,224.0,1346.0,0.6,0.6,0.5,0.07441,-0.10536,-0.01339,-0.19748,-0.09261,-0.06629,-0.14701,0.15
1771683600,2026-02-21T14:20:00,V2,DISC,cont,1,3.9203,0.8,1,12.6,0.37102,0.25757,15.55714,19.44603,7.14812,26.395,26.31,33.96,159.33096,822.12254,5786.88354,4.83798,3.36811,7.64934,0.28539,0.09132,0.04428,-0.0585,1,4,3.0,224.0,1399.0,0.55,0.7,0.52,0.25528,-0.06935,0.07691,-0.10739,-0.09261,-0.06629,-0.14701,0.15
1771713720,2026-02-21T22:42:00,V2,DISC,flip,-1,8.5613,0.8,1,12.6,0.45843,0.31477,33.97302,42.46667,5.87723,25.385,27.485,27.485,151.19703,956.51626,3628.63486,3.68639,3.72807,3.6136,0.20949,0.0309,0.00603,-0.14763,0,3,3.0,224.0,1901.0,0.55,0.7,0.54,0.25682,-0.03333,0.07691,-0.01719,-0.09821,-0.05424,-0.2381,0.1
1771768980,2026-02-22T14:03:00,V2,DISC,cont,-1,1.8626,0.8,1,12.6,0.46927,0.30708,7.39127,9.23889,6.07209,36.32,23.05,26.85,169.64563,746.93594,3670.15175,3.84686,2.92488,3.6214,0.36582,0.08155,0.02568,-0.16992,1,3,2.0,224.0,28.0,0.55,0.7,0.56,0.25682,0.00277,0.16692,-0.01719,-0.09821,-0.05424,-0.2381,0.1
1771771380,2026-02-22T14:43:00,V2,DISC,cont,-1,-4.416,-1.0053,0,12.6,0.46901,0.25086,13.94444,17.43095,7.44679,43.705,23.935,26.865,202.06826,831.71446,3652.93683,4.43833,3.24248,3.52406,0.11024,0.09033,0.04351,-0.21448,1,2,1.0,224.0,68.0,0.55,0.7,0.56,0.25682,0.00277,0.16692,-0.01719,-0.08246,-0.05862,-0.24357,0.05
1771815900,2026-02-23T03:05:00,V2,DISC,flip,1,-4.924,-1.0002,0,12.6,0.44133,0.20762,15.62778,19.53492,9.34752,74.445,48.97,28.55,354.61202,2038.79075,4636.19118,6.80933,9.11899,5.35365,0.13734,0.18776,0.10134,-0.10306,1,7,6.0,224.0,810.0,0.5,0.7,0.54,0.25723,-0.03333,0.16692,-0.01682,0.36762,0.95227,0.97918,0.25
1771821540,2026-02-23T04:39:00,V2,DISC,flip,-1,-6.8062,-1.0311,0,12.6,0.42517,0.32881,20.95635,26.19524,5.92637,44.495,55.915,29.635,244.9516,2275.8139,4860.33741,5.10438,9.45874,5.50177,0.13716,0.19577,0.10681,-0.03621,1,7,6.0,224.0,904.0,0.5,0.7,0.54,0.25723,-0.03333,0.16692,-0.01682,0.36762,0.95227,0.97918,0.25
1771827000,2026-02-23T06:10:00,V2,DISC,flip,1,4.6771,0.8,1,12.6,0.39798,0.29931,18.56032,23.2,6.45946,43.845,56.43,31.66,215.44149,2267.3174,4969.09299,4.75339,9.59315,5.61881,0.03534,0.16319,0.08768,0.01393,1,7,6.0,224.0,995.0,0.5,0.65,0.54,0.16722,-0.03308,0.1681,-0.01682,0.36762,0.95227,0.97918,0.25
1771828560,2026-02-23T06:36:00,V2,DISC,cont,1,3.8038,0.8,1,12.6,0.39064,0.21139,15.09444,18.86825,9.10207,44.335,58.125,32.255,236.13779,2303.62127,5023.95737,4.97785,9.70854,5.66577,0.2864,0.11815,0.07863,0.01393,2,8,3.0,441.0,0.0,0.5,0.65,0.54,0.16722,-0.03308,0.1681,-0.01682,0.36762,0.95227,0.97918,0.25
1771829220,2026-02-23T06:47:00,V2,DISC,cont,1,3.3355,0.8,1,12.6,0.38333,0.14621,13.23651,16.54524,13.12173,49.59,58.6,32.87,273.10021,2310.1474,5062.99794,5.47934,9.74136,5.69842,0.37013,0.09328,0.07113,0.00836,2,8,3.0,441.0,11.0,0.5,0.6,0.52,0.07567,-0.0697,0.07655,-0.01682,0.36762,0.95227,0.97918,0.25
1771832340,2026-02-23T07:39:00,V2,DISC,cont,1,-7.0662,-1.0298,0,12.6,0.36427,0.24514,21.78333,27.22937,7.79639,58.51,53.465,34.59,335.13583,1908.63683,5226.11525,6.64958,7.47396,5.81872,0.14662,0.04603,0.06096,0.00279,2,10,4.0,441.0,63.0,0.5,0.6,0.52,0.07567,-0.0697,0.07655,-0.01682,0.38413,1.02501,1.08231,0.3
1771846620,2026-02-23T11:37:00,V2,DISC,flip,-1,4.9259,0.8,1,12.6,0.31449,0.26865,19.54762,24.43413,7.08786,41.2,48.79,40.065,256.73521,1636.54323,5847.68955,5.33747,5.97428,6.24214,0.05237,0.10753,0.05179,-0.1532,3,13,3.33333,301.0,0.0,0.45,0.65,0.54,0.16541,-0.03407,0.16684,0.07322,0.30834,0.9695,1.079,0.35
1771850580,2026-02-23T12:43:00,V2,DISC,flip,1,-4.249,-1.0082,0,12.6,0.30571,0.13245,13.37937,16.72381,14.32116,47.075,49.08,41.215,323.03894,1705.5383,6005.28061,7.58428,6.3754,6.39872,0.13598,0.07673,0.0382,-0.20891,4,16,3.0,224.0,0.0,0.45,0.65,0.54,0.16541,-0.03407,0.16684,0.07322,0.34508,1.0004,1.09549,0.35
1771853880,2026-02-23T13:38:00,V2,DISC,flip,-1,-2.4484,-1.0136,0,12.6,0.29619,0.21089,7.66825,9.58571,9.03445,52.395,47.81,42.54,265.64959,1637.25992,6084.92144,6.22727,6.23236,6.43204,0.09325,0.02984,0.03786,-0.22006,4,16,3.0,224.0,0.0,0.5,0.7,0.56,0.25589,0.0023,0.25714,0.07322,0.27733,0.69602,0.83802,0.3
1771855080,2026-02-23T13:58:00,V2,DISC,cont,-1,5.0779,0.8,1,12.6,0.29588,0.2144,20.15079,25.1881,8.88925,52.5,48.76,42.585,251.71398,1650.84514,6124.68129,5.54426,6.26348,6.4577,0.08949,0.01571,0.03761,-0.1922,4,17,3.25,224.0,20.0,0.5,0.7,0.56,0.25589,0.0023,0.25714,0.07322,0.27733,0.69602,0.83802,0.3
1771870980,2026-02-23T18:23:00,V2,DISC,flip,1,3.8219,0.8,1,12.6,0.2515,0.14273,15.16667,18.95794,13.61701,99.89,78.26,50.1,531.38957,2566.32864,7464.04384,11.37128,9.76898,7.68518,0.00471,0.07485,0.05258,-0.02507,5,22,3.4,285.0,0.0,0.5,0.6,0.58,0.07479,0.03887,0.16669,0.16335,0.1812,0.59675,0.778,0.4
1771874460,2026-02-23T19:21:00,V2,DISC,flip,-1,4.7586,0.8,1,12.6,0.24182,0.16667,18.88333,23.60397,11.71462,69.92,79.6,52.105,406.54519,2630.81393,7741.39187,8.72341,9.82184,7.84581,0.0477,0.09963,0.05764,-0.04735,6,24,3.0,285.0,5.0,0.5,0.6,0.58,0.07479,0.03887,0.16669,0.16335,-0.15064,-0.12199,-0.16969,0.3
1771877520,2026-02-23T20:12:00,V2,DISC,cont,-1,-5.8754,-1.0019,0,12.6,0.22886,0.15362,18.61667,23.27063,12.80522,76.33,84.66,55.055,417.25734,2807.34785,8053.50059,8.68283,10.2028,8.01412,0.27587,0.1216,0.06425,-0.07521,6,24,3.0,285.0,56.0,0.5,0.6,0.58,0.07479,0.03887,0.16669,0.16335,-0.16792,-0.17369,-0.14168,0.3
1771882920,2026-02-23T21:42:00,V2,DISC,flip,1,4.0034,0.8,1,12.6,0.21588,0.27374,15.88651,19.85794,7.11211,51.77,76.595,58.365,278.38729,2522.77558,8319.24202,6.43854,9.26143,8.22449,0.29255,0.06567,0.05268,-0.10306,7,26,2.71429,146.0,0.0,0.5,0.65,0.6,0.165,0.07499,0.25692,0.16335,-0.18082,-0.21822,-0.26174,0.25
1771884720,2026-02-23T22:12:00,V2,DISC,cont,1,-3.0506,-1.0088,0,12.6,0.21436,0.15629,9.6,12.0,12.4123,45.46,74.69,58.78,275.93472,2437.81546,8405.91032,6.36257,9.05897,8.29468,0.2022,0.02763,0.04624,-0.08635,7,28,3.0,146.0,30.0,0.5,0.6,0.6,0.0749,0.07496,0.25692,0.07326,-0.19967,-0.28049,-0.2223,0.3
1771887180,2026-02-23T22:53:00,V2,DISC,flip,-1,1.7837,0.8,1,12.6,0.21248,0.21885,7.07778,8.84762,8.89091,52.47,70.29,59.3,268.84068,2302.93827,8441.701,6.34126,8.69876,8.30206,0.08834,0.04549,0.05353,-0.06964,8,29,2.625,146.0,0.0,0.5,0.6,0.6,0.0749,0.07496,0.25692,0.07326,-0.1994,-0.29949,-0.27382,0.25
1771890180,2026-02-23T23:43:00,V2,DISC,cont,-1,-4.9534,-1.014,0,12.6,0.21113,0.28713,15.50794,19.38492,6.78962,46.905,63.345,59.68,232.50222,2137.79844,8484.60055,5.00702,7.99447,8.31847,0.09859,0.01111,0.05182,-0.10306,8,30,2.75,146.0,50.0,0.55,0.65,0.62,0.1655,0.11143,0.25692,0.07326,-0.17868,-0.30111,-0.28691,0.25
1771946580,2026-02-24T15:23:00,V2,DISC,flip,1,8.2498,0.8,1,12.6,0.20191,0.09673,32.7373,40.92143,20.39842,127.26,49.805,62.405,573.03801,2026.31725,8992.71558,12.48912,9.15038,9.2147,0.25185,0.05756,0.03635,-0.12535,5,19,2.8,146.0,0.0,0.55,0.55,0.62,-0.01564,0.11115,0.25692,-0.01575,0.04299,-0.09478,-0.36691,0.25
1771952820,2026-02-24T17:07:00,V2,DISC,cont,1,11.288,0.8,1,12.6,0.20089,0.13262,44.79365,55.99206,14.75415,80.9,71.095,62.72,428.15754,2329.85576,8958.16675,9.04231,10.07645,9.30164,0.07167,0.07953,0.01713,-0.10306,5,19,2.8,146.0,104.0,0.55,0.55,0.62,-0.01564,0.11115,0.25692,-0.01575,0.05928,-0.13824,-0.46404,0.15
1772050320,2026-02-25T20:12:00,V2,DISC,flip,-1,-7.927,-1.0205,0,12.6,0.21864,0.17586,24.65952,30.8246,10.42112,67.61,99.915,57.63,282.21062,2760.34911,7839.7228,6.13276,10.4147,8.52552,0.07109,0.12071,0.08092,-0.0195,1,14,13.0,146.0,0.0,0.55,0.55,0.64,-0.01564,0.14727,0.25692,-0.01575,0.14164,0.3066,0.33434,0.3
1772055300,2026-02-25T21:35:00,V2,DISC,flip,1,11.0331,0.8,1,12.6,0.21141,0.09675,43.78254,54.72778,18.74347,71.37,89.31,59.6,397.59182,2496.47092,8002.65689,9.86339,9.58292,8.71267,0.14131,0.11887,0.09962,0.03621,2,15,6.5,83.0,0.0,0.55,0.55,0.64,-0.01564,0.14727,0.25692,-0.01575,0.14413,0.28012,0.27538,0.3
1772059020,2026-02-25T22:37:00,V2,DISC,flip,-1,2.1024,0.8,1,12.6,0.20291,0.16953,8.34286,10.42857,10.81162,88.5,86.62,62.095,489.47326,2621.05983,8447.74392,10.28803,10.34411,9.10231,0.26218,0.04338,0.07976,0.03064,3,16,4.33333,83.0,0.0,0.6,0.55,0.62,-0.0164,0.11086,0.1659,-0.01575,0.14554,0.2579,0.26274,0.3
1772062740,2026-02-25T23:39:00,V2,DISC,cont,-1,-13.161,-1.0029,0,12.6,0.19697,0.14696,41.65873,52.07302,12.6058,85.65,85.115,63.97,482.06225,2638.60791,8801.10391,11.88766,10.36377,9.37183,0.20058,0.03206,0.06338,0.03621,3,17,4.66667,83.0,62.0,0.6,0.6,0.62,0.0736,0.11086,0.1659,-0.01575,0.26627,0.52103,0.35578,0.35
1772080320,2026-02-26T04:32:00,V2,DISC,flip,1,-20.2512,-1.0068,0,12.6,0.19219,0.16739,63.85714,79.82143,10.9416,52.455,72.515,65.56,298.58979,2289.89,8559.3178,6.82601,9.04076,8.63988,0.2917,0.00094,0.0542,0.01393,4,17,3.25,146.0,0.0,0.55,0.6,0.64,0.07502,0.14715,0.25612,-0.10589,0.295,0.53364,0.34727,0.35
1772117100,2026-02-26T14:45:00,V2,DISC,flip,-1,13.2968,0.8,1,12.6,0.1862,0.06673,52.76508,65.95635,28.00844,85.205,51.665,67.67,514.72822,1743.89071,8851.66279,12.85497,7.16476,8.68792,0.1812,0.05126,0.01658,-0.09749,5,16,2.2,146.0,0.0,0.6,0.55,0.62,-0.01532,0.11101,0.16578,-0.10589,0.25338,0.50266,0.35822,0.35
1772120040,2026-02-26T15:34:00,V2,DISC,cont,-1,-8.3208,-1.0012,0,12.6,0.18532,0.08125,26.38492,32.98095,23.21064,148.5,57.635,67.99,725.26196,2093.33223,9005.20117,16.17667,8.82209,8.82305,0.26345,0.10544,0.0072,-0.07521,5,16,2.2,146.0,49.0,0.6,0.55,0.62,-0.01532,0.11101,0.16578,-0.10589,0.2556,0.50027,0.38157,0.35
1772120580,2026-02-26T15:43:00,V2,DISC,flip,1,-5.0372,-1.0057,0,12.6,0.18482,0.07964,15.90079,19.87619,23.4582,140.455,58.5,68.175,781.79042,2182.1536,8997.16195,17.58672,9.35059,8.92526,0.08587,0.06577,0.00132,-0.09749,6,17,1.83333,146.0,0.0,0.6,0.55,0.62,-0.01532,0.11101,0.16578,-0.10589,0.27049,0.5431,0.39934,0.35
1772123700,2026-02-26T16:35:00,V2,DISC,flip,-1,-11.0556,-1.0164,0,12.6,0.18599,0.10787,34.53016,43.1627,17.44526,108.24,66.0,67.745,516.14393,2362.62125,8985.47967,11.61733,9.80037,8.88425,0.0312,0.08836,0.01692,-0.08635,7,17,1.42857,83.0,0.0,0.6,0.55,0.62,-0.01532,0.11101,0.16578,-0.10589,0.17922,0.41679,0.21544,0.3
1772165520,2026-02-27T04:12:00,V2,DISC,flip,1,-22.1874,-1.014,0,12.6,0.21601,0.11849,69.4619,86.82778,15.64484,46.915,50.09,58.33,294.75588,1590.15162,7692.02204,7.30392,6.11563,7.76072,0.40182,0.03915,0.01127,-0.08078,5,8,0.6,355.0,0.0,0.65,0.5,0.58,-0.10459,0.0394,0.07488,-0.10528,0.18573,0.43169,0.17201,0.3
1772189400,2026-02-27T10:50:00,V2,DISC,flip,-1,2.1245,0.8,1,12.6,0.21986,0.15667,8.43016,10.5381,12.0601,82.14,48.845,57.31,438.17786,1668.81711,7908.68948,9.73923,6.51302,7.97392,0.24883,0.10114,0.03169,0.00836,5,8,0.6,355.0,0.0,0.65,0.5,0.56,-0.10461,0.00312,-0.01582,-0.10528,0.19943,0.42995,0.16375,0.3
1772191140,2026-02-27T11:19:00,V2,DISC,cont,-1,6.067,0.8,1,12.6,0.21833,0.14602,24.0754,30.09444,12.99367,68.185,51.12,57.71,392.04531,1723.99467,8000.81858,8.90902,6.73019,8.02311,0.21997,0.12338,0.03389,-0.03064,5,9,0.8,355.0,29.0,0.65,0.5,0.56,-0.10461,0.00312,-0.01582,-0.10528,0.19943,0.42995,0.16375,0.3
1772193360,2026-02-27T11:56:00,V2,DISC,cont,-1,-3.0646,-1.0533,0,12.6,0.21278,0.1623,9.23651,11.54603,11.76392,76.395,56.015,59.215,359.34665,1824.26247,8146.22625,7.8585,7.03777,8.09327,0.28462,0.14358,0.03773,-0.01393,5,11,1.2,355.0,66.0,0.65,0.5,0.56,-0.10461,0.00312,-0.01582,-0.10528,0.19774,0.30873,0.18672,0.3
1772194020,2026-02-27T12:07:00,V2,DISC,flip,1,-3.684,-1.004,0,12.6,0.2121,0.16998,11.64921,14.56111,11.19795,81.395,58.43,59.405,393.748,1886.1358,8154.88909,8.43983,7.19883,8.11413,0.19684,0.12441,0.03664,-0.0195,6,12,1.0,83.0,0.0,0.65,0.5,0.56,-0.10461,0.00312,-0.01582,-0.10528,0.16337,0.25172,0.11152,0.3
1772196300,2026-02-27T12:45:00,V2,DISC,flip,-1,-7.091,-1.0024,0,12.6,0.21076,0.18782,22.45794,28.07222,10.20042,70.035,63.21,59.785,356.1664,1992.79204,8256.98228,7.65612,7.49674,8.15543,0.11279,0.15159,0.04218,-0.01393,7,13,0.85714,77.0,0.0,0.65,0.5,0.56,-0.10461,0.00312,-0.01582,-0.10528,0.11702,0.21694,0.02854,0.3
1772199360,2026-02-27T13:36:00,V2,DISC,cont,-1,-9.422,-1.0012,0,12.6,0.20951,0.11609,29.8746,37.34286,16.5266,66.135,66.94,60.14,368.17593,2143.42117,8385.92794,8.39284,7.99627,8.25709,0.10582,0.13707,0.04379,-0.06964,7,14,1.0,77.0,51.0,0.65,0.5,0.58,-0.10461,0.03939,-0.01582,-0.10528,0.12026,0.20237,-0.03693,0.3
1772234400,2026-02-27T23:20:00,V2,DISC,flip,1,-4.001,-1.0067,0,12.6,0.21655,0.21274,12.61667,15.77063,8.99202,60.06,51.725,58.185,421.27448,1669.95059,7592.28237,11.5119,7.12747,7.45531,0.09687,0.04608,0.0345,-0.0195,5,12,1.4,355.0,0.0,0.65,0.4,0.52,-0.28712,-0.06942,-0.01458,-0.10651,0.0428,0.04987,-0.16098,0.2
1772252940,2026-02-28T04:29:00,V2,DISC,flip,-1,1.8026,0.8,1,12.6,0.24438,0.29548,7.15317,8.94127,6.49385,25.94,35.74,51.56,159.90033,1240.44776,6962.95815,3.59626,5.68839,6.9998,0.21256,0.02493,0.05014,-0.04735,5,14,1.8,309.0,0.0,0.65,0.35,0.52,-0.37746,-0.06947,-0.10491,-0.10651,-0.13154,-0.24937,-0.24334,0.15
1772259300,2026-02-28T06:15:00,V2,DISC,cont,-1,5.3482,0.8,1,12.6,0.24762,0.27905,21.22302,26.52857,6.90639,28.595,30.73,50.885,178.65411,1014.86079,6915.01193,4.26524,3.7893,6.96654,0.26247,0.08502,0.05132,-0.04735,5,15,2.0,309.0,106.0,0.65,0.35,0.52,-0.37746,-0.06947,-0.10491,-0.10651,-0.10687,-0.22707,-0.24886,0.15
1772301480,2026-02-28T17:58:00,V2,DISC,flip,1,20.6845,0.8,1,12.6,0.25182,0.13548,82.08095,102.60159,14.20865,47.42,61.49,50.035,303.63962,2278.95861,7576.52675,8.16931,9.46994,8.2598,0.17251,0.10806,0.00509,-0.02507,3,8,1.66667,309.0,0.0,0.65,0.4,0.54,-0.28676,-0.03328,-0.10491,-0.10652,0.00955,-0.03,0.08059,0.25
1772314320,2026-02-28T21:32:00,V2,DISC,flip,-1,-4.2648,-1.0115,0,12.6,0.22897,0.18849,13.38571,16.73175,10.06835,76.54,68.91,55.03,456.23028,2325.93399,8185.83318,9.93121,9.21307,8.89975,0.12244,0.11057,0.01422,-0.03064,3,11,2.66667,309.0,214.0,0.7,0.4,0.54,-0.28676,-0.03328,-0.0145,-0.10652,0.02774,-0.05811,0.12382,0.25
1772317320,2026-02-28T22:22:00,V2,DISC,flip,1,8.5395,0.8,1,12.6,0.22074,0.16324,33.8873,42.35873,11.50993,75.99,70.875,57.08,397.77778,2365.59529,8297.11119,9.21162,9.49337,9.04396,0.19883,0.13419,0.0288,-0.0585,3,11,2.66667,309.0,264.0,0.7,0.4,0.54,-0.28676,-0.03328,-0.0145,-0.10652,0.02774,-0.05811,0.12382,0.25
1772395680,2026-03-01T20:08:00,V2,DISC,flip,-1,-22.3704,-1.1354,0,12.6,0.20024,0.18212,62.54921,78.18651,10.53163,52.985,65.645,62.925,349.19977,2176.35779,8779.63816,7.199,8.35973,8.80928,0.2104,0.09769,0.01012,-0.02507,1,5,4.0,398.0,0.0,0.7,0.4,0.54,-0.28631,-0.03343,-0.0144,-0.10652,0.05362,-0.01802,-0.00409,0.15
1772403180,2026-03-01T22:13:00,V2,DISC,cont,1,-14.9742,-1.0067,0,12.6,0.20435,0.08752,47.21905,59.02381,21.72732,49.99,64.01,61.66,377.36561,2247.095,8495.63094,13.41614,9.65648,8.83347,0.30886,0.04947,0.01014,0.02507,2,6,2.0,398.0,17.0,0.7,0.35,0.52,-0.38307,-0.07214,-0.11117,-0.10652,0.06134,-0.03465,-0.03134,0.1
1772405220,2026-03-01T22:47:00,V2,DISC,flip,-1,-9.0478,-1.0004,0,12.6,0.20282,0.07213,28.71111,35.88889,26.82313,80.025,67.955,62.125,646.82443,2507.52337,8790.56319,19.0313,10.78389,9.0882,0.10796,0.081,0.03884,0.04178,3,6,1.0,309.0,0.0,0.7,0.35,0.52,-0.38307,-0.07214,-0.11117,-0.10652,0.0887,-0.0141,0.04874,0.1
1772410200,2026-03-02T00:10:00,V2,DISC,flip,1,8.1296,0.8,1,12.6,0.19916,0.13245,32.26032,40.3254,14.3916,78.36,66.905,63.265,353.59261,2433.85607,8730.4314,7.96761,10.64583,9.1621,0.04669,0.02146,0.0139,0.04735,4,7,0.75,108.0,0.0,0.7,0.35,0.52,-0.38307,-0.07214,-0.11117,-0.10652,0.09026,-0.00113,0.02852,0.1
1772413800,2026-03-02T01:10:00,V2,DISC,cont,1,-10.2114,-1.0005,0,12.6,0.19576,0.09907,32.39921,40.49921,19.01342,94.61,76.15,64.365,505.3767,2620.91567,8811.94653,11.86226,11.41148,9.38034,0.23242,0.03317,0.00457,0.08078,4,9,1.25,108.0,60.0,0.7,0.35,0.5,-0.38294,-0.10804,-0.20119,-0.19685,0.06221,-0.01004,0.01858,0.1
1772435280,2026-03-02T07:08:00,V2,DISC,flip,-1,-25.4214,-1.0047,0,12.6,0.19738,0.15336,80.32222,100.40317,12.4831,64.955,63.715,63.835,349.59375,2079.86751,8756.53287,7.65608,8.31921,9.11467,0.32942,0.07001,0.01733,-0.02507,5,9,0.8,309.0,0.0,0.7,0.35,0.48,-0.38291,-0.14405,-0.20119,-0.19628,0.10976,-0.01714,0.138,0.15
1772466180,2026-03-02T15:43:00,V2,DISC,cont,1,-5.7444,-1.0068,0,12.6,0.18315,0.06356,18.1127,22.64048,28.52947,197.31,69.295,68.795,981.29728,2629.25787,9318.8529,19.15031,11.08252,10.08316,0.44268,0.17145,0.03579,-0.01393,6,13,1.16667,418.0,73.0,0.7,0.35,0.46,-0.38286,-0.18014,-0.29142,-0.19628,0.13948,0.0564,0.00773,0.2
1772467740,2026-03-02T16:09:00,V2,DISC,cont,1,-16.5914,-1.0008,0,12.6,0.18123,0.06618,52.63016,65.7873,27.29841,195.33,75.215,69.525,959.566,2899.36044,9549.08419,18.57511,11.9383,10.30573,0.30043,0.17024,0.04171,-0.03064,6,14,1.33333,418.0,99.0,0.7,0.35,0.46,-0.38286,-0.18014,-0.29142,-0.19628,0.13948,0.0564,0.00773,0.2
1772478420,2026-03-02T19:07:00,V2,DISC,flip,-1,-11.0792,-1.0028,0,12.6,0.17017,0.11414,35.0746,43.84365,16.05863,87.725,114.44,74.045,353.02167,3617.38394,10062.05868,7.51331,13.45345,10.47996,0.12567,0.11425,0.03674,0.00836,6,15,1.5,418.0,277.0,0.6,0.35,0.42,-0.38172,-0.2523,-0.29142,-0.37666,0.03182,-0.19262,-0.29552,0.1
1772487240,2026-03-02T21:34:00,V2,DISC,flip,1,-8.1926,-1.0055,0,12.6,0.16514,0.191,25.86667,32.33333,9.50209,76.75,100.545,76.3,366.88107,2948.67355,10062.85591,8.20709,10.82136,10.54712,0.12645,0.02676,0.05524,-0.02507,6,14,1.33333,309.0,146.0,0.6,0.3,0.42,-0.47186,-0.25225,-0.29054,-0.37666,0.00897,-0.23468,-0.32441,0.1
1772493780,2026-03-02T23:23:00,V2,DISC,flip,-1,6.8134,0.8,1,12.6,0.16904,0.1705,27.0373,33.79683,10.70607,58.695,77.245,74.54,282.84308,2164.9804,9667.10785,6.49552,8.02095,9.75533,0.11663,0.02733,0.0501,-0.09192,5,12,1.4,278.0,104.0,0.6,0.3,0.42,-0.47186,-0.25225,-0.29054,-0.37666,0.00568,-0.22228,-0.33324,0.1
1772500260,2026-03-03T01:11:00,V2,DISC,flip,1,-5.494,-1.0098,0,12.6,0.17273,0.1543,17.27222,21.59048,11.80725,67.445,69.415,72.945,325.91837,1979.45851,9455.07825,7.0394,7.315,9.5218,0.14461,0.03777,0.03434,-0.14763,6,12,1.0,151.0,0.0,0.65,0.25,0.42,-0.56213,-0.25235,-0.38081,-0.37666,-0.01253,-0.26179,-0.43867,0.1
1772501400,2026-03-03T01:30:00,V2,DISC,flip,-1,-4.3428,-1.0018,0,12.6,0.17284,0.15719,13.7619,17.20238,11.6464,67.55,69.145,72.9,343.73376,2002.1992,9511.01539,7.56626,7.39649,9.52671,0.03879,0.00103,0.0337,-0.13649,7,13,0.85714,151.0,0.0,0.7,0.3,0.44,-0.46947,-0.21573,-0.38082,-0.37666,-0.01253,-0.26179,-0.43867,0.1
1772503020,2026-03-03T01:57:00,V2,DISC,cont,-1,4.2352,0.8,1,12.6,0.17245,0.17876,16.80635,21.00794,10.24433,75.46,68.67,73.065,375.30872,2002.69927,9538.69178,7.62344,7.38883,9.53208,0.04837,0.00812,0.03454,-0.10864,7,13,0.85714,151.0,27.0,0.7,0.3,0.44,-0.46947,-0.21573,-0.38082,-0.37666,-0.03955,-0.28857,-0.47771,0.1
1772504460,2026-03-03T02:21:00,V2,DISC,cont,-1,6.8957,0.8,1,12.6,0.17181,0.12496,27.36349,34.20476,14.77616,79.065,69.415,73.335,379.00407,1988.60601,9583.53177,7.80196,7.1923,9.34963,0.28914,0.04606,0.03312,-0.08635,7,15,1.14286,151.0,51.0,0.7,0.3,0.44,-0.46947,-0.21573,-0.38082,-0.37666,-0.06646,-0.33102,-0.46246,0.15
1772555040,2026-03-03T16:24:00,V2,DISC,flip,1,-13.3744,-1.0051,0,12.6,0.16413,0.07761,42.24444,52.80556,23.56852,139.655,96.51,76.77,701.28843,2931.06172,9176.21368,15.18534,11.68594,8.98137,0.4514,0.11249,0.01128,0.04735,6,19,2.16667,154.0,0.0,0.65,0.4,0.42,-0.28934,-0.25137,-0.47105,-0.2864,-0.07567,-0.16949,-0.21015,0.2
1772626020,2026-03-04T12:07:00,V2,DISC,flip,-1,-7.159,-1.0021,0,12.6,0.14199,0.15178,22.67857,28.34841,11.71162,67.4,88.22,88.74,297.31842,2688.69126,10534.55722,6.54501,10.61746,10.34517,0.18003,0.14537,0.04736,-0.06407,2,11,4.5,278.0,0.0,0.65,0.35,0.4,-0.37959,-0.28747,-0.47102,-0.2864,0.01309,0.1553,0.20521,0.35
1772629560,2026-03-04T13:06:00,V2,DISC,cont,1,-5.58,-1.0065,0,12.6,0.14199,0.12576,17.60079,22.00079,14.00634,89.475,91.545,88.74,414.67036,2736.84979,10440.35614,8.9295,10.74075,10.32889,0.17453,0.15864,0.05787,-0.07521,3,15,4.0,154.0,28.0,0.65,0.35,0.4,-0.37959,-0.28747,-0.47102,-0.2864,-0.07285,0.06095,-0.02565,0.3
1772633220,2026-03-04T14:07:00,V2,DISC,cont,1,7.1034,0.8,1,12.6,0.14188,0.13616,28.1881,35.23492,12.91451,78.555,89.675,88.81,280.35808,2542.72808,10309.23517,6.32573,10.06533,10.24423,0.05102,0.10904,0.06131,-0.00836,3,16,4.33333,154.0,89.0,0.7,0.3,0.4,-0.46969,-0.28735,-0.47031,-0.2864,0.00992,0.16376,0.30773,0.4
1772634600,2026-03-04T14:30:00,V2,DISC,cont,1,9.5368,0.8,1,12.6,0.14156,0.08304,37.84444,47.30556,21.02637,83.25,91.145,89.01,406.36501,2638.71754,10311.15842,11.31841,10.71823,10.36435,0.28951,0.14832,0.06501,-0.01393,3,18,5.0,154.0,112.0,0.7,0.3,0.4,-0.46969,-0.28735,-0.47031,-0.2864,0.00992,0.16376,0.30773,0.4
1772664300,2026-03-04T22:45:00,V2,DISC,flip,-1,11.8901,0.8,1,12.6,0.14486,0.13127,47.18254,58.97857,13.18506,66.91,83.84,86.98,314.22116,2313.69038,10061.30682,6.71893,8.63275,9.89081,0.22081,0.02276,0.06089,-0.05292,3,22,6.33333,154.0,0.0,0.55,0.3,0.4,-0.46944,-0.2872,-0.47031,-0.28523,0.0167,0.0226,0.2599,0.4
1772693340,2026-03-05T06:49:00,V2,DISC,flip,1,-5.982,-1.0233,0,12.6,0.14915,0.15974,18.55873,23.19841,10.86891,82.225,65.4,84.48,429.8096,1981.74619,9938.99549,9.06477,7.38928,9.74581,0.04653,0.0229,0.05431,0.10056,8,33,3.125,107.0,0.0,0.55,0.35,0.4,-0.37268,-0.2872,-0.37961,-0.28523,-0.05295,-0.40405,-0.3721,0.1
1772704080,2026-03-05T09:48:00,V2,DISC,flip,-1,-2.996,-1.0042,0,12.6,0.15444,0.14554,9.47143,11.83889,11.94315,76.87,64.495,81.585,326.56867,1928.22445,9289.67166,6.86365,7.18105,8.97853,0.10534,0.00451,0.0102,0.06704,9,29,2.22222,107.0,0.0,0.6,0.35,0.4,-0.3735,-0.28763,-0.47078,-0.28523,-0.03538,-0.44948,-0.39569,0.05
1772705160,2026-03-05T10:06:00,V2,DISC,flip,1,2.1606,0.8,1,12.6,0.15551,0.19031,8.57381,10.71746,9.10689,76.87,64.675,81.025,354.61282,1927.53189,9185.86275,7.29837,7.14769,8.89062,0.10155,0.00831,0.01624,0.04735,10,30,2.0,97.0,0.0,0.6,0.35,0.4,-0.3735,-0.28763,-0.47078,-0.28523,-0.06977,-0.42463,-0.40714,0.05
1772705820,2026-03-05T10:17:00,V2,DISC,cont,1,2.215,0.8,1,12.6,0.15603,0.16562,8.78968,10.9873,10.44988,72.31,65.435,80.755,344.52503,1929.15087,9144.73381,7.24745,7.16689,8.87187,0.07451,0.01329,0.01866,0.03621,10,31,2.1,97.0,11.0,0.6,0.35,0.4,-0.3735,-0.28763,-0.47078,-0.28523,-0.06977,-0.42463,-0.40714,0.05
1772717040,2026-03-05T13:24:00,V2,DISC,flip,-1,5.1053,0.8,1,12.6,0.15765,0.13376,20.25873,25.32381,12.99126,74.015,75.36,79.925,345.0131,2123.50456,9320.46894,7.00667,7.62597,8.94062,0.14957,0.00945,0.01873,-0.06964,9,29,2.22222,107.0,19.0,0.6,0.4,0.4,-0.28367,-0.28754,-0.38066,-0.28523,-0.02746,-0.07479,0.03464,0.15
1772721180,2026-03-05T14:33:00,V2,DISC,flip,1,-10.505,-1.002,0,12.6,0.15874,0.09132,33.28175,41.60238,18.95519,78.995,76.81,79.375,437.33571,2246.51407,9330.19807,10.92531,8.39335,8.92181,0.15077,0.0417,0.00779,-0.13092,10,28,1.8,97.0,0.0,0.6,0.4,0.4,-0.28367,-0.28754,-0.38066,-0.28523,-0.04041,-0.0985,0.03952,0.2
1772723280,2026-03-05T15:08:00,V2,DISC,flip,-1,14.5554,0.8,1,12.6,0.15885,0.07202,57.75952,72.19921,24.3486,146.26,83.27,79.32,689.55411,2560.83755,9361.89622,15.78054,9.73555,8.82057,0.10779,0.03918,0.00305,-0.12535,11,29,1.63636,88.0,0.0,0.6,0.4,0.4,-0.28367,-0.28754,-0.38066,-0.28523,0.0157,-0.0911,0.06597,0.2
1772726760,2026-03-05T16:06:00,V2,DISC,cont,-1,10.3648,0.8,1,12.6,0.16064,0.09228,41.13016,51.4127,19.20294,128.44,88.97,78.435,576.99886,2770.8121,9296.07346,11.94156,10.3576,8.63064,0.27075,0.0808,0.032,-0.09192,11,27,1.45455,88.0,58.0,0.6,0.45,0.42,-0.19344,-0.25126,-0.29033,-0.28523,0.0217,-0.0516,0.08777,0.2
1772763900,2026-03-06T02:25:00,V2,DISC,flip,1,-8.3848,-1.0054,0,12.6,0.17425,0.12821,26.4746,33.09365,13.76198,82.63,56.44,72.31,440.13555,1693.95397,8617.68087,9.3112,6.49592,8.14893,0.22874,0.00711,0.02185,-0.06407,12,26,1.16667,88.0,0.0,0.65,0.55,0.42,-0.01301,-0.25089,-0.38043,-0.19513,0.02025,0.0303,0.11821,0.2
1772769600,2026-03-06T04:00:00,V2,DISC,flip,-1,3.568,0.8,1,12.6,0.17645,0.25177,14.15873,17.69841,7.04931,51.075,56.455,71.41,214.68327,1644.44674,8581.63032,4.71186,6.29968,8.12614,0.15733,0.01317,0.02498,-0.10864,12,25,1.08333,95.0,0.0,0.65,0.55,0.42,-0.01301,-0.25089,-0.38043,-0.19513,-0.01038,0.058,0.139,0.2
1772771820,2026-03-06T04:37:00,V2,DISC,cont,-1,2.0642,0.8,1,12.6,0.17667,0.18211,8.19127,10.23889,9.77329,47.505,57.23,71.32,228.80808,1619.70379,8537.72625,4.88175,6.16594,8.06162,0.1964,0.03584,0.03258,-0.09749,11,25,1.27273,95.0,37.0,0.65,0.55,0.4,-0.01301,-0.287,-0.38012,-0.19513,-0.02848,0.09612,0.15372,0.25
1772775240,2026-03-06T05:34:00,V2,DISC,cont,-1,2.7043,0.8,1,12.6,0.17571,0.14488,10.73175,13.41429,12.36846,63.06,61.085,71.71,387.82469,1767.0401,8723.12388,9.20462,6.89563,8.20937,0.21764,0.04697,0.03564,-0.08635,11,26,1.36364,95.0,94.0,0.65,0.55,0.4,-0.01301,-0.287,-0.38012,-0.19513,0.06415,0.22298,0.50045,0.35
1772779080,2026-03-06T06:38:00,V2,DISC,flip,1,2.6877,0.8,1,12.6,0.17714,0.24908,10.66508,13.33175,7.17023,57.135,61.435,71.13,286.94566,1816.21173,8540.27972,6.14159,7.04812,8.09663,0.06573,0.03095,0.03136,-0.04178,11,25,1.27273,95.0,0.0,0.6,0.6,0.42,0.07748,-0.25094,-0.38012,-0.10469,0.10628,0.31133,0.4989,0.35
1772782020,2026-03-06T07:27:00,V2,DISC,cont,1,-7.9224,-1.007,0,12.6,0.1768,0.18927,24.9754,31.21905,9.39118,56.85,61.59,71.265,306.25764,1845.186,8544.02847,6.05722,7.02259,8.11207,0.19487,0.03512,0.02791,-0.0195,10,24,1.4,95.0,49.0,0.6,0.6,0.42,0.07748,-0.25094,-0.38012,-0.10469,0.15244,0.3758,0.66751,0.4
1772789640,2026-03-06T09:34:00,V2,DISC,cont,-1,-5.7054,-1.0044,0,12.6,0.18128,0.18527,18.03333,22.54127,9.67023,62.94,57.89,69.505,251.91148,1668.38888,8409.60756,4.97258,6.17852,7.9627,0.34542,0.06996,0.04014,0.0195,11,27,1.45455,137.0,39.0,0.6,0.6,0.44,0.07722,-0.21492,-0.28336,-0.10434,0.09784,0.09525,0.14974,0.35
1772792220,2026-03-06T10:17:00,V2,DISC,flip,1,-2.2392,-1.0038,0,12.6,0.18128,0.23595,7.08175,8.85238,7.55129,66.695,61.515,69.505,276.70207,1712.3941,8303.40944,5.54442,6.32824,7.91873,0.11854,0.0187,0.03552,0.03621,9,23,1.55556,137.0,82.0,0.6,0.6,0.44,0.07722,-0.21492,-0.28336,-0.10434,0.18214,0.14383,0.22296,0.35
1772794200,2026-03-06T10:50:00,V2,DISC,flip,-1,-2.5824,-1.0185,0,12.6,0.18271,0.28759,8.04921,10.06111,6.2171,52.55,59.34,68.96,254.59345,1650.36908,8189.22865,5.12221,5.76213,7.77352,0.01849,0.00919,0.05036,0.02507,10,23,1.3,95.0,27.0,0.6,0.6,0.44,0.07722,-0.21492,-0.28336,-0.10434,0.18214,0.14383,0.22296,0.35
1772794980,2026-03-06T11:03:00,V2,DISC,cont,-1,-2.8516,-1.0274,0,12.6,0.18396,0.23776,8.81111,11.01429,7.5228,49.715,58.335,68.495,239.19816,1641.98167,8148.35388,4.81568,5.7183,7.74887,0.10624,0.01049,0.04937,0.03621,11,24,1.18182,95.0,0.0,0.6,0.6,0.44,0.07722,-0.21492,-0.28336,-0.10434,0.19995,0.0983,0.18831,0.35
1772797380,2026-03-06T11:43:00,V2,DISC,cont,-1,4.4517,0.8,1,12.6,0.18812,0.19857,17.66508,22.08175,9.01725,46.2,56.74,66.98,246.20062,1562.35283,8102.10818,5.24789,5.40562,7.7262,0.08606,0.01655,0.04359,0.02507,11,26,1.36364,95.0,40.0,0.55,0.6,0.44,0.07726,-0.21489,-0.28336,-0.10442,0.11653,-0.01933,0.01104,0.35
1772800500,2026-03-06T12:35:00,V2,DISC,cont,-1,-8.9862,-1.0024,0,12.6,0.18893,0.1729,28.45952,35.5746,10.44769,63.02,57.25,66.69,338.18082,1625.61367,8134.6272,7.2279,5.67045,7.71866,0.34158,0.05632,0.05447,0.02507,11,27,1.45455,95.0,92.0,0.55,0.6,0.44,0.07717,-0.21464,-0.28352,-0.10442,0.10721,-0.00104,0.1063,0.4
1772803500,2026-03-06T13:25:00,V2,DISC,flip,1,-4.5372,-1.0359,0,12.6,0.18996,0.15237,13.90476,17.38095,11.7966,71.63,59.425,66.33,390.53297,1675.621,8096.706,8.10149,5.95646,7.73782,0.01296,0.05309,0.04123,0.00836,11,27,1.45455,137.0,0.0,0.6,0.55,0.42,-0.0148,-0.25128,-0.37445,-0.10573,0.06475,-0.04766,0.03722,0.4
1772804100,2026-03-06T13:35:00,V2,DISC,cont,1,-10.1856,-1.0572,0,12.6,0.18909,0.0846,30.58492,38.23095,21.19475,75.215,60.03,66.635,392.84133,1702.21138,8073.69799,8.08525,6.09939,7.73494,0.18772,0.05474,0.03612,0.00836,11,27,1.45455,137.0,10.0,0.6,0.55,0.42,-0.0148,-0.25128,-0.37445,-0.10573,0.06475,-0.04766,0.03722,0.4
1772807760,2026-03-06T14:36:00,V2,DISC,flip,-1,-12.0426,-1.0042,0,12.6,0.18617,0.08224,38.06905,47.58651,22.36313,134.395,67.03,67.68,685.5316,2211.07713,8506.68214,16.28014,8.94553,8.1502,0.35845,0.16427,0.0711,0.0195,11,27,1.45455,95.0,0.0,0.55,0.5,0.42,-0.10492,-0.25026,-0.37445,-0.10318,-0.02243,-0.16806,-0.21889,0.4
1772813760,2026-03-06T16:16:00,V2,DISC,flip,-1,7.872,0.8,1,12.6,0.18617,0.11086,31.2381,39.04762,16.64242,104.915,82.535,67.68,503.90595,2672.01781,8359.54068,10.28085,10.42676,7.92365,0.08845,0.13131,0.04779,0.01393,12,29,1.41667,88.0,0.0,0.5,0.5,0.42,-0.1082,-0.252,-0.37601,-0.10598,-0.10307,-0.36459,-0.61466,0.3
1772947860,2026-03-08T05:31:00,V2,DISC,flip,1,-1.7886,-1.0913,0,12.6,0.34725,0.231,5.20317,6.50397,8.11654,46.675,36.655,36.285,239.60643,1249.68751,4597.50381,5.71964,5.09241,4.4758,0.14418,0.01867,0.02528,-0.08078,0,3,3.0,88.0,2235.0,0.55,0.45,0.44,-0.19841,-0.21592,-0.2858,-0.10598,-0.27311,-0.4776,-0.72848,0.2
1772949240,2026-03-08T05:54:00,V2,DISC,cont,1,-2.7116,-1.0063,0,12.6,0.34535,0.33492,8.55397,10.69286,5.59688,44.725,37.42,36.485,207.67491,1260.34164,4603.73718,4.53674,5.16088,4.49371,0.42738,0.00685,0.02767,-0.08635,0,3,3.0,88.0,2258.0,0.55,0.45,0.44,-0.19841,-0.21592,-0.2858,-0.10598,-0.27311,-0.4776,-0.72848,0.2
1772951340,2026-03-08T06:29:00,V2,DISC,flip,-1,-2.224,-1.0128,0,12.6,0.34361,0.36677,6.97063,8.71349,5.12334,38.315,38.23,36.67,176.44014,1258.28599,4613.96533,3.94065,5.12186,4.4945,0.08975,0.03258,0.02758,-0.05292,0,3,3.0,88.0,2290.0,0.55,0.45,0.44,-0.19841,-0.21592,-0.2858,-0.10598,-0.27311,-0.4776,-0.72848,0.2
1772952900,2026-03-08T06:55:00,V2,DISC,flip,1,0.9714,0.8,1,12.6,0.34696,0.49078,3.85476,4.81825,3.82326,33.76,36.7,36.315,155.43639,1232.89264,4560.33229,3.30359,5.08683,4.4608,0.01978,0.0038,0.0206,-0.0585,0,3,3.0,88.0,2316.0,0.55,0.45,0.44,-0.19841,-0.21592,-0.2858,-0.10598,-0.27311,-0.4776,-0.72848,0.2
1772953440,2026-03-08T07:04:00,V2,DISC,cont,1,1.9558,0.8,1,12.6,0.34807,0.34415,7.76111,9.70159,5.443,32.58,36.715,36.2,142.77926,1231.55029,4534.84346,2.92194,5.09248,4.44621,0.05898,0.01159,0.01288,-0.03621,0,2,2.0,88.0,2325.0,0.55,0.45,0.44,-0.19841,-0.21592,-0.2858,-0.10598,-0.27311,-0.4776,-0.72848,0.2
1772959200,2026-03-08T08:40:00,V2,DISC,cont,1,4.2877,0.8,1,12.6,0.35468,0.36596,17.01429,21.26825,5.10708,29.085,36.855,35.525,166.90338,1224.56678,4468.7223,3.98456,5.13715,4.42951,0.08079,0.02943,0.01708,-0.04735,0,2,2.0,88.0,2421.0,0.5,0.35,0.38,-0.38383,-0.32613,-0.38052,-0.1963,-0.27311,-0.4776,-0.72848,0.2
1772969760,2026-03-08T11:36:00,V2,DISC,flip,-1,4.0179,0.8,1,12.6,0.34304,0.1885,15.94444,19.93016,9.90106,48.705,38.485,36.73,232.67485,1169.86935,4623.29646,5.40788,4.4245,4.55803,0.32704,0.05197,0.01912,-0.03621,0,2,2.0,88.0,2597.0,0.45,0.4,0.42,-0.29356,-0.25119,-0.29043,-0.01594,-0.27311,-0.4776,-0.72848,0.2
1772971740,2026-03-08T12:09:00,V2,DISC,cont,-1,5.352,0.8,1,12.6,0.33953,0.20777,21.2381,26.54762,9.00995,48.955,39.27,37.11,266.42875,1234.40884,4714.79522,5.91794,4.70446,4.63465,0.13759,0.01328,0.02344,-0.02507,0,2,2.0,88.0,2630.0,0.45,0.4,0.42,-0.29356,-0.25119,-0.29043,-0.01594,-0.27311,-0.4776,-0.72848,0.2
1772996880,2026-03-08T19:08:00,V2,DISC,flip,1,2.847,0.8,1,12.6,0.30623,0.23797,11.29762,14.12222,7.91127,43.665,46.36,41.145,262.03263,1591.57209,5494.45995,5.66785,6.09696,5.34038,0.034,0.02967,0.01666,-0.13649,0,2,2.0,88.0,3049.0,0.5,0.4,0.46,-0.29356,-0.17905,-0.20018,0.0744,-0.27311,-0.4776,-0.72848,0.2
1772998980,2026-03-08T19:43:00,V2,DISC,cont,1,1.4214,0.8,1,12.6,0.30579,0.21888,5.64048,7.05079,8.54628,49.615,45.595,41.205,250.36971,1496.61378,5420.95459,5.20371,5.51657,5.29125,0.32219,0.03158,0.00084,-0.16992,0,1,1.0,88.0,3084.0,0.5,0.4,0.46,-0.29356,-0.17905,-0.20018,0.0744,-0.27311,-0.4776,-0.72848,0.2
1773000000,2026-03-08T20:00:00,V2,DISC,flip,-1,1.032,0.8,1,12.6,0.30698,0.24718,4.09524,5.11905,7.58185,49.615,45.18,41.045,246.74103,1495.29324,5368.14968,5.3106,5.52181,5.22779,0.24287,0.00558,0.00347,-0.18106,0,1,1.0,88.0,3101.0,0.5,0.4,0.46,-0.29356,-0.17905,-0.20018,0.0744,-0.27311,-0.4776,-0.72848,0.2
1773000600,2026-03-08T20:10:00,V2,DISC,cont,-1,-2.3836,-1.0048,0,12.6,0.30754,0.2496,7.53095,9.41349,7.52074,46.71,44.81,40.97,242.48051,1479.34118,5387.72449,5.29606,5.47487,5.23837,0.10924,0.01707,0.00288,-0.1922,0,1,1.0,88.0,3111.0,0.5,0.4,0.46,-0.29356,-0.17905,-0.20018,0.0744,-0.27311,-0.4776,-0.72848,0.2
1773004140,2026-03-08T21:09:00,V2,DISC,cont,-1,9.0054,0.8,1,12.6,0.3056,0.22388,35.73571,44.66984,8.41144,51.065,43.975,41.23,312.75819,1520.84746,5510.70052,7.34257,5.77604,5.37986,0.13055,0.04247,0.0139,-0.15877,0,1,1.0,88.0,3170.0,0.5,0.4,0.46,-0.29356,-0.17905,-0.11007,0.0744,-0.27311,-0.4776,-0.72848,0.2
1773010980,2026-03-08T23:03:00,V2,DISC,flip,1,5.0061,0.8,1,12.6,0.29422,0.1614,19.86508,24.83175,11.77154,111.145,50.09,42.825,642.03859,2039.61655,6206.4188,14.75731,9.61517,6.71158,0.06512,0.05256,0.02211,-0.06964,1,4,3.0,88.0,0.0,0.5,0.5,0.5,-0.11304,-0.10691,-0.11007,0.0742,-0.39883,-0.62343,-0.98332,0.1
1773013980,2026-03-08T23:53:00,V2,DISC,flip,-1,-4.5836,-1.0012,0,12.6,0.28337,0.14086,14.53413,18.16746,13.55166,79.54,55.7,44.465,369.20522,2195.72573,6426.01011,7.69613,9.93181,6.8514,0.07932,0.0704,0.02923,-0.03621,2,6,2.0,71.0,0.0,0.45,0.55,0.52,-0.02211,-0.07089,-0.11007,0.0742,-0.38927,-0.52868,-0.8867,0.1
1773015900,2026-03-09T00:25:00,V2,DISC,cont,-1,-10.0026,-1.0038,0,12.6,0.27907,0.11743,31.63571,39.54444,16.28231,92.455,62.585,45.15,426.29247,2335.46115,6608.53932,8.60573,10.2214,6.9862,0.20518,0.06766,0.0361,-0.00836,2,7,2.5,71.0,32.0,0.45,0.55,0.52,-0.02211,-0.07089,-0.11007,0.0742,-0.36841,-0.57891,-0.89681,0.1
1773025260,2026-03-09T03:01:00,V2,DISC,flip,1,13.429,0.8,1,12.6,0.25375,0.15248,53.28968,66.6119,12.37536,73.465,80.43,49.655,316.14201,2646.48749,6952.97212,7.16991,11.08906,7.29006,0.2652,0.02499,0.00297,0.03064,3,7,1.33333,71.0,0.0,0.55,0.55,0.52,-0.02087,-0.07082,-0.01875,0.07434,-0.30597,-0.50632,-0.76029,0.1
1773037200,2026-03-09T06:20:00,V2,DISC,flip,-1,2.6328,0.8,1,12.6,0.23147,0.16324,10.44762,13.05952,11.43306,80.815,76.565,54.435,412.83666,2236.5784,7374.76062,8.9362,8.78752,7.79789,0.12554,0.08998,0.00826,0.0585,4,10,1.5,71.0,0.0,0.55,0.6,0.54,0.07092,-0.03463,-0.01875,0.07434,-0.27878,-0.4687,-0.82033,0.1
1773039720,2026-03-09T07:02:00,V2,DISC,cont,-1,3.2262,0.8,1,12.6,0.22635,0.20148,12.80238,16.00317,9.30654,60.9,71.785,55.665,303.36739,2064.41349,7514.54699,6.0254,8.14544,7.84513,0.29365,0.06007,0.0006,0.04178,4,12,2.0,71.0,42.0,0.55,0.6,0.54,0.07092,-0.03463,-0.01875,0.07434,-0.26218,-0.41104,-0.61191,0.15
1773042840,2026-03-09T07:54:00,V2,DISC,flip,1,2.7387,0.8,1,12.6,0.21953,0.22074,10.86825,13.58492,8.45746,70.265,70.125,57.395,341.21916,2023.95056,7656.36631,7.5185,8.03649,7.95515,0.07495,0.07925,0.00416,0.03621,5,14,1.8,94.0,0.0,0.55,0.6,0.54,0.07092,-0.03463,-0.01875,0.07434,-0.18689,-0.33309,-0.36086,0.2
1773043680,2026-03-09T08:08:00,V2,DISC,cont,1,-3.5068,-1.0073,0,12.6,0.21724,0.17476,11.05238,13.81508,10.65727,65.82,67.73,58.0,334.49922,2000.60812,7659.56676,7.65308,8.03375,7.97607,0.20102,0.1037,0.00639,0.01393,5,15,2.0,94.0,14.0,0.55,0.6,0.54,0.07092,-0.03463,-0.01875,0.07434,-0.18689,-0.33309,-0.36086,0.2
1773044580,2026-03-09T08:23:00,V2,DISC,cont,1,5.7272,0.8,1,12.6,0.21548,0.14671,22.72698,28.40873,12.68147,64.64,66.825,58.475,313.7319,2041.32681,7714.09346,6.50001,8.12954,8.00874,0.29011,0.11657,0.00916,0.00836,5,16,2.2,94.0,29.0,0.6,0.65,0.56,0.16378,0.00141,-0.01875,0.07434,-0.18689,-0.33309,-0.36086,0.2
1773048720,2026-03-09T09:32:00,V2,DISC,cont,1,3.7557,0.8,1,12.6,0.21098,0.15774,14.90317,18.62937,11.7287,57.595,62.475,59.72,363.34161,1946.5607,7807.69305,7.62087,7.26275,8.10301,0.12462,0.06052,0.00607,-0.00279,5,20,3.0,94.0,98.0,0.55,0.7,0.56,0.25399,0.00141,-0.01875,0.07434,-0.12011,-0.15319,0.02129,0.2
1773052680,2026-03-09T10:38:00,V2,DISC,flip,-1,2.7517,0.8,1,12.6,0.20383,0.19655,10.91905,13.64921,9.47697,68.4,65.16,61.815,368.87663,2102.97335,8057.85201,7.75191,7.69132,8.24617,0.25582,0.0083,0.0057,-0.02507,6,21,2.5,94.0,0.0,0.5,0.75,0.58,0.3485,0.03741,0.07135,-0.01603,-0.06442,-0.06846,0.00999,0.25
1773055020,2026-03-09T11:17:00,V2,DISC,cont,-1,-5.6476,-1.0221,0,12.6,0.20183,0.21574,17.54127,21.92698,8.65712,58.63,66.145,62.43,281.69647,2128.74635,8123.58293,6.46691,7.72255,8.2614,0.20957,0.02008,0.00272,-0.05292,6,22,2.66667,94.0,39.0,0.5,0.75,0.58,0.3485,0.03741,0.07135,-0.01603,-0.05355,-0.06934,-0.01109,0.25
1773058440,2026-03-09T12:14:00,V2,DISC,flip,1,2.2726,0.8,1,12.6,0.20183,0.23645,9.01825,11.27302,7.84873,55.075,62.73,62.43,289.50263,1998.15717,8054.93332,6.04804,7.209,8.23213,0.1065,0.021,0.01543,-0.08635,7,23,2.28571,96.0,0.0,0.45,0.8,0.6,0.43915,0.07354,0.07135,-0.01603,-0.0136,-0.0565,-0.01302,0.25
1773059280,2026-03-09T12:28:00,V2,DISC,cont,1,-2.3814,-1.0808,0,12.6,0.20183,0.18599,6.99524,8.74365,9.94575,54.83,62.55,62.43,279.65552,1978.48998,7998.05858,5.59569,7.18219,8.19978,0.34172,0.04796,0.01377,-0.06964,7,25,2.57143,96.0,14.0,0.45,0.8,0.6,0.43915,0.07354,0.07135,-0.01603,-0.0136,-0.0565,-0.01302,0.25
1773059820,2026-03-09T12:37:00,V2,DISC,cont,1,4.736,0.8,1,12.6,0.20178,0.14551,18.79365,23.49206,12.69116,54.83,62.89,62.445,299.05727,1992.07267,7992.88258,6.4338,7.31294,8.22503,0.28578,0.06317,0.01708,-0.0585,7,26,2.71429,96.0,23.0,0.45,0.8,0.6,0.43915,0.07354,0.07135,-0.01603,-0.0136,-0.0565,-0.01302,0.25
1773061800,2026-03-09T13:10:00,V2,DISC,cont,1,7.2832,0.8,1,12.6,0.19841,0.15515,28.90159,36.12698,11.86862,68.065,64.585,63.505,327.67987,2005.60226,8006.66648,7.38356,7.40764,8.25607,0.27473,0.0853,0.02128,-0.0585,7,27,2.85714,96.0,56.0,0.45,0.8,0.6,0.43914,0.07354,0.07135,-0.01603,0.02624,0.17716,0.27547,0.4
1773064020,2026-03-09T13:47:00,V2,DISC,cont,1,-5.1714,-1.0005,0,12.6,0.19585,0.06867,16.40794,20.51032,26.47615,80.785,65.635,64.335,533.98062,2162.60837,8104.05293,13.6285,8.73038,8.55155,0.32231,0.12491,0.03921,-0.0585,7,29,3.14286,96.0,93.0,0.45,0.75,0.58,0.34804,0.03709,0.07135,-0.10713,0.01816,0.14782,0.28731,0.4
1773065160,2026-03-09T14:06:00,V2,DISC,flip,-1,-7.8536,-1.0241,0,12.6,0.19401,0.0879,24.34524,30.43175,20.84076,123.245,69.095,64.945,692.64345,2360.02833,8305.10333,16.40412,9.47655,8.72714,0.1098,0.08015,0.02576,-0.04178,7,29,3.14286,96.0,112.0,0.45,0.75,0.58,0.34804,0.03709,0.07135,-0.10713,0.01188,0.1468,0.3284,0.45
1773066660,2026-03-09T14:31:00,V2,DISC,flip,1,-6.2598,-1.0045,0,12.6,0.19089,0.09699,19.78254,24.72857,18.74344,131.14,70.005,66.005,759.75601,2426.05475,8389.96024,17.3575,10.00202,8.91941,0.10949,0.09225,0.03478,-0.03621,7,30,3.28571,96.0,137.0,0.45,0.7,0.58,0.254,0.03594,0.16162,-0.20117,0.00773,0.17918,0.41556,0.45
1773070380,2026-03-09T15:33:00,V2,DISC,flip,-1,4.8232,0.8,1,12.6,0.18661,0.16517,19.13968,23.9246,11.06494,91.35,74.105,67.52,406.2646,2488.6747,8600.73684,8.60593,10.16937,9.03142,0.06768,0.04191,0.02924,-0.04735,8,32,3.0,164.0,0.0,0.4,0.7,0.6,0.254,0.07203,0.16162,-0.0206,0.00767,0.08976,0.17502,0.35
1773077340,2026-03-09T17:29:00,V2,DISC,cont,-1,-12.6546,-1.0204,0,12.6,0.17923,0.15012,39.37222,49.21508,12.22952,84.165,81.085,70.3,404.26999,2557.48428,8860.93077,8.53464,10.22195,9.1455,0.12592,0.06695,0.02586,0.00279,8,34,3.25,164.0,116.0,0.45,0.6,0.56,0.07279,-0.00051,-0.01981,-0.01926,0.00133,0.07972,0.23191,0.35
1773142980,2026-03-10T11:43:00,V2,DISC,flip,-1,-1.6084,-1.0022,0,12.6,0.19121,0.27876,5.09444,6.36825,6.40543,52.975,60.895,65.895,254.26617,1812.18603,8177.33728,5.78488,7.1097,8.34174,0.09398,0.04751,0.05146,-0.04735,3,17,4.66667,188.0,553.0,0.45,0.55,0.54,-0.01823,-0.03692,0.07038,-0.11028,0.06545,0.13447,0.14856,0.3
1773144180,2026-03-10T12:03:00,V2,DISC,cont,-1,2.885,0.8,1,12.6,0.19137,0.23565,11.44841,14.31032,7.58197,49.885,61.535,65.84,253.31599,1817.58072,8164.13294,5.70058,7.11328,8.33447,0.0764,0.04583,0.04635,-0.02507,4,18,3.5,188.0,0.0,0.45,0.55,0.54,-0.01823,-0.03692,0.07038,-0.11028,0.06545,0.13447,0.14856,0.3
1773145800,2026-03-10T12:30:00,V2,DISC,cont,-1,-4.8434,-1.0056,0,12.6,0.19137,0.20798,15.29048,19.1127,8.61534,50.215,61.645,65.84,220.17663,1790.59898,8177.74345,4.48288,7.01588,8.32433,0.20024,0.01417,0.03797,-0.02507,3,16,4.33333,188.0,27.0,0.45,0.55,0.54,-0.01823,-0.03692,0.07038,-0.11028,0.06545,0.13447,0.14856,0.3
1773147720,2026-03-10T13:02:00,V2,DISC,flip,1,2.4496,0.8,1,12.6,0.19447,0.2376,9.72063,12.15079,7.51039,54.29,59.485,64.79,222.12085,1757.1775,8082.55225,4.54363,6.95076,8.26787,0.03838,0.05969,0.04186,-0.00836,4,16,3.0,188.0,0.0,0.45,0.55,0.54,-0.01823,-0.03692,0.07038,-0.11028,0.01836,0.07596,0.1885,0.35
1773151260,2026-03-10T14:01:00,V2,DISC,flip,-1,-13.1532,-1.0109,0,12.6,0.19462,0.10056,41.30635,51.63333,17.99361,90.525,61.74,64.74,582.1842,2008.33479,8152.75013,13.52061,8.2289,8.1427,0.23545,0.06027,0.01126,0.00836,5,14,1.8,164.0,0.0,0.45,0.55,0.54,-0.01828,-0.03686,0.07119,-0.11028,0.04205,0.13209,0.26061,0.4
1773391140,2026-03-13T08:39:00,V2,DISC,flip,1,16.1506,0.8,1,12.6,0.20763,0.13167,64.08968,80.1119,13.28407,55.3,51.47,60.685,304.77645,1433.37993,7297.78566,6.50502,5.22473,7.25507,0.25529,0.07743,0.04227,-0.08078,1,1,0.0,164.0,0.0,0.45,0.5,0.5,-0.10892,-0.10919,0.16265,-0.01758,-0.03054,-0.05966,-0.2161,0.25
1773409500,2026-03-13T13:45:00,V2,DISC,cont,1,-13.6916,-1.0063,0,12.6,0.2062,0.09033,43.19206,53.98968,18.99597,104.065,59.305,61.105,567.09221,1981.36758,7407.99756,11.63892,7.46801,7.39467,0.21526,0.12621,0.06488,0.04735,3,6,1.0,162.0,0.0,0.45,0.5,0.52,-0.10892,-0.07305,0.16265,-0.01758,-0.04101,-0.12981,-0.33004,0.15
1773414120,2026-03-13T15:02:00,V2,DISC,flip,-1,-5.9668,-1.0025,0,12.6,0.20613,0.07633,18.89524,23.61905,22.84696,119.675,70.99,61.125,613.2381,2400.85002,7675.70699,13.65904,9.29698,7.60693,0.25259,0.01779,0.04796,0.04178,4,9,1.25,162.0,0.0,0.45,0.5,0.52,-0.10892,-0.07305,0.16265,-0.01758,-0.12717,-0.43627,-0.78045,0.15
1773416520,2026-03-13T15:42:00,V2,DISC,cont,-1,13.2072,0.8,1,12.6,0.20649,0.10156,52.40952,65.5119,17.23298,118.31,82.11,61.02,589.05629,2553.36716,7674.36679,13.50921,9.80624,7.5213,0.32356,0.00662,0.02808,0.03621,4,10,1.5,162.0,40.0,0.45,0.5,0.52,-0.10892,-0.07305,0.16265,-0.01758,-0.22524,-0.52228,-0.87786,0.1
1773422100,2026-03-13T17:15:00,V2,DISC,flip,1,-6.1968,-1.0099,0,12.6,0.20587,0.14412,19.48016,24.35,12.11654,93.285,94.795,61.205,364.5873,2757.79633,7682.07191,8.61033,10.51067,7.58633,0.16915,0.00869,0.03095,0.00836,5,14,1.8,144.0,0.0,0.5,0.45,0.52,-0.19899,-0.07306,0.16709,-0.01758,-0.26612,-0.50305,-0.89049,0.15
1773424620,2026-03-13T17:57:00,V2,DISC,flip,-1,-4.5926,-1.1897,0,12.6,0.20308,0.09676,12.25476,15.31825,18.34696,99.3,101.505,62.045,480.7376,3021.52618,7933.7709,9.33067,10.99686,7.67786,0.29379,0.06017,0.01276,-0.01393,6,15,1.5,133.0,0.0,0.5,0.45,0.54,-0.19899,-0.03669,0.16709,-0.01758,-0.30328,-0.61261,-1.07711,0.1
1773426600,2026-03-13T18:30:00,V2,DISC,flip,1,-8.6934,-1.0642,0,12.6,0.20162,0.12021,25.93254,32.41587,14.70804,95.82,104.175,62.495,510.63907,3153.90905,7984.26925,10.55989,11.33159,7.75872,0.10021,0.05253,0.02123,-0.00836,7,16,1.28571,77.0,0.0,0.5,0.45,0.54,-0.19899,-0.03669,0.16709,-0.01758,-0.30346,-0.6099,-1.03644,0.1
1773440520,2026-03-13T22:22:00,V2,DISC,flip,-1,-4.8972,-1.0033,0,12.6,0.19811,0.18076,15.49524,19.36905,9.86232,55.565,65.06,63.6,332.75612,1968.09962,8225.49169,8.04722,7.50206,7.91305,0.28785,0.0526,0.00886,0.03621,10,22,1.2,79.0,21.0,0.55,0.35,0.52,-0.39108,-0.07737,-0.02546,-0.01758,-0.35916,-0.7077,-0.94517,0.05
1773459180,2026-03-14T03:33:00,V2,DISC,flip,1,-4.1692,-1.0002,0,12.6,0.21724,0.27648,13.23254,16.54048,6.40418,42.525,43.845,58.0,199.42362,1277.11524,7499.40136,4.31233,5.16415,7.36802,0.2796,0.00613,1e-05,-0.03352,11,24,1.18182,79.0,0.0,0.6,0.35,0.52,-0.3872,-0.07672,-0.11562,-0.01758,-0.32957,-0.66763,-0.88855,0.1
1773468180,2026-03-14T06:03:00,V2,DISC,cont,-1,1.3779,0.8,1,12.6,0.22528,0.42912,5.46825,6.83492,4.13865,32.13,36.615,55.93,161.39006,1109.54889,7366.75559,3.54073,4.31585,7.29953,0.10365,0.01671,0.01087,-0.07263,12,28,1.33333,79.0,59.0,0.65,0.3,0.52,-0.47721,-0.07558,-0.20563,-0.01758,-0.29385,-0.46532,-0.32989,0.15
1773468960,2026-03-14T06:16:00,V2,DISC,cont,-1,1.2962,0.8,1,12.6,0.22571,0.38276,5.14365,6.42937,4.64609,31.585,36.335,55.825,151.58159,1104.76347,7377.29222,3.20224,4.30378,7.30078,0.23357,0.00343,0.01229,-0.06145,12,30,1.5,79.0,72.0,0.65,0.3,0.52,-0.47721,-0.07558,-0.20563,-0.01758,-0.29385,-0.46532,-0.32989,0.15
1773470220,2026-03-14T06:37:00,V2,DISC,cont,-1,1.3789,0.8,1,12.6,0.22701,0.25274,5.47143,6.83968,7.05757,34.86,36.345,55.505,159.67179,1106.52289,7356.45565,3.11943,4.2794,7.26322,0.3131,0.03654,0.01101,-0.0585,12,31,1.58333,79.0,93.0,0.65,0.3,0.52,-0.47721,-0.07558,-0.20563,-0.01758,-0.23831,-0.34242,-0.1532,0.2
1773488820,2026-03-14T11:47:00,V2,DISC,flip,1,5.6254,0.8,1,12.6,0.25907,0.47778,22.32302,27.90397,3.72805,23.52,34.08,48.635,111.72067,950.51557,6681.08429,2.26305,3.47226,6.88872,0.26444,0.03811,0.03256,-0.06964,11,27,1.45455,91.0,0.0,0.6,0.4,0.56,-0.29598,-0.00167,-0.20563,-0.01758,-0.07858,-0.3093,-0.02267,0.2
1773534060,2026-03-15T00:21:00,V2,DISC,flip,-1,-2.1304,-1.0129,0,12.6,0.41475,0.26859,6.67698,8.34603,6.6059,42.665,24.33,30.38,199.18329,728.04015,3622.62406,4.16537,2.91453,3.49069,0.021,0.08185,0.00373,0.01117,8,20,1.5,159.0,13.0,0.6,0.45,0.58,-0.20576,0.03446,-0.20563,-0.01758,0.07816,-0.08412,0.32756,0.35
1773534900,2026-03-15T00:35:00,V2,DISC,cont,-1,-4.5926,-1.0115,0,12.6,0.41197,0.22768,14.41429,18.01746,7.79457,44.455,25.0,30.585,228.48177,773.29008,3634.50523,4.61876,3.07887,3.49717,0.07142,0.06543,0.00335,0.0,8,21,1.625,159.0,27.0,0.6,0.45,0.58,-0.20576,0.03446,-0.20563,-0.01758,0.06185,-0.13691,0.34685,0.35
1773542460,2026-03-15T02:41:00,V2,DISC,flip,1,2.1466,0.8,1,12.6,0.41639,0.31881,8.51825,10.64762,5.54385,38.695,32.34,30.26,199.00464,944.3336,3548.41764,4.83964,3.75146,3.39708,0.24547,0.07503,0.01914,-0.06145,8,21,1.625,159.0,153.0,0.6,0.4,0.56,-0.29596,-0.00177,-0.20622,-0.01791,-0.04842,-0.13816,0.33541,0.3
1773548160,2026-03-15T04:16:00,V2,DISC,cont,1,6.7392,0.8,1,12.6,0.41082,0.22705,26.74286,33.42857,7.74577,35.485,36.135,30.67,183.94314,1115.33856,3598.28969,4.25734,4.53037,3.52674,0.18607,0.11397,0.02049,-0.03911,8,20,1.5,159.0,92.0,0.6,0.4,0.56,-0.29596,-0.00177,-0.20622,-0.01791,0.02454,-0.11411,0.32832,0.3
1773648900,2026-03-16T08:15:00,V2,DISC,flip,-1,6.1243,0.8,1,12.6,0.28144,0.16956,24.30317,30.37857,10.12437,55.09,60.22,44.77,306.35594,1996.20492,5830.82612,6.92944,8.29179,6.29523,0.19203,0.05197,0.04132,-0.01393,4,10,1.5,226.0,0.0,0.6,0.45,0.56,-0.20585,-0.00177,-0.20622,-0.01791,0.00096,-0.02393,-0.03257,0.25
1773655200,2026-03-16T10:00:00,V2,DISC,flip,1,1.4507,0.8,1,12.6,0.2692,0.28285,5.75714,7.19603,6.07497,45.735,59.095,46.805,203.34116,1878.2315,6042.94919,4.37427,7.64958,6.47984,0.13347,0.02168,0.03406,-0.02507,3,10,2.33333,226.0,105.0,0.6,0.45,0.56,-0.20585,-0.00177,-0.20622,-0.01791,0.10953,0.06693,0.12066,0.3
1773658200,2026-03-16T10:50:00,V2,DISC,cont,1,5.0826,0.8,1,12.6,0.26529,0.21162,20.16905,25.21111,8.0995,46.535,56.07,47.495,222.10366,1766.82381,6124.60077,4.74726,7.25713,6.52903,0.12015,0.03776,0.03747,-0.0195,4,11,1.75,226.0,0.0,0.65,0.5,0.56,-0.11557,-0.00177,-0.20622,-0.01791,0.10953,0.06693,0.12066,0.3
1773721920,2026-03-17T04:32:00,V2,DISC,flip,-1,8.8446,0.8,1,12.6,0.18506,0.12259,35.09762,43.87222,13.8633,84.39,75.875,68.085,453.05023,2309.59291,8321.61601,9.78084,8.88839,8.16145,0.16892,0.03008,0.00765,-0.01393,3,12,3.0,226.0,0.0,0.6,0.55,0.56,-0.02502,-0.00177,-0.20622,0.07228,0.29788,0.16267,0.19981,0.35
1773759600,2026-03-17T15:00:00,V2,DISC,flip,1,-8.8528,-1.0009,0,12.6,0.19349,0.13025,28.07937,35.09921,12.97037,91.495,62.005,65.12,419.10621,1817.57628,7786.06645,9.08101,7.27037,7.5303,0.32323,0.02983,0.01825,-0.10306,2,9,3.5,226.0,0.0,0.6,0.55,0.56,-0.02503,-0.00177,-0.20622,0.07228,0.28551,0.12312,0.14134,0.25
1773760860,2026-03-17T15:21:00,V2,DISC,flip,-1,3.1144,0.8,1,12.6,0.19339,0.10548,12.35873,15.44841,16.12138,98.865,65.695,65.155,460.98917,1949.50878,7905.71021,9.70298,7.62412,7.5855,0.07692,0.0053,0.00431,-0.08078,3,10,2.33333,226.0,0.0,0.6,0.55,0.56,-0.02503,-0.00177,-0.20622,0.07228,0.28551,0.12312,0.14134,0.25
1773768120,2026-03-17T17:22:00,V2,DISC,flip,1,-9.9264,-1.0695,0,12.6,0.1949,0.15997,29.46429,36.83016,10.57932,61.235,70.885,64.65,285.05391,2110.6556,7800.09397,6.85244,8.10465,7.56953,0.0851,0.03063,0.01108,-0.04735,4,12,2.0,155.0,0.0,0.65,0.6,0.56,0.06537,-0.0017,-0.20506,0.07228,0.33053,0.2486,0.18615,0.3
1773791760,2026-03-17T23:56:00,V2,DISC,flip,-1,7.3494,0.8,1,12.6,0.20688,0.20644,29.16429,36.45556,8.25332,49.045,47.355,60.905,244.97626,1324.07014,7357.35512,5.41025,4.89127,7.14449,0.1603,0.05527,0.01659,0.01393,7,20,1.85714,155.0,0.0,0.7,0.55,0.54,-0.0281,-0.03909,-0.20831,0.07228,-0.05302,-0.14815,-0.13129,0.05
1773795720,2026-03-18T01:02:00,V2,DISC,flip,1,3.0546,0.8,1,12.6,0.21111,0.24457,12.12143,15.15159,6.96497,59.075,47.355,59.685,283.12614,1368.6564,7177.48288,5.67306,5.04134,6.94037,0.0079,0.0766,0.02359,0.00279,8,23,1.875,145.0,1.0,0.7,0.55,0.54,-0.0281,-0.03909,-0.20831,0.07228,-0.14336,-0.17174,-0.0551,0.1
1773797400,2026-03-18T01:30:00,V2,DISC,cont,1,-3.0132,-1.0057,0,12.6,0.21351,0.23827,9.51111,11.88889,7.13793,52.49,47.15,59.015,252.80235,1373.45608,6979.80499,5.15154,5.07885,6.62435,0.16636,0.0521,0.03458,-0.0195,8,24,2.0,145.0,29.0,0.7,0.55,0.54,-0.0281,-0.03909,-0.20831,0.07228,-0.14396,-0.23647,-0.14012,0.1
1773799740,2026-03-18T02:09:00,V2,DISC,cont,1,4.1514,0.8,1,12.6,0.21719,0.27414,16.47381,20.59206,6.18881,47.275,46.88,58.015,228.42172,1376.58554,6823.89037,5.01276,5.1234,6.50385,0.16853,0.02006,0.01959,-0.00279,8,26,2.25,145.0,68.0,0.7,0.6,0.54,0.06239,-0.03909,-0.20831,0.07228,-0.05294,-0.06133,0.04894,0.15
1773809340,2026-03-18T04:49:00,V2,DISC,flip,-1,-1.6632,-1.0113,0,12.6,0.23635,0.35024,5.22063,6.52619,4.8486,33.465,45.96,53.31,157.10278,1321.68636,6390.36129,3.12888,4.75454,6.11146,0.25945,0.00343,0.00027,0.01393,8,28,2.5,145.0,0.0,0.6,0.7,0.56,0.25496,-0.0031,-0.1182,0.07236,-0.12422,-0.16487,0.08121,0.15
1773811560,2026-03-18T05:26:00,V2,DISC,cont,-1,2.8867,0.8,1,12.6,0.23857,0.37348,11.45556,14.31905,4.54955,34.85,44.105,52.815,157.91602,1283.68189,6347.38503,3.19982,4.56487,6.08277,0.16318,0.00703,0.00552,-0.03621,8,29,2.625,145.0,37.0,0.6,0.7,0.56,0.25496,-0.0031,-0.1182,0.07236,-0.11977,-0.17559,0.03796,0.15
1773812940,2026-03-18T05:49:00,V2,DISC,cont,-1,1.1288,0.8,1,12.6,0.2405,0.34662,4.47937,5.59921,4.91125,35.8,43.915,52.39,161.81123,1254.87231,6275.86933,3.45787,4.48816,6.01439,0.15145,0.00493,0.0027,-0.02507,8,29,2.625,145.0,60.0,0.6,0.7,0.56,0.25496,-0.0031,-0.1182,0.07236,-0.11977,-0.17559,0.03796,0.15
1773814320,2026-03-18T06:12:00,V2,DISC,flip,1,1.0898,0.8,1,12.6,0.24317,0.31543,4.3246,5.40556,5.39051,38.335,43.425,51.815,169.43121,1208.73121,6198.51581,3.90746,4.36623,5.97572,0.16857,0.00618,0.00029,-0.01393,9,30,2.33333,121.0,0.0,0.6,0.7,0.56,0.25496,-0.0031,-0.1182,0.07236,-0.10904,-0.11123,0.10134,0.2
1773815040,2026-03-18T06:24:00,V2,DISC,cont,1,-3.4292,-1.0005,0,12.6,0.24376,0.29187,10.88095,13.60079,5.81801,42.01,43.14,51.69,177.7882,1182.64597,6184.11294,4.20661,4.2677,5.9738,0.00678,0.05467,0.00017,-0.01393,9,32,2.55556,121.0,12.0,0.6,0.7,0.56,0.25496,-0.0031,-0.1182,0.07236,0.01095,-0.13511,0.02001,0.2
1773816960,2026-03-18T06:56:00,V2,DISC,flip,-1,2.121,0.8,1,12.6,0.24545,0.31909,8.41667,10.52063,5.33606,37.285,40.685,51.335,171.17972,1130.22748,6128.31465,3.7345,4.09767,5.9166,0.07365,0.01365,0.00171,-0.01393,10,33,2.3,85.0,0.0,0.6,0.7,0.54,0.25441,-0.03933,-0.20876,0.07236,0.04317,-0.0323,-0.07497,0.2
1773818520,2026-03-18T07:22:00,V2,DISC,cont,-1,2.2544,0.8,1,12.6,0.24711,0.32323,8.94603,11.18254,5.27721,37.285,39.665,50.99,180.81555,1107.66651,6109.23147,3.87676,4.0097,5.89347,0.15398,0.01349,0.01197,0.00279,10,35,2.5,85.0,26.0,0.6,0.7,0.54,0.25441,-0.03933,-0.20876,0.07236,0.04317,-0.0323,-0.07497,0.2
1773821580,2026-03-18T08:13:00,V2,DISC,flip,1,1.9726,0.8,1,12.6,0.24701,0.2439,7.82778,9.78492,6.97909,41.56,38.45,51.01,191.1482,1068.89792,6048.61992,4.0789,3.82407,5.84517,0.05817,0.03189,0.00553,0.04178,11,38,2.45455,85.0,12.0,0.65,0.7,0.56,0.25441,-0.00318,-0.11822,0.07236,0.20363,0.12427,-0.08058,0.25
1773826560,2026-03-18T09:36:00,V2,DISC,cont,1,-2.236,-1.0227,0,12.6,0.2538,0.38223,6.94127,8.67619,4.44044,34.545,36.53,49.645,145.52682,1001.39163,5887.70159,3.39451,3.65998,5.71696,0.18515,0.05254,0.00018,0.02507,11,41,2.72727,85.0,95.0,0.6,0.75,0.54,0.34561,-0.03919,-0.11822,0.16748,0.20702,0.14862,-0.02647,0.25
1773828300,2026-03-18T10:05:00,V2,DISC,flip,-1,-1.8852,-1.0034,0,12.6,0.25602,0.37454,5.96429,7.45556,4.53912,32.485,36.53,49.215,138.68157,981.08343,5868.26931,3.11707,3.61624,5.69722,0.01192,0.04404,0.00572,0.00836,11,41,2.72727,85.0,124.0,0.6,0.75,0.54,0.34561,-0.03919,-0.11822,0.16748,0.20702,0.14862,-0.02647,0.25
1773830100,2026-03-18T10:35:00,V2,DISC,cont,-1,3.9064,0.8,1,12.6,0.25862,0.31782,15.50159,19.37698,5.35519,31.555,35.61,48.72,161.30555,994.52621,5802.39232,3.63912,3.67941,5.61403,0.11293,0.02819,0.00671,-0.01393,12,41,2.41667,85.0,0.0,0.6,0.75,0.56,0.34561,-0.00275,-0.02809,0.16748,0.19948,0.06092,-0.10441,0.25
1773831960,2026-03-18T11:06:00,V2,DISC,cont,-1,-3.7118,-1.0091,0,12.6,0.26028,0.23868,11.67778,14.59683,7.15621,36.22,37.045,48.41,180.86722,1019.33384,5803.22201,3.97627,3.77254,5.60598,0.25247,0.06127,0.00309,-0.03621,12,42,2.5,85.0,31.0,0.6,0.75,0.56,0.34561,-0.00275,-0.02809,0.16748,0.17255,-0.00456,-0.08759,0.3
1773833340,2026-03-18T11:29:00,V2,DISC,cont,-1,7.3445,0.8,1,12.6,0.25955,0.17925,29.14444,36.43095,9.54685,47.585,37.925,48.545,235.51667,1064.27848,5837.31088,5.56404,4.09246,5.65129,0.32747,0.05961,0.00903,-0.0195,12,43,2.58333,85.0,54.0,0.6,0.75,0.56,0.34561,-0.00275,-0.02809,0.16748,0.17255,-0.00456,-0.08759,0.3
1773856800,2026-03-18T18:00:00,V2,DISC,flip,1,-6.6952,-1.0178,0,12.6,0.2483,0.16119,20.88413,26.10476,10.88726,60.805,79.525,50.745,324.81645,2223.09135,6168.28124,6.90699,8.21847,5.98226,0.20382,0.07423,0.06081,0.00279,9,43,3.77778,85.0,445.0,0.5,0.6,0.54,0.07385,-0.03783,-0.02777,0.16693,0.03779,-0.01757,0.39263,0.55
1773859800,2026-03-18T18:50:00,V2,DISC,flip,-1,4.5661,0.8,1,12.6,0.2454,0.14261,18.11905,22.64921,12.37701,88.465,79.385,51.345,396.05677,2245.06417,6323.05399,8.99064,8.25693,6.12773,0.08584,0.06077,0.07428,0.03621,9,40,3.44444,85.0,495.0,0.5,0.6,0.54,0.07385,-0.03783,-0.02777,0.16693,0.03779,-0.01757,0.39263,0.55
1773864120,2026-03-18T20:02:00,V2,DISC,cont,-1,8.1672,0.8,1,12.6,0.23936,0.17571,32.40952,40.5119,10.10562,70.52,77.355,52.64,284.20606,2166.96197,6480.12104,6.13397,8.06475,6.27361,0.1626,0.07,0.07661,-0.03621,8,38,3.75,85.0,567.0,0.5,0.6,0.54,0.073,-0.0377,-0.01917,0.16693,0.03779,-0.01757,0.39263,0.55
1773928140,2026-03-19T13:49:00,V2,DISC,flip,1,4.7979,0.8,1,12.6,0.21951,0.07979,19.03968,23.79921,22.59949,109.5,58.915,57.4,452.32761,1870.35668,7206.91109,10.94304,7.18147,6.92093,0.11557,0.01294,0.04695,-0.00279,1,10,9.0,85.0,0.0,0.45,0.65,0.56,0.16648,-0.00161,0.07404,0.16693,-0.07373,-0.0686,0.22211,0.45
1773931080,2026-03-19T14:38:00,V2,DISC,flip,-1,-4.676,-1.0029,0,12.6,0.219,0.12509,14.80159,18.50159,14.57552,115.44,62.85,57.535,571.38322,2076.63098,7354.18961,13.34289,8.1049,7.05685,0.05093,0.06318,0.052,0.04178,2,7,2.5,83.0,0.0,0.45,0.65,0.56,0.16648,-0.00161,0.07404,0.16693,-0.04704,-0.08648,0.20705,0.45
1773931860,2026-03-19T14:51:00,V2,DISC,flip,1,4.616,0.8,1,12.6,0.219,0.12507,18.31746,22.89683,14.49611,107.21,64.065,57.535,546.21526,2081.67235,7358.99671,11.93865,8.14969,7.10066,0.11035,0.03339,0.04009,0.03621,3,8,1.66667,65.0,0.0,0.45,0.65,0.56,0.16648,-0.00161,0.07404,0.16693,-0.04704,-0.08648,0.20705,0.45
1773934560,2026-03-19T15:36:00,V2,DISC,flip,-1,-3.098,-1.015,0,12.6,0.21784,0.14764,9.68968,12.1119,12.33698,91.52,68.805,57.84,466.97824,2173.46744,7355.20035,9.68077,8.39922,7.0394,0.01199,0.07193,0.04202,0.02507,3,9,2.0,65.0,45.0,0.45,0.65,0.56,0.16648,-0.00161,0.07404,0.16693,-0.14446,-0.05954,0.01671,0.4
1773934860,2026-03-19T15:41:00,V2,DISC,cont,-1,-6.8808,-1.0006,0,12.6,0.2178,0.12802,21.83095,27.28889,14.2616,91.52,69.62,57.85,487.8727,2217.96084,7410.55102,10.22991,8.56447,7.09072,0.07457,0.09,0.04586,0.02507,4,10,1.5,65.0,0.0,0.45,0.65,0.56,0.16648,-0.00161,0.07404,0.16693,-0.14446,-0.05954,0.01671,0.4
1773938400,2026-03-19T16:40:00,V2,DISC,flip,1,-8.9554,-1.043,0,12.6,0.21601,0.13574,27.25873,34.07302,13.34068,90.395,81.22,58.33,461.92183,2399.13011,7462.94236,10.0008,9.16138,7.20909,0.11527,0.03831,0.03208,0.0195,5,11,1.2,59.0,0.0,0.45,0.6,0.58,0.07633,0.03478,0.16406,0.16693,-0.11706,-0.11566,-0.0352,0.4
1773940980,2026-03-19T17:23:00,V2,DISC,cont,1,9.2179,0.8,1,12.6,0.2126,0.11941,36.57937,45.72381,15.15033,84.535,86.635,59.265,407.53337,2521.48478,7558.2989,8.51568,9.4746,7.29705,0.08035,0.02998,0.03445,0.03064,5,12,1.4,59.0,43.0,0.5,0.65,0.58,0.16662,0.03478,0.16407,0.16693,-0.14941,-0.08583,-0.02069,0.4
1773947880,2026-03-19T19:18:00,V2,DISC,flip,1,-6.3638,-1.0384,0,12.6,0.21646,0.08372,19.45556,24.31984,21.34259,58.045,86.295,58.21,408.76198,2586.34709,7405.77552,9.99301,9.91541,7.29776,0.2536,0.06668,0.01764,0.00836,5,15,2.0,59.0,158.0,0.55,0.55,0.56,-0.01575,-0.00206,0.07181,0.16718,-0.07618,-0.04384,-0.22466,0.3
1773952800,2026-03-19T20:40:00,V2,DISC,cont,1,-9.2256,-1.0505,0,12.6,0.2193,0.23607,27.87937,34.84921,7.56248,50.525,76.54,57.455,273.16035,2315.02738,7339.44623,6.13744,8.7193,7.24548,0.10408,0.07914,0.01179,0.01393,5,15,2.0,59.0,240.0,0.55,0.55,0.56,-0.01575,-0.00206,0.07181,0.25749,-0.10479,-0.08675,-0.32779,0.25
1773963420,2026-03-19T23:37:00,V2,DISC,flip,-1,-7.4674,-1.0037,0,12.6,0.21951,0.23799,23.61825,29.52302,7.57215,46.65,53.65,57.4,217.08309,1684.81318,7415.37797,4.43759,6.74836,7.26316,0.05793,0.03359,0.02722,0.02507,6,16,1.66667,59.0,0.0,0.55,0.5,0.56,-0.11017,-0.00366,-0.02011,0.16497,-0.08992,-0.07202,-0.29762,0.25
1773970200,2026-03-20T01:30:00,V2,DISC,flip,1,-3.4574,-1.0108,0,12.6,0.2154,0.23181,10.85873,13.57381,7.71127,53.01,49.565,58.495,237.53248,1466.76724,7427.93329,5.13496,5.71169,7.35185,0.21671,0.02211,0.01159,0.0195,7,17,1.42857,65.0,0.0,0.55,0.5,0.56,-0.11017,-0.00366,-0.02011,0.16497,-0.08943,-0.07774,-0.32937,0.2
1773973320,2026-03-20T02:22:00,V2,DISC,flip,-1,1.1064,0.8,1,12.6,0.21603,0.28142,4.39048,5.4881,6.37396,43.425,46.895,58.325,203.54906,1357.98694,7387.63425,4.48666,5.19872,7.30662,0.09639,0.01618,0.0183,0.01393,8,18,1.25,59.0,0.0,0.55,0.45,0.54,-0.20035,-0.03973,-0.11029,0.16497,-0.08465,-0.0822,-0.39925,0.15
1773976740,2026-03-20T03:19:00,V2,DISC,flip,1,2.127,0.8,1,12.6,0.21507,0.28625,8.44048,10.55079,6.24239,42.73,48.605,58.585,236.65788,1406.42237,7415.18511,4.97116,5.32976,7.31149,0.14335,0.00865,0.02033,0.04735,9,19,1.11111,57.0,0.0,0.55,0.45,0.54,-0.20035,-0.03973,-0.11029,0.16497,-0.00986,-0.01946,-0.57894,0.1
1773979620,2026-03-20T04:07:00,V2,DISC,cont,1,-7.4382,-1.0072,0,12.6,0.21522,0.22663,23.44444,29.30556,7.83717,46.25,48.785,58.545,263.62708,1450.59174,7346.86855,6.22438,5.58319,7.2622,0.26184,0.05651,0.00383,0.05292,9,20,1.22222,57.0,48.0,0.6,0.4,0.54,-0.29089,-0.03975,-0.20083,0.16497,-0.0036,0.00611,-0.60529,0.1
1773986400,2026-03-20T06:00:00,V2,DISC,flip,-1,-2.1428,-1.0115,0,12.6,0.2154,0.277,6.7254,8.40635,6.45011,43.675,46.59,58.495,215.66839,1425.94674,7414.31756,4.54349,5.30772,7.27496,0.13732,0.06112,0.00613,0.00279,9,20,1.22222,57.0,161.0,0.65,0.45,0.58,-0.19976,0.03733,-0.11079,0.16497,-0.01054,-0.00314,-0.63131,0.1
1773987000,2026-03-20T06:10:00,V2,DISC,cont,-1,2.4616,0.8,1,12.6,0.21568,0.22778,9.76825,12.21032,7.8464,43.38,45.305,58.42,221.80126,1403.48359,7411.01701,4.36546,5.17893,7.26936,0.20243,0.03829,0.00703,0.00836,10,21,1.1,57.0,0.0,0.6,0.45,0.58,-0.19995,0.03725,-0.11079,0.07461,-0.01054,-0.00314,-0.63131,0.1
1773988800,2026-03-20T06:40:00,V2,DISC,cont,-1,-3.6682,-1.0129,0,12.6,0.21592,0.22973,11.49683,14.37143,7.79522,43.01,44.69,58.355,202.88957,1340.08481,7369.5149,4.09522,4.94049,7.24374,0.19164,0.0126,0.00664,-0.00279,10,23,1.3,57.0,30.0,0.6,0.45,0.58,-0.19995,0.03725,-0.11079,0.07461,-0.00926,-0.01466,-0.60311,0.15
1773990000,2026-03-20T07:00:00,V2,DISC,cont,-1,-4.3462,-1.0078,0,12.6,0.21592,0.24956,13.69048,17.11349,7.17935,41.475,44.515,58.355,205.38865,1346.33036,7377.75645,4.75142,5.02477,7.26459,0.13769,0.00446,0.00384,-0.00836,10,24,1.4,57.0,50.0,0.6,0.45,0.58,-0.19995,0.03725,-0.11079,0.07461,-0.03134,-0.01464,-0.62571,0.15
1773991980,2026-03-20T07:33:00,V2,DISC,flip,1,3.255,0.8,1,12.6,0.2193,0.19179,12.91667,16.14603,9.29596,46.005,44.4,57.455,270.6429,1403.77796,7202.82986,6.49607,5.2978,7.10065,0.1147,0.0202,0.01325,0.03621,10,23,1.3,57.0,83.0,0.6,0.45,0.58,-0.19995,0.03725,-0.11079,0.07461,0.0252,-0.013,-0.54564,0.15
1773994020,2026-03-20T08:07:00,V2,DISC,cont,1,3.4773,0.8,1,12.6,0.22041,0.21797,13.79841,17.24841,8.14374,52.51,44.74,57.165,274.23408,1419.51822,7143.76802,5.8231,5.34483,7.07867,0.33784,0.05624,0.01608,0.01393,11,24,1.18182,59.0,0.0,0.65,0.4,0.58,-0.29052,0.03702,-0.10789,0.07461,0.0252,-0.013,-0.54564,0.15
1773998640,2026-03-20T09:24:00,V2,DISC,flip,-1,-4.0818,-1.0108,0,12.6,0.22129,0.18354,12.81984,16.0246,9.74612,50.34,47.975,56.94,284.07398,1543.33597,7181.00788,5.93586,5.85621,7.05482,0.4038,0.00748,0.00329,-0.01393,12,25,1.08333,77.0,0.0,0.6,0.4,0.54,-0.29022,-0.03539,-0.10789,-0.01585,0.07071,0.04094,-0.43672,0.2
1774001220,2026-03-20T10:07:00,V2,DISC,cont,-1,-6.01,-1.0015,0,12.6,0.22295,0.22489,19.05,23.8127,7.95693,52.13,48.195,56.515,272.9268,1519.35423,7142.12698,6.26879,5.65797,7.03453,0.25332,0.04912,0.00074,-0.01393,12,26,1.16667,77.0,43.0,0.6,0.4,0.56,-0.29022,0.00087,-0.10789,-0.01585,0.10947,0.07474,-0.32658,0.2
1774010460,2026-03-20T12:41:00,V2,DISC,flip,-1,6.0392,0.8,1,12.6,0.22059,0.22043,23.96508,29.95635,8.13416,48.745,51.32,57.12,230.26371,1665.26025,7234.86033,4.74493,6.1112,7.08412,0.04107,0.01186,0.01207,0.01393,14,29,1.07143,101.0,0.0,0.55,0.35,0.54,-0.38068,-0.03515,-0.19843,-0.10592,0.08423,0.0846,-0.27643,0.2
1774015020,2026-03-20T13:57:00,V2,DISC,cont,-1,8.3363,0.8,1,12.6,0.22508,0.10832,33.08095,41.35079,16.65267,81.83,55.855,55.98,441.19679,1850.86657,7210.92638,9.99616,6.87273,6.96218,0.15077,0.07726,0.00173,-0.04735,13,27,1.07692,101.0,76.0,0.55,0.35,0.54,-0.38068,-0.03515,-0.19843,-0.10592,0.09767,0.09788,-0.22712,0.2
1774036980,2026-03-20T20:03:00,V2,DISC,flip,1,-2.2918,-1.0584,0,12.6,0.22738,0.18292,6.8746,8.59286,9.81381,64.785,74.975,55.415,331.46863,2341.5632,7019.06046,6.7369,8.71621,6.72094,0.13501,0.01989,0.00165,0.03064,10,22,1.2,101.0,0.0,0.5,0.4,0.54,-0.28993,-0.03515,-0.10786,-0.01564,0.05577,0.00994,-0.34178,0.2
1774038600,2026-03-20T20:30:00,V2,DISC,flip,-1,2.0067,0.8,1,12.6,0.22699,0.23806,7.96349,9.95397,7.57124,60.025,71.31,55.51,314.25997,2218.76247,7050.52678,6.70919,8.28898,6.72975,0.02547,0.00523,0.00901,0.02507,11,24,1.18182,96.0,0.0,0.5,0.4,0.54,-0.28993,-0.03515,-0.10786,-0.01564,0.05577,0.00994,-0.34178,0.2
1774040400,2026-03-20T21:00:00,V2,DISC,flip,1,-1.821,-1.0174,0,12.6,0.22577,0.27093,5.68175,7.10238,6.63602,53.515,66.935,55.81,262.12067,2043.36001,7039.84121,5.89256,7.77854,6.73389,0.05189,0.01594,0.00828,0.04735,12,24,1.0,96.0,0.0,0.5,0.4,0.54,-0.28993,-0.03515,-0.10786,-0.01564,0.02706,-0.26399,-0.53283,0.2
1774041000,2026-03-20T21:10:00,V2,DISC,flip,-1,-1.8826,-1.0169,0,12.6,0.22577,0.31288,5.87778,7.34683,5.75769,49.485,65.5,55.81,246.05361,2024.79566,7067.18689,5.38768,7.71395,6.73747,0.14936,0.02515,0.01445,0.02507,13,25,0.92308,96.0,0.0,0.5,0.4,0.54,-0.28993,-0.03515,-0.10786,-0.01564,0.02706,-0.26399,-0.53283,0.2
1774044180,2026-03-20T22:03:00,V2,DISC,flip,1,5.8758,0.8,1,12.6,0.22269,0.20679,23.31667,29.14603,8.61382,50.635,62.56,56.58,309.39544,1888.60865,7104.87049,8.64335,7.31167,6.91265,0.33405,0.05954,0.00754,0.05292,13,25,0.92308,96.0,53.0,0.55,0.4,0.52,-0.29282,-0.07232,-0.20078,-0.01564,-0.11421,-0.58217,-0.55356,0.2
1774134120,2026-03-21T23:02:00,V2,DISC,flip,-1,4.7749,0.8,1,9.8,0.37505,0.3313,24.36122,30.45204,4.21291,24.045,24.625,26.13,110.74905,756.28386,3177.968,2.25266,2.68655,2.97729,0.08722,0.01904,0.0208,-0.09497,1,2,1.0,77.0,0.0,0.65,0.45,0.5,-0.19794,-0.10899,-0.20144,-0.01564,-0.10155,-0.61161,-0.60554,0.15
1774182120,2026-03-22T12:22:00,V2,DISC,flip,1,2.064,0.8,1,9.8,0.29399,0.15192,10.53061,13.16327,9.40845,55.725,37.73,33.335,314.50005,1256.97927,4717.52854,7.21934,4.91525,5.16156,0.04402,0.06694,0.06557,-0.08635,1,4,3.0,77.0,797.0,0.65,0.5,0.52,-0.10776,-0.0716,-0.20144,-0.01564,0.06619,0.03891,0.05375,0.15
1774184520,2026-03-22T13:02:00,V2,DISC,cont,1,-6.3554,-1.0005,0,9.8,0.28447,0.15458,25.92653,32.40816,9.20603,48.265,40.64,34.45,287.25851,1357.74881,4820.57597,6.29383,5.23612,5.24415,0.30966,0.03392,0.05515,-0.08078,1,4,3.0,77.0,837.0,0.65,0.5,0.52,-0.10776,-0.0716,-0.20144,-0.01564,0.06619,0.03891,0.05375,0.15
1774207740,2026-03-22T19:29:00,V2,DISC,flip,-1,5.3622,0.8,1,9.8,0.26685,0.20041,27.35816,34.19796,7.16289,46.61,36.005,36.725,241.92923,1137.86454,5096.41561,5.03466,4.14039,5.37926,0.25849,0.06719,0.06128,-0.03064,1,3,2.0,77.0,1224.0,0.6,0.5,0.5,-0.10724,-0.10761,-0.20144,-0.10566,0.06619,0.03891,0.05375,0.15
1774242000,2026-03-23T05:00:00,V2,DISC,flip,1,-11.8052,-1.0085,0,9.8,0.21783,0.15888,47.77653,59.72041,8.987,46.43,59.135,44.99,231.51497,1844.91644,5888.22416,4.97657,6.82595,5.89237,0.33072,0.02829,0.01677,0.03621,0,2,2.0,77.0,1795.0,0.6,0.5,0.52,-0.10724,-0.07149,-0.1113,-0.10566,0.07754,0.10555,0.06849,0.15
1774249380,2026-03-23T07:03:00,V2,DISC,cont,-1,-5.7514,-1.0,0,9.8,0.20423,0.12384,23.47551,29.34388,11.70127,67.31,57.16,47.985,379.37127,1891.79782,6407.99601,8.90548,7.02721,6.29266,0.4255,0.00051,0.03621,0.06964,0,2,2.0,77.0,1918.0,0.65,0.5,0.5,-0.10731,-0.10766,-0.20172,-0.10566,0.07754,0.10555,0.06849,0.15
1774252500,2026-03-23T07:55:00,V2,DISC,flip,1,-2.3198,-1.006,0,9.8,0.1974,0.14051,9.41224,11.76531,10.19481,74.22,58.645,49.645,432.79379,1935.34411,6577.59386,9.80045,7.45774,6.54316,0.19271,0.03767,0.01279,0.08635,0,2,2.0,77.0,1970.0,0.65,0.5,0.5,-0.10731,-0.10766,-0.20172,-0.10566,0.07754,0.10555,0.06849,0.15
1774252920,2026-03-23T08:02:00,V2,DISC,cont,1,2.6429,0.8,1,9.8,0.19736,0.1383,13.48367,16.8551,10.35447,77.92,59.315,49.655,433.33289,1960.03875,6574.28002,9.72257,7.50756,6.5366,0.24616,0.0392,0.00599,0.09192,0,2,2.0,77.0,1977.0,0.65,0.5,0.5,-0.10731,-0.10766,-0.20172,-0.10566,0.07754,0.10555,0.06849,0.15
1774257840,2026-03-23T09:24:00,V2,DISC,flip,-1,2.4318,0.8,1,9.8,0.19534,0.17453,12.40714,15.50918,8.23551,57.57,60.435,50.17,274.93161,1930.3603,6634.02489,5.90256,7.38085,6.56989,0.15671,0.00087,0.01093,0.10864,0,2,2.0,77.0,2059.0,0.6,0.5,0.5,-0.10673,-0.10744,-0.20172,-0.19566,0.07754,0.10555,0.06849,0.15
1774258380,2026-03-23T09:33:00,V2,DISC,cont,-1,-4.1816,-1.0491,0,9.8,0.19549,0.16298,16.26837,20.33571,8.83566,55.905,60.315,50.13,275.88432,1943.75664,6644.99583,5.81848,7.39523,6.56795,0.25207,0.00635,0.01294,0.12535,0,2,2.0,77.0,2068.0,0.6,0.5,0.5,-0.10673,-0.10744,-0.20172,-0.19566,0.07754,0.10555,0.06849,0.15
1774260120,2026-03-23T10:02:00,V2,DISC,flip,1,1.7414,0.8,1,9.8,0.1918,0.16963,8.88469,11.10612,8.44843,52.005,61.475,51.095,303.46156,1972.3861,6702.95202,6.85093,7.55818,6.64339,0.00635,0.02459,0.00909,0.11978,0,2,2.0,77.0,2097.0,0.65,0.5,0.48,-0.10639,-0.14356,-0.20127,-0.19566,0.07754,0.10555,0.06849,0.15
1774263900,2026-03-23T11:05:00,V2,DISC,cont,1,27.8563,0.8,1,9.8,0.18576,0.06421,142.12449,177.6551,21.82139,51.225,63.065,52.755,454.34386,2153.22458,6857.63335,26.41965,13.06364,8.55411,0.46123,0.08337,0.02752,0.08635,0,2,2.0,77.0,2160.0,0.65,0.5,0.48,-0.10639,-0.14356,-0.20127,-0.19566,0.07754,0.10555,0.06849,0.15
1774279080,2026-03-23T15:18:00,V2,DISC,flip,-1,8.5582,0.8,1,9.8,0.1597,0.11402,43.66429,54.58061,12.08791,94.855,98.395,61.365,421.44626,3445.9157,8483.98295,8.62258,17.12031,10.47963,0.16572,0.11687,0.03714,-0.00279,2,4,1.0,87.0,0.0,0.65,0.55,0.48,-0.01791,-0.14453,-0.0172,-0.1981,0.04819,0.10749,0.12226,0.15
1774281180,2026-03-23T15:53:00,V2,DISC,cont,-1,-9.4266,-1.004,0,9.8,0.15472,0.07117,38.32041,47.90102,19.56832,96.475,106.045,63.34,445.81056,3591.21919,8757.75545,9.4034,17.3179,10.60013,0.27184,0.08684,0.02553,-0.01393,2,6,2.0,87.0,35.0,0.65,0.55,0.48,-0.01791,-0.14453,-0.0172,-0.1981,0.04056,0.13746,0.16123,0.2
1774292700,2026-03-23T19:05:00,V2,DISC,flip,1,-6.278,-1.0012,0,9.8,0.13862,0.14353,25.59286,31.99082,9.59604,71.015,90.545,70.695,315.57148,2421.63383,9238.40417,6.42517,8.80315,10.84451,0.00211,0.02906,0.04012,-0.03064,3,7,1.33333,87.0,0.0,0.65,0.55,0.48,-0.01804,-0.14415,0.07299,-0.19716,0.05893,0.18805,0.26782,0.2
1774295400,2026-03-23T19:50:00,V2,DISC,flip,-1,4.7773,0.8,1,9.8,0.13757,0.19356,24.37347,30.46735,7.15508,56.52,85.72,71.235,275.47107,2289.10224,9315.55989,6.09187,8.40142,10.8605,0.16464,0.03099,0.03904,-0.03064,4,8,1.0,57.0,0.0,0.65,0.55,0.48,-0.01804,-0.14415,0.07299,-0.19716,0.02079,0.14527,0.24454,0.2
1774332300,2026-03-24T06:05:00,V2,DISC,flip,1,2.3928,0.8,1,9.8,0.15328,0.22628,12.20816,15.2602,6.15315,47.305,49.045,63.935,229.67576,1469.03634,8498.32719,5.02393,5.62429,10.26839,0.14204,0.04626,0.02925,0.00836,5,13,1.6,87.0,0.0,0.7,0.55,0.48,-0.01518,-0.14411,0.07347,-0.19716,0.04249,0.39863,0.62271,0.2
1774335840,2026-03-24T07:04:00,V2,DISC,cont,1,2.0019,0.8,1,9.8,0.15751,0.22773,10.21429,12.76735,6.09928,39.4,46.2,62.22,186.50633,1327.48703,8302.23288,3.98793,5.07198,10.12422,0.17682,0.0018,0.04978,0.03064,5,17,2.4,87.0,59.0,0.7,0.55,0.48,-0.01518,-0.14411,0.07347,-0.19716,0.13811,0.66194,0.66591,0.15
1774338660,2026-03-24T07:51:00,V2,DISC,cont,1,3.6424,0.8,1,9.8,0.15941,0.17712,18.58367,23.22959,7.79146,55.335,45.925,61.475,243.20468,1267.32899,8107.33682,5.22251,4.69982,9.99466,0.34513,0.05777,0.04579,0.07521,5,18,2.6,87.0,106.0,0.7,0.55,0.48,-0.01518,-0.14411,0.07347,-0.19716,0.21652,1.04213,1.22357,0.3
1774358340,2026-03-24T13:19:00,V2,DISC,flip,-1,4.5278,0.8,1,9.8,0.17744,0.1185,23.10102,28.87653,11.71374,47.765,47.05,55.23,275.23049,1523.12192,6677.969,5.87335,5.45226,6.34552,0.21992,0.02693,0.00313,0.08078,6,19,2.16667,227.0,0.0,0.6,0.65,0.52,0.16654,-0.07157,0.07347,-0.1067,0.01924,0.43512,0.52877,0.25
1774361520,2026-03-24T14:12:00,V2,DISC,cont,-1,9.8358,0.8,1,9.8,0.17828,0.07575,50.18265,62.72857,18.52547,94.185,49.815,54.97,438.89747,1677.70302,6619.12283,9.41534,6.17401,6.19457,0.31697,0.10974,0.03775,0.08078,5,19,2.8,227.0,53.0,0.6,0.65,0.52,0.16654,-0.07157,0.07347,-0.1067,0.05512,0.48901,0.6479,0.35
1774377060,2026-03-24T18:31:00,V2,DISC,flip,1,2.3832,0.8,1,9.8,0.18199,0.13814,12.15918,15.19898,10.21066,69.255,79.405,53.85,303.24838,2328.05883,6605.31536,6.89616,8.67082,6.27399,0.13967,0.0958,0.03328,-0.07521,5,22,3.4,312.0,0.0,0.55,0.65,0.52,0.16654,-0.07157,0.16404,-0.10671,0.01686,0.41212,0.44085,0.25
1774383660,2026-03-24T20:21:00,V2,DISC,cont,1,8.7934,0.8,1,9.8,0.1839,0.16402,44.86429,56.08061,8.56617,42.09,68.585,53.29,239.30355,2065.85525,6516.0178,5.77547,7.98404,6.26081,0.0858,0.01265,0.02203,-0.08635,3,21,6.0,312.0,110.0,0.55,0.65,0.52,0.16654,-0.07157,0.16404,-0.10671,0.05122,0.38559,0.41812,0.25
1774440960,2026-03-25T12:16:00,V2,DISC,flip,-1,5.1485,0.8,1,9.8,0.18661,0.16338,26.26735,32.83469,8.39049,59.16,41.84,52.515,284.70652,1345.0568,6596.23244,6.68324,5.321,6.56795,0.05882,0.03535,0.00999,-0.00836,3,20,5.66667,434.0,0.0,0.55,0.7,0.54,0.25656,-0.03551,0.16404,-0.1067,0.17051,0.09699,-0.10594,0.15
1774445760,2026-03-25T13:36:00,V2,DISC,flip,1,-3.552,-1.0134,0,9.8,0.18366,0.12419,14.30714,17.88367,10.97585,58.96,50.7,53.36,316.81681,1561.94081,6649.77595,8.2992,6.3525,6.70692,0.25122,0.06491,0.02633,0.00279,2,19,8.5,434.0,80.0,0.55,0.7,0.54,0.25656,-0.03551,0.16404,-0.1067,0.16805,0.09746,-0.04847,0.2
1774446600,2026-03-25T13:50:00,V2,DISC,flip,-1,3.7544,0.8,1,9.8,0.18366,0.09332,19.1551,23.94388,14.66751,71.21,52.02,53.36,364.00915,1597.87653,6651.56532,8.99116,6.42078,6.65333,0.11207,0.05539,0.0298,-0.00279,2,18,8.0,434.0,94.0,0.55,0.7,0.54,0.25656,-0.03551,0.16404,-0.1067,0.16805,0.09746,-0.04847,0.2
1774447860,2026-03-25T14:11:00,V2,DISC,cont,-1,4.8517,0.8,1,9.8,0.18411,0.07664,24.75306,30.94184,17.9216,96.885,55.265,53.23,368.93272,1687.88258,6653.05606,8.00376,6.74236,6.63421,0.13263,0.04346,0.02809,0.0195,2,18,8.0,434.0,115.0,0.55,0.7,0.54,0.25656,-0.03551,0.16404,-0.1067,0.16805,0.09746,-0.04847,0.2
1774520100,2026-03-26T10:15:00,V2,DISC,flip,1,-3.1502,-1.0252,0,9.8,0.20429,0.18673,12.54184,15.67755,7.53969,50.1,44.095,47.97,287.73686,1389.46201,6135.51833,6.66505,5.33155,6.07966,0.17827,0.11442,0.04199,0.03911,2,10,4.0,434.0,0.0,0.55,0.8,0.58,0.43662,0.03739,0.25683,-0.01668,0.15941,0.11464,-0.14255,0.1
1774524240,2026-03-26T11:24:00,V2,DISC,flip,-1,-6.2022,-1.0192,0,9.8,0.20491,0.16202,24.83878,31.04898,8.7239,38.56,45.68,47.825,179.09727,1378.91929,6114.51512,4.03794,5.25404,6.06201,0.25049,0.12957,0.0556,0.05587,3,10,2.33333,312.0,0.0,0.55,0.8,0.58,0.43662,0.03739,0.25683,-0.01668,0.17785,0.04859,-0.19104,0.1
1774844880,2026-03-30T04:28:00,V2,DISC,flip,1,3.8003,0.8,1,9.8,0.2804,0.13423,19.3898,24.23673,10.81049,50.99,71.215,34.95,263.29147,2515.84677,5319.23343,5.62554,11.53655,6.61307,0.18831,0.07011,0.02151,-0.06407,1,3,2.0,434.0,22.0,0.6,0.7,0.56,0.2544,0.00127,0.16548,-0.01668,0.14101,0.19287,0.24448,0.25
1774847340,2026-03-30T05:09:00,V2,DISC,cont,1,-2.876,-1.0253,0,9.8,0.27336,0.14663,11.44898,14.31122,9.87567,55.66,65.885,35.85,327.41547,2208.27053,5455.84872,7.02782,9.76284,6.70569,0.1469,0.11118,0.02767,-0.09749,1,5,4.0,434.0,63.0,0.6,0.7,0.56,0.2544,0.00127,0.16548,-0.01668,0.09264,0.10492,0.21907,0.2
1774851060,2026-03-30T06:11:00,V2,DISC,flip,-1,2.5014,0.8,1,9.8,0.26465,0.23117,12.76224,15.95306,6.29233,42.56,58.685,37.03,187.53579,2029.60199,5526.58898,3.83711,9.27217,6.72364,0.21336,0.11324,0.01572,-0.09192,1,5,4.0,434.0,125.0,0.6,0.7,0.56,0.2544,0.00127,0.16548,-0.01668,0.01556,0.03531,0.13916,0.2
1774854180,2026-03-30T07:03:00,V2,DISC,cont,-1,-3.6006,-1.008,0,9.8,0.26071,0.23774,14.57959,18.22449,6.13559,40.475,51.345,37.59,175.60081,1635.29574,5565.19026,3.69856,6.08632,6.73093,0.26059,0.06703,0.01734,-0.11421,1,5,4.0,434.0,177.0,0.65,0.75,0.58,0.34685,0.03828,0.25633,-0.01668,0.01556,0.03531,0.13916,0.2
1774857060,2026-03-30T07:51:00,V2,DISC,flip,1,4.6314,0.8,1,9.8,0.25597,0.18951,23.62959,29.53673,7.66113,41.76,48.855,38.285,226.85864,1543.67465,5623.302,5.04919,5.80404,6.77815,0.10975,0.08517,0.02232,-0.10864,1,5,4.0,434.0,225.0,0.6,0.7,0.58,0.25559,0.03785,0.25633,-0.10794,0.01556,0.03531,0.13916,0.2
1774878540,2026-03-30T13:49:00,V2,DISC,flip,-1,3.1146,0.8,1,9.8,0.23018,0.10908,15.89082,19.86327,13.29909,63.005,40.84,42.575,353.88562,1397.4207,6113.86767,7.82553,5.29251,7.0432,0.10828,0.01805,0.02399,-0.06964,2,9,3.5,583.0,0.0,0.65,0.7,0.58,0.25539,0.0379,0.25633,-0.10582,0.02207,0.03953,0.151,0.2
1774880340,2026-03-30T14:19:00,V2,DISC,cont,-1,5.2493,0.8,1,9.8,0.22683,0.11313,26.78163,33.47755,12.85805,79.795,41.15,43.205,414.0142,1371.68996,6188.15411,8.61131,5.10737,7.07021,0.18789,0.04674,0.01942,-0.04735,2,11,4.5,583.0,30.0,0.65,0.7,0.58,0.25539,0.0379,0.25633,-0.10582,0.02534,0.04059,0.21538,0.25
1774881300,2026-03-30T14:35:00,V2,DISC,cont,-1,-4.1628,-1.0051,0,9.8,0.22321,0.11571,16.9051,21.13163,12.61555,80.91,42.43,43.905,378.62332,1421.87291,6253.74045,7.66979,5.32418,7.11123,0.27724,0.05804,0.01439,-0.05292,2,12,5.0,583.0,46.0,0.65,0.7,0.58,0.25539,0.0379,0.25633,-0.10582,0.03772,0.0544,0.27089,0.3
1774900860,2026-03-30T20:01:00,V2,DISC,flip,1,2.2578,0.8,1,9.8,0.18943,0.1693,11.51939,14.39898,8.69995,59.95,61.39,51.735,287.11548,1848.53062,7087.46387,5.97438,6.48085,7.53127,0.03355,0.07709,0.0044,0.00836,3,18,5.0,583.0,0.0,0.55,0.7,0.6,0.25519,0.07418,0.25633,-0.10571,-0.10034,-0.14385,-0.14358,0.2
1774904940,2026-03-30T21:09:00,V2,DISC,cont,1,2.5923,0.8,1,9.8,0.18924,0.2699,13.22653,16.53265,5.4481,32.07,53.655,51.785,181.75508,1619.93874,7122.87944,3.71965,5.653,7.53871,0.05668,0.08496,0.00316,-0.03064,3,19,5.33333,583.0,68.0,0.55,0.7,0.6,0.25519,0.07418,0.25633,-0.10571,-0.09451,-0.12644,-0.15923,0.2
1774911660,2026-03-30T23:01:00,V2,DISC,flip,-1,3.527,0.8,1,9.8,0.19167,0.24263,17.9949,22.49388,6.06535,35.205,44.985,51.13,222.43186,1521.1571,6797.6258,5.31708,5.49849,6.86567,0.15115,0.07398,0.00998,-0.03621,4,21,4.25,434.0,13.0,0.6,0.7,0.62,0.25519,0.11043,0.25633,-0.10571,-0.15601,-0.11833,-0.13616,0.25
1774917480,2026-03-31T00:38:00,V2,DISC,flip,1,-2.2504,-1.008,0,9.8,0.20025,0.15857,9.11224,11.39082,9.24337,48.085,43.695,48.94,268.424,1428.25584,6309.0088,5.74678,5.23967,5.79545,0.10554,0.01823,0.01368,-0.07521,5,23,3.6,372.0,3.0,0.6,0.7,0.64,0.25519,0.14659,0.25633,-0.01506,-0.11923,-0.02725,-0.10926,0.3
1774919700,2026-03-31T01:15:00,V2,DISC,cont,1,5.9046,0.8,1,9.8,0.20029,0.14526,30.12551,37.65714,10.02373,65.215,44.11,48.93,368.7004,1452.49625,6277.76767,8.0305,5.55118,5.84468,0.2874,0.09729,0.02371,-0.02507,5,24,3.8,372.0,40.0,0.6,0.7,0.64,0.25519,0.14659,0.34675,-0.01506,-0.10873,0.35696,0.18816,0.4
1774920720,2026-03-31T01:32:00,V2,DISC,cont,1,5.1067,0.8,1,9.8,0.20012,0.08636,26.0551,32.56837,16.70367,75.925,44.315,48.97,430.0363,1508.94994,6265.7709,9.56227,5.98642,5.93261,0.40522,0.1651,0.03268,-0.01393,5,25,4.0,372.0,57.0,0.6,0.7,0.64,0.25519,0.14659,0.34675,-0.01506,-0.10873,0.35696,0.18816,0.4
1774930320,2026-03-31T04:12:00,V2,DISC,flip,-1,-3.67,-1.0033,0,9.8,0.20053,0.17609,14.93061,18.66327,8.23935,41.925,52.135,48.87,214.8026,1744.16391,6334.18137,4.37858,6.78584,5.95961,0.24087,0.07098,0.00469,0.04735,5,25,4.0,372.0,0.0,0.6,0.65,0.66,0.16479,0.18268,0.34665,0.07533,-0.03118,0.43366,0.32222,0.45
1774931220,2026-03-31T04:27:00,V2,DISC,cont,-1,5.0205,0.8,1,9.8,0.20096,0.15173,25.61429,32.01837,9.56655,46.27,52.665,48.765,259.61026,1785.88219,6340.06707,5.40123,6.8931,5.9707,0.16718,0.06138,0.00268,0.08078,5,26,4.2,372.0,15.0,0.6,0.65,0.66,0.16479,0.18268,0.34665,0.07533,-0.03118,0.43366,0.32222,0.45
1774941060,2026-03-31T07:11:00,V2,DISC,cont,-1,3.9696,0.8,1,9.8,0.20131,0.18963,20.25306,25.31633,7.68601,40.23,50.12,48.68,223.54451,1685.96031,6358.42645,4.94563,6.39896,5.9411,0.1497,0.00925,0.00339,0.02507,7,30,3.28571,167.0,63.0,0.55,0.65,0.64,0.16529,0.14661,0.25648,0.1654,-0.02853,0.39169,0.12318,0.35
1774960500,2026-03-31T12:35:00,V2,DISC,flip,1,5.5938,0.8,1,9.8,0.18435,0.15644,28.5398,35.67449,9.37808,53.015,53.315,53.16,277.93975,1752.67372,6860.91201,6.73214,6.52189,6.35306,0.04514,0.044,0.02329,-0.00279,8,32,3.0,217.0,0.0,0.5,0.65,0.66,0.1653,0.18378,0.25648,0.1654,-0.01189,0.49037,0.22476,0.45
1774964700,2026-03-31T13:45:00,V2,DISC,cont,1,3.099,0.8,1,9.8,0.18482,0.07888,15.81122,19.76429,18.52588,50.73,54.01,53.025,336.73027,1797.62246,6840.95713,7.70382,6.7663,6.37231,0.10167,0.0229,0.0154,-0.00279,8,33,3.125,217.0,70.0,0.5,0.65,0.66,0.1653,0.18378,0.25648,0.1654,-0.0389,0.3811,0.13589,0.4
1774965600,2026-03-31T14:00:00,V2,DISC,cont,1,-6.1218,-1.0112,0,9.8,0.18451,0.07584,24.71122,30.88878,19.16167,81.985,56.605,53.115,446.56287,1921.56726,6885.24554,9.8389,7.33208,6.48657,0.26437,0.01154,0.00128,0.00279,7,33,3.71429,217.0,85.0,0.5,0.65,0.66,0.1653,0.18378,0.25648,0.1654,-0.00209,0.42621,0.22934,0.45
1774966680,2026-03-31T14:18:00,V2,DISC,cont,1,-13.4026,-1.0137,0,9.8,0.18435,0.08712,53.96633,67.45816,16.61538,96.5,58.18,53.16,508.15323,1955.26799,6912.33945,11.39466,7.65502,6.59813,0.26898,0.02746,0.00458,0.00279,7,34,3.85714,217.0,103.0,0.5,0.65,0.66,0.1653,0.18378,0.25648,0.1654,-0.03212,0.4445,0.29999,0.5
1775029260,2026-04-01T07:41:00,V2,DISC,flip,-1,2.2542,0.8,1,9.8,0.17295,0.15567,11.50102,14.37653,9.14694,58.94,49.195,56.665,305.87257,1523.96507,7427.58491,6.55737,5.72532,7.36179,0.08145,0.09174,0.03003,-0.04735,2,15,6.5,217.0,0.0,0.4,0.65,0.66,0.16627,0.18397,0.25649,0.16418,-0.04584,0.03969,-0.07677,0.4
1775029980,2026-04-01T07:53:00,V2,DISC,cont,-1,1.0368,0.8,1,9.8,0.17263,0.17418,5.2898,6.61224,8.19024,55.705,49.3,56.77,292.27376,1519.218,7447.72232,5.88889,5.68398,7.36143,0.16213,0.07792,0.0278,-0.03621,2,16,7.0,217.0,12.0,0.4,0.65,0.66,0.16627,0.18397,0.25649,0.16418,-0.04584,0.03969,-0.07677,0.4
1775030760,2026-04-01T08:06:00,V2,DISC,cont,-1,2.4266,0.8,1,9.8,0.1722,0.16527,12.38061,15.47551,8.64418,53.995,49.585,56.91,285.81063,1527.45374,7454.42745,5.73487,5.69411,7.35607,0.2755,0.08369,0.0239,-0.04178,2,17,7.5,217.0,25.0,0.4,0.65,0.66,0.16627,0.18397,0.25649,0.16418,-0.04584,0.03969,-0.07677,0.4
1775032680,2026-04-01T08:38:00,V2,DISC,flip,1,-2.766,-1.0151,0,9.8,0.17302,0.19932,11.12143,13.90204,7.14415,51.68,49.225,56.64,241.26589,1465.87597,7411.80165,4.97672,5.45705,7.34696,0.04664,0.11951,0.03415,-0.05292,3,19,5.33333,167.0,0.0,0.4,0.65,0.66,0.16627,0.18397,0.25649,0.16418,0.01894,0.2959,0.29592,0.5
1775033640,2026-04-01T08:54:00,V2,DISC,flip,-1,2.3882,0.8,1,9.8,0.17478,0.18742,12.18469,15.23061,7.62113,49.81,49.03,56.07,247.57761,1478.748,7396.2163,5.59106,5.5475,7.32575,0.04488,0.10002,0.03478,-0.04735,4,19,3.75,107.0,0.0,0.4,0.65,0.66,0.16627,0.18397,0.25649,0.16418,-0.02983,0.16814,0.1224,0.45
1775057460,2026-04-01T15:31:00,V2,DISC,flip,1,-3.8006,-1.0714,0,9.8,0.18272,0.10877,14.47857,18.09796,13.0921,69.34,55.595,53.635,371.98552,1881.73353,7064.17358,7.84819,7.28405,6.88026,0.11348,0.02078,0.03737,-0.07521,4,15,2.75,107.0,0.0,0.4,0.7,0.68,0.25718,0.21984,0.25579,0.25664,-0.06687,0.07054,0.01555,0.35
1775059920,2026-04-01T16:12:00,V2,DISC,flip,-1,-2.7056,-1.0105,0,9.8,0.18484,0.14535,10.92857,13.66122,9.82025,62.04,57.265,53.02,345.2583,1964.19377,7056.61576,7.62049,7.52061,6.86213,0.07378,0.00762,0.03966,-0.09192,4,16,3.0,107.0,41.0,0.4,0.7,0.68,0.25718,0.21984,0.25579,0.25664,-0.06942,0.08356,0.05199,0.35
1775061360,2026-04-01T16:36:00,V2,DISC,flip,1,3.0906,0.8,1,9.8,0.18463,0.12705,15.76837,19.7102,11.19783,60.17,59.08,53.08,321.77212,2011.48911,7040.90873,7.04015,7.6637,6.86287,0.02986,0.0305,0.03927,-0.13649,4,16,3.0,107.0,65.0,0.4,0.7,0.68,0.25718,0.21984,0.25579,0.25664,-0.05449,0.04273,-0.01787,0.3
1775062980,2026-04-01T17:03:00,V2,DISC,cont,1,-5.9128,-1.0058,0,9.8,0.18717,0.17136,23.99388,29.99286,8.28076,55.285,59.64,52.36,292.76223,1977.7342,6794.82912,6.6616,7.61557,6.52313,0.13235,0.03595,0.02777,-0.11978,4,16,3.0,107.0,92.0,0.4,0.7,0.68,0.25718,0.21984,0.25579,0.25664,-0.05449,0.04273,-0.01787,0.3
1775064000,2026-04-01T17:20:00,V2,DISC,flip,-1,2.2618,0.8,1,9.8,0.18815,0.15653,11.5398,14.42449,9.12324,56.22,60.975,52.085,265.12236,2018.17087,6704.41687,6.25169,7.69679,6.3129,0.04589,0.00691,0.01041,-0.08635,4,15,2.75,107.0,109.0,0.4,0.7,0.68,0.25718,0.21984,0.25579,0.25664,-0.05449,0.04273,-0.01787,0.3
1775066280,2026-04-01T17:58:00,V2,DISC,cont,-1,3.5218,0.8,1,9.8,0.18979,0.15519,17.96837,22.4602,9.25506,58.06,64.29,51.635,304.52686,2106.39321,6645.37393,6.36853,7.83353,6.21197,0.26803,0.03118,0.01797,-0.08635,5,16,2.2,147.0,0.0,0.45,0.65,0.68,0.16361,0.21842,0.16222,0.25664,-0.07924,-0.03951,-0.12204,0.25
1775091180,2026-04-02T00:53:00,V2,DISC,flip,1,-12.1162,-1.0047,0,9.8,0.19493,0.13597,49.22347,61.52959,10.50546,49.905,42.955,50.275,254.76257,1287.49681,6348.05288,5.606,4.7479,6.01473,0.28191,0.05835,0.00951,-0.14206,6,18,2.0,147.0,0.0,0.45,0.65,0.68,0.16345,0.21919,0.0717,0.25654,0.01881,-0.07548,-0.18219,0.25
1775092680,2026-04-02T01:18:00,V2,DISC,flip,-1,13.6426,0.8,1,9.8,0.19406,0.04535,69.6051,87.00612,32.00639,59.655,44.445,50.5,534.53399,1586.25441,6700.75753,13.42052,6.88449,6.49139,0.18778,0.04816,0.01233,-0.1532,7,19,1.71429,147.0,0.0,0.45,0.65,0.68,0.16345,0.21919,0.0717,0.25654,0.01881,-0.07548,-0.18219,0.25
1775096400,2026-04-02T02:20:00,V2,DISC,cont,-1,-4.4336,-1.0057,0,9.8,0.1883,0.0996,17.99388,22.49184,14.72824,100.055,51.885,52.045,558.8553,1939.11945,7059.04779,11.89415,8.30507,6.85339,0.25776,0.09345,0.02221,-0.10306,7,22,2.14286,147.0,62.0,0.45,0.65,0.68,0.16345,0.21919,0.0717,0.25654,-0.0071,-0.07506,-0.15484,0.25
1775097780,2026-04-02T02:43:00,V2,DISC,cont,-1,3.9256,0.8,1,9.8,0.18697,0.11288,20.02857,25.03571,13.00884,84.595,54.3,52.415,435.93207,1994.79758,7091.27088,9.30798,8.48913,6.89647,0.15286,0.10416,0.01843,-0.09749,7,23,2.28571,147.0,85.0,0.45,0.65,0.68,0.16345,0.21919,0.0717,0.25654,0.00944,-0.0456,-0.1307,0.25
1775138760,2026-04-02T14:06:00,V2,DISC,flip,1,3.7187,0.8,1,9.8,0.19671,0.13073,18.97347,23.71633,11.29173,71.96,44.675,49.82,325.83139,1412.01284,6634.80792,7.42442,5.32737,6.51869,0.13369,0.03845,0.0383,-0.0585,5,17,2.4,387.0,0.0,0.5,0.6,0.68,0.0731,0.21909,0.07213,0.16626,-0.08067,-0.15847,-0.13337,0.1
1775140380,2026-04-02T14:33:00,V2,DISC,cont,1,5.7069,0.8,1,9.8,0.19671,0.10091,29.11633,36.39592,14.58882,79.58,47.375,49.82,388.08254,1527.748,6603.79365,8.47993,5.82734,6.53599,0.25713,0.00952,0.04038,-0.04735,5,18,2.6,387.0,27.0,0.5,0.6,0.68,0.0731,0.21909,0.07213,0.16626,-0.08067,-0.15847,-0.13337,0.1
1775180340,2026-04-03T01:39:00,V2,DISC,flip,-1,-11.7938,-1.0085,0,9.8,0.2118,0.14689,47.73061,59.66327,10.03059,37.65,34.495,46.27,209.27128,1149.80057,6081.81,4.35646,4.13864,5.7652,0.23291,0.05828,0.02013,0.03621,2,13,5.5,397.0,0.0,0.5,0.6,0.68,0.0731,0.21909,0.16339,0.16626,-0.03497,-0.14033,-0.11358,0.15
1775203740,2026-04-03T08:09:00,V2,DISC,cont,1,-5.2972,-1.0025,0,9.8,0.22586,0.20333,21.56633,26.95816,7.16586,38.61,38.475,43.39,216.65463,1245.46118,5694.79418,4.94756,4.63611,5.35469,0.27264,0.09558,0.01326,0.03352,3,14,3.66667,320.0,70.0,0.55,0.55,0.66,-0.01733,0.18292,0.16392,0.16626,-0.07642,0.05276,0.33587,0.3
1775206500,2026-04-03T08:55:00,V2,DISC,flip,-1,-1.7558,-1.0519,0,9.8,0.2257,0.24895,6.81327,8.51633,5.88265,37.175,36.795,43.42,184.21244,1135.18272,5729.41459,3.9393,4.07617,5.34715,0.09671,0.05946,0.01143,0.03352,3,14,3.66667,320.0,116.0,0.55,0.55,0.66,-0.01733,0.18292,0.16392,0.16626,-0.07642,0.05276,0.33587,0.3
1775207100,2026-04-03T09:05:00,V2,DISC,cont,-1,1.5845,0.8,1,9.8,0.22601,0.26439,8.08367,10.1051,5.53988,37.375,36.535,43.36,196.32746,1133.73947,5716.53203,4.08488,4.08015,5.33729,0.13645,0.05576,0.01464,0.03352,3,14,3.66667,320.0,126.0,0.55,0.55,0.66,-0.01733,0.18292,0.16392,0.16626,-0.07642,0.05276,0.33587,0.3
1775208000,2026-04-03T09:20:00,V2,DISC,cont,-1,-2.9576,-1.0195,0,9.8,0.22722,0.27977,11.84082,14.80102,5.2463,32.515,35.975,43.13,160.19609,1116.24746,5686.3188,3.57005,4.07445,5.31625,0.34218,0.01499,0.01038,0.04469,3,14,3.66667,320.0,141.0,0.55,0.55,0.66,-0.01733,0.18292,0.16392,0.16626,-0.07642,0.05276,0.33587,0.3
1775212200,2026-04-03T10:30:00,V2,DISC,cont,-1,-4.5368,-1.0224,0,9.8,0.23149,0.29395,18.11224,22.64082,4.99869,28.05,34.82,42.335,142.48681,1064.20175,5627.70631,3.14431,3.9593,5.27076,0.11525,0.02764,0.00879,0.05587,4,15,2.75,320.0,0.0,0.55,0.55,0.64,-0.01689,0.14687,0.16392,0.07614,-0.07642,0.05276,0.33587,0.3
1775215920,2026-04-03T11:32:00,V2,DISC,flip,1,1.6434,0.8,1,9.8,0.23306,0.2461,8.38469,10.48061,5.94477,29.13,34.105,42.05,133.7938,1006.93116,5538.56404,2.92023,3.75227,5.23342,0.27582,0.03595,0.01512,-0.0195,5,16,2.2,320.0,0.0,0.55,0.5,0.6,-0.10978,0.07344,0.07133,0.16682,-0.08753,0.01362,0.2742,0.3
1775219280,2026-04-03T12:28:00,V2,DISC,cont,1,2.8523,0.8,1,9.8,0.23507,0.22534,14.55306,18.19082,6.48163,30.745,32.49,41.69,169.06307,993.86911,5448.39608,3.76424,3.73058,5.16357,0.13438,0.06911,0.02682,-0.0195,5,15,2.0,320.0,56.0,0.55,0.5,0.6,-0.10978,0.07344,0.07133,0.16682,-0.06326,0.03664,0.28383,0.3
1775220540,2026-04-03T12:49:00,V2,DISC,flip,-1,2.5126,0.8,1,9.8,0.23411,0.18948,12.81939,16.02449,7.74894,36.135,33.11,41.86,191.37899,1013.70024,5493.55261,4.46107,3.85199,5.19016,0.16829,0.00025,0.01679,-0.0195,6,16,1.66667,211.0,0.0,0.55,0.45,0.58,-0.2009,0.03699,0.07133,0.07571,-0.06326,0.03664,0.28383,0.3
1775224080,2026-04-03T13:48:00,V2,DISC,cont,-1,-3.7862,-1.0042,0,9.8,0.23784,0.28979,15.38878,19.23571,5.08202,44.89,33.46,41.205,204.8113,1021.74525,5378.24495,4.30979,3.82379,5.04242,0.18924,0.07075,0.01603,-0.04178,6,16,1.66667,211.0,59.0,0.55,0.5,0.58,-0.11014,0.03699,0.07133,0.07571,-0.05582,0.05418,0.20325,0.3
1775226000,2026-04-03T14:20:00,V2,DISC,flip,1,1.8386,0.8,1,9.8,0.24177,0.23902,9.38061,11.72551,6.13692,38.925,33.8,40.535,186.30045,1004.20379,5303.47447,3.94935,3.75207,4.98221,0.09714,0.04851,0.01432,-0.03621,6,16,1.66667,211.0,0.0,0.55,0.5,0.58,-0.11014,0.03699,0.07133,0.07571,-0.07615,0.0165,0.16199,0.3
1775229000,2026-04-03T15:10:00,V2,DISC,cont,1,-4.449,-1.0036,0,9.8,0.24829,0.26171,18.09388,22.61735,5.5879,37.21,34.71,39.47,186.61472,1026.61301,4998.91738,3.77776,3.84025,4.60203,0.20617,0.01938,0.0038,-0.04735,6,16,1.66667,211.0,50.0,0.5,0.55,0.6,-0.01657,0.07326,0.07133,0.16596,-0.04701,0.03273,0.19727,0.35
1775368560,2026-04-05T05:56:00,V2,DISC,flip,-1,4.1315,0.8,1,9.8,0.57461,0.29968,21.07959,26.34898,4.88685,16.47,16.62,17.055,103.69678,558.43025,2296.8363,2.40865,2.04525,2.26799,0.26711,0.09807,0.00086,-0.18106,1,4,3.0,211.0,0.0,0.45,0.55,0.6,-0.01615,0.07399,0.07133,-0.01443,-0.03916,-0.02619,0.05583,0.25
1775429040,2026-04-05T22:44:00,V2,DISC,flip,1,13.3192,0.8,1,9.8,0.4478,0.1314,67.9551,84.94388,10.97824,53.285,28.65,21.885,316.19758,975.26331,3146.47452,7.86486,4.27879,3.56355,0.21465,0.09554,0.02567,0.03621,2,2,0.0,320.0,0.0,0.45,0.55,0.6,-0.01615,0.07399,0.07133,-0.01443,-0.0485,0.01752,0.10315,0.3
1775431860,2026-04-05T23:31:00,V2,DISC,cont,1,3.8667,0.8,1,9.8,0.42581,0.11867,19.72857,24.6602,11.98674,77.235,31.465,23.015,417.46312,1184.59825,3355.70781,8.76079,5.22617,3.88481,0.48599,0.19673,0.0683,0.05292,2,6,2.0,320.0,47.0,0.45,0.55,0.6,-0.01615,0.07399,0.07133,-0.01443,0.02487,0.15148,0.40213,0.4
1775433660,2026-04-06T00:01:00,V2,DISC,cont,1,-14.4984,-1.0044,0,9.8,0.41508,0.09776,58.91633,73.64592,14.42315,71.835,35.68,23.61,412.74551,1322.64829,3494.19366,10.46854,6.3071,4.28424,0.40005,0.24117,0.09125,0.03352,2,7,2.5,320.0,77.0,0.45,0.55,0.6,-0.01615,0.07399,0.07133,-0.01443,0.15327,0.38025,0.73842,0.45
1775439720,2026-04-06T01:42:00,V2,DISC,flip,-1,-3.6514,-1.0278,0,9.8,0.38236,0.17611,14.50102,18.12653,8.0887,55.34,50.915,25.63,259.70543,1678.82666,3897.77492,5.15872,7.22515,4.63332,0.2793,0.13017,0.06419,0.00559,2,7,2.5,320.0,178.0,0.45,0.6,0.62,0.07409,0.1105,0.07133,-0.01443,0.16645,0.35894,0.58872,0.4
1775441400,2026-04-06T02:10:00,V2,DISC,flip,1,3.4344,0.8,1,9.8,0.37397,0.15005,17.52245,21.90306,9.46412,49.67,52.855,26.205,250.56394,1741.91014,3954.65815,5.26571,7.35678,4.68534,0.0379,0.13964,0.07319,0.01676,3,8,1.66667,211.0,27.0,0.4,0.55,0.62,-0.01613,0.11057,0.07133,-0.10465,0.16645,0.35894,0.58872,0.4
1775559120,2026-04-07T10:52:00,V2,DISC,flip,-1,-20.3554,-1.0044,0,9.8,0.22283,0.11968,82.71837,103.39796,11.9968,53.805,35.6,43.98,297.36963,1190.95828,5598.8298,6.70151,4.5642,5.32596,0.45214,0.07937,0.03896,-0.00279,1,2,1.0,211.0,0.0,0.5,0.55,0.6,-0.01724,0.07401,0.16051,-0.10465,0.15572,0.22821,0.39654,0.4
1775659920,2026-04-08T14:52:00,V2,DISC,flip,-1,-6.3888,-1.0007,0,9.8,0.1971,0.09426,26.05918,32.57347,14.66664,90.54,48.735,49.72,455.6662,1738.26205,7083.07188,9.39712,7.14235,7.664,0.21006,0.06907,0.0573,0.03064,2,10,4.0,447.0,0.0,0.5,0.5,0.58,-0.10746,0.03793,0.07029,-0.10465,0.33062,0.41788,0.77003,0.55
1775664120,2026-04-08T16:02:00,V2,DISC,flip,1,4.3862,0.8,1,9.8,0.19557,0.2058,22.37857,27.97347,6.67233,59.865,58.815,50.11,289.59094,1872.42546,7057.79908,6.3358,7.52292,7.65766,0.19421,0.0245,0.05981,0.00279,3,10,2.33333,447.0,0.0,0.5,0.5,0.58,-0.10746,0.03793,0.07029,-0.10465,0.33085,0.36251,0.68364,0.5
1775669760,2026-04-08T17:36:00,V2,DISC,cont,1,-8.2878,-1.0055,0,9.8,0.19113,0.11702,33.64184,42.05204,11.64892,55.535,65.4,51.275,290.85497,2031.53371,7040.59437,6.22817,7.88199,7.51968,0.2643,0.02831,0.05781,0.02507,2,11,4.5,447.0,94.0,0.55,0.45,0.58,-0.19749,0.03801,-0.01975,-0.10465,0.18771,0.12679,0.25622,0.4
1775673780,2026-04-08T18:43:00,V2,DISC,flip,-1,4.3491,0.8,1,9.8,0.18803,0.13342,22.1898,27.73673,10.3023,61.225,68.85,52.12,303.3007,2181.04378,7201.77521,6.4863,8.19181,7.5745,0.24444,0.0387,0.05425,0.01393,3,12,3.0,447.0,0.0,0.55,0.5,0.58,-0.10707,0.03801,0.07101,-0.10465,0.13763,0.10395,0.11125,0.35
1775701560,2026-04-09T02:26:00,V2,DISC,flip,1,3.1075,0.8,1,9.8,0.21023,0.22959,15.8551,19.81837,6.01092,46.865,47.65,46.615,233.37762,1427.13848,5931.08554,4.976,5.21305,5.72084,0.25681,0.04289,0.01008,-0.00836,4,10,1.5,447.0,0.0,0.55,0.55,0.56,-0.01462,0.0019,0.07101,-0.19492,0.10021,0.15241,0.23421,0.35
1775705220,2026-04-09T03:27:00,V2,DISC,flip,-1,-2.3846,-1.0113,0,9.8,0.21221,0.26952,9.62449,12.03061,5.1288,40.355,48.33,46.18,167.55175,1422.6228,5897.06258,3.67049,5.19997,5.70405,0.11589,0.08223,0.01078,-0.00279,5,12,1.4,337.0,0.0,0.55,0.55,0.56,-0.01462,0.0019,0.07101,-0.19492,0.11282,0.13567,0.20665,0.35
1775708520,2026-04-09T04:22:00,V2,DISC,cont,-1,2.8016,0.8,1,9.8,0.21221,0.32672,14.29388,17.86735,4.23299,35.425,45.415,46.18,169.5851,1380.68304,5864.21818,3.55023,5.08747,5.6542,0.09525,0.04857,0.01566,-0.08078,5,13,1.6,337.0,55.0,0.55,0.55,0.56,-0.01462,0.0019,0.07101,-0.19492,0.11064,0.1624,0.20328,0.35
1775718540,2026-04-09T07:09:00,V2,DISC,flip,1,4.2949,0.8,1,9.8,0.21479,0.29405,21.91224,27.39082,4.68784,29.38,37.685,45.625,153.45033,1055.82696,5760.20101,3.37876,3.88405,5.61793,0.07821,0.06649,0.01606,-0.08078,6,14,1.33333,337.0,0.0,0.65,0.6,0.56,0.07691,0.00184,0.16453,-0.19492,0.11808,0.16345,0.24316,0.35
1775741520,2026-04-09T13:32:00,V2,DISC,flip,-1,5.2906,0.8,1,9.8,0.22102,0.1884,26.99286,33.74082,7.32932,38.4,35.005,44.34,197.8435,1132.1691,5541.65388,4.76935,4.14121,5.24142,0.18448,0.0007,0.02914,-0.04178,7,17,1.42857,337.0,0.0,0.65,0.6,0.58,0.07691,0.0379,0.16453,-0.19492,0.04705,0.04713,0.14069,0.3
1775744820,2026-04-09T14:27:00,V2,DISC,cont,-1,-5.8374,-1.032,0,9.8,0.22207,0.13278,23.08776,28.85918,10.46178,79.66,38.315,44.13,415.44419,1353.78539,5520.92324,8.52692,5.07225,5.14461,0.19196,0.04892,0.02447,-0.0585,7,19,1.71429,337.0,55.0,0.65,0.6,0.58,0.07691,0.0379,0.16453,-0.19492,-0.02528,0.05669,0.06679,0.25
1775747580,2026-04-09T15:13:00,V2,DISC,flip,1,5.2602,0.8,1,9.8,0.22252,0.13981,26.83776,33.54694,9.83677,63.98,43.43,44.04,337.43227,1438.8632,5392.53097,7.13529,5.47282,5.02693,0.21238,0.00689,0.00598,-0.0585,7,19,1.71429,222.0,0.0,0.65,0.6,0.58,0.07691,0.0379,0.16453,-0.19492,-0.03214,0.00519,-0.09313,0.2
1775748720,2026-04-09T15:32:00,V2,DISC,cont,1,5.6835,0.8,1,9.8,0.22167,0.09301,28.99796,36.24694,14.70078,73.675,44.48,44.21,421.97175,1535.31539,5465.48142,9.94479,6.28019,5.25215,0.34786,0.03047,0.01243,-0.04178,7,20,1.85714,222.0,19.0,0.7,0.6,0.58,0.07691,0.0379,0.16454,-0.19492,-0.03214,0.00519,-0.09313,0.2
1775754180,2026-04-09T17:03:00,V2,DISC,cont,1,-12.3618,-1.0031,0,9.8,0.21953,0.10989,50.30204,62.87755,12.31418,71.23,60.995,44.64,365.10564,1990.87046,5756.44867,7.40411,8.34351,5.84942,0.03126,0.07692,0.01644,0.0195,6,18,2.0,222.0,110.0,0.65,0.55,0.56,-0.01469,0.00126,0.16454,-0.19596,0.01173,0.0375,0.11158,0.25
1775762820,2026-04-09T19:27:00,V2,DISC,flip,-1,-7.5502,-1.0424,0,9.8,0.21756,0.14667,29.56327,36.95408,9.30836,58.545,76.505,45.045,268.60722,2382.64029,5886.56682,5.58975,9.07257,5.88583,0.04658,0.03899,0.015,0.01393,6,17,1.83333,222.0,0.0,0.65,0.6,0.56,0.07554,0.00143,0.25477,-0.19543,0.01372,0.05519,0.10504,0.25
1775765820,2026-04-09T20:17:00,V2,DISC,flip,1,4.2192,0.8,1,9.8,0.21655,0.16467,21.52653,26.90816,8.23703,58.63,70.605,45.255,272.56497,2239.04264,5902.88203,5.7871,8.67825,5.91926,0.13439,0.09886,0.01869,0.03621,7,18,1.57143,161.0,0.0,0.65,0.6,0.56,0.07554,0.00143,0.25477,-0.19543,0.00676,0.05008,0.04585,0.25
1775768580,2026-04-09T21:03:00,V2,DISC,cont,1,3.0416,0.8,1,9.8,0.21386,0.2321,15.51837,19.39796,5.82528,44.08,67.335,45.825,223.99593,2144.81033,5925.91249,4.74509,8.4738,5.94436,0.25249,0.09108,0.02564,0.02507,7,19,1.71429,161.0,46.0,0.65,0.6,0.56,0.07554,0.00143,0.25477,-0.19543,0.01467,0.03012,0.02784,0.2
1775769600,2026-04-09T21:20:00,V2,DISC,flip,-1,-3.9498,-1.0332,0,9.8,0.21231,0.11043,15.60408,19.5051,12.29234,45.265,66.255,46.16,271.24428,2145.34781,6012.38716,6.62093,8.45637,6.02812,0.06149,0.04761,0.01428,0.02507,8,20,1.5,161.0,0.0,0.65,0.6,0.56,0.07554,0.00143,0.25477,-0.19543,0.01467,0.03012,0.02784,0.2
1775772780,2026-04-09T22:13:00,V2,DISC,flip,1,3.8371,0.8,1,9.8,0.20836,0.15826,19.57755,24.47143,8.54429,55.275,62.125,47.035,274.52108,1866.33571,6058.77022,5.81982,6.65504,6.07745,0.07508,0.01665,0.02379,0.01393,8,20,1.5,161.0,53.0,0.65,0.55,0.56,-0.01658,0.00085,0.16265,-0.19543,0.01371,-0.06357,-0.0862,0.2
1775807460,2026-04-10T07:51:00,V2,DISC,flip,-1,-16.581,-1.0068,0,9.8,0.1958,0.25739,67.21837,84.02245,5.32193,32.835,34.765,50.05,153.8754,1037.69378,6495.20074,3.37185,3.7589,6.45505,0.30493,0.10062,0.01153,-0.01393,7,14,1.0,101.0,0.0,0.7,0.6,0.56,0.07337,0.00049,0.25401,-0.19543,0.07633,-0.02821,-0.11773,0.2
1775829780,2026-04-10T14:03:00,V2,DISC,flip,1,8.4795,0.8,1,9.8,0.19337,0.11472,43.26327,54.07857,11.78997,59.785,37.665,50.68,311.64484,1242.9703,6433.55686,6.99209,5.0347,6.51939,0.09657,0.11481,0.03535,0.03064,7,11,0.57143,222.0,0.0,0.7,0.55,0.54,-0.01697,-0.03565,0.16367,-0.19543,0.09301,-0.04902,-0.15217,0.15
1775831880,2026-04-10T14:38:00,V2,DISC,cont,1,-2.6796,-1.0076,0,9.8,0.19197,0.10442,10.8551,13.56837,12.82856,85.715,40.965,51.05,397.57599,1362.9976,6412.56099,8.75138,5.74132,6.59398,0.38697,0.14439,0.05153,0.00836,7,12,0.71429,222.0,35.0,0.7,0.55,0.54,-0.01697,-0.03565,0.16367,-0.19543,0.11464,-0.01666,-0.06375,0.2
1775834640,2026-04-10T15:24:00,V2,DISC,cont,1,-11.472,-1.003,0,9.8,0.1918,0.14725,46.68673,58.35816,9.08105,78.1,49.91,51.095,360.21467,1510.98215,6380.43906,8.4924,6.37119,6.59069,0.08273,0.13804,0.03892,0.03064,6,12,1.0,222.0,81.0,0.7,0.55,0.54,-0.01697,-0.03565,0.16367,-0.19543,-0.01621,-0.05163,-0.03741,0.2
1775835600,2026-04-10T15:40:00,V2,DISC,flip,-1,2.7741,0.8,1,9.8,0.19171,0.11931,14.15306,17.69184,11.30801,69.555,52.24,51.12,397.1757,1603.85737,6344.97612,9.80194,6.80712,6.32384,0.14077,0.06936,0.01609,0.0195,7,12,0.71429,101.0,0.0,0.7,0.55,0.54,-0.01697,-0.03565,0.16367,-0.19543,-0.01621,-0.05163,-0.03741,0.2
1775839800,2026-04-10T16:50:00,V2,DISC,flip,1,3.213,0.8,1,9.8,0.19425,0.20278,16.39286,20.49082,6.63434,60.425,59.785,50.45,308.68078,1855.27083,6218.15188,6.4291,7.39719,6.18437,0.12192,0.07444,0.02165,-0.03621,8,14,0.75,97.0,0.0,0.65,0.6,0.56,0.07291,0.00184,0.16367,-0.19552,-0.08683,-0.03581,-0.11688,0.2
1775843400,2026-04-10T17:50:00,V2,DISC,cont,1,5.1467,0.8,1,9.8,0.19774,0.15534,26.25918,32.82347,8.62478,55.345,61.81,49.56,266.46331,1928.83694,6088.0535,5.36813,7.55775,6.06447,0.15361,0.06552,0.0184,-0.0585,8,14,0.75,97.0,60.0,0.65,0.6,0.56,0.07303,0.0019,0.16367,-0.28568,-0.06947,-0.03819,-0.10746,0.2
1775853000,2026-04-10T20:30:00,V2,DISC,flip,1,-6.3078,-1.0057,0,9.8,0.20911,0.15978,25.59898,31.99898,8.35215,43.88,55.015,46.865,249.92163,1689.44628,5905.50243,5.58821,6.52177,5.95871,0.24985,0.02878,0.02689,-0.1532,8,16,1.0,70.0,0.0,0.6,0.6,0.56,0.07303,0.0019,0.16367,-0.19539,-0.06969,-0.23761,-0.3157,0.15
1775855580,2026-04-10T21:13:00,V2,DISC,flip,-1,6.2021,0.8,1,9.8,0.20778,0.20891,31.64286,39.55408,6.42071,55.145,52.385,47.165,293.22446,1643.22752,5934.50068,6.6567,6.17549,5.92957,0.06793,0.00084,0.01698,-0.16435,9,16,0.77778,70.0,0.0,0.6,0.6,0.56,0.07303,0.0019,0.16367,-0.19539,-0.1255,-0.29342,-0.46194,0.1
1775870100,2026-04-11T01:15:00,V2,DISC,flip,-1,-5.548,-1.01,0,9.8,0.24132,0.31151,22.41939,28.02449,4.32634,24.095,32.845,40.61,119.35377,1128.83369,5239.22324,3.02593,4.35135,5.2265,0.20442,0.05419,0.01778,-0.13092,9,17,0.88889,97.0,0.0,0.65,0.6,0.56,0.07331,0.00188,0.16478,-0.19539,-0.23139,-0.47315,-0.64278,0.05
1775873820,2026-04-11T02:17:00,V2,DISC,flip,1,-2.3488,-1.0175,0,9.8,0.2467,0.30432,9.42245,11.77755,4.40872,27.705,30.86,39.725,142.2973,1013.02168,5098.44743,2.98495,4.00013,5.13028,0.30034,0.03221,0.02208,-0.12535,10,18,0.8,70.0,0.0,0.65,0.6,0.56,0.07331,0.00188,0.16478,-0.19539,-0.25115,-0.52682,-0.70262,0.05
1775879640,2026-04-11T03:54:00,V2,DISC,cont,-1,2.3611,0.8,1,9.8,0.25654,0.37413,12.04694,15.05816,3.59053,22.235,26.975,38.2,101.8728,804.27016,4973.63671,2.11851,3.03516,5.07085,0.00689,0.03598,0.02983,-0.09749,11,20,0.81818,62.0,61.0,0.65,0.55,0.56,-0.01719,0.00179,0.07428,-0.19539,-0.34345,-0.57349,-0.73985,0.05
1775889420,2026-04-11T06:37:00,V2,DISC,flip,1,1.4456,0.8,1,9.8,0.26461,0.34536,7.37551,9.21939,3.89992,24.46,24.285,37.035,123.0594,773.73769,4922.31961,2.71869,3.01934,5.032,0.09636,0.02549,0.02386,-0.01393,11,24,1.18182,62.0,224.0,0.65,0.55,0.54,-0.01646,-0.03456,0.07362,-0.19539,-0.26527,-0.63946,-0.80908,0.05
1775893980,2026-04-11T07:53:00,V2,DISC,flip,-1,-0.645,-1.039,0,9.8,0.27486,0.61958,2.53367,3.16735,2.17548,18.215,22.44,35.655,98.38478,725.05201,4826.258,2.00447,2.76293,4.96894,0.11902,0.05188,0.03326,-0.04178,12,28,1.33333,62.0,0.0,0.65,0.55,0.54,-0.01646,-0.03456,0.07362,-0.19539,-0.22433,-0.64527,-0.88108,0.05
1775897460,2026-04-11T08:51:00,V2,DISC,cont,-1,-2.9566,-1.0267,0,9.8,0.28242,0.50262,11.75306,14.69184,2.68197,15.055,21.05,34.7,94.39656,684.8352,4710.43476,2.09589,2.61512,4.88035,0.05432,0.0584,0.0343,-0.0585,12,29,1.41667,62.0,58.0,0.65,0.55,0.54,-0.01646,-0.03456,0.16366,-0.19539,-0.2885,-0.73514,-1.03121,0.05
1775901540,2026-04-11T09:59:00,V2,DISC,flip,1,-3.2984,-1.0192,0,9.8,0.28689,0.4174,13.20918,16.51122,3.21868,22.045,20.53,34.16,134.0893,703.59219,4667.81466,3.08428,2.73827,4.86429,0.24939,0.00638,0.03439,-0.14206,13,31,1.38462,62.0,0.0,0.7,0.5,0.54,-0.10841,-0.03517,0.07171,-0.19539,-0.28544,-0.82536,-1.11868,0.05
1775957580,2026-04-12T01:33:00,V2,DISC,flip,-1,5.9704,0.8,1,9.8,0.36704,0.23081,30.46122,38.07653,5.83346,30.905,34.93,26.7,156.41236,1117.78518,3573.40256,5.36022,4.34784,3.72801,0.29687,0.11577,0.00574,-0.0838,6,21,2.5,75.0,0.0,0.7,0.5,0.54,-0.10843,-0.035,-0.01925,-0.28672,-0.23445,-0.50489,-0.87753,0.1
1776009840,2026-04-12T16:04:00,V2,DISC,flip,1,-2.1198,-1.0004,0,9.8,0.30275,0.31926,8.64898,10.81122,4.32486,35.715,32.575,32.37,169.66418,1046.45357,4517.67679,3.73409,4.47236,4.96061,0.13411,0.07948,0.05865,-0.0585,2,7,2.5,126.0,0.0,0.7,0.5,0.54,-0.10843,-0.035,-0.01925,-0.28672,-0.1136,-0.22025,-0.56653,0.15
1776013320,2026-04-12T17:02:00,V2,DISC,cont,1,2.555,0.8,1,9.8,0.30336,0.33699,13.03571,16.2949,4.09627,29.905,32.59,32.305,129.63936,1047.38489,4464.39302,2.74792,4.43053,4.90802,0.06855,0.06912,0.06555,-0.05292,2,6,2.0,126.0,58.0,0.7,0.5,0.54,-0.10843,-0.035,-0.01925,-0.28672,-0.16489,-0.24551,-0.56304,0.15
1776032760,2026-04-12T22:26:00,V2,DISC,flip,-1,-6.6212,-1.0002,0,9.8,0.3136,0.10771,27.01939,33.77449,12.87226,56.33,28.73,31.25,350.11356,1050.61374,4391.66069,10.54609,5.45748,5.13942,0.26312,0.03519,0.09024,-0.0195,3,10,2.33333,190.0,0.0,0.7,0.5,0.56,-0.10679,0.00183,-0.01871,-0.1966,-0.07434,-0.06972,-0.40235,0.25
1776040680,2026-04-13T00:38:00,V2,DISC,cont,1,2.8413,0.8,1,9.8,0.30473,0.15481,14.49592,18.12041,8.90139,52.255,39.25,32.16,307.77737,1372.43835,4534.80519,6.08706,6.2149,5.27986,0.21093,0.00954,0.06197,-0.03621,4,13,2.25,126.0,13.0,0.7,0.45,0.54,-0.1968,-0.03417,-0.10872,-0.1966,-0.19902,-0.21681,-0.34201,0.25
1776045600,2026-04-13T02:00:00,V2,DISC,cont,1,-4.0176,-1.0028,0,9.8,0.30149,0.25347,16.35306,20.44082,5.4275,40.55,46.305,32.505,210.70946,1550.00359,4303.3092,4.28762,6.51991,4.63917,0.00662,0.01153,0.01389,-0.02507,3,14,3.66667,126.0,95.0,0.7,0.45,0.54,-0.1968,-0.03417,-0.10872,-0.1966,-0.10532,0.13583,0.06914,0.3
1776049260,2026-04-13T03:01:00,V2,DISC,flip,-1,4.428,0.8,1,9.8,0.30577,0.26113,22.59184,28.2398,5.28599,35.89,46.695,32.05,193.34026,1560.76055,4187.98346,4.32573,6.41973,4.53409,0.17654,0.0405,0.02711,-0.03621,4,15,2.75,156.0,0.0,0.65,0.5,0.54,-0.10646,-0.03417,-0.10872,-0.1966,-0.10825,0.1088,0.09194,0.3
1776058620,2026-04-13T05:37:00,V2,DISC,cont,-1,-2.4562,-1.0219,0,9.8,0.31111,0.29814,9.8102,12.26327,4.64585,33.41,38.85,31.5,170.72468,1230.41627,4186.47477,3.59329,4.44498,4.5035,0.26332,0.00981,0.03133,-0.03621,4,19,3.75,156.0,156.0,0.65,0.5,0.54,-0.10622,-0.03415,-0.10872,-0.19576,-0.08015,0.17704,0.22468,0.3
1776061080,2026-04-13T06:18:00,V2,DISC,flip,1,0.9477,0.8,1,9.8,0.31111,0.38483,4.83469,6.04388,3.5852,28.09,36.36,31.5,140.73893,1115.77205,4184.03325,3.14094,4.04669,4.51138,0.17907,0.01503,0.0231,-0.05292,4,19,3.75,156.0,197.0,0.65,0.5,0.54,-0.10622,-0.03415,-0.10872,-0.19576,-0.10022,0.07053,0.10731,0.3
1776062760,2026-04-13T06:46:00,V2,DISC,cont,1,-2.0966,-1.0167,0,9.8,0.30993,0.29491,8.41735,10.52143,4.67349,29.645,34.48,31.62,135.46086,1043.51655,4206.88402,2.73532,3.79494,4.52188,0.25045,0.00803,0.01955,-0.02507,5,21,3.2,198.0,27.0,0.65,0.5,0.54,-0.10622,-0.03415,-0.10872,-0.19576,-0.10022,0.07053,0.10731,0.3
1776064320,2026-04-13T07:12:00,V2,DISC,flip,-1,0.4813,0.8,1,9.8,0.30654,0.26212,2.4551,3.06939,5.27052,29.28,32.545,31.97,144.71835,1000.88375,4242.6125,2.85074,3.61313,4.52786,0.08348,0.0377,0.0255,-0.04735,6,22,2.66667,156.0,0.0,0.65,0.5,0.54,-0.10622,-0.03415,-0.10872,-0.19576,-0.16016,-0.11542,-0.04158,0.25
1776064620,2026-04-13T07:17:00,V2,DISC,cont,-1,0.8267,0.8,1,9.8,0.3063,0.30592,4.21837,5.27245,4.51918,30.17,32.475,31.995,150.21998,1002.14977,4247.81599,2.9292,3.6144,4.52809,0.11066,0.033,0.02587,-0.04735,6,22,2.66667,156.0,5.0,0.65,0.5,0.54,-0.10622,-0.03415,-0.10872,-0.19576,-0.18446,-0.16537,-0.15545,0.25
1776068340,2026-04-13T08:19:00,V2,DISC,cont,-1,-3.2452,-1.0088,0,9.8,0.30043,0.2354,13.12959,16.41224,5.88836,34.18,32.085,32.62,175.90657,970.03636,4326.08162,3.81799,3.51591,4.56826,0.14194,0.05474,0.0316,-0.0195,8,26,2.25,156.0,0.0,0.65,0.5,0.54,-0.10717,-0.03451,-0.10872,-0.19574,-0.1725,0.04541,-0.03539,0.25
1776080640,2026-04-13T11:44:00,V2,DISC,flip,1,4.4242,0.8,1,9.8,0.29167,0.30202,22.57245,28.21531,4.5739,27.855,29.65,33.6,136.71591,942.58814,4454.7088,2.82141,3.46411,4.65447,0.16672,0.02599,0.01685,-0.09192,9,28,2.11111,156.0,0.0,0.55,0.45,0.52,-0.19816,-0.07093,-0.0166,-0.19662,-0.26484,-0.17211,-0.22854,0.2
1776084780,2026-04-13T12:53:00,V2,DISC,cont,1,6.421,0.8,1,9.8,0.28571,0.19598,32.7602,40.95,7.02724,35.85,31.55,34.3,192.35555,994.47692,4477.89498,4.38402,3.71424,4.58481,0.13989,0.01694,0.00175,-0.06964,9,29,2.22222,156.0,69.0,0.55,0.45,0.52,-0.19816,-0.07093,-0.0166,-0.19662,-0.28743,-0.1715,-0.26816,0.2
1776094200,2026-04-13T15:30:00,V2,DISC,flip,-1,-4.8492,-1.0024,0,9.8,0.27386,0.11745,19.7449,24.68163,11.62045,77.57,44.08,35.785,422.99391,1560.39012,4920.72363,9.38595,6.86785,5.3418,0.0467,0.08866,0.03162,-0.00836,9,31,2.44444,156.0,226.0,0.5,0.55,0.54,-0.01678,-0.03438,-0.0166,-0.19662,-0.19457,-0.1649,-0.08878,0.25
1776097020,2026-04-13T16:17:00,V2,DISC,flip,1,2.7389,0.8,1,9.8,0.26761,0.10152,13.97347,17.46735,13.38691,63.23,53.785,36.62,335.25288,1686.70246,5015.94488,7.74032,7.18987,5.44685,0.0707,0.11223,0.03265,0.0195,8,30,2.75,156.0,273.0,0.5,0.55,0.54,-0.01678,-0.03438,-0.0166,-0.19662,-0.19457,-0.1649,-0.08878,0.25
1776097440,2026-04-13T16:24:00,V2,DISC,cont,1,3.2114,0.8,1,9.8,0.26696,0.11819,16.38469,20.48061,11.47549,63.23,54.15,36.71,338.46723,1710.12354,5025.74697,7.78011,7.23884,5.46208,0.13379,0.12204,0.03579,0.03064,8,30,2.75,156.0,280.0,0.5,0.55,0.54,-0.01678,-0.03438,-0.0166,-0.19662,-0.19457,-0.1649,-0.08878,0.25
1776098820,2026-04-13T16:47:00,V2,DISC,cont,1,-4.6696,-1.0002,0,9.8,0.26172,0.1064,19.05612,23.82041,12.71779,71.38,57.715,37.445,345.37928,1783.85044,5113.2992,7.2476,7.39909,5.52642,0.18705,0.12601,0.04127,0.04178,8,30,2.75,156.0,303.0,0.5,0.55,0.54,-0.01678,-0.03438,-0.0166,-0.19662,-0.19457,-0.1649,-0.08878,0.25
1776101340,2026-04-13T17:29:00,V2,DISC,cont,1,-7.9856,-1.0026,0,9.8,0.25382,0.17668,32.50816,40.63571,7.65296,67.005,60.85,38.61,332.62907,1906.0852,5249.64324,6.73216,7.66002,5.62224,0.09032,0.11626,0.03853,0.06407,8,30,2.75,156.0,345.0,0.5,0.55,0.54,-0.01678,-0.03438,-0.0166,-0.19662,-0.19457,-0.1649,-0.08878,0.25
1776124740,2026-04-13T23:59:00,V2,DISC,flip,-1,2.3067,0.8,1,9.8,0.22013,0.15144,11.76939,14.71122,8.69184,79.395,58.93,44.52,412.87606,2015.96231,5957.74116,8.39311,8.36425,6.37643,0.06688,0.15076,0.08355,-0.03621,8,32,3.0,156.0,8.0,0.45,0.55,0.54,-0.0128,-0.03427,-0.01506,-0.19627,0.02316,0.11779,0.18016,0.35
1776126360,2026-04-14T00:26:00,V2,DISC,cont,-1,3.9088,0.8,1,9.8,0.2206,0.16662,19.94286,24.92857,7.92104,60.105,60.64,44.425,311.4746,2017.94465,5947.84438,6.43631,8.36196,6.356,0.24471,0.14111,0.07422,-0.00279,7,33,3.71429,156.0,35.0,0.45,0.55,0.54,-0.0128,-0.03427,-0.01506,-0.19627,-0.02433,0.17236,0.27753,0.4
1776132960,2026-04-14T02:16:00,V2,DISC,flip,1,1.6824,0.8,1,9.8,0.21708,0.17676,8.58367,10.72959,7.43869,42.545,56.62,45.145,175.95496,1871.2813,5919.52277,3.70467,7.94141,6.34415,0.20482,0.09864,0.07924,-0.0585,8,33,3.125,145.0,0.0,0.45,0.55,0.54,-0.0128,-0.03427,0.07528,-0.19627,-0.01195,0.04578,0.35037,0.45
1776137220,2026-04-14T03:27:00,V2,DISC,flip,-1,-4.1314,-1.0134,0,9.8,0.21904,0.27276,16.6398,20.8,4.83582,30.585,53.92,44.74,188.03656,1813.40845,5928.58473,3.95217,7.85684,6.32559,0.15057,0.0826,0.07319,-0.02507,8,33,3.125,145.0,0.0,0.4,0.6,0.56,0.07722,0.00196,0.07528,-0.10467,-0.00553,-0.01291,0.31202,0.45
1776150180,2026-04-14T07:03:00,V2,DISC,flip,1,2.6566,0.8,1,9.8,0.2219,0.21238,13.55408,16.94286,6.18348,26.235,30.705,44.165,129.5134,897.09281,5859.11572,2.70614,3.22703,6.29799,0.30734,0.07329,0.08272,-0.04735,8,29,2.625,145.0,0.0,0.45,0.6,0.54,0.07656,-0.03431,-0.01539,-0.10467,-0.02372,-0.06278,0.28951,0.45
1776164340,2026-04-14T10:59:00,V2,DISC,flip,-1,-2.039,-1.0006,0,9.8,0.20904,0.27388,8.31735,10.39694,4.81076,31.38,34.31,46.88,162.6417,1030.36255,6006.42516,3.82172,4.27704,6.42139,0.13557,0.00506,0.08076,-0.03621,6,24,3.0,145.0,0.0,0.5,0.6,0.54,0.07656,-0.03431,-0.01539,-0.10467,0.00253,-0.01737,0.27801,0.45
1776166200,2026-04-14T11:30:00,V2,DISC,cont,-1,-2.4726,-1.0138,0,9.8,0.20942,0.31389,9.9551,12.44388,4.19836,34.355,34.87,46.795,170.76931,1051.79234,6028.99827,3.86632,4.31401,6.42752,0.21059,0.0008,0.07753,-0.04735,6,25,3.16667,145.0,31.0,0.5,0.6,0.54,0.07656,-0.03431,-0.01539,-0.10467,0.0008,0.03259,0.1993,0.4
1776168780,2026-04-14T12:13:00,V2,DISC,cont,-1,-3.106,-1.0003,0,9.8,0.20987,0.22584,12.67449,15.84286,5.83844,34.32,36.46,46.695,174.49547,1083.25931,6043.05488,3.54096,4.38472,6.43278,0.09946,0.0042,0.07445,-0.03621,5,24,3.8,145.0,74.0,0.5,0.6,0.54,0.07656,-0.03431,-0.01539,-0.10467,-0.0167,0.02874,0.17634,0.4
1776173580,2026-04-14T13:33:00,V2,DISC,flip,1,5.6582,0.8,1,9.8,0.20862,0.13193,28.86837,36.08571,9.9214,41.17,38.725,46.975,246.41926,1129.44354,6060.02046,5.35722,4.19814,6.46256,0.27201,0.03074,0.08338,-0.04178,6,24,3.0,145.0,37.0,0.5,0.55,0.52,-0.01402,-0.06996,-0.01513,-0.19536,-0.0405,0.04588,0.23626,0.4
1776174960,2026-04-14T13:56:00,V2,DISC,cont,1,5.7149,0.8,1,9.8,0.20862,0.07808,29.15714,36.44694,16.62227,72.09,40.6,46.975,369.41723,1269.95293,5966.63582,8.52265,5.09846,6.31941,0.37099,0.10029,0.08663,-0.03064,6,24,3.0,145.0,60.0,0.5,0.55,0.52,-0.01402,-0.06996,-0.01513,-0.19536,-0.0405,0.04588,0.23626,0.4
1776176760,2026-04-14T14:26:00,V2,DISC,cont,1,3.9926,0.8,1,9.8,0.20887,0.0977,20.37041,25.46327,13.22247,105.85,43.175,46.92,493.56953,1419.13467,5959.07296,10.78228,5.82668,6.34935,0.29986,0.11921,0.09241,-0.03621,6,26,3.33333,145.0,90.0,0.5,0.55,0.5,-0.01294,-0.10597,-0.01513,-0.19522,-0.04552,0.07135,0.33203,0.45
1776179100,2026-04-14T15:05:00,V2,DISC,flip,-1,3.5502,0.8,1,9.8,0.20844,0.09237,18.11327,22.64184,14.1644,107.165,45.28,47.015,544.80486,1620.94728,6125.92545,11.37524,6.66004,6.4418,0.14546,0.01648,0.05979,-0.00836,7,25,2.57143,145.0,0.0,0.5,0.55,0.5,-0.01294,-0.10597,-0.01513,-0.19522,-0.0577,-0.10508,0.16083,0.4
1776181380,2026-04-14T15:43:00,V2,DISC,flip,1,2.1776,0.8,1,9.8,0.20818,0.12235,11.1102,13.88776,10.63171,94.86,51.0,47.075,444.23933,1764.33298,6165.25219,9.42715,7.19282,6.4901,0.05887,0.05626,0.07497,0.00279,8,26,2.25,145.0,0.0,0.5,0.55,0.52,-0.01294,-0.0699,-0.01513,-0.19522,-0.15016,-0.19579,-0.01446,0.35
1776182520,2026-04-14T16:02:00,V2,DISC,cont,1,2.8226,0.8,1,9.8,0.20756,0.11558,14.40102,18.00102,11.23351,83.71,55.755,47.215,392.71573,1811.19015,6167.95934,8.51954,7.27996,6.49272,0.12372,0.07117,0.07772,-0.00836,8,27,2.375,145.0,19.0,0.5,0.6,0.54,0.0779,-0.03306,-0.01513,-0.19522,-0.15016,-0.19579,-0.01446,0.35
1776185340,2026-04-14T16:49:00,V2,DISC,flip,-1,3.2038,0.8,1,9.8,0.20911,0.18058,16.34592,20.43265,7.22197,62.205,59.675,46.865,308.45032,1938.09489,6157.38369,6.53258,7.55506,6.45424,0.06455,0.04921,0.06044,0.01393,9,29,2.22222,129.0,0.0,0.45,0.6,0.54,0.0779,-0.03306,-0.01513,-0.10484,-0.13027,-0.22094,-0.06326,0.3
1776188040,2026-04-14T17:34:00,V2,DISC,cont,-1,9.6554,0.8,1,9.8,0.20875,0.10479,49.26224,61.57755,12.57079,63.885,65.305,46.945,369.46815,2141.95176,6289.2398,7.92929,8.09224,6.54655,0.3071,0.00088,0.04049,0.02507,9,29,2.22222,129.0,45.0,0.5,0.6,0.54,0.0779,-0.03306,0.07537,-0.10484,-0.07507,-0.12178,-0.03627,0.3
1776230460,2026-04-15T05:21:00,V2,DISC,flip,-1,4.1243,0.8,1,9.8,0.20608,0.25425,21.04286,26.30306,5.19401,32.09,39.315,47.555,170.16368,1237.99036,6079.19725,3.62656,4.58248,6.0042,0.11434,0.00111,0.00456,-0.04735,8,22,1.75,129.0,0.0,0.5,0.7,0.58,0.25846,0.03974,0.16624,-0.01469,0.04192,0.03543,-0.05734,0.25
1776236700,2026-04-15T07:05:00,V2,DISC,cont,-1,3.0262,0.8,1,9.8,0.20136,0.25121,15.4398,19.3,5.27882,32.14,36.55,48.67,154.22237,1066.30927,6172.92856,3.16511,3.80051,6.03589,0.09647,0.09872,0.01643,-0.05292,7,21,2.0,129.0,104.0,0.5,0.7,0.58,0.25846,0.03974,0.16624,-0.01469,0.04703,0.03289,-0.0154,0.3
1776237420,2026-04-15T07:17:00,V2,DISC,cont,-1,-8.2514,-1.0108,0,9.8,0.2015,0.14077,33.31837,41.64796,9.44937,37.38,36.55,48.635,208.55158,1099.17547,6170.80468,5.34124,4.12857,5.98385,0.20987,0.13084,0.02406,-0.03064,7,23,2.28571,129.0,116.0,0.5,0.7,0.58,0.25846,0.03974,0.16624,-0.01469,0.04703,0.03289,-0.0154,0.3
1776243180,2026-04-15T08:53:00,V2,DISC,flip,1,-2.931,-1.0163,0,9.8,0.2029,0.25785,11.77143,14.71429,5.12331,37.325,36.08,48.3,176.03271,1072.2511,6136.75006,3.59136,4.05076,5.98075,0.34111,0.01389,0.01426,-0.01393,8,24,2.0,205.0,0.0,0.5,0.7,0.6,0.25846,0.0759,0.25819,-0.01469,0.04241,0.16894,0.18838,0.4
1776245280,2026-04-15T09:28:00,V2,DISC,flip,-1,-3.0472,-1.0262,0,9.8,0.20338,0.22462,12.12041,15.15,5.89847,39.065,37.67,48.185,207.32648,1112.48377,6164.30052,4.32988,4.1655,5.98663,0.03054,0.04689,0.01624,-0.03621,9,25,1.77778,129.0,0.0,0.5,0.7,0.6,0.25792,0.07574,0.25819,-0.01389,0.01473,0.08975,0.07953,0.35
1776247560,2026-04-15T10:06:00,V2,DISC,flip,1,1.6181,0.8,1,9.8,0.20549,0.25019,8.2551,10.31939,5.28481,38.545,37.765,47.69,180.54108,1120.16257,6155.12372,3.84049,4.19914,5.99212,0.0107,0.03264,0.00921,-0.03621,10,27,1.7,117.0,0.0,0.5,0.7,0.6,0.25792,0.07574,0.25819,-0.01389,-0.01676,0.00358,-0.13305,0.25
1776249900,2026-04-15T10:45:00,V2,DISC,cont,1,-8.4574,-1.0008,0,9.8,0.20187,0.17741,34.49184,43.11531,7.44541,38.835,39.005,48.545,186.77258,1160.96844,6167.84853,4.44918,4.40494,6.01305,0.14722,0.01745,0.00442,0.00836,10,27,1.7,117.0,39.0,0.5,0.7,0.6,0.25792,0.07574,0.25819,-0.01389,0.01733,-0.06952,-0.30249,0.25
1776299040,2026-04-16T00:24:00,V2,DISC,flip,-1,15.1494,0.8,1,9.8,0.20271,0.18122,77.29286,96.61633,7.25683,42.255,54.355,48.345,182.99048,1568.51857,5730.23558,3.896,6.04323,5.53146,0.14933,0.01991,0.00217,-0.04735,5,14,1.8,129.0,0.0,0.55,0.6,0.56,0.07589,0.00299,0.25704,-0.10393,0.01167,0.08892,-0.06061,0.3
1776388980,2026-04-17T01:23:00,V2,DISC,flip,-1,-9.817,-1.0049,0,9.8,0.20682,0.17852,39.87449,49.84286,7.34922,36.34,46.855,47.385,183.15466,1313.51495,5829.71761,3.92949,4.86591,5.96806,0.20777,0.02639,0.00039,-0.08635,2,8,3.0,212.0,0.0,0.55,0.65,0.58,0.16656,0.03919,0.34706,-0.10393,-0.02338,0.17885,0.07454,0.35
1776421680,2026-04-17T10:28:00,V2,DISC,flip,-1,-10.5674,-1.0063,0,9.8,0.20987,0.1294,42.8602,53.57551,10.04548,65.66,37.55,46.695,387.11539,1438.90559,5969.26146,9.16698,6.36892,6.38821,0.31526,0.0581,0.02011,-0.08635,4,13,2.25,405.0,0.0,0.55,0.6,0.58,0.07632,0.03944,0.25681,-0.10393,0.02254,-0.01277,0.03088,0.3
1776430020,2026-04-17T12:47:00,V2,DISC,flip,1,7.5306,0.8,1,9.8,0.20167,0.11986,38.42143,48.02653,10.74377,57.31,49.57,48.595,330.36105,1697.8987,6165.66684,8.47671,7.31498,6.63692,0.26025,0.09757,0.03127,-0.0585,4,12,2.0,212.0,0.0,0.55,0.6,0.56,0.07603,0.00331,0.1665,-0.10393,0.03275,0.02171,0.08611,0.3
1776431160,2026-04-17T13:06:00,V2,DISC,cont,1,6.9032,0.8,1,9.8,0.19923,0.06789,35.22041,44.02551,18.89621,78.02,52.975,49.19,417.55857,1790.21647,6242.19277,9.85973,7.62323,6.72181,0.23608,0.09826,0.03557,-0.08078,4,13,2.25,212.0,19.0,0.55,0.6,0.56,0.07603,0.00331,0.1665,-0.10393,0.03275,0.02171,0.08611,0.3
1776432300,2026-04-17T13:25:00,V2,DISC,cont,1,-5.9386,-1.0037,0,9.8,0.19671,0.07394,24.15102,30.18878,17.21687,113.45,56.56,49.82,488.32942,1883.24164,6301.82493,10.91537,7.99078,6.82836,0.26968,0.1395,0.04274,-0.06964,4,13,2.25,212.0,38.0,0.55,0.6,0.56,0.07603,0.00331,0.1665,-0.10393,0.02303,0.07857,0.30759,0.35
1776433740,2026-04-17T13:49:00,V2,DISC,cont,1,15.2011,0.8,1,9.8,0.19661,0.05923,77.55714,96.94592,21.46736,142.865,62.915,49.845,652.34721,2183.35517,6490.16165,14.34196,9.29954,7.16598,0.17706,0.12342,0.05137,-0.07521,4,14,2.5,212.0,62.0,0.55,0.6,0.56,0.07603,0.00331,0.1665,-0.10393,0.0893,0.16108,0.3577,0.35
1776436440,2026-04-17T14:34:00,V2,DISC,cont,1,5.7784,0.8,1,9.8,0.19661,0.06574,29.48163,36.85204,19.15481,132.05,75.325,49.845,542.95242,2382.75925,6371.6945,11.43972,9.87606,6.90111,0.29994,0.13202,0.07909,-0.06407,4,16,3.0,212.0,107.0,0.55,0.6,0.56,0.07603,0.00331,0.1665,-0.10393,-0.00165,0.09612,0.40171,0.35
1776446460,2026-04-17T17:21:00,V2,DISC,flip,-1,-5.7424,-1.0004,0,9.8,0.19381,0.08958,23.42857,29.28571,14.14833,78.715,89.575,50.565,412.66242,2638.82406,6605.2164,8.58881,10.00004,6.89172,0.26045,0.09028,0.06297,-0.02507,5,18,2.6,274.0,0.0,0.55,0.65,0.6,0.16655,0.07694,0.1665,0.07795,-0.04069,0.01075,0.29157,0.3
1776447900,2026-04-17T17:45:00,V2,DISC,flip,1,-4.6274,-1.0005,0,9.8,0.19327,0.11075,18.87857,23.59796,11.4023,84.88,94.875,50.705,375.39369,2737.30856,6629.39055,8.03994,10.23227,6.93293,0.16636,0.10369,0.06341,-0.02507,6,20,2.33333,274.0,0.0,0.55,0.65,0.6,0.16655,0.07694,0.1665,0.07795,-0.04069,0.01075,0.29157,0.3
1776452700,2026-04-17T19:05:00,V2,DISC,flip,-1,-6.6502,-1.0041,0,9.8,0.19227,0.13624,27.03163,33.7898,9.32767,65.315,93.18,50.97,281.36151,2698.0649,6682.03801,5.93296,9.90646,6.93011,0.09303,0.04499,0.04202,0.00279,7,20,1.85714,274.0,0.0,0.55,0.65,0.6,0.16655,0.07694,0.1665,0.07795,-0.04657,-0.11096,0.17251,0.3
1776456060,2026-04-17T20:01:00,V2,DISC,flip,1,-2.895,-1.0139,0,9.8,0.1915,0.13821,11.6551,14.56837,9.1436,62.4,83.115,51.175,253.77044,2275.43575,6602.03154,5.36038,8.1913,6.90302,0.13493,0.01024,0.04195,0.00279,8,19,1.375,140.0,0.0,0.55,0.55,0.58,-0.01349,0.04093,0.07657,0.07795,-0.04884,-0.15023,0.14867,0.3
1776467820,2026-04-17T23:17:00,V2,DISC,flip,-1,6.1363,0.8,1,9.8,0.19716,0.25868,31.30816,39.13469,4.91075,35.865,53.32,49.705,157.04295,1432.36456,6559.83605,3.17205,5.33081,6.82516,0.22339,0.03912,0.04327,-0.04735,9,20,1.22222,140.0,0.0,0.6,0.45,0.56,-0.19439,0.00457,-0.10433,0.07795,-0.02767,-0.18613,-0.02075,0.25
1776511860,2026-04-18T11:31:00,V2,DISC,flip,1,-1.7992,-1.014,0,9.8,0.20904,0.24394,7.24286,9.05306,5.27613,43.31,32.215,46.88,195.80014,959.67402,6034.84002,3.97314,3.69372,6.20783,0.10299,0.14139,0.01296,0.02507,7,21,2.0,140.0,0.0,0.65,0.45,0.58,-0.19439,0.04063,-0.10433,0.07795,0.0328,-0.01703,-0.13157,0.2
1776513660,2026-04-18T12:01:00,V2,DISC,cont,1,-8.9848,-1.0312,0,9.8,0.20649,0.14074,35.56122,44.45204,9.13535,61.76,37.115,47.46,282.15292,1082.47413,6101.60779,5.94305,4.17166,6.26437,0.02974,0.11705,0.01437,0.03064,7,22,2.14286,140.0,30.0,0.65,0.45,0.58,-0.19439,0.04063,-0.10433,0.07795,-0.05434,-0.23429,-0.09259,0.25
1776553380,2026-04-18T23:03:00,V2,DISC,flip,1,-1.4154,-1.0401,0,9.8,0.28601,0.33062,5.55408,6.94286,3.90588,27.115,31.145,34.265,115.38117,914.48034,4078.77234,2.52742,3.46937,3.87782,0.18857,0.00544,0.04539,-0.10864,3,15,4.0,139.0,626.0,0.65,0.35,0.56,-0.37665,0.00416,-0.10436,-0.01361,-0.05868,-0.32592,-0.237,0.2
1776557760,2026-04-19T00:16:00,V2,DISC,flip,-1,2.4006,0.8,1,9.8,0.29607,0.29199,12.24796,15.3102,4.43257,25.61,30.105,33.1,114.25584,854.56731,3987.17912,2.43829,3.20002,3.79417,0.18618,0.01082,0.04982,-0.09192,2,14,6.0,139.0,699.0,0.65,0.35,0.56,-0.37665,0.00416,-0.10436,-0.01361,-0.05868,-0.32592,-0.237,0.2
1776559080,2026-04-19T00:38:00,V2,DISC,cont,-1,-1.6794,-1.0071,0,9.8,0.29616,0.34143,6.80612,8.50816,3.79699,27.07,29.645,33.09,135.45294,826.8974,3986.76584,3.13887,3.12758,3.79333,0.16493,0.00239,0.05116,-0.10864,2,14,6.0,139.0,721.0,0.65,0.35,0.56,-0.37665,0.00416,-0.10436,-0.01361,-0.05868,-0.32592,-0.237,0.2
1776562140,2026-04-19T01:29:00,V2,DISC,cont,-1,-5.019,-1.0173,0,9.8,0.29846,0.42158,20.13776,25.17245,3.0758,27.19,27.81,32.835,139.93974,782.93799,3961.89933,3.21424,2.91234,3.78608,0.07009,0.02296,0.05834,-0.09749,2,14,6.0,139.0,772.0,0.7,0.35,0.54,-0.37812,-0.03264,-0.19636,-0.01361,-0.05868,-0.32592,-0.237,0.2
1776596940,2026-04-19T11:09:00,V2,DISC,flip,1,8.5098,0.8,1,9.8,0.30145,0.24531,43.41735,54.27143,5.29362,25.525,29.795,32.51,147.77086,900.19272,3966.94098,3.74021,3.53692,3.85621,0.38525,0.01398,0.02229,-0.06964,2,12,5.0,139.0,1348.0,0.6,0.35,0.52,-0.37722,-0.06879,-0.10634,-0.10439,-0.00252,-0.07466,0.00042,0.25
1776617760,2026-04-19T16:56:00,V2,DISC,flip,-1,8.073,0.8,1,9.8,0.28634,0.11527,41.18878,51.48571,11.27574,56.01,50.99,34.225,265.0511,1487.0377,4169.80942,5.42893,5.54693,4.08905,0.24971,0.01467,0.01598,-0.06407,4,13,2.25,80.0,0.0,0.65,0.4,0.54,-0.28718,-0.03262,-0.10634,-0.10439,0.06694,0.06485,0.10353,0.3
1776621000,2026-04-19T17:50:00,V2,DISC,cont,-1,6.3064,0.8,1,9.8,0.27727,0.18106,32.17551,40.21939,7.21755,60.985,55.51,35.345,315.58663,1567.30502,4300.71555,6.95635,5.80081,4.21482,0.25788,0.05305,0.02891,-0.01393,4,14,2.5,80.0,54.0,0.65,0.4,0.54,-0.28718,-0.03262,-0.10634,-0.10439,0.07458,0.07754,0.09335,0.3
1776645060,2026-04-20T00:31:00,V2,DISC,flip,1,-2.033,-1.0322,0,9.8,0.2286,0.18047,8.03878,10.04898,7.3086,55.58,53.175,42.87,301.81024,1640.02643,5244.06508,6.35779,6.39637,5.18831,0.19167,0.04006,0.03438,-0.08078,5,16,2.2,196.0,0.0,0.6,0.45,0.54,-0.19693,-0.03262,-0.10634,-0.10439,0.13227,0.25992,-0.01707,0.25
1776646200,2026-04-20T00:50:00,V2,DISC,cont,1,2.9557,0.8,1,9.8,0.22764,0.22259,15.07959,18.85,5.92163,51.1,52.31,43.05,277.90597,1622.30107,5255.83761,6.05243,6.37674,5.20062,0.18028,0.03629,0.03306,-0.09192,5,17,2.4,196.0,19.0,0.6,0.45,0.54,-0.19693,-0.03262,-0.10634,-0.10439,0.13227,0.25992,-0.01707,0.25
1776663840,2026-04-20T05:44:00,V2,DISC,flip,-1,-2.205,-1.0078,0,9.8,0.21713,0.23764,8.93061,11.16327,5.56172,37.515,39.685,45.135,211.31539,1278.3349,5512.64417,4.33849,4.63437,5.29329,0.21631,0.02309,0.03681,-0.13649,6,18,2.0,230.0,0.0,0.55,0.45,0.54,-0.19822,-0.03321,-0.19795,-0.01438,0.1497,0.38729,0.12136,0.35
1776664920,2026-04-20T06:02:00,V2,DISC,flip,1,1.105,0.8,1,9.8,0.2165,0.27626,5.63776,7.04694,4.77139,38.52,39.295,45.265,221.59197,1253.42192,5538.84702,4.51491,4.56557,5.31008,0.1034,0.04713,0.03008,-0.12535,7,19,1.71429,230.0,0.0,0.55,0.45,0.54,-0.19822,-0.03321,-0.19795,-0.01438,0.1497,0.38729,0.12136,0.35
1776666720,2026-04-20T06:32:00,V2,DISC,cont,1,3.6619,0.8,1,9.8,0.21569,0.22003,18.68367,23.35408,5.97922,37.715,38.61,45.435,202.49065,1182.28642,5527.94996,4.18088,4.24503,5.31112,0.18369,0.02452,0.02387,-0.10306,7,19,1.71429,230.0,30.0,0.55,0.45,0.54,-0.19822,-0.03321,-0.19795,-0.01438,0.13171,0.30729,0.1391,0.4
1776669540,2026-04-20T07:19:00,V2,DISC,cont,1,4.1384,0.8,1,9.8,0.21372,0.18473,21.11429,26.39286,7.07862,47.235,38.775,45.855,241.08554,1213.55376,5596.57125,5.12204,4.39612,5.38005,0.27978,0.06947,0.00542,-0.04178,7,18,1.57143,230.0,77.0,0.55,0.45,0.54,-0.19822,-0.03321,-0.19795,-0.01438,0.16591,0.39826,0.25824,0.45
1776710280,2026-04-20T18:38:00,V2,DISC,flip,-1,-2.8292,-1.0023,0,9.8,0.1848,0.15341,11.52143,14.40204,8.40099,73.82,72.905,53.03,320.74024,2066.86055,6454.36666,6.77379,7.71477,6.3152,0.09637,0.04861,0.02581,-0.10864,4,17,3.25,230.0,0.0,0.65,0.45,0.56,-0.19843,0.00269,-0.28834,0.07575,0.19517,0.32872,0.21599,0.45
1776711000,2026-04-20T18:50:00,V2,DISC,flip,1,-6.0644,-1.0015,0,9.8,0.18466,0.11734,24.71633,30.8949,10.93225,74.585,75.11,53.07,329.20649,2073.9119,6451.91321,7.21505,7.79348,6.35165,0.15671,0.06248,0.03265,-0.09749,5,18,2.6,230.0,0.0,0.65,0.45,0.56,-0.19843,0.00269,-0.28834,0.07575,0.19192,0.36922,0.31405,0.45
1776726300,2026-04-20T23:05:00,V2,DISC,flip,-1,-8.7584,-1.0051,0,9.8,0.19059,0.20415,35.56531,44.45714,6.33715,37.415,47.45,51.42,197.38361,1434.01701,6284.49976,4.28001,5.6448,6.10982,0.25226,0.02164,0.03789,-0.16435,6,18,2.0,230.0,0.0,0.65,0.45,0.52,-0.19858,-0.06939,-0.2864,0.07575,-0.00701,-0.0591,-0.05902,0.35
1776759600,2026-04-21T08:20:00,V2,DISC,flip,1,3.9128,0.8,1,9.8,0.20677,0.20379,19.96327,24.95408,6.29858,45.185,35.015,47.395,227.62024,1063.0739,5788.71387,4.93048,3.98495,5.72835,0.15055,0.06951,0.03085,-0.11421,4,12,2.0,255.0,0.0,0.65,0.45,0.52,-0.19862,-0.06922,-0.37665,0.07575,-0.02156,-0.07856,-0.06738,0.3
1776775140,2026-04-21T12:39:00,V2,DISC,flip,-1,11.3858,0.8,1,9.8,0.20907,0.12162,58.09082,72.61327,10.58216,47.995,44.775,46.875,255.83372,1291.89234,5692.10235,5.82442,5.12593,5.63329,0.24996,0.00998,0.01992,-0.06407,7,17,1.42857,85.0,28.0,0.65,0.5,0.52,-0.10793,-0.06922,-0.37666,0.07575,0.06357,-0.12436,-0.19658,0.2
1776816360,2026-04-22T00:06:00,V2,DISC,flip,1,-2.832,-1.003,0,9.8,0.19697,0.15932,11.52449,14.4051,8.04311,42.865,50.165,49.755,229.6645,1614.98556,5950.35758,5.5124,6.50171,5.86156,0.36596,0.06988,0.01434,-0.04178,5,12,1.4,85.0,0.0,0.65,0.5,0.54,-0.10793,-0.03321,-0.28641,0.07575,0.03263,-0.1409,-0.29085,0.15
1776817500,2026-04-22T00:25:00,V2,DISC,flip,-1,-3.4196,-1.0426,0,9.8,0.19673,0.16464,13.38673,16.73367,7.8037,54.055,50.42,49.815,307.98118,1671.32453,6013.19758,6.89651,6.65552,5.90336,0.20277,0.0622,0.00883,-0.03621,6,13,1.16667,85.0,0.0,0.65,0.5,0.54,-0.10793,-0.03321,-0.28641,0.07575,0.03263,-0.1409,-0.29085,0.15
1776819720,2026-04-22T01:02:00,V2,DISC,flip,1,-3.7682,-1.0081,0,9.8,0.19629,0.17657,15.25612,19.07041,7.26203,53.4,49.245,49.925,291.33348,1626.72574,5999.73203,6.29992,6.49367,5.90159,0.035,0.05684,0.00766,-0.0585,6,14,1.33333,85.0,37.0,0.65,0.5,0.54,-0.10793,-0.03321,-0.28641,0.07575,0.00644,-0.14561,-0.32603,0.15
1776823800,2026-04-22T02:10:00,V2,DISC,cont,1,7.3709,0.8,1,9.8,0.19626,0.17528,37.60612,47.00816,7.30033,42.58,44.75,49.935,225.66875,1399.86909,6002.38632,5.66503,5.3582,5.93209,0.14209,0.09362,0.01688,-0.04178,6,15,1.5,85.0,105.0,0.65,0.5,0.54,-0.10738,-0.033,-0.28624,0.07575,-0.05958,-0.26195,-0.45115,0.1
1776824160,2026-04-22T02:16:00,V2,DISC,cont,1,3.6146,0.8,1,9.8,0.19582,0.09066,18.44184,23.05204,14.05633,42.855,44.75,50.045,288.47826,1438.08059,6044.85252,7.56151,5.67306,6.02292,0.24283,0.12246,0.02454,-0.03621,7,16,1.28571,85.0,0.0,0.65,0.5,0.54,-0.10738,-0.033,-0.28624,0.07575,-0.05958,-0.26195,-0.45115,0.1
1776824880,2026-04-22T02:28:00,V2,DISC,cont,1,6.6941,0.8,1,9.8,0.19387,0.07018,34.15306,42.69184,18.08978,47.64,44.75,50.55,351.99408,1476.79475,6116.53339,8.71761,5.93237,6.12042,0.36955,0.13292,0.02941,-0.0195,7,17,1.42857,85.0,12.0,0.7,0.5,0.54,-0.10795,-0.03384,-0.37838,0.07575,-0.05958,-0.26195,-0.45115,0.1
1776874680,2026-04-22T16:18:00,V2,DISC,flip,-1,-1.804,-1.001,0,9.8,0.18926,0.17109,7.35612,9.1949,7.2368,68.74,58.08,51.78,314.06631,1615.0184,6143.41359,6.53226,6.20927,6.22187,0.06472,0.08794,0.06576,-0.02507,4,20,4.0,111.0,0.0,0.65,0.6,0.52,0.07487,-0.07,-0.37876,0.25646,-0.03262,0.1398,0.18525,0.3
1776875400,2026-04-22T16:30:00,V2,DISC,cont,-1,-2.0238,-1.0412,0,9.8,0.18994,0.14351,7.93367,9.91735,8.65587,61.94,58.765,51.595,284.59899,1660.525,6158.83257,5.6734,6.30001,6.22335,0.16567,0.0599,0.06102,-0.02507,4,21,4.25,111.0,12.0,0.65,0.6,0.52,0.07487,-0.07,-0.37876,0.25646,-0.04678,0.13647,0.05387,0.25
1776876120,2026-04-22T16:42:00,V2,DISC,cont,-1,2.636,0.8,1,9.8,0.18934,0.1364,13.44898,16.81122,9.10817,60.6,60.135,51.76,259.75231,1686.08787,6147.24191,5.28536,6.36047,6.20915,0.18543,0.05646,0.05944,-0.03621,4,22,4.5,111.0,24.0,0.65,0.6,0.52,0.07487,-0.07,-0.37876,0.25646,-0.12951,0.01902,-0.1079,0.25
1776876840,2026-04-22T16:54:00,V2,DISC,cont,-1,-3.0406,-1.0105,0,9.8,0.18994,0.1342,12.28163,15.35204,9.27495,58.515,61.99,51.595,259.12187,1734.88298,6166.96351,5.10491,6.45083,6.20958,0.34592,0.04398,0.05757,-0.03621,4,23,4.75,111.0,36.0,0.65,0.6,0.52,0.07487,-0.07,-0.37876,0.25646,-0.03431,0.11957,0.11746,0.3
1776883680,2026-04-22T18:48:00,V2,DISC,flip,1,-8.2686,-1.1363,0,9.8,0.19485,0.24077,29.7,37.12551,5.14764,39.37,64.16,50.295,183.39432,1759.03199,6028.42793,3.71038,6.55601,6.06921,0.13774,0.06098,0.07652,-0.04178,5,23,3.6,111.0,0.0,0.6,0.5,0.48,-0.10724,-0.14285,-0.37878,0.1644,-0.07434,0.12676,0.23437,0.35
1776890700,2026-04-22T20:45:00,V2,DISC,flip,-1,-2.377,-1.0106,0,9.8,0.2024,0.26825,9.6,12.0,4.65287,42.545,56.1,48.42,163.27457,1502.3125,5727.63772,3.55923,5.44742,5.66586,0.27236,0.01919,0.06406,0.00279,6,23,2.83333,111.0,0.0,0.55,0.5,0.46,-0.10615,-0.17906,-0.37878,0.07387,-0.06056,0.1169,0.20596,0.35
1776894240,2026-04-22T21:44:00,V2,DISC,flip,1,0.8898,0.8,1,9.8,0.20366,0.27633,4.5398,5.67449,4.50145,33.175,47.73,48.12,135.48915,1279.85229,5654.78192,2.8519,4.69296,5.62964,0.24041,0.05136,0.07444,-0.02507,6,23,2.83333,111.0,59.0,0.6,0.45,0.44,-0.20297,-0.21778,-0.38539,0.07387,-0.013,0.15795,0.21711,0.35
1776895200,2026-04-22T22:00:00,V2,DISC,cont,1,-2.281,-1.0074,0,9.8,0.20317,0.2158,9.24184,11.55204,5.75956,34.41,46.96,48.235,142.00611,1245.16958,5659.49126,2.88676,4.58445,5.63198,0.30556,0.05224,0.07364,-0.00836,7,24,2.42857,111.0,0.0,0.6,0.45,0.44,-0.20297,-0.21778,-0.38539,0.07387,-0.013,0.15795,0.21711,0.35
1776895920,2026-04-22T22:12:00,V2,DISC,cont,1,-3.0528,-1.0156,0,9.8,0.20349,0.1889,12.26939,15.33673,6.57898,35.66,46.42,48.16,155.35984,1248.18591,5674.74478,3.34955,4.60135,5.63914,0.21186,0.03835,0.07398,-0.03064,7,25,2.57143,111.0,12.0,0.6,0.45,0.44,-0.20297,-0.21778,-0.38539,0.07387,-0.013,0.15795,0.21711,0.35
1776897240,2026-04-22T22:34:00,V2,DISC,flip,-1,-2.1822,-1.014,0,9.8,0.20349,0.22164,8.78367,10.97959,5.6313,42.04,45.605,48.16,183.9468,1227.18655,5662.66558,3.78546,4.50692,5.59993,0.14691,0.05074,0.07024,-0.01393,8,26,2.25,111.0,0.0,0.6,0.45,0.44,-0.20297,-0.21778,-0.38539,0.07387,-0.05649,0.11946,0.12555,0.35
1776900060,2026-04-22T23:21:00,V2,DISC,cont,-1,4.1192,0.8,1,9.8,0.20317,0.23965,21.01633,26.27041,5.21816,38.615,41.78,48.235,194.68195,1165.12237,5695.12078,4.38735,4.32031,5.61905,0.18312,0.05707,0.05693,-0.02507,8,28,2.5,111.0,47.0,0.6,0.45,0.42,-0.20311,-0.254,-0.38523,0.07387,-0.10085,-0.08584,-0.25222,0.2
1776902940,2026-04-23T00:09:00,V2,DISC,cont,-1,4.1694,0.8,1,9.8,0.20305,0.14056,21.27245,26.59082,8.9192,44.645,41.51,48.265,245.34195,1162.753,5701.44988,5.71261,4.36431,5.59626,0.21551,0.08592,0.03854,-0.06964,7,28,3.0,111.0,95.0,0.6,0.4,0.44,-0.29348,-0.2176,-0.38523,-0.0165,-0.10521,-0.1094,-0.25972,0.2
1776954420,2026-04-23T14:27:00,V2,DISC,flip,1,9.1216,0.8,1,9.8,0.19518,0.11609,46.53878,58.17347,10.82781,81.255,52.37,50.21,299.28076,1351.38422,5595.95898,6.46992,5.12855,5.39082,0.14246,0.00517,0.02605,-0.07521,5,18,2.6,111.0,953.0,0.5,0.45,0.44,-0.20452,-0.21765,-0.38523,0.0733,-0.06235,-0.17249,-0.45994,0.1
1776964620,2026-04-23T17:17:00,V2,DISC,flip,-1,-3.6264,-1.0063,0,9.8,0.19543,0.08862,14.70816,18.38571,14.23157,64.55,63.495,50.145,291.25995,1645.23368,5598.8332,6.0002,5.97257,5.38362,0.28145,0.01973,0.02622,-0.02235,4,10,1.5,111.0,1123.0,0.5,0.45,0.46,-0.20452,-0.18156,-0.29322,0.0733,-0.06235,-0.17249,-0.45994,0.1
1776965760,2026-04-23T17:36:00,V2,DISC,cont,-1,5.5154,0.8,1,9.8,0.19495,0.08352,28.1398,35.17449,15.13233,80.405,66.445,50.27,337.61936,1730.64191,5662.54391,7.02813,6.24521,5.44322,0.33344,0.00042,0.02831,-0.02235,4,10,1.5,111.0,1142.0,0.5,0.45,0.46,-0.20452,-0.18156,-0.29322,0.0733,-0.06235,-0.17249,-0.45994,0.1
1776967800,2026-04-23T18:10:00,V2,DISC,flip,1,-6.997,-1.0034,0,9.8,0.19174,0.06627,28.46327,35.57959,18.91937,118.09,72.105,51.11,536.27753,1972.32946,5832.37828,11.22403,7.33564,5.74861,0.08172,0.0235,0.01651,0.0,4,10,1.5,111.0,1176.0,0.5,0.45,0.46,-0.20452,-0.18156,-0.29322,0.0733,-0.06235,-0.17249,-0.45994,0.1
1776992460,2026-04-24T01:01:00,V2,DISC,flip,-1,2.4691,0.8,1,9.8,0.19518,0.19397,12.59796,15.74694,6.45279,40.58,39.205,50.21,200.52494,1138.92713,5603.8521,4.50232,4.2684,5.3631,0.00761,0.06974,0.00237,-0.04735,0,2,2.0,111.0,1587.0,0.45,0.45,0.44,-0.20272,-0.21762,-0.47371,0.16349,-0.06235,-0.17249,-0.45994,0.1
1777028700,2026-04-24T11:05:00,V2,DISC,flip,1,-13.3378,-1.012,0,9.8,0.21703,0.12297,53.79592,67.2449,10.20528,32.315,34.72,45.155,189.93128,1081.86083,5433.34759,4.85773,4.29002,5.30433,0.42395,0.05041,0.01487,-0.14206,0,0,0.0,111.0,2191.0,0.45,0.5,0.46,-0.11232,-0.18155,-0.47371,0.16349,-0.06235,-0.17249,-0.45994,0.1
1777111680,2026-04-25T10:08:00,V2,DISC,flip,1,1.3278,0.8,1,9.8,0.34188,0.34079,6.77449,8.46837,3.69603,19.75,17.605,28.665,92.23742,471.36661,3533.75475,2.20909,1.80989,3.66734,0.22287,0.04127,0.01128,-0.16992,0,0,0.0,111.0,3574.0,0.5,0.45,0.44,-0.20291,-0.21779,-0.4727,0.16349,-0.06235,-0.17249,-0.45994,0.1
1777116000,2026-04-25T11:20:00,V2,DISC,flip,-1,0.8021,0.8,1,9.8,0.3563,0.469,4.09184,5.11531,2.68807,21.13,17.885,27.505,70.91907,462.85017,3378.81001,1.54064,1.74309,3.49206,0.10704,0.05499,0.01487,-0.16435,0,0,0.0,111.0,3646.0,0.5,0.45,0.44,-0.20291,-0.21779,-0.4727,0.16349,-0.06235,-0.17249,-0.45994,0.1
1777117500,2026-04-25T11:45:00,V2,DISC,cont,-1,-1.3386,-1.0411,0,9.8,0.36642,0.43546,5.24796,6.5602,2.89827,21.78,18.215,26.745,77.91522,476.73799,3307.35773,1.73159,1.80087,3.41791,0.32137,0.02799,0.02272,-0.17549,0,0,0.0,111.0,3671.0,0.5,0.45,0.44,-0.20291,-0.21779,-0.4727,0.16349,-0.06235,-0.17249,-0.45994,0.1
1777118820,2026-04-25T12:07:00,V2,DISC,flip,1,-1.2994,-1.0059,0,9.8,0.37269,0.41176,5.27245,6.59082,3.06206,21.815,18.71,26.295,91.19545,489.56216,3281.97601,2.09317,1.85739,3.40243,0.06659,0.04206,0.02025,-0.11421,0,0,0.0,111.0,3693.0,0.5,0.45,0.44,-0.20291,-0.21779,-0.4727,0.16349,-0.06235,-0.17249,-0.45994,0.1
1777121340,2026-04-25T12:49:00,V2,DISC,flip,-1,-1.5642,-1.019,0,9.8,0.38697,0.377,6.26531,7.83163,3.35141,21.55,19.25,25.325,99.33431,507.80294,3218.9238,2.17126,1.9241,3.35299,0.14754,0.00188,0.02391,-0.12535,0,0,0.0,111.0,3735.0,0.55,0.45,0.44,-0.20292,-0.21779,-0.38231,0.16349,-0.06235,-0.17249,-0.45994,0.1
1777124640,2026-04-25T13:44:00,V2,DISC,flip,1,1.399,0.8,1,9.8,0.40978,0.59655,7.13776,8.92245,2.11462,16.075,18.7,23.915,62.58196,477.88862,3046.08896,1.43328,1.84828,3.22587,0.22362,0.0369,0.02179,-0.13092,0,0,0.0,111.0,3790.0,0.6,0.45,0.46,-0.20291,-0.18178,-0.38231,0.16349,-0.06235,-0.17249,-0.45994,0.1
1777131960,2026-04-25T15:46:00,V2,DISC,flip,-1,2.0362,0.8,1,9.8,0.44596,0.55196,10.38878,12.98571,2.28723,16.865,19.3,21.975,68.16741,497.82458,2637.73318,1.40981,1.87535,2.69934,0.21162,0.02883,0.02191,-0.09749,0,0,0.0,111.0,3912.0,0.7,0.45,0.46,-0.20358,-0.18273,-0.29311,0.07143,-0.06235,-0.17249,-0.45994,0.1
1777135080,2026-04-25T16:38:00,V2,DISC,cont,-1,-4.4254,-1.0167,0,9.8,0.44913,0.16923,17.76531,22.20714,7.49541,33.425,20.255,21.82,159.46869,570.61976,2574.889,3.67449,2.29772,2.60551,0.374,0.13567,0.02837,-0.13092,0,0,0.0,111.0,3964.0,0.7,0.45,0.46,-0.20358,-0.18273,-0.29311,0.07143,-0.06235,-0.17249,-0.45994,0.1
1777154340,2026-04-25T21:59:00,V2,DISC,flip,1,-2.8084,-1.0118,0,9.8,0.50594,0.37207,11.32857,14.16122,3.39636,20.01,20.33,19.37,94.75753,591.12369,2157.99489,2.12633,2.30105,2.09913,0.08579,0.04278,0.00062,-0.09192,0,0,0.0,111.0,4285.0,0.65,0.5,0.48,-0.10707,-0.14616,-0.29311,-0.0194,-0.06235,-0.17249,-0.45994,0.1
1777192560,2026-04-26T08:36:00,V2,DISC,flip,1,-6.6348,-1.0047,0,9.8,0.49949,0.37031,26.9551,33.69388,3.38365,20.74,22.055,19.62,86.75875,671.48918,2310.65633,1.85885,3.18639,2.44701,0.33533,0.11932,0.03194,-0.11978,0,0,0.0,111.0,4919.0,0.65,0.45,0.48,-0.19766,-0.1456,-0.3837,-0.0194,-0.06235,-0.17249,-0.45994,0.1
1777266240,2026-04-27T05:04:00,V2,DISC,flip,-1,9.7541,0.8,1,9.8,0.32656,0.1945,49.76531,62.20714,6.39574,33.505,48.07,30.01,155.11244,1362.49543,3846.92846,3.41575,5.6196,4.76399,0.29621,0.04127,0.03428,0.11421,2,4,1.0,117.0,0.0,0.7,0.45,0.46,-0.19752,-0.18169,-0.38378,-0.0194,0.08374,-0.02334,-0.39333,0.15
1777267800,2026-04-27T05:30:00,V2,DISC,cont,-1,3.7565,0.8,1,9.8,0.32553,0.08554,19.16531,23.95714,14.73147,51.845,50.135,30.105,297.75274,1465.53204,3978.2476,6.6486,5.99612,4.84271,0.58676,0.02822,0.01316,0.12535,2,5,1.5,117.0,26.0,0.7,0.45,0.46,-0.19752,-0.18169,-0.38378,-0.0194,0.08374,-0.02334,-0.39333,0.15
1777269900,2026-04-27T06:05:00,V2,DISC,cont,-1,-3.7414,-1.0071,0,9.8,0.32021,0.1931,15.16327,18.95408,6.53118,73.52,49.695,30.605,359.84851,1437.41351,4069.20879,7.81954,5.80813,4.91733,0.37365,0.09826,0.01052,0.0585,2,6,2.0,117.0,61.0,0.7,0.45,0.46,-0.19752,-0.18169,-0.38378,-0.0194,0.10796,0.03042,-0.20556,0.2
1777271400,2026-04-27T06:30:00,V2,DISC,cont,-1,-6.065,-1.3113,0,9.8,0.31649,0.21859,18.87857,23.59796,5.77431,47.13,48.21,30.965,242.09212,1431.62753,4119.60382,5.34309,5.796,4.94222,0.06688,0.07465,0.01064,0.04178,2,7,2.5,117.0,86.0,0.7,0.45,0.46,-0.19752,-0.18169,-0.38378,-0.0194,0.10796,0.03042,-0.20556,0.2
1777300500,2026-04-27T14:35:00,V2,DISC,flip,1,-10.7128,-1.0046,0,9.8,0.25957,0.15741,43.52755,54.40918,7.97619,55.73,33.02,37.755,246.43825,934.34535,4596.6401,5.67567,3.62133,5.2031,0.15108,0.05756,0.00027,-0.06407,3,8,1.66667,150.0,0.0,0.7,0.45,0.46,-0.21196,-0.18757,-0.29165,0.05746,0.03159,-0.01235,-0.28517,0.15
1777309020,2026-04-27T16:57:00,V2,DISC,flip,-1,-11.0802,-1.0043,0,9.8,0.23518,0.21529,45.03367,56.29184,5.94711,47.235,47.355,41.67,203.91891,1382.68202,5208.21795,4.67986,5.90544,5.73533,0.1461,0.12525,0.03718,-0.00836,4,9,1.25,150.0,0.0,0.7,0.4,0.44,-0.3022,-0.22366,-0.29148,0.05746,0.07705,-0.05494,-0.37324,0.1
1777331760,2026-04-27T23:16:00,V2,DISC,cont,1,2.0818,0.8,1,9.8,0.23865,0.36653,10.62143,13.27653,3.46681,27.405,33.52,41.065,144.43627,977.51795,4908.2722,3.20872,3.60195,5.02799,0.24204,0.05272,0.03266,-0.08078,6,16,1.66667,142.0,30.0,0.7,0.4,0.44,-0.30209,-0.2231,-0.29164,0.05746,0.02502,0.04943,-0.22666,0.15
1777332720,2026-04-27T23:32:00,V2,DISC,cont,1,1.3595,0.8,1,9.8,0.24117,0.42211,6.93673,8.67041,3.00772,24.245,32.2,40.635,122.21489,939.68541,4816.0338,2.49174,3.44621,4.91359,0.21115,0.04454,0.03242,-0.09192,6,16,1.66667,142.0,46.0,0.7,0.4,0.44,-0.30209,-0.2231,-0.29164,0.05746,0.05032,0.04373,-0.11631,0.2
1777333740,2026-04-27T23:49:00,V2,DISC,cont,1,-0.9412,-1.0188,0,9.8,0.24281,0.29465,3.77041,4.71327,4.30106,26.215,31.535,40.36,128.50549,918.10696,4762.94964,2.5982,3.36895,4.87082,0.27262,0.07581,0.03939,-0.13092,6,17,1.83333,142.0,63.0,0.7,0.4,0.44,-0.30209,-0.2231,-0.29164,0.05746,0.05375,0.04817,-0.04422,0.25
1777334040,2026-04-27T23:54:00,V2,DISC,cont,1,-3.4476,-1.0123,0,9.8,0.24363,0.24247,13.90102,17.37653,5.21929,24.245,31.33,40.225,139.88101,916.20311,4759.62952,3.23002,3.41559,4.88245,0.34151,0.09584,0.03379,-0.11978,6,18,2.0,142.0,68.0,0.7,0.4,0.44,-0.30209,-0.2231,-0.29164,0.05746,0.05375,0.04817,-0.04422,0.25
1777335840,2026-04-28T00:24:00,V2,DISC,flip,-1,-3.4454,-1.0029,0,9.8,0.24427,0.22057,14.02245,17.52857,5.75149,33.52,31.33,40.12,176.42147,931.83889,4762.76103,4.00719,3.45745,4.86797,0.09209,0.06566,0.03555,-0.10306,7,19,1.71429,142.0,0.0,0.7,0.4,0.44,-0.30209,-0.2231,-0.29164,0.05746,0.13357,-0.01705,-0.09765,0.25
1777339440,2026-04-28T01:24:00,V2,DISC,cont,-1,4.1747,0.8,1,9.8,0.25077,0.31234,21.3,26.62449,4.0636,37.175,32.05,39.08,177.53532,973.10479,4648.60037,3.69159,3.55999,4.70865,0.02731,0.0614,0.051,-0.05292,7,18,1.57143,142.0,60.0,0.7,0.4,0.44,-0.3021,-0.2231,-0.29164,0.05746,0.13612,-0.04378,-0.13666,0.25
1777362840,2026-04-28T07:54:00,V2,DISC,flip,1,-3.0528,-1.0014,0,9.8,0.26692,0.22951,12.44286,15.55408,5.55215,39.505,36.535,36.715,183.06348,1019.92531,4342.79105,3.88098,3.84998,4.34293,0.14661,0.02769,0.02343,0.00279,7,20,1.85714,218.0,0.0,0.5,0.35,0.42,-0.39302,-0.25958,-0.28497,-0.1241,0.00693,-0.03787,-0.19886,0.25
1777366200,2026-04-28T08:50:00,V2,DISC,flip,-1,-1.1846,-1.0007,0,9.8,0.26728,0.32618,4.83163,6.0398,3.91517,35.815,35.68,36.665,179.0384,981.70497,4367.76746,3.6501,3.54789,4.34971,0.02151,0.01378,0.02954,-0.02507,8,23,1.875,142.0,0.0,0.5,0.35,0.42,-0.39302,-0.25958,-0.28497,-0.1241,-0.0245,-0.09552,-0.19763,0.25
1777368720,2026-04-28T09:32:00,V2,DISC,cont,-1,2.5067,0.8,1,9.8,0.26813,0.31563,12.7898,15.98673,4.04756,31.975,34.5,36.55,137.22326,959.15228,4356.81593,2.74497,3.46747,4.34274,0.1674,0.00714,0.0326,-0.00836,8,24,2.0,142.0,42.0,0.5,0.35,0.42,-0.39302,-0.25958,-0.28497,-0.1241,-0.09274,-0.13688,-0.22065,0.25
1777380420,2026-04-28T12:47:00,V2,DISC,flip,1,-4.7524,-1.0012,0,9.8,0.25316,0.20184,19.37347,24.21735,6.35803,46.475,37.95,38.71,193.61295,1002.71771,4497.81158,3.96377,3.48463,4.40237,0.09551,0.03827,0.03934,-0.02507,9,30,2.33333,142.0,0.0,0.5,0.4,0.42,-0.29983,-0.25949,-0.37455,-0.1241,0.07497,-0.01024,0.00103,0.3
1777386120,2026-04-28T14:22:00,V2,DISC,flip,-1,-10.1592,-1.0021,0,9.8,0.24864,0.14578,41.37755,51.72245,8.85612,65.605,42.7,39.415,300.73278,1167.22603,4630.31789,6.0572,4.22404,4.49583,0.09495,0.10892,0.05638,-0.01393,10,31,2.1,98.0,0.0,0.5,0.4,0.42,-0.29983,-0.25949,-0.37455,-0.1241,0.06153,-0.03235,-0.14706,0.25
1777413180,2026-04-28T21:53:00,V2,DISC,flip,-1,-2.4302,-1.025,0,9.8,0.2654,0.369,9.67755,12.09694,3.4822,23.55,32.085,36.925,120.48866,899.03398,4226.20232,2.48032,3.1402,3.8641,0.19163,0.03374,0.01883,-0.1532,8,37,3.625,95.0,0.0,0.5,0.3,0.4,-0.48,-0.2955,-0.46402,-0.1241,-0.11786,-0.15317,-0.10382,0.15
1777416600,2026-04-28T22:50:00,V2,DISC,cont,-1,-3.6244,-1.0008,0,9.8,0.26594,0.39746,14.78163,18.47755,3.23389,26.68,29.97,36.85,131.31803,864.53331,4204.80403,3.03142,3.07488,3.85375,0.07834,0.05198,0.02496,-0.17549,7,36,4.14286,95.0,57.0,0.5,0.3,0.4,-0.48,-0.2955,-0.46402,-0.1241,-0.09363,-0.17263,-0.09293,0.15
1777432560,2026-04-29T03:16:00,V2,DISC,flip,1,4.7664,0.8,1,9.8,0.27652,0.31968,24.31837,30.39796,3.99795,26.63,28.39,35.44,126.48126,832.78309,4044.59657,2.76082,3.21535,3.7421,0.19776,0.05299,0.0038,-0.14763,7,29,3.14286,98.0,0.0,0.5,0.3,0.4,-0.47986,-0.295,-0.46495,-0.21414,-0.14437,-0.24258,-0.24469,0.1
1777437120,2026-04-29T04:32:00,V2,DISC,cont,1,4.927,0.8,1,9.8,0.27413,0.21807,25.13776,31.42245,5.82343,36.92,29.405,35.75,192.99986,910.01495,4085.24752,4.55062,3.69706,3.84694,0.24399,0.12211,0.01239,-0.09192,7,30,3.28571,98.0,76.0,0.5,0.3,0.4,-0.47986,-0.295,-0.46495,-0.21414,-0.12275,-0.23017,-0.24385,0.1
1777460460,2026-04-29T11:01:00,V2,DISC,flip,-1,-2.5208,-1.0119,0,9.8,0.27578,0.26135,10.16837,12.7102,4.83564,42.045,32.5,35.535,178.73548,907.91692,4051.11835,4.02978,3.66687,3.93798,0.06661,0.04816,0.03092,-0.01393,6,25,3.16667,237.0,0.0,0.45,0.35,0.4,-0.38962,-0.295,-0.37478,-0.12208,-0.10123,-0.25697,-0.2946,0.1
1777460940,2026-04-29T11:09:00,V2,DISC,cont,-1,-3.1876,-1.0062,0,9.8,0.27536,0.22277,12.93061,16.16327,5.67461,42.045,32.5,35.59,186.53223,922.11983,4068.2708,4.04674,3.71565,3.94805,0.16882,0.03854,0.03361,0.00279,6,25,3.16667,237.0,8.0,0.45,0.35,0.4,-0.38962,-0.295,-0.37478,-0.12208,-0.10123,-0.25697,-0.2946,0.1
1777464240,2026-04-29T12:04:00,V2,DISC,cont,-1,3.6051,0.8,1,9.8,0.28016,0.25862,18.39388,22.99184,4.89157,32.63,32.59,34.98,172.65392,962.16188,4026.62885,3.65055,3.8324,3.91546,0.15376,0.02691,0.04072,-0.00836,6,24,3.0,237.0,63.0,0.45,0.35,0.4,-0.38962,-0.295,-0.37478,-0.12208,-0.11298,-0.30619,-0.21156,0.1
1777512420,2026-04-30T01:27:00,V2,DISC,flip,1,-4.3688,-1.0041,0,9.8,0.2274,0.2025,17.75918,22.19898,6.33726,58.275,40.29,43.095,291.81129,1254.71235,5281.91092,5.93093,4.44918,5.34676,0.26618,0.08946,0.00324,-0.11421,3,15,4.0,323.0,0.0,0.5,0.35,0.4,-0.37461,-0.29452,-0.46538,-0.12186,0.01553,-0.07851,0.01482,0.25
1777523820,2026-04-30T04:37:00,V2,DISC,flip,-1,-10.9196,-1.0041,0,9.8,0.21877,0.17247,44.38776,55.48469,7.53451,41.3,44.355,44.795,160.25996,1308.56053,5479.14763,3.23565,5.11651,5.4859,0.39305,0.0505,0.04403,-0.04178,3,14,3.66667,237.0,0.0,0.5,0.35,0.38,-0.37459,-0.3306,-0.46498,-0.12186,-0.0517,-0.12597,-0.07854,0.25
1777534620,2026-04-30T07:37:00,V2,DISC,flip,1,1.4826,0.8,1,9.8,0.21749,0.20633,7.56429,9.4551,6.25081,36.895,41.29,45.06,164.90359,1170.13471,5514.22697,3.4176,4.76212,5.53513,0.17252,0.03298,0.02735,-0.06407,4,15,2.75,237.0,0.0,0.5,0.35,0.38,-0.37458,-0.33047,-0.55518,-0.12186,-0.02012,-0.10562,-0.09536,0.25
1777536240,2026-04-30T08:04:00,V2,DISC,cont,1,-2.3654,-1.0188,0,9.8,0.21425,0.2028,9.47653,11.84592,6.3468,40.205,41.345,45.74,195.68012,1178.52255,5522.55943,3.92004,4.79231,5.54777,0.27462,0.01067,0.0208,-0.08078,4,16,3.0,237.0,27.0,0.5,0.35,0.38,-0.37458,-0.33047,-0.55518,-0.12186,-0.02012,-0.10562,-0.09536,0.25
1777541400,2026-04-30T09:30:00,V2,DISC,cont,1,-6.1182,-1.0046,0,9.8,0.2133,0.22944,24.85816,31.07245,5.60043,33.55,38.04,45.945,177.23016,1054.65753,5609.64154,3.83758,3.88503,5.60384,0.18565,0.05089,0.02014,-0.08635,5,17,2.4,190.0,10.0,0.5,0.35,0.38,-0.37458,-0.33047,-0.55518,-0.12186,-0.00289,-0.0594,2e-05,0.3
1777549260,2026-04-30T11:41:00,V2,DISC,flip,-1,-5.5202,-1.0208,0,9.8,0.21926,0.27143,22.07143,27.5898,4.75589,30.88,35.92,44.695,152.58068,1025.07486,5582.87792,3.30888,3.69699,5.52096,0.06865,0.02558,0.04014,-0.13649,4,13,2.25,190.0,141.0,0.55,0.3,0.38,-0.4648,-0.328,-0.55518,-0.12188,-0.03549,-0.15347,-0.04736,0.3
1777556400,2026-04-30T13:40:00,V2,DISC,flip,1,-9.3298,-1.0056,0,9.8,0.22245,0.11265,37.86837,47.33571,11.37044,37.07,34.78,44.055,191.57462,1042.56604,5337.33926,4.73694,3.93757,5.37585,0.15034,0.06112,0.00368,-0.09749,5,12,1.4,260.0,0.0,0.55,0.3,0.38,-0.4648,-0.328,-0.55518,-0.12188,-0.02378,-0.13757,-0.01383,0.3
1777668000,2026-05-01T20:40:00,V2,DISC,flip,-1,-15.239,-1.0182,0,9.8,0.28726,0.26053,61.08878,76.36122,4.82173,38.465,48.05,34.115,176.25247,1350.66943,4367.11998,3.60937,5.14268,4.58318,0.23595,0.01772,0.04524,-0.09192,1,9,8.0,323.0,0.0,0.6,0.3,0.38,-0.46536,-0.32807,-0.55526,-0.12188,-0.00351,-0.08055,-0.00977,0.3
1777772220,2026-05-03T01:37:00,V2,DISC,flip,-1,-3.0288,-1.012,0,9.8,0.49482,0.30592,12.21633,15.27041,4.09921,33.21,23.825,19.805,162.9024,841.96841,2539.41657,3.73883,4.72233,3.00914,0.3983,0.04644,0.0106,-0.04178,11,23,1.09091,115.0,0.0,0.65,0.25,0.38,-0.55628,-0.32815,-0.64617,-0.12188,-0.00865,0.04073,-0.50008,0.2
1777774680,2026-05-03T02:18:00,V2,DISC,cont,-1,-3.784,-1.0251,0,9.8,0.4962,0.25572,15.06735,18.83367,4.90497,30.37,25.82,19.75,134.05227,889.97644,2542.77575,2.83804,4.78707,3.0052,0.14982,0.04112,0.0089,-0.05292,10,23,1.3,115.0,41.0,0.65,0.25,0.38,-0.55628,-0.32815,-0.64617,-0.12188,-0.06527,-0.00282,-0.39432,0.2
1777791720,2026-05-03T07:02:00,V2,DISC,flip,1,1.7445,0.8,1,9.8,0.5235,0.27313,8.9,11.12551,4.57871,19.83,20.52,18.72,98.88941,585.09799,2380.03116,2.22686,2.27045,2.91164,0.16306,0.03937,0.00298,-0.06704,8,23,1.875,118.0,204.0,0.6,0.25,0.34,-0.55802,-0.4009,-0.73677,-0.21314,-0.10651,-0.06503,-0.33809,0.2
1777805160,2026-05-03T10:46:00,V2,DISC,flip,-1,-1.808,-1.3286,0,9.8,0.49771,0.51682,5.55408,6.94286,2.41862,17.445,18.725,19.69,78.64987,520.02127,2438.11275,1.59857,1.95602,2.94493,0.12591,0.05327,0.00923,-0.06407,9,26,1.88889,118.0,0.0,0.65,0.25,0.34,-0.55802,-0.4009,-0.64618,-0.21314,-0.15626,-0.14387,-0.35036,0.15
1777808580,2026-05-03T11:43:00,V2,DISC,flip,1,2.4635,0.8,1,9.8,0.49696,0.256,12.56939,15.71122,4.86514,16.63,18.575,19.72,94.60403,555.08285,2432.81999,2.71769,2.18772,2.97148,0.33265,0.10898,0.02826,-0.12535,10,27,1.7,73.0,0.0,0.65,0.25,0.34,-0.55802,-0.4009,-0.64618,-0.21314,-0.18616,-0.17247,-0.40922,0.15
1777851900,2026-05-03T23:45:00,V2,DISC,flip,-1,2.9502,0.8,1,9.8,0.42269,0.16775,15.05204,18.81531,7.43996,56.175,30.995,23.185,244.8913,1048.16093,2905.64952,4.78643,4.48564,3.05746,0.38762,0.02893,0.00719,0.00279,5,16,2.2,118.0,0.0,0.65,0.3,0.34,-0.48429,-0.40734,-0.66237,-0.21314,-0.0371,-0.06248,-0.18802,0.15
1777859460,2026-05-04T01:51:00,V2,DISC,flip,1,6.1931,0.8,1,9.8,0.40504,0.11905,31.59796,39.49694,10.39978,52.47,48.96,24.195,311.11208,1408.8163,3122.40135,7.57785,5.73974,3.43847,0.30244,0.034,0.03571,-0.06407,5,16,2.2,118.0,0.0,0.65,0.35,0.36,-0.39304,-0.37127,-0.57214,-0.21314,-0.04254,-0.09066,-0.22213,0.1
1777863060,2026-05-04T02:51:00,V2,DISC,cont,1,-15.242,-1.0048,0,9.8,0.38705,0.08453,61.91429,77.39286,14.44654,98.285,55.84,25.32,560.73947,1783.84013,3536.75002,14.60787,8.09618,4.54843,0.24387,0.09411,0.0742,-0.04178,5,15,2.0,118.0,60.0,0.65,0.35,0.36,-0.39304,-0.37127,-0.57214,-0.21314,-0.02281,0.00987,-0.05952,0.15
1777891740,2026-05-04T10:49:00,V2,DISC,flip,1,-3.987,-1.029,0,9.8,0.27098,0.12564,15.81531,19.76939,9.86554,106.985,42.44,36.165,481.87435,1443.25289,4893.70679,11.47886,6.03346,5.61476,0.2101,0.10653,0.01699,-0.08078,5,17,2.4,184.0,1.0,0.65,0.35,0.36,-0.39324,-0.37113,-0.48193,-0.30338,-0.0931,0.20447,0.0267,0.3
1777893420,2026-05-04T11:17:00,V2,DISC,cont,1,-5.4388,-1.0113,0,9.8,0.26404,0.17081,21.95,27.43776,7.25493,74.56,43.015,37.115,368.70307,1459.78472,4975.31336,8.80885,6.09462,5.65055,0.17789,0.08864,0.01442,-0.07521,5,18,2.6,184.0,29.0,0.65,0.35,0.36,-0.39324,-0.37113,-0.48193,-0.30338,-0.13979,0.08188,-0.15648,0.3
1777903380,2026-05-04T14:03:00,V2,DISC,flip,-1,-9.2606,-1.0207,0,9.8,0.24085,0.16728,37.03061,46.28776,7.45186,57.97,47.87,40.69,227.3387,1534.52126,5242.31365,5.46714,6.3491,5.81181,0.00935,0.08779,0.00315,0.0195,5,18,2.6,195.0,0.0,0.65,0.3,0.32,-0.48466,-0.44394,-0.48323,-0.39394,-0.13635,0.01206,-0.18041,0.3
1777905360,2026-05-04T14:36:00,V2,DISC,flip,1,3.94,0.8,1,9.8,0.23206,0.11209,20.10204,25.12755,11.00274,77.895,51.14,42.23,314.69776,1604.29297,5343.051,7.02716,6.66269,5.92589,0.15777,0.01697,0.0184,0.0195,6,19,2.16667,184.0,0.0,0.65,0.3,0.32,-0.48466,-0.44394,-0.48323,-0.39394,-0.10456,-0.00836,-0.21932,0.3
1777972380,2026-05-05T09:13:00,V2,DISC,flip,-1,0.2806,0.8,1,9.8,0.21508,0.24991,1.43163,1.7898,4.8609,31.485,37.795,45.565,135.16822,1016.99569,5538.8005,2.75522,3.82841,5.97107,0.18912,0.00076,0.02115,-0.00279,4,11,1.75,195.0,0.0,0.75,0.3,0.34,-0.48538,-0.40741,-0.39416,-0.39394,-0.1375,0.16892,-0.03963,0.3
1777973880,2026-05-05T09:38:00,V2,DISC,cont,-1,-2.4856,-1.0149,0,9.8,0.21465,0.2605,9.99694,12.49592,4.66882,33.65,37.01,45.655,131.12788,983.47712,5536.92349,2.7386,3.707,5.96686,0.19648,0.04873,0.01833,-0.01393,4,12,2.0,195.0,25.0,0.75,0.3,0.34,-0.48538,-0.40741,-0.39416,-0.39394,-0.1375,0.16892,-0.03963,0.3
1777976400,2026-05-05T10:20:00,V2,DISC,flip,1,1.3122,0.8,1,9.8,0.21768,0.27122,6.6949,8.36837,4.47581,33.22,35.19,45.02,129.22084,919.07839,5325.70479,2.59042,3.46869,5.70781,0.10082,0.01183,0.05436,0.00836,5,13,1.6,184.0,0.0,0.75,0.3,0.34,-0.48538,-0.40741,-0.39416,-0.39394,-0.09255,0.13503,0.00516,0.3
1777977240,2026-05-05T10:34:00,V2,DISC,cont,1,-2.3006,-1.0196,0,9.8,0.22122,0.29435,9.2102,11.51224,4.11948,32.045,34.595,44.3,140.60155,921.31169,5220.68951,2.79495,3.47651,5.53501,0.18838,0.0081,0.04473,-0.00279,5,15,2.0,184.0,14.0,0.75,0.3,0.34,-0.48538,-0.40741,-0.39416,-0.39394,-0.17158,0.02001,-0.12673,0.3
1777978740,2026-05-05T10:59:00,V2,DISC,cont,1,1.9442,0.8,1,9.8,0.22362,0.31857,9.91939,12.39898,3.80538,32.1,34.13,43.825,153.15102,916.88479,5154.75236,3.03664,3.44525,5.48549,0.20727,0.007,0.04605,-0.00836,4,14,2.5,184.0,39.0,0.75,0.3,0.34,-0.48538,-0.40741,-0.39416,-0.39394,-0.04333,0.23735,0.09015,0.35
1777980840,2026-05-05T11:34:00,V2,DISC,cont,1,3.0078,0.8,1,9.8,0.22685,0.24937,15.34592,19.18265,4.85152,28.82,33.46,43.2,131.21936,844.52197,5095.54522,3.10394,3.05355,5.46097,0.17327,0.01847,0.05161,-0.02507,4,15,2.75,184.0,74.0,0.75,0.35,0.36,-0.39518,-0.37103,-0.3041,-0.39394,0.00357,0.2542,0.09267,0.35
1777988340,2026-05-05T13:39:00,V2,DISC,flip,-1,-4.2522,-1.0403,0,9.8,0.22754,0.11513,16.68367,20.8551,10.46268,59.175,35.67,43.07,291.39897,1013.06333,5124.65085,6.50158,3.95895,5.48607,0.0337,0.029,0.05791,-0.08078,5,19,2.8,195.0,0.0,0.65,0.45,0.38,-0.21449,-0.33506,-0.214,-0.30242,-0.00891,0.07937,0.03954,0.25
1777990440,2026-05-05T14:14:00,V2,DISC,cont,-1,-10.9908,-1.0033,0,9.8,0.22685,0.09691,44.71327,55.89184,12.46936,82.165,38.32,43.2,366.0931,1158.06072,5208.16777,7.29359,4.49211,5.51821,0.1807,0.02709,0.05111,-0.05292,4,19,3.75,195.0,35.0,0.65,0.45,0.38,-0.21449,-0.33506,-0.214,-0.30242,-0.04867,0.18084,0.17006,0.25
1777995960,2026-05-05T15:46:00,V2,DISC,flip,1,-3.3804,-1.0024,0,9.8,0.22921,0.18212,13.76531,17.20612,6.58747,59.12,48.04,42.755,284.90389,1431.89135,4852.8485,5.76947,5.4366,4.73222,0.21896,0.0936,0.04677,-0.06964,4,19,3.75,184.0,0.0,0.65,0.45,0.36,-0.21623,-0.37186,-0.21477,-0.30242,-0.02836,0.19176,0.22113,0.25
1777997340,2026-05-05T16:09:00,V2,DISC,flip,-1,2.4213,0.8,1,9.8,0.23062,0.16824,12.35306,15.44184,7.14864,59.73,51.395,42.495,238.8524,1462.13692,4759.38592,5.07526,5.49096,4.5609,0.05408,0.06836,0.04339,-0.09749,5,20,3.0,184.0,0.0,0.65,0.45,0.36,-0.21623,-0.37186,-0.21477,-0.30242,-0.02836,0.19176,0.22113,0.25
1778009580,2026-05-05T19:33:00,V2,DISC,flip,1,-5.0462,-1.0245,0,9.8,0.24079,0.27833,20.10408,25.13061,4.31359,34.835,53.175,40.7,163.97781,1443.84831,4594.9608,3.43007,5.19201,4.30651,0.13733,0.01095,0.04467,-0.08635,6,21,2.5,195.0,0.0,0.65,0.5,0.36,-0.12374,-0.36561,-0.21429,-0.28702,-0.051,0.08209,0.23175,0.3
1778020260,2026-05-05T22:31:00,V2,DISC,flip,-1,5.131,0.8,1,9.8,0.23184,0.18949,26.17857,32.72347,6.36197,50.69,43.93,42.27,221.58044,1190.60383,4703.42112,4.61235,4.13489,4.36245,0.05873,0.00556,0.02776,-0.08078,7,24,2.42857,178.0,0.0,0.65,0.45,0.36,-0.21497,-0.36601,-0.21531,-0.28702,-0.07843,0.08325,0.23867,0.3
1778024040,2026-05-05T23:34:00,V2,DISC,cont,-1,-10.4812,-1.011,0,9.8,0.2263,0.18369,42.31429,52.89286,6.59935,59.315,45.08,43.305,289.83924,1269.69511,4868.00862,7.02439,4.70776,4.55996,0.1185,0.04785,0.0251,-0.04735,7,25,2.57143,178.0,63.0,0.65,0.45,0.36,-0.21497,-0.36601,-0.21531,-0.28702,-0.13495,0.08501,0.10606,0.3
1778037840,2026-05-06T03:24:00,V2,DISC,flip,1,-12.4052,-1.0032,0,9.8,0.22344,0.18819,50.47143,63.08878,6.37852,44.14,46.815,43.86,190.81917,1298.22445,4836.32067,4.24025,4.95336,4.57468,0.23244,0.00646,0.02113,0.03064,8,24,2.0,178.0,0.0,0.6,0.45,0.36,-0.19909,-0.36614,-0.1251,-0.37758,-0.13419,0.07539,0.13628,0.3
1778072400,2026-05-06T13:00:00,V2,DISC,flip,-1,5.4498,0.8,1,9.8,0.20719,0.12967,27.8051,34.75612,9.20054,52.51,49.995,47.3,251.85696,1341.93251,5208.17569,5.50231,4.98263,4.87268,0.19053,0.06172,0.0197,-0.06407,7,21,2.0,199.0,0.0,0.6,0.4,0.34,-0.28925,-0.4022,-0.21526,-0.37758,-0.12034,0.14835,0.33976,0.35
1778074620,2026-05-06T13:37:00,V2,DISC,cont,-1,5.3438,0.8,1,9.8,0.20584,0.11131,27.26429,34.08061,10.75765,71.26,54.66,47.61,326.15889,1459.72454,5235.2037,6.88448,5.44138,4.8778,0.19412,0.03475,0.00957,-0.04178,7,21,2.0,199.0,37.0,0.6,0.4,0.34,-0.28925,-0.4022,-0.21526,-0.37758,-0.08884,0.18302,0.41357,0.4
1778130720,2026-05-07T05:12:00,V2,DISC,flip,1,-2.1722,-1.0062,0,9.8,0.21722,0.25106,8.81122,11.01429,4.81285,31.765,39.55,45.115,137.86082,1098.54288,5046.92456,2.87581,4.05568,4.68095,0.24211,0.01569,0.00332,-0.09192,2,15,6.5,199.0,0.0,0.6,0.45,0.38,-0.19901,-0.32958,-0.12422,-0.37758,-0.12266,0.18589,0.34689,0.35
1778135580,2026-05-07T06:33:00,V2,DISC,cont,1,5.4419,0.8,1,9.8,0.21783,0.24004,27.76531,34.70612,5.02682,29.535,38.415,44.99,140.19087,1067.77597,5042.43009,3.48968,4.03657,4.69872,0.13423,0.00882,0.00336,-0.12535,2,16,7.0,199.0,81.0,0.6,0.45,0.38,-0.19901,-0.32958,-0.12422,-0.37758,-0.07805,0.14609,0.30268,0.35
1778137620,2026-05-07T07:07:00,V2,DISC,cont,1,2.4171,0.8,1,9.8,0.21698,0.23054,12.33265,15.41531,5.21491,39.595,37.2,45.165,183.04767,1023.57571,5045.23165,4.30459,3.80808,4.7189,0.31414,0.05613,0.00011,-0.14206,2,18,8.0,199.0,115.0,0.6,0.45,0.38,-0.19901,-0.32958,-0.12422,-0.37758,-0.04382,0.15332,0.34523,0.4
1778143020,2026-05-07T08:37:00,V2,DISC,flip,-1,2.3979,0.8,1,9.8,0.21669,0.20014,12.23469,15.29286,6.02253,40.85,36.225,45.225,190.04382,991.52382,5085.9684,4.00764,3.63729,4.73918,0.21273,0.0422,0.01085,-0.10864,3,19,5.33333,204.0,0.0,0.6,0.5,0.38,-0.1073,-0.32965,-0.12425,-0.28664,0.02317,0.21592,0.50429,0.5
1778144400,2026-05-07T09:00:00,V2,DISC,cont,-1,2.3466,0.8,1,9.8,0.21754,0.25598,11.97245,14.96531,4.71652,42.805,36.4,45.05,189.26163,989.97747,5064.88675,4.02475,3.6009,4.71175,0.19337,0.01055,0.0177,-0.06964,3,20,5.66667,204.0,23.0,0.6,0.5,0.38,-0.1073,-0.32965,-0.12425,-0.28664,0.02317,0.21592,0.50429,0.5
1778146380,2026-05-07T09:33:00,V2,DISC,cont,-1,-1.9036,-1.0089,0,9.8,0.21882,0.21182,7.70102,9.62653,5.71186,37.205,36.4,44.785,147.09388,978.50696,5004.087,2.95929,3.57818,4.65956,0.30718,0.00521,0.02269,-0.09192,3,21,6.0,204.0,56.0,0.55,0.55,0.4,-0.01627,-0.29362,-0.12425,-0.19602,0.09358,0.25539,0.73926,0.65
1778146680,2026-05-07T09:38:00,V2,DISC,cont,-1,2.8674,0.8,1,9.8,0.21899,0.17524,14.62959,18.28673,6.91075,37.205,36.48,44.75,172.21132,1000.95759,5029.32039,3.47569,3.65486,4.67398,0.27128,0.00678,0.02516,-0.09749,3,22,6.33333,204.0,61.0,0.55,0.55,0.4,-0.01627,-0.29362,-0.12425,-0.19602,0.09358,0.25539,0.73926,0.65
1778155860,2026-05-07T12:11:00,V2,DISC,flip,1,-4.91,-1.0043,0,9.8,0.22836,0.2208,19.9551,24.94388,5.47801,35.515,39.525,42.915,150.83429,1095.98682,4887.3655,3.21557,4.00161,4.53398,0.07595,0.01056,0.03315,-0.10864,3,18,5.0,204.0,214.0,0.45,0.55,0.44,-0.01597,-0.22172,-0.03334,-0.19643,0.19811,0.27236,0.70226,0.6
1778160720,2026-05-07T13:32:00,V2,DISC,flip,-1,4.205,0.8,1,9.8,0.23383,0.15697,21.45408,26.81735,7.72254,42.07,39.425,41.91,197.52565,1088.18098,4739.85125,4.05598,3.87244,4.35505,0.1443,0.09301,0.03098,-0.0195,4,19,3.75,205.0,0.0,0.45,0.55,0.44,-0.01597,-0.22172,-0.03334,-0.19643,0.21246,0.12455,0.51301,0.5
1778164320,2026-05-07T14:32:00,V2,DISC,cont,-1,6.7222,0.8,1,9.8,0.23356,0.11557,34.29694,42.87143,10.56345,77.9,44.115,41.96,308.04561,1210.20702,4732.52811,6.51577,4.42131,4.30423,0.22932,0.11768,0.03795,0.00836,4,19,3.75,205.0,60.0,0.5,0.55,0.44,-0.0152,-0.2213,-0.03296,-0.19643,0.2173,0.1976,0.53565,0.5
1778167080,2026-05-07T15:18:00,V2,DISC,cont,-1,5.4168,0.8,1,9.8,0.23283,0.12459,27.63673,34.54592,9.83669,68.785,49.525,42.09,295.57763,1328.52803,4717.94338,5.89747,4.80893,4.28426,0.21632,0.11259,0.04496,0.03621,4,20,4.0,205.0,106.0,0.5,0.55,0.44,-0.0152,-0.2213,-0.03296,-0.19643,0.27261,0.21647,0.5315,0.5
1778179140,2026-05-07T18:39:00,V2,DISC,flip,1,-3.1464,-1.009,0,9.8,0.22964,0.20323,12.72755,15.90918,6.01011,49.81,58.525,42.675,168.80912,1521.87707,4799.2768,3.4553,5.48974,4.39672,0.28119,0.06664,0.02794,0.02507,5,22,3.4,216.0,0.0,0.5,0.6,0.46,0.07681,-0.18529,-0.03296,-0.10612,0.28825,0.16728,0.40797,0.45
1778180160,2026-05-07T18:56:00,V2,DISC,cont,1,-5.752,-1.0025,0,9.8,0.22854,0.14655,23.41939,29.27449,8.33132,49.81,60.125,42.88,173.84452,1536.75015,4810.6075,3.76785,5.54833,4.41285,0.18093,0.07094,0.02945,0.03621,5,23,3.6,216.0,17.0,0.5,0.6,0.46,0.07681,-0.18529,-0.03296,-0.10612,0.28825,0.16728,0.40797,0.45
1778184120,2026-05-07T20:02:00,V2,DISC,cont,1,-7.3094,-1.0169,0,9.8,0.22735,0.13939,29.33878,36.67347,8.75881,43.73,56.425,43.105,188.54623,1454.03391,4802.55953,4.14464,5.25763,4.42383,0.09513,0.0204,0.03292,0.00836,5,24,3.8,216.0,83.0,0.5,0.6,0.46,0.07681,-0.18529,-0.03296,-0.10612,0.25878,0.11965,0.34178,0.45
1778187480,2026-05-07T20:58:00,V2,DISC,flip,-1,2.3778,0.8,1,9.8,0.22881,0.31821,12.13163,15.16429,3.85694,32.515,50.42,42.83,187.10752,1347.22852,4789.46193,3.94069,4.94273,4.39587,0.16062,0.02497,0.04065,0.01393,6,25,3.16667,216.0,0.0,0.5,0.6,0.46,0.07652,-0.18516,-0.01698,-0.19624,0.25648,0.09581,0.33874,0.45
1778191500,2026-05-07T22:05:00,V2,DISC,cont,-1,-6.7442,-1.0417,0,9.8,0.22783,0.16585,26.42551,33.03163,7.42168,40.04,45.215,43.015,215.78151,1253.21931,4848.95646,4.42357,4.55499,4.43577,0.12379,0.01959,0.0476,-0.02507,6,26,3.33333,216.0,67.0,0.45,0.55,0.44,-0.01432,-0.22149,-0.01698,-0.19614,0.22979,0.14726,0.34606,0.45
1778195160,2026-05-07T23:06:00,V2,DISC,flip,1,-5.0258,-1.0048,0,9.8,0.22709,0.29348,20.41531,25.51939,4.17576,35.93,41.49,43.155,185.61369,1193.99026,4844.26317,4.6932,4.48024,4.45001,0.21943,0.00792,0.02913,-0.04178,7,26,2.71429,216.0,0.0,0.45,0.6,0.46,0.0769,-0.18541,-0.01698,-0.19614,0.2087,0.08819,0.29095,0.4
1778202840,2026-05-08T01:14:00,V2,DISC,cont,-1,3.0379,0.8,1,9.8,0.23612,0.29027,15.5,19.37449,4.23644,32.835,34.085,41.505,177.1037,1067.79447,4732.26965,3.87784,4.00208,4.34561,0.27072,0.05427,0.0387,-0.04735,8,30,2.75,205.0,47.0,0.45,0.55,0.44,-0.01487,-0.22226,-0.10722,-0.198,0.03421,-0.00417,0.01974,0.25
1778214060,2026-05-08T04:21:00,V2,DISC,flip,1,-1.6522,-1.0583,0,9.8,0.23755,0.29881,6.37245,7.96531,4.11425,28.58,33.86,41.255,107.49649,1025.20717,4736.97858,2.25404,4.02466,4.38847,0.14058,0.03051,0.0329,-0.00836,8,30,2.75,205.0,234.0,0.4,0.6,0.46,0.07529,-0.18588,-0.10722,-0.10674,-0.06869,-0.10287,-0.16796,0.15
1778219100,2026-05-08T05:45:00,V2,DISC,cont,1,-4.2982,-1.0168,0,9.8,0.23772,0.37165,17.25408,21.56735,3.30672,24.785,34.1,41.225,127.25857,1010.89672,4728.8587,2.99017,3.86517,4.39318,0.15043,0.0337,0.035,-0.0195,8,30,2.75,205.0,83.0,0.4,0.6,0.46,0.07529,-0.18588,-0.10722,-0.10674,-0.13924,-0.15585,-0.2089,0.15
1778223720,2026-05-08T07:02:00,V2,DISC,flip,-1,3.2872,0.8,1,9.8,0.239,0.34384,16.77143,20.96429,3.58782,34.955,34.725,41.005,145.61305,1017.05063,4741.81863,2.89344,3.87527,4.37711,0.04518,0.05143,0.05211,0.04178,9,30,2.33333,139.0,62.0,0.4,0.55,0.46,-0.01763,-0.18696,-0.20013,-0.10674,-0.1323,-0.1732,-0.21748,0.15
1778226480,2026-05-08T07:48:00,V2,DISC,flip,1,1.6067,0.8,1,9.8,0.2399,0.2683,8.19796,10.24694,4.58643,36.05,35.09,40.85,165.13448,1001.85927,4705.4442,3.58631,3.86242,4.36715,0.09545,0.0163,0.05077,0.0585,10,30,2.0,128.0,0.0,0.4,0.5,0.46,-0.10847,-0.18688,-0.20013,-0.10734,-0.1203,-0.1184,-0.22726,0.15
1778229420,2026-05-08T08:37:00,V2,DISC,cont,1,1.9851,0.8,1,9.8,0.24375,0.3751,10.12857,12.6602,3.27467,29.91,33.185,40.205,133.75451,896.57784,4627.73747,2.89929,3.33011,4.32047,0.23481,0.03406,0.04122,0.02507,9,30,2.33333,128.0,49.0,0.4,0.5,0.46,-0.10847,-0.18688,-0.20013,-0.10734,-0.15208,-0.27177,-0.4164,0.15
1778232000,2026-05-08T09:20:00,V2,DISC,cont,1,-3.6872,-1.0022,0,9.8,0.24408,0.28344,15.01735,18.77143,4.32228,34.35,32.085,40.15,137.26639,842.85977,4609.50178,2.71786,3.10222,4.31874,0.26685,0.0656,0.03063,0.04178,9,30,2.33333,128.0,92.0,0.4,0.55,0.48,-0.01816,-0.15077,-0.10868,-0.10734,-0.0865,-0.16994,-0.24814,0.25
1778236560,2026-05-08T10:36:00,V2,DISC,flip,1,4.1637,0.8,1,9.8,0.24729,0.23664,21.24286,26.55408,5.17563,34.965,33.78,39.63,157.88761,889.91746,4546.11623,3.42489,3.28095,4.27146,0.10971,0.05496,0.01939,0.00836,11,31,1.81818,110.0,0.0,0.45,0.55,0.5,-0.01816,-0.1144,-0.01765,-0.10734,-0.08788,-0.36204,-0.31675,0.25
1778243340,2026-05-08T12:29:00,V2,DISC,cont,1,3.4186,0.8,1,9.8,0.24623,0.29664,17.44184,21.80204,4.11363,36.51,35.895,39.8,145.63498,900.44427,4516.03038,3.00398,3.22134,4.25826,0.01468,0.10304,0.02033,0.01393,10,30,2.0,110.0,113.0,0.4,0.5,0.52,-0.10827,-0.0777,-0.01765,-0.01614,-0.06327,-0.28162,-0.24631,0.3
1778245560,2026-05-08T13:06:00,V2,DISC,flip,-1,3.6029,0.8,1,9.8,0.2443,0.14316,18.38163,22.97755,8.56674,46.865,37.745,40.115,204.36634,978.04642,4585.21179,4.4906,3.53944,4.30556,0.18027,0.06997,0.03094,-0.03621,10,29,1.9,110.0,150.0,0.45,0.5,0.52,-0.10827,-0.0777,-0.01765,-0.01614,-0.06327,-0.28162,-0.24631,0.3
1778247660,2026-05-08T13:41:00,V2,DISC,cont,-1,-5.1658,-1.0013,0,9.8,0.24233,0.11912,21.05714,26.32143,10.34145,63.53,38.835,40.44,285.55938,1062.57545,4657.8577,5.81798,3.92353,4.36507,0.29312,0.00359,0.0296,-0.06964,10,29,1.9,110.0,0.0,0.45,0.5,0.52,-0.10827,-0.0777,-0.01765,-0.01614,-0.06327,-0.28162,-0.24631,0.3
1778292540,2026-05-09T02:09:00,V2,DISC,flip,1,13.9861,0.8,1,9.8,0.26968,0.25915,71.35714,89.19694,4.69997,25.8,24.38,36.34,113.76295,681.73754,4144.20016,2.53914,2.576,4.15264,0.21984,0.05542,0.02641,-0.09192,7,16,1.28571,110.0,19.0,0.45,0.55,0.52,-0.01767,-0.07116,-0.01765,-0.01523,-0.0656,-0.28381,-0.29666,0.3
1778427960,2026-05-10T15:46:00,V2,DISC,cont,1,4.292,0.8,1,9.8,0.4573,0.14907,21.89796,27.37245,8.08499,33.83,21.925,21.43,159.40454,605.01978,2272.18309,3.72696,2.41401,2.16711,0.34841,0.11247,0.04523,-0.09192,8,27,2.375,139.0,6.0,0.45,0.55,0.52,-0.01767,-0.07116,-0.01765,-0.01523,-0.23849,-0.22452,-0.31467,0.1
1778444160,2026-05-10T20:16:00,V2,DISC,flip,-1,6.7866,0.8,1,9.8,0.44596,0.17502,34.62551,43.28163,6.90808,28.705,31.6,21.975,148.03996,892.34933,2456.78436,3.6208,3.36834,2.36489,0.29365,0.01908,0.01126,-0.03621,9,27,2.0,191.0,0.0,0.45,0.55,0.54,-0.01767,-0.03506,-0.01765,-0.01523,-0.27859,-0.20366,-0.31126,0.1
1778610960,2026-05-12T18:36:00,V2,DISC,flip,1,3.6859,0.8,1,9.8,0.26217,0.25181,18.80612,23.50714,4.82804,35.675,51.72,37.38,132.42616,1395.89227,4229.68755,2.77799,5.14652,4.09075,0.15652,0.01913,0.04103,-0.08078,1,4,3.0,191.0,52.0,0.5,0.55,0.56,-0.01767,0.00152,0.07437,-0.01523,-0.07856,0.09158,-0.07629,0.2
1778615520,2026-05-12T19:52:00,V2,DISC,cont,1,-2.9886,-1.0032,0,9.8,0.2671,0.34972,12.1602,15.2,3.46728,34.875,48.575,36.69,147.24652,1323.9974,4109.62091,2.90787,4.88777,3.95699,0.12241,0.01383,0.03364,-0.11978,1,7,6.0,191.0,128.0,0.5,0.55,0.56,-0.01767,0.00152,0.07437,-0.01523,-0.06426,0.09004,0.00478,0.2
1778618220,2026-05-12T20:37:00,V2,DISC,flip,-1,2.0326,0.8,1,9.8,0.27234,0.37416,10.37041,12.96327,3.24671,27.645,42.385,35.985,128.29977,1176.52929,4067.3491,2.44159,4.34276,3.89008,0.05462,0.00551,0.0362,-0.11978,2,9,3.5,173.0,0.0,0.5,0.6,0.58,0.07278,0.03774,0.16449,-0.01523,-0.08406,0.07135,-0.04362,0.2
1778622180,2026-05-12T21:43:00,V2,DISC,cont,-1,0.8715,0.8,1,9.8,0.27466,0.30712,4.44694,5.55816,3.96303,26.49,36.295,35.68,115.22363,991.44607,4042.67826,2.48794,3.69213,3.87543,0.16866,0.02029,0.03737,-0.13649,4,13,2.25,93.0,22.0,0.5,0.6,0.58,0.07278,0.03774,0.16449,-0.01523,-0.0656,0.0274,-0.24878,0.15
1778632800,2026-05-13T00:40:00,V2,DISC,flip,1,-2.7432,-1.0055,0,9.8,0.2775,0.26905,11.13571,13.91939,4.51126,38.535,31.325,35.315,162.04975,830.0772,4017.58355,3.2456,2.91049,3.86259,0.14637,0.02039,0.02431,-0.06407,5,16,2.2,93.0,0.0,0.5,0.65,0.58,0.16359,0.03809,0.16448,0.07533,-0.09452,0.0161,-0.30381,0.15
1778634300,2026-05-13T01:05:00,V2,DISC,cont,1,3.2629,0.8,1,9.8,0.27766,0.25755,16.64694,20.80918,4.70972,38.305,31.2,35.295,160.75999,829.90405,4002.62675,3.32,2.93194,3.85019,0.2659,0.01326,0.02148,-0.05292,5,17,2.4,93.0,25.0,0.5,0.65,0.58,0.16359,0.03809,0.16448,0.07533,-0.09452,0.0161,-0.30381,0.15
1778638980,2026-05-13T02:23:00,V2,DISC,cont,1,-5.0906,-1.0091,0,9.8,0.27996,0.24189,20.5898,25.73776,4.99152,37.885,32.625,35.005,161.44862,898.52702,3907.82186,3.28815,3.36791,3.77448,0.12063,0.05391,0.00107,0.01393,5,18,2.6,93.0,103.0,0.5,0.65,0.58,0.16359,0.03809,0.16448,0.07533,-0.01472,0.10067,-0.13719,0.25
1778673000,2026-05-13T11:50:00,V2,DISC,flip,-1,2.5536,0.8,1,9.8,0.28964,0.3366,13.02857,16.28571,3.61647,34.06,27.885,33.835,146.0983,802.00411,3934.0287,2.99888,2.86872,3.71735,0.24677,0.08809,0.00648,-0.0838,8,27,2.375,173.0,84.0,0.5,0.65,0.58,0.16518,0.03849,0.16544,-0.01513,-0.11543,-0.10639,-0.04919,0.3
1778675820,2026-05-13T12:37:00,V2,DISC,cont,-1,7.7594,0.8,1,9.8,0.28764,0.10771,39.58878,49.48571,11.38833,36.995,29.34,34.07,250.31056,921.04833,4034.21433,5.91328,3.58906,3.80344,0.37151,0.1591,0.03074,-0.03352,8,30,2.75,173.0,131.0,0.5,0.65,0.58,0.16518,0.03849,0.16544,-0.01513,-0.10954,-0.11195,-0.00934,0.3
1778690400,2026-05-13T16:40:00,V2,DISC,flip,1,1.1861,0.8,1,9.8,0.28794,0.23921,6.05102,7.56429,5.17758,50.25,49.175,34.035,233.90834,1339.57043,3976.37599,5.48231,4.98679,3.72737,0.04448,0.16721,0.03634,0.03064,9,36,3.0,173.0,0.0,0.5,0.75,0.58,0.34894,0.03849,0.16544,-0.01513,0.07329,0.37631,0.66634,0.35
1778691600,2026-05-13T17:00:00,V2,DISC,cont,1,2.7715,0.8,1,9.8,0.28904,0.18336,14.14082,17.67551,6.7483,45.05,49.72,33.905,190.2201,1359.93635,3924.59455,4.27021,5.08025,3.6577,0.14323,0.14927,0.0258,0.0195,9,36,3.0,173.0,20.0,0.5,0.75,0.58,0.34894,0.03849,0.16544,-0.01513,0.07329,0.37631,0.66634,0.35
1778693220,2026-05-13T17:27:00,V2,DISC,cont,1,1.5578,0.8,1,9.8,0.28964,0.18887,7.94796,9.93469,6.5389,40.75,49.305,33.835,190.31914,1374.43109,3924.42608,4.48359,5.18401,3.67884,0.24126,0.111,0.03336,-0.00279,9,38,3.22222,173.0,47.0,0.5,0.75,0.58,0.34894,0.03849,0.16544,-0.01513,0.04324,0.2811,0.62369,0.3
1778695080,2026-05-13T17:58:00,V2,DISC,cont,1,1.4797,0.8,1,9.8,0.29067,0.22225,7.54898,9.43673,5.54574,37.21,50.645,33.715,196.27229,1380.03241,3907.712,4.47978,5.2051,3.67142,0.29662,0.09023,0.031,-0.00836,8,40,4.0,173.0,78.0,0.5,0.75,0.58,0.34894,0.03849,0.16544,-0.01513,0.0438,0.35994,0.81408,0.45
1778696340,2026-05-13T18:19:00,V2,DISC,cont,1,-4.2444,-1.0009,0,9.8,0.29007,0.24475,17.30816,21.63571,5.02485,37.21,50.945,33.785,177.98433,1390.83027,3917.71585,3.68886,5.25714,3.69301,0.29111,0.07347,0.02568,-0.03064,8,41,4.125,173.0,99.0,0.5,0.75,0.58,0.34894,0.03849,0.16544,-0.01513,0.14959,0.59186,1.03053,0.5
1778706600,2026-05-13T21:10:00,V2,DISC,flip,-1,6.0707,0.8,1,9.8,0.28697,0.22545,30.97347,38.71633,5.47728,28.845,40.09,34.15,142.95716,1121.14382,4040.05643,3.07364,4.17094,3.77966,0.2968,0.02218,0.04204,-0.02507,8,37,3.625,130.0,73.0,0.4,0.75,0.64,0.349,0.14788,0.2556,-0.01473,0.00835,0.48493,0.79829,0.45
1778728800,2026-05-14T03:20:00,V2,DISC,cont,-1,-4.9606,-1.0051,0,9.8,0.27809,0.13891,20.14388,25.17959,8.92911,38.415,36.705,35.24,198.8988,1008.41593,4109.00668,4.83474,3.77187,3.85849,0.38416,0.04786,0.06154,-0.01393,9,37,3.11111,136.0,30.0,0.45,0.75,0.64,0.349,0.14788,0.2556,-0.01473,-0.02092,0.24467,0.43742,0.4
1778730660,2026-05-14T03:51:00,V2,DISC,cont,-1,-7.1244,-1.0024,0,9.8,0.27237,0.1677,29.0102,36.26224,7.39666,57.155,39.01,35.98,256.65301,1074.86748,4184.64542,5.7843,4.00865,3.91807,0.15914,0.05545,0.06661,0.01393,9,38,3.22222,136.0,61.0,0.45,0.75,0.64,0.349,0.14788,0.2556,-0.01473,-0.09274,0.11108,0.27941,0.35
1778735040,2026-05-14T05:04:00,V2,DISC,flip,1,-1.608,-1.023,0,9.8,0.26649,0.26808,6.41531,8.01939,4.60289,36.62,39.53,36.775,153.81065,1046.31028,4215.33591,2.94721,3.87747,3.95287,0.30179,0.01042,0.05333,0.00836,10,43,3.3,130.0,50.0,0.45,0.75,0.64,0.349,0.14788,0.2556,-0.01473,-0.03514,0.05729,0.17187,0.35
1778736000,2026-05-14T05:20:00,V2,DISC,cont,1,1.9026,0.8,1,9.8,0.26558,0.28772,9.70714,12.13367,4.28615,33.735,39.765,36.9,148.90204,1052.00888,4218.88278,2.99701,3.88424,3.95964,0.15376,0.01398,0.04901,0.02507,10,44,3.4,130.0,66.0,0.4,0.7,0.64,0.25874,0.148,0.2556,-0.10498,0.00796,0.02325,0.06563,0.35
1778736540,2026-05-14T05:29:00,V2,DISC,cont,1,1.532,0.8,1,9.8,0.26348,0.22528,7.81633,9.77041,5.46742,38.785,39.975,37.195,157.08842,1052.79094,4222.94679,3.15224,3.89197,3.96704,0.22187,0.0284,0.04615,0.0195,10,45,3.5,130.0,75.0,0.4,0.7,0.64,0.25874,0.148,0.2556,-0.10498,0.00796,0.02325,0.06563,0.35
1778757960,2026-05-14T11:26:00,V2,DISC,flip,-1,-5.3586,-1.012,0,9.8,0.2519,0.27103,21.61224,27.01531,4.55741,31.845,33.99,38.905,176.55075,967.5447,4396.07878,3.52092,3.44698,4.08573,0.23414,0.02682,0.03614,-0.00279,8,39,3.875,136.0,0.0,0.35,0.65,0.64,0.16754,0.14768,0.25476,0.07795,0.04405,0.02683,0.29248,0.4
1778762640,2026-05-14T12:44:00,V2,DISC,cont,1,2.4651,0.8,1,9.8,0.25196,0.17815,12.57755,15.72143,6.90586,40.075,33.695,38.895,203.53137,999.64837,4309.54915,4.39161,3.57039,3.97339,0.25413,0.02364,0.01429,0.02507,9,37,3.11111,136.0,0.0,0.35,0.65,0.64,0.16754,0.14768,0.25476,0.07795,0.02973,0.05773,0.29577,0.4
1778763720,2026-05-14T13:02:00,V2,DISC,cont,1,2.1408,0.8,1,9.8,0.25333,0.2367,10.92245,13.65306,5.18831,41.31,33.935,38.685,200.68445,1017.97756,4284.64624,4.15567,3.62035,3.95777,0.3327,0.0004,0.01381,0.04735,9,39,3.33333,136.0,18.0,0.35,0.65,0.64,0.16754,0.14768,0.25476,0.07795,0.02973,0.05773,0.29577,0.4
1778764500,2026-05-14T13:15:00,V2,DISC,cont,1,-4.2082,-1.0122,0,9.8,0.25196,0.15333,16.96939,21.21224,7.99456,43.31,34.25,38.895,233.12121,1053.52709,4318.72498,4.82881,3.78745,4.00258,0.31445,0.02723,0.00901,0.02507,9,40,3.44444,136.0,31.0,0.35,0.65,0.64,0.16754,0.14768,0.25476,0.07795,0.0974,0.11754,0.38242,0.45
1778764920,2026-05-14T13:22:00,V2,DISC,cont,1,-5.9372,-1.0018,0,9.8,0.25183,0.13575,24.1898,30.23776,9.02369,44.535,34.42,38.915,270.20112,1097.4312,4354.35018,5.6323,3.99068,4.04925,0.30481,0.03014,0.00671,0.02507,9,41,3.55556,136.0,38.0,0.35,0.65,0.64,0.16754,0.14768,0.25476,0.07795,0.0974,0.11754,0.38242,0.45
1778767140,2026-05-14T13:59:00,V2,DISC,flip,-1,-7.1876,-1.0059,0,9.8,0.25138,0.11625,29.16531,36.45612,10.57981,74.09,36.57,38.985,339.66214,1203.81561,4381.10739,7.22892,4.48474,4.06842,0.02416,0.0037,0.00186,-0.00836,10,40,3.0,127.0,0.0,0.35,0.6,0.62,0.07694,0.11144,0.16416,0.07795,-0.02463,0.12074,0.57623,0.55
1778769600,2026-05-14T14:40:00,V2,DISC,flip,1,4.9077,0.8,1,9.8,0.25106,0.14931,25.03878,31.29898,8.16857,75.215,41.31,39.035,334.82465,1326.53813,4442.0336,7.05423,4.97803,4.18522,0.21153,0.04639,0.01686,-0.04178,11,40,2.63636,84.0,0.0,0.35,0.6,0.62,0.07694,0.11144,0.16416,0.07795,-0.01008,0.10278,0.57438,0.55
1778773800,2026-05-14T15:50:00,V2,DISC,cont,1,5.7149,0.8,1,9.8,0.24933,0.16968,29.15714,36.44694,7.11588,66.8,47.96,39.305,257.71122,1483.09165,4482.96536,5.68729,5.5529,4.3032,0.17547,0.12986,0.05608,-0.00836,11,39,2.54545,84.0,70.0,0.25,0.6,0.6,0.07668,0.07534,0.16416,0.0782,-0.00708,0.20259,0.61461,0.55
1778774400,2026-05-14T16:00:00,V2,DISC,cont,1,-4.902,-1.0258,0,9.8,0.24962,0.14515,19.5051,24.38163,8.28566,60.345,47.995,39.26,258.9506,1497.29079,4452.76335,6.19639,5.7108,4.29719,0.18886,0.14752,0.06896,-0.00836,11,41,2.72727,84.0,80.0,0.3,0.55,0.58,-0.01362,0.03922,0.16408,0.0782,-0.00708,0.20259,0.61461,0.55
1778810820,2026-05-15T02:07:00,V2,DISC,flip,-1,10.1984,0.8,1,9.8,0.22303,0.12139,52.03265,65.04082,9.96652,57.675,39.125,43.94,248.97621,1115.63619,5167.66129,5.33538,4.13486,5.01692,0.26869,0.06579,0.03373,0.0195,7,28,3.0,127.0,0.0,0.3,0.55,0.58,-0.01445,0.03879,0.16408,0.07698,-0.00076,0.5229,0.92303,0.6
1778857800,2026-05-15T15:10:00,V2,DISC,flip,1,-6.7084,-1.0001,0,9.8,0.20774,0.11611,27.37755,34.22245,10.64404,86.135,48.935,47.175,330.99871,1529.44142,5728.48683,6.95338,5.94486,5.38241,0.07963,0.10554,0.03572,-0.11978,2,14,6.0,136.0,0.0,0.3,0.55,0.58,-0.01445,0.03879,0.25452,0.07698,0.0927,0.5492,0.71432,0.5
1778947380,2026-05-16T16:03:00,V2,DISC,flip,1,-4.9484,-1.0125,0,9.8,0.32094,0.3248,19.94898,24.93571,3.85357,29.35,32.0,30.535,143.44301,933.98819,3523.07124,3.03812,3.47247,3.40331,0.11357,0.05071,0.03027,-0.06964,2,12,5.0,201.0,0.0,0.35,0.5,0.58,-0.10446,0.03897,0.16452,0.07698,0.03503,0.12861,0.31692,0.25
1778982060,2026-05-17T01:41:00,V2,DISC,flip,-1,-5.8022,-1.007,0,9.8,0.37904,0.17747,23.51735,29.39694,7.09913,40.785,20.19,25.855,201.47546,603.75529,3172.5372,4.50933,2.46762,3.15015,0.23832,0.09852,0.04891,-0.08078,2,6,2.0,432.0,0.0,0.4,0.45,0.58,-0.19508,0.03877,0.16414,0.07698,0.01756,0.13379,0.3298,0.25
1778992620,2026-05-17T04:37:00,V2,DISC,flip,1,1.625,0.8,1,9.8,0.36974,0.38133,8.29082,10.36327,3.28953,21.915,24.285,26.505,79.10698,684.50919,3164.44413,1.62178,2.76248,3.16547,0.19216,0.01672,0.03286,0.01393,3,7,1.33333,201.0,0.0,0.45,0.4,0.58,-0.28543,0.03897,0.1667,0.07698,0.01208,0.12823,0.30745,0.25
1778998920,2026-05-17T06:22:00,V2,DISC,flip,-1,-2.2072,-1.0035,0,9.8,0.36974,0.40709,8.97755,11.22143,3.0836,22.27,25.475,26.505,108.33924,740.2985,3177.88399,2.32322,2.88578,3.16555,0.11757,0.01606,0.03243,-0.03621,4,9,1.25,201.0,0.0,0.45,0.4,0.58,-0.28543,0.03897,0.1667,0.07698,0.09888,0.21481,0.4586,0.3
1779013620,2026-05-17T10:27:00,V2,DISC,flip,1,-3.4516,-1.0486,0,9.8,0.41151,0.23157,13.43469,16.79388,5.38958,25.85,21.29,23.815,150.78865,623.18692,2797.52022,3.29688,2.35699,2.72693,0.3721,0.08975,0.03125,-0.06964,5,7,0.4,244.0,0.0,0.5,0.4,0.58,-0.28556,0.03973,0.07653,0.07698,0.07962,0.17728,0.42928,0.25
1779016500,2026-05-17T11:15:00,V2,DISC,flip,-1,-2.3896,-1.0016,0,9.8,0.41368,0.31371,9.73776,12.17245,3.98878,30.38,21.705,23.69,139.77589,650.77568,2736.70746,2.84003,2.43849,2.60089,0.09328,0.01556,0.01491,-0.10306,6,7,0.16667,244.0,0.0,0.5,0.4,0.58,-0.28556,0.03973,0.07653,0.07698,0.03568,0.12718,0.36147,0.2
1779023520,2026-05-17T13:12:00,V2,DISC,cont,-1,4.4285,0.8,1,9.8,0.41614,0.30618,22.59388,28.24286,4.09045,24.34,23.04,23.55,129.91451,714.05057,2726.83601,2.77556,2.6712,2.60293,0.15743,0.03383,0.01365,-0.05292,6,8,0.33333,244.0,117.0,0.55,0.4,0.58,-0.28774,0.03886,-0.0159,0.07698,-0.05913,-0.14865,-0.07585,0.15
1779126300,2026-05-18T17:45:00,V2,DISC,flip,1,-10.0372,-1.0109,0,9.8,0.2205,0.20428,40.52857,50.6602,6.26051,47.44,66.65,44.445,192.12246,1925.33404,5714.28683,4.19243,7.5939,6.21502,0.12181,0.04244,0.0315,-0.03064,1,8,7.0,244.0,0.0,0.55,0.45,0.58,-0.19655,0.03999,-0.10598,0.07698,0.20036,0.26428,0.60455,0.35
1779130920,2026-05-18T19:02:00,V2,DISC,cont,1,-15.0292,-1.0046,0,9.8,0.21201,0.09595,61.06224,76.32755,13.30524,50.045,62.87,46.225,294.23543,1953.71427,5901.17977,8.6413,8.04231,6.45351,0.10869,0.04745,0.03231,-0.04178,1,10,9.0,244.0,77.0,0.55,0.45,0.58,-0.19655,0.03999,-0.10598,0.07698,0.16407,0.08516,0.04949,0.25
1779208320,2026-05-19T16:32:00,V2,DISC,flip,1,4.9794,0.8,1,9.8,0.23973,0.21244,25.4051,31.75612,6.02009,40.86,46.565,40.88,217.76741,1432.37913,4846.43279,4.68176,5.53649,4.72782,0.0486,0.02007,0.00762,0.02507,7,23,2.28571,198.0,0.0,0.6,0.35,0.56,-0.37732,0.00402,-0.19653,0.07691,-0.09877,-0.16039,-0.17142,0.2
1779211080,2026-05-19T17:18:00,V2,DISC,cont,1,-2.0366,-1.0257,0,9.8,0.24189,0.25885,8.10408,10.13061,4.92234,41.53,46.405,40.515,169.66925,1381.54883,4777.11554,3.31759,5.32919,4.68708,0.3441,0.00506,0.00787,0.04735,7,27,2.85714,198.0,46.0,0.6,0.35,0.56,-0.37732,0.00402,-0.19653,0.07691,-0.05416,-0.0921,-0.13887,0.25
1779215400,2026-05-19T18:30:00,V2,DISC,flip,-1,-5.0322,-1.0083,0,9.8,0.24494,0.21622,20.37041,25.46327,5.91082,38.26,48.06,40.01,190.55501,1430.63883,4754.91333,4.26769,5.43282,4.65343,0.06758,0.00835,0.01005,0.08078,7,26,2.71429,196.0,0.0,0.6,0.35,0.56,-0.37732,0.00402,-0.19653,0.07691,-0.05066,-0.11341,-0.20952,0.25
1779257940,2026-05-20T06:19:00,V2,DISC,flip,1,2.8056,0.8,1,9.8,0.27984,0.38783,14.31429,17.89286,3.27148,32.485,33.69,35.02,160.29609,1011.78758,4207.33117,3.4152,4.19569,4.18482,0.10719,0.09354,0.01016,-0.14763,5,21,3.2,198.0,0.0,0.65,0.3,0.54,-0.46842,-0.03262,-0.28694,-0.01438,-0.08414,-0.11102,-0.16679,0.25
1779261780,2026-05-20T07:23:00,V2,DISC,cont,1,-3.1428,-1.0024,0,9.8,0.28112,0.27695,12.79796,15.99694,4.57245,28.385,32.065,34.86,143.71332,945.50405,4189.37321,3.06198,3.94123,4.18179,0.11604,0.08766,0.00897,-0.14206,4,20,4.0,198.0,64.0,0.65,0.3,0.54,-0.46842,-0.03262,-0.28694,-0.01438,-0.06478,-0.11112,-0.18303,0.25
1779264660,2026-05-20T08:11:00,V2,DISC,flip,-1,-1.5842,-1.0141,0,9.8,0.28484,0.34066,6.37653,7.97041,3.7277,28.355,29.225,34.405,137.24848,865.49639,4189.07763,2.75681,3.47527,4.17385,0.12072,0.07409,0.00465,-0.11978,5,20,3.0,196.0,0.0,0.65,0.3,0.54,-0.46842,-0.03262,-0.28694,-0.01438,-0.14723,-0.16644,-0.36174,0.15
1779273240,2026-05-20T10:34:00,V2,DISC,flip,1,-5.9006,-1.003,0,9.8,0.29452,0.32151,24.01224,30.01531,3.92949,24.525,27.84,33.275,125.69433,859.10078,4081.10159,2.82283,3.55425,4.12325,0.13836,0.13303,0.02253,-0.08635,5,20,3.0,143.0,0.0,0.7,0.35,0.5,-0.37826,-0.10495,-0.28738,-0.1045,-0.1799,-0.21834,-0.62689,0.15
1779286320,2026-05-20T14:12:00,V2,DISC,flip,-1,-7.02,-1.0,0,9.8,0.30511,0.13657,28.65204,35.81531,9.33566,68.135,27.52,32.12,277.5693,947.03588,3928.41648,6.14977,3.86371,3.87041,0.25954,0.04153,0.0065,-0.05292,6,20,2.33333,143.0,0.0,0.7,0.3,0.5,-0.4684,-0.10498,-0.37752,-0.1045,-0.21665,-0.28304,-0.70656,0.15
1779290100,2026-05-20T15:15:00,V2,DISC,flip,1,-10.4802,-1.0097,0,9.8,0.3052,0.12369,42.36429,52.9551,10.19356,58.855,32.385,32.11,334.92107,1164.1163,3948.62494,10.75536,5.8126,4.31694,0.21154,0.04539,0.03682,-0.05292,7,18,1.57143,143.0,0.0,0.7,0.3,0.5,-0.4684,-0.10498,-0.37752,-0.1045,-0.24651,-0.3401,-0.7348,0.15
1779328320,2026-05-21T01:52:00,V2,DISC,flip,-1,-3.2258,-1.0041,0,9.8,0.29162,0.222,13.11224,16.39082,5.67826,45.835,32.49,33.605,225.02831,1022.6851,4150.01904,4.82083,3.79072,4.42242,0.07746,0.02021,0.03255,-0.02507,6,13,1.16667,143.0,0.0,0.8,0.25,0.46,-0.5576,-0.17718,-0.55801,-0.1045,-0.28222,-0.40716,-0.72892,0.15
1779336120,2026-05-21T04:02:00,V2,DISC,flip,1,-4.7722,-1.0072,0,9.8,0.29701,0.38174,19.33878,24.17347,3.28908,20.86,31.09,32.995,115.15566,947.2944,4128.90997,2.31862,3.49634,4.40061,0.17487,0.098,0.04109,-0.06964,7,14,1.0,143.0,0.0,0.8,0.2,0.44,-0.6478,-0.21326,-0.55706,-0.1045,-0.29305,-0.44212,-0.81987,0.1
1779341160,2026-05-21T05:26:00,V2,DISC,flip,-1,1.1923,0.8,1,9.8,0.29887,0.33368,6.08367,7.60408,3.77559,19.6,28.805,32.79,109.69524,923.43445,4095.65928,2.30468,3.45074,4.3114,0.18963,0.05758,0.02294,-0.04735,8,15,0.875,130.0,0.0,0.8,0.2,0.44,-0.6478,-0.21326,-0.55706,-0.1045,-0.29563,-0.48821,-0.9044,0.05
1779345780,2026-05-21T06:43:00,V2,DISC,cont,-1,-4.0424,-1.0039,0,9.8,0.30191,0.32623,16.43469,20.54388,3.87149,25.2,28.325,32.46,144.07752,917.71095,4085.43173,2.91776,3.37016,4.29368,0.16169,0.00776,0.01226,0.00279,7,16,1.28571,130.0,77.0,0.8,0.2,0.42,-0.64816,-0.2494,-0.55682,-0.1045,-0.26001,-0.54125,-0.78548,0.1
1779368040,2026-05-21T12:54:00,V2,DISC,flip,1,-2.4388,-1.0252,0,9.8,0.27516,0.30158,9.70918,12.13673,4.2062,36.695,34.125,35.615,177.8227,1121.37415,4456.31856,3.81199,4.73903,4.6816,0.07901,0.03203,0.00822,-0.17549,6,14,1.33333,143.0,0.0,0.75,0.25,0.42,-0.55738,-0.24942,-0.46653,-0.10424,-0.21263,-0.40006,-0.67159,0.1
1779370260,2026-05-21T13:31:00,V2,DISC,flip,-1,2.5838,0.8,1,9.8,0.27532,0.23362,13.18265,16.47857,5.44291,33.975,33.355,35.595,162.48827,1113.57636,4443.28448,3.91641,4.76653,4.66445,0.00585,0.05652,0.0034,-0.11978,7,16,1.28571,130.0,0.0,0.75,0.25,0.42,-0.55738,-0.24942,-0.46653,-0.10424,-0.27925,-0.53049,-0.91842,0.1
1779370680,2026-05-21T13:38:00,V2,DISC,cont,-1,-6.1526,-1.0019,0,9.8,0.27532,0.1293,25.06531,31.33163,9.86297,34.75,34.135,35.595,195.86606,1163.43648,4478.21666,5.08059,5.0057,4.6931,0.26507,0.08403,0.00488,-0.10864,7,17,1.42857,130.0,7.0,0.75,0.25,0.42,-0.55738,-0.24942,-0.46653,-0.10424,-0.28366,-0.612,-1.25714,0.1
1779372120,2026-05-21T14:02:00,V2,DISC,flip,1,-3.287,-1.0098,0,9.8,0.27532,0.10623,13.28571,16.60714,11.96266,60.18,37.155,35.595,281.9626,1242.4174,4482.71283,6.91619,5.33447,4.72713,0.06856,0.07774,7e-05,-0.10306,8,19,1.375,130.0,0.0,0.75,0.25,0.42,-0.55738,-0.24942,-0.46653,-0.10424,-0.25472,-0.50111,-1.18635,0.1
1779376860,2026-05-21T15:21:00,V2,DISC,cont,1,7.3728,0.8,1,9.8,0.27489,0.12919,37.61633,47.02041,9.82994,59.72,45.355,35.65,266.98907,1394.71195,4379.33036,5.90655,5.8291,4.30971,0.17863,0.06649,0.01452,-0.10864,6,18,2.0,130.0,79.0,0.75,0.2,0.4,-0.64864,-0.28592,-0.55779,-0.10424,-0.23858,-0.54105,-0.93762,0.1
1779389280,2026-05-21T18:48:00,V2,DISC,flip,-1,-7.4892,-1.0327,0,9.8,0.27439,0.18641,29.6,37.0,6.78625,57.92,55.52,35.715,302.59087,1625.85423,4578.25058,6.18215,6.4121,4.63677,0.12462,0.01797,0.00319,-0.02507,7,23,2.28571,130.0,0.0,0.7,0.25,0.4,-0.55654,-0.28586,-0.55827,-0.19433,-0.12147,-0.42896,-0.75488,0.15
1779423300,2026-05-22T04:15:00,V2,DISC,cont,1,-0.7782,-1.0596,0,9.8,0.29059,0.40552,2.99796,3.74694,3.10592,22.635,27.93,33.725,106.43317,851.66586,4423.66039,2.2284,3.04671,4.56651,0.14487,0.0348,0.0039,-0.05292,5,19,2.8,130.0,567.0,0.7,0.25,0.38,-0.55763,-0.32252,-0.55928,-0.19433,-0.08985,-0.39797,-0.70196,0.15
1779423840,2026-05-22T04:24:00,V2,DISC,flip,-1,0.8992,0.8,1,9.8,0.28998,0.37052,4.58776,5.73469,3.40279,22.635,28.055,33.795,101.65176,849.26922,4427.76823,2.14265,3.03615,4.56536,0.06318,0.02285,0.00601,-0.04178,5,19,2.8,130.0,576.0,0.7,0.25,0.38,-0.55763,-0.32252,-0.55928,-0.19433,-0.08985,-0.39797,-0.70196,0.15
1779424500,2026-05-22T04:35:00,V2,DISC,cont,-1,1.0578,0.8,1,9.8,0.28998,0.43942,5.39694,6.74592,2.87123,22.13,27.865,33.795,98.1878,844.27835,4437.01044,2.14926,3.03099,4.56886,0.04937,0.01761,0.00658,-0.04735,5,19,2.8,130.0,587.0,0.7,0.25,0.38,-0.55763,-0.32252,-0.55928,-0.19433,-0.08985,-0.39797,-0.70196,0.15
1779425640,2026-05-22T04:54:00,V2,DISC,cont,-1,-0.8994,-1.0151,0,9.8,0.2884,0.42801,3.61633,4.52041,2.95173,22.95,27.695,33.98,108.07838,842.55268,4460.12441,2.32221,3.02176,4.57529,0.14204,0.0038,0.01043,-0.04178,5,19,2.8,130.0,606.0,0.7,0.25,0.38,-0.55763,-0.32252,-0.55928,-0.19433,-0.08985,-0.39797,-0.70196,0.15
1779427380,2026-05-22T05:23:00,V2,DISC,cont,-1,1.5304,0.8,1,9.8,0.29059,0.466,7.80816,9.7602,2.7128,18.4,26.435,33.725,109.05233,828.08382,4439.00595,2.33357,2.94999,4.56718,0.28028,0.00038,0.00852,-0.04178,5,19,2.8,130.0,635.0,0.7,0.25,0.38,-0.55763,-0.32252,-0.55928,-0.19433,-0.08985,-0.39797,-0.70196,0.15
1779429420,2026-05-22T05:57:00,V2,DISC,cont,-1,2.7507,0.8,1,9.8,0.28998,0.39731,14.03469,17.54286,3.1856,22.755,26.125,33.795,133.99548,852.16043,4472.16815,2.67333,2.99588,4.57641,0.1518,0.01873,0.00816,-0.02507,4,17,3.25,130.0,669.0,0.7,0.25,0.38,-0.55763,-0.32252,-0.55928,-0.19433,-0.08985,-0.39797,-0.70196,0.15
1779434820,2026-05-22T07:27:00,V2,DISC,flip,1,-1.4668,-1.0022,0,9.8,0.29223,0.2777,5.97347,7.46735,4.55767,29.99,25.755,33.535,167.07099,821.3694,4463.63785,3.3985,2.90178,4.57551,0.06605,0.00636,0.0031,-0.04735,4,16,3.0,130.0,759.0,0.6,0.3,0.36,-0.46943,-0.35999,-0.46893,-0.19777,-0.08985,-0.39797,-0.70196,0.15
1779435900,2026-05-22T07:45:00,V2,DISC,flip,-1,-1.8444,-1.021,0,9.8,0.29119,0.36297,7.37347,9.21633,3.4902,29.69,25.39,33.655,172.02467,817.74219,4481.30117,3.44204,2.88606,4.58274,0.0017,0.01606,0.00925,-0.06407,4,16,3.0,130.0,777.0,0.6,0.3,0.36,-0.46943,-0.35999,-0.46893,-0.19777,-0.08985,-0.39797,-0.70196,0.15
1779438900,2026-05-22T08:35:00,V2,DISC,cont,-1,-5.2738,-1.0071,0,9.8,0.29625,0.21011,21.37347,26.71735,6.04104,28.26,25.08,33.08,164.09798,819.81252,4457.94889,3.83871,2.9811,4.55987,0.13238,0.0555,0.01933,-0.09749,4,16,3.0,130.0,827.0,0.6,0.35,0.36,-0.37931,-0.35999,-0.46893,-0.10765,-0.08985,-0.39797,-0.70196,0.15
1779470940,2026-05-22T17:29:00,V2,DISC,flip,1,-8.7908,-1.0202,0,9.8,0.32418,0.13983,35.16939,43.96122,9.10614,34.945,37.07,30.23,187.54151,1168.28622,3915.47658,4.33504,4.32146,3.66335,0.08495,0.02904,0.03107,-0.04735,2,9,3.5,130.0,0.0,0.55,0.35,0.36,-0.37998,-0.35999,-0.55992,-0.198,-0.35113,-0.51484,-0.88701,0.1
1779475500,2026-05-22T18:45:00,V2,DISC,flip,-1,9.6978,0.8,1,9.8,0.32694,0.11338,49.47857,61.84796,11.36844,37.455,40.18,29.975,220.31507,1262.45912,3846.77839,8.26058,5.37855,3.83664,0.48726,0.1386,0.0544,0.00836,3,9,2.0,130.0,1.0,0.55,0.35,0.36,-0.37998,-0.35999,-0.55992,-0.198,-0.34164,-0.3886,-0.71431,0.1
1779491280,2026-05-22T23:08:00,V2,DISC,flip,1,0.7414,0.8,1,9.8,0.31131,0.35275,3.78265,4.72857,3.66814,31.475,39.625,31.48,165.37606,1341.90016,4173.57786,3.38955,6.60582,4.4292,0.0454,0.11033,0.05973,-0.03064,3,11,2.66667,130.0,0.0,0.55,0.4,0.34,-0.2903,-0.39639,-0.46842,-0.198,-0.25126,-0.30998,-0.47233,0.15
1779492540,2026-05-22T23:29:00,V2,DISC,flip,-1,-2.0404,-1.0426,0,9.8,0.31131,0.291,7.98776,9.98469,4.45538,32.045,39.08,31.48,170.90339,1312.0846,4190.0191,3.5489,6.50149,4.43134,0.08468,0.13892,0.06329,-0.01393,4,12,2.0,84.0,0.0,0.55,0.4,0.34,-0.2903,-0.39639,-0.46842,-0.198,-0.27409,-0.32173,-0.36154,0.15
1779493500,2026-05-22T23:45:00,V2,DISC,cont,-1,3.9317,0.8,1,9.8,0.31121,0.21151,20.05918,25.07449,6.1405,29.22,38.555,31.49,174.27035,1331.86404,4228.51539,5.11426,6.69117,4.5107,0.09327,0.13842,0.06852,-0.01393,4,13,2.25,84.0,16.0,0.55,0.4,0.34,-0.2903,-0.39639,-0.46842,-0.198,-0.23204,-0.49239,-0.44385,0.15
1779496320,2026-05-23T00:32:00,V2,DISC,cont,-1,2.4277,0.8,1,9.8,0.30822,0.16596,12.38571,15.48265,7.84599,44.115,40.945,31.795,211.7171,1383.48544,4257.38246,5.56726,6.77659,4.52386,0.21455,0.13774,0.06952,-0.00279,4,14,2.5,84.0,63.0,0.55,0.4,0.34,-0.2903,-0.39639,-0.46842,-0.198,-0.25901,-0.4498,-0.26919,0.2
1779505260,2026-05-23T03:01:00,V2,DISC,flip,1,0.6099,0.8,1,9.8,0.30905,0.43777,3.11224,3.8898,2.96515,23.04,31.155,31.71,102.95973,935.12781,4187.96147,2.20336,3.62639,4.50357,0.13028,0.06356,0.06688,-0.04178,5,15,2.0,212.0,0.0,0.5,0.5,0.36,-0.11061,-0.36076,-0.47,-0.19801,-0.20308,-0.36997,-0.28807,0.2
1779507060,2026-05-23T03:31:00,V2,DISC,cont,1,0.7379,0.8,1,9.8,0.31052,0.49016,3.76531,4.70612,2.64693,19.9,30.575,31.56,77.92684,930.13499,4152.49497,1.52673,3.6123,4.48984,0.24838,0.06047,0.06815,-0.04735,5,18,2.6,212.0,30.0,0.5,0.5,0.36,-0.11061,-0.36076,-0.47,-0.19801,-0.20725,-0.33403,-0.22817,0.25
1779511080,2026-05-23T04:38:00,V2,DISC,flip,-1,1.513,0.8,1,9.8,0.31405,0.49259,7.71939,9.64898,2.63639,13.675,25.31,31.205,70.89299,817.62421,4121.48174,1.60827,3.36547,4.47904,0.17462,0.0293,0.07083,0.03064,6,19,2.16667,97.0,0.0,0.5,0.5,0.36,-0.11061,-0.36076,-0.47,-0.19801,-0.18478,-0.29769,-0.1221,0.3
1779517500,2026-05-23T06:25:00,V2,DISC,cont,-1,0.7602,0.8,1,9.8,0.32136,0.89691,3.87857,4.84796,1.44968,15.545,20.28,30.495,61.71181,634.00517,4024.40531,1.355,2.41179,4.4406,0.10111,0.00558,0.06523,0.02507,6,23,2.83333,97.0,107.0,0.5,0.55,0.4,-0.02051,-0.28861,-0.37959,-0.19801,-0.20934,-0.29752,-0.10664,0.25
1779548100,2026-05-23T14:55:00,V2,DISC,flip,1,1.9771,0.8,1,9.8,0.33013,0.22308,10.08776,12.60918,5.82326,34.62,24.21,29.685,194.45252,775.32201,4071.25609,4.37842,3.11428,5.2927,0.20258,0.14765,0.04198,-0.1922,7,25,2.57143,212.0,0.0,0.5,0.6,0.4,0.06998,-0.28861,-0.37959,-0.1074,-0.11524,0.31803,0.79026,0.5
1779575400,2026-05-23T22:30:00,V2,DISC,flip,-1,-9.396,-1.0844,0,9.8,0.3404,0.20363,35.36735,44.20918,6.2985,56.69,40.63,28.79,272.5912,1399.73948,3993.18852,5.88309,5.85417,4.99255,0.05526,0.09665,0.02167,-0.0195,6,25,3.16667,264.0,0.0,0.5,0.65,0.42,0.16161,-0.25209,-0.28888,-0.1074,-0.05254,0.53194,1.03687,0.55
1779583620,2026-05-24T00:47:00,V2,DISC,cont,1,4.7474,0.8,1,9.8,0.33975,0.21217,24.22143,30.27653,6.01292,33.855,42.97,28.845,185.85372,1450.3422,3969.79013,4.10975,5.84477,4.94683,0.13106,0.09311,0.05256,-0.06407,5,24,3.8,212.0,102.0,0.55,0.65,0.4,0.16037,-0.28978,-0.29295,-0.1074,0.02574,0.44587,0.82949,0.45
1779631860,2026-05-24T14:11:00,V2,DISC,flip,-1,3.5002,0.8,1,9.8,0.32661,0.17242,17.85816,22.32245,7.42299,39.725,25.825,30.005,172.30015,832.80733,3938.27693,4.01384,3.61469,4.14944,0.30055,0.01337,0.04741,-0.12535,6,15,1.5,212.0,0.0,0.5,0.65,0.42,0.16037,-0.25378,-0.29295,-0.0173,0.01749,0.30038,0.6167,0.45
1779665940,2026-05-24T23:39:00,V2,DISC,flip,1,6.8472,0.8,1,9.8,0.34284,0.15045,34.93469,43.66837,8.45927,45.665,34.34,28.585,267.26514,1190.97729,3797.8114,6.00041,5.05345,4.08418,0.1518,0.04281,0.0126,-0.03064,4,9,1.25,396.0,0.0,0.55,0.65,0.44,0.16037,-0.21753,-0.20296,-0.0173,0.13328,0.32257,0.47834,0.4
1779689280,2026-05-25T06:08:00,V2,DISC,flip,1,8.5317,0.8,1,9.8,0.30425,0.29587,43.52857,54.41122,4.27879,27.835,35.71,32.21,139.68435,1043.37873,4106.60123,2.90097,4.02908,4.32998,0.07709,0.04199,0.02108,-0.12849,5,8,0.6,396.0,0.0,0.6,0.7,0.46,0.25113,-0.18139,-0.11247,-0.0173,0.20453,-0.09841,-0.13807,0.25
1779755700,2026-05-26T00:35:00,V2,DISC,flip,-1,4.5706,0.8,1,9.8,0.33175,0.23409,23.31939,29.14898,5.43579,33.11,29.285,29.54,139.49311,825.0092,3470.84547,2.80914,3.0128,3.30813,0.20236,0.08415,0.00216,-0.09192,3,4,0.33333,396.0,0.0,0.65,0.7,0.46,0.25112,-0.18139,-0.02226,-0.0173,0.13334,-0.23341,-0.2361,0.15
1779756600,2026-05-26T00:50:00,V2,DISC,cont,-1,2.0544,0.8,1,9.8,0.33215,0.15181,10.48163,13.10204,8.41336,39.265,30.435,29.505,177.2722,874.96077,3506.26849,3.73921,3.20788,3.33978,0.37766,0.12152,0.01369,-0.09749,3,5,0.66667,396.0,15.0,0.65,0.7,0.46,0.25112,-0.18139,-0.02226,-0.0173,0.13334,-0.23341,-0.2361,0.15
1779769740,2026-05-26T04:29:00,V2,DISC,flip,1,2.0894,0.8,1,9.8,0.33175,0.34529,10.6602,13.32551,3.70315,25.535,37.645,29.54,129.78849,1071.55681,3536.49171,2.6846,3.91904,3.31426,0.1403,0.07033,0.01613,-0.16435,3,7,1.33333,250.0,0.0,0.65,0.75,0.5,0.34124,-0.10835,0.0681,-0.01731,0.09848,-0.16219,-0.25998,0.15
1779772680,2026-05-26T05:18:00,V2,DISC,cont,1,2.5083,0.8,1,9.8,0.33499,0.36486,12.79796,15.99694,3.49844,23.89,34.955,29.255,118.36276,1022.05028,3486.79824,2.48392,3.78779,3.26553,0.24341,0.05713,0.02196,-0.14206,3,9,2.0,250.0,49.0,0.65,0.75,0.5,0.34124,-0.10835,0.0681,-0.01731,0.10455,-0.13664,-0.24678,0.15
1779779340,2026-05-26T07:09:00,V2,DISC,cont,-1,-6.7002,-1.0212,0,9.8,0.33706,0.27039,26.78061,33.47551,4.7278,30.295,30.785,29.075,150.42299,918.86055,3449.70662,3.04965,3.29004,3.20613,0.13531,0.00761,0.0247,-0.10864,3,11,2.66667,250.0,41.0,0.65,0.8,0.52,0.43228,-0.07231,0.0681,-0.01731,-0.00647,-0.20037,-0.16969,0.15
1779792480,2026-05-26T10:48:00,V2,DISC,flip,1,-3.6594,-1.0064,0,9.8,0.33625,0.10809,14.84082,18.55102,11.70253,48.01,27.89,29.145,239.86591,943.27628,3565.80236,5.63647,3.69264,3.4301,0.49455,0.10875,0.00082,-0.0585,4,12,2.0,250.0,0.0,0.6,0.85,0.52,0.52259,-0.07252,0.0681,-0.01707,0.00243,-0.17746,-0.13606,0.15
1779795300,2026-05-26T11:35:00,V2,DISC,flip,-1,2.1026,0.8,1,9.8,0.3245,0.2156,10.72755,13.40918,5.89516,53.035,31.515,30.2,239.84874,1006.03224,3646.23203,5.19878,3.8879,3.47841,0.04396,0.02985,0.00965,-0.07521,5,13,1.6,250.0,0.0,0.6,0.85,0.52,0.52259,-0.07252,0.0681,-0.01707,-0.00373,-0.07734,-0.06493,0.15
1779801660,2026-05-26T13:21:00,V2,DISC,cont,-1,-6.2252,-1.002,0,9.8,0.31731,0.20179,25.35918,31.69898,6.32917,33.95,33.05,30.885,169.27198,1075.75887,3765.37629,4.23159,4.33075,3.63294,0.19308,0.01804,0.0184,-0.08635,5,15,2.0,250.0,106.0,0.6,0.8,0.52,0.43227,-0.07256,0.06904,-0.01707,0.01213,-0.08886,-0.006,0.2
1779804840,2026-05-26T14:14:00,V2,DISC,flip,1,4.785,0.8,1,9.8,0.30654,0.13538,24.41327,30.51633,9.3613,72.95,38.625,31.97,351.70985,1250.9041,3931.99741,7.86164,5.09896,3.87788,0.12064,0.06472,0.0019,-0.09749,6,16,1.66667,234.0,0.0,0.6,0.8,0.52,0.43227,-0.07256,0.06904,-0.01707,-0.10035,-0.15984,-0.12337,0.15
1779808860,2026-05-26T15:21:00,V2,DISC,flip,-1,6.4262,0.8,1,9.8,0.29805,0.13046,32.78673,40.98367,9.79956,97.085,50.365,32.88,470.65892,1636.80755,4317.84694,9.37601,6.39256,4.28975,0.25363,0.00083,0.02758,-0.0585,7,16,1.28571,159.0,0.0,0.55,0.8,0.52,0.4343,-0.07208,0.06904,-0.01694,-0.07919,-0.06017,-0.18881,0.15
1779809460,2026-05-26T15:31:00,V2,DISC,cont,-1,6.0365,0.8,1,9.8,0.29692,0.08534,30.79796,38.49796,15.04587,95.94,55.035,33.005,457.16387,1696.94859,4398.76933,9.18996,6.64354,4.39041,0.38023,0.02622,0.03574,-0.06964,7,17,1.42857,159.0,10.0,0.55,0.8,0.52,0.4343,-0.07208,0.06904,-0.01694,-0.07919,-0.06017,-0.18881,0.15
1779858120,2026-05-27T05:02:00,V2,DISC,flip,1,1.2894,0.8,1,9.8,0.26522,0.28008,6.57857,8.22347,4.63406,31.17,30.535,36.95,177.04137,949.19244,4970.38384,4.11851,3.50844,4.8123,0.01419,0.03326,0.03044,-0.25905,6,18,2.0,234.0,0.0,0.6,0.8,0.56,0.4343,0.00013,0.25116,0.07434,-0.08754,-0.07231,-0.2998,0.15
1779860220,2026-05-27T05:37:00,V2,DISC,cont,1,-2.0434,-1.0066,0,9.8,0.26447,0.2892,8.28571,10.35714,4.48296,31.9,30.485,37.055,147.72141,934.59481,4949.09046,3.15925,3.46906,4.8038,0.31865,0.03001,0.03415,-0.24791,6,18,2.0,234.0,35.0,0.6,0.8,0.56,0.4343,0.00013,0.25116,0.07434,-0.06349,-0.05381,-0.2369,0.15
1779861780,2026-05-27T06:03:00,V2,DISC,cont,1,2.1309,0.8,1,9.8,0.26387,0.3055,10.87143,13.5898,4.2422,30.615,30.695,37.14,126.74144,945.73852,4948.92534,2.45599,3.4703,4.80397,0.12739,0.0327,0.03139,-0.20891,6,19,2.16667,234.0,61.0,0.6,0.8,0.56,0.4343,0.00013,0.25116,0.07434,-0.07547,-0.10164,-0.23746,0.15
1779872460,2026-05-27T09:01:00,V2,DISC,flip,-1,1.1219,0.8,1,9.8,0.26337,0.29818,5.72449,7.1551,4.34204,29.075,29.785,37.21,140.98972,917.74375,4965.97725,3.03827,3.34805,4.81866,0.16361,0.00479,0.02403,-0.19777,6,22,2.66667,234.0,0.0,0.6,0.75,0.6,0.34397,0.07234,0.25116,0.16432,-0.03768,-0.08341,-0.19346,0.1
1779876960,2026-05-27T10:16:00,V2,DISC,flip,1,-2.6904,-1.0211,0,9.8,0.26165,0.39928,10.75408,13.44286,3.23514,28.045,29.505,37.455,146.45336,915.5658,4969.75135,3.19211,3.32876,4.82213,0.22422,0.05642,0.02089,-0.18663,7,23,2.28571,159.0,0.0,0.6,0.75,0.6,0.34397,0.07234,0.25116,0.16432,0.03461,0.00256,-0.22049,0.1
1779882780,2026-05-27T11:53:00,V2,DISC,flip,-1,2.1666,0.8,1,9.8,0.27196,0.34689,11.05408,13.81735,3.73407,30.275,28.79,36.035,149.57726,903.96116,4824.49045,3.31988,3.2192,4.67575,0.12523,0.0134,0.04111,-0.1532,6,22,2.66667,119.0,0.0,0.6,0.75,0.62,0.34397,0.10854,0.34127,0.16432,-0.03975,-0.02321,-0.28907,0.05
1779887280,2026-05-27T13:08:00,V2,DISC,cont,-1,10.2858,0.8,1,9.8,0.26908,0.14854,52.47857,65.59796,8.74801,59.615,29.825,36.42,293.48464,1027.66897,4926.06099,7.30674,4.15898,4.8048,0.06384,0.03789,0.04246,-0.12535,6,24,3.0,119.0,75.0,0.6,0.75,0.62,0.34714,0.1082,0.34127,0.16432,0.05212,0.01277,-0.711,0.0
1779889080,2026-05-27T13:38:00,V2,DISC,cont,-1,-5.9346,-1.037,0,9.8,0.26747,0.0874,23.35816,29.19796,14.97377,59.93,31.105,36.64,264.06332,1104.92246,5003.67459,5.42535,4.4413,4.83709,0.47541,0.11076,0.05098,-0.09192,6,25,3.16667,119.0,105.0,0.6,0.75,0.62,0.34714,0.1082,0.34127,0.16432,0.06158,0.03103,-0.66689,0.05
1779953640,2026-05-28T07:34:00,V2,DISC,flip,1,2.1672,0.8,1,9.8,0.22167,0.2702,11.05714,13.82143,4.95199,37.88,48.15,44.21,207.52069,1597.16452,5723.35217,5.16619,6.6872,5.67241,0.33,0.08501,0.06143,-0.09749,4,20,4.0,159.0,0.0,0.55,0.7,0.64,0.25529,0.14368,0.43228,0.16257,0.06196,0.24422,-0.39902,0.25
1779956400,2026-05-28T08:20:00,V2,DISC,flip,-1,1.7182,0.8,1,9.8,0.21961,0.29043,8.76633,10.95816,4.60772,35.355,45.94,44.625,181.83531,1572.13405,5770.53845,3.85061,6.61258,5.69986,0.02258,0.0721,0.06088,-0.13649,5,21,3.2,97.0,19.0,0.55,0.7,0.64,0.25529,0.14368,0.43228,0.16257,0.05736,0.32325,-0.43849,0.25
1779962100,2026-05-28T09:55:00,V2,DISC,flip,1,-1.214,-1.0107,0,9.8,0.2201,0.33001,4.90306,6.12857,4.04339,28.915,36.105,44.525,119.66456,1287.29638,5701.49938,2.45487,5.78888,5.67778,0.273,0.03607,0.05589,-0.13092,5,21,3.2,114.0,0.0,0.55,0.7,0.66,0.25529,0.18018,0.43228,0.16257,0.00767,0.27319,-0.33149,0.3
1779963000,2026-05-28T10:10:00,V2,DISC,cont,1,-2.5614,-1.0058,0,9.8,0.21976,0.32037,10.39388,12.99286,4.16252,26.425,35.355,44.595,123.5449,1137.7725,5717.37759,2.59911,4.40184,5.68765,0.37482,0.04718,0.05404,-0.15877,5,22,3.4,114.0,15.0,0.55,0.7,0.66,0.25529,0.18018,0.43228,0.16257,0.00767,0.27319,-0.33149,0.3
1779966480,2026-05-28T11:08:00,V2,DISC,flip,-1,-4.4568,-1.0026,0,9.8,0.21787,0.25122,18.1449,22.68061,5.327,32.07,33.89,44.98,186.93949,1069.55353,5775.47106,3.8451,4.01793,5.70327,0.13943,0.03761,0.06206,-0.12535,5,22,3.4,97.0,0.0,0.55,0.7,0.66,0.25529,0.18018,0.43228,0.16257,-0.04362,0.16825,-0.50409,0.3
1779972480,2026-05-28T12:48:00,V2,DISC,cont,1,-6.9082,-1.0187,0,9.8,0.21976,0.2286,27.67959,34.6,5.83594,34.92,33.01,44.595,199.27151,1007.6891,5685.81447,4.6169,3.65884,5.60622,0.07668,0.05638,0.05321,-0.09749,5,22,3.4,97.0,57.0,0.55,0.6,0.66,0.07446,0.18009,0.43387,0.16526,-0.1632,-0.02157,-0.22197,0.25
1779975840,2026-05-28T13:44:00,V2,DISC,flip,-1,-3.0864,-1.0185,0,9.8,0.22047,0.10816,12.36939,15.46122,12.47067,49.495,33.76,44.45,284.51693,1123.9853,5750.07202,5.95313,4.17913,5.62005,0.33835,0.08514,0.05124,-0.11421,6,20,2.33333,97.0,0.0,0.6,0.55,0.64,-0.01567,0.14403,0.34374,0.16526,-0.17642,-0.12679,-0.35074,0.2
1779977100,2026-05-28T14:05:00,V2,DISC,cont,-1,-7.2818,-1.0072,0,9.8,0.22134,0.11609,29.5102,36.88776,11.63364,62.81,34.355,44.275,364.74995,1220.07812,5776.64812,8.15367,4.79425,5.6976,0.29995,0.07755,0.05781,-0.10864,6,21,2.5,97.0,21.0,0.6,0.55,0.64,-0.01567,0.14403,0.34374,0.16526,-0.17642,-0.12679,-0.35074,0.2
1779989940,2026-05-28T17:39:00,V2,DISC,flip,1,-17.8088,-1.0068,0,9.8,0.22087,0.20385,72.19898,90.24898,6.54847,46.39,53.475,44.37,203.5041,1824.88838,5852.95994,4.52623,7.36108,6.00278,0.20854,0.0107,0.03359,-0.06964,7,21,2.0,97.0,0.0,0.55,0.5,0.62,-0.10651,0.10899,0.25282,0.07472,-0.21895,-0.24519,-0.51306,0.2
1780067040,2026-05-29T15:04:00,V2,DISC,flip,1,4.701,0.8,1,9.8,0.27936,0.07821,23.98469,29.98061,17.11702,81.68,38.795,35.08,423.3659,1336.69589,4679.47651,8.7823,5.22244,4.51557,0.04485,0.03711,0.00962,-0.06964,13,24,0.84615,99.0,0.0,0.6,0.5,0.6,-0.10675,0.07286,0.16247,0.07472,-0.15727,-0.13367,-0.15727,0.3
1780068600,2026-05-29T15:30:00,V2,DISC,cont,1,6.2672,0.8,1,9.8,0.27892,0.10254,31.97551,39.96939,12.96799,89.995,41.925,35.135,473.7774,1481.01231,4712.01264,9.70235,5.92002,4.62189,0.30206,0.00619,0.02561,-0.09749,13,25,0.92308,99.0,26.0,0.6,0.5,0.6,-0.10675,0.07286,0.16247,0.07472,-0.15727,-0.13367,-0.15727,0.3
1780295940,2026-06-01T06:39:00,V2,DISC,flip,-1,18.0971,0.8,1,9.8,0.35258,0.24166,92.33265,115.41531,5.5516,37.13,38.905,27.795,164.26783,1118.20075,3576.31651,3.29149,4.15898,3.45406,0.20229,0.09252,0.0352,-0.00836,1,1,0.0,103.0,0.0,0.55,0.5,0.62,-0.10675,0.10916,0.2567,0.07472,0.01439,0.04277,-0.01879,0.3
1780334940,2026-06-01T17:29:00,V2,DISC,flip,1,-5.8046,-1.0088,0,9.8,0.24769,0.16189,23.48469,29.35612,8.45109,54.345,67.23,39.565,249.71566,2002.96884,5331.35597,5.72067,7.72567,5.26761,0.36562,0.06574,0.04876,-0.05292,4,17,3.25,161.0,0.0,0.6,0.5,0.62,-0.10675,0.10916,0.2567,0.07472,0.12817,0.16898,0.26888,0.3
1780347900,2026-06-01T21:05:00,V2,DISC,flip,-1,6.0341,0.8,1,9.8,0.22759,0.21418,30.78571,38.48265,6.42197,33.335,47.365,43.06,184.44414,1443.76449,5682.01343,3.8563,5.43388,5.4689,0.14787,0.01969,0.05835,-0.0195,5,19,2.8,192.0,0.0,0.6,0.45,0.62,-0.19719,0.10903,0.16626,0.07472,-0.01089,0.05241,0.04048,0.25
1780351560,2026-06-01T22:06:00,V2,DISC,cont,-1,-5.0412,-1.0078,0,9.8,0.22306,0.14384,20.41735,25.52143,9.62664,52.29,45.305,43.935,291.57361,1426.59554,5820.37647,5.81718,5.23148,5.52817,0.22949,0.01828,0.06961,-0.06964,5,21,3.2,192.0,61.0,0.6,0.45,0.62,-0.19719,0.10903,0.16626,0.07472,-0.0394,0.06776,0.07173,0.3
1780352700,2026-06-01T22:25:00,V2,DISC,flip,1,1.9926,0.8,1,9.8,0.22288,0.20252,10.16633,12.70816,6.8015,46.505,44.04,43.97,277.20901,1394.82393,5806.81682,6.0147,5.16146,5.54755,0.01425,0.02798,0.06502,-0.08078,6,22,2.66667,192.0,0.0,0.6,0.45,0.62,-0.19719,0.10903,0.16626,0.07472,-0.03624,0.09471,0.10767,0.35
1780354080,2026-06-01T22:48:00,V2,DISC,cont,1,-6.2948,-1.0068,0,9.8,0.2222,0.17243,25.51939,31.89898,7.97233,49.295,43.795,44.105,293.4839,1400.22721,5831.39324,6.29277,5.19334,5.58651,0.1359,0.00093,0.06197,-0.08635,6,23,2.83333,192.0,23.0,0.6,0.45,0.62,-0.19719,0.10903,0.16626,0.07472,-0.05956,0.04105,0.04914,0.35
1780365540,2026-06-02T01:59:00,V2,DISC,flip,-1,5.4224,0.8,1,9.8,0.2207,0.14258,27.66531,34.58163,9.74067,56.05,44.45,44.405,280.96112,1442.95422,5893.26635,5.62331,5.07517,5.58582,0.31778,0.09183,0.0634,-0.08078,9,27,2.0,137.0,0.0,0.6,0.45,0.64,-0.19654,0.1457,0.16626,-0.01565,-0.00199,0.0122,-0.06168,0.3
1780372860,2026-06-02T04:01:00,V2,DISC,flip,1,-1.8068,-1.0163,0,9.8,0.21463,0.23897,7.25612,9.07041,5.78337,43.6,49.015,45.66,227.59356,1594.8514,6039.70685,4.78189,5.85625,5.74478,0.10145,0.00472,0.06593,-0.06407,10,28,1.8,122.0,0.0,0.6,0.45,0.64,-0.19654,0.1457,0.16626,-0.01565,0.05949,0.02967,-0.17074,0.25
1780374840,2026-06-02T04:34:00,V2,DISC,cont,1,-6.3286,-1.003,0,9.8,0.21224,0.21386,25.75306,32.19184,6.46121,41.0,49.105,46.175,238.44072,1593.4117,6095.99893,4.96974,5.78387,5.78804,0.05425,0.0161,0.05596,-0.03621,10,29,1.9,122.0,33.0,0.6,0.45,0.64,-0.19654,0.1457,0.16626,-0.01565,0.03571,-0.11914,-0.26847,0.2
1780378800,2026-06-02T05:40:00,V2,DISC,flip,-1,5.2963,0.8,1,9.8,0.2075,0.1324,27.02245,33.77755,10.51362,47.505,49.345,47.23,220.82658,1571.41751,6189.25497,4.78614,5.70131,5.83289,0.34076,0.09663,0.06679,-0.01393,11,30,1.72727,99.0,0.0,0.6,0.45,0.64,-0.19654,0.1457,0.16626,-0.01565,0.02963,-0.14196,-0.35116,0.2
1780381440,2026-06-02T06:24:00,V2,DISC,cont,-1,3.2805,0.8,1,9.8,0.20404,0.1856,16.73673,20.92143,7.528,62.79,51.055,48.03,268.67591,1620.86631,6287.22056,5.63218,5.86297,5.88353,0.24196,0.08408,0.06804,0.00836,11,31,1.81818,99.0,44.0,0.65,0.4,0.64,-0.28735,0.14623,0.16576,-0.01565,0.03253,-0.16925,-0.32974,0.2
1780383660,2026-06-02T07:01:00,V2,DISC,cont,-1,6.7019,0.8,1,9.8,0.20294,0.09594,34.19388,42.74184,14.63401,59.16,54.72,48.29,352.75765,1757.21814,6425.79681,7.83343,6.41715,6.01455,0.18019,0.11316,0.07103,0.00279,10,32,2.2,99.0,81.0,0.65,0.4,0.62,-0.28565,0.11017,0.16576,-0.1058,-0.01043,-0.15493,-0.27799,0.2
1780445760,2026-06-03T00:16:00,V2,DISC,flip,1,-8.5824,-1.0009,0,9.8,0.15508,0.09816,34.99898,43.74898,14.90587,91.57,78.79,63.195,486.65569,2673.19692,8554.81422,11.276,10.03746,7.90174,0.10102,0.02653,0.07269,0.00836,6,27,3.5,122.0,0.0,0.55,0.45,0.62,-0.19512,0.11017,0.16576,-0.10581,0.02735,0.44133,0.91186,0.35
1780456140,2026-06-03T03:09:00,V2,DISC,flip,-1,9.3013,0.8,1,9.8,0.1552,0.16192,47.4551,59.31939,9.12373,54.25,68.335,63.145,301.44221,2467.78128,8682.32584,6.19613,9.28829,7.96678,0.22938,0.0744,0.07938,0.04178,4,25,5.25,122.0,0.0,0.6,0.45,0.6,-0.19487,0.07415,0.07572,-0.10581,0.04745,0.43048,0.89035,0.35
1780458180,2026-06-03T03:43:00,V2,DISC,cont,-1,4.2741,0.8,1,9.8,0.15203,0.08923,21.80612,27.25816,16.71016,67.06,71.91,64.46,359.74209,2504.57794,8853.11175,7.21186,9.35551,8.04062,0.40111,0.11572,0.08824,0.02507,4,28,6.0,122.0,34.0,0.6,0.45,0.6,-0.19487,0.07415,0.07572,-0.10581,0.06604,0.36383,0.92492,0.4
1780460760,2026-06-03T04:26:00,V2,DISC,flip,1,-5.7846,-1.0143,0,9.8,0.14909,0.14227,23.27857,29.09796,10.36173,97.31,75.065,65.73,541.864,2633.71618,8957.91126,11.97271,9.99079,8.285,0.08308,0.04398,0.07344,0.03064,3,27,8.0,122.0,77.0,0.6,0.45,0.6,-0.19487,0.07415,0.07572,-0.10581,0.10205,0.44795,1.08605,0.45
1780462920,2026-06-03T05:02:00,V2,DISC,cont,1,9.4507,0.8,1,9.8,0.14662,0.12298,48.21837,60.27245,11.94654,64.335,68.49,66.84,397.80172,2444.11655,9055.0127,9.86372,9.45582,8.43188,0.23064,0.03115,0.06484,0.06964,4,27,5.75,113.0,0.0,0.6,0.45,0.6,-0.19487,0.07415,0.07572,-0.10581,0.10205,0.44795,1.08605,0.45
1780478400,2026-06-03T09:20:00,V2,DISC,flip,-1,-9.7042,-1.0017,0,9.8,0.14641,0.15836,39.54388,49.42959,9.26911,54.78,64.335,66.935,318.07117,2245.69823,9127.06491,6.77912,8.77995,8.58727,0.10698,0.03374,0.04396,0.00279,4,23,4.75,122.0,1.0,0.6,0.6,0.6,0.07677,0.07555,-0.015,-0.10581,0.11707,0.43994,0.97741,0.45
1780481160,2026-06-03T10:06:00,V2,DISC,flip,1,-5.1802,-1.0066,0,9.8,0.14654,0.13509,21.00612,26.25714,10.78974,48.605,60.74,66.875,336.98112,1995.09166,9101.95434,9.93951,8.22789,8.73904,0.13474,0.06617,0.03598,-0.04178,5,24,3.8,113.0,0.0,0.6,0.6,0.6,0.07677,0.07555,-0.015,-0.10581,0.10868,0.4329,0.89871,0.4
1780488780,2026-06-03T12:13:00,V2,DISC,flip,-1,-3.7508,-1.0136,0,9.8,0.14631,0.14193,15.10408,18.87959,10.33034,43.885,52.26,66.98,249.83022,1789.11361,9225.76435,5.2239,7.03706,8.78091,0.21234,0.01655,0.03929,-0.08635,6,24,3.0,122.0,0.0,0.6,0.55,0.56,-0.01331,0.00338,-0.10436,-0.10581,0.14264,0.06508,0.38141,0.4
1780491600,2026-06-03T13:00:00,V2,DISC,flip,1,-6.7476,-1.0031,0,9.8,0.14605,0.19228,27.45714,34.32143,7.59959,59.855,51.78,67.1,333.00953,1774.58808,9246.96589,7.49281,7.13425,8.83502,0.05739,0.02045,0.02928,-0.11978,7,23,2.28571,122.0,0.0,0.6,0.55,0.56,-0.01331,0.00338,-0.10436,-0.10581,0.17897,0.03642,0.32617,0.35
1780494120,2026-06-03T13:42:00,V2,DISC,flip,-1,6.8891,0.8,1,9.8,0.14631,0.08058,35.14898,43.93571,18.24029,61.305,51.875,66.98,389.75976,1893.82031,9382.0505,9.08841,7.54895,8.92935,0.05938,0.03033,0.03464,-0.11978,8,23,1.875,113.0,0.0,0.6,0.55,0.56,-0.01331,0.00338,-0.10436,-0.10581,0.1662,-0.07688,0.07081,0.3
1780501020,2026-06-03T15:37:00,V2,DISC,cont,-1,6.6709,0.8,1,9.8,0.14638,0.08681,34.03469,42.54388,17.06586,81.825,63.68,66.95,464.93424,2217.05739,9307.18969,9.85385,8.49879,8.7797,0.22974,0.03649,0.01291,-0.06964,8,20,1.5,113.0,115.0,0.65,0.45,0.52,-0.19414,-0.06895,-0.28519,-0.10581,0.10783,-0.30385,-0.51939,0.25
1780522200,2026-06-03T21:30:00,V2,DISC,flip,1,-5.5782,-1.0218,0,9.8,0.14522,0.14624,22.28265,27.85306,10.23012,79.47,77.285,67.485,534.82026,2544.57293,9418.31084,11.55858,9.46281,8.92842,0.00877,0.06359,0.03607,0.00279,9,24,1.66667,127.0,0.0,0.6,0.5,0.52,-0.1037,-0.06895,-0.28519,-0.10581,0.16953,-0.36667,-0.6453,0.2
1780523280,2026-06-03T21:48:00,V2,DISC,cont,1,-8.8882,-1.0042,0,9.8,0.14399,0.07896,36.12857,45.1602,18.90806,89.285,77.675,68.06,590.51652,2556.98495,9512.19326,12.63171,9.60724,9.03106,0.16382,0.02786,0.03104,-0.01393,9,25,1.77778,127.0,18.0,0.6,0.5,0.52,-0.1037,-0.06895,-0.28519,-0.10581,0.16953,-0.36667,-0.6453,0.2
1780526220,2026-06-03T22:37:00,V2,DISC,flip,-1,4.8326,0.8,1,9.8,0.1424,0.10595,24.65612,30.82041,14.25725,101.855,77.47,68.82,594.39762,2495.53868,9711.16737,12.27287,9.08635,9.10921,0.15852,0.05668,0.0329,-0.01393,10,26,1.6,113.0,0.0,0.6,0.5,0.52,-0.1037,-0.06895,-0.28519,-0.10581,0.17409,-0.44608,-0.92182,0.1
1780527720,2026-06-03T23:02:00,V2,DISC,cont,-1,5.0606,0.8,1,9.8,0.1424,0.08429,25.81939,32.27449,18.00438,102.695,77.615,68.82,560.18416,2570.97152,9658.45587,11.62054,9.36532,9.00567,0.30574,0.08039,0.02594,-0.02507,10,26,1.6,113.0,25.0,0.6,0.5,0.52,-0.1037,-0.06895,-0.28519,-0.10581,0.17409,-0.44608,-0.92182,0.1
1780529040,2026-06-03T23:24:00,V2,DISC,cont,-1,5.3758,0.8,1,9.8,0.14227,0.09033,27.42755,34.28469,16.87406,104.6,78.525,68.885,509.84884,2656.92281,9678.57704,11.00352,9.66,9.00006,0.25475,0.08331,0.03284,-0.05292,10,28,1.8,113.0,47.0,0.6,0.5,0.52,-0.1037,-0.06895,-0.28519,-0.10581,0.13148,-0.50826,-0.94014,0.1
1780532640,2026-06-04T00:24:00,V2,DISC,cont,-1,6.7248,0.8,1,9.8,0.14016,0.09443,34.3102,42.88776,16.23608,94.235,83.185,69.92,460.72254,2759.16161,9723.13625,9.98071,9.98508,8.95918,0.1279,0.10725,0.04619,-0.06964,9,29,2.22222,113.0,107.0,0.6,0.45,0.5,-0.19461,-0.10505,-0.28575,-0.19602,0.08717,-0.51458,-0.72568,0.15
1780540920,2026-06-04T02:42:00,V2,DISC,flip,1,5.7546,0.8,1,9.8,0.1292,0.06326,29.3602,36.7,24.43882,164.26,117.1,75.85,984.1454,4006.64231,10977.32925,20.4518,14.48233,10.35432,0.09068,0.07258,0.04735,-0.00836,10,34,2.4,113.0,0.0,0.55,0.6,0.54,0.07669,-0.03288,-0.19562,-0.01485,0.13346,0.08698,0.08286,0.3
1780542240,2026-06-04T03:04:00,V2,DISC,cont,1,8.9533,0.8,1,9.8,0.1275,0.08876,45.67959,57.1,17.34943,148.605,117.31,76.865,922.22011,3982.84866,11070.33247,19.07327,14.50008,10.47569,0.38089,0.06121,0.04068,-0.01393,10,36,2.6,113.0,22.0,0.55,0.6,0.54,0.07669,-0.03288,-0.19562,-0.01485,0.13346,0.08698,0.08286,0.3
1780543860,2026-06-04T03:31:00,V2,DISC,cont,1,5.661,0.8,1,9.8,0.12627,0.09127,28.88265,36.10306,16.73598,119.52,119.86,77.61,662.04058,4007.92656,11103.96002,12.99794,14.59693,10.57253,0.25633,0.05196,0.02677,0.00836,9,35,2.88889,113.0,49.0,0.55,0.6,0.54,0.07669,-0.03288,-0.19562,-0.01485,0.03262,0.04058,0.18302,0.35
1780545900,2026-06-04T04:05:00,V2,DISC,cont,1,-6.2594,-1.0002,0,9.8,0.1279,0.12414,25.5449,31.93061,12.24365,103.175,117.53,76.62,583.61716,3941.71475,10937.6931,11.50151,14.46567,10.45239,0.2054,0.0424,0.02763,0.03621,9,35,2.88889,113.0,83.0,0.55,0.6,0.54,0.07669,-0.03288,-0.19562,-0.01485,-0.01014,0.10658,0.31179,0.5
1780549260,2026-06-04T05:01:00,V2,DISC,flip,-1,4.0075,0.8,1,9.8,0.12585,0.15206,20.44694,25.55816,10.04653,81.7,115.015,77.87,447.01669,3895.81957,11097.87469,8.97348,14.25677,10.51438,0.0849,0.02451,0.03141,0.03064,10,38,2.8,127.0,0.0,0.55,0.6,0.54,0.07669,-0.03288,-0.10469,-0.01485,-0.08622,0.11718,0.3197,0.5
1780549860,2026-06-04T05:11:00,V2,DISC,cont,-1,-3.9986,-1.0102,0,9.8,0.12602,0.09164,16.15714,20.19592,16.78989,82.51,112.68,77.765,472.35901,3919.66094,11115.04446,9.27249,14.18057,10.39943,0.26705,0.03266,0.04847,0.03621,9,38,3.22222,127.0,10.0,0.55,0.6,0.54,0.07669,-0.03288,-0.10469,0.07548,-0.08622,0.11718,0.3197,0.5
1780550460,2026-06-04T05:21:00,V2,DISC,cont,-1,-6.464,-1.0035,0,9.8,0.12561,0.08345,26.29082,32.86327,18.45884,86.755,112.68,78.02,549.9174,3978.31225,11188.50397,10.73197,14.31024,10.45837,0.27981,0.03299,0.04769,0.05292,9,39,3.33333,127.0,20.0,0.55,0.6,0.54,0.07669,-0.03288,-0.10469,0.07548,-0.08622,0.11718,0.3197,0.5
1780553880,2026-06-04T06:18:00,V2,DISC,flip,1,-10.7972,-1.001,0,9.8,0.12439,0.11371,44.02755,55.03469,13.38847,84.25,111.7,78.785,497.79914,3964.51127,11192.75064,10.66657,14.37028,10.55348,0.13263,0.00458,0.03871,0.04735,10,39,2.9,77.0,0.0,0.5,0.6,0.54,0.07672,-0.03275,-0.10469,-0.01453,-0.07086,0.06247,0.19808,0.5
1780557120,2026-06-04T07:12:00,V2,DISC,flip,-1,2.4453,0.8,1,9.8,0.12368,0.12668,12.47551,15.5949,12.14687,74.15,98.29,79.235,389.3614,3619.45113,11369.10769,7.93427,13.0772,10.59643,0.2004,0.02507,0.04643,0.03064,11,39,2.54545,77.0,0.0,0.5,0.55,0.52,-0.01378,-0.06895,-0.01435,-0.01319,-0.04587,0.05426,0.16047,0.5
1780557420,2026-06-04T07:17:00,V2,DISC,cont,-1,-6.1176,-1.0026,0,9.8,0.12368,0.10505,24.9051,31.13163,14.69763,73.825,97.21,79.235,416.51384,3647.77124,11409.40344,8.49925,13.12263,10.58324,0.31601,0.0264,0.05131,0.0195,11,40,2.63636,77.0,5.0,0.5,0.55,0.52,-0.01378,-0.06895,-0.01435,-0.01319,-0.04587,0.05426,0.16047,0.5
1780560540,2026-06-04T08:09:00,V2,DISC,cont,-1,8.1624,0.8,1,9.8,0.12144,0.09368,41.6449,52.05612,16.49753,81.45,89.1,80.695,435.82666,3214.2829,11536.42999,9.68919,11.22802,10.6776,0.15253,0.07109,0.04976,0.03621,11,41,2.72727,77.0,57.0,0.45,0.55,0.52,-0.01324,-0.0686,-0.01435,-0.01308,0.03288,0.01581,-0.00722,0.45
1780575360,2026-06-04T12:16:00,V2,DISC,flip,1,9.1744,0.8,1,9.8,0.11066,0.09179,46.80816,58.5102,17.02997,79.205,87.59,88.56,502.1759,2975.75626,12534.97844,11.18912,10.57519,11.25147,0.10548,0.08264,0.05161,0.04178,9,44,3.88889,77.0,0.0,0.4,0.6,0.5,0.07767,-0.10393,-0.1044,0.07809,-0.05628,-0.1883,-0.18195,0.3
1780576320,2026-06-04T12:32:00,V2,DISC,cont,1,8.1882,0.8,1,9.8,0.10979,0.05649,41.77653,52.22041,27.30824,94.35,91.745,89.26,632.20706,3079.33162,12546.39396,13.83017,11.23781,11.42364,0.25344,0.02586,0.0436,0.05292,9,45,4.0,77.0,16.0,0.4,0.6,0.5,0.07767,-0.10393,-0.1044,0.07809,-0.05628,-0.1883,-0.18195,0.3
1780580280,2026-06-04T13:38:00,V2,DISC,cont,1,-21.1278,-1.0065,0,9.8,0.10505,0.05163,85.68163,107.10204,29.62605,111.685,101.65,93.285,709.52895,3405.05749,12787.34641,15.40775,12.51564,11.72802,0.09523,0.01354,0.03405,-0.02507,8,45,4.625,77.0,82.0,0.4,0.6,0.5,0.07767,-0.10393,-0.1044,0.07809,0.02561,-0.2039,-0.38135,0.2
1780597740,2026-06-04T18:29:00,V2,DISC,flip,1,-15.4008,-1.0042,0,9.8,0.10321,0.09002,62.6,78.25,17.05764,82.23,96.73,94.955,514.87874,3283.32778,13043.88934,12.84231,12.24621,12.00939,0.20522,0.029,0.02399,-0.13092,9,50,4.55556,140.0,0.0,0.35,0.6,0.52,0.0775,-0.06773,-0.01396,0.07815,-0.0279,-0.17288,-0.3258,0.1
1780625940,2026-06-05T02:19:00,V2,DISC,flip,-1,8.8392,0.8,1,7.06,0.08212,0.08166,62.60057,78.25071,13.73336,78.075,76.315,85.975,431.77917,2511.30618,12073.73097,9.16716,8.81473,10.80544,0.117,0.02231,0.00652,-0.05292,10,41,3.1,139.0,0.0,0.35,0.6,0.52,0.07838,-0.06777,-0.10417,0.07815,-0.09038,-0.18233,-0.43525,0.1
1780635240,2026-06-05T04:54:00,V2,DISC,flip,1,7.189,0.8,1,7.06,0.08337,0.0812,50.9136,63.64164,13.74875,74.8,76.235,84.685,488.16471,2641.38478,11688.71898,11.27944,9.62364,10.61096,0.17519,0.02026,0.01565,-0.0195,10,36,2.6,140.0,0.0,0.4,0.65,0.54,0.16859,-0.03139,-0.10417,0.07815,-0.09819,-0.16029,-0.4552,0.1
1780639020,2026-06-05T05:57:00,V2,DISC,flip,-1,7.2586,0.8,1,7.06,0.08347,0.05291,51.40652,64.25779,21.38956,88.32,81.395,84.585,511.50259,2841.83334,11757.09382,11.67787,10.30006,10.59347,0.25024,0.07803,0.02117,0.00279,10,34,2.4,140.0,0.0,0.4,0.65,0.54,0.16859,-0.03139,-0.10417,0.07815,-0.06091,-0.14405,-0.37576,0.1
1780639380,2026-06-05T06:03:00,V2,DISC,cont,-1,-7.7982,-1.0049,0,7.06,0.08341,0.04142,43.96742,54.95892,27.50419,92.285,82.455,84.645,531.73987,2933.6587,11885.321,11.04346,10.63339,10.66251,0.42418,0.09611,0.02884,0.00836,10,35,2.5,140.0,6.0,0.4,0.65,0.54,0.16859,-0.03139,-0.10417,0.07815,-0.06091,-0.14405,-0.37576,0.1
1780640160,2026-06-05T06:16:00,V2,DISC,cont,-1,11.155,0.8,1,7.06,0.08283,0.03719,79.00142,98.75212,30.68166,121.49,84.845,85.23,656.93347,3072.19513,12054.95521,13.54569,11.13287,10.79234,0.3396,0.0903,0.03182,0.0195,10,36,2.6,140.0,19.0,0.4,0.65,0.54,0.16859,-0.03139,-0.10417,0.07815,-0.06091,-0.14405,-0.37576,0.1
1780646340,2026-06-05T07:59:00,V2,DISC,flip,1,-7.0458,-1.0012,0,7.06,0.07824,0.05689,39.87252,49.83994,19.68268,130.715,99.485,90.23,705.26091,3496.9963,12445.61128,15.07514,13.0553,11.42357,0.26161,0.01108,0.00611,0.03621,9,34,2.77778,140.0,0.0,0.45,0.65,0.58,0.16859,0.04112,-0.01336,0.07815,-0.06088,-0.06275,-0.20904,0.15
1780648680,2026-06-05T08:38:00,V2,DISC,flip,-1,-7.2788,-1.0045,0,7.06,0.07856,0.07274,41.05524,51.3187,15.53596,98.42,99.12,89.865,508.75488,3512.74624,12458.80904,10.78997,13.09479,11.32826,0.083,0.01584,0.01328,0.04178,10,33,2.3,122.0,0.0,0.45,0.6,0.58,0.07835,0.04116,-0.01336,0.1684,-0.07165,-0.09568,-0.17582,0.15
1780650780,2026-06-05T09:13:00,V2,DISC,flip,1,-7.028,-1.0076,0,7.06,0.07878,0.0591,39.51841,49.39802,18.97724,83.27,99.475,89.615,502.70017,3540.6518,12373.6657,12.25268,13.36988,11.40543,0.07248,0.02793,0.0039,0.04735,11,35,2.18182,117.0,0.0,0.45,0.6,0.58,0.07835,0.04116,-0.01336,0.1684,-0.07482,-0.04255,-0.13034,0.15
1780654980,2026-06-05T10:23:00,V2,DISC,flip,-1,-1.5712,-1.0004,0,7.06,0.08052,0.10087,8.89802,11.12323,11.19864,67.42,99.8,87.68,311.98437,3439.29338,12204.61297,6.47089,13.13149,11.23702,0.25442,0.00976,0.0031,0.04735,12,35,1.91667,70.0,0.0,0.45,0.55,0.56,-0.01171,0.00514,-0.10342,0.1684,-0.1015,-0.07609,-0.56561,0.15
1780655760,2026-06-05T10:36:00,V2,DISC,cont,-1,-4.3132,-1.0043,0,7.06,0.08069,0.10278,24.33286,30.41643,11.00608,64.425,98.485,87.495,307.05682,3345.84184,12167.16952,6.27192,12.81865,11.19912,0.25207,0.0301,0.00204,0.04735,12,35,1.91667,70.0,13.0,0.45,0.55,0.56,-0.01171,0.00514,-0.10342,0.1684,-0.1015,-0.07609,-0.56561,0.15
1780657380,2026-06-05T11:03:00,V2,DISC,cont,-1,5.6352,0.8,1,7.06,0.08208,0.10912,39.90935,49.88669,10.3852,65.335,97.4,86.01,359.48217,3267.46232,12123.61296,7.34068,12.38216,11.15522,0.2132,0.05253,0.00276,0.03064,12,35,1.91667,70.0,40.0,0.5,0.5,0.54,-0.10194,-0.03095,-0.1036,0.1684,-0.11566,0.01717,-0.4617,0.2
1780660740,2026-06-05T11:59:00,V2,DISC,cont,-1,5.0749,0.8,1,7.06,0.08191,0.08626,35.94051,44.92635,13.22317,71.175,95.27,86.19,462.68825,3280.63637,12188.38938,9.50296,12.37297,11.12353,0.21007,0.01888,0.00784,-0.00279,12,37,2.08333,70.0,96.0,0.55,0.45,0.54,-0.19232,-0.03093,-0.19398,0.1684,-0.13773,-0.02651,-0.24897,0.25
1780662180,2026-06-05T12:23:00,V2,DISC,flip,1,-4.097,-1.0167,0,7.06,0.08208,0.06625,22.83003,28.53824,17.10071,85.465,90.86,86.01,573.73738,3129.14985,12114.02725,13.27174,12.01113,11.16205,0.04454,0.05041,0.0111,-0.02507,12,37,2.08333,70.0,0.0,0.6,0.45,0.52,-0.19233,-0.06694,-0.19328,0.1684,-0.14774,-0.00944,-0.32656,0.2
1780667220,2026-06-05T13:47:00,V2,DISC,flip,-1,10.279,0.8,1,7.06,0.08232,0.04808,72.79745,90.99717,23.82547,110.905,87.285,85.765,594.61965,2974.00533,12056.89774,13.15818,11.20644,11.00184,0.06117,0.06758,0.03007,-0.0195,13,35,1.69231,84.0,0.0,0.55,0.45,0.52,-0.19203,-0.06687,-0.19328,0.07818,-0.16017,-0.14507,-0.41865,0.2
1780668180,2026-06-05T14:03:00,V2,DISC,cont,-1,3.7506,0.8,1,7.06,0.08226,0.04003,26.56232,33.20255,29.0718,129.61,87.555,85.825,762.91062,3174.8755,12369.60806,16.04225,11.89402,11.16113,0.28978,0.11565,0.04593,-0.02507,13,35,1.69231,84.0,16.0,0.55,0.5,0.54,-0.10186,-0.03073,-0.19328,0.07818,-0.16017,-0.14507,-0.41865,0.2
1780669500,2026-06-05T14:25:00,V2,DISC,cont,-1,12.168,0.8,1,7.06,0.08218,0.04791,86.17564,107.71955,24.38089,151.11,90.41,85.91,923.53449,3352.34386,12522.97188,18.20115,12.47789,11.2778,0.3046,0.10804,0.04808,0.00279,13,35,1.69231,84.0,38.0,0.55,0.5,0.52,-0.10264,-0.06707,-0.19404,0.07818,-0.09654,-0.05804,-0.25232,0.25
1780809480,2026-06-07T05:18:00,V2,DISC,flip,1,41.5086,0.8,1,7.06,0.13582,0.08851,293.97025,367.46317,12.85412,43.555,45.035,51.98,269.75207,1766.36646,7440.49686,6.59624,6.97813,7.33957,0.28643,0.12767,0.04412,0.01393,1,1,0.0,84.0,0.0,0.55,0.55,0.56,-0.01251,0.00532,-0.1037,0.07818,-0.28145,-0.24663,-0.42745,0.2
1780949520,2026-06-08T20:12:00,V2,DISC,flip,-1,-8.678,-1.0339,0,7.06,0.10955,0.12646,47.55524,59.44476,8.82867,50.395,59.625,64.445,246.95456,1961.51186,9547.79739,5.33101,7.06997,9.9243,0.11157,0.04481,0.02754,0.02507,2,7,2.5,123.0,0.0,0.55,0.55,0.56,-0.01251,0.00532,-0.01302,0.07818,-0.07943,0.02241,-0.1088,0.25
1780954920,2026-06-08T21:42:00,V2,DISC,flip,1,-4.0724,-1.0102,0,7.06,0.1118,0.18587,22.83994,28.54958,5.95373,39.39,51.46,63.15,248.40623,1690.71571,9362.59409,5.34932,6.10504,9.84691,0.26844,0.00031,0.0355,0.06407,2,6,2.0,123.0,0.0,0.55,0.55,0.56,-0.01251,0.00532,-0.01302,0.07818,-0.08337,0.01583,-0.14364,0.25
1780957080,2026-06-08T22:18:00,V2,DISC,flip,-1,-2.4948,-1.0057,0,7.06,0.11224,0.11204,14.05382,17.56799,9.96981,49.12,50.26,62.9,246.93489,1638.41273,9149.94872,5.519,5.97165,8.62876,0.25485,0.06681,0.00247,0.0585,3,6,1.0,90.0,0.0,0.6,0.5,0.54,-0.10421,-0.03136,-0.01456,0.07818,-0.01278,0.07562,-0.28139,0.2
1780959480,2026-06-08T22:58:00,V2,DISC,flip,1,-4.3524,-1.0015,0,7.06,0.11427,0.16023,24.62323,30.77904,6.94688,54.465,49.21,61.785,286.09002,1583.25134,8797.93505,6.40089,5.83047,8.29369,0.19475,0.00374,0.00927,0.04178,4,7,0.75,66.0,0.0,0.6,0.5,0.54,-0.10421,-0.03136,-0.01456,0.07818,-0.10451,0.01512,-0.36487,0.15
1780964040,2026-06-09T00:14:00,V2,DISC,flip,-1,-3.6718,-1.0018,0,7.06,0.1167,0.11392,20.76629,25.95751,9.83921,57.78,48.285,60.495,334.0209,1572.48691,8672.74382,6.82735,5.76579,8.13534,0.2731,0.05934,0.00431,-0.02507,5,9,0.8,76.0,0.0,0.65,0.5,0.54,-0.10439,-0.03154,-0.10507,0.07818,-0.06748,-0.16931,-0.64944,0.1
1780964460,2026-06-09T00:21:00,V2,DISC,cont,-1,4.3605,0.8,1,7.06,0.11667,0.08156,30.88102,38.60198,13.76171,55.78,49.21,60.51,344.41093,1637.44799,8718.40367,7.70929,6.13814,8.18658,0.11972,0.06333,0.00489,-0.02507,5,10,1.0,76.0,7.0,0.65,0.5,0.52,-0.10447,-0.06766,-0.10427,0.07818,-0.06748,-0.16931,-0.64944,0.1
1780966020,2026-06-09T00:47:00,V2,DISC,cont,-1,-5.3966,-1.009,0,7.06,0.11666,0.0786,30.30312,37.8796,14.37574,72.975,51.335,60.52,441.67696,1773.87009,8765.88421,9.45982,6.60196,8.17228,0.19184,0.08224,0.01967,-0.01393,5,12,1.4,76.0,33.0,0.65,0.5,0.52,-0.10447,-0.06766,-0.10427,0.07818,-0.06448,-0.07981,-0.55201,0.15
1780974000,2026-06-09T03:00:00,V2,DISC,flip,1,6.2176,0.8,1,7.0,0.11803,0.15019,44.41143,55.51429,7.41236,49.95,55.585,59.305,299.92702,1895.66934,8425.84757,6.09457,6.96295,7.94595,0.063,0.05152,0.00387,-0.03621,6,13,1.16667,90.0,0.0,0.6,0.4,0.5,-0.28484,-0.10358,-0.28444,0.07794,-0.00177,0.01239,-0.4658,0.25
1780980360,2026-06-09T04:46:00,V2,DISC,cont,1,-3.255,-1.0231,0,7.0,0.11968,0.06228,18.18,22.72429,17.74922,42.27,54.1,58.49,295.55962,1887.37775,8243.18781,8.2013,7.20935,7.93537,0.3006,0.00506,0.01028,-0.03064,8,18,1.25,66.0,37.0,0.6,0.4,0.5,-0.28484,-0.10358,-0.28444,0.07794,-0.00312,-0.04602,-0.25731,0.25
1780981560,2026-06-09T05:06:00,V2,DISC,flip,-1,-2.6902,-1.0133,0,7.0,0.11995,0.14066,15.17,18.96286,7.88107,49.845,54.1,58.36,337.94638,1926.24197,8273.94795,8.73625,7.28209,7.93582,0.17469,0.02528,0.01095,-0.03064,9,19,1.11111,57.0,0.0,0.65,0.4,0.52,-0.28484,-0.06745,-0.28444,0.07794,0.09893,0.02524,-0.11572,0.25
1780983060,2026-06-09T05:31:00,V2,DISC,flip,1,1.5806,0.8,1,7.0,0.12067,0.1979,11.29,14.11286,5.58262,47.875,52.495,58.01,330.66472,1832.19183,8186.15695,8.53277,7.04796,7.9046,0.29813,0.02773,0.01441,-0.02507,10,20,1.0,40.0,0.0,0.65,0.4,0.52,-0.28484,-0.06745,-0.28444,0.07794,0.07541,-0.00637,-0.13875,0.25
1780987800,2026-06-09T06:50:00,V2,DISC,flip,-1,3.733,0.8,1,7.0,0.12394,0.18667,26.66429,33.33,5.92912,42.155,46.785,56.48,220.03198,1580.68416,8049.57439,4.69267,6.05461,7.79788,0.06893,0.08353,0.00623,-0.04178,11,21,0.90909,40.0,0.0,0.6,0.4,0.52,-0.28594,-0.06764,-0.28444,-0.01321,-0.02569,-0.16999,-0.37298,0.2
1780992300,2026-06-09T08:05:00,V2,DISC,cont,-1,3.6158,0.8,1,7.0,0.12641,0.15381,25.82714,32.28429,7.22857,41.19,43.38,55.375,266.80534,1551.69804,7964.7433,5.46491,5.91541,7.71088,0.20176,0.02175,0.00308,-0.03621,11,23,1.09091,40.0,75.0,0.6,0.45,0.52,-0.19599,-0.06785,-0.28505,-0.01321,0.00342,-0.16564,-0.33509,0.2
1781013120,2026-06-09T13:52:00,V2,DISC,flip,1,-3.3772,-1.0114,0,7.0,0.13922,0.06932,19.08,23.85,16.17164,67.345,43.465,50.28,387.54219,1661.48944,7119.3621,8.56741,6.24502,6.6039,0.03406,0.06332,0.0282,-0.13649,12,28,1.33333,57.0,0.0,0.6,0.55,0.54,-0.01576,-0.03141,-0.28505,-0.01321,0.10984,-0.06316,0.00017,0.2
1781015340,2026-06-09T14:29:00,V2,DISC,flip,-1,4.2622,0.8,1,7.0,0.13922,0.0579,30.44429,38.05571,19.63697,103.14,46.435,50.28,544.1633,1811.65415,7213.38214,10.46068,6.69791,6.56919,0.22056,0.11348,0.04854,-0.12535,13,29,1.23077,57.0,0.0,0.6,0.55,0.54,-0.01576,-0.03141,-0.28505,-0.01321,0.05923,-0.35963,-0.38519,0.1
1781020560,2026-06-09T15:56:00,V2,DISC,cont,-1,-12.9532,-1.0051,0,7.0,0.13792,0.07442,73.64143,92.05143,15.41387,85.225,62.195,50.755,526.87415,2168.35379,7415.27955,10.00217,7.73481,6.67515,0.07979,0.12467,0.06097,-0.08635,15,32,1.13333,38.0,24.0,0.65,0.5,0.54,-0.10633,-0.03155,-0.28541,-0.01321,0.08211,-0.36494,-0.52042,0.05
1781025420,2026-06-09T17:17:00,V2,DISC,cont,1,6.1003,0.8,1,7.0,0.13572,0.06683,43.57429,54.46714,16.9749,106.195,78.51,51.575,653.06744,2623.27858,7652.2017,13.97027,9.5396,7.15089,0.20078,0.04986,0.03697,-0.0585,16,36,1.25,38.0,16.0,0.7,0.5,0.54,-0.10633,-0.03155,-0.28541,-0.01321,-0.00563,-0.36229,-0.67449,0.1
1781040660,2026-06-09T21:31:00,V2,DISC,flip,-1,-1.4606,-1.0357,0,7.0,0.1317,0.12848,8.05857,10.07286,8.82409,39.34,60.56,53.15,225.00449,2325.7461,7811.82008,4.59863,8.8241,7.33181,0.14221,0.03359,0.03913,0.03064,16,40,1.5,57.0,0.0,0.6,0.5,0.52,-0.10575,-0.06766,-0.28541,-0.10347,-0.09028,-0.29499,-0.52443,0.15
1781041560,2026-06-09T21:46:00,V2,DISC,cont,-1,-2.9562,-1.0197,0,7.0,0.1322,0.17172,16.56571,20.70714,6.6044,39.295,58.025,52.95,221.63546,2244.34031,7822.44601,4.49633,8.64194,7.33431,0.22478,0.0354,0.04262,0.03064,15,40,1.66667,57.0,15.0,0.6,0.5,0.52,-0.10575,-0.06766,-0.28541,-0.10347,-0.09028,-0.29499,-0.52443,0.15
1781043600,2026-06-09T22:20:00,V2,DISC,flip,1,-2.998,-1.0111,0,7.0,0.1333,0.14185,16.94429,21.18,7.97189,42.34,54.415,52.515,225.76698,2066.23528,7756.43027,4.91879,8.18185,7.30439,0.02547,0.07922,0.02898,0.06407,15,41,1.73333,49.0,0.0,0.6,0.5,0.52,-0.10575,-0.06766,-0.28541,-0.10347,-0.12942,-0.23675,-0.50898,0.2
1781044440,2026-06-09T22:34:00,V2,DISC,cont,1,-4.1836,-1.0087,0,7.0,0.13352,0.14105,23.7,29.62429,8.01444,45.92,53.74,52.425,236.22722,2045.02072,7736.7327,5.03315,8.10328,7.28985,0.09911,0.06662,0.02865,0.05292,15,42,1.8,49.0,14.0,0.6,0.5,0.52,-0.10575,-0.06766,-0.28541,-0.10347,-0.10492,-0.2505,-0.58658,0.2
1781045880,2026-06-09T22:58:00,V2,DISC,flip,-1,-2.0118,-1.0037,0,7.0,0.13298,0.13342,11.45429,14.31714,8.51165,49.66,52.535,52.64,292.59313,1844.94165,7833.07758,6.12469,6.83416,7.32405,0.0076,0.0227,0.03696,0.08635,15,42,1.8,49.0,0.0,0.6,0.5,0.52,-0.10575,-0.06766,-0.28541,-0.10347,-0.12887,-0.22919,-0.64141,0.2
1781046960,2026-06-09T23:16:00,V2,DISC,flip,1,-3.9922,-1.0042,0,7.0,0.13298,0.12717,22.71714,28.39571,8.90784,53.575,51.34,52.64,340.68378,1784.56876,7812.30358,6.70094,6.57252,7.30778,0.01426,0.01899,0.03252,0.08635,16,42,1.625,38.0,0.0,0.6,0.5,0.52,-0.10575,-0.06766,-0.28541,-0.10347,-0.15612,-0.28018,-0.67868,0.2
1781051760,2026-06-10T00:36:00,V2,DISC,flip,-1,-7.1612,-1.0017,0,7.0,0.1349,0.10681,40.85286,51.06571,10.65857,48.665,47.9,51.89,288.97291,1641.98344,7685.3706,6.04005,5.80541,7.14855,0.04211,0.0274,0.02379,0.14206,16,42,1.625,38.0,61.0,0.6,0.35,0.44,-0.37782,-0.21316,-0.46775,-0.10437,-0.23944,-0.35729,-0.65975,0.2
1781057760,2026-06-10T02:16:00,V2,DISC,cont,-1,9.1115,0.8,1,7.0,0.13424,0.12485,65.08286,81.35286,9.1305,56.435,49.58,52.145,310.09561,1756.56955,7776.62844,6.36819,6.05108,7.19635,0.22375,0.06618,0.0253,0.09749,16,42,1.625,38.0,161.0,0.6,0.35,0.42,-0.37742,-0.24931,-0.46786,-0.10437,-0.23438,-0.3505,-0.64756,0.2
1781087460,2026-06-10T10:31:00,V2,DISC,flip,1,-5.9708,-1.0113,0,7.0,0.12998,0.13355,33.73714,42.17143,8.53847,50.89,46.855,53.855,315.31614,1656.7472,7793.54449,6.60496,6.16093,7.19131,0.111,0.00589,0.02666,-0.01117,15,39,1.6,56.0,0.0,0.55,0.4,0.44,-0.28734,-0.21307,-0.46757,-0.01419,-0.21969,-0.22127,-0.73134,0.1
1781094600,2026-06-10T12:30:00,V2,DISC,cont,1,11.5726,0.8,1,7.0,0.12619,0.07607,82.66143,103.32714,14.97186,54.055,52.37,55.47,327.21883,1980.8627,8066.5413,9.06994,7.8977,7.59325,0.26683,0.01581,0.02266,-0.0195,15,39,1.6,56.0,119.0,0.55,0.4,0.44,-0.28734,-0.21307,-0.46757,-0.01419,-0.1854,-0.25492,-0.78587,0.05
1781100840,2026-06-10T14:14:00,V2,DISC,flip,-1,-5.0626,-1.0019,0,7.0,0.12562,0.07962,28.87571,36.09429,14.18842,96.13,59.655,55.725,543.22137,2407.42797,8212.51526,11.45527,9.49417,7.8776,0.14465,0.02676,0.00021,-0.08635,15,38,1.53333,100.0,0.0,0.6,0.35,0.44,-0.3779,-0.21328,-0.46811,-0.01419,-0.18845,-0.25084,-0.66316,0.05
1781106360,2026-06-10T15:46:00,V2,DISC,flip,1,-13.9944,-1.0005,0,7.0,0.12725,0.08136,79.92571,99.90714,13.76856,90.42,68.05,55.01,504.99131,2679.48478,8227.81348,10.9325,10.46901,8.0414,0.18751,0.08067,0.02445,-0.10864,13,37,1.84615,100.0,0.0,0.6,0.4,0.44,-0.28745,-0.21328,-0.46811,0.07594,-0.16093,-0.21882,-0.69623,0.05
1781117400,2026-06-10T18:50:00,V2,DISC,cont,-1,7.8794,0.8,1,7.0,0.12698,0.11533,56.28143,70.35143,9.85089,61.245,81.48,55.125,382.28087,2936.12524,8291.1932,8.16415,10.62107,7.96011,0.10135,0.00531,0.00028,-0.10306,13,34,1.61538,103.0,81.0,0.65,0.35,0.42,-0.37642,-0.24928,-0.5574,0.07594,-0.13039,-0.06134,-0.47684,0.05
1781131200,2026-06-10T22:40:00,V2,DISC,flip,1,2.1198,0.8,1,7.0,0.1206,0.09433,15.14143,18.92714,12.09368,69.015,64.255,58.045,426.55612,2222.58925,8600.3521,9.49197,8.00133,8.18037,0.07865,0.06676,0.00752,-0.09749,11,30,1.72727,103.0,311.0,0.6,0.4,0.42,-0.28575,-0.24928,-0.5574,0.07594,-0.09638,0.15245,-0.40096,0.1
1781134920,2026-06-10T23:42:00,V2,DISC,cont,1,6.4832,0.8,1,7.0,0.1206,0.14203,46.30857,57.88571,8.01089,49.54,58.43,58.045,245.40756,2025.68065,8531.60677,5.5147,7.50102,8.17397,0.05642,0.01116,0.00051,-0.10306,9,28,2.11111,119.0,60.0,0.6,0.4,0.42,-0.28575,-0.24928,-0.5574,0.07594,-0.11918,0.02717,-0.41162,0.1
1781144880,2026-06-11T02:28:00,V2,DISC,flip,-1,1.4243,0.8,1,7.0,0.12355,0.11922,10.17429,12.71714,9.47106,46.55,51.5,56.655,333.75266,1899.13447,8438.42975,7.26225,7.10555,8.20004,0.04238,0.01259,0.01162,-0.06964,10,31,2.1,119.0,0.0,0.55,0.4,0.44,-0.28575,-0.21315,-0.5574,0.07594,-0.06278,-0.01828,-0.29524,0.15
1781148720,2026-06-11T03:32:00,V2,DISC,flip,1,4.0837,0.8,1,7.0,0.12492,0.16256,29.16857,36.46143,6.92371,41.725,50.475,56.035,241.86586,1853.05938,8403.93034,5.14159,7.02189,8.19725,0.19091,0.04972,0.01489,-0.09192,10,29,1.9,119.0,0.0,0.55,0.4,0.44,-0.28575,-0.21315,-0.5574,0.07594,-0.0342,-0.04297,-0.37126,0.15
1781179200,2026-06-11T12:00:00,V2,DISC,flip,-1,2.9955,0.8,1,7.0,0.13551,0.16503,21.39714,26.74571,6.73441,42.205,34.09,51.655,229.22244,1239.64927,7763.7622,4.89892,4.606,7.77612,0.00961,0.05672,0.04157,-0.08078,7,26,2.71429,148.0,0.0,0.6,0.45,0.46,-0.19518,-0.17706,-0.37519,0.07594,0.03588,0.06061,-0.18562,0.2
1781200140,2026-06-11T17:49:00,V2,DISC,flip,1,-9.1506,-1.0009,0,7.0,0.14219,0.06,52.24143,65.30143,18.3673,63.24,63.15,49.23,499.3255,2294.05291,7080.02939,13.37017,9.11458,7.05134,0.30314,0.03025,0.0339,-0.0195,5,20,3.0,223.0,0.0,0.6,0.45,0.46,-0.19518,-0.17706,-0.2849,0.07594,0.09445,0.09863,-0.04176,0.25
1781276040,2026-06-12T14:54:00,V2,DISC,flip,1,14.7328,0.8,1,7.0,0.16872,0.06427,105.23429,131.54286,17.04757,80.57,45.99,41.49,480.97417,1646.78475,5979.97862,10.99467,6.64972,6.29633,0.26009,0.04819,0.02693,-0.04735,3,5,0.66667,313.0,0.0,0.65,0.45,0.44,-0.19497,-0.21308,-0.28488,0.07594,0.06694,0.05382,-0.0465,0.25
1781447340,2026-06-14T14:29:00,V2,DISC,flip,-1,8.2504,0.8,1,7.0,0.32385,0.15841,58.93143,73.66429,6.89135,29.55,21.34,21.615,180.98858,803.56403,3116.05087,3.96906,3.03203,3.16353,0.10785,0.06333,0.00016,-0.11421,3,7,1.33333,204.0,0.0,0.7,0.45,0.46,-0.19497,-0.17698,-0.19479,0.07594,-0.21242,-0.03517,-0.21839,0.3
1781463600,2026-06-14T19:00:00,V2,DISC,flip,1,-1.1534,-1.0468,0,7.0,0.32007,0.3197,6.29571,7.87,3.43307,24.915,28.01,21.87,128.58173,1028.4845,3172.93857,2.74751,3.92601,3.24097,0.0747,0.08423,0.02022,-0.08078,3,7,1.33333,239.0,0.0,0.7,0.5,0.46,-0.10318,-0.17698,-0.19478,0.07594,-0.23844,-0.08786,-0.25636,0.2
1781464560,2026-06-14T19:16:00,V2,DISC,cont,1,-2.0256,-1.0036,0,7.0,0.32162,0.22506,11.53429,14.41714,4.87436,21.94,27.985,21.765,126.68563,1029.42479,3157.22687,2.73262,3.93894,3.20602,0.10798,0.08255,0.01344,-0.09192,3,8,1.66667,239.0,16.0,0.7,0.5,0.46,-0.10318,-0.17698,-0.19478,0.07594,-0.23844,-0.08786,-0.25636,0.2
1781467260,2026-06-14T20:01:00,V2,DISC,cont,1,1.9474,0.8,1,7.0,0.32355,0.35325,13.91,17.38714,3.10474,19.87,26.645,21.635,110.82324,983.27812,3137.35426,2.53363,3.86418,3.1948,0.08254,0.07279,0.01942,-0.06407,3,9,2.0,239.0,61.0,0.7,0.5,0.46,-0.10318,-0.17698,-0.19478,0.07594,-0.26102,-0.07811,-0.15919,0.2
1781485380,2026-06-15T01:03:00,V2,DISC,flip,-1,-3.9162,-1.0322,0,7.0,0.28872,0.16003,21.68143,27.10143,6.68721,46.3,46.15,24.245,245.64034,1815.76944,4120.82606,5.80386,9.36363,5.3875,0.12313,0.13787,0.03336,-0.09497,3,12,3.0,271.0,0.0,0.7,0.55,0.48,-0.01373,-0.14172,-0.19646,0.16633,-0.09781,-0.14009,-0.45617,0.05
1781489760,2026-06-15T02:16:00,V2,DISC,flip,1,-5.8176,-1.0007,0,7.0,0.28017,0.15057,33.22,41.52571,7.07455,46.01,51.775,24.985,233.87167,1986.13098,4244.26285,5.01668,9.59825,5.48038,0.19002,0.14748,0.04003,-0.0838,4,13,2.25,239.0,0.0,0.7,0.55,0.48,-0.01373,-0.14172,-0.19646,0.16633,-0.11746,-0.1611,-0.41592,0.05
1781494800,2026-06-15T03:40:00,V2,DISC,cont,1,6.1426,0.8,1,7.0,0.26908,0.20014,43.87571,54.84429,5.3179,31.7,48.835,26.015,171.15774,1664.12852,4335.61544,3.99277,6.6274,5.53236,0.16726,0.04395,0.04546,-0.07821,4,14,2.5,239.0,84.0,0.7,0.55,0.48,-0.01515,-0.14236,-0.28807,0.16633,-0.10949,-0.07409,-0.22158,0.05
1781532600,2026-06-15T14:10:00,V2,DISC,flip,-1,-2.7858,-1.0126,0,7.0,0.20098,0.11087,15.72143,19.65143,9.5305,74.97,38.37,34.83,356.75329,1274.44969,5166.45729,7.50382,5.01535,6.06184,0.14951,0.06519,0.05744,0.03064,7,24,2.42857,271.0,0.0,0.65,0.6,0.48,0.07511,-0.14229,-0.3781,0.16632,0.0737,0.32742,0.26117,0.35
1781534700,2026-06-15T14:45:00,V2,DISC,flip,1,3.2014,0.8,1,7.0,0.19816,0.13929,22.86714,28.58429,7.55182,63.09,42.23,35.325,268.17491,1329.20643,5134.70956,5.74064,5.19232,6.04905,0.02199,0.09017,0.07639,0.01393,7,24,2.42857,250.0,0.0,0.65,0.6,0.48,0.07511,-0.14229,-0.3781,0.16632,0.04244,0.32044,0.23598,0.35
1781559000,2026-06-15T21:30:00,V2,DISC,flip,-1,6.0134,0.8,1,7.0,0.17331,0.19812,42.95286,53.69143,5.32572,29.845,41.935,40.39,176.7532,1489.32585,5548.67579,3.8483,5.87624,5.6539,0.23104,0.0319,0.04444,-0.04178,7,20,1.85714,271.0,0.0,0.7,0.6,0.48,0.07504,-0.14221,-0.37817,0.16632,0.1084,0.50866,0.60395,0.45
1781582460,2026-06-16T04:01:00,V2,DISC,flip,1,1.4624,0.8,1,7.0,0.18724,0.25743,10.44571,13.05714,4.11172,31.515,35.55,37.385,217.64073,1208.22339,5001.83266,5.00249,4.69131,4.92476,0.27468,0.03051,0.00871,-0.13649,6,19,2.16667,271.0,0.0,0.75,0.6,0.48,0.07504,-0.14221,-0.28638,0.16632,0.11231,0.38425,0.5005,0.45
1781608980,2026-06-16T11:23:00,V2,DISC,flip,-1,-6.727,-1.0008,0,7.0,0.17513,0.1661,38.40857,48.01143,6.34498,38.725,37.25,39.97,213.33012,1313.99531,5405.49614,4.42489,4.91116,5.22275,0.16895,0.0433,0.00471,-0.03064,5,18,2.6,363.0,13.0,0.75,0.65,0.48,0.16514,-0.14221,-0.19583,0.16632,0.17478,0.44226,0.53048,0.45
1781615100,2026-06-16T13:05:00,V2,DISC,cont,-1,7.4091,0.8,1,7.0,0.17513,0.14124,52.92286,66.15286,7.47486,51.595,39.92,39.97,286.379,1381.55202,5431.06462,6.39353,5.19125,5.25381,0.02563,0.00809,0.006,-0.00279,6,21,2.5,250.0,50.0,0.75,0.65,0.48,0.16514,-0.14221,-0.19583,0.16632,-0.02227,-0.04284,-0.24327,0.2
1781703360,2026-06-17T13:36:00,V2,DISC,flip,1,3.628,0.8,1,7.0,0.19393,0.12016,25.91429,32.39286,8.95521,44.15,42.52,36.095,222.83726,1371.81904,5198.23137,4.71511,5.06869,4.99436,0.1864,0.04912,0.02581,-0.04178,1,6,5.0,250.0,0.0,0.75,0.65,0.46,0.16512,-0.17822,-0.19568,0.25654,-0.03107,0.00419,-0.32677,0.25
1781705700,2026-06-17T14:15:00,V2,DISC,cont,1,-6.0958,-1.0015,0,7.0,0.19383,0.08745,34.78,43.47571,12.2444,65.93,44.585,36.115,334.72628,1440.2638,5214.56917,7.05288,5.248,5.03473,0.18302,0.01162,0.01829,-0.07521,1,7,6.0,250.0,39.0,0.75,0.65,0.46,0.16512,-0.17822,-0.19568,0.25654,0.02796,0.02395,-0.3356,0.2
1781707620,2026-06-17T14:47:00,V2,DISC,flip,-1,-6.8668,-1.0015,0,7.0,0.19383,0.08268,39.18,48.97571,13.07185,64.07,46.16,36.115,384.72358,1481.48343,5186.82388,9.79024,5.94488,5.03567,0.18771,0.01688,0.02554,-0.04735,2,7,2.5,250.0,0.0,0.75,0.65,0.46,0.16512,-0.17822,-0.19568,0.25654,-0.0128,0.00589,-0.34362,0.2
1781709300,2026-06-17T15:15:00,V2,DISC,flip,1,5.2342,0.8,1,7.0,0.19366,0.10733,37.38714,46.73429,9.99639,59.525,47.78,36.145,410.1079,1550.89073,5202.59008,10.44631,6.26077,5.1086,0.04746,0.032,0.01794,-0.0195,3,8,1.66667,71.0,0.0,0.75,0.65,0.46,0.16512,-0.17822,-0.19568,0.25654,-0.0128,0.00589,-0.34362,0.2
1781712960,2026-06-17T16:16:00,V2,DISC,cont,1,4.3069,0.8,1,7.0,0.19199,0.11866,30.76286,38.45429,8.95335,56.405,51.105,36.46,313.9335,1649.74338,5149.35454,6.87312,6.63879,5.1187,0.30367,0.09502,0.0046,0.0195,3,11,2.66667,71.0,61.0,0.75,0.6,0.48,0.07505,-0.14137,-0.10547,0.16646,-0.0176,0.16177,0.11785,0.35
1781713620,2026-06-17T16:27:00,V2,DISC,cont,1,-7.1774,-1.0047,0,7.0,0.19173,0.08653,40.82143,51.02714,12.22385,56.99,51.945,36.51,321.08128,1677.12297,5152.93848,7.1137,6.78347,5.16565,0.42301,0.11869,0.01478,0.0195,3,12,3.0,71.0,72.0,0.75,0.6,0.48,0.07505,-0.14137,-0.10547,0.16646,-0.0176,0.16177,0.11785,0.35
1781716500,2026-06-17T17:15:00,V2,DISC,flip,-1,-2.7452,-1.0089,0,7.0,0.18782,0.11392,15.54857,19.43571,9.34123,58.72,53.405,37.27,365.21709,1837.16181,5291.20043,8.44091,7.28106,5.30901,0.01,0.10047,0.00176,0.05292,3,12,3.0,71.0,120.0,0.75,0.55,0.5,-0.01503,-0.10526,-0.01489,0.16646,-0.1205,0.0795,0.00702,0.3
1781718720,2026-06-17T17:52:00,V2,DISC,flip,1,3.2851,0.8,1,7.0,0.18757,0.14202,23.46571,29.33143,7.47061,44.075,53.715,37.32,260.34278,1871.90104,5280.05383,5.60273,7.35931,5.31749,0.09787,0.096,0.00057,0.05292,4,13,2.25,152.0,5.0,0.75,0.55,0.5,-0.01503,-0.10526,-0.01489,0.16646,-0.1205,0.0795,0.00702,0.3
1781723940,2026-06-17T19:19:00,V2,DISC,flip,-1,21.3222,0.8,1,7.0,0.1822,0.05025,152.30143,190.37714,21.5224,119.72,66.4,38.42,751.73884,2819.1709,6270.84539,15.27756,11.91373,7.03161,0.14221,0.01505,0.02108,0.09192,4,15,2.75,152.0,92.0,0.65,0.5,0.5,-0.10566,-0.10531,-0.01524,0.07623,-0.10567,0.16184,0.13159,0.35
1781794320,2026-06-18T14:52:00,V2,DISC,cont,-1,9.3675,0.8,1,7.0,0.15922,0.08327,66.91143,83.63857,13.22725,82.22,43.355,43.965,460.75323,1572.87002,7208.26586,9.66027,5.94824,7.59838,0.17051,0.08349,0.03541,0.00836,12,38,2.16667,89.0,40.0,0.65,0.55,0.52,-0.01332,-0.06885,0.07478,0.07623,-0.19222,0.05488,-0.20058,0.3
1781796960,2026-06-18T15:36:00,V2,DISC,cont,-1,5.9922,0.8,1,7.0,0.15762,0.07438,42.80143,53.50143,14.93184,83.365,49.785,44.41,540.41576,1835.40975,7430.63736,10.7909,6.89459,7.75107,0.22533,0.10217,0.04956,0.00836,11,39,2.54545,89.0,84.0,0.65,0.55,0.52,-0.01332,-0.06885,0.07478,0.07623,-0.2024,0.12194,0.03267,0.35
1781932200,2026-06-20T05:10:00,V2,DISC,flip,1,-10.0764,-1.0037,0,7.0,0.21933,0.14782,57.36571,71.70714,7.42782,22.685,26.355,31.915,157.95748,1025.57072,4720.29533,4.11342,4.33615,4.71429,0.39187,0.08306,0.0389,-0.03621,1,1,0.0,89.0,0.0,0.65,0.6,0.54,0.07686,-0.03258,0.07478,0.07623,-0.11045,0.38003,0.3624,0.45
1782021060,2026-06-21T05:51:00,V2,DISC,flip,-1,2.1219,0.8,1,7.0,0.30375,0.28664,15.15714,18.94571,3.80659,19.015,17.035,23.045,104.9401,616.81829,3384.57119,2.42093,2.522,3.75022,0.217,0.01443,0.02651,-0.00836,1,5,4.0,103.0,0.0,0.65,0.6,0.52,0.07828,-0.06866,-0.0154,0.07623,0.06216,0.26764,0.15372,0.3
1782030720,2026-06-21T08:32:00,V2,DISC,cont,-1,1.0597,0.8,1,7.0,0.31667,0.32946,7.56857,9.46143,3.32331,19.17,18.025,22.105,114.03061,631.09586,3295.00196,2.40889,2.53635,3.67211,0.26481,0.05294,0.02442,0.0195,3,10,2.33333,73.0,72.0,0.65,0.65,0.52,0.16832,-0.06866,-0.0154,0.07623,0.09036,0.21988,0.12972,0.25
1782034380,2026-06-21T09:33:00,V2,DISC,flip,1,0.7963,0.8,1,7.0,0.3171,0.29971,5.68857,7.11,3.6488,23.195,19.325,22.075,154.98229,683.74649,3334.21185,3.57111,2.68452,3.71271,0.06513,0.06704,0.02432,-0.03064,4,11,1.75,89.0,0.0,0.65,0.65,0.52,0.16832,-0.06866,-0.0154,0.07623,0.10892,0.34063,0.35506,0.3
1782036060,2026-06-21T10:01:00,V2,DISC,cont,1,2.2618,0.8,1,7.0,0.31667,0.23826,16.15571,20.19429,4.57881,23.475,19.785,22.105,135.0609,682.03414,3335.069,3.1756,2.69396,3.72236,0.29716,0.04286,0.0226,-0.03621,4,12,2.0,89.0,28.0,0.65,0.65,0.52,0.16832,-0.06866,-0.0154,0.07623,0.10892,0.34063,0.35506,0.3
1782038280,2026-06-21T10:38:00,V2,DISC,cont,1,1.3014,0.8,1,7.0,0.31768,0.32173,9.29571,11.62,3.38446,25.25,20.005,22.035,137.05125,697.77698,3328.72731,3.06539,2.70117,3.71885,0.23184,0.04302,0.0337,-0.06407,4,14,2.5,89.0,65.0,0.65,0.65,0.54,0.16832,-0.03243,-0.0154,0.16668,0.13743,0.30398,0.31729,0.3
1782039660,2026-06-21T11:01:00,V2,DISC,cont,1,-2.647,-1.0125,0,7.0,0.3156,0.19015,14.94,18.67429,5.71741,23.24,19.745,22.18,145.53821,711.32323,3357.31067,3.27166,2.78506,3.74905,0.24004,0.03922,0.03613,-0.07521,4,16,3.0,89.0,88.0,0.65,0.65,0.54,0.16832,-0.03243,-0.0154,0.16668,0.18882,0.29593,0.42783,0.35
1782044100,2026-06-21T12:15:00,V2,DISC,flip,-1,5.3307,0.8,1,7.0,0.30722,0.16496,38.07714,47.59571,6.63188,35.975,23.08,22.785,209.84128,871.69804,3495.16569,4.69618,3.44017,3.86069,0.20864,0.02888,0.01218,-0.03064,5,17,2.4,103.0,3.0,0.6,0.7,0.56,0.25895,0.00367,-0.0154,0.25783,0.19662,0.27573,0.44849,0.35
1782087420,2026-06-22T00:17:00,V2,DISC,flip,1,2.2826,0.8,1,7.0,0.28789,0.1123,16.30429,20.38,9.81399,53.895,37.115,24.315,265.62224,1344.91372,3747.61038,5.7012,5.39987,3.82062,0.08841,0.04984,0.02854,0.07521,10,27,1.7,69.0,0.0,0.5,0.7,0.58,0.25836,0.04053,0.07464,0.25746,0.15693,0.10162,-0.10161,0.3
1782088260,2026-06-22T00:31:00,V2,DISC,cont,1,4.3077,0.8,1,7.0,0.28473,0.09289,30.76857,38.46143,11.82532,57.03,38.35,24.585,307.11827,1415.81672,3821.00608,6.49982,5.61648,3.9363,0.16746,0.04227,0.01847,0.06964,10,28,1.8,69.0,14.0,0.5,0.7,0.58,0.25836,0.04053,0.07464,0.25746,0.11315,-0.06494,-0.29234,0.3
1782091080,2026-06-22T01:18:00,V2,DISC,cont,1,6.6786,0.8,1,7.0,0.27333,0.10938,47.70429,59.63,9.99227,57.365,43.675,25.61,401.68354,1607.43054,4043.84415,8.84694,6.39711,4.24787,0.15369,0.00724,0.00486,0.07521,10,29,1.9,69.0,61.0,0.5,0.7,0.58,0.25836,0.04053,0.07464,0.25746,0.09287,-0.04249,-0.26298,0.3
1782143340,2026-06-22T15:49:00,V2,DISC,flip,-1,3.5893,0.8,1,7.0,0.17322,0.14224,25.63714,32.04714,7.59232,54.77,51.635,40.41,257.44367,1663.11253,5887.00266,5.47224,6.31234,5.97498,0.08548,0.07157,0.01678,0.03621,2,12,5.0,69.0,932.0,0.5,0.75,0.64,0.34844,0.149,0.07464,0.34845,0.02565,-0.0201,-0.43003,0.25
1782146100,2026-06-22T16:35:00,V2,DISC,cont,-1,-4.021,-1.0069,0,7.0,0.17021,0.16428,22.82,28.52571,6.60483,46.49,55.59,41.125,270.4027,1783.39634,6015.20485,5.54336,6.55708,6.02938,0.29156,0.03696,0.01302,0.04178,2,13,5.5,102.0,44.0,0.5,0.75,0.64,0.34844,0.149,0.07464,0.34845,0.06344,0.01386,-0.28175,0.25
1782149400,2026-06-22T17:30:00,V2,DISC,cont,-1,5.7027,0.8,1,7.0,0.16619,0.15236,40.73429,50.91714,7.13785,40.095,56.025,42.12,247.08561,1780.4327,6144.93498,5.42528,6.44115,6.10062,0.14795,0.00398,0.00901,0.00279,2,15,6.5,102.0,99.0,0.5,0.75,0.64,0.34844,0.149,0.07464,0.34845,0.09813,-0.03968,-0.31377,0.25
1782169320,2026-06-22T23:02:00,V2,DISC,flip,1,-1.7042,-1.0012,0,7.0,0.16292,0.14992,9.72714,12.15857,7.3028,46.585,37.145,42.965,274.64341,1273.29739,6216.86471,5.81169,4.63363,5.99692,0.2231,0.0859,0.00835,-0.11421,3,19,5.33333,133.0,0.0,0.45,0.75,0.66,0.34816,0.18498,0.07464,0.34854,0.09437,-3e-05,-0.10993,0.2
1782170760,2026-06-22T23:26:00,V2,DISC,cont,1,-2.7426,-1.0337,0,7.0,0.16292,0.17732,15.16143,18.95143,6.17283,48.99,37.38,42.965,251.67661,1265.52436,6211.77694,5.45958,4.62306,5.99699,0.07953,0.06778,0.00715,-0.10864,3,20,5.66667,133.0,24.0,0.45,0.75,0.66,0.34816,0.18498,0.07464,0.34854,0.0602,-0.04412,-0.1015,0.2
1782175380,2026-06-23T00:43:00,V2,DISC,cont,1,3.7722,0.8,1,7.0,0.16831,0.18681,26.94429,33.68,5.85556,32.405,36.455,41.59,180.3966,1213.95986,5981.93487,3.98901,4.49771,5.75794,0.07433,0.05964,0.00357,-0.06407,2,17,7.5,133.0,101.0,0.45,0.75,0.66,0.34816,0.18498,0.07464,0.34854,0.037,-0.09158,-0.07105,0.15
1782190200,2026-06-23T04:50:00,V2,DISC,flip,-1,2.0797,0.8,1,7.0,0.18341,0.19841,14.85429,18.56857,5.5424,26.825,33.15,38.165,153.95716,1115.36427,5399.53047,3.35918,4.02572,5.00463,0.34699,0.03229,0.00989,-0.04735,3,17,4.66667,159.0,0.0,0.4,0.75,0.66,0.3471,0.18455,0.07692,0.25685,0.02767,-0.09864,-0.04395,0.2
1782190740,2026-06-23T04:59:00,V2,DISC,cont,-1,-1.6996,-1.0047,0,7.0,0.18277,0.13382,9.66571,12.08286,8.23082,31.99,33.265,38.3,186.69766,1134.45184,5430.35647,3.97771,4.08469,5.02234,0.36841,0.04925,0.01348,-0.03621,3,18,5.0,159.0,9.0,0.4,0.75,0.66,0.3471,0.18455,0.07692,0.25685,0.02767,-0.09864,-0.04395,0.2
1782191940,2026-06-23T05:19:00,V2,DISC,cont,-1,2.5277,0.8,1,7.0,0.18236,0.14199,18.05429,22.56857,7.76528,36.17,33.265,38.385,214.31993,1156.59485,5457.30526,4.56725,4.14776,5.03864,0.29372,0.04792,0.02084,-0.0195,3,19,5.33333,159.0,29.0,0.4,0.75,0.66,0.3471,0.18455,0.07692,0.25685,0.02767,-0.09864,-0.04395,0.2
1782193620,2026-06-23T05:47:00,V2,DISC,cont,-1,2.6622,0.8,1,7.0,0.18002,0.1402,19.01571,23.77,7.88928,51.265,34.66,38.885,264.51554,1200.04791,5509.39661,5.28548,4.26387,5.06129,0.27854,0.08007,0.02483,-0.00279,3,20,5.66667,159.0,57.0,0.4,0.75,0.66,0.3471,0.18455,0.07692,0.25685,0.02797,-0.03353,0.1406,0.25
1782331140,2026-06-24T19:59:00,V2,DISC,flip,1,8.6683,0.8,1,7.0,0.16496,0.11878,61.91714,77.39571,9.84409,58.745,80.27,42.435,329.36691,2666.75108,6819.34166,6.58588,10.08952,6.93026,0.17744,0.08621,0.06001,0.05292,1,11,10.0,348.0,0.0,0.35,0.75,0.66,0.34705,0.18446,0.16853,0.2568,-0.10138,-0.04815,0.67357,0.45
1782332460,2026-06-24T20:21:00,V2,DISC,cont,1,3.5672,0.8,1,7.0,0.16217,0.05874,25.48,31.85,19.61916,69.665,79.53,43.165,564.73033,2784.80638,7013.96827,14.52902,11.27497,7.47726,0.35023,0.01728,0.03858,0.04178,1,12,11.0,348.0,22.0,0.35,0.75,0.66,0.34705,0.18446,0.16853,0.2568,-0.10138,-0.04815,0.67357,0.45
1782383340,2026-06-25T10:29:00,V2,DISC,flip,-1,2.9619,0.8,1,7.0,0.14192,0.21406,21.15714,26.44571,5.31923,24.965,34.025,49.325,162.16929,1379.93384,7783.53072,3.84955,5.39613,8.06439,0.11705,0.08059,0.02041,-0.0585,2,20,9.0,431.0,1.0,0.35,0.75,0.66,0.34705,0.18446,0.25857,0.2568,-0.09597,-0.00098,0.23736,0.3
1782384900,2026-06-25T10:55:00,V2,DISC,cont,-1,1.2486,0.8,1,7.0,0.14114,0.15453,8.91857,11.14857,7.40065,26.705,33.54,49.595,162.41726,1362.4004,7834.5836,3.64526,5.33744,8.07519,0.39326,0.00316,0.02466,-0.04178,2,21,9.5,431.0,27.0,0.35,0.75,0.66,0.34705,0.18446,0.25857,0.2568,-0.09597,-0.00098,0.23736,0.3
1782385320,2026-06-25T11:02:00,V2,DISC,cont,-1,1.493,0.8,1,7.0,0.14114,0.16094,10.66429,13.33,7.1123,28.745,33.54,49.595,195.12662,1344.82426,7865.91085,4.34492,5.2422,8.08975,0.41712,0.02602,0.0247,-0.04735,2,22,10.0,431.0,34.0,0.35,0.75,0.66,0.34705,0.18446,0.25857,0.2568,-0.10097,-0.00097,0.2953,0.35
1782390600,2026-06-25T12:30:00,V2,DISC,flip,1,-7.4018,-1.0006,0,7.0,0.14133,0.0752,42.27143,52.84,15.16187,40.8,33.295,49.53,286.90931,1328.20337,7811.91238,9.57988,5.81831,8.20434,0.11296,0.01899,0.02735,-0.00279,3,23,6.66667,431.0,0.0,0.35,0.75,0.66,0.34705,0.18446,0.3492,0.2568,-0.03329,0.01422,0.24519,0.35
1782952200,2026-07-02T00:30:00,R0,DISC,flip,-1,-3.3926,-1.0156,0,7.0,0.16384,0.13126,19.08857,23.86,8.94021,49.935,39.925,42.725,303.14273,1685.23068,6951.617,6.32443,6.75145,7.0598,0.29498,0.04176,0.03023,-0.09749,1,1,0.0,463.0,1400.0,0.4,0.75,0.66,0.34764,0.18447,0.25917,0.34688,-0.00133,0.06652,0.21693,0.35
1782954720,2026-07-02T01:12:00,R0,DISC,flip,1,2.7675,0.8,1,7.0,0.16392,0.1365,19.76857,24.71,8.5769,42.4,40.595,42.705,263.56901,1698.59727,6861.14975,5.50717,6.79995,6.8769,0.07731,0.03986,0.04925,-0.11421,0,0,0.0,463.0,1442.0,0.4,0.75,0.66,0.34764,0.18447,0.25917,0.34688,-0.00133,0.06652,0.21693,0.35
1782955500,2026-07-02T01:25:00,R0,DISC,cont,1,2.2118,0.8,1,7.0,0.16399,0.10737,15.79857,19.74857,10.87719,44.855,41.93,42.685,280.29969,1720.71503,6743.21411,5.95029,6.82043,6.68148,0.10031,0.0119,0.04455,-0.10306,0,0,0.0,463.0,1455.0,0.4,0.75,0.66,0.34764,0.18447,0.25917,0.34688,-0.00133,0.06652,0.21693,0.35
1782956340,2026-07-02T01:39:00,R0,DISC,cont,1,1.8664,0.8,1,7.0,0.16428,0.1249,13.33143,16.66429,9.31809,50.07,42.61,42.61,296.76897,1742.30233,6674.05807,6.28884,6.92631,6.63102,0.32167,0.00035,0.03688,-0.10864,0,0,0.0,463.0,1469.0,0.4,0.75,0.66,0.34764,0.18447,0.25917,0.34688,-0.00133,0.06652,0.21693,0.35
1782959820,2026-07-02T02:37:00,R0,DISC,cont,1,5.6333,0.8,1,7.0,0.16627,0.14125,40.23714,50.29714,8.21876,44.495,43.775,42.1,290.96685,1767.96287,6626.57828,6.84875,7.12909,6.62141,0.11591,0.03315,0.03406,-0.12535,0,0,0.0,463.0,1527.0,0.4,0.7,0.66,0.25686,0.18509,0.16838,0.34688,-0.00133,0.06652,0.21693,0.35
1782964140,2026-07-02T03:49:00,R0,DISC,flip,1,1.9291,0.8,1,7.0,0.16627,0.11264,13.78,17.22429,10.22309,42.23,43.295,42.1,316.1417,1769.43217,6653.34186,9.39495,7.58529,6.79978,0.24863,0.0027,0.04683,-0.04178,0,0,0.0,463.0,1599.0,0.4,0.7,0.7,0.25686,0.25781,0.16838,0.43711,-0.00133,0.06652,0.21693,0.35
1782964320,2026-07-02T03:52:00,R0,DISC,cont,1,-3.7204,-1.0188,0,7.0,0.16576,0.09906,20.86571,26.08286,11.59346,43.2,43.775,42.23,352.87937,1802.79488,6644.65433,10.02542,7.7334,6.80553,0.29981,0.01804,0.04639,-0.04735,0,0,0.0,463.0,1602.0,0.4,0.7,0.7,0.25686,0.25781,0.16838,0.43711,-0.00133,0.06652,0.21693,0.35
1782966660,2026-07-02T04:31:00,R0,DISC,flip,-1,-1.8976,-1.0196,0,7.0,0.16422,0.16429,10.63571,13.29429,7.01896,49.56,46.34,42.625,336.17494,1774.94935,6722.02949,7.77288,7.14977,6.82761,0.11507,0.02273,0.03738,-0.00836,0,0,0.0,463.0,1641.0,0.4,0.7,0.7,0.25686,0.25781,0.16838,0.43711,-0.00133,0.06652,0.21693,0.35
1782968400,2026-07-02T05:00:00,R0,DISC,cont,-1,3.079,0.8,1,7.0,0.16422,0.15683,21.99286,27.49143,7.36171,44.575,45.125,42.625,261.23535,1737.79487,6746.46682,5.07697,6.9687,6.83431,0.15359,0.03369,0.03435,-0.03064,0,0,0.0,463.0,1670.0,0.35,0.7,0.72,0.25686,0.29382,0.16838,0.43711,-0.00133,0.06652,0.21693,0.35
1782972180,2026-07-02T06:03:00,R0,DISC,cont,-1,-2.5544,-1.0154,0,7.0,0.16228,0.17767,14.37429,17.96857,6.52574,40.64,44.685,43.135,290.01146,1764.98794,6852.3301,6.35577,7.00175,6.892,0.13867,0.04698,0.034,-0.0585,0,0,0.0,463.0,1733.0,0.4,0.7,0.72,0.25627,0.2937,0.25842,0.34617,-0.00133,0.06652,0.21693,0.35
1782980100,2026-07-02T08:15:00,R0,DISC,flip,1,1.6454,0.8,1,7.0,0.16363,0.15076,11.75286,14.69143,7.70299,37.63,41.18,42.78,203.54606,1581.76732,6773.69337,4.18521,6.3434,6.80868,0.11916,0.00813,0.04036,-0.06407,0,0,0.0,463.0,1865.0,0.4,0.7,0.68,0.25626,0.221,0.16745,0.2554,-0.00133,0.06652,0.21693,0.35
1782981960,2026-07-02T08:46:00,R0,DISC,cont,1,-2.2994,-1.0155,0,7.0,0.16444,0.14757,12.93857,16.17286,7.84815,37.025,40.555,42.57,213.0079,1565.14464,6741.75311,4.6812,6.31298,6.79598,0.32343,0.00823,0.04403,-0.06964,0,0,0.0,463.0,1896.0,0.4,0.7,0.68,0.25626,0.221,0.16745,0.2554,-0.00133,0.06652,0.21693,0.35
1782984240,2026-07-02T09:24:00,R0,DISC,cont,1,3.1259,0.8,1,7.0,0.16459,0.16151,22.32857,27.91,7.16345,37.195,40.45,42.53,224.64636,1554.03304,6729.9996,4.77925,6.27997,6.78067,0.17054,0.02288,0.04061,-0.08078,0,0,0.0,463.0,1934.0,0.4,0.7,0.68,0.25626,0.221,0.16745,0.2554,-0.00133,0.06652,0.21693,0.35
1782985980,2026-07-02T09:53:00,R0,DISC,cont,1,7.448,0.8,1,7.0,0.16185,0.05072,53.2,66.5,22.53105,54.86,40.93,43.25,383.1761,1570.45064,6842.62044,8.37331,5.87448,6.95446,0.33866,0.03692,0.05733,-0.08078,0,0,0.0,463.0,1963.0,0.4,0.7,0.68,0.25626,0.221,0.16745,0.2554,-0.00133,0.06652,0.21693,0.35
1783002900,2026-07-02T14:35:00,R0,DISC,flip,-1,-5.7528,-1.0018,0,7.0,0.15447,0.06396,32.81429,41.01714,17.807,93.955,59.42,45.315,562.59842,2222.25115,7199.23402,11.64059,8.8549,7.34996,0.10453,0.0766,0.04398,-0.13092,2,9,3.5,869.0,0.0,0.4,0.7,0.7,0.25572,0.25673,0.25752,0.25524,-0.08443,0.09265,0.21361,0.3
1783012740,2026-07-02T17:19:00,R0,DISC,cont,1,10.5582,0.8,1,7.0,0.1515,0.15368,75.41571,94.27,7.37373,51.83,62.975,46.205,293.21706,2387.38712,7189.10015,7.90359,9.52635,7.37061,0.19388,0.03857,0.0409,-0.07521,2,11,4.5,869.0,164.0,0.4,0.65,0.7,0.16563,0.25672,0.16743,0.25524,-0.15387,-0.12441,-0.03067,0.2
1783146120,2026-07-04T06:22:00,R0,DISC,flip,-1,-8.2742,-1.0038,0,7.0,0.23396,0.24493,47.10286,58.87857,4.58809,22.265,24.0,29.92,130.89237,968.24359,4721.81057,2.89751,3.75983,4.70169,0.19591,0.0753,0.02231,-0.06964,2,8,3.0,1179.0,0.0,0.4,0.65,0.7,0.16563,0.25672,0.16743,0.25524,-0.1985,-0.18833,-0.17617,0.2
1783177740,2026-07-04T15:09:00,R0,DISC,flip,1,5.1237,0.8,1,7.0,0.29094,0.19677,36.59714,45.74714,5.66483,25.17,18.515,24.06,133.31049,685.8857,3816.50616,3.629,2.79369,3.95171,0.27131,0.08299,0.02237,-0.11732,2,4,1.0,1179.0,0.0,0.4,0.6,0.68,0.07544,0.22065,0.16768,0.25524,-0.19722,-0.18232,-0.16479,0.2
1783212960,2026-07-05T00:56:00,R0,DISC,flip,-1,4.847,0.8,1,7.0,0.29076,0.21571,34.62143,43.27714,5.16142,25.545,26.255,24.075,170.63499,1002.52371,3688.67484,3.86395,3.66192,3.56925,0.22864,0.03839,0.00737,-0.09192,3,5,0.66667,869.0,0.0,0.45,0.6,0.7,0.07544,0.25674,0.16768,0.25524,-0.18326,-0.1734,-0.15372,0.2
1783219440,2026-07-05T02:44:00,R0,DISC,cont,-1,-2.994,-1.0018,0,7.0,0.28759,0.20778,17.07714,21.34714,5.38296,31.55,26.625,24.34,178.08519,1044.27899,3689.57028,3.83487,3.77068,3.51217,0.20208,0.09952,0.00649,-0.07821,3,9,2.0,869.0,108.0,0.45,0.6,0.7,0.07544,0.25674,0.16768,0.25524,-0.14457,-0.31372,-0.36462,0.05
1783225140,2026-07-05T04:19:00,R0,DISC,flip,1,0.6078,0.7999,1,7.0,0.28566,0.28014,4.34143,5.42714,3.9812,25.365,26.725,24.505,136.33938,977.63552,3635.94186,2.78818,3.60069,3.44677,0.08546,0.07534,0.00964,-0.06704,4,10,1.5,587.0,0.0,0.5,0.6,0.72,0.07544,0.29292,0.16768,0.25524,-0.10992,-0.31756,-0.34943,0.05
1783230000,2026-07-05T05:40:00,R0,DISC,flip,-1,-1.8476,-1.0629,0,7.0,0.2838,0.26071,9.93286,12.41571,4.28453,22.96,26.385,24.665,118.44121,936.89067,3627.90867,2.77996,3.49113,3.44729,0.27604,0.07063,0.00804,-0.05587,5,11,1.2,587.0,0.0,0.45,0.6,0.7,0.07538,0.25688,0.16768,0.2555,-0.00445,-0.11809,-0.17472,0.1
1783236780,2026-07-05T07:33:00,R0,DISC,flip,1,2.3306,0.8,1,7.0,0.2898,0.2382,16.64714,20.80857,4.67927,18.59,23.2,24.155,103.11314,792.41614,3579.2526,2.40364,2.92981,3.41511,0.05914,0.00587,0.01413,-0.03352,5,11,1.2,527.0,0.0,0.45,0.65,0.7,0.16616,0.25688,0.25787,0.2555,0.01549,-0.11993,-0.15955,0.1
1783321260,2026-07-06T07:01:00,R0,DISC,flip,-1,-5.1052,-1.0028,0,7.0,0.24862,0.2782,29.09,36.36286,4.00371,25.905,34.45,28.155,131.34423,1187.93287,4297.24091,2.84029,4.37578,4.20742,0.21096,0.11425,0.00438,-0.04735,2,4,1.0,527.0,0.0,0.5,0.6,0.68,0.07301,0.21963,0.16472,0.2555,0.07551,0.02617,0.02805,0.25
1783326960,2026-07-06T08:36:00,R0,DISC,cont,-1,6.0006,0.8,1,7.0,0.24527,0.21896,42.86143,53.57714,5.09187,29.515,29.845,28.54,191.79915,1111.12297,4373.32036,4.30471,4.10982,4.26716,0.11534,0.09761,0.00318,-0.09749,1,4,3.0,527.0,95.0,0.5,0.6,0.68,0.07301,0.21963,0.16472,0.2555,0.0951,0.0532,0.04368,0.25
1783341780,2026-07-06T12:43:00,R0,DISC,cont,-1,6.3549,0.8,1,7.0,0.23757,0.11218,45.39143,56.74,10.10283,67.745,28.945,29.465,480.17667,1320.80478,4835.42457,10.99137,5.67738,4.82864,0.36939,0.14964,0.02963,-0.04178,3,9,2.0,203.0,94.0,0.55,0.55,0.68,-0.01713,0.21964,0.07458,0.2555,0.26264,0.38595,0.178,0.25
1783345620,2026-07-06T13:47:00,R0,DISC,flip,1,2.7962,0.8,1,7.0,0.22162,0.05657,19.97286,24.96571,20.04574,73.795,37.025,31.585,501.49434,1671.99989,5224.69993,11.58451,7.28689,5.35729,0.01766,0.12636,0.03135,-0.04735,4,14,2.5,201.0,0.0,0.55,0.55,0.68,-0.01713,0.21964,0.07458,0.2555,0.26034,0.46288,0.21971,0.25
1783347780,2026-07-06T14:23:00,R0,DISC,cont,1,6.1074,0.8,1,7.0,0.21371,0.06641,43.62429,54.53,16.99446,91.785,40.13,32.755,640.90599,1890.42898,5453.49431,13.80402,8.16469,5.68118,0.12085,0.08098,0.01831,-0.0585,4,15,2.75,201.0,36.0,0.55,0.55,0.68,-0.01713,0.21964,0.07458,0.2555,0.29371,0.42439,0.03857,0.3
1783350540,2026-07-06T15:09:00,R0,DISC,cont,1,8.7522,0.8,1,7.0,0.20402,0.08725,62.51571,78.14429,12.85639,84.795,50.72,34.31,602.35749,2185.63533,5723.81675,13.84259,9.38695,6.12315,0.15166,0.02973,0.01191,-0.04178,4,16,3.0,201.0,82.0,0.5,0.55,0.68,-0.01713,0.21964,0.07458,0.34718,0.29854,0.43366,0.03306,0.3
1783360380,2026-07-06T17:53:00,R0,DISC,flip,-1,-2.6842,-1.0397,0,7.0,0.17659,0.13493,14.75286,18.44143,8.15873,54.995,76.455,39.64,283.2445,2771.17339,6288.65295,6.21264,11.23143,6.86575,0.05466,0.03989,0.02558,-0.11421,5,21,3.2,201.0,0.0,0.5,0.65,0.68,0.16479,0.21964,0.07458,0.43742,0.24381,0.4306,0.1009,0.3
1783372080,2026-07-06T21:08:00,R0,DISC,flip,1,5.6872,0.8,1,7.0,0.16304,0.19894,40.62286,50.77857,5.50618,27.29,49.45,42.935,158.3091,1705.69401,6522.9773,3.34318,7.29209,6.96956,0.31562,0.14598,0.0319,-0.04735,6,22,2.66667,195.0,0.0,0.55,0.65,0.68,0.16358,0.2191,-0.0174,0.43742,0.2529,0.33327,-0.14173,0.2
1783392540,2026-07-07T02:49:00,R0,DISC,flip,-1,2.6931,0.8,1,7.0,0.17278,0.14833,19.23714,24.04571,7.44476,43.2,40.64,40.515,258.35249,1560.85171,6484.37484,5.34048,6.72741,7.11402,0.33893,0.03715,0.00061,-0.04735,7,21,2.0,195.0,0.0,0.55,0.65,0.68,0.16358,0.2191,0.07266,0.43742,0.26904,0.29807,-0.15427,0.2
1783395720,2026-07-07T03:42:00,R0,DISC,cont,-1,2.4458,0.8,1,7.0,0.17207,0.17755,17.47,21.83714,6.24233,43.775,40.97,40.68,240.51175,1450.63559,6530.67212,5.12188,5.30561,7.12715,0.24103,0.10926,0.00074,-0.04178,7,22,2.14286,195.0,53.0,0.55,0.65,0.68,0.16358,0.2191,0.07266,0.43742,0.29476,0.3327,-0.1119,0.25
1783403460,2026-07-07T05:51:00,R0,DISC,flip,1,0.9677,0.8,1,7.0,0.17224,0.22959,6.91143,8.64,4.82645,33.64,39.19,40.64,241.40167,1350.15898,6542.1399,4.94162,4.91371,7.1226,0.07711,0.1038,0.00303,-0.00279,8,28,2.5,195.0,0.0,0.6,0.7,0.68,0.25436,0.2191,0.07266,0.43742,0.21743,0.14393,-0.36934,0.25
1783404300,2026-07-07T06:05:00,R0,DISC,flip,-1,-3.4332,-1.0138,0,7.0,0.17161,0.16345,19.35143,24.19,6.79577,37.4,40.11,40.79,263.35186,1378.61447,6576.30687,5.51018,5.01154,7.138,0.02032,0.11497,0.00027,-0.00836,9,29,2.22222,195.0,0.0,0.6,0.7,0.68,0.25436,0.2191,0.07266,0.43742,0.21743,0.14393,-0.36934,0.25
1783425840,2026-07-07T12:04:00,R0,DISC,flip,1,7.3586,0.8,1,7.0,0.16931,0.19137,52.56143,65.70143,5.76651,30.01,31.765,41.345,210.5102,1130.28695,6563.2899,4.67091,4.28309,7.014,0.24754,0.05052,0.03767,-0.08635,7,24,2.42857,195.0,0.0,0.65,0.7,0.66,0.25376,0.18282,-0.01803,0.43742,0.23685,-0.06808,-0.51201,0.25
1783426320,2026-07-07T12:12:00,R0,DISC,cont,1,-3.3624,-1.0427,0,7.0,0.16931,0.08536,18.42571,23.03286,12.86695,33.26,31.95,41.345,261.14519,1170.18204,6529.72011,6.04631,4.5705,7.0071,0.37717,0.10373,0.04021,-0.08078,7,25,2.57143,195.0,8.0,0.65,0.7,0.66,0.25376,0.18282,-0.01803,0.43742,0.23685,-0.06808,-0.51201,0.25
1783428540,2026-07-07T12:49:00,R0,DISC,flip,-1,2.3986,0.8,1,7.0,0.17082,0.14934,17.13286,21.41571,7.39138,45.225,32.515,40.98,303.42748,1232.588,6504.86159,6.7893,4.78077,6.97011,0.0339,0.01942,0.04286,-0.09192,8,25,2.125,182.0,1.0,0.65,0.7,0.66,0.25376,0.18282,-0.01803,0.43742,0.25187,-0.01552,-0.35565,0.25
1783430400,2026-07-07T13:20:00,R0,DISC,cont,-1,1.7256,0.8,1,7.0,0.17172,0.14309,12.32571,15.40714,7.73787,45.05,33.665,40.765,267.14612,1240.35368,6483.27871,5.64878,4.79914,6.93358,0.23948,0.00895,0.04334,-0.08078,8,26,2.25,182.0,32.0,0.65,0.7,0.66,0.25376,0.18282,-0.01803,0.43742,0.21755,-0.00384,-0.33423,0.25
1783431360,2026-07-07T13:36:00,R0,DISC,cont,-1,-4.95,-1.0187,0,7.0,0.17172,0.08078,27.76714,34.70857,13.77017,50.045,34.135,40.765,304.6296,1284.42006,6434.67552,6.30854,4.97791,6.7708,0.27342,0.02011,0.03917,-0.0585,8,25,2.125,182.0,48.0,0.65,0.7,0.66,0.25376,0.18282,-0.01803,0.43742,0.22352,0.11272,-0.00485,0.35
1783433640,2026-07-07T14:14:00,R0,DISC,cont,-1,-8.3078,-1.0029,0,7.0,0.17172,0.06108,47.33429,59.16857,18.21443,92.215,36.76,40.765,467.52194,1508.57946,6426.37209,9.56704,5.92433,6.73714,0.12109,0.01558,0.0256,-0.06964,7,25,2.57143,182.0,86.0,0.65,0.7,0.66,0.25181,0.18211,0.072,0.34528,0.20261,0.06023,-0.21687,0.3
1783437360,2026-07-07T15:16:00,R0,DISC,flip,1,3.9074,0.8,1,7.0,0.17136,0.07825,27.91,34.88714,14.06754,95.355,46.07,40.85,505.08526,1836.84394,6301.58207,11.77141,7.54273,6.60756,0.19243,0.03615,0.02936,-0.08635,8,25,2.125,182.0,0.0,0.65,0.7,0.68,0.25181,0.21813,0.16278,0.34528,0.19945,0.0456,-0.17511,0.3
1783439220,2026-07-07T15:47:00,R0,DISC,cont,1,-6.7934,-1.0189,0,7.0,0.17134,0.07232,38.09857,47.62286,15.1221,89.785,54.865,40.855,414.74301,1953.57879,6243.40879,8.84879,7.87226,6.50487,0.33924,0.06221,0.02943,-0.06964,8,26,2.25,182.0,31.0,0.6,0.7,0.68,0.25097,0.21843,0.16278,0.25435,0.17325,0.10514,-0.03669,0.35
1783451400,2026-07-07T19:10:00,R0,DISC,flip,-1,3.4534,0.8,1,7.0,0.17224,0.09301,24.66714,30.83429,11.84832,50.22,65.71,40.64,302.77044,2189.49787,6191.80053,6.95837,8.33525,6.26557,0.24391,0.01975,0.00408,-0.04178,8,25,2.125,195.0,0.0,0.5,0.65,0.66,0.16303,0.18209,0.16278,0.07326,0.11586,0.09791,0.01732,0.3
1783453260,2026-07-07T19:41:00,R0,DISC,flip,1,1.3309,0.8,1,7.0,0.17082,0.12546,9.50571,11.88286,8.74924,56.53,62.78,40.98,344.88658,2130.42854,6195.74788,7.52915,8.14929,6.28778,0.10087,0.0544,0.0001,-0.04178,9,26,1.88889,182.0,0.0,0.5,0.65,0.66,0.16303,0.18209,0.16278,0.07326,0.14929,0.1363,0.03074,0.3
1783456320,2026-07-07T20:32:00,R0,DISC,flip,-1,-3.2152,-1.0086,0,7.0,0.17036,0.23432,18.21571,22.77,4.69586,40.88,54.535,41.09,211.75355,1903.50894,6245.7637,4.72854,7.48912,6.31504,0.04216,0.04741,0.0049,-0.05292,10,27,1.7,148.0,0.0,0.5,0.65,0.66,0.16303,0.18209,0.16278,0.07326,0.15037,0.12125,-0.08671,0.25
1783458240,2026-07-07T21:04:00,R0,DISC,flip,1,-1.73,-1.0181,0,7.0,0.1699,0.18881,9.71,12.13714,5.81352,29.165,49.815,41.2,202.96442,1671.44345,6252.21133,4.70976,6.25511,6.33128,0.05308,0.03213,5e-05,-0.06407,11,29,1.63636,51.0,0.0,0.5,0.65,0.66,0.16303,0.18209,0.16278,0.07326,0.07939,0.04145,-0.03729,0.25
1783460220,2026-07-07T21:37:00,R0,DISC,flip,-1,1.8733,0.8,1,7.0,0.17073,0.13681,13.38,16.72571,8.07751,34.6,47.31,41.0,238.79532,1636.72812,6168.74634,5.46578,6.12194,5.99171,0.19877,0.04896,0.02032,-0.01393,11,29,1.63636,44.0,0.0,0.5,0.7,0.66,0.25317,0.18209,0.16278,0.07326,0.02148,-0.07965,-0.02966,0.3
1783461600,2026-07-07T22:00:00,R0,DISC,cont,-1,-5.1094,-1.0184,0,7.0,0.17044,0.12481,28.67,35.83714,8.87059,46.43,45.695,41.07,286.42054,1614.56229,6148.80032,6.55437,6.05842,5.96737,0.28615,0.06234,0.02996,-0.04735,11,30,1.72727,44.0,23.0,0.55,0.7,0.66,0.25317,0.18209,0.25376,0.07326,0.02148,-0.07965,-0.02966,0.3
1783465560,2026-07-07T23:06:00,R0,DISC,flip,1,-3.4212,-1.0112,0,7.0,0.17044,0.19806,19.33429,24.16714,5.55495,35.8,42.66,41.07,227.61371,1525.01818,6125.0376,4.59296,5.73476,5.98109,0.21714,0.04097,0.01654,-0.04735,12,31,1.58333,51.0,0.0,0.6,0.6,0.62,0.07183,0.10956,0.16252,0.07326,-0.02017,-0.1509,-0.02919,0.3
1783468800,2026-07-08T00:00:00,R0,DISC,flip,-1,-1.0664,-1.0262,0,7.0,0.1709,0.19137,5.93857,7.42286,5.78257,30.9,39.485,40.96,200.25341,1469.52671,6179.98873,4.00431,5.5422,5.98958,0.21395,0.08524,0.01948,-0.05292,13,34,1.61538,44.0,28.0,0.65,0.55,0.6,-0.01909,0.07319,0.25271,-0.01766,-0.11491,-0.37973,-0.52591,0.25
1783470060,2026-07-08T00:21:00,R0,DISC,flip,1,2.3472,0.8,1,7.0,0.17023,0.14512,16.76571,20.95714,7.594,33.52,39.65,41.12,213.54824,1483.30872,6174.95143,4.44648,5.58643,6.00023,0.06791,0.05476,0.01554,-0.02507,14,35,1.5,49.0,0.0,0.65,0.55,0.6,-0.01909,0.07319,0.25271,-0.01766,-0.14904,-0.41634,-0.67574,0.25
1783471140,2026-07-08T00:39:00,R0,DISC,cont,1,-2.9474,-1.0071,0,7.0,0.17044,0.13704,16.72286,20.90429,8.02599,39.47,39.99,41.07,235.23827,1495.0764,6159.73745,4.79399,5.62354,5.9925,0.08233,0.03897,0.00921,-0.0195,14,35,1.5,49.0,18.0,0.65,0.55,0.6,-0.01909,0.07319,0.25271,-0.01766,-0.25148,-0.56729,-0.95289,0.2
1783474080,2026-07-08T01:28:00,R0,DISC,cont,-1,3.1531,0.8,1,7.0,0.17178,0.17584,22.52286,28.15286,6.27795,39.75,37.85,40.75,205.71525,1369.32187,6151.75011,4.41064,5.07799,5.96683,0.11521,0.02338,0.01377,-0.04735,15,37,1.46667,49.0,0.0,0.65,0.55,0.6,-0.01766,0.07298,0.16215,-0.01766,-0.26889,-0.61468,-0.86492,0.2
1783476060,2026-07-08T02:01:00,R0,DISC,cont,-1,4.921,0.8,1,7.0,0.17023,0.10872,35.15,43.93714,10.24257,45.14,38.665,41.12,319.88045,1486.99182,6301.99736,8.15805,5.77967,6.12003,0.3457,0.09954,0.02465,-0.03621,15,38,1.53333,49.0,33.0,0.65,0.5,0.6,-0.10897,0.07277,0.07084,-0.01766,-0.23619,-0.50354,-0.76353,0.25
1783479720,2026-07-08T03:02:00,R0,DISC,flip,1,-3.6684,-1.0197,0,7.0,0.16835,0.15916,20.55714,25.69571,6.97559,50.14,42.55,41.58,299.36964,1575.54035,6298.20262,6.94778,6.15277,6.15833,0.11427,0.06794,0.00665,0.00279,15,40,1.66667,49.0,0.0,0.65,0.45,0.58,-0.19933,0.03662,0.07084,-0.10802,-0.26569,-0.63027,-0.95661,0.15
1783486200,2026-07-08T04:50:00,R0,DISC,flip,-1,3.2858,0.8,1,7.0,0.16675,0.17777,23.47,29.33714,6.28713,37.415,39.685,41.98,216.37563,1463.69646,6378.16423,4.49286,5.63081,6.17019,0.1225,0.09557,0.0101,0.04735,16,37,1.3125,51.0,0.0,0.55,0.5,0.58,-0.10864,0.03662,0.07084,-0.01708,-0.29576,-0.64722,-0.96626,0.15
1783492680,2026-07-08T06:38:00,R0,DISC,cont,-1,-3.537,-1.0065,0,7.0,0.16586,0.1269,20.08143,25.10143,8.83247,37.89,40.875,42.205,211.18911,1448.16192,6352.69898,4.36545,5.60615,6.1414,0.14496,0.12886,0.01927,0.0585,14,36,1.57143,51.0,108.0,0.55,0.45,0.56,-0.19963,0.00023,0.073,-0.01708,-0.36507,-0.69592,-0.86561,0.2
1783495500,2026-07-08T07:25:00,R0,DISC,flip,1,-6.0006,-1.0023,0,7.0,0.16523,0.15824,34.21,42.76286,7.04743,42.075,41.56,42.365,209.21305,1449.97136,6300.57409,4.59315,5.66493,6.13628,0.14012,0.08263,0.01105,0.08635,15,38,1.53333,67.0,35.0,0.6,0.5,0.58,-0.10749,0.03661,0.073,-0.01708,-0.41971,-0.73879,-0.85514,0.2
1783502040,2026-07-08T09:14:00,R0,DISC,flip,-1,-9.3172,-1.0023,0,7.0,0.15978,0.12169,53.11714,66.39571,9.30405,79.825,39.2,43.81,456.26001,1469.21289,6651.12637,10.04461,5.71564,6.43119,0.33754,0.13104,0.03307,0.05292,16,42,1.625,89.0,0.0,0.55,0.45,0.58,-0.19781,0.03687,0.073,-0.01663,-0.48066,-1.0853,-2.71963,0.15
1783559340,2026-07-09T01:09:00,R0,DISC,flip,1,-13.2488,-1.0032,0,7.0,0.17009,0.10569,75.46714,94.33429,10.58485,33.44,31.02,41.155,262.1831,1132.13563,5968.63258,8.53183,4.94199,5.95506,0.27097,0.06553,0.02396,-0.07521,6,18,2.0,94.0,0.0,0.65,0.4,0.56,-0.28711,0.00108,-0.01709,-0.01663,-0.32857,-0.92405,-2.358,0.1
1783564500,2026-07-09T02:35:00,R0,DISC,flip,-1,-6.1404,-1.0043,0,7.0,0.17188,0.14521,34.93714,43.67143,7.80547,44.405,33.835,40.725,272.86186,1308.02994,5983.29382,7.00406,5.82659,5.88465,0.28961,0.05022,0.02328,-0.08078,6,15,1.5,94.0,0.0,0.65,0.4,0.56,-0.28711,0.00108,-0.01709,-0.01663,-0.23656,-0.80312,-2.1715,0.1
1783571400,2026-07-09T04:30:00,R0,DISC,cont,1,1.9933,0.8,1,7.0,0.17383,0.20772,14.23714,17.79714,5.42803,31.055,34.85,40.27,164.56446,1299.57406,5938.97321,3.62084,5.80667,5.86171,0.17829,0.0173,0.02068,0.06407,6,17,1.83333,101.0,14.0,0.7,0.4,0.54,-0.28713,-0.03498,-0.01527,-0.01663,-0.27315,-0.78041,-2.18634,0.1
1783572420,2026-07-09T04:47:00,R0,DISC,cont,1,0.5726,0.7999,1,7.0,0.17389,0.18196,4.09,5.11286,6.17925,31.055,35.425,40.255,169.89482,1326.46395,5903.9997,3.65896,5.87559,5.85348,0.3493,0.00276,0.01209,0.06407,6,18,2.0,101.0,31.0,0.7,0.35,0.54,-0.37734,-0.03475,-0.10548,-0.01663,-0.31352,-0.86088,-2.24356,0.1
1783573740,2026-07-09T05:09:00,R0,DISC,cont,1,1.6922,0.8,1,7.0,0.17357,0.13445,12.08714,15.10857,8.34228,36.3,36.35,40.33,209.81049,1359.66869,5874.48864,4.32368,5.943,5.84198,0.30151,0.01863,0.01002,0.06407,5,18,2.6,101.0,53.0,0.7,0.35,0.54,-0.37734,-0.03475,-0.10548,-0.01663,-0.25542,-0.81562,-2.12669,0.15
1783575000,2026-07-09T05:30:00,R0,DISC,flip,-1,-1.941,-1.0096,0,7.0,0.17172,0.14139,10.98571,13.73286,7.95997,43.72,38.435,40.765,256.86067,1425.67449,5955.84474,5.58485,6.11738,5.892,0.07187,0.00557,0.01427,0.06407,6,19,2.16667,101.0,0.0,0.7,0.35,0.54,-0.37734,-0.03475,-0.10548,-0.01663,-0.14212,-0.69586,-1.86492,0.2
1783578420,2026-07-09T06:27:00,R0,DISC,flip,1,5.3264,0.8,1,7.0,0.17176,0.13685,38.04571,47.55714,8.14976,38.16,39.97,40.755,251.83171,1515.12168,5944.36173,5.39839,6.37287,5.93322,0.33908,0.0687,0.00353,0.04178,7,17,1.42857,101.0,0.0,0.7,0.35,0.54,-0.37734,-0.03475,-0.10548,-0.01663,-0.10795,-0.76376,-2.00517,0.2
1783581540,2026-07-09T07:19:00,R0,DISC,cont,1,-4.5794,-1.0056,0,7.0,0.17153,0.12986,26.02143,32.52714,8.55193,46.815,40.3,40.81,258.34797,1419.80566,5942.97271,5.63671,5.4306,5.94625,0.32587,0.06434,0.0106,0.02507,6,18,2.0,101.0,52.0,0.6,0.4,0.56,-0.2864,0.00128,-0.10548,0.07415,-0.10954,-0.73605,-1.96017,0.2
1783583160,2026-07-09T07:46:00,R0,DISC,cont,1,-7.0794,-1.0084,0,7.0,0.16931,0.13805,40.11571,50.14429,8.04069,44.555,39.87,41.345,258.85993,1386.79867,5974.83536,5.70332,5.17262,5.97923,0.1743,0.12427,0.00766,0.05292,6,18,2.0,101.0,79.0,0.6,0.4,0.54,-0.28645,-0.03491,-0.19596,0.07415,-0.12561,-0.74816,-1.98344,0.2
1783596240,2026-07-09T11:24:00,R0,DISC,flip,-1,-3.0326,-1.0134,0,7.0,0.17875,0.18556,17.1,21.37571,6.02437,31.4,35.605,39.16,198.58799,1309.25141,5710.70545,4.46114,4.69355,5.61188,0.1916,0.04395,0.01656,-0.0585,6,15,1.5,108.0,0.0,0.55,0.4,0.52,-0.28532,-0.07112,-0.19596,-0.01647,-0.0488,-0.76246,-1.96283,0.15
1783600620,2026-07-09T12:37:00,R0,DISC,flip,1,-5.9298,-1.0015,0,7.0,0.17816,0.0778,33.83286,42.29143,14.31193,41.61,36.99,39.29,244.5124,1302.10048,5625.65758,5.22837,4.64321,5.4923,0.20079,0.01078,0.0218,-0.00836,7,16,1.28571,101.0,0.0,0.55,0.4,0.52,-0.28532,-0.07112,-0.19596,-0.01647,-0.05266,-0.72764,-1.98213,0.15
1783604640,2026-07-09T13:44:00,R0,DISC,cont,1,8.0253,0.8,1,7.0,0.17634,0.0735,57.32286,71.65429,15.1359,57.12,37.935,39.695,307.4233,1383.10129,5675.63848,6.89971,5.1455,5.57292,0.18386,0.00663,0.02862,-0.02507,7,17,1.42857,101.0,67.0,0.55,0.4,0.52,-0.28543,-0.07135,-0.19594,-0.01647,-0.1,-0.77352,-2.01523,0.15
1783620420,2026-07-09T18:07:00,R0,DISC,flip,1,-6.0486,-1.0059,0,7.0,0.18109,0.1042,34.36,42.95,10.60729,40.01,51.58,38.655,247.04867,1753.3726,5539.05059,6.98318,7.04071,5.57381,0.37601,0.05715,0.03518,-0.01393,9,22,1.44444,101.0,0.0,0.5,0.4,0.52,-0.2842,-0.07012,-0.28602,-0.01646,0.02084,-0.04397,0.17027,0.3
1783643580,2026-07-10T00:33:00,R0,DISC,flip,-1,-7.2584,-1.0026,0,7.0,0.18154,0.1425,41.36857,51.71,7.80819,33.225,29.525,38.56,209.52589,984.81221,5564.86234,4.89121,3.85437,5.62123,0.18267,0.06648,0.02123,-0.10864,10,23,1.3,101.0,0.0,0.55,0.4,0.5,-0.28414,-0.10624,-0.37632,-0.01646,0.03592,-0.0668,0.15568,0.3
1783646940,2026-07-10T01:29:00,R0,DISC,flip,1,2.395,0.8,1,7.0,0.18135,0.11607,17.10714,21.38429,9.52245,41.6,30.48,38.6,251.25165,1022.74731,5457.55229,5.65813,4.04724,5.38438,0.1799,0.01968,0.02857,0.00279,10,23,1.3,101.0,0.0,0.55,0.4,0.5,-0.28414,-0.10624,-0.37632,-0.01646,0.01974,-0.069,0.17437,0.3
1783648080,2026-07-10T01:48:00,R0,DISC,cont,1,8.229,0.8,1,7.0,0.18179,0.09304,58.77857,73.47286,11.79013,38.635,30.565,38.505,295.01072,1072.48033,5425.43289,9.90613,5.35729,5.57911,0.44481,0.08787,0.0528,0.0195,10,25,1.5,101.0,19.0,0.55,0.4,0.5,-0.28414,-0.10624,-0.37632,-0.01646,0.01974,-0.069,0.17437,0.3
1783675800,2026-07-10T09:30:00,R0,DISC,cont,1,-7.5558,-1.0036,0,7.0,0.20009,0.16672,43.02,53.77429,6.52153,37.6,28.985,34.985,190.75908,1014.39947,5104.26504,4.21719,4.02368,5.42547,0.11475,0.09016,0.04676,-0.01393,8,21,1.625,131.0,88.0,0.6,0.4,0.5,-0.28329,-0.10623,-0.46645,-0.01646,-0.0253,0.39569,0.2812,0.35
1783693080,2026-07-10T14:18:00,R0,DISC,cont,-1,9.4466,0.8,1,7.0,0.20775,0.09678,67.47571,84.34429,11.29011,69.495,35.01,33.695,310.23535,1195.47125,4889.38473,6.90095,4.61561,5.19505,0.04995,0.01882,0.04293,0.01393,7,21,2.0,199.0,75.0,0.55,0.35,0.48,-0.37347,-0.14231,-0.46645,-0.10665,-0.02254,0.48244,0.35706,0.35
1783840440,2026-07-12T07:14:00,R0,DISC,flip,1,1.5147,0.8,1,7.0,0.36969,0.40241,10.82,13.52429,2.7275,24.79,22.18,18.935,137.03375,753.58919,2795.21879,2.80609,2.78349,2.87972,0.07603,0.02638,0.02144,-0.13649,5,13,1.6,241.0,0.0,0.55,0.4,0.48,-0.28314,-0.14231,-0.46645,-0.10665,0.01029,0.02971,0.12611,0.25
1783842840,2026-07-12T07:54:00,R0,DISC,cont,1,0.6731,0.8,1,7.0,0.36611,0.37626,4.80857,6.01,2.91444,17.415,20.49,19.12,96.03065,710.54313,2805.92742,2.07246,2.66809,2.88839,0.16589,0.05077,0.01563,-0.14763,5,14,1.8,241.0,40.0,0.55,0.4,0.48,-0.28314,-0.14231,-0.46645,-0.10665,0.0247,0.06185,0.15045,0.25
1783893600,2026-07-12T22:00:00,R0,DISC,flip,-1,2.1914,0.8,1,7.0,0.33735,0.13114,15.65286,19.56571,8.36784,25.04,16.41,20.75,132.21671,592.04596,2946.77125,3.22999,2.52064,2.94533,0.44109,0.09054,0.02753,-0.17549,5,17,2.4,301.0,0.0,0.5,0.5,0.5,-0.10291,-0.10551,-0.46645,-0.10665,-0.03707,0.17517,0.42458,0.3
1783927380,2026-07-13T07:23:00,R0,DISC,flip,1,4.7331,0.8,1,7.0,0.27883,0.18087,33.80857,42.26,6.15759,31.245,42.07,25.105,170.74045,1401.51889,4014.14519,3.73958,5.25207,4.32175,0.16457,0.10079,0.03886,-0.04178,4,15,2.75,241.0,0.0,0.5,0.55,0.5,-0.01275,-0.10551,-0.37602,-0.10665,-0.05915,-0.04554,0.00716,0.2
1783939560,2026-07-13T10:46:00,R0,DISC,flip,-1,-1.4722,-1.0178,0,7.0,0.27206,0.19072,8.26571,10.33143,5.84048,10.615,26.67,25.73,98.38322,960.08498,4137.34664,3.5597,3.85018,4.43671,0.32157,0.0247,0.03732,0.00279,5,18,2.6,203.0,0.0,0.5,0.6,0.5,0.07746,-0.10551,-0.28511,-0.10665,-0.1287,-0.08873,0.0764,0.2
1783944480,2026-07-13T12:08:00,R0,DISC,cont,-1,4.6398,0.8,1,7.0,0.2647,0.19534,33.14143,41.42714,5.70753,25.61,25.575,26.445,171.55251,940.50786,4235.36412,3.76667,3.71924,4.49741,0.22507,0.00069,0.04319,0.01393,5,19,2.8,203.0,82.0,0.5,0.6,0.5,0.07746,-0.10551,-0.28511,-0.10665,-0.17148,-0.14494,-0.06543,0.2
1783952340,2026-07-13T14:19:00,R0,DISC,flip,1,6.2861,0.8,1,7.0,0.24101,0.07826,44.9,56.12571,14.33118,72.935,29.555,29.045,370.48241,1155.87788,4628.91114,9.17845,5.08848,4.90385,0.00336,0.07608,0.05301,-0.0195,6,24,3.0,203.0,0.0,0.55,0.55,0.48,-0.01343,-0.14187,-0.376,-0.01451,-0.16298,-0.04083,0.00593,0.3
1783955400,2026-07-13T15:10:00,R0,DISC,cont,1,2.163,0.8,1,7.0,0.23,0.14739,15.45,19.31286,7.56904,59.38,33.515,30.435,376.78041,1278.66629,4760.58924,8.70621,5.57376,5.02163,0.20306,0.04448,0.04726,0.01676,6,26,3.33333,203.0,51.0,0.55,0.55,0.48,-0.01343,-0.14187,-0.376,-0.01451,-0.17361,-0.03892,0.02873,0.35
1783958760,2026-07-13T16:06:00,R0,DISC,flip,-1,1.9293,0.8,1,7.0,0.21985,0.19163,13.78,17.22571,5.84558,40.65,39.99,31.84,247.03291,1434.3179,4894.42538,5.25305,5.90646,5.10224,0.1155,0.05973,0.0533,0.02235,7,28,3.0,203.0,0.0,0.55,0.55,0.48,-0.01343,-0.14187,-0.376,-0.01451,-0.18567,-0.02293,-0.00121,0.35
1783960200,2026-07-13T16:30:00,R0,DISC,cont,-1,-1.7852,-1.0042,0,7.0,0.21759,0.13338,10.15857,12.69857,8.43838,40.65,41.5,32.17,210.2459,1508.32997,4930.64722,4.16986,6.01983,5.10843,0.43716,0.08905,0.06248,0.01117,7,30,3.28571,203.0,24.0,0.6,0.55,0.5,-0.01343,-0.10559,-0.28544,-0.01451,-0.18567,-0.02293,-0.00121,0.35
1783961160,2026-07-13T16:46:00,R0,DISC,flip,1,-1.113,-1.0464,0,7.0,0.21371,0.15675,6.07714,7.59714,7.16331,39.965,42.34,32.755,210.44559,1516.769,4958.12984,4.52517,5.97846,5.13531,0.18262,0.05282,0.05666,0.02793,8,31,2.875,125.0,0.0,0.6,0.55,0.5,-0.01343,-0.10559,-0.28544,-0.01451,-0.07936,0.25096,0.20364,0.45
1783963380,2026-07-13T17:23:00,R0,DISC,flip,-1,1.9832,0.8,1,7.0,0.20799,0.22161,14.16571,17.70714,5.08107,39.875,42.7,33.655,195.36439,1497.98134,5019.33407,4.48019,5.90388,5.1637,0.06941,0.08572,0.06192,-0.02793,9,32,2.55556,125.0,0.0,0.55,0.6,0.5,0.07705,-0.1056,-0.28544,-0.01451,-0.16199,0.12726,0.03674,0.45
1783966320,2026-07-13T18:12:00,R0,DISC,cont,-1,-3.2786,-1.0125,0,7.0,0.20077,0.1243,18.50429,23.13,9.11033,43.385,46.865,34.865,250.28614,1598.6744,5188.20196,5.78494,6.20627,5.271,0.2831,0.09976,0.06822,-0.06704,9,33,2.66667,125.0,49.0,0.55,0.6,0.52,0.07705,-0.06874,-0.19414,-0.01451,-0.1469,0.21838,0.14847,0.5
1783970220,2026-07-13T19:17:00,R0,DISC,flip,1,1.6963,0.8,1,7.0,0.19358,0.2266,12.11714,15.14571,4.98085,37.12,45.855,36.16,210.30328,1609.01658,5312.35272,4.46696,6.25829,5.34531,0.1357,0.04464,0.06443,-0.10056,10,34,2.4,114.0,0.0,0.6,0.6,0.48,0.07522,-0.14175,-0.28646,-0.01379,-0.07594,0.26364,0.22428,0.5
1783972200,2026-07-13T19:50:00,R0,DISC,cont,1,1.2874,0.8,1,7.0,0.19189,0.23578,9.19571,11.49429,4.77897,33.515,42.415,36.48,171.65903,1514.87246,5358.37321,3.41435,5.90227,5.3647,0.16518,0.01367,0.06171,-0.11173,10,36,2.6,114.0,33.0,0.6,0.65,0.5,0.16589,-0.10538,-0.19547,-0.01379,-0.10571,0.2889,0.22949,0.5
1783973040,2026-07-13T20:04:00,R0,DISC,cont,1,-1.452,-1.0075,0,7.0,0.19113,0.22063,8.23571,10.29429,5.09803,32.55,40.81,36.625,170.89968,1465.47789,5362.02861,3.28676,5.69985,5.36839,0.27108,0.0007,0.05791,-0.0838,10,37,2.7,114.0,47.0,0.6,0.65,0.5,0.16589,-0.10538,-0.19547,-0.01379,-0.11323,0.24772,0.26743,0.5
1783973700,2026-07-13T20:15:00,R0,DISC,flip,-1,0.8118,0.8,1,7.0,0.19032,0.23994,5.79857,7.24857,4.697,31.835,40.1,36.78,163.81283,1463.60564,5382.44595,3.29538,5.69395,5.37222,0.1068,0.02512,0.06105,-0.09497,11,38,2.45455,110.0,0.0,0.55,0.65,0.5,0.16534,-0.10557,-0.19547,-0.01426,-0.11323,0.24772,0.26743,0.5
1783975800,2026-07-13T20:50:00,R0,DISC,cont,-1,2.6706,0.8,1,7.0,0.18937,0.26129,19.07571,23.84429,4.31917,26.025,37.54,36.965,156.80725,1277.30496,5450.7082,3.33844,4.71582,5.39757,0.10186,0.07098,0.06371,-0.11732,11,39,2.54545,110.0,35.0,0.55,0.65,0.5,0.16534,-0.10557,-0.19547,-0.01426,-0.01173,0.11969,0.20159,0.45
1783990500,2026-07-14T00:55:00,R0,DISC,flip,1,4.5306,0.8,1,7.0,0.19191,0.12944,32.36143,40.45143,8.65061,44.095,32.55,36.475,274.60351,1140.79315,5254.97035,6.06308,4.29156,5.1758,0.17456,0.07562,0.04541,-0.05292,10,40,3.0,114.0,0.0,0.5,0.7,0.52,0.2554,-0.06917,-0.10536,0.16758,-0.07011,0.08116,0.16318,0.45
1784009640,2026-07-14T06:14:00,R0,DISC,flip,-1,-1.3508,-1.0426,0,7.0,0.21193,0.25201,7.40286,9.25429,4.43846,25.905,30.915,33.03,136.08724,1073.33387,4697.16774,2.90393,3.98378,4.61059,0.19796,0.03179,0.00423,0.00836,10,37,2.7,114.0,0.0,0.55,0.75,0.54,0.34558,-0.03281,-0.01524,0.16758,-0.0592,-0.05527,-0.03394,0.3
1784011800,2026-07-14T06:50:00,R0,DISC,cont,-1,1.7862,0.8,1,7.0,0.21371,0.27469,12.75857,15.94857,4.07198,23.455,29.325,32.755,118.72292,983.6754,4660.43453,2.62258,3.65934,4.58685,0.08035,0.04279,0.00651,0.01393,10,38,2.8,114.0,36.0,0.55,0.75,0.54,0.34558,-0.03281,-0.01524,0.16758,-0.0645,-0.0776,-0.0019,0.3
1784013120,2026-07-14T07:12:00,R0,DISC,cont,-1,-1.8084,-1.0197,0,7.0,0.21293,0.19485,10.13429,12.66714,5.74927,28.655,29.155,32.875,145.27363,948.83,4690.39894,3.17272,3.38311,4.59993,0.15077,0.01032,0.01097,0.03621,10,39,2.9,114.0,58.0,0.55,0.75,0.54,0.34558,-0.03281,-0.01524,0.16758,-0.0645,-0.0776,-0.0019,0.3
1784015160,2026-07-14T07:46:00,R0,DISC,cont,-1,-2.8198,-1.0197,0,7.0,0.21384,0.22297,15.80143,19.75143,5.02888,30.415,28.29,32.735,147.97524,926.40467,4649.68529,3.1589,3.33376,4.56377,0.18,0.00218,0.0177,0.04735,9,37,3.11111,114.0,92.0,0.55,0.75,0.54,0.34558,-0.03281,-0.01524,0.16758,-0.14141,-0.30235,-0.17763,0.25
1784025840,2026-07-14T10:44:00,R0,DISC,flip,1,4.473,0.8,1,7.0,0.21495,0.19314,31.95,39.93714,5.77707,23.155,25.12,32.565,149.50846,825.25409,4636.20465,3.0662,2.98706,4.52956,0.26682,0.02059,0.00487,-0.00279,10,36,2.6,114.0,0.0,0.5,0.6,0.54,0.07147,-0.03334,-0.01721,0.07593,-0.17158,-0.25473,-0.1963,0.25
1784032200,2026-07-14T12:30:00,R0,DISC,cont,1,11.1142,0.8,1,7.0,0.21535,0.06727,79.38714,99.23429,16.38648,29.32,27.21,32.505,265.06069,1006.77487,4641.96381,12.98051,6.10633,5.16782,0.41838,0.13581,0.02699,0.03064,9,34,2.77778,114.0,106.0,0.5,0.6,0.54,0.07147,-0.03334,-0.01721,0.07593,-0.0398,-0.17193,-0.07387,0.25
1784037840,2026-07-14T14:04:00,R0,DISC,flip,-1,-6.3876,-1.0051,0,7.0,0.20964,0.0917,36.31571,45.39429,12.01239,65.815,31.76,33.39,364.54805,1430.89422,4889.08107,7.96062,7.53501,5.45217,0.08657,0.11644,0.04257,0.03064,10,33,2.3,114.0,0.0,0.5,0.6,0.54,0.07147,-0.03334,0.073,0.07593,0.01468,-0.15041,0.00541,0.25
1784041080,2026-07-14T14:58:00,R0,DISC,flip,1,1.5931,0.8,1,7.0,0.2093,0.14574,11.38,14.22429,7.4967,55.185,38.43,33.445,297.62044,1559.42622,4776.46938,6.64752,7.77872,5.29224,0.16313,0.14436,0.04511,0.0195,10,30,2.0,114.0,0.0,0.45,0.65,0.56,0.16237,0.00281,0.073,0.07593,-0.00772,-0.19203,-0.11244,0.2
1784042940,2026-07-14T15:29:00,R0,DISC,cont,1,5.5427,0.8,1,7.0,0.20946,0.10676,39.59143,49.48857,10.17585,50.705,42.1,33.42,350.70827,1690.87333,4802.27983,7.86133,8.19707,5.38546,0.25905,0.16872,0.05441,0.03621,10,30,2.0,114.0,31.0,0.45,0.65,0.56,0.16237,0.00281,0.073,0.07593,0.02915,-0.20609,0.08676,0.25
1784123100,2026-07-15T13:45:00,R0,DISC,flip,-1,3.48,0.8,1,7.0,0.22138,0.07777,24.85714,31.07143,13.82735,72.615,27.93,31.62,407.915,1201.0816,4885.29738,8.77104,5.07874,5.22509,0.13101,0.06952,0.04186,-0.0838,3,8,1.66667,200.0,0.0,0.5,0.6,0.56,0.07211,0.0031,0.07323,0.07593,0.12419,0.04774,0.12965,0.2
1784125260,2026-07-15T14:21:00,R0,DISC,flip,1,-4.1702,-1.0163,0,7.0,0.22124,0.07561,23.44714,29.30857,14.16514,82.24,30.665,31.64,444.68106,1358.19184,4929.20719,9.73674,5.82405,5.29526,0.04636,0.09218,0.04925,-0.07263,3,8,1.66667,200.0,0.0,0.5,0.6,0.56,0.07211,0.0031,0.07323,0.07593,0.22902,0.00542,0.06803,0.2
1784125980,2026-07-15T14:33:00,R0,DISC,cont,1,-7.8962,-1.0138,0,7.0,0.22124,0.06594,44.50857,55.63571,16.2321,84.95,32.5,31.64,481.0371,1440.30087,4993.89369,10.18463,6.15722,5.38058,0.00183,0.08233,0.04839,-0.05587,3,9,2.0,200.0,12.0,0.5,0.6,0.56,0.07211,0.0031,0.07323,0.07593,0.22902,0.00542,0.06803,0.2
1784143200,2026-07-15T19:20:00,R0,DISC,flip,-1,6.8243,0.8,1,7.0,0.22566,0.21412,48.74571,60.93143,5.05104,28.825,45.085,31.02,172.50828,1648.57573,4829.6834,3.88389,6.5179,4.97858,0.29708,0.07083,0.00456,-0.0195,3,8,1.66667,270.0,0.0,0.5,0.6,0.56,0.07314,0.00267,0.16315,-0.01475,0.17315,0.02144,0.04011,0.2
1784166540,2026-07-16T01:49:00,R0,DISC,flip,1,-3.9228,-1.0117,0,7.0,0.23486,0.16667,22.15714,27.69714,6.48774,34.3,24.39,29.805,195.84476,901.36011,4697.74397,4.42182,3.50221,4.8096,0.16336,0.0234,0.00412,-0.02507,4,11,1.75,280.0,0.0,0.5,0.6,0.58,0.07314,0.03872,0.25345,-0.01475,0.13067,0.00131,-0.0151,0.2
1784173680,2026-07-16T03:48:00,R0,DISC,flip,-1,-3.3044,-1.0047,0,7.0,0.23275,0.29322,18.79429,23.49286,3.69995,23.665,26.44,30.075,143.06883,945.3646,4752.33831,3.03329,3.53859,4.82448,0.05396,0.04377,0.00565,-0.01393,5,12,1.4,270.0,0.0,0.5,0.6,0.58,0.07314,0.03872,0.25345,-0.01475,0.14657,0.01147,-0.0258,0.2
1784179980,2026-07-16T05:33:00,R0,DISC,flip,1,-2.0052,-1.01,0,7.0,0.23353,0.17813,11.34571,14.18143,6.05096,25.175,26.57,29.975,164.84583,977.66794,4716.3614,3.32895,3.64856,4.81944,0.35573,0.01855,0.00968,-0.00836,6,13,1.16667,200.0,0.0,0.55,0.6,0.58,0.07318,0.03855,0.253,-0.01475,0.16178,0.01064,0.00594,0.2
1784182380,2026-07-16T06:13:00,R0,DISC,flip,-1,2.0221,0.8,1,7.0,0.23353,0.20713,14.44286,18.05429,5.21585,33.15,27.55,29.975,189.47141,992.86974,4706.72477,3.88666,3.67577,4.79094,0.08006,0.00063,0.00554,-0.01393,7,14,1.0,119.0,0.0,0.55,0.55,0.58,-0.01706,0.03854,0.16277,-0.01475,0.10025,-0.03376,-0.04904,0.2
1784186100,2026-07-16T07:15:00,R0,DISC,cont,-1,2.9834,0.8,1,7.0,0.23761,0.23929,21.31,26.63714,4.53141,26.975,26.49,29.46,173.42236,995.29414,4646.71511,3.79467,3.6437,4.70865,0.22052,0.00091,0.00921,-0.03621,7,16,1.28571,119.0,62.0,0.55,0.55,0.58,-0.01706,0.03854,0.16277,-0.01475,0.02762,0.0275,0.09418,0.3
1784188200,2026-07-16T07:50:00,R0,DISC,cont,-1,1.9208,0.8,1,7.0,0.23761,0.14097,13.72,17.15,7.74673,30.29,26.415,29.46,187.26709,981.14209,4675.45108,3.86845,3.55267,4.70648,0.50169,0.10903,0.01509,-0.04735,7,17,1.42857,119.0,97.0,0.6,0.5,0.56,-0.10756,0.00234,0.07227,-0.01475,0.04669,0.09153,0.24299,0.35
1784210460,2026-07-16T14:01:00,R0,DISC,flip,1,6.2317,0.8,1,7.0,0.23213,0.08831,44.51143,55.64,12.30188,51.19,31.485,30.155,315.91365,1223.22431,4607.90808,6.36806,4.60368,4.51244,0.23517,0.03093,0.01969,0.03064,7,17,1.42857,119.0,0.0,0.6,0.55,0.58,-0.01718,0.03854,0.07227,0.16595,-0.11076,-0.1002,0.04729,0.3
1784221800,2026-07-16T17:10:00,R0,DISC,flip,-1,2.0984,0.8,1,7.0,0.22846,0.1309,14.98857,18.73571,8.32795,51.59,47.96,30.64,264.30555,1693.59001,4702.74794,5.35043,6.06373,4.4957,0.15127,0.01162,0.02673,-0.04178,7,17,1.42857,189.0,0.0,0.6,0.55,0.58,-0.01718,0.03854,0.07227,0.16595,-0.05298,-0.04845,0.15075,0.35
1784224200,2026-07-16T17:50:00,R0,DISC,cont,-1,2.3294,0.8,1,7.0,0.22786,0.16738,16.63857,20.79857,6.52683,43.99,51.025,30.72,204.97101,1689.85394,4664.13178,4.42142,6.03843,4.40533,0.26482,0.00211,0.03099,-0.04178,7,18,1.57143,189.0,40.0,0.6,0.55,0.58,-0.01718,0.03854,0.07227,0.16595,-0.05809,0.02207,0.25977,0.35
1784225760,2026-07-16T18:16:00,R0,DISC,flip,1,1.1539,0.8,1,7.0,0.22676,0.17398,8.24286,10.30286,6.26981,45.05,52.055,30.87,222.01528,1755.85035,4718.58788,4.61322,6.17684,4.45456,0.01212,0.00838,0.02771,-0.04735,8,20,1.5,119.0,0.0,0.6,0.55,0.58,-0.01718,0.03854,0.07227,0.16595,-0.05809,0.02207,0.25977,0.35
1784235540,2026-07-16T20:59:00,R0,DISC,flip,-1,3.4784,0.8,1,7.0,0.22236,0.30696,24.84571,31.05714,3.55964,20.88,40.435,31.48,115.9586,1350.11765,4765.63522,2.26555,4.84743,4.46167,0.2148,0.04941,0.02829,-0.10306,8,20,1.5,163.0,0.0,0.65,0.65,0.64,0.16594,0.14708,0.16316,0.16595,0.0281,-0.01679,0.16104,0.35
1784257380,2026-07-17T03:03:00,R0,DISC,flip,1,1.1246,0.8,1,7.0,0.20319,0.19842,8.03286,10.04143,5.55718,40.095,35.755,34.45,254.74382,1221.84948,5065.38087,5.4584,4.52259,4.65723,0.00054,0.07599,0.03438,-0.01393,8,25,2.125,163.0,0.0,0.7,0.7,0.66,0.25692,0.18311,0.16316,0.16595,0.12249,0.08275,0.53065,0.45
1784258160,2026-07-17T03:16:00,R0,DISC,cont,1,-1.428,-1.0003,0,7.0,0.20308,0.18835,8.15714,10.19714,5.84217,38.64,36.125,34.47,227.61549,1236.30605,5053.8499,4.62778,4.56635,4.65816,0.01686,0.06768,0.03154,-0.01393,8,26,2.25,163.0,13.0,0.7,0.7,0.66,0.25692,0.18311,0.16316,0.16595,0.11875,0.075,0.43906,0.4
1784260980,2026-07-17T04:03:00,R0,DISC,flip,-1,1.2597,0.8,1,7.0,0.20077,0.23655,8.99714,11.24714,4.66347,32.505,36.89,34.865,152.69394,1253.29748,5078.03718,3.16176,4.5598,4.66135,0.03142,0.09109,0.03516,-0.01393,8,26,2.25,119.0,0.0,0.7,0.7,0.66,0.25692,0.18311,0.16316,0.16595,0.23537,-0.04907,-0.05785,0.3
1784265960,2026-07-17T05:26:00,R0,DISC,cont,-1,4.3888,0.8,1,7.0,0.19963,0.24928,31.34857,39.18571,4.44002,30.32,36.71,35.065,195.53953,1266.21445,5135.88217,4.04036,4.59252,4.69968,0.07265,0.06443,0.05005,-0.02507,8,28,2.5,119.0,83.0,0.7,0.65,0.66,0.16691,0.18323,0.25548,0.07593,0.30088,0.08338,-0.08396,0.3
1784266800,2026-07-17T05:40:00,R0,DISC,cont,-1,2.7501,0.8,1,7.0,0.19935,0.11111,19.64286,24.55429,10.00169,32.2,37.49,35.115,233.04456,1324.26365,5162.26042,4.91015,4.76692,4.71776,0.23601,0.08805,0.05746,-0.01393,7,28,3.0,119.0,97.0,0.7,0.65,0.66,0.16691,0.18323,0.25548,0.07593,0.30088,0.08338,-0.08396,0.3
1784282520,2026-07-17T10:02:00,R0,DISC,flip,1,1.5325,0.8,1,7.0,0.20011,0.25543,10.94571,13.68286,4.34928,24.93,30.53,34.98,149.51712,1161.06724,5125.3094,3.12799,4.25292,4.69256,0.19322,0.06273,0.03127,-0.06407,7,25,2.57143,163.0,0.0,0.65,0.7,0.68,0.25716,0.21928,0.25548,0.16612,0.30556,0.05196,-0.06494,0.35
1784284800,2026-07-17T10:40:00,R0,DISC,cont,1,2.2629,0.8,1,7.0,0.19788,0.3244,16.16286,20.20429,3.41996,26.755,30.755,35.375,157.17345,1149.26168,5125.90358,3.32826,4.17521,4.69983,0.14432,0.03319,0.03229,-0.0585,7,26,2.71429,163.0,38.0,0.65,0.7,0.68,0.25716,0.21928,0.25548,0.16612,0.28282,0.05154,-0.02007,0.35
1784289240,2026-07-17T11:54:00,R0,DISC,flip,1,-1.71,-1.0036,0,7.0,0.19991,0.21397,9.73571,12.17,5.16936,25.115,28.235,35.015,135.14415,1009.03658,5074.72542,2.84909,3.69356,4.669,0.17784,0.07454,0.02686,-0.10306,9,31,2.44444,163.0,0.0,0.65,0.7,0.68,0.25716,0.21928,0.25548,0.16612,0.06261,-0.26323,-0.66117,0.25
1784290740,2026-07-17T12:19:00,R0,DISC,flip,-1,1.4499,0.8,1,7.0,0.20011,0.27522,10.35714,12.94571,4.02764,25.27,26.97,34.98,135.39974,950.71506,5080.80611,3.02363,3.43562,4.66665,0.12449,0.06969,0.03031,-0.11421,10,32,2.2,72.0,1.0,0.65,0.7,0.7,0.25717,0.25535,0.25548,0.16612,0.06261,-0.26323,-0.66117,0.25
1784293320,2026-07-17T13:02:00,R0,DISC,cont,-1,2.663,0.8,1,7.0,0.20127,0.18426,19.02143,23.77714,6.03514,27.41,27.3,34.78,162.61353,946.3342,5054.62471,3.43685,3.39946,4.62653,0.29603,0.01482,0.03047,-0.09749,10,34,2.4,72.0,44.0,0.6,0.75,0.7,0.34798,0.25535,0.25548,0.16612,0.02123,-0.16314,-0.67225,0.3
1784295240,2026-07-17T13:34:00,R0,DISC,cont,-1,3.455,0.8,1,7.0,0.19977,0.11187,24.67857,30.84857,9.9894,44.31,27.925,35.04,263.96588,1031.41483,5138.13621,5.83157,3.90112,4.70489,0.29259,0.03221,0.05058,-0.11421,10,35,2.5,72.0,76.0,0.6,0.75,0.7,0.34798,0.25535,0.25548,0.16612,0.1098,-0.09705,-0.31904,0.35
1784304600,2026-07-17T16:10:00,R0,DISC,flip,1,11.0902,0.8,1,7.0,0.19977,0.12381,79.21571,99.02,8.90708,49.305,41.705,35.04,253.30361,1427.80578,4960.42126,5.22144,5.64429,4.67525,0.32813,0.0545,0.03157,-0.06407,10,34,2.4,72.0,0.0,0.55,0.85,0.68,0.5293,0.21928,0.1653,0.16612,0.14341,-0.03091,-0.26076,0.35
1784310420,2026-07-17T17:47:00,R0,DISC,cont,1,-5.5376,-1.0019,0,7.0,0.19867,0.12499,31.58429,39.48,8.73051,55.95,53.205,35.235,322.55515,1703.7138,5015.78247,7.06518,6.53006,4.83329,0.28526,0.08328,0.00182,-0.04178,9,36,3.0,72.0,97.0,0.55,0.85,0.68,0.5293,0.21928,0.1653,0.16612,0.21609,-0.06128,-0.07819,0.35
1784312820,2026-07-17T18:27:00,R0,DISC,flip,-1,-1.5478,-1.0159,0,7.0,0.19732,0.14682,8.70571,10.88286,7.4672,49.645,55.14,35.475,252.62593,1785.17304,5034.42094,5.50044,6.66086,4.82253,0.11875,0.06466,0.01203,0.00279,9,34,2.77778,137.0,0.0,0.55,0.9,0.7,0.6198,0.25564,0.25743,0.16612,0.1288,-0.13444,-0.06755,0.35
1784313660,2026-07-17T18:41:00,R0,DISC,flip,1,1.5922,0.8,1,7.0,0.19718,0.16307,11.37286,14.21571,6.70043,49.075,55.39,35.5,243.72449,1798.61152,5015.82164,5.1834,6.68808,4.82237,0.04073,0.08724,6e-05,-0.00836,10,35,2.5,72.0,0.0,0.55,0.9,0.7,0.6198,0.25564,0.25743,0.16612,0.1288,-0.13444,-0.06755,0.35
1784319420,2026-07-17T20:17:00,R0,DISC,flip,-1,-4.496,-1.0033,0,7.0,0.1942,0.26333,25.60571,32.00714,4.15626,32.385,49.03,36.045,160.53308,1575.05577,5050.96009,3.54304,5.75833,4.85485,0.07915,0.0658,0.00534,-0.04735,11,37,2.36364,72.0,0.0,0.5,0.85,0.68,0.52971,0.2196,0.25743,0.16623,0.14435,-0.19392,-0.48662,0.25
1784323620,2026-07-17T21:27:00,R0,DISC,cont,1,-1.9846,-1.0078,0,7.0,0.19113,0.31856,11.25286,14.06571,3.4248,24.235,40.985,36.625,155.71674,1356.99155,5089.43644,3.49767,5.12077,4.88843,0.14403,0.11368,0.00125,-0.03064,11,39,2.54545,72.0,32.0,0.6,0.8,0.66,0.43891,0.18328,0.25689,0.16623,0.0472,-0.27058,-0.53114,0.25
1784324760,2026-07-17T21:46:00,R0,DISC,flip,-1,-0.8358,-1.0024,0,7.0,0.19113,0.30102,4.76429,5.95571,3.63233,23.455,39.765,36.625,132.00515,1340.25135,5102.96199,2.94273,5.08293,4.89361,0.0017,0.10511,0.00387,-0.03621,12,40,2.33333,51.0,0.0,0.6,0.8,0.66,0.43891,0.18328,0.25689,0.16623,0.0472,-0.27058,-0.53114,0.25
1784325600,2026-07-17T22:00:00,R0,DISC,flip,1,-1.6472,-1.0011,0,7.0,0.19087,0.27156,9.40286,11.75286,4.02096,21.39,38.675,36.675,125.9427,1304.29113,5097.4957,2.77311,4.97788,4.89014,0.01414,0.08681,0.00228,-0.04178,13,41,2.15385,40.0,0.0,0.6,0.8,0.66,0.43891,0.18328,0.25689,0.16623,-0.00623,-0.33318,-0.48777,0.25
1784329320,2026-07-17T23:02:00,R0,DISC,flip,-1,0.9162,0.8,1,7.0,0.19488,0.35988,6.54429,8.18,3.04439,18.715,33.435,35.92,90.2013,1148.10152,5013.5255,1.93896,4.47455,4.83277,0.28419,0.04092,0.00128,-0.07521,14,40,1.85714,51.0,0.0,0.6,0.75,0.64,0.34875,0.14722,0.16672,0.16623,0.08511,-0.13415,-0.31334,0.25
1784347080,2026-07-18T03:58:00,R0,DISC,flip,1,2.2512,0.8,1,7.0,0.24088,0.45469,16.08,20.1,2.40661,14.05,16.615,29.06,63.30971,508.24883,4360.52722,1.40977,1.88203,4.41664,0.14087,0.02265,0.01617,-0.14763,14,34,1.42857,62.0,0.0,0.6,0.6,0.64,0.07818,0.14825,0.07737,0.16646,0.18098,-0.0464,-0.12604,0.25
1784434320,2026-07-19T04:12:00,R0,DISC,flip,-1,-1.8766,-1.0536,0,7.0,0.45932,0.36791,10.17857,12.72286,2.94641,16.93,16.425,15.24,85.92337,574.48256,2126.28792,1.80432,2.24811,2.21769,0.20317,0.05876,0.04565,-0.08078,1,11,10.0,62.0,0.0,0.6,0.6,0.64,0.07819,0.14825,0.16795,0.16646,-0.05014,-0.16824,-0.44409,0.1
1784435700,2026-07-19T04:35:00,R0,DISC,flip,1,0.6171,0.8,1,7.0,0.45782,0.39601,4.40857,5.51,2.73297,16.93,16.14,15.29,82.08128,563.56843,2134.10562,1.7061,2.20151,2.2218,0.0977,0.0032,0.05559,-0.08635,2,12,5.0,51.0,0.0,0.6,0.6,0.64,0.07819,0.14825,0.16795,0.16646,-0.05014,-0.16824,-0.44409,0.1
1784438100,2026-07-19T05:15:00,R0,DISC,cont,1,-2.1514,-1.0019,0,7.0,0.44814,0.3837,12.27143,15.33857,2.81682,17.3,15.415,15.62,95.70668,551.72539,2171.08839,2.11023,2.17566,2.24865,0.26303,0.01857,0.06267,-0.12535,2,13,5.5,51.0,40.0,0.6,0.6,0.64,0.07819,0.14825,0.16795,0.16646,-0.1041,-0.22258,-0.43889,0.15
1784449080,2026-07-19T08:18:00,R0,DISC,flip,-1,1.8741,0.8,1,7.0,0.43492,0.37806,13.38571,16.73286,2.86536,15.11,15.44,16.095,89.65751,513.34092,2239.80814,2.06853,1.98537,2.28346,0.03587,0.06885,0.04737,-0.09749,3,16,4.33333,62.0,60.0,0.65,0.55,0.62,-0.01457,0.11129,0.256,0.07637,-0.05971,-0.19709,-0.45068,0.15
1784455260,2026-07-19T10:01:00,R0,DISC,cont,-1,-1.193,-1.0061,0,7.0,0.41929,0.39705,6.77571,8.47,2.73567,17.515,14.63,16.695,88.82177,477.94244,2315.02655,1.87123,1.79163,2.32029,0.37646,0.06668,0.03409,-0.06407,3,18,5.0,62.0,163.0,0.65,0.55,0.62,-0.01457,0.11129,0.256,0.07637,0.08474,-0.03377,-0.27204,0.2
1784456520,2026-07-19T10:22:00,R0,DISC,flip,1,-0.6202,-1.0323,0,7.0,0.41237,0.43403,3.43286,4.29143,2.49828,19.69,14.63,16.975,91.4512,482.73786,2335.75821,2.00589,1.827,2.33358,0.05856,0.01994,0.04064,-0.06964,4,19,3.75,62.0,0.0,0.7,0.55,0.62,-0.01457,0.11129,0.256,0.07637,0.08474,-0.03377,-0.27204,0.2
1784456820,2026-07-19T10:27:00,R0,DISC,cont,1,0.6912,0.8,1,7.0,0.41189,0.44051,4.93714,6.17143,2.4612,20.245,14.63,16.995,92.8382,481.45885,2341.57288,2.01146,1.81606,2.33559,0.04856,0.01738,0.04114,-0.06964,4,20,4.0,62.0,5.0,0.7,0.55,0.62,-0.01457,0.11129,0.256,0.07637,0.08474,-0.03377,-0.27204,0.2
1784457660,2026-07-19T10:41:00,R0,DISC,cont,1,0.7941,0.8,1,7.0,0.40996,0.43645,5.67143,7.09,2.48251,17.455,14.63,17.075,83.03365,476.93771,2351.64536,1.73766,1.80012,2.34016,0.21924,0.03095,0.04347,-0.04735,4,22,4.5,62.0,19.0,0.7,0.55,0.62,-0.01457,0.11129,0.256,0.07637,0.00887,-0.12754,-0.33345,0.2
1784458800,2026-07-19T11:00:00,R0,DISC,flip,-1,-0.9146,-1.0196,0,7.0,0.40474,0.28607,5.12571,6.40714,3.79311,20.32,15.33,17.295,99.11823,480.96856,2382.16873,2.09367,1.79269,2.35553,0.08744,0.0519,0.03615,-0.03064,5,23,3.6,62.0,0.0,0.7,0.55,0.62,-0.01457,0.11129,0.256,0.07637,0.022,0.08443,-0.21227,0.25
1784461680,2026-07-19T11:48:00,R0,DISC,cont,-1,2.1163,0.8,1,7.0,0.39282,0.42345,15.11714,18.89571,2.56435,21.01,15.92,17.82,113.75243,508.0194,2451.90005,2.29667,1.87046,2.38805,0.20722,0.05723,0.03135,0.00279,5,24,3.8,62.0,48.0,0.7,0.55,0.62,-0.01457,0.11129,0.256,0.07637,0.02816,-0.13692,-0.32498,0.25
1784463960,2026-07-19T12:26:00,R0,DISC,cont,-1,-1.933,-1.0175,0,7.0,0.38695,0.20033,10.85571,13.57,5.43554,20.61,17.35,18.09,127.08852,560.25349,2491.22125,2.88906,2.1194,2.42107,0.268,0.11232,0.01631,0.0195,5,25,4.0,62.0,86.0,0.7,0.45,0.6,-0.19649,0.07538,0.16439,0.07644,0.02957,-0.1332,-0.30478,0.25
1784467920,2026-07-19T13:32:00,R0,DISC,flip,1,2.0738,0.8,1,7.0,0.38472,0.26571,14.81286,18.51571,4.09001,25.08,20.55,18.195,131.61455,646.05812,2471.96028,2.83361,2.39349,2.41641,0.13045,0.06147,0.0258,0.04735,6,25,3.16667,152.0,0.0,0.65,0.45,0.62,-0.19729,0.11178,0.07341,0.07644,0.00937,-0.27208,-0.52912,0.2
1784491200,2026-07-19T20:00:00,R0,DISC,flip,1,-2.5726,-1.0309,0,7.0,0.34991,0.32324,14.26,17.82429,3.35996,19.26,24.575,20.005,106.90864,854.46384,2677.93993,2.38227,3.38843,2.63716,0.14839,0.00277,0.00343,-0.09749,8,29,2.625,159.0,0.0,0.65,0.45,0.62,-0.19807,0.11153,0.07341,0.16754,-0.0885,-0.31964,-0.51187,0.15
1784524140,2026-07-20T05:09:00,R0,DISC,flip,-1,9.5818,0.8,1,7.0,0.27253,0.18009,68.44143,85.55143,6.03911,37.78,43.58,25.685,197.17351,1503.47096,3718.95946,3.90842,5.54143,3.80952,0.26147,0.02624,0.01409,0.09192,7,27,2.85714,159.0,0.0,0.65,0.45,0.6,-0.19882,0.07491,-0.01814,0.16754,-0.04013,-0.20018,-0.42165,0.15
1784529180,2026-07-20T06:33:00,R0,DISC,cont,-1,3.539,0.8,1,7.0,0.25487,0.14928,25.27857,31.59857,7.33268,38.405,43.81,27.465,193.3616,1478.61141,3972.02721,4.48349,5.52341,4.04086,0.14552,0.08441,0.02878,0.11421,7,28,3.0,159.0,84.0,0.65,0.45,0.6,-0.19882,0.07491,-0.01814,0.16754,-0.04586,-0.27945,-0.44601,0.1
1784533980,2026-07-20T07:53:00,R0,DISC,flip,1,-2.3012,-1.1328,0,7.0,0.23973,0.16653,11.60857,14.51,6.54446,37.595,41.595,29.2,203.03548,1377.28447,4173.71853,4.36568,5.21429,4.20955,0.29984,0.03347,0.01695,0.08078,7,28,3.0,159.0,0.0,0.65,0.45,0.6,-0.19882,0.07491,-0.01814,0.16754,-0.05706,-0.26711,-0.28987,0.1
1784549940,2026-07-20T12:19:00,R0,DISC,flip,-1,2.9381,0.8,1,7.0,0.21512,0.16935,20.98571,26.23286,6.39583,51.73,33.425,32.54,355.78362,1291.80369,4664.3644,9.02423,5.61467,4.78779,0.14983,0.05914,0.01056,-0.00836,6,24,3.0,164.0,0.0,0.65,0.5,0.6,-0.1149,0.07258,-0.11478,0.16754,-0.0593,-0.08231,-0.08072,0.15
1784554260,2026-07-20T13:31:00,R0,DISC,cont,-1,-2.0686,-1.0076,0,7.0,0.21161,0.15675,11.73143,14.66429,6.92867,34.24,32.415,33.08,211.09471,1251.14582,4731.7384,4.72861,5.37268,4.83243,0.14505,0.04675,0.00214,-0.03621,6,26,3.33333,164.0,72.0,0.65,0.5,0.6,-0.1149,0.07258,-0.11478,0.16754,-0.18562,-0.16433,-0.09855,0.2
1784555340,2026-07-20T13:49:00,R0,DISC,flip,1,-4.4764,-1.0032,0,7.0,0.20942,0.07688,25.49857,31.87286,14.08154,40.345,32.935,33.425,245.17975,1302.69827,4797.33981,5.80394,5.62081,4.91474,0.00316,0.0602,0.00772,-0.0195,6,25,3.16667,164.0,0.0,0.65,0.5,0.6,-0.1149,0.07258,-0.11478,0.16754,-0.18562,-0.16433,-0.09855,0.2
1784557260,2026-07-20T14:21:00,R0,DISC,flip,-1,-7.1122,-1.0014,0,7.0,0.20462,0.08263,40.58571,50.73143,13.22124,84.395,35.77,34.21,400.30781,1438.38303,4993.96757,8.26487,6.07042,5.06951,0.22033,0.01157,0.01108,-0.04735,7,25,2.57143,152.0,0.0,0.65,0.55,0.62,-0.02478,0.10885,-0.11478,0.16754,-0.27882,-0.16709,0.00821,0.3
1784559780,2026-07-20T15:03:00,R0,DISC,flip,1,4.301,0.8,1,7.0,0.19682,0.11244,30.72143,38.40143,9.65574,67.15,40.43,35.565,331.34468,1503.9323,5069.78008,6.47255,6.04004,5.13575,0.03927,0.05176,0.00207,-0.03064,7,25,2.57143,152.0,0.0,0.65,0.55,0.62,-0.02478,0.10885,-0.11478,0.16754,-0.26587,-0.15571,0.01072,0.3
1784562120,2026-07-20T15:42:00,R0,DISC,cont,1,3.6077,0.8,1,7.0,0.19144,0.12154,25.76857,32.21143,8.86427,65.255,46.345,36.565,326.30321,1625.33984,5188.43435,6.28252,6.36472,5.24432,0.28237,0.07487,0.0137,-0.04178,7,26,2.71429,152.0,39.0,0.6,0.55,0.6,-0.02511,0.0727,-0.11478,0.07716,-0.22351,-0.06903,0.07873,0.35
1784574120,2026-07-20T19:02:00,R0,DISC,flip,-1,1.0939,0.8,1,7.0,0.17546,0.15194,7.81429,9.76714,7.07206,40.835,52.795,39.895,221.40689,1758.55586,5548.12622,5.08917,6.41729,5.52047,0.33783,0.05119,0.02227,-0.04178,8,25,2.125,164.0,0.0,0.55,0.5,0.62,-0.11266,0.10914,-0.20482,0.16785,-0.17002,0.00232,0.15211,0.35
1784575620,2026-07-20T19:27:00,R0,DISC,cont,-1,-2.4214,-1.0183,0,7.0,0.17409,0.16139,13.58714,16.98429,6.67053,41.87,53.1,40.21,204.7983,1776.90257,5592.41415,4.22794,6.44138,5.53748,0.3852,0.04686,0.01739,-0.0195,8,26,2.25,164.0,25.0,0.55,0.5,0.62,-0.11266,0.10914,-0.20482,0.16785,-0.17002,0.00232,0.15211,0.35
1784578320,2026-07-20T20:12:00,R0,DISC,flip,1,2.5917,0.8,1,7.0,0.17132,0.16808,18.51143,23.14,6.39107,38.025,49.125,40.86,198.83862,1621.65937,5654.77724,4.27148,5.85274,5.57481,0.04368,0.08338,0.01893,0.00836,8,27,2.375,164.0,0.0,0.55,0.5,0.62,-0.11266,0.10914,-0.20482,0.16785,-0.27338,-0.02537,0.16548,0.45
1784583240,2026-07-20T21:34:00,R0,DISC,cont,1,-3.0996,-1.0139,0,7.0,0.16894,0.27506,17.47,21.83714,3.89169,21.97,39.37,41.435,120.74258,1351.09779,5721.52469,2.73133,5.18512,5.60963,0.03977,0.06686,0.02707,-0.04178,8,28,2.5,164.0,82.0,0.55,0.5,0.6,-0.11348,0.07277,-0.11403,0.07693,-0.15623,0.06819,0.37335,0.5
1784586840,2026-07-20T22:34:00,R0,DISC,flip,-1,-2.907,-1.0106,0,7.0,0.17307,0.26536,16.43714,20.54714,4.05415,26.05,34.985,40.445,125.88958,1117.53608,5611.28978,2.76986,4.24217,5.49646,0.39636,0.04357,0.01016,-0.03064,9,28,2.11111,142.0,0.0,0.6,0.55,0.6,-0.02318,0.07277,-0.11403,0.07693,-0.16977,0.0432,0.29629,0.5
1784591700,2026-07-20T23:55:00,R0,DISC,flip,1,-2.1834,-1.0056,0,7.0,0.17764,0.25269,12.40714,15.50857,4.24728,21.49,29.865,39.405,118.26762,955.46458,5503.24072,2.67281,3.70233,5.44917,0.18837,0.04716,0.01575,0.02507,10,29,1.9,90.0,0.0,0.55,0.55,0.58,-0.02226,0.03649,-0.11403,-0.01376,-0.17681,0.05863,0.15133,0.45
1784593080,2026-07-21T00:18:00,R0,DISC,cont,1,2.0726,0.8,1,7.0,0.17862,0.16829,14.80429,18.50571,6.37709,26.53,29.69,39.19,160.10083,942.56577,5467.23839,3.59155,3.51382,5.40296,0.022,0.0668,0.00745,0.01393,10,29,1.9,90.0,23.0,0.55,0.55,0.58,-0.02226,0.03649,-0.11403,-0.01376,-0.17681,0.05863,0.15133,0.45
1784595420,2026-07-21T00:57:00,R0,DISC,cont,1,1.6213,0.8,1,7.0,0.17903,0.16377,11.58,14.47571,6.52256,44.9,29.795,39.1,247.06366,973.47507,5400.96723,4.89521,3.62573,5.35321,0.20283,0.05721,0.02801,0.00836,10,30,2.0,90.0,62.0,0.6,0.5,0.56,-0.11279,0.00028,-0.11439,-0.01376,-0.1921,0.05411,0.30276,0.5
1784597400,2026-07-21T01:30:00,R0,DISC,flip,-1,-2.0192,-1.0068,0,7.0,0.18205,0.17705,11.46,14.32571,6.05094,43.525,29.75,38.45,200.42381,947.43172,5336.14659,4.12079,3.49007,5.26633,0.00615,0.048,0.01472,0.00279,11,32,1.90909,90.0,0.0,0.6,0.5,0.56,-0.11279,0.00028,-0.11439,-0.01376,-0.22306,0.06027,0.26249,0.5
1784598180,2026-07-21T01:43:00,R0,DISC,cont,-1,2.3382,0.8,1,7.0,0.18246,0.1712,16.70143,20.87714,6.2628,38.73,29.75,38.365,196.97807,957.72759,5337.44496,4.06009,3.50286,5.25956,0.11626,0.0345,0.01753,0.0195,11,33,2.0,90.0,13.0,0.6,0.5,0.56,-0.11279,0.00028,-0.11439,-0.01376,-0.21923,0.00494,0.15535,0.45
1784600100,2026-07-21T02:15:00,R0,DISC,cont,-1,-4.1474,-1.0046,0,7.0,0.1847,0.1451,23.59143,29.49,7.40331,36.655,29.845,37.9,190.79238,965.1078,5253.39848,3.97997,3.55443,5.17269,0.25876,0.00174,0.01208,0.01393,11,34,2.09091,90.0,45.0,0.65,0.45,0.54,-0.20307,-0.03583,-0.11455,-0.01376,-0.18331,0.09729,0.20337,0.45
1784605860,2026-07-21T03:51:00,R0,DISC,flip,1,1.8682,0.8,1,7.0,0.18827,0.21505,13.34429,16.68,4.97002,32.675,31.97,37.18,183.75534,1012.28888,5144.41977,3.969,3.69345,5.10911,0.14733,0.03413,0.0196,0.04735,12,35,1.91667,90.0,0.0,0.6,0.5,0.54,-0.11156,-0.03596,-0.11484,0.07625,-0.11865,0.0831,0.09576,0.4
1784612880,2026-07-21T05:48:00,R0,DISC,cont,1,6.2768,0.8,1,7.0,0.19265,0.13567,44.83429,56.04286,7.83499,30.58,33.785,36.335,206.82725,1143.58623,5054.86545,5.43105,4.32517,5.07934,0.26805,0.08597,0.05199,-0.03064,11,35,2.18182,90.0,117.0,0.55,0.5,0.52,-0.11024,-0.07205,-0.11484,-0.01397,-0.03351,0.22587,0.25619,0.45
1784630940,2026-07-21T10:49:00,R0,DISC,flip,-1,1.6654,0.8,1,7.0,0.19265,0.20568,11.89571,14.87,5.13644,29.075,33.275,36.335,170.69223,1142.17355,5043.98345,3.64553,4.37622,4.985,0.00461,0.10614,0.05928,-0.08635,11,39,2.54545,95.0,0.0,0.55,0.5,0.52,-0.11023,-0.07205,-0.11484,-0.01398,-0.07379,0.0032,0.04445,0.3
1784631840,2026-07-21T11:04:00,R0,DISC,cont,-1,-0.7074,-1.0431,0,7.0,0.19189,0.24871,3.87571,4.84429,4.25625,28.5,33.425,36.48,175.58677,1149.33427,5058.38828,3.91147,4.43051,4.99539,0.10734,0.08222,0.05552,-0.06964,11,40,2.63636,95.0,15.0,0.55,0.5,0.52,-0.11023,-0.07205,-0.11484,-0.01398,-0.07379,0.0032,0.04445,0.3
1784633760,2026-07-21T11:36:00,R0,DISC,flip,1,0.9565,0.8,1,7.0,0.19265,0.28918,6.83143,8.54,3.6538,26.69,33.425,36.335,160.98556,1139.57969,4959.31776,3.62574,4.39141,4.80429,0.0921,0.09309,0.04438,-0.0585,12,39,2.25,95.0,0.0,0.55,0.5,0.52,-0.11023,-0.07205,-0.11484,-0.01398,-0.10417,-0.11612,-0.12116,0.3
1784634540,2026-07-21T11:49:00,R0,DISC,cont,1,-1.165,-1.1544,0,7.0,0.19553,0.27681,5.76714,7.20857,3.81352,26.56,32.62,35.8,148.66456,1076.22518,4909.53767,3.34802,3.95176,4.7658,0.05276,0.07642,0.04387,-0.07521,12,40,2.33333,95.0,13.0,0.55,0.5,0.52,-0.11023,-0.07205,-0.11484,-0.01398,-0.10417,-0.11612,-0.12116,0.3
1784635620,2026-07-21T12:07:00,R0,DISC,cont,1,1.941,0.8,1,7.0,0.19721,0.22218,13.86429,17.33,4.74946,25.62,31.46,35.495,135.86884,1047.95637,4844.72068,3.06663,3.87127,4.68879,0.22899,0.09679,0.04803,-0.08635,12,40,2.33333,95.0,31.0,0.55,0.5,0.52,-0.11023,-0.07205,-0.11484,-0.01398,-0.06851,-0.04977,-0.04093,0.35
1784637120,2026-07-21T12:32:00,R0,DISC,cont,1,1.5926,0.8,1,7.0,0.19724,0.17429,11.37571,14.22,6.04252,30.36,31.925,35.49,143.27699,1042.66384,4823.87968,3.21718,3.8558,4.68166,0.26928,0.09113,0.05792,-0.11421,11,40,2.63636,95.0,56.0,0.55,0.5,0.52,-0.11023,-0.07205,-0.11484,-0.01398,-0.0641,-0.09518,0.00242,0.35
1784637420,2026-07-21T12:37:00,R0,DISC,cont,1,-2.9754,-1.0227,0,7.0,0.19721,0.16372,16.62571,20.78143,6.42417,32.78,32.03,35.495,154.85359,1045.52241,4817.79889,3.50228,3.88484,4.68186,0.30337,0.0906,0.05914,-0.11978,11,41,2.72727,95.0,61.0,0.55,0.5,0.52,-0.11023,-0.07205,-0.11484,-0.01398,-0.08732,-0.12065,-0.00518,0.35
1784639700,2026-07-21T13:15:00,R0,DISC,cont,1,-3.2936,-1.0507,0,7.0,0.19813,0.19805,17.91286,22.39143,5.30644,35.17,32.42,35.33,177.59249,1060.99832,4800.31054,3.63204,3.93651,4.66372,0.25886,0.10444,0.06147,-0.10306,11,41,2.72727,95.0,99.0,0.5,0.5,0.52,-0.10575,-0.07284,-0.11484,-0.10613,0.04558,-0.11742,0.0909,0.35
1784641200,2026-07-21T13:40:00,R0,DISC,flip,-1,-3.1732,-1.0166,0,7.0,0.1971,0.11808,17.83714,22.29571,8.9391,38.72,32.78,35.515,207.41355,1113.69152,4823.1684,4.30145,4.0938,4.64055,0.19193,0.04283,0.05541,-0.12535,12,40,2.33333,124.0,0.0,0.55,0.55,0.52,-0.01537,-0.07284,-0.02216,-0.10613,0.04558,-0.11742,0.0909,0.35
1784737980,2026-07-22T16:33:00,R0,DISC,flip,1,-13.5852,-1.0008,0,7.0,0.23133,0.12653,77.56571,96.95714,8.35468,42.065,37.67,30.26,259.06837,1375.70449,4375.93963,5.36262,5.35608,4.50819,0.13434,0.032,0.01057,-0.09749,1,7,6.0,124.0,0.0,0.4,0.5,0.48,-0.11644,-0.14937,-0.11299,-0.02663,-0.04566,-0.40325,-0.3644,0.25
1784790660,2026-07-23T07:11:00,R0,DISC,flip,-1,6.9102,0.8,1,7.0,0.24134,0.13525,49.35857,61.69857,7.91662,23.665,25.93,29.005,165.07419,928.16681,4312.05166,5.24473,3.73061,4.16645,0.22212,0.10746,0.01684,-0.01393,2,4,1.0,141.0,0.0,0.4,0.45,0.48,-0.20648,-0.14932,-0.20303,-0.02663,-0.03304,-0.37679,-0.32446,0.25
1784837100,2026-07-23T20:05:00,R0,DISC,flip,1,4.2395,0.8,1,7.0,0.25036,0.17714,30.28286,37.85286,6.08874,30.41,32.625,27.96,167.03497,1059.72686,3997.32638,3.41157,3.77445,3.79548,0.06683,0.00262,0.03458,0.08078,2,8,3.0,141.0,0.0,0.45,0.5,0.5,-0.11579,-0.11316,-0.11141,-0.02663,0.00334,-0.19947,-0.34752,0.1
1784839140,2026-07-23T20:39:00,R0,DISC,flip,-1,-0.786,-1.0051,0,7.0,0.24947,0.28417,4.46857,5.58571,3.78618,27.425,30.08,28.06,152.28726,970.43434,3980.60004,3.17079,3.39783,3.79097,0.31085,0.01098,0.03241,0.10864,3,10,2.33333,141.0,0.0,0.45,0.5,0.5,-0.11579,-0.11316,-0.11141,-0.02663,0.00416,-0.19933,-0.40675,0.1
1784840880,2026-07-23T21:08:00,R0,DISC,cont,-1,1.5194,0.8,1,7.0,0.24836,0.2962,10.85286,13.56571,3.63367,22.035,28.765,28.185,110.53279,919.04933,3998.09836,2.32537,3.21117,3.79613,0.09867,0.04395,0.03306,0.08635,3,11,2.66667,141.0,29.0,0.45,0.5,0.5,-0.11579,-0.11316,-0.11141,-0.02663,-0.03745,-0.27793,-0.46483,0.05
1784856840,2026-07-24T01:34:00,R0,DISC,flip,1,-2.0914,-1.0142,0,7.0,0.25036,0.18694,11.78429,14.73,5.75445,32.545,26.32,27.96,179.45672,870.37009,3928.13125,4.18677,3.25491,3.75284,0.24522,0.0408,0.02978,-0.00836,4,14,2.5,295.0,0.0,0.45,0.55,0.52,-0.02523,-0.0772,-0.11069,-0.02663,-0.01611,-0.03168,-0.1719,0.1
1784862300,2026-07-24T03:05:00,R0,DISC,cont,1,4.1595,0.8,1,7.0,0.25148,0.20934,29.71143,37.13857,5.13363,29.625,27.055,27.835,182.76297,920.17536,3935.86953,4.03654,3.43728,3.76073,0.10903,0.00808,0.02096,0.01393,4,16,3.0,295.0,91.0,0.45,0.55,0.52,-0.02523,-0.0772,-0.11069,-0.02663,-0.02422,-0.05279,-0.24886,0.1
1784890380,2026-07-24T10:53:00,R0,DISC,flip,-1,3.9838,0.8,1,7.0,0.24092,0.2683,28.45571,35.57,4.02283,25.54,25.83,29.055,128.09217,952.98641,4103.83586,2.64524,3.5949,3.83577,0.26511,0.06687,0.0323,0.04178,4,18,3.5,418.0,0.0,0.45,0.55,0.52,-0.0256,-0.07641,-0.10985,-0.02663,0.0446,-0.00843,-0.11154,0.1
1784899800,2026-07-24T13:30:00,R0,DISC,cont,-1,3.2422,0.8,1,7.0,0.23842,0.1318,23.15857,28.94857,8.26627,42.07,29.835,29.36,262.02734,1078.93008,4140.12541,5.55077,3.96969,3.82939,0.44036,0.18983,0.02946,0.0585,6,24,3.0,295.0,56.0,0.5,0.55,0.52,-0.0256,-0.07641,-0.10985,-0.02663,-0.12919,0.06976,0.17887,0.2
1784902620,2026-07-24T14:17:00,R0,DISC,cont,-1,-6.1976,-1.0238,0,7.0,0.2385,0.09332,34.59143,43.24,11.75251,65.215,31.54,29.35,329.48087,1203.91157,4179.36721,6.80376,4.52518,3.86115,0.29058,0.20671,0.045,0.07521,6,25,3.16667,295.0,103.0,0.5,0.55,0.52,-0.0256,-0.07641,-0.10985,-0.02663,-0.13368,0.05062,0.21675,0.25
1785002460,2026-07-25T18:01:00,R0,DISC,flip,1,8.9766,0.8,1,7.0,0.47733,0.24307,64.11857,80.14857,4.48002,16.565,15.535,14.665,101.02721,476.13203,1913.85128,2.24893,1.77776,1.87687,0.21658,0.09321,0.01418,-0.01393,1,1,0.0,559.0,0.0,0.45,0.55,0.52,-0.02656,-0.07685,-0.10985,-0.02695,-0.06664,0.06791,0.31296,0.25
1785080160,2026-07-26T15:36:00,R0,DISC,cont,1,-1.919,-1.0083,0,7.0,0.50615,0.30792,10.87571,13.59429,3.51093,22.62,13.9,13.83,124.30024,506.69919,1846.6886,2.73479,2.22861,1.87758,0.19471,0.08711,0.05257,-0.15877,3,12,3.0,164.0,1067.0,0.5,0.55,0.54,-0.02656,-0.04073,-0.01321,-0.02695,-0.15963,0.05051,0.28883,0.25
1785097020,2026-07-26T20:17:00,R0,DISC,flip,-1,-2.8802,-1.0227,0,7.0,0.50072,0.54505,16.09429,20.11714,1.98798,11.51,18.835,13.98,57.75625,577.86437,1847.42455,1.34141,2.22628,1.86988,0.05961,0.00227,0.02457,-0.12291,3,12,3.0,164.0,0.0,0.45,0.5,0.54,-0.11698,-0.04025,-0.01321,-0.11736,-0.08396,0.08191,0.29209,0.25
1785105120,2026-07-26T22:32:00,R0,DISC,flip,1,3.6661,0.8,1,7.0,0.48628,0.12685,26.18571,32.73286,8.45122,39.105,17.67,14.395,237.30187,640.69544,1979.45601,6.40619,3.18385,2.26397,0.35488,0.10499,0.07456,-0.11978,2,10,4.0,164.0,0.0,0.5,0.5,0.52,-0.11596,-0.0767,-0.10434,-0.11736,-0.06117,0.07838,0.33933,0.25
1785110640,2026-07-27T00:04:00,R0,DISC,flip,-1,2.8539,0.8,1,7.0,0.45132,0.17675,20.38571,25.48143,6.07218,36.65,20.45,15.51,209.20998,800.02594,2221.03075,4.30909,3.67513,2.49601,0.0974,0.11371,0.06376,-0.11421,3,12,3.0,135.0,0.0,0.5,0.5,0.52,-0.11596,-0.0767,-0.10434,-0.11736,0.02559,-0.01534,0.25248,0.2
1785112620,2026-07-27T00:37:00,R0,DISC,cont,-1,1.9205,0.8,1,7.0,0.44304,0.15703,13.71714,17.14714,6.85261,39.535,24.615,15.8,201.75003,871.30324,2292.48951,4.25001,3.87922,2.56854,0.18448,0.07273,0.044,-0.09749,3,12,3.0,135.0,33.0,0.5,0.5,0.52,-0.11596,-0.0767,-0.01418,-0.11736,0.00064,-0.07718,-0.03082,0.15
1785116100,2026-07-27T01:35:00,R0,DISC,cont,-1,-3.1528,-1.0079,0,7.0,0.42592,0.17141,17.87429,22.34286,6.29562,33.2,29.675,16.435,201.86551,996.87417,2416.46158,4.34453,4.20517,2.69077,0.18842,0.03047,0.02827,-0.08635,3,14,3.66667,135.0,91.0,0.5,0.5,0.52,-0.11596,-0.0767,-0.01418,-0.11736,-0.08717,-0.13658,-0.17194,0.05
1785117480,2026-07-27T01:58:00,R0,DISC,flip,1,-1.6938,-1.028,0,7.0,0.41879,0.19987,9.41429,11.76857,5.37529,33.03,31.56,16.715,203.83089,1048.92853,2456.58402,4.55984,4.33353,2.73837,0.08102,0.07397,0.04591,-0.07521,4,15,2.75,114.0,0.0,0.5,0.5,0.52,-0.11596,-0.0767,-0.01418,-0.11736,-0.11043,-0.13993,-0.20554,0.05
1785119760,2026-07-27T02:36:00,R0,DISC,cont,1,2.0494,0.8,1,7.0,0.40674,0.22583,14.63857,18.29857,4.75663,32.85,33.31,17.21,185.94936,1125.96989,2523.70518,4.00662,4.49076,2.79706,0.23633,0.07785,0.04865,-0.06964,4,17,3.25,114.0,38.0,0.55,0.55,0.54,-0.01824,-0.04031,0.07588,-0.11736,-0.16741,-0.19797,-0.2983,0.05
1785134880,2026-07-27T06:48:00,R0,DISC,flip,-1,2.0514,0.8,1,7.0,0.3363,0.20659,14.65286,18.31571,5.18141,32.14,29.03,20.815,209.14264,1055.89773,2935.57875,5.22907,4.03564,3.17889,0.06755,0.03937,0.05485,-0.03621,5,23,3.6,135.0,0.0,0.6,0.55,0.54,-0.01637,-0.04006,-0.01552,-0.02646,-0.11507,-0.35999,-0.29071,0.0
1785137400,2026-07-27T07:30:00,R0,DISC,cont,-1,1.9026,0.8,1,7.0,0.32848,0.26108,13.59,16.98714,4.10841,26.67,27.86,21.31,140.09912,1016.92495,2986.66828,3.27534,3.97966,3.217,0.16438,0.04773,0.04887,-0.05292,5,25,4.0,135.0,42.0,0.6,0.55,0.54,-0.01637,-0.04006,-0.01552,-0.02646,-0.1144,-0.34633,-0.29406,0.0
1785139140,2026-07-27T07:59:00,R0,DISC,cont,-1,1.4235,0.8,1,7.0,0.32251,0.25973,10.16857,12.71,4.13569,26.985,27.65,21.705,136.00246,978.33229,3027.28919,3.04764,3.75913,3.23306,0.20447,0.00434,0.04382,-0.02507,5,27,4.4,135.0,71.0,0.6,0.55,0.54,-0.01637,-0.04006,-0.01552,-0.02646,-0.11334,-0.3585,-0.14587,0.05
1785147660,2026-07-27T10:21:00,R0,DISC,flip,1,1.8432,0.8,1,7.0,0.30082,0.25487,13.16571,16.45714,4.20759,22.43,25.595,23.27,119.94197,920.20976,3218.40248,2.51929,3.55897,3.33498,0.18477,0.01097,0.03982,-0.06964,6,31,4.16667,164.0,0.0,0.5,0.65,0.56,0.1645,-0.0014,-0.01552,0.06423,-0.15233,-0.33757,-0.06414,0.1
1785150780,2026-07-27T11:13:00,R0,DISC,flip,-1,1.0131,0.8,1,7.0,0.29443,0.26688,7.23714,9.04571,4.02315,22.705,24.885,23.775,103.76276,834.98426,3258.58521,2.23801,3.28937,3.34934,0.00933,0.02516,0.0355,-0.00279,7,33,3.71429,135.0,0.0,0.5,0.65,0.56,0.1645,-0.0014,-0.01552,0.06423,-0.13849,-0.35035,-0.14813,0.1
1785151560,2026-07-27T11:26:00,R0,DISC,cont,-1,0.6048,0.8,1,7.0,0.29185,0.2471,4.32,5.4,4.35057,22.31,24.945,23.985,106.71328,844.77891,3291.41805,2.27243,3.31082,3.36416,0.26342,0.03839,0.03131,-0.03064,7,35,4.0,135.0,13.0,0.5,0.65,0.56,0.1645,-0.0014,-0.01552,0.06423,-0.13849,-0.35035,-0.14813,0.1
1785153060,2026-07-27T11:51:00,R0,DISC,cont,-1,-2.0336,-1.0439,0,7.0,0.29064,0.32151,11.13143,13.91429,3.34648,21.76,24.885,24.085,131.06258,858.86422,3338.81803,2.8112,3.3637,3.3892,0.26362,0.04622,0.02798,-0.0195,7,36,4.14286,135.0,38.0,0.5,0.65,0.56,0.1645,-0.0014,-0.01552,0.06423,-0.08727,-0.22906,-0.001,0.15
1785154740,2026-07-27T12:19:00,R0,DISC,cont,-1,3.1232,0.8,1,7.0,0.28677,0.15564,22.30857,27.88571,6.91916,26.98,24.805,24.41,180.46783,832.32056,3387.78593,3.80576,3.03497,3.42155,0.16145,0.09575,0.0238,0.00836,7,36,4.14286,135.0,66.0,0.5,0.65,0.56,0.1645,-0.0014,-0.01552,0.06423,-0.01155,-0.15399,0.19663,0.25
1785172800,2026-07-27T17:20:00,R0,DISC,flip,1,-5.655,-1.0035,0,7.0,0.24142,0.17709,32.20143,40.25143,6.08247,41.265,48.62,28.995,242.01034,1817.39648,4458.56738,5.64904,7.25494,4.76402,0.29358,0.01832,0.01081,-0.05292,8,36,3.5,135.0,0.0,0.45,0.7,0.6,0.25327,0.06996,0.07501,0.06226,-0.09926,-0.135,0.1514,0.3
1785189660,2026-07-27T22:01:00,R0,DISC,flip,-1,6.1074,0.8,1,7.0,0.22092,0.21065,43.62429,54.53,5.14211,22.485,29.25,31.685,122.1578,962.77099,4735.70363,2.81112,3.83557,4.8209,0.31139,0.02612,0.01107,-0.13092,8,36,3.5,213.0,0.0,0.45,0.65,0.58,0.16309,0.03389,0.07512,0.06226,-0.10596,-0.14333,0.13019,0.3
1785193020,2026-07-27T22:57:00,R0,DISC,cont,-1,3.6757,0.8,1,7.0,0.22258,0.08363,26.25429,32.81857,13.12393,37.025,28.18,31.45,298.05114,1031.63478,4854.79636,8.48163,4.71294,5.02596,0.52397,0.16003,0.05003,-0.14206,7,38,4.42857,213.0,56.0,0.45,0.65,0.58,0.16309,0.03389,0.07512,0.06226,-0.09504,-0.01298,0.3304,0.35
1785257400,2026-07-28T16:50:00,R0,DISC,flip,1,-5.11,-1.0019,0,7.0,0.22103,0.15849,29.14571,36.43143,6.91276,41.43,43.395,31.67,219.71789,1579.0613,4688.22013,4.53448,6.3384,4.87449,0.07859,0.041,0.03062,-0.0585,7,19,1.71429,213.0,90.0,0.5,0.7,0.6,0.25428,0.07026,0.16545,0.06226,0.18589,0.24866,0.66259,0.3
1785313380,2026-07-29T08:23:00,R0,DISC,flip,-1,-1.4054,-1.0095,0,7.0,0.20692,0.25337,7.95571,9.94429,4.29983,23.93,30.78,33.83,130.57693,1010.89889,4705.26732,2.76332,3.67032,4.64042,0.1585,0.07336,0.02869,-0.01393,5,17,2.4,258.0,0.0,0.5,0.65,0.58,0.16419,0.03422,0.07536,0.06226,0.13566,-0.18022,-0.12152,0.25
1785317880,2026-07-29T09:38:00,R0,DISC,flip,1,3.2266,0.8,1,7.0,0.20612,0.24401,23.04714,28.80857,4.44874,23.27,27.645,33.96,156.57285,933.04636,4726.41157,3.49491,3.45052,4.66454,0.23527,0.12311,0.03361,-0.05292,6,18,2.0,258.0,0.0,0.5,0.65,0.58,0.16419,0.03422,0.07536,0.06226,0.10502,-0.25337,-0.27872,0.25
1785319020,2026-07-29T09:57:00,R0,DISC,cont,1,-4.2406,-1.0053,0,7.0,0.20483,0.17802,24.10571,30.13143,6.08276,27.675,27.96,34.175,181.6425,964.18617,4750.46838,3.87866,3.57781,4.68735,0.25898,0.15983,0.04368,-0.04178,5,18,2.6,258.0,19.0,0.5,0.65,0.58,0.16419,0.03422,0.07536,0.06226,0.10502,-0.25337,-0.27872,0.25
1785325140,2026-07-29T11:39:00,R0,DISC,flip,-1,2.8302,0.8,1,7.0,0.20836,0.27534,20.21571,25.27,3.95122,26.335,25.33,33.595,187.30727,922.1336,4764.04245,4.09143,3.4303,4.66718,0.12857,0.06684,0.03032,-0.06407,4,14,2.5,187.0,0.0,0.55,0.7,0.6,0.25526,0.07052,-0.01511,0.06226,-0.06553,-0.42893,-0.37798,0.15
1785329460,2026-07-29T12:51:00,R0,DISC,cont,-1,1.017,0.8,1,7.0,0.20955,0.27319,7.26429,9.08,3.99037,29.055,24.875,33.405,156.76103,911.29894,4739.71353,3.394,3.37254,4.63989,0.20375,0.02069,0.02469,-0.07521,4,16,3.0,187.0,72.0,0.5,0.65,0.6,0.165,0.07053,-0.01511,0.06415,-0.03753,-0.41128,-0.34609,0.15
1785331020,2026-07-29T13:17:00,R0,DISC,cont,-1,-2.616,-1.0451,0,7.0,0.20896,0.18288,14.30429,17.88,5.9687,30.4,25.475,33.5,155.03243,943.69062,4755.1209,3.40455,3.47392,4.64395,0.11971,0.03976,0.02405,-0.0585,4,17,3.25,187.0,98.0,0.5,0.65,0.6,0.165,0.07053,-0.01511,0.06415,-0.03753,-0.41128,-0.34609,0.15
1785332520,2026-07-29T13:42:00,R0,DISC,flip,1,4.5454,0.8,1,7.0,0.20775,0.0812,32.46714,40.58429,13.39719,36.43,27.645,33.695,254.26625,1046.55378,4733.46411,6.16543,4.06783,4.62022,0.07764,0.00506,0.04727,-0.09192,5,16,2.2,123.0,0.0,0.5,0.65,0.6,0.165,0.07053,0.07572,0.06415,-0.07017,-0.33958,-0.24325,0.2
1785333540,2026-07-29T13:59:00,R0,DISC,cont,1,-7.4206,-1.0008,0,7.0,0.20775,0.0731,42.37143,52.96429,14.82452,60.645,29.1,33.695,368.73519,1161.20365,4760.20005,8.42089,4.73208,4.66948,0.1637,0.01413,0.05086,-0.09749,5,17,2.4,123.0,17.0,0.5,0.65,0.6,0.165,0.07053,0.07572,0.06415,-0.03154,-0.32809,-0.27764,0.2
1785335100,2026-07-29T14:25:00,R0,DISC,flip,-1,3.1208,0.8,1,7.0,0.20735,0.08694,22.29143,27.86429,12.55417,76.63,30.24,33.76,444.34479,1257.8595,4769.20683,9.34602,5.03159,4.63022,0.00797,0.01086,0.03365,-0.10864,6,18,2.0,121.0,0.0,0.5,0.65,0.6,0.165,0.07053,0.07572,0.06415,0.06363,-0.14385,-0.30858,0.2
1785338280,2026-07-29T15:18:00,R0,DISC,cont,-1,3.4507,0.8,1,7.0,0.2075,0.12554,24.64857,30.81,8.71778,61.08,35.885,33.735,317.60351,1402.83354,4805.446,6.61087,5.45892,4.63933,0.12937,0.04856,0.02015,-0.13649,6,20,2.33333,121.0,53.0,0.5,0.65,0.6,0.16314,0.06976,0.07572,0.06962,-0.02483,-0.14066,-0.26596,0.15
1785375900,2026-07-30T01:45:00,R0,DISC,flip,1,8.1654,0.8,1,7.0,0.17898,0.14813,58.32429,72.90571,7.38128,40.315,41.78,39.11,240.4753,1501.32861,5726.11804,5.18663,5.67923,5.54637,0.25088,0.03617,0.00818,-0.07521,6,22,2.66667,121.0,0.0,0.5,0.65,0.6,0.16451,0.06984,0.16576,0.07072,-0.14011,-0.21248,-0.28534,0.15
1785463260,2026-07-31T02:01:00,R0,DISC,flip,-1,2.1699,0.8,1,7.0,0.23818,0.10653,15.5,19.37429,10.19389,55.695,27.955,29.39,329.16338,1075.55941,4065.14759,7.5495,4.45594,3.98597,0.16913,0.05782,0.01062,-0.02793,3,19,5.33333,123.0,0.0,0.55,0.65,0.6,0.16451,0.06984,0.16576,0.07072,-0.1729,-0.0855,-0.05283,0.2
1785464940,2026-07-31T02:29:00,R0,DISC,cont,-1,1.5587,0.8,1,7.0,0.23826,0.16671,11.13429,13.91714,6.53066,47.765,30.095,29.38,250.16386,1122.18101,4089.48282,4.84071,4.56284,4.00103,0.51156,0.06095,0.00113,-0.00559,3,20,5.66667,123.0,28.0,0.55,0.65,0.6,0.16451,0.06984,0.16576,0.07072,-0.1729,-0.0855,-0.05283,0.2
1785495120,2026-07-31T10:52:00,R0,DISC,flip,1,0.7211,0.8,1,7.0,0.24255,0.30595,5.15143,6.43857,3.58305,22.285,26.26,28.86,130.75709,903.20179,4159.73839,2.82704,3.33236,4.02938,0.23666,0.0655,0.0241,-0.06964,2,16,7.0,123.0,0.0,0.5,0.65,0.62,0.16451,0.1067,0.25601,0.16325,-0.19223,0.16944,0.31341,0.4
1785497460,2026-07-31T11:31:00,R0,DISC,flip,-1,1.4648,0.8,1,7.0,0.24167,0.25722,10.46286,13.07857,4.26483,21.405,26.425,28.965,122.36304,901.92182,4170.03791,2.5519,3.30136,4.03146,0.06556,0.08048,0.02566,-0.03064,3,17,4.66667,123.0,0.0,0.5,0.65,0.62,0.16451,0.1067,0.25601,0.16325,-0.1617,0.14274,0.19636,0.4
1785499020,2026-07-31T11:57:00,R0,DISC,cont,-1,0.9272,0.8,1,7.0,0.24331,0.348,6.62286,8.27857,3.15623,21.405,26.335,28.77,133.64734,907.29715,4136.37222,2.68931,3.3053,3.95327,0.15313,0.09607,0.03739,-0.03621,3,19,5.33333,123.0,26.0,0.5,0.65,0.62,0.16451,0.1067,0.25601,0.16325,-0.1617,0.14274,0.19636,0.4
1785500340,2026-07-31T12:19:00,R0,DISC,cont,-1,-0.4492,-1.0085,0,7.0,0.24618,0.31707,2.54571,3.18143,3.46924,21.05,26.505,28.435,118.13904,910.83818,4117.79144,2.39095,3.30959,3.9378,0.27843,0.11751,0.04552,-0.06407,3,20,5.66667,123.0,48.0,0.5,0.65,0.62,0.16451,0.1067,0.25601,0.16325,-0.13216,0.17154,0.36097,0.45
1785500880,2026-07-31T12:28:00,R0,DISC,flip,1,-0.9456,-1.0316,0,7.0,0.2467,0.29679,5.23714,6.54714,3.70257,20.435,26.585,28.375,122.29319,921.27582,4098.23486,2.53605,3.33707,3.92704,0.21881,0.10648,0.04228,-0.04735,4,21,4.25,123.0,0.0,0.5,0.65,0.62,0.16451,0.1067,0.25601,0.16325,-0.08699,0.26742,0.40925,0.5
1785501720,2026-07-31T12:42:00,R0,DISC,flip,-1,-1.7812,-1.0241,0,7.0,0.24618,0.16433,9.93857,12.42286,6.70102,24.845,26.545,28.435,136.02332,901.5773,4117.21232,2.9389,3.23816,3.93325,0.27227,0.1155,0.04658,-0.04178,5,22,3.4,71.0,0.0,0.5,0.65,0.62,0.16451,0.1067,0.25601,0.16325,-0.08699,0.26742,0.40925,0.5
1785503700,2026-07-31T13:15:00,R0,DISC,flip,1,-1.9136,-1.0333,0,7.0,0.2467,0.25071,10.58286,13.22857,4.38122,27.985,26.055,28.375,163.28093,874.19698,4113.54,3.48915,3.12742,3.94258,0.0804,0.04659,0.0387,-0.04178,6,23,2.83333,71.0,0.0,0.55,0.65,0.64,0.1645,0.14579,0.34672,0.16325,-0.26481,0.18379,0.35252,0.45
1785505260,2026-07-31T13:41:00,R0,DISC,flip,-1,4.1008,0.8,1,7.0,0.24657,0.07496,29.29143,36.61429,14.71929,28.96,26.295,28.39,231.26587,958.37006,4194.92271,5.48953,3.61186,4.03424,0.10954,0.07345,0.04754,-0.05292,7,25,2.57143,57.0,0.0,0.6,0.7,0.64,0.2567,0.14579,0.34672,0.16325,-0.26481,0.18379,0.35252,0.45
1785645180,2026-08-02T04:33:00,R0,CHECK,flip,1,-4.8968,-1.0008,0,7.0,0.49558,0.41025,27.95857,34.94857,2.68733,16.445,17.89,14.125,84.03206,749.37293,2317.9447,1.85486,3.79564,2.84708,0.18534,0.14734,0.035,-0.06407,1,2,1.0,57.0,0.0,0.6,0.65,0.64,0.16257,0.14565,0.1634,0.07282,-0.30005,-0.09308,-0.14577,0.3
1785661320,2026-08-02T09:02:00,R0,CHECK,flip,-1,-1.6192,-1.0242,0,7.0,0.4717,0.34612,9.03429,11.29286,3.20586,17.495,14.445,14.84,113.95509,523.24168,2419.77301,2.58961,2.17005,2.89601,0.48012,0.09135,0.00184,-0.05028,4,7,0.75,42.0,0.0,0.6,0.6,0.62,0.07252,0.10963,0.16476,0.07282,-0.25086,-0.25729,-0.23885,0.35
1785662640,2026-08-02T09:24:00,R0,CHECK,flip,1,-0.8606,-1.0127,0,7.0,0.46667,0.34436,4.85571,6.07,3.21514,21.565,14.15,15.0,146.76366,512.26199,2445.57651,3.32016,2.08049,2.92101,0.18312,0.07004,0.01103,-0.05587,5,8,0.6,42.0,0.0,0.6,0.6,0.62,0.07252,0.10963,0.16476,0.07282,-0.25086,-0.25729,-0.23885,0.35
1785665460,2026-08-02T10:11:00,R0,CHECK,flip,-1,1.6533,0.8,1,7.0,0.44944,0.38101,11.80857,14.76143,2.90956,18.38,14.405,15.575,97.50229,518.88092,2475.49575,2.17879,2.10256,2.93528,0.11901,0.09339,0.01263,-0.08123,6,9,0.5,42.0,0.0,0.6,0.6,0.62,0.07252,0.10963,0.16476,0.07282,-0.30557,-0.33231,-0.30326,0.3
1785670980,2026-08-02T11:43:00,R0,CHECK,cont,-1,1.7382,0.8,1,7.0,0.42605,0.24696,12.41571,15.52,4.49618,18.3,15.245,16.43,105.37673,539.61002,2546.9454,2.38107,2.16027,2.97133,0.14174,0.0994,0.00205,-0.09804,6,11,0.83333,42.0,92.0,0.65,0.55,0.6,-0.01906,0.073,-0.01708,0.07282,-0.3184,-0.26714,-0.22239,0.3
1785688920,2026-08-02T16:42:00,R0,CHECK,flip,1,4.0947,0.8,1,7.0,0.37204,0.23551,29.24857,36.56,4.70411,19.655,19.305,18.815,104.8568,628.64861,2820.19255,2.24534,2.34767,3.10912,0.15773,0.014,0.01422,-0.06964,7,13,0.85714,47.0,0.0,0.7,0.6,0.62,0.0732,0.10928,-0.01708,0.07282,-0.28335,-0.28049,-0.44334,0.2
1785719580,2026-08-03T01:13:00,R0,CHECK,flip,-1,3.4437,0.8,1,7.0,0.35407,0.15545,24.59714,30.74714,7.13502,31.265,25.755,19.77,189.53666,981.80612,3013.63076,4.4825,4.16168,3.404,0.18729,0.03058,0.01194,-0.07263,8,15,0.875,85.0,0.0,0.7,0.6,0.62,0.0732,0.10928,0.07309,0.07282,-0.32464,-0.52615,-0.69517,0.1
1785749580,2026-08-03T09:33:00,R0,CHECK,flip,1,1.4376,0.8,1,7.0,0.31167,0.26235,10.26857,12.83571,4.26196,22.8,25.675,22.46,138.66118,919.63444,3324.91157,3.02266,3.78754,3.48494,0.44053,0.06517,0.03094,-0.06964,4,18,3.5,139.0,0.0,0.75,0.65,0.62,0.16323,0.10928,0.07309,0.07282,0.36636,0.27765,0.17597,0.3
1785755280,2026-08-03T11:08:00,R0,CHECK,flip,-1,-4.0082,-1.0015,0,7.0,0.30088,0.17888,22.86857,28.58571,6.26129,27.87,25.645,23.265,163.55134,884.52029,3446.50945,3.58268,3.27632,3.56345,0.19248,0.04414,0.02885,-0.06407,4,18,3.5,95.0,0.0,0.75,0.65,0.62,0.16323,0.10928,0.07309,0.07282,0.36666,0.49351,0.41115,0.4
1785758160,2026-08-03T11:56:00,R0,CHECK,cont,-1,-4.4044,-1.0039,0,7.0,0.30251,0.22844,25.07,31.33714,4.90511,26.635,25.885,23.14,179.44356,903.25274,3441.54566,3.84888,3.33947,3.56158,0.15319,0.04814,0.02238,-0.06964,4,17,3.25,95.0,48.0,0.75,0.65,0.64,0.16323,0.14576,0.16319,0.07282,0.43152,0.46874,0.38731,0.4
1785764940,2026-08-03T13:49:00,R0,CHECK,flip,1,6.9606,0.8,1,7.0,0.28896,0.0822,49.71857,62.14857,13.53991,42.775,27.41,24.225,298.58344,1096.73396,3664.88515,6.59003,4.29098,3.83805,0.13185,0.04833,0.00681,-0.09749,5,19,2.8,139.0,0.0,0.8,0.6,0.62,0.07316,0.10973,0.16358,0.07282,0.4187,0.39136,0.30459,0.4
1785766560,2026-08-03T14:16:00,R0,CHECK,cont,1,5.395,0.8,1,7.0,0.28525,0.08947,38.53571,48.17,12.34062,75.67,29.36,24.54,420.35704,1189.92643,3768.4784,8.39812,4.76551,4.00148,0.25909,0.12824,0.01471,-0.09192,5,20,3.0,139.0,27.0,0.75,0.55,0.62,-0.01704,0.10981,0.16358,0.07381,0.4187,0.39136,0.30459,0.4
1785768840,2026-08-03T14:54:00,R0,CHECK,cont,1,-4.7632,-1.0005,0,7.0,0.27603,0.09593,27.20571,34.00714,11.436,85.245,31.595,25.36,463.80668,1385.94546,4000.1304,9.36744,5.55525,4.29932,0.24179,0.15913,0.03174,-0.09192,5,22,3.4,139.0,65.0,0.75,0.55,0.62,-0.01704,0.10981,0.16358,0.07381,0.38456,0.44182,0.4791,0.5
1785794040,2026-08-03T21:54:00,R0,CHECK,flip,-1,0.9384,0.8,1,7.0,0.23545,0.28322,6.70286,8.37857,3.88907,21.115,30.445,29.73,134.70584,1067.57148,4549.51637,2.8346,3.95992,4.54544,0.20638,0.01834,0.00047,-0.0585,5,21,3.2,161.0,0.0,0.7,0.5,0.62,-0.10706,0.11026,0.16358,0.07421,0.45334,0.49727,0.52326,0.55
1785794520,2026-08-03T22:02:00,R0,CHECK,cont,-1,1.6317,0.8,1,7.0,0.23593,0.19778,11.65429,14.56857,5.578,23.28,29.995,29.67,146.40664,1054.97633,4553.47693,3.28981,3.90245,4.54217,0.24711,0.04562,0.00698,-0.05292,5,22,3.4,161.0,8.0,0.7,0.5,0.62,-0.10706,0.11026,0.16358,0.07421,0.45334,0.49727,0.52326,0.55
1785806280,2026-08-04T01:18:00,R0,CHECK,flip,1,1.3528,0.8,1,7.0,0.23932,0.17041,9.66286,12.07857,6.4759,34.42,26.935,29.25,216.61405,1005.83644,4517.74603,4.62237,3.72807,4.49802,0.05429,0.0716,0.01112,-0.09749,4,25,5.25,161.0,204.0,0.7,0.5,0.64,-0.10706,0.14642,0.16358,0.1646,0.14819,0.31229,0.16634,0.45
1785807000,2026-08-04T01:30:00,R0,CHECK,cont,1,2.1667,0.8,1,7.0,0.23923,0.16369,15.47714,19.34571,6.73206,35.115,27.015,29.26,221.42577,1024.90393,4500.12846,4.74538,3.79713,4.475,0.12019,0.06386,0.01258,-0.08078,5,27,4.4,205.0,11.0,0.7,0.5,0.64,-0.10706,0.14642,0.16358,0.1646,0.09964,0.23449,0.0626,0.4
1785810960,2026-08-04T02:36:00,R0,CHECK,cont,1,-5.0268,-1.0072,0,7.0,0.23625,0.15249,28.51857,35.64857,7.18851,36.53,27.855,29.63,263.87776,1136.35908,4625.81769,6.22654,4.44128,4.63362,0.1512,0.0033,0.02607,-0.13092,5,27,4.4,205.0,77.0,0.7,0.5,0.64,-0.10706,0.14642,0.16358,0.1646,0.10056,0.4819,0.36146,0.5
1785838500,2026-08-04T10:15:00,R0,CHECK,flip,-1,-6.0686,-1.0025,0,7.0,0.24301,0.32487,34.59,43.23714,3.39897,14.755,21.755,28.805,104.26526,799.31545,4577.4084,2.49758,3.09846,4.52233,0.17001,0.0663,0.02372,-0.0195,5,19,2.8,391.0,0.0,0.65,0.6,0.64,0.07579,0.14683,0.16358,0.07424,0.05191,0.32209,0.25849,0.4
1785843840,2026-08-04T11:44:00,R0,CHECK,flip,1,2.6342,0.8,1,7.0,0.24134,0.17793,18.81571,23.52,6.16631,30.46,22.13,29.005,228.31331,860.03216,4630.67813,4.81036,3.37772,4.59237,0.14718,5e-05,0.04028,-0.03064,5,19,2.8,391.0,0.0,0.65,0.6,0.64,0.07579,0.14683,0.16358,0.07424,0.06419,0.28721,0.15368,0.35
1785847080,2026-08-04T12:38:00,R0,CHECK,cont,1,-4.247,-1.0002,0,7.0,0.24322,0.17564,24.26286,30.32857,6.23489,28.08,22.95,28.78,193.84934,919.69275,4631.70832,4.14788,3.56475,4.59288,0.20138,0.04219,0.04712,-0.08635,5,18,2.6,391.0,54.0,0.65,0.6,0.62,0.07733,0.11078,0.07346,0.07424,0.05774,0.21232,0.07058,0.3
1785964980,2026-08-05T21:23:00,R0,CHECK,flip,-1,2.0338,0.8,1,7.0,0.25112,0.25893,14.52714,18.15857,4.1829,20.855,30.44,27.875,142.20829,972.42403,4132.3337,3.07317,3.65281,4.09892,0.30375,0.02989,0.01508,-0.00836,1,9,8.0,485.0,0.0,0.6,0.6,0.6,0.07736,0.07478,0.07346,-0.01577,-0.1,-0.01082,-0.12925,0.1
1785980760,2026-08-06T01:46:00,R0,CHECK,flip,1,-1.4184,-1.0078,0,7.0,0.26261,0.24255,8.04286,10.05286,4.47076,24.3,23.29,26.655,137.37123,812.31463,4018.20711,2.84799,3.05229,3.96124,0.01602,0.05328,0.01499,-0.04178,2,13,5.5,263.0,0.0,0.6,0.65,0.6,0.16857,0.07478,0.07346,-0.01577,-0.096,-0.07913,-0.22031,0.05
1785982560,2026-08-06T02:16:00,R0,CHECK,flip,-1,1.9694,0.8,1,7.0,0.264,0.18968,14.06714,17.58429,5.72389,25.035,23.175,26.515,141.46562,825.06281,3994.16592,3.30107,3.13313,3.94276,0.05718,0.07046,0.00464,-0.0585,3,14,3.66667,205.0,0.0,0.6,0.65,0.6,0.16857,0.07478,0.07346,-0.01577,-0.03505,-0.25616,-0.48623,0.0
1785992460,2026-08-06T05:01:00,R0,CHECK,flip,1,2.2933,0.8,1,7.0,0.26928,0.33134,16.38,20.47571,3.2651,22.1,22.495,25.995,132.08673,782.46685,3880.39633,2.60618,2.85869,3.82981,0.28258,0.03365,0.02212,-0.00279,4,15,2.75,205.0,0.0,0.6,0.65,0.6,0.16881,0.0755,-0.01693,-0.01577,-0.01169,-0.25058,-0.45401,0.0
1786011000,2026-08-06T10:10:00,R0,CHECK,flip,-1,1.8859,0.8,1,7.0,0.27153,0.27925,13.47143,16.83857,3.88458,19.305,21.875,25.78,131.83046,789.61907,3860.35455,3.22815,2.98037,3.83062,0.2505,0.00862,0.0185,-0.03352,4,15,2.75,205.0,309.0,0.65,0.65,0.6,0.16881,0.0755,0.07465,-0.01577,0.00354,-0.19428,-0.37992,0.05
1786018080,2026-08-06T12:08:00,R0,CHECK,cont,-1,2.7629,0.8,1,7.0,0.27767,0.25157,19.73429,24.66857,4.31955,17.66,19.475,25.21,103.41809,700.27335,3791.78812,2.567,2.62492,3.77975,0.09364,0.0809,0.01408,0.02235,5,17,2.4,263.0,66.0,0.65,0.65,0.6,0.16881,0.0755,0.07465,-0.01577,0.03487,-0.20179,-0.40444,0.05
1786026120,2026-08-06T14:22:00,R0,CHECK,flip,1,-3.2884,-1.0044,0,7.0,0.28209,0.12742,18.70857,23.38571,8.51823,54.685,23.28,24.815,242.60547,865.1184,3578.52097,5.20932,3.39113,3.46155,0.20386,0.0467,0.00519,-0.07821,8,20,1.5,94.0,0.0,0.6,0.65,0.62,0.16881,0.11157,0.16586,-0.01577,0.0222,-0.01515,-0.31634,0.1
1786026960,2026-08-06T14:36:00,R0,CHECK,cont,1,4.3197,0.8,1,7.0,0.28209,0.11924,30.85429,38.56857,9.09542,55.33,23.725,24.815,260.37982,902.53188,3567.30208,5.58087,3.58659,3.44541,0.19221,0.04603,0.01019,-0.07821,8,21,1.625,94.0,14.0,0.6,0.65,0.62,0.16881,0.11157,0.16586,-0.01577,0.0222,-0.01515,-0.31634,0.1
1786028760,2026-08-06T15:06:00,R0,CHECK,cont,1,-4.2768,-1.009,0,7.0,0.28209,0.13369,24.22143,30.27714,8.07994,50.42,27.03,24.815,276.90061,982.26602,3559.99752,6.34057,4.01679,3.48303,0.22032,0.00336,0.01393,-0.10056,8,22,1.75,94.0,44.0,0.6,0.65,0.62,0.16881,0.11157,0.16586,-0.01577,-0.01025,0.02054,-0.19812,0.2
1786033560,2026-08-06T16:26:00,R0,CHECK,flip,-1,-2.2806,-1.0135,0,7.0,0.28277,0.16769,12.85857,16.07286,6.4683,42.535,34.83,24.755,205.20645,1094.28411,3533.481,4.48135,4.33214,3.4196,0.13943,0.01001,0.00464,-0.06407,9,23,1.55556,124.0,0.0,0.6,0.6,0.6,0.07859,0.07548,0.1673,-0.01577,0.04982,0.01821,-0.20133,0.2
1786035120,2026-08-06T16:52:00,R0,CHECK,flip,1,-2.4518,-1.0086,0,7.0,0.28277,0.19172,13.89143,17.36429,5.64256,40.945,37.385,24.755,217.92356,1144.27524,3540.64622,4.41621,4.4303,3.42949,0.00994,0.01853,0.00613,-0.05292,10,24,1.4,94.0,0.0,0.55,0.65,0.62,0.16867,0.11152,0.1673,0.07643,0.04982,0.01821,-0.20133,0.2
1786039320,2026-08-06T18:02:00,R0,CHECK,cont,-1,1.9206,0.8,1,7.0,0.28438,0.27458,13.71857,17.14857,3.95406,26.98,38.59,24.615,152.29761,1198.66918,3558.43915,3.09309,4.51716,3.43286,0.27834,0.00017,0.00887,-0.09749,11,26,1.36364,88.0,30.0,0.55,0.65,0.62,0.16842,0.11153,0.1673,-0.01402,0.06306,-0.01747,-0.24791,0.25
1786042320,2026-08-06T18:52:00,R0,CHECK,flip,-1,-1.2164,-1.0133,0,7.0,0.28659,0.32885,6.86,8.57429,3.30868,24.79,38.715,24.425,124.65676,1203.59568,3516.63152,2.56406,4.50058,3.38628,0.31357,0.00983,0.01631,-0.07521,13,27,1.07692,48.0,0.0,0.6,0.55,0.6,-0.01269,0.07519,0.07624,-0.01402,-0.00085,-0.19469,-0.30819,0.25
1786044780,2026-08-06T19:33:00,R0,CHECK,cont,-1,-1.6266,-1.0211,0,7.0,0.28689,0.25104,9.10286,11.37857,4.33566,20.42,35.59,24.4,93.73962,1142.2298,3502.25051,2.03986,4.34648,3.37122,0.14929,0.02666,0.02395,-0.09749,13,27,1.07692,48.0,41.0,0.6,0.55,0.6,-0.01269,0.07519,0.07624,-0.01402,-0.07638,-0.18948,-0.23014,0.25
1786064580,2026-08-07T01:03:00,R0,CHECK,flip,1,-4.1076,-1.0064,0,7.0,0.29636,0.19716,23.32286,29.15429,5.51371,26.995,19.69,23.62,180.95562,685.60623,3404.8107,3.82631,2.5679,3.28992,0.08792,0.00421,0.00798,-0.12535,13,30,1.30769,48.0,0.0,0.6,0.5,0.58,-0.10438,0.03941,0.07678,-0.01481,-0.16705,-0.22956,-0.28172,0.25
1786077900,2026-08-07T04:45:00,R0,CHECK,flip,-1,-3.0148,-1.0008,0,7.0,0.28502,0.31917,17.21429,21.51714,3.41822,20.565,24.965,24.56,114.24448,870.95402,3485.09407,2.4512,3.31439,3.3675,0.14111,0.02682,0.0183,-0.00279,12,28,1.33333,48.0,0.0,0.6,0.45,0.56,-0.1947,0.00328,0.0771,-0.01481,-0.19947,-0.53537,-0.57774,0.15
1786083240,2026-08-07T06:14:00,R0,CHECK,flip,1,-2.189,-1.012,0,7.0,0.28884,0.28724,12.36,15.45,3.78715,20.74,25.27,24.235,120.36365,900.50127,3432.14115,2.49232,3.36976,3.31224,0.21385,0.01996,0.01706,-0.00836,12,30,1.5,63.0,26.0,0.6,0.45,0.56,-0.1947,0.00328,0.0771,-0.01481,-0.21508,-0.55789,-0.65739,0.1
1786085220,2026-08-07T06:47:00,R0,CHECK,flip,-1,0.8909,0.8,1,7.0,0.28525,0.28414,6.36286,7.95429,3.83333,23.03,25.185,24.54,141.66338,879.465,3447.94556,2.82883,3.27731,3.31901,0.03744,0.00711,0.02222,-0.03621,13,32,1.46154,59.0,0.0,0.65,0.4,0.56,-0.28474,0.00328,-0.01294,-0.01481,-0.15793,-0.4666,-0.51827,0.15
1786086000,2026-08-07T07:00:00,R0,CHECK,cont,-1,-1.2098,-1.0185,0,7.0,0.28461,0.25347,6.78714,8.48429,4.30018,22.57,25.22,24.595,136.28701,864.60846,3461.37515,2.76977,3.21979,3.32577,0.0754,0.01946,0.02468,-0.04735,13,33,1.53846,59.0,13.0,0.65,0.4,0.56,-0.28474,0.00328,-0.01294,-0.01481,-0.16332,-0.53263,-0.59168,0.15
1786087260,2026-08-07T07:21:00,R0,CHECK,flip,1,-2.0738,-1.0386,0,7.0,0.28884,0.28067,11.41,14.26286,3.8749,20.335,23.89,24.235,126.50096,828.73338,3450.124,2.90886,3.14853,3.33243,0.01118,0.01292,0.02278,-0.04178,14,34,1.42857,48.0,0.0,0.65,0.4,0.56,-0.28474,0.00328,-0.01294,-0.01481,-0.15222,-0.42387,-0.54887,0.15
1786091160,2026-08-07T08:26:00,R0,CHECK,cont,1,2.4242,0.8,1,7.0,0.29094,0.30919,17.31571,21.64429,3.51603,17.06,21.605,24.06,85.08053,739.25203,3423.87324,1.76652,2.79344,3.3216,0.08097,0.02226,0.01809,-0.04178,14,35,1.5,48.0,65.0,0.7,0.4,0.54,-0.28498,-0.03296,-0.10355,-0.01481,-0.23455,-0.53061,-0.76824,0.1
1786092120,2026-08-07T08:42:00,R0,CHECK,cont,1,2.7995,0.8,1,7.0,0.2892,0.22622,19.99714,24.99571,4.79334,18.63,21.17,24.205,112.60521,736.39605,3433.25766,2.63876,2.77353,3.34286,0.33997,0.04819,0.01143,-0.00279,14,36,1.57143,48.0,81.0,0.7,0.4,0.54,-0.28498,-0.03296,-0.10355,-0.01481,-0.23455,-0.53061,-0.76824,0.1
1786094460,2026-08-07T09:21:00,R0,CHECK,cont,1,0.9907,0.8,1,7.0,0.28848,0.21362,7.07714,8.84571,5.06205,26.61,21.685,24.265,153.32012,742.55444,3433.70484,3.39518,2.78138,3.35371,0.3765,0.09645,0.00153,-0.03064,14,38,1.71429,48.0,120.0,0.7,0.4,0.5,-0.2877,-0.1061,-0.19547,-0.10574,-0.14771,-0.29692,-0.54028,0.2
1786121940,2026-08-07T16:59:00,R0,CHECK,flip,-1,-9.5456,-1.0054,0,7.0,0.2744,0.24706,54.25571,67.82,4.37564,30.71,40.78,25.51,148.04027,1420.67264,3733.94357,3.21574,5.29902,3.66486,0.11509,0.01027,0.00286,-0.03064,9,31,2.44444,59.0,0.0,0.55,0.45,0.5,-0.19731,-0.1061,-0.19547,0.07655,0.03792,-0.05195,-0.18809,0.3
1786317660,2026-08-09T23:21:00,R0,CHECK,flip,-1,2.3154,0.8,1,7.0,0.71066,0.19796,16.53857,20.67286,5.44713,31.235,11.76,9.85,168.62976,477.50807,1414.26221,3.44021,2.32323,1.67994,0.29731,0.08077,0.00056,-0.09497,3,12,3.0,287.0,0.0,0.55,0.4,0.48,-0.28757,-0.14221,-0.19566,0.07655,0.09189,0.13053,0.07255,0.3
1786347120,2026-08-10T07:32:00,R0,CHECK,flip,1,-10.0962,-1.0038,0,7.0,0.46068,0.33258,57.47429,71.84286,3.22472,20.405,24.41,15.195,99.32522,883.12119,2360.7842,2.14981,3.40128,2.65563,0.20389,0.05862,0.03161,-0.05292,2,10,4.0,287.0,491.0,0.55,0.4,0.5,-0.28757,-0.10604,-0.19566,0.07655,0.09403,0.1664,0.14815,0.25
1786371240,2026-08-10T14:14:00,R0,CHECK,flip,1,2.1054,0.8,1,7.0,0.34671,0.14927,15.03857,18.79857,7.25091,39.93,24.385,20.19,266.71419,847.98904,2946.04147,6.33695,3.52691,3.11397,0.09148,0.0971,0.02681,-0.04178,4,15,2.75,332.0,0.0,0.6,0.35,0.5,-0.37776,-0.10548,-0.28585,0.07655,0.10952,0.29963,0.48018,0.3
1786372500,2026-08-10T14:35:00,R0,CHECK,cont,1,-1.9676,-1.0268,0,7.0,0.34072,0.19287,10.95,13.68714,5.6026,41.21,25.23,20.545,239.15908,867.35725,2984.14894,5.06011,3.57574,3.1417,0.06315,0.07997,0.01898,-0.05292,4,17,3.25,332.0,21.0,0.6,0.35,0.5,-0.37776,-0.10548,-0.28585,0.07655,0.03214,0.2571,0.39552,0.3
1786374720,2026-08-10T15:12:00,R0,CHECK,flip,-1,2.4435,0.8,1,7.0,0.32933,0.16491,17.45429,21.81714,6.5803,38.475,27.315,21.255,218.96622,944.46196,3082.10164,4.62462,3.86004,3.22635,0.08433,0.10881,0.03469,-0.09192,5,17,2.4,332.0,0.0,0.6,0.35,0.5,-0.37776,-0.10548,-0.28585,0.07655,-0.02437,0.2346,0.27026,0.3
1786376160,2026-08-10T15:36:00,R0,CHECK,cont,-1,1.8883,0.8,1,7.0,0.32265,0.1473,13.48857,16.86,7.39773,39.935,28.775,21.695,237.43171,1007.54789,3180.11315,5.09444,4.07756,3.30225,0.3345,0.12329,0.04623,-0.06964,5,19,2.8,332.0,24.0,0.6,0.35,0.5,-0.37776,-0.10548,-0.28585,0.07655,-0.02437,0.2346,0.27026,0.3
1786377180,2026-08-10T15:53:00,R0,CHECK,cont,-1,-2.0246,-1.0115,0,7.0,0.31517,0.15013,11.43714,14.29714,7.2676,40.54,28.985,22.21,232.43217,1040.14161,3238.2012,5.15254,4.20054,3.34722,0.31351,0.11279,0.04896,-0.05292,5,21,3.2,332.0,41.0,0.6,0.35,0.5,-0.37776,-0.10548,-0.28585,0.07655,0.07571,0.52084,0.55774,0.35
1786378500,2026-08-10T16:15:00,R0,CHECK,cont,-1,2.7402,0.8,1,7.0,0.30803,0.16054,19.57286,24.46571,6.8007,40.585,30.275,22.725,220.48358,1077.35563,3287.60032,4.72493,4.29346,3.37843,0.31961,0.12444,0.05039,-0.04735,5,22,3.4,332.0,63.0,0.6,0.4,0.52,-0.28754,-0.069,-0.28585,0.07655,-0.05002,0.26878,0.27491,0.3
1786380240,2026-08-10T16:44:00,R0,CHECK,cont,-1,3.3531,0.8,1,7.0,0.29991,0.14493,23.95143,29.93857,7.55763,40.86,32.21,23.34,251.93708,1169.18816,3389.8531,5.31944,4.56694,3.46593,0.23353,0.13964,0.0596,-0.01393,5,23,3.6,332.0,92.0,0.6,0.35,0.52,-0.37889,-0.06887,-0.28585,-0.01479,-0.02142,0.23762,0.48733,0.4
1786390140,2026-08-10T19:29:00,R0,CHECK,flip,1,3.688,0.8,1,7.0,0.26861,0.31445,26.34286,32.92857,3.48093,22.645,35.34,26.06,135.38477,1236.04004,3712.19658,2.88626,4.65549,3.63375,0.14479,0.11647,0.05082,-0.04178,6,25,3.16667,332.0,0.0,0.5,0.5,0.56,-0.10724,0.00365,-0.19573,0.07526,-0.00482,0.24525,0.46639,0.45
1786398000,2026-08-10T21:40:00,R0,CHECK,flip,-1,1.3037,0.8,1,7.0,0.26188,0.45535,9.31143,11.64,2.40202,16.36,26.19,26.73,103.41941,941.45759,3828.07296,2.23689,3.57292,3.69639,0.09984,0.04363,0.04747,-0.08635,7,30,3.28571,332.0,0.0,0.55,0.55,0.56,-0.01619,0.00365,-0.19572,0.07526,0.00249,0.20191,0.17285,0.35
1786405140,2026-08-10T23:39:00,R0,CHECK,cont,-1,-2.6276,-1.0078,0,7.0,0.27259,0.40703,14.89857,18.62286,2.69267,10.95,19.805,25.68,70.98114,699.4339,3678.20078,1.50822,2.65194,3.56788,0.05464,0.00561,0.04042,-0.16435,6,28,3.66667,332.0,119.0,0.55,0.55,0.56,-0.01619,0.00365,-0.19572,0.07526,0.02519,0.23355,0.18926,0.4
1786413840,2026-08-11T02:04:00,R0,CHECK,flip,1,-2.8006,-1.0052,0,7.0,0.29167,0.42443,15.92143,19.90143,2.57602,20.155,17.615,24.0,114.07515,596.74849,3437.24102,2.4761,2.19114,3.34254,0.11011,0.00881,0.04862,-0.12535,7,29,3.14286,264.0,0.0,0.5,0.6,0.54,0.07378,-0.0325,-0.19573,-0.01513,0.00669,0.2185,0.19568,0.4
1786429620,2026-08-11T06:27:00,R0,CHECK,cont,-1,-2.3202,-1.0029,0,7.0,0.33694,0.39359,13.22,16.52571,2.78443,13.09,13.245,20.775,77.34731,505.83706,3084.13547,1.78442,1.92076,3.08991,0.06501,0.00798,0.06214,-0.07521,8,32,3.0,257.0,67.0,0.5,0.6,0.52,0.07412,-0.06861,-0.19559,-0.01513,0.07968,0.22226,0.23851,0.35
1786437600,2026-08-11T08:40:00,R0,CHECK,cont,1,1.2149,0.8,1,7.0,0.34155,0.44688,8.67714,10.84714,2.44615,16.265,13.35,20.495,91.2278,530.51546,3070.32719,1.8711,2.01159,3.08781,0.0564,0.02001,0.05835,-0.12535,8,34,3.25,196.0,95.0,0.45,0.55,0.52,-0.01602,-0.06863,-0.19559,-0.01525,0.02678,-0.10688,0.22573,0.3
1786445700,2026-08-11T10:55:00,R0,CHECK,flip,-1,-1.912,-1.0122,0,7.0,0.34696,0.39821,10.79429,13.49286,2.73985,18.61,15.37,20.175,99.53115,571.4149,3035.6361,2.18015,2.14066,3.08811,0.06712,0.05111,0.04074,-0.0195,8,37,3.625,196.0,0.0,0.45,0.6,0.54,0.07491,-0.03255,-0.19559,-0.01525,-0.02627,-0.08627,0.19965,0.3
1786449300,2026-08-11T11:55:00,R0,CHECK,flip,1,1.321,0.8,1,7.0,0.35,0.45174,9.43571,11.79429,2.40832,13.45,16.195,20.0,92.18341,592.10896,3024.42962,2.66207,2.29419,3.1098,0.30949,0.10501,0.03752,-0.01393,9,38,3.22222,196.0,0.0,0.45,0.6,0.54,0.07491,-0.03255,-0.19559,-0.01525,-0.05444,-0.17989,0.11313,0.3
1786453380,2026-08-11T13:03:00,R0,CHECK,flip,-1,-1.8188,-1.0012,0,7.0,0.35751,0.4955,10.38,12.97571,2.19992,21.79,16.69,19.58,106.08446,583.79152,2968.48673,2.29389,2.27176,3.03579,0.20841,0.08533,0.03087,-0.05292,10,37,2.7,131.0,0.0,0.45,0.6,0.52,0.07623,-0.0688,-0.2862,-0.01525,-0.06722,-0.2294,-0.01884,0.25
1786454280,2026-08-11T13:18:00,R0,CHECK,cont,-1,1.8048,0.8,1,7.0,0.35669,0.25033,12.89143,16.11429,4.3553,23.15,17.305,19.625,123.32988,604.65798,2985.29084,2.64478,2.33491,3.0454,0.17886,0.08845,0.03641,-0.06964,10,38,2.8,131.0,15.0,0.45,0.6,0.52,0.07623,-0.0688,-0.2862,-0.01525,-0.06722,-0.2294,-0.01884,0.25
1786455060,2026-08-11T13:31:00,R0,CHECK,cont,-1,1.2675,0.8,1,7.0,0.35596,0.20986,9.05429,11.31714,5.20468,21.425,17.67,19.665,132.05771,618.65978,2984.36257,2.91445,2.39987,3.04428,0.21475,0.04551,0.03875,-0.0585,10,39,2.9,131.0,28.0,0.45,0.6,0.52,0.07623,-0.0688,-0.2862,-0.01525,-0.06722,-0.2294,-0.01884,0.25
1786458240,2026-08-11T14:24:00,R0,CHECK,cont,-1,4.941,0.8,1,7.0,0.35596,0.13157,35.29286,44.11571,8.32748,51.96,20.185,19.665,270.96673,773.72557,2999.48021,5.91375,3.23403,3.01234,0.16241,0.02364,0.0403,-0.10864,9,37,3.11111,131.0,81.0,0.5,0.6,0.52,0.07623,-0.0688,-0.2862,-0.01525,-0.10112,-0.27157,0.08215,0.3
1786477140,2026-08-11T19:39:00,R0,CHECK,flip,1,1.3723,0.8,1,7.0,0.353,0.27537,9.80286,12.25286,4.01191,25.26,34.215,19.83,139.6103,1163.51177,2961.29961,2.99994,4.27719,2.92354,0.08382,0.09427,0.02821,-0.04735,8,32,3.0,196.0,0.0,0.45,0.6,0.52,0.07643,-0.06881,-0.37626,0.16512,-0.05602,-0.21243,0.19919,0.4
1786480260,2026-08-11T20:31:00,R0,CHECK,cont,1,-2.8292,-1.0145,0,7.0,0.34921,0.24723,15.93571,19.92,4.44615,29.13,30.925,20.045,166.48784,1067.99442,2998.69839,3.55057,3.89104,2.97731,0.32813,0.03295,0.01942,0.0195,8,31,2.875,196.0,52.0,0.45,0.6,0.52,0.07643,-0.06881,-0.37626,0.16512,-0.00181,-0.04341,0.27352,0.4
1786490280,2026-08-11T23:18:00,R0,CHECK,flip,-1,-0.9352,-1.0065,0,7.0,0.34406,0.41455,5.31,6.63714,2.65965,15.68,22.1,20.345,95.71172,794.26738,3033.90043,1.88238,3.08218,3.01801,0.28862,0.00724,0.02351,0.0195,8,32,3.0,131.0,105.0,0.4,0.6,0.52,0.0759,-0.06896,-0.28604,0.0744,-0.09045,-0.13851,0.07547,0.35
1786491240,2026-08-11T23:34:00,R0,CHECK,flip,1,-1.0106,-1.0018,0,7.0,0.34406,0.39324,5.76429,7.20571,2.8008,14.065,21.715,20.345,93.47843,786.36204,3035.16247,1.93233,3.06402,3.01994,0.17611,0.01436,0.01752,-0.00279,9,33,2.66667,121.0,0.0,0.4,0.6,0.52,0.0759,-0.06896,-0.28604,0.0744,-0.09899,-0.14534,-0.01443,0.3
1786494240,2026-08-12T00:24:00,R0,CHECK,cont,1,2.4755,0.8,1,7.0,0.34406,0.26243,17.68286,22.10286,4.19304,21.96,21.685,20.345,114.95294,781.23448,3044.96067,2.36858,3.04367,3.02167,0.12086,0.019,0.01496,-0.0195,9,33,2.66667,121.0,50.0,0.4,0.6,0.52,0.0759,-0.06896,-0.28604,0.0744,-0.10306,-0.23151,-0.20621,0.25
1786504440,2026-08-12T03:14:00,R0,CHECK,flip,-1,-1.5718,-1.0256,0,7.0,0.33751,0.36917,8.75714,10.94714,2.97888,20.285,19.785,20.74,119.34273,658.53181,3081.06429,2.53097,2.43314,3.04175,0.17217,0.0038,0.01975,-0.08078,9,41,3.55556,121.0,0.0,0.45,0.55,0.52,-0.01317,-0.06907,-0.28535,0.0744,-0.19416,-0.18315,-0.24443,0.1
1786508520,2026-08-12T04:22:00,R0,CHECK,flip,1,-2.854,-1.0263,0,7.0,0.33501,0.29904,15.89,19.86286,3.66738,16.245,18.42,20.895,105.55689,643.99163,3114.81019,2.45868,2.31256,3.06905,0.23385,0.04502,0.01199,-0.08078,10,42,3.2,114.0,0.0,0.45,0.55,0.52,-0.01317,-0.06907,-0.28535,0.0744,-0.17938,-0.19043,-0.28958,0.1
1786511160,2026-08-12T05:06:00,R0,CHECK,flip,-1,-2.1078,-1.011,0,7.0,0.33246,0.4172,11.91286,14.89143,2.63522,16.45,18.925,21.055,106.84395,652.78654,3139.45265,2.52431,2.37334,3.08239,0.14171,0.03785,0.01514,-0.1532,11,43,2.90909,114.0,0.0,0.45,0.55,0.52,-0.01317,-0.06907,-0.28535,0.0744,-0.19998,-0.25042,-0.32463,0.1
1786512600,2026-08-12T05:30:00,R0,CHECK,flip,1,-1.1338,-1.0004,0,7.0,0.33207,0.49293,6.47714,8.09571,2.22595,15.38,18.555,21.08,86.70251,654.13031,3146.17256,1.97219,2.38865,3.08736,0.19961,0.0641,0.00559,-0.09749,11,43,2.90909,68.0,0.0,0.5,0.55,0.5,-0.01388,-0.10558,-0.28596,0.0744,-0.19998,-0.25042,-0.32463,0.1
1786515600,2026-08-12T06:20:00,R0,CHECK,flip,-1,0.949,0.8,1,7.0,0.32543,0.29907,6.77857,8.47286,3.67853,18.945,18.49,21.51,111.65539,652.51858,3181.41156,2.34641,2.38778,3.09925,0.17232,0.01093,0.01559,-0.09192,12,44,2.66667,68.0,0.0,0.5,0.55,0.5,-0.01388,-0.10558,-0.28596,0.0744,-0.21995,-0.30715,-0.54866,0.05
1786521480,2026-08-12T07:58:00,R0,CHECK,flip,1,2.7675,0.8,1,7.0,0.32407,0.29774,19.76857,24.71,3.68794,16.385,18.085,21.6,115.66226,642.29061,3145.11766,2.5231,2.39652,3.08448,0.16677,0.00126,0.0115,-0.09192,12,41,2.41667,98.0,0.0,0.6,0.4,0.46,-0.28576,-0.17818,-0.28689,0.0744,-0.15564,-0.24998,-0.52793,0.05
1786528740,2026-08-12T09:59:00,R0,CHECK,flip,1,1.5078,0.8,1,7.0,0.31327,0.26002,10.77,13.46286,4.20344,26.72,18.95,22.345,154.46823,680.57455,3222.9026,3.41836,2.58952,3.15841,0.32177,0.06576,0.00963,-0.0585,14,38,1.71429,63.0,0.0,0.65,0.45,0.46,-0.19537,-0.17818,-0.19496,0.0744,-0.17701,-0.35893,-0.70066,0.05
1786534260,2026-08-12T11:31:00,R0,CHECK,cont,1,2.7037,0.8,1,7.0,0.3079,0.3059,19.31143,24.14,3.56652,21.34,21.535,22.735,138.19657,747.061,3281.69548,3.13156,2.80116,3.18909,0.117,0.07693,0.0061,-0.0585,13,37,1.84615,63.0,92.0,0.65,0.45,0.46,-0.19537,-0.17818,-0.19496,0.0744,-0.13668,-0.30199,-0.62733,0.05
1786540380,2026-08-12T13:13:00,R0,CHECK,flip,-1,3.7534,0.8,1,7.0,0.298,0.14353,26.81,33.51286,7.63441,47.855,24.41,23.49,321.28874,969.41711,3516.4669,7.48704,4.06483,3.51124,0.16894,0.0312,0.01604,-0.02507,12,39,2.25,63.0,0.0,0.65,0.5,0.48,-0.10511,-0.14209,-0.10469,0.0744,-0.21403,-0.54342,-0.84879,0.05
1786545240,2026-08-12T14:34:00,R0,CHECK,cont,-1,-7.1584,-1.0054,0,7.0,0.29737,0.10761,40.68286,50.85429,10.24176,63.845,32.335,23.54,337.14168,1236.637,3601.14597,6.51346,4.87182,3.55473,0.16439,0.02695,0.02014,-0.04178,12,39,2.25,63.0,81.0,0.65,0.55,0.48,-0.01497,-0.14209,-0.10469,0.16484,-0.21781,-0.52336,-0.75661,0.1
1786617240,2026-08-13T10:34:00,R0,CHECK,flip,-1,3.2264,0.8,1,7.0,0.29234,0.40426,23.04571,28.80714,2.7257,18.35,18.18,23.945,111.86155,672.53089,3622.15407,2.64505,2.75511,3.54332,0.16108,0.00606,0.02302,-0.06407,3,12,3.0,63.0,4.0,0.65,0.55,0.5,-0.01463,-0.10575,-0.10469,0.07457,-0.14009,-0.3844,-0.56983,0.2
1786626360,2026-08-13T13:06:00,R0,CHECK,flip,1,-1.2278,-1.0259,0,7.0,0.30415,0.2248,6.83857,8.54857,4.88809,24.84,17.375,23.015,156.71597,663.16121,3458.01594,3.61559,2.58424,3.29274,0.25996,0.02901,0.01452,-0.04178,4,10,1.5,98.0,0.0,0.65,0.55,0.52,-0.01463,-0.06958,-0.0145,0.07457,-0.06163,-0.23337,-0.45256,0.25
1786627260,2026-08-13T13:21:00,R0,CHECK,flip,-1,0.8093,0.8,1,7.0,0.30514,0.28237,5.78,7.22571,3.89681,26.64,17.88,22.94,164.0148,666.04094,3423.76574,3.72687,2.58916,3.25727,0.12672,0.04594,0.01536,-0.03064,4,10,1.5,98.0,0.0,0.65,0.55,0.52,-0.01463,-0.06958,-0.0145,0.07457,-0.06163,-0.23337,-0.45256,0.25
1786630500,2026-08-13T14:15:00,R0,CHECK,flip,1,-3.9286,-1.0013,0,7.0,0.30488,0.13338,22.42,28.02429,8.22741,49.16,21.68,22.96,229.17773,810.32315,3349.43611,4.78212,3.15864,3.17038,0.1032,0.00588,0.00106,-0.06964,5,9,0.8,98.0,0.0,0.65,0.55,0.52,-0.01463,-0.06958,-0.0145,0.07457,0.01653,-0.31017,-0.43825,0.25
1786636380,2026-08-13T15:53:00,R0,CHECK,flip,-1,2.3774,0.8,1,7.0,0.30574,0.19592,16.98143,21.22714,5.62307,34.49,30.165,22.895,202.70205,993.27123,3307.09759,4.13868,3.69245,3.09565,0.22517,0.0255,0.00587,-0.0585,5,8,0.6,98.0,98.0,0.7,0.55,0.52,-0.01587,-0.06983,-0.1058,0.07457,-0.01826,-0.36125,-0.43781,0.25
1786638540,2026-08-13T16:29:00,R0,CHECK,cont,-1,2.9829,0.8,1,7.0,0.30621,0.15063,21.30571,26.63286,7.34113,37.595,32.31,22.86,221.24113,1060.16892,3348.44775,4.60719,3.92132,3.13569,0.19047,0.03797,0.00878,-0.0585,6,10,0.66667,101.0,33.0,0.75,0.5,0.52,-0.10593,-0.06943,-0.19586,0.07457,0.06454,-0.27375,-0.369,0.25
1786722360,2026-08-14T15:46:00,R0,CHECK,flip,1,-1.9296,-1.0161,0,7.0,0.27966,0.14546,10.85143,13.56429,7.64124,33.08,29.535,25.03,201.81443,1065.47132,3661.29435,4.47257,3.86714,3.5963,0.24593,0.04029,0.02745,-0.12535,2,6,2.0,156.0,0.0,0.75,0.5,0.56,-0.10593,0.00271,-0.19586,0.16563,0.0753,-0.15083,-0.15875,0.25
1786723860,2026-08-14T16:11:00,R0,CHECK,cont,1,2.0862,0.8,1,7.0,0.28141,0.2042,14.90143,18.62714,5.44111,32.85,30.31,24.875,195.75352,1098.63291,3629.10398,4.25393,3.96443,3.5713,0.30942,0.03266,0.01773,-0.12535,1,6,5.0,156.0,25.0,0.75,0.5,0.56,-0.10593,0.00271,-0.19586,0.16563,0.0753,-0.15083,-0.15875,0.25
1786729860,2026-08-14T17:51:00,R0,CHECK,flip,-1,0.7573,0.8,1,7.0,0.29155,0.2801,5.40857,6.76143,3.96595,24.8,32.015,24.01,121.06513,1133.88483,3393.56887,2.53382,4.02837,3.21446,0.07533,0.02695,0.00634,-0.08635,2,8,3.0,156.0,0.0,0.8,0.5,0.56,-0.10602,0.00263,-0.19641,0.16563,0.22252,0.07914,0.17987,0.35
1786733160,2026-08-14T18:46:00,R0,CHECK,cont,-1,2.3157,0.8,1,7.0,0.291,0.24223,16.54,20.67571,4.59673,25.39,31.49,24.055,137.18671,1099.2259,3385.05857,2.98789,3.95912,3.18906,0.21462,0.02689,0.0126,-0.09192,2,9,3.5,156.0,55.0,0.75,0.55,0.56,-0.01569,0.00263,-0.19641,0.25655,0.27072,0.12318,0.18982,0.35
1786737660,2026-08-14T20:01:00,R0,CHECK,flip,1,-1.3026,-1.0218,0,7.0,0.29234,0.32241,7.28429,9.10571,3.45053,23.835,28.17,23.945,132.93612,1006.48661,3361.51216,2.72984,3.63001,3.16722,0.10611,0.0577,0.0183,-0.06407,3,11,2.66667,130.0,0.0,0.75,0.6,0.58,0.0744,0.039,-0.1058,0.25655,0.22648,0.12031,0.15104,0.35
1786739700,2026-08-14T20:35:00,R0,CHECK,flip,-1,1.2026,0.8,1,7.0,0.29167,0.31135,8.59,10.73714,3.57762,22.18,26.385,24.0,113.02114,926.04901,3379.72771,2.40991,3.38359,3.17645,0.0263,0.03351,0.02534,-0.07521,4,13,2.25,125.0,0.0,0.75,0.6,0.58,0.0744,0.039,-0.1058,0.25655,0.22463,0.09397,0.07635,0.3
1786750680,2026-08-14T23:38:00,R0,CHECK,cont,1,2.803,0.8,1,7.0,0.29424,0.33999,20.02143,25.02714,3.27314,14.1,20.09,23.79,74.93125,641.2295,3296.71109,1.72402,2.39476,3.13105,0.21104,0.0429,0.02377,-0.06704,5,19,2.8,101.0,108.0,0.75,0.65,0.58,0.1659,0.03933,-0.10683,0.25655,0.07981,0.04276,-0.49566,0.25
1786765080,2026-08-15T03:38:00,R0,CHECK,flip,-1,-0.821,-1.0461,0,7.0,0.31425,0.4328,4.48429,5.60571,2.56824,11.54,13.765,22.275,67.46607,453.3281,3061.39735,1.65106,1.78135,3.00945,0.1878,0.05575,0.01613,-0.06407,6,23,2.83333,101.0,0.0,0.7,0.7,0.58,0.25645,0.03934,-0.10683,0.25655,0.02815,-0.06115,-0.54129,0.25
1786807980,2026-08-15T15:33:00,R0,CHECK,flip,1,-2.174,-1.0006,0,7.0,0.5303,0.51285,12.41429,15.51857,2.16583,8.49,10.115,13.2,55.29753,313.14373,1911.68009,1.37519,1.31972,1.98779,0.15458,0.04925,0.02009,-0.1532,9,25,1.77778,130.0,0.0,0.7,0.7,0.58,0.25417,0.03852,-0.19914,0.25655,-0.00615,-0.28605,-0.85996,0.15
1786874400,2026-08-16T10:00:00,R0,CHECK,cont,-1,-1.0864,-1.0043,0,7.0,0.84135,0.54384,6.18143,7.72714,2.04658,8.02,7.795,8.32,45.6541,209.30162,1033.8802,1.3051,0.9279,1.07489,0.3784,0.11995,0.0109,-0.16992,2,4,1.0,130.0,17.0,0.7,0.65,0.56,0.16413,0.00251,-0.19885,0.25655,-0.0852,-0.33181,-0.9265,0.05
1786885560,2026-08-16T13:06:00,R0,CHECK,flip,1,0.6947,0.8,1,7.0,0.85575,0.84505,4.96286,6.20286,1.31562,8.07,7.92,8.18,35.4159,196.26211,987.08691,0.78758,0.83031,1.01496,0.08139,0.02,0.00396,-0.16435,3,5,0.66667,203.0,0.0,0.65,0.6,0.56,0.07392,0.0025,-0.19885,0.16634,-0.07412,-0.3076,-0.88755,0.05
1786890000,2026-08-16T14:20:00,R0,CHECK,cont,1,0.6536,0.8,1,7.0,0.86154,0.79591,4.66857,5.83571,1.39569,6.585,7.935,8.125,25.32551,201.56784,949.60749,0.68173,0.8645,0.97662,0.16035,0.02235,0.00844,-0.20334,3,6,1.0,203.0,74.0,0.65,0.6,0.56,0.07392,0.0025,-0.19885,0.16634,0.02817,-0.21106,-0.7133,0.05
1786902240,2026-08-16T17:44:00,R0,CHECK,flip,-1,-1.5088,-1.0141,0,7.0,0.86048,0.32779,8.50143,10.62714,3.38697,16.23,8.615,8.135,107.20304,361.65801,1056.49048,2.71453,1.79435,1.22138,0.24882,0.05841,0.00828,-0.11173,3,10,2.33333,215.0,0.0,0.65,0.6,0.58,0.07392,0.03903,-0.10876,0.25768,-0.00385,-0.21496,-0.06286,0.2
1786908420,2026-08-16T19:27:00,R0,CHECK,flip,1,-1.156,-1.0598,0,7.0,0.85784,0.45232,6.23286,7.79143,2.4506,8.875,9.53,8.16,52.24005,396.76311,1090.57402,1.15532,1.88715,1.25024,0.2074,0.06439,0.0169,-0.13408,4,11,1.75,215.0,0.0,0.65,0.6,0.58,0.07392,0.03903,-0.10876,0.25768,-0.04752,-0.13993,0.04779,0.2
1786909980,2026-08-16T19:53:00,R0,CHECK,flip,-1,0.9411,0.8,1,7.0,0.85679,0.28882,6.72286,8.40286,3.84501,12.93,10.73,8.17,86.55872,437.29756,1125.97093,1.98393,2.00508,1.29222,0.07282,0.016,0.00104,-0.14525,5,13,1.6,215.0,0.0,0.65,0.55,0.56,-0.01679,0.00275,-0.10819,0.25768,-0.04752,-0.13993,0.04779,0.2
1786915560,2026-08-16T21:26:00,R0,CHECK,cont,-1,0.831,0.8,1,7.0,0.84236,0.47919,5.93571,7.42,2.32014,12.655,12.535,8.31,79.3522,501.89577,1188.49931,1.62518,2.11501,1.33812,0.12468,0.02293,0.01033,-0.12291,5,15,2.0,215.0,93.0,0.65,0.55,0.56,-0.01679,0.00275,-0.10819,0.25768,-0.08965,-0.17888,-0.07052,0.2
1786929780,2026-08-17T01:23:00,R0,CHECK,flip,1,1.9056,0.8,1,7.0,0.76253,0.19865,13.61143,17.01429,5.58761,34.67,22.545,9.18,219.02118,838.71806,1689.12737,4.61596,3.33322,2.03538,0.22665,0.00954,0.0071,-0.08078,6,16,1.66667,215.0,0.0,0.65,0.6,0.56,0.07179,0.00178,-0.01931,0.25768,0.01105,0.05441,0.13412,0.3
1786933920,2026-08-17T02:32:00,R0,CHECK,cont,1,4.388,0.8,1,7.0,0.72539,0.17671,31.34286,39.17857,6.26285,25.7,24.75,9.65,179.84201,947.13448,1821.72538,5.03154,3.94026,2.30227,0.11507,0.03572,0.01806,-0.04178,6,17,1.83333,215.0,69.0,0.65,0.6,0.56,0.07179,0.00178,-0.01931,0.25768,0.02241,0.10468,0.20179,0.3
1786958580,2026-08-17T09:23:00,R0,CHECK,flip,-1,-1.8714,-1.0151,0,7.0,0.48276,0.37645,10.53429,13.16857,2.93871,14.105,16.44,14.5,85.49205,645.68179,2374.57105,2.04245,2.44594,2.66777,0.127,0.00536,0.01846,-0.06964,7,23,2.28571,278.0,0.0,0.6,0.65,0.56,0.16186,0.00178,0.07071,0.34825,-0.02548,0.06247,0.24384,0.3
1786962900,2026-08-17T10:35:00,R0,CHECK,cont,1,1.2901,0.8,1,7.0,0.4749,0.24113,9.21429,11.51857,4.57571,12.27,15.53,14.74,104.86937,611.69046,2422.53406,2.65624,2.37701,2.70876,0.26987,0.00219,0.03357,-0.04178,7,26,2.71429,278.0,32.0,0.6,0.65,0.56,0.16186,0.00178,0.07071,0.34825,-0.1185,-0.07985,0.38626,0.3
1786967100,2026-08-17T11:45:00,R0,CHECK,cont,1,-2.1906,-1.0045,0,7.0,0.44657,0.47095,12.46143,15.57714,2.33469,17.035,15.745,15.675,119.35012,617.574,2537.86169,2.66272,2.39441,2.7851,0.17929,0.06858,0.0462,-0.04178,7,27,2.85714,278.0,102.0,0.6,0.6,0.54,0.0711,-0.03452,-0.02005,0.34825,-0.07513,0.1872,0.72382,0.35
1786968360,2026-08-17T12:06:00,R0,CHECK,flip,-1,-1.4548,-1.0053,0,7.0,0.43723,0.24387,8.27,10.33714,4.51818,16.65,16.115,16.01,124.33363,653.58111,2594.56812,2.85466,2.53033,2.82145,0.07968,0.01737,0.03543,0.00279,8,28,2.5,203.0,0.0,0.6,0.6,0.54,0.0711,-0.03452,-0.02005,0.34825,-0.07513,0.1872,0.72382,0.35
1786969560,2026-08-17T12:26:00,R0,CHECK,cont,-1,2.0195,0.8,1,7.0,0.42774,0.26291,14.42571,18.03143,4.19418,19.27,16.115,16.365,137.60862,672.64475,2636.97379,3.1947,2.61444,2.85143,0.12138,0.00361,0.03209,-0.00836,8,29,2.625,203.0,20.0,0.6,0.6,0.54,0.0711,-0.03452,-0.02005,0.34825,-0.08412,0.15159,0.68485,0.35
1786978260,2026-08-17T14:51:00,R0,CHECK,flip,1,3.9696,0.8,1,7.0,0.3692,0.18171,28.35429,35.44286,6.04192,36.56,22.405,18.96,203.88782,897.48597,3000.44857,4.63284,3.6365,3.1765,0.12727,0.08241,0.03809,-0.03621,8,30,2.75,165.0,0.0,0.55,0.55,0.56,-0.01858,0.0016,-0.11031,0.34842,-0.11451,0.19627,0.82843,0.3
1787021280,2026-08-18T02:48:00,R0,CHECK,flip,-1,-1.0906,-1.0204,0,7.0,0.32251,0.2124,6.10714,7.63429,5.14762,21.955,19.095,21.705,117.99619,665.21825,3336.59044,2.60796,2.50506,3.35952,0.18198,0.06817,0.03865,-0.06964,5,21,3.2,165.0,0.0,0.6,0.55,0.58,-0.01858,0.03785,-0.11031,0.34842,-0.1223,0.05005,0.71615,0.25
1787024520,2026-08-18T03:42:00,R0,CHECK,flip,1,1.943,0.8,1,7.0,0.32333,0.28302,13.87857,17.34857,3.85955,19.97,19.185,21.65,128.86516,679.915,3307.48342,2.83231,2.55272,3.3225,0.05473,0.04824,0.0371,-0.0585,6,22,2.66667,123.0,0.0,0.6,0.55,0.58,-0.01858,0.03785,-0.11031,0.34842,-0.15179,0.01397,0.66475,0.25
1787040180,2026-08-18T08:03:00,R0,CHECK,flip,-1,0.9256,0.8,1,7.0,0.32184,0.30874,6.61143,8.26429,3.53758,17.12,19.17,21.75,101.07599,679.24267,3299.09732,2.1402,2.45478,3.29888,0.19476,0.01804,0.03127,-0.04178,7,22,2.14286,165.0,0.0,0.6,0.55,0.58,-0.01851,0.03746,-0.20133,0.34842,-0.04751,0.16344,0.71038,0.35
1787042100,2026-08-18T08:35:00,R0,CHECK,flip,1,-2.0398,-1.0006,0,7.0,0.31883,0.27051,11.64857,14.56143,4.02879,23.03,19.32,21.955,129.14106,711.60541,3325.02264,2.81072,2.56684,3.317,0.05951,0.03161,0.04123,-0.03621,8,23,1.875,165.0,3.0,0.6,0.55,0.58,-0.01851,0.03746,-0.20133,0.34842,0.05868,0.1948,0.67004,0.35
1787046060,2026-08-18T09:41:00,R0,CHECK,flip,-1,-0.9202,-1.0072,0,7.0,0.31847,0.46687,5.22,6.52571,2.3401,15.8,18.575,21.98,86.39304,673.65627,3345.67252,1.72197,2.40145,3.31511,0.2682,0.00067,0.03857,-0.0195,8,23,1.875,123.0,0.0,0.6,0.55,0.58,-0.01851,0.03746,-0.20133,0.34842,0.17554,0.30035,0.46942,0.35
1787047440,2026-08-18T10:04:00,R0,CHECK,flip,1,-1.3152,-1.0104,0,7.0,0.31782,0.39599,7.43714,9.29714,2.75636,15.235,18.12,22.025,92.07527,673.19889,3356.28796,2.0319,2.41793,3.32438,0.06584,0.02232,0.0403,-0.03621,8,23,1.875,69.0,0.0,0.65,0.55,0.58,-0.01851,0.03746,-0.11003,0.34842,0.17554,0.30035,0.46942,0.35
1787049420,2026-08-18T10:37:00,R0,CHECK,cont,1,1.5526,0.8,1,7.0,0.32029,0.50843,11.09,13.86286,2.14624,13.76,17.355,21.855,90.53945,662.27708,3323.4932,2.05734,2.39974,3.29286,0.06532,0.00237,0.03142,-0.01393,8,21,1.625,69.0,33.0,0.65,0.55,0.56,-0.01623,0.00145,-0.20006,0.34842,0.02117,-0.16519,-0.20085,0.2
1787053380,2026-08-18T11:43:00,R0,CHECK,cont,1,-0.675,-1.0627,0,7.0,0.32333,0.4899,3.63,4.53714,2.22135,15.2,16.935,21.65,100.14491,642.67668,3286.48079,2.32791,2.37155,3.27221,0.30385,0.0331,0.03331,-0.03064,8,23,1.875,69.0,99.0,0.65,0.55,0.54,-0.01656,-0.03469,-0.20036,0.34842,0.11151,0.02417,0.00927,0.3
1787054460,2026-08-18T12:01:00,R0,CHECK,flip,-1,0.4003,0.8,1,7.0,0.32558,0.52822,2.86,3.57429,2.06214,16.23,16.755,21.5,100.48718,633.59036,3258.64809,2.30703,2.34456,3.2505,0.16004,0.03291,0.03431,-0.0195,9,23,1.55556,117.0,0.0,0.65,0.55,0.54,-0.01656,-0.03469,-0.20036,0.34842,0.11151,0.02417,0.00927,0.3
1787055000,2026-08-18T12:10:00,R0,CHECK,cont,-1,1.0715,0.8,1,7.0,0.32626,0.38463,7.65429,9.56714,2.83372,14.92,16.795,21.455,92.30333,634.13559,3249.46453,2.04768,2.35699,3.24139,0.02697,0.01652,0.03189,-0.0195,8,23,1.875,117.0,9.0,0.7,0.55,0.52,-0.01687,-0.0709,-0.29088,0.34842,0.11151,0.02417,0.00927,0.3
1787057940,2026-08-18T12:59:00,R0,CHECK,cont,-1,0.6662,0.8,1,7.0,0.33081,0.47952,4.75857,5.94857,2.27519,16.365,16.38,21.16,94.97502,602.92626,3201.57952,2.04413,2.22118,3.19821,0.19556,0.0256,0.03324,-0.0585,8,25,2.125,117.0,58.0,0.65,0.55,0.54,-0.01687,-0.03461,-0.29088,0.43856,0.02238,0.05121,0.05376,0.35
1787062740,2026-08-18T14:19:00,R0,CHECK,flip,1,3.8139,0.8,1,7.0,0.33215,0.15538,27.24286,34.05286,6.99657,38.865,17.25,21.075,246.15826,730.57767,3221.80582,5.22659,2.93998,3.20998,0.20081,0.04605,0.03758,-0.04178,9,24,1.66667,117.0,0.0,0.6,0.6,0.56,0.07369,0.0003,-0.20008,0.34543,0.03207,0.08151,0.29772,0.45
1787119260,2026-08-19T06:01:00,R0,CHECK,flip,-1,0.6819,0.8,1,7.0,0.38054,0.34422,4.87143,6.08857,3.16968,16.045,18.845,18.395,100.50813,663.75298,2847.28089,2.18225,2.36504,2.86119,0.16868,0.1169,0.00148,-0.00836,7,17,1.42857,117.0,0.0,0.6,0.6,0.6,0.07369,0.07334,-0.20008,0.34543,0.0989,0.17561,0.39073,0.5
1787122080,2026-08-19T06:48:00,R0,CHECK,flip,1,1.208,0.8,1,7.0,0.38054,0.35918,8.62857,10.78571,3.03238,19.18,18.3,18.395,95.98688,614.49558,2807.12876,2.21307,2.21766,2.83353,0.04233,0.06588,0.0004,-0.02507,8,17,1.125,69.0,0.0,0.6,0.6,0.6,0.07369,0.07334,-0.20008,0.34543,0.11349,0.09207,0.26184,0.5
1787126940,2026-08-19T08:09:00,R0,CHECK,flip,-1,0.4824,0.8,1,7.0,0.38251,0.4257,3.44571,4.30714,2.5603,15.845,16.97,18.3,93.67032,567.61321,2800.3114,1.88573,1.9945,2.82113,0.03471,0.025,0.00845,0.04735,8,19,1.375,81.0,0.0,0.6,0.6,0.62,0.07368,0.10956,-0.10899,0.34543,0.10376,0.05425,0.19758,0.45
1787137440,2026-08-19T11:04:00,R0,CHECK,flip,1,2.5366,0.8,1,7.0,0.38241,0.44354,18.11857,22.64857,2.44918,14.405,16.205,18.305,74.56566,578.02857,2768.81014,1.53749,2.11161,2.80542,0.18987,0.03853,0.01215,-0.02507,6,14,1.33333,81.0,0.0,0.65,0.65,0.64,0.16444,0.14556,-0.01668,0.34543,0.0709,-0.01645,-0.05894,0.4
1787195400,2026-08-20T03:10:00,R0,CHECK,flip,-1,-18.4234,-1.0042,0,7.0,0.17502,0.12958,104.84143,131.05143,7.8367,50.085,63.415,39.995,240.43705,2181.27395,6863.07669,4.8242,7.80358,10.98423,0.36892,0.03139,0.09948,-0.06964,5,17,2.4,117.0,0.0,0.7,0.65,0.64,0.16444,0.14556,0.07335,0.34543,0.56356,0.62139,1.27859,0.45
1787213220,2026-08-20T08:07:00,R0,CHECK,flip,1,13.0379,0.8,1,7.0,0.14467,0.08546,93.12857,116.41,11.65686,47.04,42.985,48.385,332.04173,1515.14285,7564.26403,8.95459,6.02316,11.29594,0.1771,0.06136,0.11313,-0.06964,4,13,2.25,138.0,0.0,0.75,0.65,0.62,0.16445,0.10948,-0.01686,0.34543,0.5803,0.60865,1.21431,0.4
1787215980,2026-08-20T08:53:00,R0,CHECK,cont,1,-4.0458,-1.0104,0,7.0,0.13586,0.05917,22.88,28.6,16.48865,106.97,46.485,51.525,707.74427,1900.752,7903.16391,18.55404,9.19421,11.84135,0.40516,0.1822,0.12956,-0.01393,3,13,3.33333,138.0,46.0,0.75,0.65,0.62,0.16445,0.10948,-0.01686,0.34543,0.63323,0.65343,1.18686,0.4
1787216760,2026-08-20T09:06:00,R0,CHECK,cont,1,5.7715,0.8,1,7.0,0.13368,0.06497,41.22571,51.53143,14.99982,111.44,47.025,52.365,748.26394,1954.19006,7977.78088,19.0624,9.34832,11.88027,0.35744,0.19305,0.13011,-0.00836,3,14,3.66667,138.0,59.0,0.75,0.65,0.62,0.16445,0.10948,-0.01686,0.34543,0.63323,0.65343,1.18686,0.4
1787232660,2026-08-20T13:31:00,R0,CHECK,flip,-1,-12.0916,-1.0007,0,7.0,0.1098,0.06174,69.04571,86.30714,15.86813,76.74,81.77,63.75,341.71677,2628.36791,9240.10032,8.32661,11.08504,12.3798,0.15436,0.1032,0.09529,-0.04178,3,14,3.66667,175.0,0.0,0.7,0.65,0.62,0.1642,0.10938,0.07385,0.34563,0.45803,0.63602,1.11631,0.35
1787239740,2026-08-20T15:29:00,R0,CHECK,flip,1,7.3779,0.8,1,7.0,0.10689,0.06055,52.7,65.87429,15.97657,99.355,83.865,65.49,497.32608,2419.35693,8853.23868,10.29907,9.09256,9.47179,0.2685,0.0346,0.06388,-0.04735,4,10,1.5,175.0,0.0,0.7,0.65,0.62,0.1642,0.10938,0.07385,0.34563,0.49244,0.62524,1.09161,0.35
1787244960,2026-08-20T16:56:00,R0,CHECK,cont,1,9.1392,0.8,1,7.0,0.10722,0.07851,65.28,81.6,12.26644,71.51,84.805,65.285,349.50176,2441.18504,8617.81656,7.26346,9.20953,9.01238,0.08655,0.04766,0.0657,-0.00279,4,11,1.75,175.0,87.0,0.7,0.65,0.6,0.16518,0.07337,0.0768,0.34563,0.50195,0.61696,1.13947,0.35
1787268300,2026-08-20T23:25:00,R0,CHECK,cont,1,4.7237,0.8,1,7.0,0.11242,0.09351,33.74,42.17571,10.23177,43.55,51.935,62.265,256.70256,1507.04394,7872.95901,5.82707,5.642,8.09521,0.20369,0.04019,0.06806,-0.03621,8,21,1.625,175.0,11.0,0.65,0.65,0.62,0.16518,0.10988,0.0768,0.34563,0.32763,-0.06219,-0.11913,0.15
1787271240,2026-08-21T00:14:00,R0,CHECK,cont,1,7.3866,0.8,1,7.0,0.11153,0.0632,52.76143,65.95143,15.07526,77.11,52.395,62.765,382.47824,1574.00811,7886.46443,8.55628,6.00632,8.1555,0.19753,0.07588,0.06786,-0.0585,8,22,1.75,175.0,60.0,0.65,0.65,0.62,0.16518,0.10988,0.0768,0.34563,-0.00949,-0.13581,-0.24028,0.2
1787311860,2026-08-21T11:31:00,R0,CHECK,flip,-1,8.3766,0.8,1,7.0,0.08615,0.04876,59.83286,74.79143,18.61211,95.375,123.225,81.255,497.00913,3541.39666,9612.32995,11.18193,13.42989,9.91563,0.19909,0.073,0.06882,0.0195,7,23,2.28571,185.0,0.0,0.55,0.75,0.64,0.34557,0.14591,0.0768,0.4359,0.03155,0.23876,0.35296,0.35
1787324940,2026-08-21T15:09:00,R0,CHECK,flip,1,18.7826,0.8,1,7.0,0.08122,0.06224,134.16143,167.70143,14.47789,111.59,126.825,86.19,537.48222,3581.41819,10338.86861,11.79883,13.05856,10.47686,0.17159,0.00483,0.06916,-0.02507,7,24,2.42857,185.0,0.0,0.55,0.8,0.64,0.43609,0.14591,0.0768,0.4359,0.02646,0.25856,0.38983,0.4
1787357100,2026-08-22T00:05:00,R0,CHECK,flip,-1,-10.4704,-1.0048,0,7.0,0.07271,0.06443,59.54429,74.43,13.93173,75.845,84.765,96.275,347.37112,2438.24893,11265.88808,8.47265,9.14302,10.97797,0.16509,0.02749,0.05509,0.01393,3,15,4.0,185.0,0.0,0.6,0.8,0.66,0.43609,0.18223,0.16756,0.4359,-0.02188,0.31345,0.44391,0.4
1787366640,2026-08-22T02:44:00,R0,CHECK,cont,1,5.7066,0.8,1,7.0,0.0765,0.08539,40.76143,50.95143,10.443,62.265,81.005,91.5,287.42401,2336.26934,10686.32698,6.0552,8.89432,10.35939,0.25766,0.05677,0.04535,0.01393,4,15,2.75,140.0,19.0,0.65,0.8,0.64,0.43899,0.14614,0.16758,0.4359,0.07261,0.47292,0.61253,0.4
1787372280,2026-08-22T04:18:00,R0,CHECK,flip,-1,-4.2408,-1.0006,0,7.0,0.0765,0.10927,24.22,30.27429,8.19022,69.8,73.95,91.5,294.00883,1982.7742,10750.21408,6.0849,7.35912,10.34724,0.13457,0.02463,0.03979,0.07521,5,18,2.6,140.0,0.0,0.65,0.8,0.64,0.43899,0.14614,0.16758,0.4359,0.0752,0.34793,0.60878,0.35
1787372940,2026-08-22T04:29:00,R0,CHECK,flip,1,1.4907,0.8,1,7.0,0.07646,0.09057,10.64857,13.31,9.83721,68.345,72.25,91.555,284.11965,1943.312,10728.51624,5.76458,7.17612,10.3535,0.0792,0.00523,0.04495,0.06964,6,19,2.16667,128.0,0.0,0.65,0.8,0.64,0.43899,0.14614,0.16758,0.4359,0.0752,0.34793,0.60878,0.35
1787375220,2026-08-22T05:07:00,R0,CHECK,flip,-1,4.6912,0.8,1,7.0,0.07602,0.08105,33.50857,41.88571,11.03351,68.395,69.65,92.075,289.12462,1917.32208,10798.31249,6.46038,7.00914,10.36347,0.00102,0.01493,0.03791,0.03621,7,20,1.85714,128.0,0.0,0.6,0.8,0.64,0.43899,0.14614,0.16758,0.4359,0.04491,0.17444,0.3165,0.3
1787398620,2026-08-22T11:37:00,R0,CHECK,flip,1,5.5942,0.8,1,7.0,0.08772,0.10348,39.95857,49.94857,8.7667,62.08,66.975,79.795,309.24503,1769.14569,9606.04534,6.31893,6.44227,9.76865,0.0684,0.00163,0.00339,-0.0585,7,16,1.28571,140.0,0.0,0.7,0.75,0.64,0.34896,0.14656,0.16857,0.4359,0.12266,0.30231,0.36233,0.35
1787434560,2026-08-22T21:36:00,R0,CHECK,flip,-1,6.8805,0.8,1,7.0,0.12223,0.15481,49.14571,61.43286,5.86968,35.535,33.29,57.27,190.11929,949.01278,6955.35628,4.23323,3.52481,7.99385,0.18023,0.00316,0.02017,-0.07521,9,23,1.55556,140.0,0.0,0.7,0.75,0.64,0.34896,0.14656,0.16857,0.4359,0.09324,-0.0457,-0.23721,0.15
1787485140,2026-08-23T11:39:00,R0,CHECK,flip,1,-4.2596,-1.0066,0,7.0,0.17396,0.1046,24.18,30.22571,8.65163,39.1,44.93,40.24,207.65996,1214.73015,4563.69962,5.13388,4.57066,4.54579,0.34003,0.12288,0.00656,-0.0585,7,23,2.28571,168.0,0.0,0.7,0.75,0.66,0.34896,0.18348,0.2586,0.4359,-0.09946,-0.20928,-0.11988,0.15
1787491020,2026-08-23T13:17:00,R0,CHECK,cont,1,6.3491,0.8,1,7.0,0.17675,0.18951,45.35143,56.68857,4.77268,29.095,39.885,39.605,149.11233,1104.0282,4533.71773,3.34094,4.27959,4.54004,0.27159,0.12641,0.00526,-0.05292,6,20,2.33333,168.0,98.0,0.7,0.75,0.66,0.34896,0.18348,0.2586,0.4359,-0.11737,-0.18211,-0.14658,0.15
1787526120,2026-08-23T23:02:00,R0,CHECK,flip,-1,7.9173,0.8,1,7.0,0.16543,0.15149,56.55143,70.69,5.96309,60.805,42.01,42.315,216.7074,1221.77465,4985.61874,4.68217,4.84325,5.26179,0.13021,0.0212,0.01294,-0.06964,4,15,2.75,180.0,1.0,0.65,0.7,0.68,0.25863,0.21945,0.25863,0.4359,-0.11085,-0.29142,-0.11138,0.15
1787566380,2026-08-24T10:13:00,R0,CHECK,flip,1,15.8222,0.8,1,7.0,0.14068,0.08525,113.01571,141.27,10.55419,56.455,50.2,49.76,242.64876,1432.36832,5702.58528,5.48652,5.26431,5.58441,0.29793,0.07114,0.02714,-0.03621,3,9,2.0,319.0,0.0,0.65,0.75,0.68,0.34884,0.21945,0.34915,0.4359,-0.0954,-0.31867,-0.24582,0.1
1787574660,2026-08-24T12:31:00,R0,CHECK,cont,1,10.4533,0.8,1,7.0,0.1311,0.08177,74.66571,93.33286,10.8913,92.705,56.135,53.395,421.12535,1555.04368,5942.19676,8.57581,5.77453,5.80451,0.19607,0.10616,0.03319,0.01393,4,15,2.75,180.0,60.0,0.65,0.75,0.68,0.34884,0.21945,0.34915,0.4359,-0.04167,-0.34353,-0.5634,0.15
1787590920,2026-08-24T17:02:00,R0,CHECK,flip,-1,-23.6824,-1.0002,0,7.0,0.11438,0.05601,135.29857,169.12286,15.89022,93.97,115.305,61.2,423.37311,2793.08527,7108.42326,9.00167,10.34094,6.96627,0.18796,0.05247,0.02448,0.08078,5,20,3.0,319.0,0.0,0.65,0.8,0.7,0.43936,0.25573,0.34915,0.4359,0.05629,-0.17992,-0.54892,0.15
1787624220,2026-08-25T02:17:00,R0,CHECK,cont,1,-29.2892,-1.0093,0,7.0,0.10645,0.04334,165.82571,207.28143,19.99579,80.025,55.16,65.76,418.316,1641.97512,7518.07534,16.20338,8.63415,7.95324,0.31972,0.15965,0.05586,-0.03621,5,18,2.6,331.0,83.0,0.7,0.75,0.7,0.34935,0.25692,0.25914,0.4359,0.01594,-0.09659,-0.52288,0.15
1787659560,2026-08-25T12:06:00,R0,CHECK,flip,-1,11.4379,0.8,1,7.0,0.09652,0.07982,81.7,102.12429,11.13804,67.775,58.15,72.525,331.76287,1767.12763,8237.37876,6.87651,6.89214,8.36165,0.24475,0.14312,0.0084,0.05292,3,11,2.66667,472.0,0.0,0.65,0.75,0.68,0.34892,0.22074,0.25914,0.34544,-0.00252,-0.09419,-0.4939,0.15
1787672100,2026-08-25T15:35:00,R0,CHECK,flip,1,-8.1816,-1.0053,0,7.0,0.09989,0.08792,46.50571,58.13286,10.02899,84.765,80.31,70.08,298.63878,2103.04726,7789.59362,6.13809,7.80543,7.92712,0.07845,0.027,0.00709,0.04735,4,9,1.25,472.0,0.0,0.65,0.75,0.68,0.34892,0.22074,0.25914,0.34544,-0.06166,-0.14617,-0.511,0.15
1787693400,2026-08-25T21:30:00,R0,CHECK,flip,1,3.4843,0.8,1,7.0,0.10757,0.09018,24.88857,31.11,9.89216,86.505,56.975,65.075,412.76153,1595.13694,7334.70493,9.09772,5.85972,7.42657,0.08561,0.06383,0.00843,0.00279,5,15,2.0,307.0,0.0,0.7,0.7,0.66,0.25866,0.18463,0.16888,0.34544,-0.09947,-0.00639,-0.00316,0.15
1787695200,2026-08-25T22:00:00,R0,CHECK,cont,1,1.8314,0.8,1,7.0,0.10688,0.12002,13.08143,16.35143,7.41538,68.49,56.44,65.495,347.85095,1589.30324,7358.64467,7.69498,5.83592,7.44109,0.15627,0.06605,0.00318,-0.03621,5,17,2.4,307.0,30.0,0.7,0.7,0.66,0.25866,0.18463,0.16888,0.34544,-0.13278,-0.1715,-0.23198,0.1
1787702940,2026-08-26T00:09:00,R0,CHECK,flip,-1,-6.4054,-1.0026,0,7.0,0.10495,0.08067,36.50857,45.63571,11.07446,61.205,54.965,66.7,283.217,1548.68798,7511.30304,5.98863,5.8214,7.51956,0.21056,0.07363,0.00979,0.0195,6,18,2.0,209.0,0.0,0.75,0.7,0.68,0.25866,0.22093,0.16888,0.43565,-0.07365,-0.09871,-0.19619,0.15
1787705520,2026-08-26T00:52:00,R0,CHECK,flip,1,4.9405,0.8,1,7.0,0.10432,0.08368,35.28857,44.11143,10.63319,76.975,60.165,67.1,331.83695,1669.14228,7403.12387,7.32265,6.25952,7.42893,0.10422,0.03557,0.01665,0.01393,7,19,1.71429,209.0,0.0,0.75,0.7,0.68,0.25866,0.22093,0.16888,0.43565,-0.07922,-0.12665,-0.13969,0.15
1787710800,2026-08-26T02:20:00,R0,CHECK,cont,1,3.3517,0.8,1,7.0,0.1085,0.14884,23.94,29.92571,5.95696,42.455,59.21,64.515,195.17427,1607.88018,7012.42659,4.0912,6.10088,6.5632,0.07252,0.00266,0.03528,-0.04178,6,19,2.16667,209.0,88.0,0.75,0.65,0.66,0.16853,0.18488,0.07875,0.43565,-0.05552,-0.08902,-0.12073,0.2
1787734680,2026-08-26T08:58:00,R0,CHECK,flip,-1,9.1056,0.8,1,7.0,0.12062,0.12472,65.04,81.3,7.14032,48.545,47.18,58.035,207.47651,1285.8936,6420.44847,4.42728,4.5419,5.97292,0.19454,0.04985,0.02579,0.04178,7,20,1.85714,307.0,0.0,0.7,0.7,0.7,0.25877,0.25708,0.16896,0.43565,-0.00348,-0.02849,-0.07266,0.25
1787780160,2026-08-26T21:36:00,R0,CHECK,flip,1,2.5266,0.8,1,7.0,0.13188,0.12091,18.04714,22.55857,7.34333,44.205,47.565,53.08,181.90238,1232.81303,5643.92457,3.70222,4.52401,5.2516,0.36914,0.09124,0.00573,0.04178,6,12,1.0,159.0,0.0,0.75,0.7,0.7,0.25877,0.25708,0.16896,0.43565,0.15216,0.16168,0.17258,0.4
1787782860,2026-08-26T22:21:00,R0,CHECK,cont,1,-3.2208,-1.0034,0,7.0,0.13305,0.10311,18.34286,22.92857,8.5978,50.31,46.015,52.61,219.88834,1209.96151,5625.11216,4.48564,4.4155,5.24441,0.08803,0.08806,0.00296,0.0585,6,13,1.16667,159.0,45.0,0.75,0.7,0.7,0.25877,0.25708,0.16896,0.43565,0.14695,0.20787,0.21994,0.4
1787783760,2026-08-26T22:36:00,R0,CHECK,flip,-1,1.5133,0.8,1,7.0,0.13323,0.12293,10.80857,13.51143,7.23736,50.24,46.605,52.54,219.09626,1219.40091,5628.98362,4.52377,4.43499,5.22791,0.09126,0.06303,0.00238,0.06407,7,14,1.0,96.0,0.0,0.75,0.7,0.7,0.25877,0.25708,0.16896,0.43565,0.13943,0.25491,0.21741,0.4
1787784600,2026-08-26T22:50:00,R0,CHECK,cont,-1,-2.0616,-1.0002,0,7.0,0.13331,0.14526,11.77857,14.72286,6.13371,50.88,45.715,52.51,236.35646,1188.63152,5651.12392,4.662,4.27304,5.23073,0.07658,0.04781,0.00655,0.05292,7,15,1.14286,96.0,14.0,0.75,0.7,0.7,0.25877,0.25708,0.16896,0.43565,0.13943,0.25491,0.21741,0.4
1787786700,2026-08-26T23:25:00,R0,CHECK,flip,1,2.3096,0.8,1,7.0,0.13438,0.19234,16.49714,20.62143,4.61854,42.275,44.555,52.09,192.99403,1186.17274,5614.88048,4.08098,4.26088,5.21578,0.02168,0.04833,0.00339,0.01393,8,16,1.0,96.0,0.0,0.75,0.7,0.7,0.25877,0.25708,0.16896,0.43565,0.10737,0.12261,-0.02073,0.35
1787837460,2026-08-27T13:31:00,R0,CHECK,flip,-1,-8.7996,-1.0023,0,7.0,0.14524,0.09402,50.16857,62.71,9.40541,48.2,59.045,48.195,215.32502,1683.82193,5375.63954,4.92099,6.34211,5.11876,0.19694,0.02546,0.02456,0.03621,4,13,2.25,96.0,0.0,0.65,0.65,0.7,0.16862,0.25743,0.259,0.25548,0.11829,0.12455,0.1715,0.4
1787840520,2026-08-27T14:22:00,R0,CHECK,flip,1,7.8454,0.8,1,7.0,0.14524,0.07062,56.03857,70.04857,12.40806,102.62,65.095,48.195,383.74182,1716.79057,5377.95097,8.17048,6.39308,5.17466,0.16763,0.02123,0.0329,0.04735,5,15,2.0,62.0,0.0,0.65,0.65,0.7,0.16862,0.25743,0.259,0.25548,0.07157,-0.01075,-0.0046,0.35
1787843520,2026-08-27T15:12:00,R0,CHECK,cont,1,-10.3734,-1.0068,0,7.0,0.14524,0.05374,58.87857,73.59857,16.168,98.295,67.11,48.195,470.08619,1865.95387,5461.71653,9.64942,7.07925,5.3165,0.30634,0.04869,0.06236,0.05292,5,15,2.0,62.0,50.0,0.65,0.65,0.7,0.16862,0.25743,0.259,0.25548,0.02886,-0.04042,-0.01255,0.3
1787894520,2026-08-28T05:22:00,R0,CHECK,flip,-1,-7.9202,-1.0125,0,7.0,0.12757,0.16853,44.7,55.87429,5.21888,38.25,55.27,54.87,166.67287,1570.48903,6210.27772,3.64802,5.86667,5.93185,0.2253,0.06432,0.01893,-0.0195,3,12,3.0,96.0,0.0,0.65,0.6,0.7,0.0785,0.2576,0.25912,0.16514,0.0513,-0.01499,-0.055,0.25
1787914440,2026-08-28T10:54:00,R0,CHECK,flip,1,1.9027,0.8,1,7.0,0.14063,0.19227,13.59143,16.98857,4.58202,36.33,36.345,49.775,175.97215,1003.75758,5668.90093,3.83727,3.63665,5.43804,0.09107,0.02491,0.00312,0.07521,4,12,2.0,96.0,0.0,0.65,0.55,0.7,-0.01212,0.2586,0.25853,0.16514,0.08855,-0.10181,-0.19871,0.15
1787915940,2026-08-28T11:19:00,R0,CHECK,cont,1,-2.6012,-1.026,0,7.0,0.14087,0.17154,14.48714,18.10857,5.11811,41.285,37.315,49.69,165.66212,1000.49843,5645.25876,3.27797,3.63484,5.43791,0.39991,0.01234,0.00123,0.0585,4,13,2.25,96.0,25.0,0.65,0.55,0.7,-0.01212,0.2586,0.25853,0.16514,0.08855,-0.10181,-0.19871,0.15
1787917860,2026-08-28T11:51:00,R0,CHECK,flip,-1,-1.4076,-1.0456,0,7.0,0.14271,0.25506,7.69286,9.61571,3.44953,43.53,37.315,49.05,175.28433,1000.65496,5608.96659,3.59338,3.62027,5.38137,0.12879,0.03179,0.00511,0.03064,5,14,1.8,62.0,0.0,0.65,0.55,0.7,-0.01212,0.2586,0.25853,0.16514,0.13953,-0.03706,-0.03189,0.2
1787919060,2026-08-28T12:11:00,R0,CHECK,cont,-1,-2.9316,-1.0051,0,7.0,0.14371,0.17469,16.66571,20.83286,5.03849,39.42,36.625,48.71,164.44105,988.80519,5597.32898,3.36325,3.56247,5.36932,0.08484,0.04469,0.00028,0.02507,5,15,2.0,62.0,20.0,0.65,0.55,0.7,-0.01212,0.2586,0.25853,0.16514,0.13953,-0.03706,-0.03189,0.2
1787920380,2026-08-28T12:33:00,R0,CHECK,cont,-1,3.3842,0.8,1,7.0,0.14427,0.15892,24.17286,30.21571,5.54223,40.31,38.54,48.52,163.44432,1028.22477,5603.65533,3.38328,3.66423,5.37247,0.20252,0.04317,0.00152,0.03621,5,16,2.2,62.0,42.0,0.65,0.55,0.7,-0.01212,0.2586,0.25853,0.16514,0.11961,-0.0146,-0.05298,0.2
1787923320,2026-08-28T13:22:00,R0,CHECK,cont,-1,3.097,0.8,1,7.0,0.1446,0.1691,22.12143,27.65143,5.22031,39.925,39.19,48.41,174.30109,1050.4915,5619.61796,3.59266,3.71288,5.37382,0.23461,0.05041,0.00168,0.03064,5,17,2.4,62.0,91.0,0.65,0.55,0.68,-0.01341,0.22208,0.25853,0.16406,0.04663,-0.08788,-0.10872,0.15
1787924340,2026-08-28T13:39:00,R0,CHECK,cont,-1,-3.2818,-1.011,0,7.0,0.14466,0.07518,18.54857,23.18571,11.76188,47.875,40.935,48.39,196.91305,1078.20419,5591.04675,4.12087,3.80827,5.33321,0.14817,0.06151,0.00219,0.01393,4,18,3.5,62.0,108.0,0.65,0.55,0.68,-0.01341,0.22208,0.25853,0.16406,0.04663,-0.08788,-0.10872,0.15
1787927460,2026-08-28T14:31:00,R0,CHECK,flip,1,6.3232,0.8,1,7.0,0.14386,0.04675,45.16571,56.45714,18.9474,123.705,45.785,48.66,530.25123,1455.36024,5759.84649,11.75867,5.96701,5.62072,0.0552,0.0667,0.01945,-0.00279,3,17,4.66667,62.0,160.0,0.65,0.5,0.64,-0.10549,0.14907,0.16625,0.0738,0.09524,-0.01897,-0.11026,0.15
1787929200,2026-08-28T15:00:00,R0,CHECK,cont,1,-13.6256,-1.002,0,7.0,0.14411,0.05787,77.70571,97.13143,15.16243,126.345,50.37,48.575,606.05559,1607.19136,5771.97939,12.84447,6.66965,5.70903,0.07971,0.02161,0.00977,0.01393,4,18,3.5,189.0,0.0,0.6,0.55,0.64,-0.01522,0.14907,0.16625,0.0738,0.1109,-0.01191,-0.11732,0.15
1787934120,2026-08-28T16:22:00,R0,CHECK,flip,-1,5.1328,0.8,1,7.0,0.14244,0.056,36.66286,45.82857,16.12801,99.005,67.095,49.145,457.72666,1968.96505,5957.95392,8.05932,7.54436,5.68013,0.52145,0.11065,0.06429,0.04178,5,18,2.6,82.0,0.0,0.55,0.5,0.62,-0.10577,0.11285,0.16625,0.07639,0.09703,-0.02493,-0.10352,0.15
1787935500,2026-08-28T16:45:00,R0,CHECK,flip,1,-4.2066,-1.016,0,7.0,0.14207,0.06205,23.66,29.57429,14.46875,121.74,72.705,49.27,537.412,2150.15459,6059.76523,11.47592,8.33726,5.92342,0.19647,0.07953,0.05502,0.05292,6,19,2.16667,82.0,0.0,0.55,0.55,0.62,-0.01564,0.11285,0.16625,0.07639,0.09703,-0.02493,-0.10352,0.15
1787936400,2026-08-28T17:00:00,R0,CHECK,flip,-1,-4.4444,-1.0325,0,7.0,0.14136,0.07059,24.59714,30.74714,12.76621,120.01,74.965,49.52,542.18373,2213.09774,6140.17596,11.61845,8.4712,5.97329,0.16781,0.1105,0.05584,0.05292,7,20,1.85714,82.0,0.0,0.5,0.5,0.62,-0.10574,0.11289,0.16625,-0.01371,0.14752,0.03527,-0.05788,0.15
1787941140,2026-08-28T18:19:00,R0,CHECK,cont,-1,6.724,0.8,1,7.0,0.14154,0.11845,48.02857,60.03571,7.60922,61.57,85.555,49.455,239.29517,2339.4644,6115.8818,4.96732,8.75034,5.92962,0.21464,0.10616,0.04734,0.08078,7,20,1.85714,82.0,79.0,0.5,0.5,0.62,-0.10574,0.11289,0.16625,-0.01371,0.09755,-0.13109,-0.1284,0.15
1787942820,2026-08-28T18:47:00,R0,CHECK,cont,-1,-3.8672,-1.0095,0,7.0,0.14068,0.09127,21.89,27.36286,9.924,62.595,87.48,49.76,223.02524,2388.5799,6153.60916,4.43758,8.80995,5.92495,0.39524,0.11739,0.05689,0.06407,7,22,2.14286,82.0,107.0,0.55,0.45,0.62,-0.19654,0.11278,0.16578,-0.01371,0.09755,-0.13109,-0.1284,0.15
1787944080,2026-08-28T19:08:00,R0,CHECK,flip,1,2.1112,0.8,1,7.0,0.13919,0.11047,15.08,18.85,8.15878,65.905,88.57,50.29,263.21618,2387.05824,6134.75601,5.5182,8.86404,5.94328,0.06206,0.08996,0.05509,0.08078,8,23,1.875,82.0,0.0,0.55,0.4,0.6,-0.28817,0.07613,0.07415,-0.01371,0.14817,-0.08753,-0.10216,0.2
1787944860,2026-08-28T19:21:00,R0,CHECK,cont,1,-3.4098,-1.0188,0,7.0,0.13904,0.12829,19.12571,23.90714,7.01578,64.69,88.57,50.345,243.91542,2401.49911,6119.02567,5.12345,8.88801,5.93952,0.11652,0.08279,0.05061,0.08078,8,24,2.0,82.0,13.0,0.55,0.4,0.6,-0.28817,0.07613,0.07415,-0.01371,0.11671,-0.12629,-0.16861,0.2
1787946180,2026-08-28T19:43:00,R0,CHECK,flip,-1,1.605,0.8,1,7.0,0.14001,0.1578,11.46429,14.33,5.71769,51.55,86.095,49.995,216.32233,2372.07632,6121.62391,4.66641,8.82603,5.92828,0.10112,0.08402,0.05094,0.07521,9,25,1.77778,82.0,0.0,0.55,0.4,0.6,-0.28817,0.07613,0.07415,-0.01371,0.10891,-0.13947,-0.19261,0.2
1787949120,2026-08-28T20:32:00,R0,CHECK,cont,-1,-5.5186,-1.0147,0,7.0,0.13707,0.13927,31.07714,38.84571,6.49964,50.325,75.265,51.07,202.94596,2076.37241,6167.54189,4.23058,7.66873,5.94265,0.19003,0.10797,0.05617,0.06964,9,26,1.88889,82.0,49.0,0.55,0.45,0.62,-0.198,0.11215,0.07415,0.07681,0.16871,-0.16016,-0.32559,0.25
1787957100,2026-08-28T22:45:00,R0,CHECK,flip,1,-2.0746,-1.0054,0,7.0,0.13982,0.16821,11.79143,14.73857,5.35235,35.445,49.065,50.065,143.99826,1287.66263,6063.77566,2.94642,4.71847,5.90255,0.26768,0.0226,0.05336,0.03064,10,27,1.7,82.0,0.0,0.45,0.4,0.56,-0.29003,0.00329,0.16416,-0.19534,0.07439,-0.21782,-0.28691,0.25
1787961300,2026-08-28T23:55:00,R0,CHECK,cont,1,2.3822,0.8,1,7.0,0.14149,0.24921,17.01571,21.27,3.61161,19.935,38.61,49.475,107.74692,1035.9792,6012.38039,2.54189,3.77075,5.88681,0.09592,0.01654,0.05364,0.00836,10,28,1.8,82.0,70.0,0.45,0.4,0.56,-0.29003,0.00329,0.16416,-0.19534,0.01469,-0.31221,-0.44176,0.2
1787962860,2026-08-29T00:21:00,R0,CHECK,cont,1,-2.3524,-1.026,0,7.0,0.14261,0.17694,13.10143,16.37714,5.07767,25.72,37.7,49.085,141.53053,1012.85739,6004.62459,3.02874,3.66388,5.88342,0.21764,0.04604,0.05322,-0.01393,10,31,2.1,82.0,96.0,0.45,0.4,0.56,-0.29003,0.00329,0.16416,-0.19534,0.01469,-0.31221,-0.44176,0.2
1787964480,2026-08-29T00:48:00,R0,CHECK,flip,-1,-1.4636,-1.0033,0,7.0,0.14571,0.28227,8.33571,10.42,3.18979,33.525,35.68,48.04,162.854,966.96654,5957.05795,3.37196,3.49444,5.85536,0.0829,0.06556,0.05779,-0.0195,11,33,2.0,82.0,0.0,0.5,0.4,0.54,-0.28996,-0.03282,0.07389,-0.19534,0.03712,-0.18155,-0.39061,0.2
1787965260,2026-08-29T01:01:00,R0,CHECK,cont,-1,-2.3858,-1.0067,0,7.0,0.14782,0.20905,13.54286,16.92857,4.31022,33.26,35.16,47.355,161.08609,945.24237,5906.40579,3.27608,3.34374,5.81138,0.12398,0.00563,0.06717,-0.01393,11,34,2.09091,82.0,13.0,0.5,0.4,0.54,-0.28996,-0.03282,0.07389,-0.19534,-0.04657,-0.36602,-0.59558,0.2
1787970120,2026-08-29T02:22:00,R0,CHECK,cont,-1,3.7285,0.8,1,7.0,0.15814,0.22411,26.63143,33.29,4.02416,24.145,29.535,44.265,129.21011,828.57117,5556.6043,2.76992,2.93165,5.51132,0.11007,0.02173,0.05557,-0.01393,11,34,2.09091,82.0,94.0,0.4,0.4,0.54,-0.29063,-0.03325,0.07389,-0.28664,-0.06324,-0.3179,-0.54781,0.2
1787985720,2026-08-29T06:42:00,R0,CHECK,flip,1,0.8126,0.8,1,7.0,0.18217,0.25165,5.80429,7.25571,3.59047,23.705,22.04,38.425,108.97623,624.05209,5040.56646,2.47015,2.28911,5.22287,0.2351,0.06242,0.06095,-0.0585,11,38,2.45455,123.0,0.0,0.4,0.45,0.52,-0.19729,-0.06943,0.07399,-0.37697,-0.05487,-0.32734,-0.52273,0.2
1787986920,2026-08-29T07:02:00,R0,CHECK,cont,1,1.5171,0.8,1,7.0,0.18277,0.31877,10.83714,13.54571,2.83353,23.01,21.83,38.3,112.7036,607.38236,5023.05931,2.42827,2.23552,5.21716,0.08542,0.04861,0.06051,-0.05292,11,39,2.54545,123.0,20.0,0.4,0.45,0.52,-0.19729,-0.06943,0.07399,-0.37697,-0.07585,-0.20859,-0.50098,0.2
1788037200,2026-08-29T21:00:00,R0,CHECK,flip,-1,0.9488,0.8,1,7.0,0.29832,0.41042,6.77714,8.47143,2.18379,21.275,27.59,23.465,96.89326,761.00803,2694.27146,2.25354,2.85672,2.57441,0.11197,0.02004,0.03302,-0.04735,4,25,5.25,123.0,0.0,0.45,0.45,0.52,-0.1973,-0.06944,0.07399,-0.28651,-0.06542,-0.06231,-0.31689,0.1
1788040380,2026-08-29T21:53:00,R0,CHECK,flip,1,2.0606,0.8,1,7.0,0.30342,0.25823,14.71857,18.39857,3.46726,19.27,25.335,23.07,93.53006,702.90678,2656.43441,2.2409,2.67618,2.55909,0.05435,0.056,0.03956,-0.06407,5,26,4.2,123.0,0.0,0.45,0.45,0.52,-0.1973,-0.06944,0.07399,-0.28651,-0.05588,-0.05065,-0.23369,0.1
1788052320,2026-08-30T01:12:00,R0,CHECK,flip,-1,0.5931,0.8,1,7.0,0.31804,0.29001,4.23714,5.29571,3.09106,23.375,21.015,22.01,123.45089,590.36776,2527.04678,2.90903,2.30003,2.46676,0.07314,0.03993,0.02039,-0.06407,4,25,5.25,128.0,0.0,0.5,0.5,0.54,-0.10675,-0.0333,0.16412,-0.28651,-0.16691,-0.21748,-0.28195,0.05
1788060720,2026-08-30T03:32:00,R0,CHECK,flip,1,-2.9822,-1.0068,0,7.0,0.32044,0.35462,16.92571,21.15714,2.52498,16.54,20.075,21.845,82.56252,588.29888,2513.29086,1.85923,2.28921,2.4561,0.25341,0.0126,0.02651,-0.08635,5,25,4.0,140.0,0.0,0.55,0.55,0.54,-0.01665,-0.0333,0.16412,-0.28651,0.03064,-0.02108,-0.10312,0.1
1788084120,2026-08-30T10:02:00,R0,CHECK,flip,-1,-1.671,-1.0083,0,7.0,0.34289,0.37356,9.47,11.83714,2.40343,17.05,15.305,20.415,89.20415,461.38642,2411.5481,2.09441,1.83294,2.38589,0.15941,0.04622,0.01744,-0.19777,5,16,2.2,182.0,0.0,0.55,0.5,0.52,-0.10699,-0.06944,0.07378,-0.28651,0.07439,0.00181,-0.12624,0.1
1788086760,2026-08-30T10:46:00,R0,CHECK,flip,1,1.9469,0.8,1,7.0,0.34585,0.40376,13.90571,17.38286,2.21884,18.09,15.445,20.24,91.56721,467.0853,2392.42322,2.07097,1.84198,2.36919,0.13892,0.02517,0.02449,-0.17549,6,17,1.83333,182.0,0.0,0.55,0.5,0.52,-0.10699,-0.06944,0.07378,-0.28651,0.03349,-0.08552,-0.20881,0.05
1788091380,2026-08-30T12:03:00,R0,CHECK,flip,1,2.0035,0.8,1,7.0,0.34671,0.21304,14.31143,17.88857,4.19634,18.405,16.45,20.19,108.48341,501.8638,2405.19707,3.05264,2.09436,2.41336,0.18933,0.04681,0.03853,-0.13649,8,21,1.625,140.0,0.0,0.55,0.5,0.5,-0.1066,-0.10561,-0.01664,-0.28651,-0.09177,-0.22584,-0.09952,0.1
1788093120,2026-08-30T12:32:00,R0,CHECK,cont,1,4.4352,0.8,1,7.0,0.33727,0.11329,31.68,39.6,7.84372,35.89,18.11,20.755,216.81108,613.05066,2488.2371,5.1699,2.74906,2.56389,0.3528,0.12501,0.06121,-0.12535,8,22,1.75,140.0,29.0,0.55,0.5,0.5,-0.1066,-0.10561,-0.01664,-0.28651,-0.10029,-0.35065,-0.2837,0.1
1788121860,2026-08-30T20:31:00,R0,CHECK,flip,-1,6.7674,0.8,1,7.0,0.29756,0.18017,48.33857,60.42286,4.93389,32.375,37.26,23.525,138.16788,1063.41301,2945.11395,2.89988,4.05843,3.05384,0.16567,0.01866,0.02468,-0.01393,9,23,1.55556,140.0,0.0,0.6,0.6,0.54,0.07549,-0.03342,0.07347,-0.28651,-0.11627,-0.31144,-0.22022,0.15
1788123660,2026-08-30T21:01:00,R0,CHECK,cont,-1,-7.3356,-1.0065,0,7.0,0.2927,0.11142,41.64857,52.06,8.01383,40.37,38.67,23.915,224.24451,1139.37237,3068.33155,5.08129,4.38219,3.19102,0.27819,0.0347,0.01159,0.01393,9,25,1.77778,140.0,30.0,0.6,0.6,0.54,0.07549,-0.03342,0.07347,-0.28651,-0.11698,-0.21733,-0.12864,0.2
1788136500,2026-08-31T00:35:00,R0,CHECK,flip,1,-3.7248,-1.0039,0,7.0,0.23977,0.11278,21.20143,26.50143,7.95031,87.335,47.895,29.195,375.75983,1529.20885,3866.96205,8.15026,6.26772,4.19749,0.13817,0.09207,0.00423,0.01393,8,21,1.625,140.0,0.0,0.6,0.6,0.54,0.07611,-0.03344,0.07347,-0.37683,0.09119,0.02781,0.09195,0.35
1788141600,2026-08-31T02:00:00,R0,CHECK,flip,-1,-7.7954,-1.0115,0,7.0,0.21605,0.1306,44.03714,55.04571,6.91117,65.41,55.825,32.4,275.97361,1720.08759,4086.74094,5.95148,6.68643,4.37184,0.16773,0.10033,0.01504,0.04178,8,21,1.625,140.0,0.0,0.6,0.6,0.54,0.07611,-0.03344,0.07347,-0.37683,-0.03109,-0.10428,-0.06334,0.3
1788144600,2026-08-31T02:50:00,R0,CHECK,cont,-1,-9.085,-1.0043,0,7.0,0.20631,0.1373,51.69,64.61286,6.57647,51.82,58.015,33.93,196.51929,1703.07642,4174.6675,4.06772,6.60388,4.42106,0.15852,0.08964,0.01744,0.03621,8,22,1.75,140.0,50.0,0.6,0.55,0.52,-0.01409,-0.06952,0.0739,-0.37683,-0.04694,-0.14446,-0.10371,0.3
1788160320,2026-08-31T07:12:00,R0,CHECK,flip,1,5.148,0.8,1,7.0,0.17498,0.14587,36.77143,45.96429,6.13965,44.68,48.34,40.005,186.0698,1275.23529,4698.21536,4.03975,4.65796,4.74867,0.1334,0.05776,0.00241,-0.01393,8,21,1.625,140.0,0.0,0.6,0.55,0.5,-0.01387,-0.10579,-0.01667,-0.37688,-0.02975,-0.14629,-0.1147,0.3
1788167280,2026-08-31T09:08:00,R0,CHECK,flip,1,-8.1434,-1.008,0,7.0,0.16426,0.09666,46.16429,57.70571,9.19361,49.445,42.895,42.615,275.41683,1259.32148,4961.62234,6.93288,4.86123,4.99806,0.30001,0.12371,0.01804,-0.01393,10,25,1.5,64.0,3.0,0.6,0.55,0.5,-0.01387,-0.10579,-0.01667,-0.37688,0.02262,-0.07079,-0.17899,0.25
1788177180,2026-08-31T11:53:00,R0,CHECK,flip,-1,6.9278,0.8,1,7.0,0.15198,0.19536,49.48429,61.85571,4.57752,37.185,43.285,46.06,161.25676,1203.92279,5252.233,3.64139,4.63434,5.1237,0.25973,0.02742,0.00365,0.05292,8,21,1.625,85.0,0.0,0.7,0.55,0.48,-0.01297,-0.14195,-0.01479,-0.37688,0.07711,0.11996,0.11388,0.3
1788179940,2026-08-31T12:39:00,R0,CHECK,cont,-1,3.3544,0.8,1,7.0,0.15171,0.08147,23.96,29.95,11.02967,53.74,44.09,46.14,254.64111,1258.3446,5284.24554,6.24575,5.00547,5.1476,0.24794,0.0179,0.01753,0.02507,7,21,2.0,85.0,46.0,0.7,0.55,0.48,-0.01297,-0.14195,-0.01479,-0.37688,0.01648,-0.00193,-0.0237,0.25
1788187260,2026-08-31T14:41:00,R0,CHECK,flip,1,12.7605,0.8,1,7.0,0.14375,0.06122,91.14571,113.93286,14.57017,102.76,54.245,48.695,427.56634,1668.49818,5678.98241,9.62775,6.89159,5.68188,0.10159,0.01964,0.00635,0.0195,8,20,1.5,168.0,0.0,0.7,0.65,0.5,0.16752,-0.10588,-0.01479,-0.28687,0.10072,0.14353,0.05158,0.3
1788205980,2026-08-31T19:53:00,R0,CHECK,flip,-1,-3.5468,-1.0036,0,7.0,0.13486,0.13198,20.19429,25.24286,6.71934,44.69,60.025,51.905,211.47303,1676.62059,6038.84354,4.15295,6.20378,5.9032,0.04379,0.08888,0.00221,-0.03064,9,24,1.66667,168.0,0.0,0.75,0.65,0.5,0.16752,-0.10588,0.07601,-0.28687,-0.01671,0.08046,-0.01466,0.2
1788208320,2026-08-31T20:32:00,R0,CHECK,cont,-1,5.5344,0.8,1,7.0,0.13438,0.13907,39.53143,49.41429,6.38472,43.03,55.475,52.09,203.94303,1548.78605,6083.20165,4.1019,5.68138,5.92162,0.14177,0.06709,0.00176,0.02507,8,24,2.0,168.0,39.0,0.75,0.65,0.5,0.16752,-0.10588,0.07601,-0.28687,0.00083,0.03576,-0.13033,0.15
1788216660,2026-08-31T22:51:00,R0,CHECK,cont,-1,-0.5912,-1.0275,0,7.0,0.13908,0.23518,3.28857,4.11,3.78841,30.905,42.385,50.33,128.22926,1163.43351,5853.30154,2.5488,4.14144,5.72439,0.40267,0.00882,0.00421,0.00279,10,29,1.9,112.0,47.0,0.75,0.6,0.5,0.07735,-0.10595,0.07745,-0.19653,-0.07477,0.09166,-0.0813,0.2
1788217200,2026-08-31T23:00:00,R0,CHECK,cont,-1,1.8928,0.8,1,7.0,0.13921,0.20466,13.52,16.9,4.35728,31.345,41.81,50.285,141.42487,1144.22865,5850.45946,2.78446,4.03706,5.71666,0.44831,0.01568,0.004,-0.01393,10,30,2.0,112.0,56.0,0.75,0.6,0.5,0.07735,-0.10595,0.07745,-0.19653,-0.04094,0.16432,0.081,0.25
1788221340,2026-09-01T00:09:00,R0,CHECK,flip,1,1.7394,0.8,1,7.0,0.14521,0.19543,12.42429,15.53,4.55153,26.75,38.055,48.205,117.05345,1038.34048,5454.07771,2.49176,3.68411,5.30174,0.22313,0.01711,0.02935,0.04178,11,28,1.54545,125.0,0.0,0.75,0.6,0.5,0.07735,-0.10595,0.07745,-0.19653,0.0926,0.4649,0.44233,0.35
1788223980,2026-09-01T00:53:00,R0,CHECK,flip,-1,2.2694,0.8,1,7.0,0.14652,0.16805,16.21,20.26286,5.29692,36.975,36.275,47.775,170.73103,979.67359,5405.52037,3.66241,3.47735,5.23636,0.06832,0.04739,0.01485,0.04178,11,29,1.63636,112.0,0.0,0.7,0.55,0.5,-0.01403,-0.10645,0.07745,-0.19661,0.07405,0.45768,0.32222,0.3
1788225960,2026-09-01T01:26:00,R0,CHECK,cont,-1,2.8349,0.8,1,7.0,0.14754,0.13193,20.24857,25.31143,6.76452,41.79,36.245,47.445,223.70676,1000.93693,5413.9247,4.9324,3.66208,5.23605,0.22724,0.07654,0.01568,0.08078,11,31,1.81818,112.0,33.0,0.65,0.55,0.5,-0.01403,-0.10645,0.07745,-0.10635,0.06522,0.3815,0.26114,0.25
1788236760,2026-09-01T04:26:00,R0,CHECK,flip,1,3.8053,0.8,1,7.0,0.15135,0.16861,27.18,33.97571,5.26584,42.065,37.79,46.25,200.98009,1028.17174,5333.46102,4.14212,3.8473,5.18656,0.28087,0.0106,0.03224,-0.00836,11,31,1.81818,125.0,0.0,0.6,0.65,0.54,0.16673,-0.03406,0.07745,-0.10635,0.08036,0.39059,0.32591,0.3
1788241260,2026-09-01T05:41:00,R0,CHECK,cont,1,-2.6886,-1.0007,0,7.0,0.15282,0.12,15.35286,19.19143,7.37393,38.975,38.385,45.805,178.35686,1066.61674,5211.73343,3.81539,3.96047,5.10414,0.29581,0.06487,0.02844,0.06964,11,34,2.09091,125.0,75.0,0.6,0.65,0.54,0.16673,-0.03406,0.07745,-0.10635,0.07224,0.35936,0.33548,0.3
1788245220,2026-09-01T06:47:00,R0,CHECK,flip,-1,2.3834,0.8,1,7.0,0.15321,0.19277,17.02429,21.28,4.60986,38.48,39.645,45.69,174.27969,1114.69359,5221.93418,3.80492,4.08589,5.09813,0.21421,0.00702,0.01689,0.06964,12,36,2.0,141.0,0.0,0.6,0.65,0.56,0.16673,0.00246,0.16772,-0.10635,0.10953,0.37648,0.23906,0.35
1788249960,2026-09-01T08:06:00,R0,CHECK,cont,-1,4.3078,0.8,1,7.0,0.15519,0.14336,30.77,38.46286,6.22843,38.295,37.72,45.105,183.18484,1070.75614,5246.22918,4.32853,3.94018,5.114,0.23198,0.01396,0.00878,0.04735,10,35,2.5,141.0,79.0,0.55,0.6,0.56,0.0767,0.00335,0.16772,-0.19638,0.09098,0.46905,0.37398,0.4
1788251100,2026-09-01T08:25:00,R0,CHECK,cont,-1,4.4954,0.8,1,7.0,0.15464,0.09198,32.11,40.13714,9.75946,44.52,38.26,45.265,254.4437,1119.31656,5291.55993,5.59297,4.14799,5.13487,0.39103,0.03202,0.00173,0.0585,10,35,2.5,141.0,98.0,0.55,0.6,0.56,0.0767,0.00335,0.16772,-0.19638,0.09098,0.46905,0.37398,0.4
1788259140,2026-09-01T10:39:00,R0,CHECK,flip,1,-2.856,-1.0008,0,7.0,0.15334,0.13222,16.30714,20.38429,6.77428,46.32,42.125,45.65,225.72819,1220.88331,5287.27663,4.78478,4.44072,5.06461,0.14885,0.05809,0.00766,0.0585,10,37,2.7,141.0,0.0,0.55,0.65,0.58,0.16702,0.03946,0.25788,-0.01573,0.17489,0.45202,0.41978,0.4
1788260400,2026-09-01T11:00:00,R0,CHECK,flip,-1,-1.4574,-1.031,0,7.0,0.15348,0.15874,8.07714,10.09714,5.65823,45.955,42.48,45.61,238.63358,1253.84124,5305.535,4.95835,4.48679,5.06316,0.01983,0.08103,0.01602,0.04735,11,38,2.45455,125.0,0.0,0.55,0.65,0.58,0.16702,0.03946,0.25788,-0.01573,0.09945,0.31295,0.18213,0.35
1788261600,2026-09-01T11:20:00,R0,CHECK,cont,-1,1.5232,0.8,1,7.0,0.15388,0.2088,10.88,13.6,4.30212,41.755,42.445,45.49,188.89682,1239.93328,5289.61151,3.76581,4.43322,5.0472,0.01598,0.08955,0.01534,0.0195,11,38,2.45455,125.0,20.0,0.55,0.65,0.58,0.16702,0.03946,0.25788,-0.01573,0.01406,0.17946,-0.10818,0.3
1788266100,2026-09-01T12:35:00,R0,CHECK,cont,-1,5.543,0.8,1,7.0,0.15405,0.13296,39.59286,49.49143,6.76599,45.35,42.575,45.44,205.14349,1242.65355,5279.72833,4.10558,4.40366,4.97728,0.14877,0.11019,0.00749,-0.00279,10,38,2.8,125.0,95.0,0.55,0.65,0.58,0.16702,0.03946,0.25788,-0.01573,-0.02436,-0.12314,-0.24709,0.25
1788271260,2026-09-01T14:01:00,R0,CHECK,flip,1,-5.2458,-1.0056,0,7.0,0.1549,0.07556,29.80857,37.26,11.8457,94.4,51.545,45.19,395.07121,1508.32236,5228.65094,9.66024,5.85839,5.01397,0.11296,0.03239,0.00929,-0.0195,11,39,2.54545,125.0,0.0,0.55,0.7,0.58,0.25643,0.03908,0.0763,-0.01573,-0.06935,-0.20136,-0.17539,0.25
1788279240,2026-09-01T16:14:00,R0,CHECK,flip,-1,6.4637,0.8,1,7.0,0.15819,0.10182,46.16857,57.71143,8.85471,56.12,56.7,44.25,216.54538,1582.15482,5042.57117,4.56484,6.10325,4.71448,0.0867,0.01765,0.02581,-0.03064,11,40,2.63636,133.0,0.0,0.5,0.7,0.58,0.25654,0.03929,-0.01398,0.07474,-0.12181,-0.24586,-0.33567,0.25
1788280560,2026-09-01T16:36:00,R0,CHECK,cont,-1,-6.758,-1.0046,0,7.0,0.15791,0.08276,38.44143,48.05143,10.94476,57.47,57.335,44.33,286.06454,1635.85067,5119.79557,6.04958,6.27595,4.78011,0.27079,0.06207,0.03438,-0.03064,11,41,2.72727,133.0,22.0,0.5,0.7,0.58,0.25654,0.03929,-0.01398,0.07474,-0.12181,-0.24586,-0.33567,0.25
1788285540,2026-09-01T17:59:00,R0,CHECK,cont,-1,7.155,0.8,1,7.0,0.16038,0.104,51.10714,63.88429,8.71347,49.165,61.75,43.645,244.9895,1747.49762,5155.49243,5.20957,6.58693,4.81336,0.16587,0.05975,0.04116,-0.01393,11,41,2.72727,133.0,105.0,0.5,0.7,0.58,0.25654,0.03929,-0.01398,0.07474,-0.15862,-0.26878,-0.33683,0.25
1788289440,2026-09-01T19:04:00,R0,CHECK,flip,1,3.4866,0.8,1,7.0,0.1567,0.08332,24.90429,31.13,10.87246,73.34,66.965,44.67,414.55001,1935.04335,5344.88011,8.92849,7.29004,5.06824,0.01725,0.03605,0.04303,-0.0585,11,43,2.90909,133.0,170.0,0.5,0.65,0.58,0.16632,0.03985,-0.01398,0.07545,-0.17899,-0.09374,0.15793,0.35
1788297000,2026-09-01T21:10:00,R0,CHECK,flip,-1,2.1896,0.8,1,7.0,0.1567,0.11473,15.64,19.55,7.91166,39.84,54.915,44.67,210.90264,1614.11379,5369.28094,4.31547,5.93989,5.08907,0.08587,0.04999,0.04144,-0.0585,12,43,2.58333,141.0,0.0,0.45,0.7,0.6,0.2565,0.07604,0.07636,0.16619,-0.11702,-0.20697,0.02015,0.3
1788302940,2026-09-01T22:49:00,R0,CHECK,flip,1,5.001,0.8,1,7.0,0.15259,0.1464,35.72143,44.65143,6.18705,39.675,49.665,45.875,195.34251,1522.03163,5501.63313,4.38782,5.687,5.20162,0.09823,0.02354,0.03041,-0.02507,11,39,2.54545,141.0,0.0,0.45,0.7,0.6,0.2565,0.07604,0.07636,0.16619,-0.42142,-0.9849,-0.69806,0.2
1788309240,2026-09-02T00:34:00,R0,CHECK,flip,-1,1.4581,0.8,1,7.0,0.15116,0.12962,10.41429,13.01857,6.99458,41.485,44.885,46.31,225.27316,1400.09263,5604.57077,4.62751,5.13952,5.25831,0.11112,0.0286,0.03622,-0.01393,11,38,2.45455,133.0,0.0,0.5,0.7,0.62,0.2565,0.11241,0.16678,0.16619,-0.26048,-0.74899,-0.55736,0.2
1788312600,2026-09-02T01:30:00,R0,CHECK,cont,-1,3.9832,0.8,1,7.0,0.1502,0.13557,28.45143,35.56429,6.69945,48.55,43.185,46.605,271.85577,1305.61872,5656.97309,5.19318,4.58907,5.26636,0.07213,0.02711,0.03067,-0.0585,10,36,2.6,133.0,56.0,0.55,0.75,0.62,0.34787,0.11241,0.16678,0.16619,-0.22337,-0.66527,-0.44014,0.25
1788313800,2026-09-02T01:50:00,R0,CHECK,cont,-1,-3.964,-1.0006,0,7.0,0.14983,0.09625,22.63857,28.29857,9.4762,50.625,44.295,46.72,255.89168,1334.42077,5689.28068,4.88822,4.64796,5.26985,0.20449,0.04934,0.03909,-0.0195,10,37,2.7,133.0,76.0,0.55,0.75,0.62,0.34787,0.11241,0.16678,0.16619,-0.22337,-0.66527,-0.44014,0.25
1788316020,2026-09-02T02:27:00,R0,CHECK,flip,1,-1.7456,-1.0684,0,7.0,0.14857,0.1254,9.33571,11.67,7.22592,62.89,45.45,47.115,274.32845,1378.62362,5719.49098,5.93354,4.91615,5.33673,0.03499,0.00623,0.0237,-0.02507,11,37,2.36364,113.0,0.0,0.55,0.75,0.62,0.34787,0.11241,0.16678,0.16619,-0.23397,-0.63389,-0.53275,0.25
1788318060,2026-09-02T03:01:00,R0,CHECK,cont,1,4.3957,0.8,1,7.0,0.1467,0.17012,31.39714,39.24714,5.31768,49.175,45.875,47.715,230.11703,1388.3051,5718.23885,5.24046,4.96584,5.33862,0.23659,0.00094,0.02334,-0.00279,11,38,2.45455,113.0,34.0,0.6,0.75,0.64,0.34787,0.14871,0.16678,0.16619,-0.25123,-0.73136,-0.53159,0.25
1788338280,2026-09-02T08:38:00,R0,CHECK,flip,-1,1.4042,0.8,1,7.0,0.14972,0.13422,10.03,12.53714,6.77031,36.75,36.865,46.755,197.22375,1104.90582,5699.86996,4.00882,4.07729,5.32053,0.34777,0.01692,0.02103,0.03064,10,30,2.0,113.0,0.0,0.5,0.65,0.66,0.16442,0.18402,0.07336,0.2578,-0.22549,-0.68478,-0.49996,0.3
1788340980,2026-09-02T09:23:00,R0,CHECK,cont,-1,5.2259,0.8,1,7.0,0.14964,0.10604,37.32857,46.66,8.60998,55.26,38.175,46.78,223.86755,1143.16479,5731.0274,4.7801,4.21379,5.33402,0.34686,0.09317,0.02874,0.09192,10,30,2.0,113.0,45.0,0.5,0.65,0.66,0.16442,0.18402,0.07336,0.2578,-0.17384,-0.48155,-0.34018,0.35
1788347640,2026-09-02T11:14:00,R0,CHECK,flip,1,-4.3092,-1.0068,0,7.0,0.14448,0.10291,24.45714,30.57143,8.86895,52.88,43.995,48.45,236.73243,1246.28001,5804.02891,4.76994,4.45987,5.39085,0.05274,0.09096,0.02796,0.10864,9,32,2.55556,133.0,0.0,0.55,0.7,0.68,0.25446,0.22016,0.16355,0.2578,-0.22366,-0.48851,-0.65142,0.2
1788350220,2026-09-02T11:57:00,R0,CHECK,cont,1,6.9229,0.8,1,7.0,0.14213,0.17032,49.44857,61.81143,5.35606,55.945,46.765,49.25,249.06924,1307.92171,5847.75653,5.0861,4.65227,5.42358,0.09085,0.08449,0.02896,0.13092,9,32,2.55556,133.0,43.0,0.5,0.7,0.68,0.25445,0.22016,0.16355,0.2578,-0.24234,-0.70141,-0.8748,0.15
1788356520,2026-09-02T13:42:00,R0,CHECK,cont,1,9.4222,0.8,1,7.0,0.14337,0.06417,67.30143,84.12714,14.14237,53.46,52.535,48.825,305.93326,1460.17987,5777.15255,7.3092,5.35648,5.3869,0.15546,0.03995,0.01057,0.10306,11,35,2.18182,108.0,15.0,0.55,0.65,0.66,0.16411,0.18402,0.16379,0.2578,0.05228,0.13443,-0.28592,0.2
1788444000,2026-09-03T14:00:00,R0,CHECK,flip,-1,-3.1596,-1.0276,0,7.0,0.15451,0.09084,17.57,21.96286,9.79358,66.04,47.505,45.305,311.62231,1411.18098,5195.9521,6.92728,5.37656,5.04532,0.04728,0.0902,0.03919,-0.07521,13,28,1.15385,63.0,0.0,0.5,0.7,0.66,0.25415,0.18402,0.16379,0.2578,-0.26874,-0.12218,-0.38141,0.25
1788444660,2026-09-03T14:11:00,R0,CHECK,flip,1,2.0573,0.8,1,7.0,0.15451,0.08126,14.69429,18.36857,10.91336,68.835,47.785,45.305,330.14586,1404.95809,5151.00077,7.1541,5.35231,4.98702,0.1408,0.08836,0.04221,-0.08635,14,29,1.07143,46.0,0.0,0.5,0.7,0.66,0.25415,0.18402,0.16379,0.2578,-0.25679,-0.1445,-0.328,0.25
1788445320,2026-09-03T14:22:00,R0,CHECK,cont,1,3.964,0.8,1,7.0,0.15451,0.07484,28.31429,35.39286,11.8073,85.68,48.24,45.305,375.28872,1429.7313,5146.87137,7.7996,5.47543,5.00038,0.22289,0.12496,0.04672,-0.08078,14,29,1.07143,46.0,11.0,0.5,0.7,0.66,0.25415,0.18402,0.16379,0.2578,-0.32849,-0.20851,-0.29101,0.3
1788446760,2026-09-03T14:46:00,R0,CHECK,cont,1,5.6491,0.8,1,7.0,0.15434,0.05837,40.35143,50.43857,15.00143,95.765,51.665,45.355,404.67404,1530.19794,5146.48338,7.78968,5.79039,5.01686,0.32311,0.16893,0.06648,-0.06407,14,30,1.14286,46.0,35.0,0.5,0.7,0.66,0.25415,0.18402,0.16379,0.2578,-0.27571,0.01242,-0.31172,0.35
1788447540,2026-09-03T14:59:00,R0,CHECK,cont,1,7.1051,0.8,1,7.0,0.15403,0.044,50.75143,63.43857,19.75239,108.615,53.58,45.445,444.82965,1592.27508,5170.21464,9.30674,6.33702,5.1748,0.48053,0.21358,0.08448,-0.03064,14,31,1.21429,46.0,48.0,0.5,0.7,0.66,0.25415,0.18402,0.16379,0.2578,-0.21605,0.15669,-0.11706,0.4
1788449940,2026-09-03T15:39:00,R0,CHECK,cont,1,8.96,0.8,1,7.0,0.15403,0.08087,64.0,80.0,10.69077,118.355,62.375,45.445,431.1034,1732.31209,5123.24889,9.65736,6.7647,5.13845,0.37768,0.23327,0.09333,0.01393,13,31,1.38462,46.0,88.0,0.5,0.7,0.66,0.25415,0.18402,0.16379,0.2578,-0.10572,0.26329,-0.02707,0.4
1788469380,2026-09-03T21:03:00,R0,CHECK,flip,-1,-6.7398,-1.0067,0,7.0,0.1414,0.13946,38.25714,47.82143,6.16725,53.38,68.885,49.505,264.84966,1819.48375,5687.86517,5.79626,6.88175,5.71722,0.07947,0.0323,0.088,-0.00279,11,37,2.36364,45.0,0.0,0.45,0.8,0.68,0.43483,0.21977,0.16281,0.43834,0.0222,0.12313,-0.00505,0.2
1788474060,2026-09-03T22:21:00,R0,CHECK,cont,-1,16.4834,0.8,1,7.0,0.13521,0.11148,117.73857,147.17286,7.72718,74.61,62.975,51.77,332.50684,1708.83926,5947.43703,7.38496,6.35972,5.91173,0.12385,0.0295,0.08742,0.04178,10,37,2.7,45.0,78.0,0.45,0.8,0.68,0.43483,0.21977,0.16281,0.43834,-0.02489,0.08162,-0.12147,0.2
1788525900,2026-09-04T12:45:00,R0,CHECK,flip,-1,11.6795,0.8,1,7.0,0.12523,0.03234,83.42571,104.28143,27.26482,62.755,49.55,55.895,518.95909,1559.76564,6590.5462,20.64413,9.46796,7.24364,0.44667,0.11609,0.02232,-0.09497,15,42,1.8,47.0,0.0,0.45,0.75,0.66,0.3445,0.18364,0.07248,0.52971,-0.06501,-0.0292,-0.13036,0.15
1788625560,2026-09-05T16:26:00,R0,CHECK,flip,1,-10.0896,-1.0084,0,7.0,0.34138,0.25627,57.17429,71.46714,3.41905,19.835,16.74,20.505,94.98233,504.99902,2373.294,2.1606,2.14345,2.4351,0.17646,0.05632,0.0211,-0.18663,1,1,0.0,61.0,5.0,0.45,0.75,0.68,0.3445,0.21977,0.07248,0.52971,-0.14421,-0.0738,-0.19935,0.15
1788706860,2026-09-06T15:01:00,R0,CHECK,cont,-1,-6.0976,-1.0014,0,7.0,0.32029,0.13127,34.79571,43.49429,6.71505,45.805,21.045,21.855,214.7096,640.9996,2517.31101,4.64286,2.63952,2.54356,0.24474,0.08157,0.01605,-0.03064,8,28,2.5,184.0,63.0,0.45,0.7,0.68,0.25408,0.21968,0.07224,0.52971,-0.22729,-0.24149,-0.30377,0.2
1788711120,2026-09-06T16:12:00,R0,CHECK,flip,1,-2.8148,-1.0165,0,7.0,0.31049,0.19959,15.82286,19.77857,4.39873,29.125,24.99,22.545,139.7073,722.96573,2588.78416,2.91125,2.90556,2.60223,0.17829,0.03279,0.00368,-0.08078,9,29,2.22222,184.0,0.0,0.45,0.7,0.68,0.25408,0.21968,0.07224,0.52971,-0.22484,-0.24871,-0.29851,0.2
1788717720,2026-09-06T18:02:00,R0,CHECK,cont,1,3.2472,0.8,1,7.0,0.31956,0.32465,23.19429,28.99286,2.7028,25.27,28.515,21.905,106.36352,788.37318,2495.79032,2.20815,3.01492,2.50264,0.13507,0.02311,0.01404,-0.10306,8,29,2.625,184.0,110.0,0.4,0.65,0.68,0.16401,0.21988,0.07224,0.43964,-0.23014,-0.27031,-0.34385,0.2
1788725160,2026-09-06T20:06:00,R0,CHECK,flip,-1,-0.8452,-1.1227,0,7.0,0.33286,0.34691,4.30143,5.37714,2.52889,12.53,25.79,21.03,46.94358,744.86461,2392.10096,1.10296,2.93561,2.38864,0.20088,0.00135,0.00118,-0.16992,7,28,3.0,184.0,234.0,0.45,0.65,0.68,0.16321,0.21964,-0.01859,0.43964,-0.22579,-0.22562,-0.30673,0.25
1788728880,2026-09-06T21:08:00,R0,CHECK,flip,1,-1.8504,-1.0382,0,7.0,0.33816,0.29593,10.18571,12.73143,2.9577,20.47,21.85,20.7,93.01137,605.88055,2358.17942,2.0611,2.2961,2.35114,0.27938,0.0908,0.01087,-0.20891,7,29,3.14286,184.0,296.0,0.45,0.65,0.68,0.16321,0.21964,-0.01859,0.43964,-0.21684,-0.20525,-0.29709,0.25
1788732120,2026-09-06T22:02:00,R0,CHECK,flip,-1,2.7131,0.8,1,7.0,0.33349,0.18823,19.38,24.22429,4.6594,27.785,21.735,20.99,124.62982,600.98424,2406.87876,2.88774,2.32375,2.3942,0.13901,0.02966,0.00569,-0.18106,7,29,3.14286,184.0,0.0,0.45,0.65,0.68,0.16321,0.21964,-0.01859,0.43964,-0.18744,-0.20121,-0.32082,0.25
1788735780,2026-09-06T23:03:00,R0,CHECK,flip,1,4.7333,0.8,1,7.0,0.32288,0.11114,33.80857,42.26143,7.84601,41.35,23.5,21.68,200.14497,668.6775,2500.6655,4.85078,2.83133,2.56435,0.28177,0.11644,0.02561,-0.14206,7,28,3.0,134.0,0.0,0.45,0.65,0.68,0.16049,0.21734,-0.11473,0.43964,-0.16561,-0.16145,-0.31336,0.25
1788738360,2026-09-06T23:46:00,R0,CHECK,cont,1,-3.478,-1.0021,0,7.0,0.31439,0.09856,19.83143,24.79,8.82088,49.6,24.91,22.265,245.74142,763.86398,2615.58574,5.61238,3.2553,2.698,0.28294,0.12679,0.03083,-0.13649,6,27,3.5,134.0,43.0,0.5,0.6,0.66,0.06859,0.18058,-0.20663,0.43964,-0.18655,-0.20774,-0.27254,0.25
1788739200,2026-09-07T00:00:00,R0,CHECK,flip,-1,-2.0244,-1.0056,0,7.0,0.31236,0.11338,11.50429,14.38,7.69345,50.875,26.315,22.41,262.81749,802.87953,2648.80117,5.97339,3.40693,2.73093,0.09779,0.07783,0.02018,-0.11421,7,28,3.0,134.0,0.0,0.5,0.6,0.66,0.06859,0.18058,-0.20663,0.43964,-0.18655,-0.20774,-0.27254,0.25
1788740220,2026-09-07T00:17:00,R0,CHECK,cont,-1,3.7907,0.8,1,7.0,0.30891,0.11206,27.07714,33.84571,7.78846,52.23,28.395,22.66,272.89783,846.72364,2714.29054,5.50201,3.55113,2.79035,0.00561,0.05191,0.01406,-0.09192,7,29,3.14286,134.0,17.0,0.5,0.6,0.66,0.06858,0.18058,-0.20664,0.43964,-0.21845,-0.27094,-0.35513,0.25
1788743340,2026-09-07T01:09:00,R0,CHECK,cont,-1,-5.8018,-1.017,0,7.0,0.29642,0.10583,32.59857,40.74857,8.27044,52.465,34.135,23.615,220.11115,967.24141,2818.4148,4.3407,3.87447,2.88422,0.22719,0.014,0.00023,-0.0585,7,28,3.0,134.0,69.0,0.55,0.6,0.66,0.06858,0.18058,-0.1166,0.43964,-0.25264,-0.19611,-0.25723,0.25
1788750720,2026-09-07T03:12:00,R0,CHECK,flip,-1,3.1061,0.8,1,7.0,0.27243,0.11416,22.18571,27.73286,7.68567,48.49,43.485,25.695,242.97788,1249.34193,3076.44416,5.24632,4.59899,3.11412,0.02637,0.01995,0.00547,0.04735,9,31,2.44444,155.0,0.0,0.5,0.55,0.64,-0.02093,0.14471,-0.11533,0.34872,-0.04657,0.0747,-0.1535,0.25
1788754320,2026-09-07T04:12:00,R0,CHECK,cont,-1,-2.9812,-1.0032,0,7.0,0.26682,0.18327,16.98143,21.22714,4.80221,37.795,44.465,26.235,173.80739,1277.49939,3162.79531,3.65052,4.62804,3.17444,0.17575,0.01634,0.01783,0.01393,9,32,2.55556,155.0,60.0,0.5,0.55,0.64,-0.02093,0.14471,-0.11533,0.34872,-0.07606,-0.02771,-0.22474,0.25
1788757440,2026-09-07T05:04:00,R0,CHECK,flip,1,-1.242,-1.0019,0,7.0,0.25613,0.2143,7.08286,8.85429,4.09586,32.355,43.595,27.33,154.0785,1237.9258,3223.84649,3.48918,4.43211,3.22686,0.09882,0.04757,0.00399,-0.00836,9,32,2.55556,134.0,0.0,0.5,0.55,0.64,-0.02093,0.14471,-0.11533,0.34872,-0.11067,-0.09424,-0.23556,0.25
1788758100,2026-09-07T05:15:00,R0,CHECK,cont,1,-3.867,-1.0362,0,7.0,0.25441,0.15274,21.32429,26.65571,5.74209,33.99,43.295,27.515,155.04016,1244.26668,3248.10535,3.34539,4.44962,3.25092,0.11445,0.0355,9e-05,-0.00279,9,33,2.66667,134.0,11.0,0.5,0.55,0.64,-0.02093,0.14471,-0.02504,0.34872,-0.11067,-0.09424,-0.23556,0.25
1788765540,2026-09-07T07:19:00,R0,CHECK,flip,-1,1.7301,0.8,1,7.0,0.25126,0.21961,12.35714,15.44714,4.00586,26.33,33.88,27.86,94.74897,932.46005,3224.42478,2.00958,3.51768,3.21051,0.18672,0.04668,0.00954,0.0195,10,32,2.2,134.0,0.0,0.55,0.4,0.58,-0.293,0.03588,-0.11514,0.16675,-0.09555,0.0224,-0.18683,0.25
1788766080,2026-09-07T07:28:00,R0,CHECK,cont,-1,2.0342,0.8,1,7.0,0.24744,0.13924,14.53,18.16286,6.3299,27.04,33.525,28.29,121.24866,938.6925,3254.62369,2.90643,3.55711,3.2379,0.28278,0.0672,0.01619,0.03064,10,33,2.3,134.0,9.0,0.55,0.4,0.58,-0.293,0.03588,-0.11514,0.16675,-0.09555,0.0224,-0.18683,0.25
1788766380,2026-09-07T07:33:00,R0,CHECK,cont,-1,2.761,0.8,1,7.0,0.24678,0.08808,19.72143,24.65143,10.0182,28.27,33.78,28.365,144.77011,960.37469,3283.81482,3.70266,3.6775,3.27326,0.30575,0.08247,0.01915,0.02507,10,33,2.3,134.0,14.0,0.55,0.4,0.58,-0.293,0.03588,-0.11514,0.16675,-0.09555,0.0224,-0.18683,0.25
1788785400,2026-09-07T12:50:00,R0,CHECK,flip,1,-5.635,-1.0015,0,7.0,0.23298,0.34978,32.15143,40.19,2.51605,22.595,24.86,30.045,107.48211,761.17277,3498.75686,2.38604,3.11234,3.44049,0.17791,0.02075,0.01491,-0.05587,9,27,2.0,134.0,331.0,0.55,0.45,0.6,-0.20266,0.0719,-0.11514,0.25698,-0.02665,0.25747,-0.02092,0.35
1788789900,2026-09-07T14:05:00,R0,CHECK,flip,-1,2.0947,0.8,1,7.0,0.22913,0.18369,14.96286,18.70286,4.80614,30.705,24.66,30.55,151.25726,706.05892,3576.47488,3.39409,2.67671,3.49235,0.19914,0.02556,0.01806,-0.08939,10,28,1.8,112.0,0.0,0.55,0.45,0.6,-0.20266,0.0719,-0.11514,0.25698,-0.05462,0.23701,-0.18006,0.3
1788790860,2026-09-07T14:21:00,R0,CHECK,cont,-1,2.3421,0.8,1,7.0,0.2265,0.10923,16.72857,20.91143,8.10515,39.24,25.155,30.905,190.32507,753.63978,3617.55874,4.22958,2.91911,3.51812,0.36605,0.063,0.02028,-0.08939,10,27,1.7,112.0,16.0,0.55,0.45,0.6,-0.20266,0.0719,-0.11514,0.25698,-0.05462,0.23701,-0.18006,0.3
1788795000,2026-09-07T15:30:00,R0,CHECK,cont,-1,4.8037,0.8,1,7.0,0.22683,0.10247,34.31143,42.89,8.65066,43.62,27.585,30.86,182.52811,834.19531,3587.40454,3.91675,3.20619,3.49046,0.02999,0.07389,0.024,-0.05028,10,27,1.7,112.0,85.0,0.55,0.4,0.58,-0.29274,0.03587,-0.20522,0.25698,-0.06252,0.17674,-0.07154,0.35
1788795600,2026-09-07T15:40:00,R0,CHECK,cont,-1,-3.5894,-1.0217,0,7.0,0.22606,0.10106,20.07429,25.09286,8.79854,45.57,28.265,30.965,194.43263,853.84251,3613.45484,4.07209,3.24994,3.49976,0.19699,0.0972,0.03449,-0.03911,10,27,1.7,112.0,95.0,0.55,0.4,0.58,-0.29274,0.03587,-0.20522,0.25698,-0.06252,0.17674,-0.07154,0.35
1788801600,2026-09-07T17:20:00,R0,CHECK,flip,1,-1.2764,-1.0435,0,7.0,0.22272,0.27374,6.99,8.73714,3.23147,25.705,31.745,31.43,108.01195,898.33848,3613.40074,2.33147,3.37968,3.51761,0.31823,0.04127,0.01907,-0.02793,9,25,1.77778,112.0,195.0,0.55,0.5,0.62,-0.11225,0.1085,-0.20522,0.25698,-0.02654,0.22392,-0.03322,0.35
1788802860,2026-09-07T17:41:00,R0,CHECK,cont,1,1.7573,0.8,1,7.0,0.22418,0.24141,12.55143,15.69,3.66283,23.44,31.745,31.225,84.78848,902.80615,3600.65919,1.8427,3.38607,3.51186,0.23983,0.03431,0.02052,-0.01117,9,25,1.77778,112.0,216.0,0.5,0.5,0.6,-0.11251,0.07207,-0.20522,0.25592,-0.02654,0.22392,-0.03322,0.35
1788819360,2026-09-07T22:16:00,R0,CHECK,flip,-1,2.5413,0.8,1,7.0,0.22212,0.17963,18.15143,22.69,4.93043,21.79,23.135,31.515,108.20769,608.6967,3615.15318,2.83347,2.31653,3.50762,0.20074,0.04098,0.02382,-0.06407,8,21,1.625,112.0,491.0,0.45,0.55,0.6,-0.01664,0.07131,-0.29739,0.25592,-0.02654,0.22392,-0.03322,0.35
1788828900,2026-09-08T00:55:00,R0,CHECK,flip,1,2.0229,0.8,1,7.0,0.22676,0.18556,14.44857,18.06143,4.75813,42.745,29.325,30.87,198.91587,802.46184,3471.28675,4.13519,3.10715,3.3509,0.10257,0.01449,0.03193,-0.04178,6,17,1.83333,112.0,650.0,0.45,0.55,0.62,-0.01664,0.1074,-0.20397,0.25592,-0.02654,0.22392,-0.03322,0.35
1788834540,2026-09-08T02:29:00,R0,CHECK,flip,-1,3.7923,0.8,1,7.0,0.23049,0.13718,27.08857,33.86,6.43912,31.94,32.605,30.37,157.6112,924.39753,3453.56648,3.43226,3.47935,3.33401,0.10655,0.00801,0.02822,-0.05292,7,16,1.28571,112.0,63.0,0.45,0.55,0.62,-0.01664,0.1074,-0.20397,0.25592,0.05868,0.24279,-0.01792,0.35
1788836640,2026-09-08T03:04:00,R0,CHECK,cont,-1,-1.7442,-1.0267,0,7.0,0.23118,0.1492,9.70714,12.13429,5.94607,39.665,35.18,30.28,175.84076,966.32446,3388.81603,3.52523,3.56223,3.22824,0.33446,0.0402,0.03988,-0.02507,7,18,1.57143,112.0,25.0,0.45,0.55,0.62,-0.01664,0.1074,-0.20397,0.25592,0.00677,0.17462,-0.14699,0.35
1788837540,2026-09-08T03:19:00,R0,CHECK,cont,-1,2.2829,0.8,1,7.0,0.23129,0.17852,16.30571,20.38286,4.97358,41.535,37.105,30.265,182.5603,984.60439,3397.48213,3.68443,3.59866,3.23382,0.31329,0.05087,0.0355,-0.02507,6,18,2.0,112.0,40.0,0.45,0.55,0.62,-0.01664,0.1074,-0.20397,0.25592,0.03065,0.32794,-0.00609,0.4
1788852960,2026-09-08T07:36:00,V1,V1,flip,1,-1.7784,-1.008,0,7.0,0.21817,0.1881,10.08143,12.60143,4.74068,37.25,41.2,32.085,173.85306,1097.6894,3583.02373,3.69239,3.83104,3.33909,0.11175,0.09321,0.02804,-0.06964,7,23,2.28571,112.0,0.0,0.45,0.6,0.6,0.07241,0.07087,-0.11363,0.16458,-0.19764,0.01019,0.04623,0.2
1788859980,2026-09-08T09:33:00,V1,V1,cont,1,6.4502,0.8,1,7.0,0.20914,0.17499,46.07286,57.59143,5.09147,38.39,42.445,33.47,182.71461,1145.12916,3698.12022,3.91388,4.03374,3.42293,0.05665,0.041,0.03014,-0.09749,7,24,2.42857,112.0,117.0,0.45,0.6,0.6,0.07241,0.07087,-0.11363,0.16458,-0.18695,-0.17072,-0.02203,0.2
1788864660,2026-09-08T10:51:00,V1,V1,flip,-1,0.8442,0.8,1,7.0,0.20606,0.24046,6.03,7.53714,3.70265,31.535,42.455,33.97,148.17124,1165.59714,3752.6433,3.69613,4.17524,3.47771,0.09086,0.01567,0.02727,-0.08635,8,26,2.25,135.0,0.0,0.5,0.6,0.58,0.07286,0.0347,-0.11265,0.16458,-0.15678,-0.09949,-0.04156,0.2
1788868980,2026-09-08T12:03:00,V1,V1,cont,-1,-4.5656,-1.002,0,7.0,0.20147,0.12912,26.03714,32.54714,6.92945,41.57,39.82,34.745,176.00295,1098.35895,3842.67068,3.47801,3.91442,3.51821,0.17548,0.03964,0.03903,-0.00279,8,27,2.375,135.0,72.0,0.45,0.6,0.58,0.07286,0.0347,-0.11265,0.16458,-0.11704,0.14433,0.23495,0.25
1788879780,2026-09-08T15:03:00,V1,V1,flip,1,3.011,0.8,1,7.0,0.1882,0.11968,21.50714,26.88429,7.44051,63.74,44.495,37.195,226.36306,1210.39954,4055.77214,4.87145,4.68672,3.82213,0.39534,0.02215,0.01586,-0.01393,7,25,2.57143,195.0,0.0,0.45,0.65,0.6,0.16302,0.07205,-0.11265,0.07448,-0.04614,0.31857,0.42112,0.3
1788885600,2026-09-08T16:40:00,V1,V1,cont,1,-7.478,-1.0015,0,7.0,0.1837,0.12955,42.66714,53.33429,6.846,50.895,49.29,38.105,241.07334,1292.23646,4110.04509,4.8807,4.85261,3.88027,0.17639,0.02745,0.00173,0.0195,7,27,2.85714,195.0,97.0,0.45,0.65,0.6,0.16302,0.07205,-0.11265,0.07448,-0.17261,-0.0359,-0.04091,0.2
1788889440,2026-09-08T17:44:00,V1,V1,flip,-1,-2.8166,-1.0041,0,7.0,0.17739,0.17723,16.03,20.03714,5.03095,45.09,49.89,39.46,189.26416,1352.69588,4244.09483,4.13475,5.01309,3.95921,0.19035,0.00924,0.01898,-0.01393,8,28,2.5,161.0,0.0,0.5,0.7,0.6,0.25483,0.07204,-0.02232,0.07448,-0.21799,-0.04032,-0.0582,0.2
1788891360,2026-09-08T18:16:00,V1,V1,flip,1,1.403,0.8,1,7.0,0.17614,0.16636,10.02143,12.52714,5.34579,39.23,49.52,39.74,166.7863,1345.89472,4275.86864,3.35888,5.00205,3.98319,0.02167,0.04707,0.01344,0.00279,9,30,2.33333,161.0,0.0,0.5,0.7,0.6,0.25483,0.07204,-0.02232,0.07448,-0.14441,0.04088,-0.04119,0.2
1788893220,2026-09-08T18:47:00,V1,V1,flip,-1,1.9707,0.8,1,7.0,0.17542,0.16428,14.07714,17.59571,5.42698,35.535,49.33,39.905,169.38338,1359.26352,4321.40813,3.72149,5.05694,4.01284,0.02029,0.01976,0.01841,0.02793,10,31,2.1,73.0,0.0,0.45,0.65,0.58,0.16475,0.03601,-0.02232,-0.01559,-0.08046,0.02458,-0.10524,0.15
1788893520,2026-09-08T18:52:00,V1,V1,cont,-1,-3.217,-1.0036,0,7.0,0.1752,0.10304,18.31714,22.89714,8.67906,37.465,49.52,39.955,204.95228,1396.96488,4376.72107,4.83803,5.20944,4.06767,0.208,0.00662,0.02726,0.03352,10,32,2.2,73.0,5.0,0.45,0.65,0.58,0.16475,0.03601,-0.02232,-0.01559,-0.08046,0.02458,-0.10524,0.15
1788898200,2026-09-08T20:10:00,V1,V1,flip,1,4.0491,0.8,1,7.0,0.1699,0.167,28.92286,36.15286,5.33627,40.525,46.475,41.2,166.53643,1209.08043,4448.48447,3.92178,4.51113,4.14119,0.07888,0.05015,0.01997,0.00559,11,33,2.0,83.0,0.0,0.5,0.6,0.56,0.07455,-7e-05,-0.11252,-0.01559,0.02904,0.0059,-0.13534,0.15
1788915480,2026-09-09T00:58:00,V1,V1,cont,1,-1.8088,-1.0395,0,7.0,0.17426,0.21709,9.94286,12.42857,4.0928,32.815,31.85,40.17,154.67683,841.4712,4398.11675,3.12679,3.18388,4.10376,0.28775,0.05319,0.01407,-0.03064,13,40,2.07692,161.0,15.0,0.55,0.6,0.58,0.07445,0.03655,0.16486,-0.10577,-0.01702,-0.15974,-0.15255,0.2
1788916140,2026-09-09T01:09:00,V1,V1,cont,1,-2.4758,-1.0232,0,7.0,0.17417,0.18162,13.82571,17.28286,4.89099,35.48,31.78,40.19,169.23167,854.62492,4395.10983,3.39888,3.22497,4.097,0.14869,0.05294,0.01476,-0.04178,13,41,2.15385,161.0,26.0,0.55,0.6,0.58,0.07445,0.03655,0.16486,-0.10577,-0.02381,-0.23308,-0.33929,0.2
1788917820,2026-09-09T01:37:00,V1,V1,cont,1,-5.2152,-1.0136,0,7.0,0.17483,0.17168,29.40143,36.75143,5.16991,33.815,31.035,40.04,188.23711,859.24002,4396.98368,4.25576,3.28633,4.12154,0.17747,0.06142,0.01305,-0.02507,12,41,2.41667,161.0,54.0,0.55,0.6,0.58,0.07445,0.03655,0.16486,-0.10577,-0.04923,-0.16672,-0.26949,0.25
1788924360,2026-09-09T03:26:00,V1,V1,cont,-1,-1.762,-1.0074,0,7.0,0.17683,0.21522,9.99429,12.49286,4.1418,29.2,30.22,39.585,124.16112,889.86463,4398.13185,2.65442,3.33645,4.12298,0.26466,0.00577,0.00756,-0.0195,12,39,2.25,138.0,25.0,0.55,0.55,0.54,-0.01761,-0.03671,0.16486,-0.19884,-0.25576,-0.62086,-0.64745,0.15
1788926400,2026-09-09T04:00:00,V1,V1,flip,1,2.9589,0.8,1,7.0,0.17862,0.18317,21.13429,26.41857,4.85177,28.05,29.4,39.19,145.80546,875.17045,4362.98155,3.7206,3.40576,4.12789,0.05707,0.03454,0.00341,-0.02507,12,38,2.16667,83.0,0.0,0.5,0.55,0.52,-0.01611,-0.07298,0.16486,-0.28952,-0.27688,-0.63967,-0.64317,0.2
1788928980,2026-09-09T04:43:00,V1,V1,cont,1,6.7915,0.8,1,7.0,0.17803,0.16627,48.51143,60.63857,5.31817,31.36,29.65,39.32,193.1479,915.18702,4380.0903,5.63308,3.83255,4.22224,0.34447,0.09477,0.01165,-0.00279,11,36,2.27273,83.0,43.0,0.5,0.55,0.52,-0.01611,-0.07298,0.16486,-0.28952,-0.22106,-0.60406,-0.58406,0.25
1788951660,2026-09-09T11:01:00,V1,V1,flip,-1,-6.445,-1.0037,0,7.0,0.18146,0.15799,36.69143,45.86429,5.61942,42.79,38.51,38.575,176.52355,1019.15089,4284.83407,3.77018,3.75355,4.13806,0.11646,0.02949,0.00916,-0.11421,10,31,2.1,83.0,0.0,0.45,0.5,0.52,-0.10648,-0.07299,0.25677,-0.28978,-0.32149,-0.58662,-0.47607,0.2
1788957060,2026-09-09T12:31:00,V1,V1,flip,1,2.9298,0.8,1,7.0,0.18165,0.16553,20.92714,26.15857,5.32216,41.685,38.51,38.535,214.40484,1024.79692,4288.4743,4.28318,3.81294,4.17678,0.29695,0.03715,0.03174,-0.16435,11,32,1.90909,67.0,23.0,0.45,0.5,0.52,-0.10648,-0.07299,0.25677,-0.28978,-0.27092,-0.53263,-0.45715,0.2
1788961320,2026-09-09T13:42:00,V1,V1,flip,-1,4.3726,0.8,1,7.0,0.18086,0.06275,31.23286,39.04143,14.08819,51.87,42.82,38.705,251.3824,1189.08234,4347.00619,6.16927,4.51394,4.24352,0.17594,0.00281,0.04348,-0.14763,12,33,1.75,83.0,0.0,0.45,0.45,0.5,-0.19667,-0.10907,0.16658,-0.28978,-0.2572,-0.45205,-0.41561,0.2
1788965760,2026-09-09T14:56:00,V1,V1,cont,-1,-9.6764,-1.0005,0,7.0,0.18069,0.08697,55.26857,69.08571,10.20415,83.305,49.975,38.74,395.28973,1443.89916,4480.06519,8.11851,5.49985,4.35954,0.10254,0.06819,0.01045,-0.09749,12,35,1.91667,83.0,74.0,0.5,0.5,0.5,-0.10533,-0.10907,0.16658,-0.28978,-0.24228,-0.24176,-0.29242,0.2
1788966060,2026-09-09T15:01:00,V1,V1,cont,-1,9.6946,0.8,1,7.0,0.18053,0.04914,69.24714,86.55857,18.06969,82.045,50.645,38.775,482.42267,1560.21439,4600.47892,13.47937,7.13297,4.91621,0.01749,0.06413,0.00865,-0.10306,12,36,2.0,83.0,79.0,0.5,0.5,0.5,-0.10533,-0.10907,0.16658,-0.28978,-0.24228,-0.24176,-0.29242,0.2
1788967320,2026-09-09T15:22:00,V1,V1,cont,-1,-9.9612,-1.0055,0,7.0,0.17997,0.05313,56.61286,70.76571,16.86388,89.675,54.865,38.895,560.75262,1740.32942,4772.65521,14.51433,7.7246,5.11743,0.18773,0.09847,0.0098,-0.06964,11,35,2.18182,83.0,100.0,0.5,0.5,0.5,-0.10533,-0.10907,0.16658,-0.28978,-0.24228,-0.24176,-0.29242,0.2
1788969780,2026-09-09T16:03:00,V1,V1,flip,1,-3.9038,-1.0022,0,7.0,0.17859,0.11776,22.25857,27.82286,7.55097,94.695,57.7,39.195,437.40593,1851.08684,4840.76141,9.23053,7.9921,5.2114,0.04231,0.02038,0.00154,-0.04735,12,35,1.91667,94.0,0.0,0.55,0.5,0.52,-0.10533,-0.0729,0.25686,-0.28978,-0.19727,-0.11596,-0.09377,0.25
1788970920,2026-09-09T16:22:00,V1,V1,flip,-1,-3.7316,-1.0078,0,7.0,0.17715,0.09218,21.15714,26.44714,9.67763,73.04,59.645,39.515,372.25451,1909.57121,4910.29866,7.55786,8.12227,5.26756,0.11697,0.04044,0.00449,-0.02507,13,36,1.76923,94.0,0.0,0.55,0.5,0.52,-0.10533,-0.0729,0.25686,-0.28978,-0.19727,-0.11596,-0.09377,0.25
1788987900,2026-09-09T21:05:00,V1,V1,flip,1,-5.0224,-1.0043,0,7.0,0.18069,0.19183,28.57714,35.72143,4.65915,37.315,44.475,38.74,202.32861,1424.86761,4922.71191,4.67928,5.45585,5.23356,0.04254,0.03339,0.00513,-0.00836,10,33,2.3,94.0,1.0,0.5,0.4,0.52,-0.28563,-0.06964,0.16646,-0.19726,-0.12698,-0.13246,-0.07751,0.25
1788991620,2026-09-09T22:07:00,V1,V1,flip,-1,3.5563,0.8,1,7.0,0.17889,0.13929,25.40286,31.75286,6.44647,36.99,39.665,39.13,183.48742,1183.96216,4989.2871,3.97851,4.31529,5.2646,0.20654,0.07407,0.01446,0.0195,11,33,2.0,94.0,0.0,0.5,0.4,0.52,-0.28563,-0.06964,0.16646,-0.19726,-0.10903,-0.10142,-0.07259,0.25
1789002300,2026-09-10T01:05:00,V1,V1,flip,1,-5.756,-1.0071,0,7.0,0.1725,0.12077,32.65857,40.82286,7.39654,40.82,37.15,40.58,183.42521,1057.57606,5074.63776,3.84413,3.97186,5.3305,0.02861,0.00275,0.00991,0.03064,10,28,1.8,94.0,0.0,0.55,0.45,0.5,-0.19557,-0.10573,0.16632,-0.19726,-0.1241,-0.11617,-0.10633,0.2
1789009440,2026-09-10T03:04:00,V1,V1,cont,1,-10.9104,-1.0053,0,7.0,0.16839,0.14767,62.01429,77.51714,6.0406,33.985,38.075,41.57,158.98913,1093.15241,5141.93069,3.37644,4.10251,5.38085,0.37873,0.0197,0.0048,0.05292,9,24,1.66667,94.0,119.0,0.55,0.45,0.5,-0.19557,-0.10573,0.16632,-0.19726,-0.11422,-0.14499,-0.17415,0.2
1789036380,2026-09-10T10:33:00,V1,V1,flip,-1,6.2472,0.8,1,7.0,0.1788,0.21037,44.62286,55.77857,4.27617,30.745,31.6,39.15,160.81182,917.34049,5035.04221,3.29701,3.38637,5.24015,0.19566,0.07779,0.03277,0.09192,9,19,1.11111,141.0,0.0,0.5,0.35,0.5,-0.37619,-0.10582,0.07596,-0.28753,-0.13407,-0.12533,-0.10471,0.2
1789050480,2026-09-10T14:28:00,V1,V1,flip,1,-8.4506,-1.0013,0,7.0,0.17435,0.08365,48.22571,60.28143,10.82022,81.37,47.4,40.15,380.42306,1512.72891,5258.47935,7.80275,5.95697,5.46855,0.13634,0.06801,0.04662,0.03064,7,18,1.57143,141.0,0.0,0.55,0.4,0.5,-0.28601,-0.10582,0.16813,-0.28753,-0.20481,-0.20749,-0.13244,0.25
1789057020,2026-09-10T16:17:00,V1,V1,cont,-1,-2.1524,-1.0179,0,7.0,0.17983,0.12775,12.08286,15.10429,7.12721,53.71,58.075,38.925,237.33627,1701.06752,4856.39572,4.93868,6.33757,4.60446,0.19266,0.08181,0.04303,-0.0195,7,18,1.57143,141.0,13.0,0.55,0.4,0.5,-0.28601,-0.10582,0.16813,-0.28753,-0.2393,-0.2591,-0.24602,0.2
1789058040,2026-09-10T16:34:00,V1,V1,cont,-1,-4.586,-1.0032,0,7.0,0.18062,0.14867,26.12143,32.65143,6.13132,54.01,59.67,38.755,253.61558,1720.74198,4832.40263,5.44732,6.41063,4.58555,0.17015,0.081,0.05546,-0.03064,6,18,2.0,141.0,30.0,0.55,0.35,0.5,-0.37608,-0.10551,0.07807,-0.28753,-0.21273,-0.28191,-0.26298,0.2
1789058700,2026-09-10T16:45:00,V1,V1,flip,1,2.055,0.8,1,7.0,0.18006,0.11559,14.67857,18.34857,7.86002,56.535,60.4,38.875,275.1688,1746.48831,4842.96566,5.77881,6.49096,4.60907,0.0755,0.06694,0.04588,-0.04178,7,19,1.71429,141.0,0.0,0.55,0.35,0.5,-0.37608,-0.10551,0.07807,-0.28753,-0.21273,-0.28191,-0.26298,0.2
1789059480,2026-09-10T16:58:00,V1,V1,cont,1,2.1726,0.8,1,7.0,0.1783,0.13644,15.51857,19.39857,6.6493,56.535,60.465,39.26,274.94437,1746.14538,4864.83145,5.71859,6.46204,4.62981,0.01587,0.05189,0.043,-0.04178,7,20,1.85714,141.0,13.0,0.55,0.35,0.5,-0.37608,-0.10551,0.07807,-0.28753,-0.27323,-0.31086,-0.4531,0.15
1789079760,2026-09-10T22:36:00,V1,V1,flip,-1,6.4363,0.8,1,7.0,0.18779,0.20582,45.97429,57.46714,4.42121,30.8,33.505,37.275,141.48652,989.2071,4670.80769,2.92457,3.63472,4.48762,0.22051,0.00884,0.02871,0.00279,6,17,1.83333,178.0,0.0,0.6,0.45,0.52,-0.19295,-0.06911,0.07807,-0.46858,-0.23376,-0.01152,-0.25668,0.3
1789081680,2026-09-10T23:08:00,V1,V1,cont,-1,3.605,0.8,1,7.0,0.18734,0.10134,25.75,32.18714,9.01549,34.025,33.21,37.365,179.77959,976.36285,4710.71642,3.88773,3.61261,4.51605,0.38245,0.0645,0.04197,0.0195,6,20,2.33333,178.0,32.0,0.6,0.45,0.52,-0.19295,-0.06911,0.07807,-0.46858,-0.22112,-0.05012,-0.26677,0.25
1789088400,2026-09-11T01:00:00,V1,V1,flip,1,1.0002,0.8,1,7.0,0.17976,0.16388,7.14429,8.93,5.55447,45.25,35.66,38.94,213.39286,1063.52995,4873.54141,4.19997,4.05728,4.67256,0.17308,0.03256,0.03402,-0.06407,7,21,2.0,178.0,0.0,0.6,0.45,0.52,-0.19295,-0.06911,0.07807,-0.46858,-0.07713,0.23541,-0.16412,0.3
1789089660,2026-09-11T01:21:00,V1,V1,flip,-1,2.1186,0.8,1,7.0,0.18081,0.14334,15.13286,18.91571,6.36046,42.53,36.36,38.715,225.8085,1089.48423,4851.21172,4.77816,4.17568,4.65701,0.00407,0.03995,0.03755,-0.06407,7,21,2.0,144.0,0.0,0.6,0.45,0.52,-0.19295,-0.06911,0.07807,-0.3775,-0.07713,0.23541,-0.16412,0.3
1789092240,2026-09-11T02:04:00,V1,V1,flip,1,-1.6584,-1.0116,0,7.0,0.18149,0.19833,9.36857,11.71,4.58613,41.945,37.09,38.57,241.83741,1115.62392,4836.32461,5.48517,4.32948,4.65367,0.00312,0.02131,0.02795,-0.04735,8,23,1.875,144.0,0.0,0.6,0.45,0.52,-0.19295,-0.06911,0.07807,-0.3775,-0.08315,0.20641,-0.3126,0.3
1789093080,2026-09-11T02:18:00,V1,V1,flip,-1,1.6432,0.8,1,7.0,0.18198,0.16136,11.73714,14.67143,5.64477,42.25,36.985,38.465,244.66794,1130.78538,4846.00351,5.55947,4.35988,4.65494,0.0022,0.04981,0.03066,-0.06407,9,24,1.66667,96.0,0.0,0.6,0.45,0.52,-0.19295,-0.06911,0.07807,-0.3775,-0.08315,0.20641,-0.3126,0.3
1789095900,2026-09-11T03:05:00,V1,V1,cont,-1,-3.7412,-1.0154,0,7.0,0.18149,0.19411,21.05429,26.31714,4.7007,34.755,38.87,38.57,137.19204,1143.98484,4822.73566,2.90856,4.37112,4.63395,0.22213,0.05881,0.04648,-0.00836,9,25,1.77778,96.0,47.0,0.6,0.5,0.52,-0.10276,-0.06911,0.16847,-0.3775,-0.07641,0.11062,-0.51072,0.25
1789100400,2026-09-11T04:20:00,V1,V1,flip,1,2.181,0.8,1,7.0,0.17993,0.17406,15.57857,19.47286,5.22325,34.295,40.505,38.905,150.66034,1190.34384,4828.25353,3.254,4.55515,4.66324,0.15501,0.01913,0.03688,0.04178,10,26,1.6,96.0,0.0,0.65,0.5,0.52,-0.10331,-0.06931,0.16809,-0.3775,-0.04922,0.11674,-0.49356,0.25
1789105440,2026-09-11T05:44:00,V1,V1,cont,1,2.1789,0.8,1,7.0,0.18149,0.24483,15.56286,19.45429,3.70547,24.445,36.385,38.57,111.00811,1042.87668,4791.53418,2.432,3.90753,4.63983,0.10556,0.05142,0.03323,0.03621,10,27,1.7,96.0,84.0,0.65,0.45,0.5,-0.19408,-0.10562,0.16809,-0.46827,-0.00601,0.16815,-0.45645,0.3
1789114080,2026-09-11T08:08:00,V1,V1,flip,-1,-4.8612,-1.0024,0,7.0,0.1885,0.25182,27.71143,34.63857,3.60435,22.81,27.25,37.135,120.55985,785.96072,4691.58412,2.68363,2.95994,4.57446,0.22265,0.03505,0.0279,-0.03621,11,31,1.81818,96.0,0.0,0.65,0.55,0.54,-0.0137,-0.03231,0.1681,-0.37693,0.11263,0.36622,-0.24809,0.3
1789119240,2026-09-11T09:34:00,V1,V1,cont,-1,6.6525,0.8,1,7.0,0.19048,0.26818,47.51714,59.39714,3.38706,22.615,24.44,36.75,108.07488,762.16636,4683.14407,2.3175,2.86084,4.58545,0.35712,0.05518,0.0287,-0.08078,11,32,1.90909,96.0,86.0,0.65,0.55,0.54,-0.0137,-0.03231,0.1681,-0.37693,0.14968,0.40451,-0.2296,0.3
1789127820,2026-09-11T11:57:00,V1,V1,flip,1,2.0445,0.8,1,7.0,0.19079,0.16912,14.60286,18.25429,5.37729,38.5,26.415,36.69,172.37179,828.7916,4612.57724,3.5103,3.07946,4.51483,0.02364,0.03397,0.02429,-0.03621,11,33,2.0,122.0,0.0,0.6,0.6,0.52,0.07678,-0.06836,0.07797,-0.37693,0.20264,0.38726,-0.31334,0.2
