set,slot_utc,r5_pct,dOI_pct,entry,entry_delay_s,n1,n5,n15,n30,n60,mfe,mae,atr,fp0.5,fp1.0,imb,liq_btc
primary,2026-08-04T23:20:00,-0.245,-0.958,64254.1,30.727,-10.17,-140.46,-96.66,-184.94,-280.48,27.7,306.7,84.7,adv,adv,-0.498,0.0
primary,2026-08-05T10:45:00,-0.209,-0.052,64027.93,30.131,-15.57,-37.94,23.96,-19.92,-3.23,64.9,76.5,61.0,adv,adv,0.378,0.0
primary,2026-08-05T15:10:00,-0.118,-0.403,64546.66,30.207,-123.41,-36.1,-79.37,-102.58,-30.98,141.3,227.6,146.9,adv,adv,-0.393,5.3
primary,2026-08-05T18:05:00,-0.146,-0.187,64623.99,30.911,27.2,106.76,-1.68,99.74,179.58,244.8,16.0,70.4,fav,fav,-0.271,0.0
primary,2026-08-06T14:45:00,-0.152,-0.419,64659.26,30.525,-24.31,-2.36,36.18,3.6,132.36,266.1,53.0,132.1,fav,fav,-0.233,0.14
primary,2026-08-07T00:10:00,-0.123,-0.159,64215.06,30.162,-18.68,-26.26,-21.98,62.53,67.6,189.1,48.3,54.8,adv,fav,0.254,0.0
primary,2026-08-07T02:20:00,-0.131,-0.077,64273.74,30.93,6.01,-15.23,-50.48,94.92,-35.04,140.2,79.8,91.3,adv,fav,-0.197,0.0
primary,2026-08-07T13:55:00,-0.18,-0.086,64974.74,30.546,-25.86,-141.29,-208.26,121.97,-53.05,253.3,244.0,142.9,adv,adv,-0.355,0.07
primary,2026-08-07T17:10:00,-0.14,-0.3,64628.1,30.04,2.18,38.79,-79.48,26.06,174.75,210.5,165.0,85.6,fav,adv,0.223,0.01
primary,2026-08-09T22:15:00,-0.148,-0.128,65269.05,30.973,-24.26,-95.58,-258.75,-305.41,-327.24,17.1,358.1,64.1,adv,adv,-0.41,0.0
primary,2026-08-10T09:45:00,-0.121,-0.073,64936.17,30.76,-21.79,-28.62,54.15,29.11,47.95,84.6,40.6,51.7,adv,fav,0.104,0.22
primary,2026-08-10T14:50:00,-0.143,-0.102,64629.14,30.654,-22.05,-66.83,-17.14,-312.04,-461.22,30.4,500.1,116.0,adv,adv,0.308,0.0
primary,2026-08-10T19:35:00,-0.171,-0.339,63890.15,30.214,-12.86,79.41,42.97,94.82,161.16,190.6,33.8,67.2,adv,fav,0.075,0.0
primary,2026-08-10T22:30:00,-0.105,-0.046,63879.07,30.035,17.7,21.63,54.25,42.85,-6.38,82.1,14.6,52.4,fav,fav,0.529,0.0
primary,2026-08-11T14:20:00,-0.312,-0.094,63933.99,30.674,27.05,-24.09,-76.39,-257.93,-192.93,73.8,292.8,113.6,fav,adv,-0.203,4.31
primary,2026-08-11T18:35:00,-0.14,-2.792,63270.14,31.9,-33.92,-16.81,14.54,-82.72,69.38,105.1,107.9,79.3,adv,adv,0.566,0.0
primary,2026-08-12T12:30:00,-0.276,-0.599,64143.82,30.007,-104.98,-136.91,-191.55,-185.77,-261.85,-7.0,329.4,91.1,adv,adv,-0.317,3.68
primary,2026-08-12T13:50:00,-0.154,-0.065,63807.08,30.602,-7.67,-63.32,-88.53,-128.82,-389.37,59.2,407.2,121.0,adv,adv,-0.133,0.0
primary,2026-08-12T14:50:00,-0.197,-0.22,63429.71,30.613,-51.71,-150.48,-42.14,-19.39,13.08,73.2,186.8,133.2,adv,adv,0.043,1.09
primary,2026-08-12T17:20:00,-0.118,-0.063,63362.67,30.879,-14.24,-14.04,39.46,29.33,-26.58,107.1,64.2,59.6,fav,fav,0.034,0.0
primary,2026-08-13T00:40:00,-0.103,-0.064,63452.87,30.395,0.31,67.4,7.07,85.44,-122.88,116.7,128.4,61.6,fav,fav,0.171,0.0
primary,2026-08-13T01:40:00,-0.189,-0.084,63341.99,32.546,-22.1,37.22,50.25,48.96,84.2,105.7,41.9,72.0,adv,fav,-0.353,0.0
primary,2026-08-13T09:10:00,-0.103,-0.206,63558.6,30.087,-15.02,41.52,27.79,75.95,10.39,198.9,41.5,44.1,adv,fav,0.016,1.81
primary,2026-08-13T13:20:00,-0.171,-0.15,63536.29,30.362,23.85,-32.52,215.04,143.53,227.33,282.2,60.6,72.6,adv,fav,0.425,0.0
primary,2026-08-13T15:55:00,-0.33,-0.087,63355.01,30.842,30.13,35.52,28.15,-9.26,-298.72,151.5,587.5,102.7,fav,fav,-0.206,2.89
primary,2026-08-14T00:25:00,-0.152,-0.263,63376.36,30.606,-26.98,-25.55,72.57,78.83,43.72,158.1,33.8,52.8,adv,fav,-0.396,0.0
primary,2026-08-14T03:25:00,-0.106,-0.048,63386.91,30.37,-13.2,-56.07,-77.87,-181.55,-37.91,18.0,190.7,53.4,adv,adv,0.537,0.0
primary,2026-08-14T13:35:00,-0.105,-0.062,62595.82,31.433,44.58,51.95,-59.03,-47.69,88.99,128.5,107.1,103.8,fav,adv,0.06,0.76
primary,2026-08-14T17:35:00,-0.116,-0.161,63088.21,30.257,-19.82,-54.33,-120.55,-101.03,-165.2,-6.1,221.2,60.7,adv,adv,0.415,0.0
primary,2026-08-17T01:50:00,-0.151,-0.067,63053.98,30.68,-3.57,3.2,-62.21,12.53,281.79,377.5,89.2,95.3,adv,fav,0.293,0.0
primary,2026-08-17T07:00:00,-0.121,-0.127,63546.9,30.693,-20.21,-13.84,-56.66,-62.66,-125.79,-0.9,131.6,51.6,adv,adv,0.115,0.0
primary,2026-08-17T11:50:00,-0.131,-0.103,63579.81,30.586,-20.4,-28.7,-19.3,-37.21,-88.55,38.6,126.8,55.5,adv,adv,-0.139,0.0
primary,2026-08-17T13:15:00,-0.11,-0.144,63425.52,30.268,-16.64,-56.6,234.15,212.3,167.91,301.8,68.1,63.8,adv,adv,-0.39,0.0
primary,2026-08-17T16:40:00,-0.129,-0.066,64033.96,30.864,-3.27,22.51,23.21,-97.7,181.01,340.7,118.4,80.2,fav,adv,-0.203,0.0
primary,2026-08-18T14:30:00,-0.274,-0.363,64781.34,30.828,12.42,-103.46,-11.3,-62.91,-2.26,55.3,188.0,165.5,adv,adv,-0.368,10.8
primary,2026-08-18T20:00:00,-0.093,-0.172,64558.13,30.854,-1.19,28.22,24.23,18.28,8.65,56.8,46.7,39.7,fav,fav,0.436,0.18
primary,2026-08-19T00:40:00,-0.126,-0.092,64510.89,30.193,2.72,-36.64,-78.07,-51.06,-154.84,29.1,172.6,55.7,fav,adv,0.279,0.0
primary,2026-08-19T16:35:00,-0.114,-0.122,68623.9,30.208,-80.18,-56.31,-72.39,-312.97,-629.08,57.0,832.4,319.7,adv,adv,0.194,0.0
primary,2026-08-19T20:15:00,-0.096,-0.108,68570.77,30.948,118.35,209.98,122.04,213.07,926.48,1337.7,7.0,162.8,fav,fav,-0.043,0.0
primary,2026-08-19T22:05:00,-0.127,-0.293,69376.43,30.182,-10.23,-70.71,-177.47,-2.42,-105.13,67.8,432.1,350.4,adv,adv,0.042,2.41
primary,2026-08-19T23:20:00,-0.135,-0.119,69269.46,30.032,-30.55,55.13,7.19,-60.78,368.45,490.8,152.0,172.3,fav,fav,-0.157,0.0
primary,2026-08-20T00:55:00,-0.124,-0.148,69423.53,30.007,20.11,-54.01,-58.31,-152.64,261.56,429.4,195.7,176.6,adv,adv,0.24,0.01
primary,2026-08-20T02:35:00,-0.143,-0.775,69319.55,30.61,-12.05,-41.42,-75.8,-321.81,-292.86,16.1,478.4,138.6,adv,adv,0.383,5.97
primary,2026-08-20T07:15:00,-0.233,-0.15,69628.71,30.774,26.44,-9.56,-80.38,-5.64,1595.37,1917.1,177.8,139.5,adv,adv,0.009,0.0
primary,2026-08-20T08:20:00,-0.195,-0.689,71168.27,30.217,-110.59,54.24,294.96,556.22,725.63,840.1,139.0,278.4,fav,fav,-0.01,0.32
primary,2026-08-20T09:50:00,-0.277,-0.732,71650.15,31.171,17.05,26.62,174.85,428.71,186.43,789.3,34.3,251.5,fav,fav,0.276,0.0
primary,2026-08-20T11:05:00,-0.137,-0.053,71830.68,30.49,14.05,88.51,28.06,372.3,-149.59,442.6,395.8,223.9,fav,fav,-0.16,0.0
primary,2026-08-20T12:05:00,-0.19,-1.208,71694.41,30.437,31.69,70.29,89.74,106.16,254.58,352.7,278.7,204.3,fav,fav,0.078,21.3
primary,2026-08-20T13:35:00,-0.205,-0.885,71254.74,30.736,192.09,333.41,460.88,531.98,231.51,682.0,9.8,229.2,fav,fav,0.276,18.5
primary,2026-08-20T15:05:00,-0.2,-0.494,72179.42,30.807,-94.38,-16.19,-96.64,-2.58,215.51,624.3,257.4,279.7,adv,fav,-0.237,3.89
primary,2026-08-20T17:05:00,-0.134,-0.105,72572.18,30.56,32.72,67.56,154.22,198.47,-39.32,385.4,115.3,194.5,fav,fav,0.149,0.0
primary,2026-08-20T18:30:00,-0.31,-0.124,72450.56,30.18,42.84,-23.27,41.38,-135.58,125.7,184.2,160.8,170.0,fav,fav,0.216,1.71
primary,2026-08-20T20:50:00,-0.145,-0.129,72643.16,30.226,-58.26,-13.52,-17.72,54.79,36.95,194.2,109.1,136.1,adv,fav,-0.079,0.02
primary,2026-08-20T22:55:00,-0.222,-0.2,72670.54,30.206,2.6,34.93,235.4,558.64,402.14,737.0,36.1,123.8,fav,fav,-0.174,0.0
primary,2026-08-21T01:20:00,-0.216,-0.799,74610.99,30.142,-133.92,-28.8,15.01,690.31,97.97,1153.6,132.8,315.6,fav,fav,-0.293,1.91
primary,2026-08-21T02:45:00,-0.348,-0.101,74477.53,30.429,-86.71,-84.73,-136.93,-23.44,287.24,326.1,273.2,335.7,adv,neither,-0.037,11.54
primary,2026-08-21T03:55:00,-0.187,-0.299,74577.17,30.574,-5.5,114.79,232.53,184.74,383.03,431.1,30.8,173.5,fav,fav,0.28,0.0
primary,2026-08-21T05:25:00,-0.127,-0.27,75118.9,30.065,14.0,19.79,112.46,254.86,219.58,384.4,61.8,179.7,fav,fav,-0.021,0.02
primary,2026-08-21T06:40:00,-0.425,-0.09,75299.2,30.378,-29.75,193.61,279.98,996.22,1297.85,1579.6,35.5,215.3,fav,fav,-0.142,1.18
primary,2026-08-21T09:00:00,-1.768,-2.353,77880.38,30.041,-267.91,62.39,-335.12,-70.17,-153.31,477.1,653.3,568.6,adv,adv,-0.164,147.76
primary,2026-08-21T10:20:00,-0.282,-0.277,77966.24,30.241,-236.87,-71.32,-214.04,-150.19,-579.82,39.2,778.9,341.4,adv,adv,-0.368,0.0
primary,2026-08-21T11:30:00,-1.193,-0.97,76749.98,30.237,119.76,233.24,-40.91,-80.56,26.19,336.8,254.3,315.4,fav,fav,0.101,109.03
primary,2026-08-21T12:50:00,-0.258,-0.121,77210.89,30.552,-130.88,-86.18,-63.38,-249.66,138.98,493.9,1012.0,294.7,adv,adv,0.156,0.01
primary,2026-08-21T13:50:00,-0.187,-0.117,77361.11,30.315,-76.62,-216.73,-344.93,-269.81,-115.74,88.6,848.0,344.7,adv,adv,-0.152,3.69
primary,2026-08-21T16:10:00,-0.164,-0.191,76856.22,30.355,46.48,175.95,462.38,429.89,591.88,838.9,7.0,236.5,fav,fav,0.004,2.13
primary,2026-08-21T17:15:00,-0.221,-0.168,77253.31,30.382,40.46,14.7,305.22,141.21,181.32,376.7,106.8,206.3,adv,fav,0.289,0.0
primary,2026-08-21T19:55:00,-0.166,-0.163,76849.91,30.09,47.43,218.41,465.29,620.63,590.1,683.4,7.0,195.1,fav,fav,0.225,0.0
primary,2026-08-21T22:30:00,-0.249,-0.375,78317.44,30.093,77.69,161.74,-62.45,102.47,102.22,403.3,99.7,339.6,fav,fav,-0.015,5.31
primary,2026-08-21T23:35:00,-0.203,-0.064,78150.71,30.69,54.31,220.58,114.49,-216.86,-236.27,352.2,430.4,237.0,fav,fav,-0.194,1.15
primary,2026-08-22T02:45:00,-0.168,-0.456,78367.16,30.842,27.27,35.01,224.34,144.58,224.15,471.2,24.2,185.9,fav,fav,-0.025,0.26
primary,2026-08-22T05:35:00,-0.3,-0.445,77117.56,30.016,-24.42,-5.04,227.86,169.62,396.13,434.3,158.8,411.8,fav,fav,0.389,1.82
primary,2026-08-22T09:45:00,-0.299,-0.46,77026.76,30.684,-40.03,-109.08,-133.95,-336.31,31.8,155.3,519.3,154.2,adv,adv,0.031,11.73
primary,2026-08-22T21:00:00,-0.281,-0.292,77105.14,30.433,-3.95,27.71,95.58,-17.16,-66.88,109.4,350.6,87.9,fav,fav,0.324,0.69
primary,2026-08-23T04:45:00,-0.258,-0.119,76716.16,30.157,14.8,-63.93,-141.58,-640.91,-495.36,20.1,1152.7,139.5,adv,adv,0.075,8.15
primary,2026-08-23T06:05:00,-0.248,-0.094,75928.67,30.952,37.49,168.92,279.18,306.39,295.26,422.6,24.8,261.9,fav,fav,-0.075,2.44
primary,2026-08-23T21:35:00,-0.366,-0.442,77640.93,30.093,-47.77,51.37,150.2,121.07,22.93,344.6,114.7,136.6,adv,fav,-0.233,0.0
primary,2026-08-24T00:40:00,-0.216,-0.155,77243.85,30.388,-67.01,174.28,396.12,158.59,-54.4,479.7,107.3,170.6,adv,fav,0.104,0.34
primary,2026-08-24T05:15:00,-0.195,-0.377,77034.54,30.091,-41.06,1.11,-131.59,25.38,308.82,434.0,192.8,152.5,adv,adv,-0.354,0.0
primary,2026-08-24T08:20:00,-0.265,-0.271,76907.89,30.653,2.12,8.01,166.13,114.88,316.75,477.1,94.4,137.3,adv,fav,0.126,2.38
primary,2026-08-24T11:45:00,-0.461,-0.172,78189.04,30.262,-103.42,-33.69,-14.22,108.56,748.64,790.8,241.5,213.1,adv,fav,-0.142,2.96
primary,2026-08-24T13:00:00,-0.214,-0.384,79108.97,30.148,-111.2,140.66,-113.4,-306.99,-401.27,318.4,1287.6,260.1,fav,fav,0.079,0.0
primary,2026-08-24T14:50:00,-0.366,-0.407,79304.6,30.693,36.69,174.23,242.67,540.07,-267.52,690.7,317.5,383.7,fav,fav,-0.019,0.97
primary,2026-08-24T16:40:00,-0.31,-0.439,79366.92,30.236,-79.11,-89.63,-444.89,-429.35,-776.25,28.2,919.6,298.9,adv,adv,0.145,0.06
primary,2026-08-24T19:15:00,-0.392,-0.118,78742.3,30.945,16.7,28.96,142.16,29.29,4.56,215.8,204.4,193.2,adv,fav,-0.152,0.4
primary,2026-08-25T07:45:00,-0.75,-0.24,79872.36,30.084,-488.97,-228.5,-127.7,120.07,27.42,366.0,575.6,167.5,adv,adv,0.283,23.43
primary,2026-08-25T09:50:00,-0.627,-1.438,79097.47,30.436,116.4,70.53,176.67,193.4,275.12,373.0,130.1,208.1,fav,fav,0.298,38.93
primary,2026-08-25T11:40:00,-0.223,-0.105,79126.79,30.141,11.11,-26.74,0.16,-69.19,-215.33,55.7,514.5,139.0,adv,adv,-0.018,0.0
primary,2026-08-25T13:05:00,-0.239,-0.167,78881.49,30.374,-94.84,-84.31,-97.48,81.02,37.04,336.2,784.8,216.6,adv,adv,-0.076,0.0
primary,2026-08-25T20:45:00,-0.301,-0.464,78303.09,30.058,22.93,-54.25,-50.23,-18.06,267.81,342.0,471.6,178.1,fav,adv,0.484,7.52
primary,2026-08-26T00:35:00,-0.251,-0.15,78393.02,30.637,-8.07,65.04,259.24,344.24,495.75,557.9,41.3,176.6,fav,fav,0.07,0.0
primary,2026-08-26T09:15:00,-0.361,-0.154,78491.64,30.841,1.67,-96.13,68.67,-96.52,66.45,93.3,268.3,138.9,adv,adv,0.341,4.59
primary,2026-08-26T12:30:00,-0.382,-0.891,78439.34,30.761,-32.88,-225.52,-71.36,-247.15,-146.69,9.8,551.8,191.9,adv,adv,-0.527,7.31
primary,2026-08-27T13:30:00,-0.239,-0.373,79167.08,30.093,36.0,57.01,-46.18,570.4,831.33,835.8,269.7,122.8,fav,fav,-0.028,1.19
primary,2026-08-27T14:45:00,-0.322,-0.129,80129.67,30.214,10.63,-32.43,112.76,476.41,269.93,681.2,105.6,277.1,fav,fav,0.026,0.0
primary,2026-08-27T18:10:00,-0.359,-0.238,80168.97,30.568,-182.82,-308.78,-246.3,-249.16,-70.99,132.5,424.0,172.3,adv,adv,-0.164,10.37
primary,2026-08-28T02:10:00,-0.267,-0.122,80280.69,30.563,-98.78,-154.16,-356.1,-304.22,-356.02,-7.0,568.6,233.9,adv,adv,0.237,2.23
primary,2026-08-28T08:45:00,-0.247,-0.368,79512.09,30.262,44.15,29.25,-175.36,-93.69,-229.48,100.8,290.0,104.0,fav,adv,0.362,2.09
primary,2026-08-28T14:10:00,-0.265,-0.16,78553.86,30.779,-1.52,332.15,300.96,888.22,817.39,1322.2,49.2,278.4,fav,fav,-0.038,5.42
primary,2026-08-28T15:40:00,-0.424,-0.339,78810.32,30.233,27.87,-85.44,-467.87,-969.11,-991.06,117.5,1950.4,280.7,adv,adv,-0.259,15.76
primary,2026-08-28T16:50:00,-0.235,-0.14,77807.27,30.534,5.82,-76.6,2.29,92.4,64.7,318.9,167.0,347.8,fav,neither,-0.147,0.0
primary,2026-08-30T20:40:00,-0.279,-0.61,78559.31,30.52,20.22,122.51,-25.71,-42.45,67.59,180.9,349.3,106.1,fav,fav,0.054,17.32
primary,2026-08-30T22:20:00,-0.21,-0.412,78310.49,30.081,19.85,-11.87,149.69,101.28,-261.3,234.0,490.1,134.4,fav,fav,0.138,0.0
primary,2026-08-30T23:25:00,-0.378,-1.552,77752.39,30.44,48.8,-102.79,-390.0,-156.24,112.09,212.0,774.1,189.5,fav,adv,0.325,28.69
primary,2026-08-31T04:00:00,-0.217,-0.213,77588.68,30.535,33.47,21.99,-69.71,-144.65,97.05,112.0,146.8,114.0,fav,adv,0.5,0.0
primary,2026-08-31T12:25:00,-0.213,-0.245,78026.55,30.495,-112.76,59.67,-193.59,-86.6,101.72,149.8,361.3,126.6,adv,adv,-0.089,6.43
primary,2026-08-31T18:20:00,-0.196,-0.081,78850.52,31.473,6.36,37.73,128.54,161.01,192.73,401.3,25.7,150.0,fav,fav,-0.292,0.0
primary,2026-09-01T01:25:00,-0.208,-0.251,78360.76,30.105,7.68,114.38,176.21,-34.61,-112.11,205.3,212.4,120.5,fav,fav,0.152,9.52
primary,2026-09-01T08:05:00,-0.344,-0.126,78317.32,30.402,-28.11,-22.6,-218.16,-430.08,-454.87,10.3,568.6,110.7,adv,adv,0.334,6.86
primary,2026-09-01T13:00:00,-0.188,-0.105,77895.04,30.893,-61.71,-128.1,-143.41,-141.43,180.21,368.5,506.4,143.8,adv,adv,0.109,0.0
primary,2026-09-01T15:00:00,-0.413,-0.629,77826.39,30.209,-22.08,-113.2,0.68,33.11,94.03,244.3,137.2,179.2,adv,fav,0.286,1.96
primary,2026-09-01T16:30:00,-0.176,-0.084,77468.23,30.124,-14.84,-3.04,99.69,90.83,183.99,232.5,208.9,140.0,adv,adv,-0.305,0.0
primary,2026-09-01T18:15:00,-0.175,-0.173,77069.66,30.17,-7.48,-3.08,-181.23,-248.14,156.23,219.2,702.7,137.7,adv,adv,-0.027,13.47
primary,2026-09-01T21:05:00,-0.171,-0.544,77143.54,30.287,-13.85,-71.68,37.91,-36.0,101.36,137.5,274.5,110.4,adv,adv,0.317,0.0
primary,2026-09-02T04:05:00,-0.182,-0.075,77320.65,30.412,0.56,9.47,36.91,172.38,130.93,253.2,87.6,141.6,adv,fav,0.583,0.0
primary,2026-09-02T11:15:00,-0.246,-0.263,76516.57,31.389,-62.6,-166.79,86.51,43.37,276.66,361.2,208.8,157.2,adv,adv,-0.011,0.0
primary,2026-09-02T13:45:00,-0.36,-0.248,77102.55,30.733,-3.48,-131.08,-60.48,138.19,85.32,366.4,159.4,195.8,fav,fav,-0.196,1.32
primary,2026-09-02T16:40:00,-0.187,-0.192,77245.4,30.454,19.07,-17.29,-59.34,-147.12,56.66,82.8,327.5,155.1,adv,adv,0.355,0.02
primary,2026-09-03T02:35:00,-0.171,-0.341,77785.56,30.554,-32.88,-82.54,37.32,-96.7,-142.73,67.6,173.4,159.0,adv,adv,-0.154,0.32
primary,2026-09-03T05:15:00,-0.17,-0.21,77409.39,30.152,-68.12,-183.59,-83.84,80.24,313.34,407.4,350.0,106.4,adv,adv,0.071,0.0
primary,2026-09-03T16:00:00,-0.626,-0.264,80947.39,30.869,-95.9,4.73,-210.44,-111.41,41.83,126.6,339.3,307.7,adv,adv,0.051,4.88
primary,2026-09-03T18:25:00,-0.168,-0.26,80941.99,31.351,-29.69,33.94,17.82,281.27,594.61,701.8,47.7,150.7,fav,fav,0.13,0.0
primary,2026-09-03T20:10:00,-0.296,-0.073,81454.14,31.595,-35.9,2.3,122.6,-17.03,95.83,197.3,165.0,227.0,fav,neither,0.018,0.0
primary,2026-09-03T21:35:00,-0.471,-0.669,81646.98,30.098,-35.29,-100.16,14.67,-219.96,-441.57,121.9,736.4,214.7,adv,adv,-0.465,1.51
primary,2026-09-04T09:20:00,-0.25,-0.135,80984.16,30.312,-47.4,37.09,188.87,145.85,-144.0,226.6,170.7,146.1,fav,fav,-0.155,0.0
primary,2026-09-04T12:30:00,-1.864,-4.228,79926.99,30.62,-125.77,-8.64,-554.44,-479.33,-770.02,187.0,786.2,234.0,adv,adv,0.038,61.55
primary,2026-09-04T13:50:00,-0.467,-0.253,79298.57,30.434,33.2,159.22,-41.96,8.81,-424.55,270.6,664.5,306.0,fav,adv,-0.195,0.07
primary,2026-09-07T02:55:00,-0.268,-0.165,79819.21,30.43,-13.43,128.78,-57.62,-76.43,-226.16,153.3,274.2,135.2,fav,fav,0.602,0.47
primary,2026-09-07T14:05:00,-0.239,-0.455,79183.01,30.431,-11.36,-32.05,-105.36,-160.86,-120.65,82.7,248.4,104.1,adv,adv,0.406,1.22
primary,2026-09-07T15:30:00,-0.231,-0.188,78864.02,30.831,-54.3,-94.22,-21.64,-11.05,59.72,73.3,203.4,126.8,adv,adv,0.087,15.11
primary,2026-09-08T05:30:00,-0.18,-0.069,78653.53,30.462,-51.26,16.98,-11.09,-178.64,-310.3,86.7,320.6,120.1,fav,adv,0.241,0.0
primary,2026-09-08T07:45:00,-0.192,-0.075,78224.79,30.694,-35.73,156.16,121.36,85.96,216.85,336.5,80.6,107.4,adv,fav,0.239,0.0
primary,2026-09-08T13:30:00,-0.27,-0.12,78085.75,30.723,12.99,-293.92,-295.55,-73.63,233.49,306.6,494.4,116.6,adv,adv,-0.112,7.64
primary,2026-09-08T18:35:00,-0.166,-0.111,78586.56,30.617,-13.04,20.07,-223.11,-161.99,-129.17,54.1,331.1,96.8,fav,adv,-0.476,0.0
primary,2026-09-08T20:30:00,-0.175,-0.073,78416.58,31.037,48.21,93.56,86.24,78.22,82.17,201.3,7.0,114.2,fav,fav,0.25,0.0
primary,2026-09-08T22:05:00,-0.142,-0.097,78472.44,31.005,-6.4,16.59,29.24,-12.95,29.28,95.3,25.4,92.5,fav,fav,-0.347,0.0
primary,2026-09-09T09:40:00,-0.301,-0.422,79107.35,30.337,-72.64,-89.6,-134.4,-127.03,-114.04,67.9,229.6,109.7,adv,adv,0.103,6.48
primary,2026-09-09T11:00:00,-0.17,-0.294,78786.17,30.36,-26.14,50.1,15.74,239.47,482.15,599.3,40.3,115.3,fav,fav,-0.334,4.0
primary,2026-09-09T15:00:00,-0.199,-1.041,78875.15,30.407,-191.84,-244.68,-377.56,-283.9,-147.52,22.3,838.6,248.6,adv,adv,-0.311,7.12
primary,2026-09-09T16:05:00,-0.31,-0.196,78486.05,30.453,36.81,78.19,92.14,260.85,280.32,455.0,59.6,303.6,fav,fav,-0.281,0.0
primary,2026-09-09T19:35:00,-0.232,-0.098,78353.51,30.816,10.73,-69.34,-175.53,-113.31,-72.37,20.1,453.8,96.0,adv,adv,0.23,0.39
primary,2026-09-09T21:45:00,-0.175,-0.106,77985.02,30.021,80.48,98.75,32.89,-41.63,19.56,194.6,236.8,112.4,fav,fav,-0.164,0.27
primary,2026-09-10T09:35:00,-0.17,-0.082,77957.26,30.013,-50.53,0.84,-11.5,-12.61,32.53,55.9,171.3,85.6,adv,adv,0.395,0.0
primary,2026-09-10T12:30:00,-0.588,-1.137,77431.81,30.173,-43.52,-318.94,-411.13,-429.56,-588.5,63.7,801.0,142.4,adv,adv,-0.221,7.19
primary,2026-09-10T14:05:00,-0.248,-0.165,77016.15,30.554,-27.8,13.69,296.32,192.96,326.42,384.7,93.8,210.8,fav,fav,0.109,0.0
primary,2026-09-10T16:00:00,-0.217,-0.253,77045.66,30.595,4.23,-147.7,-126.84,-278.45,88.24,151.1,293.1,128.9,adv,adv,-0.25,0.0
primary,2026-09-10T18:05:00,-0.209,-0.128,76982.94,30.233,16.61,7.79,84.05,119.02,172.58,287.0,25.4,124.5,fav,fav,0.369,0.96
primary,2026-09-10T23:10:00,-0.255,-0.458,76597.78,30.558,-41.84,93.75,144.62,148.75,201.03,221.0,102.5,136.1,adv,fav,0.314,9.78
primary,2026-09-11T09:35:00,-0.209,-0.264,76874.77,30.977,-19.5,56.05,111.1,172.97,102.19,255.4,43.7,74.2,adv,fav,0.376,4.65
primary,2026-09-11T11:00:00,-0.145,-0.112,76885.94,30.836,-25.34,-131.11,-100.67,-126.56,102.26,207.2,182.1,80.0,adv,adv,-0.085,0.03
primary,2026-09-11T12:05:00,-0.167,-0.101,76912.76,30.678,47.74,-28.96,30.76,677.89,645.28,1202.0,909.5,108.7,fav,fav,0.047,0.0
primary,2026-09-11T13:05:00,-0.248,-0.385,77565.92,30.536,23.04,90.81,83.64,,,243.8,352.5,357.6,fav,neither,0.412,1.95
ctrlA,2026-08-04T21:10:00,-0.137,-0.008,64191.74,30.269,-12.83,-42.02,3.66,-39.02,-28.29,48.5,115.0,81.0,adv,adv,0.08,0.0
ctrlA,2026-08-05T00:45:00,-0.115,-0.017,63959.06,31.011,-2.25,-9.08,-26.61,24.44,241.56,292.0,66.5,70.3,adv,fav,0.129,0.04
ctrlA,2026-08-05T02:15:00,-0.186,0.087,64319.4,30.729,39.82,65.91,85.94,47.63,-239.79,118.3,257.0,99.6,fav,fav,-0.052,0.01
ctrlA,2026-08-05T03:15:00,-0.361,0.028,64091.6,30.137,-32.99,-65.23,-8.81,14.62,38.02,53.0,100.2,94.2,adv,adv,0.144,0.0
ctrlA,2026-08-05T12:30:00,-0.134,0.321,64365.79,30.046,34.36,27.93,-12.57,-143.58,-497.65,94.7,544.0,95.0,fav,adv,0.337,0.0
ctrlA,2026-08-05T14:20:00,-0.268,0.154,64347.37,30.355,-55.4,-77.61,-55.96,9.3,105.03,365.2,109.7,168.6,adv,fav,0.057,0.0
ctrlA,2026-08-05T20:45:00,-0.121,0.046,64860.46,30.801,-30.42,-62.85,-138.81,-178.42,-200.49,-7.0,265.7,68.6,adv,adv,-0.006,0.0
ctrlA,2026-08-06T05:25:00,-0.134,0.069,64833.77,30.325,-1.55,12.58,8.88,-31.81,-77.06,21.8,158.4,73.5,adv,adv,0.126,0.0
ctrlA,2026-08-06T12:05:00,-0.129,0.165,64419.44,30.025,-10.9,-5.37,43.53,69.74,-280.67,104.5,296.9,56.1,adv,fav,0.125,0.52
ctrlA,2026-08-06T13:05:00,-0.254,-0.022,64150.77,31.056,28.1,13.08,-26.95,131.28,258.12,302.0,61.9,78.2,fav,fav,-0.061,8.92
ctrlA,2026-08-06T15:10:00,-0.113,0.063,64786.98,30.028,22.02,-124.12,-13.75,-107.6,-197.84,49.8,257.3,132.1,adv,adv,0.1,4.09
ctrlA,2026-08-06T17:35:00,-0.122,0.04,64529.5,30.419,-42.3,8.97,38.09,-96.52,-159.0,65.8,157.7,74.1,adv,adv,0.094,0.0
ctrlA,2026-08-07T01:35:00,-0.172,0.036,64254.75,30.214,33.56,80.44,92.52,0.33,-31.48,235.4,62.8,82.9,fav,fav,-0.197,0.0
ctrlA,2026-08-07T12:30:00,-0.195,0.0,65027.09,30.455,-48.74,69.28,202.28,219.41,195.52,321.4,78.2,96.9,adv,fav,-0.095,7.73
ctrlA,2026-08-07T13:45:00,-0.133,0.0,65201.56,30.521,-94.28,-124.75,-368.11,-253.3,-149.17,37.0,470.8,131.0,adv,adv,0.185,0.0
ctrlA,2026-08-07T14:50:00,-0.135,0.015,64953.57,30.595,4.86,-31.88,17.61,21.01,-75.91,133.7,122.7,156.7,adv,neither,0.042,0.0
ctrlA,2026-08-09T01:25:00,-0.13,-0.023,64831.06,30.431,-5.34,-9.25,1.02,-27.34,-57.99,12.4,80.4,27.9,adv,adv,0.699,0.0
ctrlA,2026-08-09T22:20:00,-0.162,0.074,65185.49,30.166,-10.34,1.11,-235.18,-154.97,-292.87,18.0,322.8,72.2,adv,adv,0.154,0.0
ctrlA,2026-08-10T00:20:00,-0.162,0.066,64963.79,30.922,1.34,-21.36,-110.25,5.16,25.93,51.2,195.0,100.3,adv,adv,0.239,0.0
ctrlA,2026-08-10T02:15:00,-0.27,0.086,64907.2,30.462,-18.74,-41.04,15.97,169.5,88.87,256.2,61.7,102.5,adv,fav,-0.544,0.01
ctrlA,2026-08-10T07:45:00,-0.115,0.112,65213.09,30.916,-25.51,-61.42,7.54,2.84,-68.96,62.9,81.5,50.0,adv,adv,0.234,0.0
ctrlA,2026-08-10T13:30:00,-0.378,-0.028,64636.49,30.613,79.6,-18.26,-132.88,-3.21,158.4,168.6,192.6,90.3,fav,fav,-0.233,3.81
ctrlA,2026-08-10T15:10:00,-0.17,0.001,64544.33,30.373,3.11,-94.65,-197.42,-282.6,-417.06,46.0,427.8,109.4,adv,adv,-0.24,8.89
ctrlA,2026-08-10T16:15:00,-0.21,-0.027,64023.13,30.392,-58.09,15.43,29.27,-192.64,-167.24,97.1,268.9,130.0,adv,adv,0.025,18.69
ctrlA,2026-08-10T18:25:00,-0.145,0.052,63826.01,30.183,-14.03,3.15,-36.31,-0.5,165.61,184.3,92.9,80.3,adv,adv,-0.309,0.0
ctrlA,2026-08-11T01:15:00,-0.123,0.09,63952.34,30.754,0.62,23.24,26.78,34.98,32.35,73.1,64.3,56.1,fav,fav,-0.13,0.0
ctrlA,2026-08-11T06:50:00,-0.115,0.028,63843.73,30.655,-0.18,62.21,62.0,0.2,137.0,199.6,12.5,44.6,fav,fav,-0.083,0.0
ctrlA,2026-08-11T13:50:00,-0.102,0.193,64072.87,30.363,-5.66,35.07,60.87,-150.88,-396.81,133.8,422.8,82.6,fav,fav,0.271,0.0
ctrlA,2026-08-11T15:30:00,-0.227,0.186,63670.05,30.983,-70.09,-200.23,-184.39,-102.9,-202.82,0.9,280.5,114.2,adv,adv,-0.399,0.0
ctrlA,2026-08-11T18:25:00,-0.181,0.006,63432.42,30.802,-5.37,-23.09,-179.09,-144.27,-123.62,11.6,270.1,63.7,adv,adv,-0.223,0.0
ctrlA,2026-08-11T23:00:00,-0.115,0.008,63523.94,30.31,-15.84,-6.6,-27.71,28.38,-11.57,72.0,42.2,48.2,adv,fav,0.004,0.0
ctrlA,2026-08-12T02:30:00,-0.115,0.068,63769.35,30.274,-23.27,-53.75,-61.07,-40.87,-17.0,7.8,130.9,55.4,adv,adv,-0.203,0.2
ctrlA,2026-08-12T04:25:00,-0.117,0.01,63709.48,30.641,-25.19,-44.38,-9.87,-8.05,68.92,77.8,50.9,55.2,adv,fav,-0.31,0.0
ctrlA,2026-08-12T12:35:00,-0.269,0.344,64018.91,30.248,10.29,-20.96,59.51,24.96,-186.87,103.9,204.5,106.9,adv,adv,0.175,0.0
ctrlA,2026-08-12T14:25:00,-0.164,-0.008,63612.18,30.152,-62.05,-146.64,-98.51,-327.84,-204.48,24.5,369.3,129.3,adv,adv,0.164,0.09
ctrlA,2026-08-12T19:20:00,-0.104,0.069,63252.57,30.086,5.29,45.69,45.85,58.16,176.62,191.8,22.4,56.4,fav,fav,-0.079,0.31
ctrlA,2026-08-12T21:55:00,-0.133,-0.033,63416.4,30.228,-71.5,-8.26,16.28,-7.7,-64.05,55.2,124.6,66.9,adv,adv,-0.271,0.82
ctrlA,2026-08-13T01:15:00,-0.14,0.114,63491.17,30.494,-26.57,-119.66,-69.76,-110.94,-118.77,-0.5,186.1,62.2,adv,adv,-0.591,0.06
ctrlA,2026-08-13T07:00:00,-0.125,0.004,63819.86,30.863,-1.64,-14.2,-29.36,6.87,8.33,38.3,35.7,49.8,adv,neither,-0.371,0.0
ctrlA,2026-08-13T15:25:00,-0.264,-0.031,63560.88,30.028,26.56,52.6,92.14,-217.87,-221.02,128.9,317.8,96.7,fav,fav,-0.072,0.43
ctrlA,2026-08-13T16:25:00,-0.282,0.077,63351.86,30.682,-39.69,-2.96,-453.65,-295.57,-223.02,22.0,584.3,123.5,adv,adv,-0.174,2.77
ctrlA,2026-08-13T18:05:00,-0.102,0.117,63139.96,30.577,-5.85,-4.98,-19.17,-63.7,238.04,298.3,108.3,94.3,adv,adv,-0.466,0.0
ctrlA,2026-08-13T19:10:00,-0.119,0.138,63327.51,30.478,5.76,10.63,-6.98,59.05,24.54,70.4,37.5,82.5,fav,neither,0.214,0.0
ctrlA,2026-08-13T23:00:00,-0.114,-0.002,63401.71,30.33,2.28,28.29,2.59,2.15,31.91,46.6,78.6,58.3,fav,adv,-0.046,0.0
ctrlA,2026-08-14T06:50:00,-0.199,0.15,62996.0,30.298,-5.2,-109.94,-11.86,38.57,-89.12,49.2,127.6,63.8,adv,adv,0.325,2.65
ctrlA,2026-08-14T08:20:00,-0.174,0.01,62741.28,30.997,-40.6,-44.78,52.66,91.54,86.07,129.4,124.1,71.5,adv,adv,-0.132,24.56
ctrlA,2026-08-14T09:25:00,-0.18,0.039,62724.21,30.384,-19.39,25.85,-17.06,-34.95,95.47,126.8,57.8,73.1,adv,fav,-0.344,0.0
ctrlA,2026-08-14T12:05:00,-0.108,0.045,62737.02,32.64,-20.83,6.93,61.47,-15.41,-170.08,107.8,225.6,59.5,adv,fav,-0.371,0.1
ctrlA,2026-08-14T14:50:00,-0.143,0.06,62590.81,30.15,-65.08,-47.01,21.95,96.75,380.0,402.5,144.8,94.9,adv,adv,-0.241,0.0
ctrlA,2026-08-14T22:10:00,-0.121,0.053,62781.16,31.597,-50.13,-20.29,-17.85,37.65,82.19,88.3,59.3,43.7,adv,adv,0.442,0.0
ctrlA,2026-08-15T08:50:00,-0.113,0.266,62914.71,30.693,-25.24,-50.42,-35.16,-23.62,46.18,62.9,68.7,28.9,adv,adv,-0.753,0.0
ctrlA,2026-08-16T17:40:00,-0.114,0.018,63066.22,30.592,0.3,6.03,18.33,-6.48,1.92,41.8,27.1,47.9,fav,neither,-0.685,0.0
ctrlA,2026-08-16T22:35:00,-0.114,-0.029,62668.05,30.518,-21.51,10.79,89.5,212.78,126.12,255.4,28.9,82.8,fav,fav,0.368,4.31
ctrlA,2026-08-17T00:30:00,-0.127,0.145,62714.99,30.54,-21.65,1.04,66.0,303.32,419.58,461.6,39.3,64.2,adv,fav,-0.373,0.0
ctrlA,2026-08-17T03:15:00,-0.105,0.058,63298.63,30.832,-20.16,-12.03,-19.15,13.38,109.37,163.8,28.4,85.6,fav,fav,-0.242,0.0
ctrlA,2026-08-17T05:25:00,-0.124,0.215,63425.47,30.292,-4.79,-24.31,-37.74,6.41,69.74,131.9,50.9,56.1,adv,fav,-0.645,0.0
ctrlA,2026-08-17T12:35:00,-0.104,-0.031,63490.19,30.386,9.8,34.77,1.07,-10.02,162.81,202.8,132.8,64.7,fav,fav,-0.041,0.0
ctrlA,2026-08-17T14:35:00,-0.146,-0.021,63564.25,30.108,-38.89,-19.52,155.34,316.55,421.49,487.1,35.1,113.2,fav,fav,-0.394,0.0
ctrlA,2026-08-17T18:30:00,-0.126,-0.018,64394.44,30.445,16.75,-5.38,17.87,-109.37,-107.48,47.8,136.5,110.2,adv,adv,0.472,0.0
ctrlA,2026-08-18T02:10:00,-0.113,0.066,64121.49,30.808,-5.53,10.91,-59.11,-71.13,-93.12,28.3,156.4,55.6,fav,adv,-0.359,0.0
ctrlA,2026-08-18T04:00:00,-0.11,-0.046,64056.44,30.618,-5.92,-3.99,12.26,95.39,77.25,129.9,16.5,54.6,fav,fav,0.284,0.0
ctrlA,2026-08-18T06:45:00,-0.167,0.09,64267.28,31.068,-2.27,-48.68,-24.58,-13.88,-132.1,30.1,162.0,62.9,adv,adv,0.004,0.0
ctrlA,2026-08-18T07:45:00,-0.095,0.015,64148.63,30.27,-36.99,-45.31,-59.74,21.02,39.47,125.1,130.0,53.2,adv,adv,0.129,0.0
ctrlA,2026-08-18T13:50:00,-0.157,-0.036,64087.5,30.94,19.81,71.57,112.54,624.95,588.14,926.2,27.0,79.0,fav,fav,-0.219,0.02
ctrlA,2026-08-18T15:05:00,-0.165,0.147,64624.74,30.322,34.09,71.59,106.04,160.01,78.95,226.3,31.4,156.4,fav,fav,-0.25,0.0
ctrlA,2026-08-18T16:05:00,-0.111,0.049,64715.69,30.895,-17.39,-17.22,-34.02,32.21,15.62,111.0,90.5,86.2,adv,adv,0.105,0.02
ctrlA,2026-08-19T00:00:00,-0.133,0.097,64594.16,30.468,-50.86,-22.76,-41.28,2.71,-208.67,35.5,206.2,43.2,adv,adv,0.497,0.0
ctrlA,2026-08-19T12:50:00,-0.213,0.755,64795.35,30.516,-0.52,-31.23,39.24,89.55,198.95,371.3,66.1,88.1,fav,fav,-0.107,0.0
ctrlA,2026-08-19T16:10:00,-0.282,0.056,68555.13,30.391,100.46,120.75,244.73,12.46,-312.0,338.7,374.9,617.5,fav,neither,0.21,0.1
ctrlA,2026-08-19T18:05:00,-0.105,-0.03,68061.14,30.528,-39.44,73.73,208.85,226.47,264.8,384.2,59.6,169.9,fav,fav,0.221,0.0
ctrlA,2026-08-19T19:10:00,-0.371,0.049,68133.87,30.033,34.1,155.37,33.45,231.5,490.9,562.1,32.1,127.1,fav,fav,0.062,3.55
ctrlA,2026-08-19T20:25:00,-0.121,0.142,68722.55,30.671,-53.75,-29.74,-69.38,305.62,929.58,1185.9,130.3,143.6,adv,fav,-0.443,3.78
ctrlA,2026-08-19T21:50:00,-0.095,0.235,69798.88,30.824,-89.74,-65.59,-441.28,-599.92,-628.49,40.5,854.5,384.6,adv,adv,-0.221,0.0
ctrlA,2026-08-19T23:45:00,-0.204,-0.018,69152.19,30.297,2.7,56.49,336.84,549.86,461.9,608.0,34.8,147.9,fav,fav,0.071,0.0
ctrlA,2026-08-20T01:20:00,-0.114,0.124,69333.57,30.619,-22.33,-70.85,217.36,312.05,122.93,519.4,84.6,163.6,adv,fav,-0.333,1.01
ctrlA,2026-08-20T02:20:00,-0.152,-0.025,69469.57,30.25,-30.43,4.02,-162.02,-225.82,-512.17,40.3,628.4,143.1,adv,adv,0.198,0.0
ctrlA,2026-08-20T05:25:00,-0.107,0.16,69582.11,30.622,-10.67,-17.86,-82.71,-226.83,-23.56,75.6,293.1,103.8,adv,adv,-0.138,0.01
ctrlA,2026-08-20T06:25:00,-0.122,-0.019,69570.23,30.436,-3.79,115.41,236.04,206.89,3.64,407.7,16.6,110.1,fav,fav,-0.386,0.0
ctrlA,2026-08-20T09:25:00,-0.265,0.116,71731.8,30.049,116.4,191.88,196.62,-55.05,187.93,707.6,115.9,285.1,fav,fav,0.024,0.0
ctrlA,2026-08-20T11:15:00,-0.158,0.096,71826.95,30.762,0.82,31.81,423.51,265.74,-60.88,446.3,392.1,213.0,fav,fav,0.167,0.0
ctrlA,2026-08-20T14:25:00,-0.288,0.07,71388.37,30.332,36.21,151.93,43.44,376.29,936.61,1141.8,30.4,277.5,fav,fav,-0.137,1.9
ctrlA,2026-08-20T16:00:00,-0.173,-0.044,72374.36,30.489,25.36,23.27,-106.99,-54.06,357.87,517.1,217.2,312.1,adv,fav,0.226,0.05
ctrlA,2026-08-20T20:35:00,-0.19,0.1,72766.4,31.01,-34.32,-3.98,-138.11,-140.96,13.66,71.0,232.4,138.2,adv,adv,-0.006,4.44
ctrlA,2026-08-20T22:00:00,-0.32,-0.026,72581.35,30.746,0.11,46.53,46.98,175.41,124.12,283.7,51.0,108.5,fav,fav,0.233,0.98
ctrlA,2026-08-20T23:35:00,-0.137,0.205,73130.18,30.38,-30.14,-93.96,-80.9,172.06,446.31,847.9,175.0,150.9,adv,adv,0.109,0.0
ctrlA,2026-08-21T00:50:00,-0.132,0.242,73580.71,30.056,45.42,71.55,348.94,1018.28,1722.7,2183.9,21.6,241.2,fav,fav,0.078,0.0
ctrlA,2026-08-21T01:50:00,-0.262,0.309,75315.41,30.094,37.73,-273.83,-461.83,-606.45,-922.58,61.2,965.7,370.2,adv,adv,-0.16,0.11
ctrlA,2026-08-21T03:50:00,-0.16,0.18,74675.84,30.451,-27.97,-110.67,163.4,93.9,320.33,330.7,221.4,177.3,adv,adv,-0.104,1.16
ctrlA,2026-08-21T06:20:00,-0.129,-0.039,75204.59,30.381,139.37,133.89,465.73,368.93,1082.63,1674.2,7.0,189.4,fav,fav,0.14,0.01
ctrlA,2026-08-21T07:20:00,-0.306,0.471,76309.21,30.112,-1.43,81.29,140.48,33.61,762.78,936.6,135.7,315.8,fav,fav,-0.072,2.24
ctrlA,2026-08-21T09:50:00,-0.248,-0.039,78058.39,30.812,-49.31,-295.61,-114.81,-105.31,-242.28,177.1,520.3,587.6,adv,neither,0.119,0.0
ctrlA,2026-08-21T11:40:00,-0.174,0.736,76860.54,30.069,-35.2,-151.47,-168.82,-9.37,543.3,603.4,364.8,332.7,adv,adv,-0.119,0.0
ctrlA,2026-08-21T13:30:00,-0.648,0.184,76466.64,30.131,-122.97,526.73,1102.55,421.94,546.59,1238.2,267.8,280.4,adv,fav,-0.119,12.78
ctrlA,2026-08-21T19:00:00,-0.304,0.215,76912.6,30.764,-91.82,94.74,115.09,294.76,155.72,428.2,96.5,211.6,fav,fav,-0.441,1.29
ctrlA,2026-08-21T21:35:00,-0.521,0.164,78115.03,30.87,-0.96,209.18,471.31,562.57,366.98,642.2,55.4,232.9,fav,fav,-0.246,0.51
ctrlA,2026-08-22T04:15:00,-0.177,0.088,78308.18,30.74,-38.51,188.93,293.63,221.85,-1241.48,502.5,1791.7,173.9,fav,fav,-0.225,0.96
ctrlA,2026-08-22T06:10:00,-0.18,-0.044,77212.85,30.323,66.97,57.34,10.38,243.83,141.23,456.4,254.1,445.5,adv,fav,-0.135,0.0
ctrlA,2026-08-22T10:05:00,-0.181,0.018,76822.58,30.303,-32.3,-104.24,-231.06,283.29,91.62,359.4,315.1,166.3,adv,adv,0.365,3.42
ctrlA,2026-08-22T17:25:00,-0.246,0.006,77134.71,30.098,18.25,35.21,70.76,121.7,156.01,239.2,32.0,111.2,fav,fav,-0.101,0.01
ctrlA,2026-08-23T04:15:00,-0.249,0.206,76789.4,30.541,9.35,115.14,49.35,-81.83,-722.19,202.0,1226.0,121.7,fav,fav,-0.476,0.01
ctrlA,2026-08-23T13:25:00,-0.251,0.042,77379.96,30.091,39.41,-3.43,29.5,100.68,30.56,256.5,72.5,126.9,fav,fav,0.354,0.0
ctrlA,2026-08-23T17:00:00,-0.249,0.01,77263.19,31.156,36.71,-4.19,77.6,-21.31,-121.51,109.8,132.8,109.9,fav,adv,0.178,0.0
ctrlA,2026-08-24T01:05:00,-0.243,0.073,77477.58,30.072,7.95,-70.71,-217.3,-216.66,-395.69,71.1,610.8,190.5,adv,adv,0.298,0.0
ctrlA,2026-08-24T04:45:00,-0.214,-0.067,76889.64,30.041,-39.47,-65.56,69.96,132.9,170.28,347.9,244.9,120.2,adv,adv,0.448,0.0
ctrlA,2026-08-24T10:50:00,-0.235,0.0,77606.91,30.143,-47.28,-43.32,140.93,245.77,548.44,982.9,191.0,164.5,adv,adv,0.007,0.0
ctrlA,2026-08-24T12:00:00,-0.299,0.131,78186.82,30.46,-12.06,-15.75,110.78,404.28,908.91,1125.5,239.3,227.1,adv,adv,-0.177,0.0
ctrlA,2026-08-24T13:35:00,-0.238,0.138,78455.9,30.693,17.95,-346.48,-169.18,484.51,1162.57,1341.2,634.5,305.1,adv,adv,0.09,6.2
ctrlA,2026-08-24T16:50:00,-0.45,0.158,78954.65,30.165,71.39,-24.83,147.23,-446.84,-357.39,234.2,507.3,266.2,fav,adv,-0.264,4.25
ctrlA,2026-08-25T02:45:00,-0.224,0.062,80436.99,30.113,51.91,235.81,421.7,341.86,77.85,505.5,94.0,328.9,fav,fav,-0.114,2.37
ctrlA,2026-08-25T08:35:00,-0.247,-0.015,79963.5,30.053,-75.3,49.99,-128.57,-207.82,-129.32,136.7,284.8,236.2,fav,adv,0.222,0.0
ctrlA,2026-08-25T19:25:00,-0.306,-0.061,78910.48,30.687,-37.02,22.73,-105.83,41.05,-132.34,72.3,249.3,118.8,adv,adv,0.202,0.01
ctrlA,2026-08-25T22:25:00,-0.281,-0.008,78581.1,30.257,96.35,228.34,220.4,278.16,98.61,376.4,13.2,154.5,fav,fav,0.165,0.0
ctrlA,2026-08-26T00:05:00,-0.304,0.189,78335.16,30.522,81.26,73.63,199.32,45.86,402.1,560.8,37.1,172.5,fav,fav,-0.424,0.99
ctrlA,2026-08-26T08:50:00,-0.292,-0.034,78673.97,30.94,3.82,32.5,135.84,-278.46,-265.28,199.4,450.7,118.4,adv,fav,-0.015,1.12
ctrlA,2026-08-26T15:30:00,-0.243,-0.051,77976.14,30.242,-33.16,76.36,126.9,94.95,121.02,187.9,53.2,203.2,fav,neither,-0.125,0.0
ctrlA,2026-08-27T09:30:00,-0.354,0.035,80209.64,30.895,39.5,22.95,-43.52,-143.11,-567.78,118.9,874.9,189.4,fav,adv,-0.226,0.75
ctrlA,2026-08-27T13:45:00,-0.227,-0.014,79132.9,30.803,49.86,237.79,605.31,613.54,983.03,1266.8,30.6,150.4,fav,fav,0.128,2.17
ctrlA,2026-08-27T16:05:00,-0.248,0.077,80260.81,31.013,80.94,152.83,252.81,148.38,297.3,390.0,24.1,234.6,fav,fav,0.175,0.08
ctrlA,2026-08-27T17:40:00,-0.225,-0.052,80507.65,30.809,-14.27,19.92,-65.27,-350.76,-587.84,72.1,762.7,179.2,adv,adv,0.18,0.0
ctrlA,2026-08-28T01:35:00,-0.258,-0.029,80970.8,30.436,-76.09,-111.7,-309.34,-516.43,-894.85,24.9,1146.7,214.9,adv,adv,-0.386,0.23
ctrlA,2026-08-28T13:35:00,-0.21,0.026,79110.85,30.085,43.74,-41.99,278.63,-242.17,467.95,618.0,681.2,131.3,adv,fav,0.193,0.0
ctrlA,2026-08-28T14:45:00,-0.307,-0.008,79300.72,30.401,47.92,178.6,188.48,119.11,-575.84,575.3,613.5,388.3,fav,fav,0.232,4.59
ctrlA,2026-08-28T15:55:00,-0.277,0.48,78354.47,30.014,-173.27,-261.62,-513.26,-826.78,-623.8,54.2,1494.6,248.5,adv,adv,0.237,25.2
ctrlA,2026-08-30T17:15:00,-0.219,0.246,78941.24,30.09,5.49,-116.58,57.62,73.15,-80.71,135.5,192.2,164.8,adv,adv,0.574,0.08
ctrlA,2026-08-30T23:20:00,-0.475,0.143,78061.19,30.137,-24.38,-320.8,-511.4,-485.58,-105.04,20.9,1082.9,169.3,adv,adv,0.277,11.29
ctrlA,2026-08-31T02:50:00,-0.211,-0.03,77427.08,30.592,-40.42,-9.32,151.99,285.9,328.22,437.6,62.1,134.7,fav,fav,-0.051,1.09
ctrlA,2026-08-31T05:35:00,-0.203,-0.045,77919.13,30.829,28.72,55.3,79.3,51.5,190.57,200.7,87.7,154.1,fav,fav,-0.113,0.0
ctrlA,2026-08-31T12:20:00,-0.237,-0.017,78143.79,30.432,-105.34,-129.24,-274.82,-380.5,-181.47,32.5,478.5,118.7,adv,adv,-0.27,0.05
ctrlA,2026-08-31T14:20:00,-0.297,0.057,77725.57,30.111,106.79,248.55,460.0,677.27,590.8,948.0,8.8,250.2,fav,fav,-0.063,0.0
ctrlA,2026-08-31T23:00:00,-0.194,-0.042,78458.83,30.149,-6.28,4.1,68.23,65.01,182.18,186.2,46.5,81.6,adv,fav,-0.313,2.85
ctrlA,2026-09-01T00:50:00,-0.19,0.014,78622.53,30.605,-0.62,35.95,31.54,-92.54,-232.56,157.3,280.3,92.6,adv,fav,-0.132,0.0
ctrlA,2026-09-01T07:35:00,-0.292,0.045,78554.39,30.435,-78.93,30.2,95.79,-248.65,-667.15,111.4,745.6,84.9,adv,fav,0.019,3.97
ctrlA,2026-09-01T18:35:00,-0.31,0.389,76758.49,30.203,-61.54,-274.48,144.89,385.03,524.71,698.4,391.6,185.6,adv,adv,0.063,15.0
ctrlA,2026-09-02T00:25:00,-0.18,-0.023,77208.42,30.353,32.83,-10.92,-17.2,-16.05,-94.95,121.8,148.7,109.0,fav,adv,-0.316,0.0
ctrlA,2026-09-02T01:25:00,-0.257,0.008,77125.47,30.493,-35.16,-150.54,-286.55,-136.0,90.85,174.3,458.0,118.3,adv,adv,-0.173,0.0
ctrlA,2026-09-02T08:40:00,-0.175,-0.008,76927.04,30.714,54.95,-153.31,-53.62,-17.06,-426.14,88.7,463.3,106.1,fav,adv,-0.164,5.04
ctrlA,2026-09-02T10:00:00,-0.172,0.169,76613.16,30.541,-62.54,-80.83,35.99,-108.76,-81.9,57.4,436.2,163.8,adv,adv,-0.377,0.0
ctrlA,2026-09-02T14:30:00,-0.181,0.387,77130.27,30.065,-49.37,66.96,57.6,-93.56,99.47,232.4,434.9,255.2,fav,adv,0.121,0.0
ctrlA,2026-09-02T15:35:00,-0.201,-0.062,77123.74,30.38,-19.0,135.47,88.87,134.11,191.65,425.1,56.9,226.9,fav,fav,-0.289,0.02
ctrlA,2026-09-02T21:45:00,-0.186,-0.068,77254.78,31.876,21.1,46.93,-133.91,-217.24,-215.84,72.2,271.8,97.0,fav,adv,-0.074,0.0
ctrlA,2026-09-03T00:05:00,-0.187,-0.037,77160.78,30.542,53.12,-58.19,-106.63,-97.18,65.07,125.1,236.5,88.9,fav,adv,0.254,0.0
ctrlA,2026-09-03T15:05:00,-0.264,0.045,80506.14,30.495,22.23,107.77,159.23,423.38,445.98,867.0,164.2,328.1,adv,fav,-0.248,0.0
ctrlA,2026-09-03T16:15:00,-0.318,0.041,80749.0,30.758,95.46,-106.94,86.98,241.62,274.85,392.4,140.9,268.5,adv,fav,0.042,11.29
ctrlA,2026-09-03T20:00:00,-0.202,-0.049,81602.62,30.038,-31.84,25.36,-143.55,-113.1,-225.15,126.8,254.0,221.4,fav,adv,-0.19,0.0
ctrlA,2026-09-03T21:55:00,-0.172,-0.038,81568.01,30.025,-114.59,-4.82,-179.52,-454.24,-441.47,53.3,657.4,223.8,adv,adv,-0.164,0.0
ctrlA,2026-09-04T00:40:00,-0.194,0.123,81223.98,30.251,5.81,-135.98,-185.12,-275.36,-437.82,25.3,470.0,152.7,adv,adv,-0.628,0.84
ctrlA,2026-09-04T02:00:00,-0.18,0.013,80873.15,30.926,-1.38,-46.94,-132.04,-163.73,23.96,80.4,217.5,144.5,adv,adv,-0.218,0.0
ctrlA,2026-09-04T10:05:00,-0.234,0.113,80901.71,30.768,27.82,-11.93,-61.55,175.15,242.96,290.6,88.2,158.6,fav,fav,-0.036,0.0
ctrlA,2026-09-04T12:45:00,-0.302,-0.055,79332.31,30.114,185.02,180.74,106.18,-0.06,257.32,363.2,363.0,321.3,fav,fav,0.038,22.29
ctrlA,2026-09-04T14:05:00,-0.235,-0.044,79270.0,30.229,-16.32,183.06,37.34,10.94,-130.1,236.7,635.9,275.5,fav,adv,-0.034,0.0
ctrlA,2026-09-05T19:30:00,-0.213,-0.024,79862.59,30.575,-71.5,-51.68,-147.19,-89.27,-148.29,5.2,175.4,65.6,adv,adv,-0.042,0.0
ctrlA,2026-09-06T14:55:00,-0.169,-0.062,79523.13,30.956,-97.95,29.65,7.08,124.22,178.54,201.7,152.0,130.5,adv,adv,-0.188,0.0
ctrlA,2026-09-07T00:15:00,-0.269,-0.003,80061.27,30.229,82.63,93.64,98.45,62.69,-164.33,214.8,212.7,142.9,fav,fav,0.353,0.04
ctrlA,2026-09-07T02:40:00,-0.16,0.18,80221.86,30.394,4.76,-15.89,-414.65,-459.27,-572.51,54.6,653.3,112.7,adv,adv,-0.211,0.2
ctrlA,2026-09-07T13:30:00,-0.283,0.004,79384.2,30.286,-52.43,-38.8,-69.95,-78.32,-329.17,33.4,393.2,78.5,adv,adv,0.157,0.0
ctrlA,2026-09-07T22:35:00,-0.226,-0.048,78848.26,30.531,-29.66,-31.95,76.2,261.41,172.4,303.4,56.8,92.5,adv,fav,-0.012,2.79
ctrlA,2026-09-08T02:25:00,-0.239,-0.033,79234.93,30.571,2.23,-69.19,-108.52,-313.72,-416.96,21.1,535.6,102.3,adv,adv,-0.434,0.0
ctrlA,2026-09-08T06:15:00,-0.181,0.064,78432.17,30.015,15.38,-23.16,-88.94,-102.62,-1.77,48.4,204.2,132.1,adv,adv,-0.287,0.1
ctrlA,2026-09-08T08:00:00,-0.171,0.064,78358.15,31.038,-21.26,-21.62,-47.4,147.57,38.8,203.2,80.2,115.7,adv,fav,-0.367,0.0
ctrlA,2026-09-08T12:10:00,-0.15,-0.001,78204.48,30.862,11.66,28.03,98.34,113.57,235.6,309.4,15.2,104.3,fav,fav,-0.256,0.0
ctrlA,2026-09-08T17:05:00,-0.162,-0.009,78711.69,30.01,-51.84,-36.7,-171.83,-162.51,-29.87,10.7,235.7,135.1,adv,adv,-0.132,0.0
ctrlA,2026-09-08T18:45:00,-0.338,-0.016,78427.15,30.832,-1.81,-63.7,32.86,-11.2,-90.69,90.7,171.7,112.6,adv,adv,-0.25,21.81
ctrlA,2026-09-09T04:05:00,-0.194,0.075,78750.91,30.907,-1.26,44.79,134.98,138.63,347.75,447.1,20.0,85.5,fav,fav,-0.328,0.0
ctrlA,2026-09-09T09:05:00,-0.179,-0.014,79486.55,30.716,-6.95,10.77,-58.76,-241.28,-491.7,57.7,608.8,129.0,adv,adv,0.44,0.0
ctrlA,2026-09-09T10:50:00,-0.184,-0.028,78883.26,31.082,45.15,43.4,-46.41,40.28,372.87,481.0,170.1,110.2,fav,adv,0.506,0.05
ctrlA,2026-09-09T13:35:00,-0.396,-0.059,79367.19,30.009,2.08,-115.05,-204.8,-434.8,-124.04,80.5,522.1,131.2,fav,adv,-0.161,0.0
ctrlA,2026-09-09T14:40:00,-0.304,-0.055,78955.45,30.518,69.75,126.3,39.68,-477.06,-352.25,416.9,918.9,240.1,fav,fav,0.104,0.07
ctrlA,2026-09-09T16:15:00,-0.14,0.036,78575.93,30.936,18.8,2.26,226.94,186.11,214.98,365.1,149.5,240.9,adv,fav,-0.309,0.0
ctrlA,2026-09-09T18:50:00,-0.15,-0.012,78435.05,30.127,26.28,-37.73,-56.27,115.8,-256.74,137.6,305.3,86.2,adv,adv,-0.046,0.01
ctrlA,2026-09-09T20:45:00,-0.217,-0.027,78088.2,30.813,52.18,122.18,237.02,68.0,-115.13,243.0,112.9,128.5,fav,fav,0.003,0.0
ctrlA,2026-09-10T01:30:00,-0.152,0.038,78019.18,30.002,-32.98,-30.4,41.54,-14.45,100.4,212.3,96.6,131.3,adv,fav,-0.042,0.0
ctrlA,2026-09-10T03:50:00,-0.145,-0.036,78270.98,30.273,-8.58,6.86,76.22,72.56,27.62,133.0,35.8,95.5,fav,fav,-0.366,0.0
ctrlA,2026-09-10T07:00:00,-0.2,0.071,78175.17,30.893,-4.88,4.27,-19.79,-228.09,-70.55,41.6,297.2,105.4,adv,adv,-0.053,0.0
ctrlA,2026-09-10T11:00:00,-0.157,-0.047,77728.04,30.694,-17.82,85.26,211.72,280.75,0.71,300.2,46.1,100.0,fav,fav,-0.162,5.5
ctrlA,2026-09-10T12:50:00,-0.229,0.258,76748.53,30.363,-43.25,134.04,249.22,104.01,360.22,468.9,98.7,227.7,fav,fav,0.265,0.0
ctrlA,2026-09-10T15:00:00,-0.161,0.104,77288.34,30.019,14.26,53.7,-99.12,-110.43,-254.68,100.8,248.6,159.9,fav,adv,0.341,0.0
ctrlA,2026-09-10T18:00:00,-0.189,-0.014,77122.95,30.405,-11.48,-150.62,-93.58,-91.62,27.08,147.0,183.5,119.5,adv,adv,0.344,0.0
ctrlA,2026-09-11T13:00:00,-0.341,-0.045,77792.98,30.188,36.1,-239.06,-99.68,-263.13,,94.6,579.5,339.7,adv,adv,0.133,0.0
ctrlB,2026-08-04T19:25:00,0.036,-0.038,64240.43,30.311,11.86,-33.08,71.31,-84.26,-137.27,132.7,303.1,70.3,adv,fav,0.341,0.0
ctrlB,2026-08-04T20:25:00,0.018,-0.171,64115.16,30.547,41.51,18.88,186.29,162.28,80.24,267.6,19.2,90.1,fav,fav,-0.233,0.0
ctrlB,2026-08-04T21:40:00,0.011,-0.037,64163.46,30.2,23.01,-9.22,-13.41,-0.01,-4.28,85.6,86.7,70.8,fav,adv,-0.185,0.0
ctrlB,2026-08-04T23:10:00,0.038,-0.563,64355.62,30.976,59.12,44.52,-241.98,-203.02,-378.88,138.9,399.7,67.1,fav,fav,0.234,0.0
ctrlB,2026-08-05T00:35:00,-0.015,-0.046,64059.05,30.373,-71.91,-61.97,-105.49,-101.62,156.19,192.0,166.5,68.8,adv,adv,-0.224,0.0
ctrlB,2026-08-05T01:45:00,0.126,-0.04,64213.02,30.807,19.41,32.76,128.02,94.68,154.01,245.0,7.4,82.5,fav,fav,0.068,0.0
ctrlB,2026-08-05T02:55:00,-0.103,-0.036,64359.55,30.506,-14.75,-45.3,-72.15,-343.7,-234.56,36.0,368.1,87.6,adv,adv,0.291,0.0
ctrlB,2026-08-05T03:55:00,0.0,-0.071,64126.61,30.408,-45.55,-46.67,-81.14,-29.16,-28.77,43.4,99.1,80.6,adv,adv,-0.369,0.0
ctrlB,2026-08-05T05:05:00,0.012,-0.142,64233.7,30.722,20.84,10.14,118.43,55.58,36.45,232.8,8.2,57.9,fav,fav,-0.196,0.0
ctrlB,2026-08-05T06:05:00,-0.076,-0.076,64282.2,30.555,-10.5,-21.56,-37.59,-23.22,-160.02,37.0,174.1,67.3,adv,adv,-0.04,0.0
ctrlB,2026-08-05T07:10:00,-0.027,-0.079,64116.23,30.795,-13.71,-81.19,-116.44,-164.72,5.01,79.7,177.8,55.4,adv,adv,0.024,0.0
ctrlB,2026-08-05T08:15:00,-0.036,-0.075,64136.32,30.397,-14.98,4.82,30.57,-53.19,-40.3,83.1,106.1,68.7,fav,fav,-0.081,0.0
ctrlB,2026-08-05T09:15:00,0.041,-0.035,64108.02,30.785,4.96,-10.21,34.96,5.73,-28.34,49.4,104.0,62.0,adv,adv,0.275,0.0
ctrlB,2026-08-05T11:15:00,-0.033,-0.06,64020.01,30.751,-17.39,2.01,31.81,5.33,392.97,410.9,37.2,68.3,fav,fav,0.213,0.0
ctrlB,2026-08-05T12:20:00,0.011,-0.135,64426.91,30.139,38.61,-33.78,-33.19,-162.97,-345.37,100.5,383.9,81.5,fav,fav,-0.169,17.51
ctrlB,2026-08-05T14:05:00,0.104,-0.611,64398.28,30.051,10.41,23.49,-62.91,-106.87,235.49,290.5,160.6,159.7,fav,adv,0.168,0.82
ctrlB,2026-08-05T15:20:00,-0.112,-0.106,64462.09,30.212,52.31,5.2,127.27,-88.57,166.97,240.1,143.0,152.5,fav,fav,0.218,0.0
ctrlB,2026-08-05T16:20:00,0.04,-0.134,64641.06,30.394,-13.14,41.25,0.63,-69.49,-131.08,75.0,166.8,119.0,fav,adv,-0.115,1.73
ctrlB,2026-08-05T17:30:00,-0.005,-0.086,64559.19,30.466,-19.22,111.39,115.18,131.57,91.92,197.1,22.6,71.1,fav,fav,-0.527,0.0
ctrlB,2026-08-05T18:50:00,-0.045,-0.094,64730.54,30.876,-24.34,-9.24,73.03,113.87,135.39,153.9,35.8,81.3,fav,fav,-0.371,0.0
ctrlB,2026-08-05T21:00:00,-0.06,-0.211,64733.65,30.855,-5.22,-36.95,-51.61,-105.46,-129.95,36.8,156.0,76.5,adv,adv,0.217,0.0
ctrlB,2026-08-05T22:20:00,-0.002,-0.117,64643.13,30.185,-7.49,38.41,-26.46,-59.23,19.36,85.1,130.1,62.5,fav,fav,-0.109,0.0
ctrlB,2026-08-05T23:25:00,-0.03,-0.047,64628.58,30.835,15.22,-17.57,-41.65,-28.9,8.63,23.3,134.0,53.5,adv,adv,-0.541,0.0
ctrlB,2026-08-06T00:30:00,0.025,-0.062,64642.48,30.528,0.76,-25.17,-79.75,-73.48,-150.16,22.7,221.5,59.6,adv,adv,0.697,0.0
ctrlB,2026-08-06T02:25:00,-0.034,-0.132,64446.07,31.085,18.38,34.92,79.7,47.49,34.94,90.3,39.8,75.2,fav,fav,-0.076,0.0
ctrlB,2026-08-06T03:45:00,0.029,-0.067,64462.65,30.754,-8.12,-36.66,2.23,87.3,121.09,211.8,36.8,45.2,adv,fav,0.601,0.0
ctrlB,2026-08-06T05:10:00,-0.062,-0.251,64855.32,30.546,1.84,10.02,-34.78,-12.67,-142.99,82.8,143.1,67.7,fav,fav,-0.195,0.0
ctrlB,2026-08-06T06:15:00,-0.05,-0.085,64708.48,30.441,-9.1,36.62,70.35,49.5,138.35,172.9,13.6,65.5,fav,fav,-0.11,0.0
ctrlB,2026-08-06T07:30:00,-0.023,-0.084,64833.08,30.136,-17.77,-51.39,-72.37,-79.21,-18.06,28.7,150.1,47.5,adv,adv,0.465,0.0
ctrlB,2026-08-06T08:35:00,-0.024,-0.082,64822.38,30.753,13.05,-14.94,84.88,-77.63,-208.79,106.7,264.6,52.5,fav,fav,-0.055,0.0
ctrlB,2026-08-06T10:15:00,0.106,-0.086,64617.73,30.904,-12.77,-30.27,-17.09,-52.12,-83.53,4.3,185.0,62.5,adv,adv,-0.081,0.02
ctrlB,2026-08-06T11:20:00,-0.054,-0.037,64523.17,30.821,-1.0,-23.7,50.22,1.04,-59.03,65.5,145.6,46.5,fav,fav,-0.543,0.0
ctrlB,2026-08-06T12:25:00,-0.005,-0.059,64463.18,30.015,-31.22,-11.09,-8.19,-120.71,-327.84,60.7,373.8,52.4,adv,fav,0.028,0.0
ctrlB,2026-08-06T13:25:00,0.05,-0.132,64147.34,30.928,-5.31,9.28,228.6,192.28,193.96,361.1,58.4,81.1,adv,fav,-0.042,1.25
ctrlB,2026-08-06T15:20:00,0.079,-0.123,64737.89,30.43,8.84,31.47,-30.7,-144.41,-179.59,74.5,212.6,140.6,adv,adv,0.142,0.0
ctrlB,2026-08-06T17:05:00,-0.112,-0.075,64682.21,30.166,-17.27,-52.16,-58.52,-164.71,-249.23,14.4,272.1,83.4,adv,adv,-0.266,0.0
ctrlB,2026-08-06T18:05:00,-0.037,-0.038,64444.98,30.935,-4.33,56.4,19.68,-75.87,-73.6,94.6,133.0,72.4,fav,fav,0.193,0.16
ctrlB,2026-08-06T19:25:00,-0.049,-0.037,64333.67,30.729,2.46,3.4,46.44,73.52,67.14,148.2,37.5,50.3,adv,fav,-0.194,0.0
ctrlB,2026-08-06T22:25:00,0.013,-0.082,64325.72,30.522,-23.15,-26.3,-35.01,-47.74,-154.43,8.3,159.2,48.4,adv,adv,0.538,0.0
ctrlB,2026-08-06T23:45:00,0.016,-0.05,64201.46,30.212,5.07,61.1,113.57,-12.66,13.77,154.5,34.7,41.9,fav,fav,0.352,0.01
ctrlB,2026-08-07T01:05:00,-0.067,-0.073,64308.69,31.014,-24.47,-27.3,-16.72,-65.5,-53.99,107.6,80.2,82.5,adv,fav,-0.368,0.0
ctrlB,2026-08-07T02:10:00,0.097,-0.056,64484.11,30.017,-26.45,-105.71,-225.24,-147.5,-204.3,6.0,272.3,78.0,adv,adv,0.373,0.0
ctrlB,2026-08-07T04:55:00,0.065,-0.216,64202.45,30.303,-19.16,-37.58,-31.52,-85.49,68.54,135.0,101.3,55.4,adv,adv,0.49,0.0
ctrlB,2026-08-07T05:55:00,-0.069,-0.072,64282.99,30.58,-20.22,-1.45,55.18,49.03,-64.12,123.1,65.2,54.5,adv,fav,-0.172,0.0
ctrlB,2026-08-07T07:15:00,0.011,-0.068,64290.54,31.028,-7.19,45.51,67.49,14.33,69.01,93.2,50.6,55.5,fav,fav,0.587,0.0
ctrlB,2026-08-07T08:20:00,0.005,-0.11,64371.89,30.316,1.3,21.27,56.14,166.35,440.86,462.5,7.2,46.1,fav,fav,-0.187,0.0
ctrlB,2026-08-07T09:20:00,0.039,-0.043,64824.75,30.397,-48.82,-81.01,34.39,-40.83,-62.43,93.6,84.6,72.6,adv,adv,-0.016,3.33
ctrlB,2026-08-07T10:55:00,-0.001,-0.093,64860.86,30.975,1.26,54.25,47.18,140.83,117.11,310.0,7.0,51.1,fav,fav,-0.045,0.0
ctrlB,2026-08-07T12:10:00,0.114,-0.042,65169.79,30.628,-35.69,-84.63,-140.75,1.14,-8.69,178.7,243.6,86.1,adv,adv,-0.466,7.47
ctrlB,2026-08-07T13:15:00,0.088,-0.067,65236.96,30.672,-2.78,-110.01,-14.35,-58.98,-288.7,60.3,506.2,124.6,adv,adv,0.078,0.0
ctrlB,2026-08-07T14:20:00,0.123,-0.267,65040.23,30.703,6.39,47.56,57.93,-99.24,-65.65,187.9,209.4,158.9,fav,fav,-0.395,0.0
ctrlB,2026-08-07T15:20:00,0.064,-0.038,64986.58,31.736,1.29,-25.37,-48.94,-107.81,-99.22,100.7,142.8,127.6,fav,adv,-0.151,0.0
ctrlB,2026-08-07T16:30:00,0.051,-0.211,64924.13,30.899,-14.27,-22.09,-30.16,-233.54,-413.42,1.2,461.0,89.6,adv,adv,-0.011,0.03
ctrlB,2026-08-07T17:30:00,0.013,-0.278,64520.88,30.558,-11.73,97.98,151.16,275.58,211.65,317.7,10.1,83.4,fav,fav,-0.014,2.81
ctrlB,2026-08-07T18:40:00,-0.072,-0.047,64685.92,30.355,-5.46,-23.36,-2.41,105.21,242.88,299.6,63.6,69.7,adv,fav,0.227,0.0
ctrlB,2026-08-07T20:00:00,0.014,-0.058,64912.2,30.581,9.79,8.59,17.61,-8.45,10.78,52.5,15.4,72.5,fav,neither,0.024,0.22
ctrlB,2026-08-07T21:45:00,-0.072,-0.112,64941.2,30.559,-16.43,-32.98,-69.92,-74.4,-87.2,-3.1,142.8,38.7,adv,adv,-0.452,0.0
ctrlB,2026-08-08T00:10:00,-0.009,-0.042,64872.83,30.238,-10.48,-75.99,-35.19,-10.65,30.28,59.1,90.7,20.4,adv,adv,-0.053,0.0
ctrlB,2026-08-08T01:45:00,-0.022,-0.038,64891.64,30.703,-17.57,-26.67,-23.27,-38.81,-11.68,25.7,39.6,25.1,adv,adv,0.408,0.0
ctrlB,2026-08-08T03:25:00,0.015,-0.142,64992.66,30.657,-14.72,27.05,-28.77,-32.12,-42.56,38.5,71.1,27.0,fav,fav,-0.553,0.0
ctrlB,2026-08-08T04:35:00,0.037,-0.174,65025.26,30.217,-14.15,-37.63,-57.43,-70.02,-54.7,-2.6,78.5,39.6,adv,adv,-0.688,0.0
ctrlB,2026-08-08T07:40:00,-0.011,-0.051,64919.19,30.739,-7.31,-5.32,-6.76,7.4,47.9,61.1,9.2,19.3,fav,fav,0.24,0.0
ctrlB,2026-08-08T08:40:00,0.016,-0.087,64979.0,30.624,-22.67,-27.78,-24.23,-21.31,-15.32,35.1,35.6,19.9,adv,adv,0.723,0.0
ctrlB,2026-08-08T10:25:00,0.015,-0.094,64983.59,30.808,-13.96,-13.75,-19.15,-22.81,-46.93,5.3,51.3,18.4,adv,adv,0.356,0.0
ctrlB,2026-08-08T11:50:00,0.023,-0.054,64935.43,30.797,-14.69,-18.77,-48.81,4.48,28.45,67.7,58.8,15.5,adv,adv,0.419,0.0
ctrlB,2026-08-08T13:35:00,0.004,-0.04,64969.73,30.295,-9.24,-14.16,-5.32,5.83,98.14,177.8,19.3,19.4,adv,fav,0.5,0.0
ctrlB,2026-08-08T14:45:00,0.057,-0.104,65112.09,30.485,-19.21,-13.06,-43.41,-83.91,-88.78,18.5,104.1,37.6,adv,adv,0.552,0.0
ctrlB,2026-08-08T16:15:00,0.006,-0.038,65043.91,30.714,-4.06,-19.16,-43.68,-29.89,13.58,53.0,58.1,24.0,adv,adv,-0.148,0.0
ctrlB,2026-08-08T18:30:00,0.027,-0.047,65020.3,31.334,-11.21,-19.85,-11.08,-28.44,-36.64,2.6,61.1,24.0,adv,adv,0.344,0.0
ctrlB,2026-08-08T21:50:00,0.001,-0.041,64988.06,31.022,-18.11,-23.07,-28.54,-37.78,-82.59,3.9,93.1,22.0,adv,adv,0.007,0.0
ctrlB,2026-08-08T22:55:00,-0.024,-0.241,64901.34,30.386,-9.77,-8.43,-14.42,-15.13,-3.77,24.9,22.5,24.4,adv,fav,0.805,0.0
ctrlB,2026-08-09T01:55:00,-0.016,-0.097,64815.72,31.065,-17.87,-18.53,-31.69,-41.91,-62.57,-5.0,93.8,32.8,adv,adv,0.124,0.0
ctrlB,2026-08-09T03:10:00,-0.085,-0.071,64697.22,30.829,-25.7,-0.22,22.87,44.21,64.1,77.1,26.0,31.7,adv,fav,0.449,0.37
ctrlB,2026-08-09T05:50:00,0.015,-0.038,64745.72,31.374,-12.15,-1.69,1.73,27.77,41.84,62.3,13.4,15.3,adv,fav,0.484,0.0
ctrlB,2026-08-09T07:05:00,0.016,-0.092,64791.41,30.322,-10.04,-0.33,-16.04,-14.37,67.72,85.5,29.8,16.6,fav,adv,0.354,0.0
ctrlB,2026-08-09T08:40:00,-0.068,-0.091,64756.92,30.093,0.62,6.7,5.26,7.48,-2.66,24.6,19.7,31.0,adv,neither,0.441,0.02
ctrlB,2026-08-09T10:30:00,-0.039,-0.043,64895.96,30.785,-10.08,-13.67,12.77,14.36,23.5,41.6,16.1,29.3,adv,fav,0.258,0.0
ctrlB,2026-08-09T11:55:00,-0.026,-0.04,64910.44,30.93,-24.56,-42.74,-27.52,-21.07,-7.56,-0.2,49.5,20.7,adv,adv,0.203,0.0
ctrlB,2026-08-09T14:40:00,0.008,-0.049,65126.37,30.97,-11.01,3.4,55.02,61.96,45.59,127.3,11.8,46.0,fav,fav,0.718,0.0
ctrlB,2026-08-09T15:45:00,0.016,-0.102,65182.55,30.833,-14.34,-9.78,-3.31,-13.48,0.35,34.3,63.4,32.7,adv,fav,0.527,0.0
ctrlB,2026-08-09T20:00:00,-0.036,-0.04,65110.76,30.739,-6.76,-56.76,-38.18,-7.61,-40.27,12.3,92.6,19.7,adv,adv,-0.269,0.0
ctrlB,2026-08-09T21:10:00,-0.003,-0.043,65093.32,31.111,-11.27,-20.21,-5.41,76.62,205.7,346.4,27.3,34.9,adv,fav,0.488,0.0
ctrlB,2026-08-09T23:10:00,0.022,-0.161,64983.81,30.449,-9.94,-42.0,-163.23,-117.29,104.76,286.2,199.3,106.4,adv,adv,-0.225,0.0
ctrlB,2026-08-10T00:15:00,-0.083,-0.161,65071.45,30.053,-76.31,-119.66,-121.65,-167.21,-79.11,-7.0,302.6,94.2,adv,adv,-0.054,0.0
ctrlB,2026-08-10T01:30:00,-0.078,-0.04,64905.69,30.11,-11.01,10.95,376.29,178.05,17.48,444.5,66.9,88.0,adv,fav,0.346,0.0
ctrlB,2026-08-10T02:50:00,-0.009,-0.131,65051.89,30.371,-9.71,-26.13,-28.81,31.04,-125.52,69.5,201.6,112.8,adv,adv,0.53,0.0
ctrlB,2026-08-10T03:55:00,-0.021,-0.077,64909.59,30.093,38.11,64.33,105.63,59.14,44.72,138.2,48.4,82.1,fav,fav,0.154,0.0
ctrlB,2026-08-10T05:15:00,0.018,-0.091,64976.49,30.804,-22.94,28.89,15.35,28.8,167.76,250.7,27.2,52.0,adv,fav,0.244,0.0
ctrlB,2026-08-10T06:20:00,-0.025,-0.065,65134.65,30.704,-16.69,-28.23,9.28,72.28,101.55,148.6,44.3,60.1,adv,fav,0.023,0.0
ctrlB,2026-08-10T08:10:00,-0.019,-0.056,65189.76,30.692,10.25,26.17,49.15,-42.01,-26.47,86.3,60.7,50.8,fav,fav,0.292,0.0
ctrlB,2026-08-10T09:25:00,-0.051,-0.042,65096.48,30.94,-23.0,-24.49,-105.0,-187.6,-138.43,-7.0,200.9,45.0,adv,adv,0.016,0.0
ctrlB,2026-08-10T11:15:00,0.075,-0.044,65009.74,30.595,1.95,-6.98,18.29,-2.97,11.62,187.2,29.7,42.2,fav,fav,-0.233,0.13
ctrlB,2026-08-10T12:30:00,-0.101,-0.048,64942.78,31.053,-31.25,-82.84,-34.39,-122.01,-318.3,27.5,357.1,57.3,adv,adv,0.141,0.0
ctrlB,2026-08-10T13:35:00,-0.009,-0.149,64632.13,30.25,-39.72,-13.08,-183.97,-77.55,111.19,185.3,188.2,101.1,adv,adv,0.45,15.91
ctrlB,2026-08-10T14:45:00,-0.062,-0.066,64726.76,30.543,-11.47,-109.62,-107.57,-277.08,-519.99,15.2,566.7,110.7,adv,adv,0.061,0.0
ctrlB,2026-08-10T15:50:00,-0.004,-0.208,64179.86,30.133,-5.63,-9.43,-5.24,-141.3,-394.93,121.9,417.3,122.3,fav,adv,0.435,1.57
ctrlB,2026-08-10T16:55:00,0.091,-0.511,63869.9,30.695,-53.48,-112.38,11.78,-54.03,57.45,91.1,114.0,115.0,adv,neither,0.261,0.52
ctrlB,2026-08-10T18:05:00,0.108,-0.105,63913.71,30.639,7.65,-76.9,0.11,-166.37,-64.12,38.9,180.6,84.2,adv,adv,0.317,0.0
ctrlB,2026-08-10T19:25:00,0.058,-0.15,64003.62,30.555,3.74,-21.11,-35.59,-42.19,29.69,53.6,148.6,62.7,adv,adv,-0.064,0.01
ctrlB,2026-08-10T20:25:00,0.039,-0.131,64042.73,30.288,11.58,-1.8,62.62,18.56,2.67,111.6,43.2,66.0,fav,fav,-0.179,0.0
ctrlB,2026-08-10T21:35:00,-0.052,-0.048,64026.7,30.697,-48.72,-62.38,-91.85,-74.01,-125.97,-7.0,159.2,48.0,adv,adv,0.413,0.0
ctrlB,2026-08-10T22:35:00,0.025,-0.038,63912.7,30.079,-10.55,4.32,21.49,5.44,-35.14,48.5,71.3,51.8,fav,adv,0.322,0.0
ctrlB,2026-08-11T00:05:00,-0.004,-0.051,63884.07,30.525,-13.76,12.28,17.38,36.08,82.07,115.5,35.7,42.2,adv,fav,-0.135,0.0
ctrlB,2026-08-11T01:20:00,0.113,-0.047,63987.58,30.795,-15.05,5.65,-29.24,0.82,-10.2,37.9,99.6,58.2,fav,adv,0.253,0.0
ctrlB,2026-08-11T03:25:00,-0.022,-0.07,64078.9,30.524,-16.71,-16.71,-19.71,-7.59,-40.97,22.9,48.8,31.4,fav,adv,0.399,0.0
ctrlB,2026-08-11T04:55:00,-0.022,-0.13,63963.36,31.158,-27.19,0.39,24.86,-68.37,-35.78,30.6,74.6,26.6,adv,adv,0.399,0.0
ctrlB,2026-08-11T06:00:00,0.013,-0.052,63933.24,30.605,3.24,38.52,-4.4,-88.59,6.34,55.4,155.3,34.5,fav,fav,0.584,0.0
ctrlB,2026-08-11T07:20:00,-0.003,-0.054,63855.93,31.197,-9.82,4.74,149.47,124.8,156.94,187.8,21.9,50.4,fav,fav,0.287,0.0
ctrlB,2026-08-11T09:35:00,0.001,-0.116,64136.4,30.728,23.06,44.86,58.33,69.42,75.32,119.4,13.1,36.7,fav,fav,-0.41,0.0
ctrlB,2026-08-11T10:35:00,0.009,-0.04,64225.66,30.226,-15.4,-15.99,-69.72,63.76,57.49,111.8,71.8,52.5,adv,adv,-0.002,0.0
ctrlB,2026-08-11T12:00:00,0.053,-0.089,64376.01,30.094,-1.47,39.8,-56.93,-60.58,-159.76,59.6,165.7,48.1,fav,fav,-0.169,0.36
ctrlB,2026-08-11T13:05:00,0.097,-0.166,64310.63,30.053,-38.38,-80.23,-168.55,-217.64,-176.03,8.0,330.2,57.9,adv,adv,-0.08,0.0
ctrlB,2026-08-11T14:40:00,0.023,-0.074,63916.52,30.648,21.66,-125.1,-215.84,-229.41,-422.54,28.3,526.9,123.7,adv,adv,0.169,0.75
ctrlB,2026-08-11T15:40:00,0.035,-2.452,63496.79,30.355,32.17,-11.13,10.59,27.05,-47.37,102.9,89.1,122.6,fav,neither,0.321,15.67
ctrlB,2026-08-11T17:10:00,0.035,-0.054,63441.0,30.404,-2.91,-5.08,63.58,39.4,70.01,126.8,24.5,69.2,fav,fav,0.107,0.0
ctrlB,2026-08-11T18:15:00,0.002,-0.071,63541.71,30.094,-51.33,-38.0,-132.38,-270.88,-273.91,-6.9,379.4,61.7,adv,adv,0.341,0.0
ctrlB,2026-08-11T19:25:00,0.029,-0.042,63320.97,30.336,20.75,-35.3,39.01,141.33,294.68,339.5,34.8,90.2,fav,fav,-0.282,0.0
ctrlB,2026-08-11T20:30:00,0.01,-0.087,63620.52,30.291,-27.09,2.18,13.34,52.71,-72.01,99.0,70.9,79.7,fav,fav,-0.208,0.0
ctrlB,2026-08-11T21:35:00,0.003,-0.086,63595.37,30.358,-7.46,9.18,11.97,48.49,23.37,116.3,15.0,50.5,fav,fav,0.635,0.0
ctrlB,2026-08-11T22:40:00,-0.043,-0.07,63599.72,31.283,-26.65,-30.65,-13.43,-101.8,-31.36,18.8,118.0,48.1,adv,adv,0.347,0.0
ctrlB,2026-08-12T00:30:00,0.072,-0.045,63660.67,30.16,-16.08,-7.74,7.56,16.11,-8.16,68.6,34.3,52.2,adv,fav,-0.071,0.0
ctrlB,2026-08-12T01:30:00,-0.032,-0.076,63664.51,30.789,5.97,53.32,117.38,101.61,97.61,191.9,7.1,43.3,fav,fav,-0.266,0.0
ctrlB,2026-08-12T02:35:00,-0.086,-0.122,63727.6,30.924,-33.51,-17.49,-28.29,-55.81,47.55,58.2,89.1,58.4,adv,adv,0.245,0.0
ctrlB,2026-08-12T04:05:00,-0.048,-0.065,63746.14,30.707,-29.3,-34.19,40.18,-71.0,-21.84,86.9,87.5,49.0,adv,adv,-0.205,0.0
ctrlB,2026-08-12T05:05:00,0.043,-0.099,63736.77,30.221,-1.87,13.16,33.25,43.62,-59.3,72.1,63.5,54.5,fav,fav,0.675,0.0
ctrlB,2026-08-12T06:05:00,-0.068,-0.119,63689.47,31.023,-27.5,-68.55,-113.43,-111.8,18.63,46.7,157.9,41.9,adv,adv,-0.371,0.0
ctrlB,2026-08-12T07:15:00,-0.03,-0.093,63667.84,30.68,-13.28,-8.27,4.88,-46.78,81.41,136.6,101.2,54.6,fav,adv,0.447,0.0
ctrlB,2026-08-12T08:25:00,-0.014,-0.077,63743.21,30.094,-21.34,-20.0,-42.27,-21.21,193.81,208.5,49.4,52.8,adv,fav,0.042,0.0
ctrlB,2026-08-12T09:30:00,0.018,-0.487,63947.87,30.419,32.16,26.86,66.97,116.65,122.95,211.6,13.0,58.5,fav,fav,-0.112,1.79
ctrlB,2026-08-12T11:00:00,-0.038,-0.077,64075.04,30.935,-27.25,-21.0,5.89,22.38,123.66,136.0,26.4,70.4,fav,fav,0.301,0.0
ctrlB,2026-08-12T12:00:00,0.041,-0.082,64211.17,30.013,-24.17,-23.19,52.5,-80.61,-253.12,212.1,307.4,48.6,adv,fav,0.233,0.93
ctrlB,2026-08-12T13:25:00,-0.0,-0.092,63925.0,30.03,-49.88,-43.03,29.1,-181.27,-324.82,89.1,396.8,149.1,adv,adv,-0.039,0.09
ctrlB,2026-08-12T14:35:00,0.008,-0.196,63520.02,30.176,6.04,-6.35,-102.31,-132.45,-100.38,59.8,277.1,138.6,adv,adv,0.012,0.28
ctrlB,2026-08-12T16:35:00,0.023,-0.04,63484.53,30.355,-49.63,-54.95,-51.98,-83.18,-82.4,6.7,147.2,85.7,adv,adv,0.112,0.0
ctrlB,2026-08-12T18:00:00,0.016,-0.068,63403.23,30.066,-12.74,-41.45,-59.13,12.83,-70.89,52.5,104.8,54.5,adv,adv,-0.331,0.0
ctrlB,2026-08-12T19:15:00,0.089,-0.089,63352.06,31.222,-11.15,-108.25,-63.32,-102.74,54.26,92.4,121.9,55.9,adv,adv,-0.007,0.02
ctrlB,2026-08-12T20:15:00,0.026,-0.065,63417.77,30.457,-14.84,11.4,66.02,41.87,78.33,174.3,35.4,69.6,adv,fav,-0.064,0.0
ctrlB,2026-08-12T21:25:00,-0.077,-0.095,63376.74,30.18,8.36,13.32,68.54,27.66,31.96,132.9,30.7,51.5,fav,fav,0.347,0.67
ctrlB,2026-08-12T23:05:00,0.026,-0.419,63355.64,30.341,14.66,2.46,-42.77,33.94,146.79,176.0,59.5,56.4,adv,adv,0.691,0.17
ctrlB,2026-08-13T00:35:00,-0.003,-0.071,63499.81,30.614,-2.86,-58.3,1.49,16.49,-57.47,69.8,175.3,58.7,adv,adv,0.266,0.0
ctrlB,2026-08-13T03:30:00,0.05,-0.197,63550.85,30.389,-14.36,-9.07,40.21,13.95,22.23,71.3,47.1,59.0,adv,fav,0.404,0.0
ctrlB,2026-08-13T04:35:00,0.079,-0.095,63624.38,30.873,-5.43,5.52,47.35,129.23,241.97,319.3,29.1,48.6,fav,fav,0.525,0.0
ctrlB,2026-08-13T05:40:00,-0.022,-0.045,63853.45,30.188,0.55,-30.11,-51.93,-95.04,-161.77,11.2,166.7,74.8,adv,adv,-0.058,0.0
ctrlB,2026-08-13T06:40:00,-0.02,-0.098,63703.68,31.022,6.38,37.06,143.94,111.72,100.91,177.2,10.1,37.4,fav,fav,0.415,0.0
ctrlB,2026-08-13T07:40:00,-0.013,-0.057,63817.85,30.606,-23.39,-36.07,-8.32,-66.23,-80.67,35.5,110.9,47.3,adv,adv,0.161,0.0
ctrlB,2026-08-13T08:55:00,0.053,-0.063,63710.47,30.038,-10.93,-49.79,-163.87,-124.08,4.88,47.0,193.3,37.1,adv,adv,0.245,0.0
ctrlB,2026-08-13T10:20:00,-0.054,-0.141,63573.36,32.542,-15.89,-27.75,-28.36,-2.48,-141.29,23.7,184.2,65.7,adv,adv,0.279,0.0
ctrlB,2026-08-13T11:40:00,0.008,-0.09,63411.68,30.7,-11.11,-2.81,-25.75,64.01,98.17,208.2,44.2,53.3,adv,fav,0.084,0.0
ctrlB,2026-08-13T13:05:00,0.045,-0.065,63704.03,30.647,-22.76,-60.66,-178.63,41.26,-45.35,79.3,228.3,71.7,adv,adv,-0.324,0.09
ctrlB,2026-08-13T14:20:00,0.013,-0.134,63775.62,30.698,-10.61,-68.8,99.67,41.79,-81.57,165.2,85.4,105.5,adv,fav,0.017,0.0
ctrlB,2026-08-13T15:30:00,0.037,-0.627,63625.48,30.67,-14.42,-5.02,-57.86,-234.95,-276.58,64.3,382.4,96.1,fav,adv,0.316,0.0
ctrlB,2026-08-13T16:30:00,0.067,-0.266,63360.9,31.213,-38.53,-374.71,-216.8,-324.24,-278.98,13.0,593.4,121.9,adv,adv,0.541,0.0
ctrlB,2026-08-13T19:35:00,0.019,-0.078,63355.64,30.608,-4.91,30.92,-24.16,10.67,7.17,52.3,65.7,77.6,adv,neither,0.103,0.0
ctrlB,2026-08-13T21:45:00,0.007,-0.082,63388.02,30.678,-14.72,-1.66,78.88,118.28,80.38,194.5,19.8,41.7,fav,fav,0.41,0.0
ctrlB,2026-08-13T23:45:00,-0.051,-0.109,63363.21,30.292,-14.27,-15.25,70.41,67.33,78.29,135.2,40.1,37.5,adv,adv,0.413,0.0
ctrlB,2026-08-14T00:45:00,-0.014,-0.101,63453.5,30.491,1.29,13.67,35.3,-50.25,18.19,81.0,63.8,61.3,fav,fav,-0.187,0.0
ctrlB,2026-08-14T01:45:00,-0.028,-0.067,63483.69,30.938,-20.45,-14.91,-6.73,-35.08,-15.47,72.6,77.0,64.7,fav,fav,0.062,0.0
ctrlB,2026-08-14T03:00:00,-0.042,-0.1,63395.67,30.451,-20.57,-9.01,92.01,-64.83,-94.82,114.5,199.4,57.6,adv,fav,0.48,0.0
ctrlB,2026-08-14T04:00:00,0.057,-0.098,63312.88,30.094,-7.3,16.47,34.48,6.36,-17.87,92.0,24.5,62.1,fav,fav,0.235,0.01
ctrlB,2026-08-14T05:10:00,-0.006,-0.05,63258.16,30.895,-2.11,-4.81,-13.51,13.82,-30.98,74.3,48.7,40.6,adv,adv,-0.149,0.0
ctrlB,2026-08-14T08:25:00,0.008,-0.285,62728.69,30.047,-74.69,19.57,10.59,128.8,-16.48,141.9,111.5,74.0,adv,adv,0.372,3.47
ctrlB,2026-08-14T11:25:00,0.017,-0.082,62824.14,30.895,-21.91,4.92,-5.38,-17.74,-23.01,40.9,137.0,52.1,fav,adv,0.134,0.0
ctrlB,2026-08-14T13:00:00,-0.036,-0.086,62672.1,30.44,-76.42,-105.18,-91.53,-11.64,-104.0,75.0,174.4,77.1,adv,adv,0.359,3.6
ctrlB,2026-08-14T14:00:00,-0.018,-0.121,62580.1,30.693,60.49,-35.47,-43.38,83.16,-6.7,144.2,134.1,111.4,fav,fav,0.303,0.03
ctrlB,2026-08-14T15:00:00,0.066,-0.194,62585.42,30.324,-6.67,27.34,64.67,246.88,291.17,427.1,10.0,100.2,fav,fav,0.285,0.0
ctrlB,2026-08-14T16:00:00,0.021,-0.098,62888.59,30.65,8.66,63.36,88.61,202.24,194.73,264.9,7.8,92.5,fav,fav,0.098,0.01
ctrlB,2026-08-14T17:05:00,-0.03,-0.175,63078.71,30.904,-22.79,18.44,76.38,-1.75,-92.8,106.6,195.2,66.6,fav,fav,0.011,0.0
ctrlB,2026-08-14T18:50:00,0.025,-0.194,62849.31,30.298,-1.86,-24.66,-39.18,-44.14,37.38,76.2,112.0,67.0,adv,adv,0.786,0.0
ctrlB,2026-08-14T19:50:00,0.039,-0.266,62904.39,30.177,-18.68,-14.73,45.1,-31.67,-70.44,50.1,79.0,57.6,adv,adv,0.455,0.0
ctrlB,2026-08-14T22:05:00,-0.06,-0.053,62840.91,30.525,-35.15,-71.75,-92.68,-39.62,-20.27,-5.7,119.0,41.4,adv,adv,0.52,0.33
ctrlB,2026-08-14T23:35:00,0.089,-0.1,62917.62,30.266,13.89,19.99,52.62,27.31,26.34,81.9,12.1,40.6,fav,fav,-0.16,0.0
ctrlB,2026-08-15T00:55:00,0.03,-0.124,62949.42,31.133,-11.69,-16.88,-9.36,15.94,19.11,28.2,29.9,33.4,adv,neither,0.676,0.0
ctrlB,2026-08-15T02:35:00,-0.007,-0.064,63062.5,30.172,-3.04,-24.36,-10.24,-3.03,-67.44,56.8,92.6,28.0,adv,fav,-0.681,0.0
ctrlB,2026-08-15T03:35:00,-0.02,-0.051,63007.06,30.966,-13.5,-9.98,-5.35,-11.53,59.89,76.6,32.1,32.3,adv,fav,0.075,0.15
ctrlB,2026-08-15T04:55:00,-0.0,-0.123,63053.2,30.755,-3.0,-6.21,20.9,-10.98,-49.68,36.1,87.5,24.6,fav,fav,0.656,0.0
ctrlB,2026-08-15T06:15:00,0.001,-0.064,62984.47,31.029,-9.96,7.62,-0.28,23.83,44.12,85.9,29.4,29.2,fav,adv,0.616,0.0
ctrlB,2026-08-15T08:35:00,-0.021,-0.057,62958.19,30.538,-9.32,-1.84,-55.48,-78.64,-32.22,35.8,112.2,22.6,adv,fav,0.366,0.0
ctrlB,2026-08-15T10:35:00,0.011,-0.1,62970.53,31.365,-12.42,-12.02,-19.8,-18.8,-7.6,13.7,24.7,24.4,adv,adv,-0.693,0.04
ctrlB,2026-08-15T12:45:00,-0.025,-0.059,62892.71,30.676,-17.81,5.24,100.39,89.64,75.85,122.5,13.6,24.1,adv,fav,-0.209,0.0
ctrlB,2026-08-15T15:20:00,-0.035,-0.114,62992.0,30.738,-4.57,-1.86,42.25,26.13,41.3,60.0,11.1,25.3,fav,fav,-0.868,0.0
ctrlB,2026-08-15T17:20:00,-0.056,-0.096,63005.92,30.237,-10.03,-14.49,-17.57,-10.89,-20.77,34.3,33.4,21.5,adv,adv,-0.099,0.0
ctrlB,2026-08-15T19:25:00,-0.017,-0.047,63030.46,30.035,-17.4,-16.44,-0.9,4.26,-27.67,23.3,36.4,19.3,adv,fav,-0.472,0.0
ctrlB,2026-08-15T21:15:00,0.006,-0.078,63035.4,30.876,-10.99,8.65,27.31,42.12,26.26,65.1,7.5,15.2,fav,fav,0.763,0.0
ctrlB,2026-08-15T22:20:00,-0.0,-0.078,63079.26,30.097,-11.68,-10.64,-5.41,-23.83,-36.72,24.6,42.3,21.7,adv,fav,0.689,0.0
ctrlB,2026-08-15T23:35:00,-0.001,-0.052,63045.24,31.327,-14.32,-11.92,-26.76,-45.62,-48.9,-2.1,52.0,18.3,adv,adv,-0.216,0.0
ctrlB,2026-08-16T02:05:00,-0.005,-0.061,62975.06,30.883,-15.92,-20.26,57.98,72.55,73.23,110.5,26.0,30.4,adv,fav,0.446,0.0
ctrlB,2026-08-16T04:30:00,-0.041,-0.069,63058.36,30.647,-14.22,-7.67,-11.53,-44.9,-58.52,2.2,67.1,14.8,adv,adv,-0.526,0.0
ctrlB,2026-08-16T08:05:00,-0.0,-0.057,62998.89,30.462,-10.15,-13.78,-2.61,-10.39,-7.07,8.8,14.2,12.1,adv,adv,-0.056,0.0
ctrlB,2026-08-16T09:40:00,-0.088,-0.091,62916.68,32.576,-14.28,16.35,-16.27,-6.58,4.15,30.0,26.4,16.6,adv,adv,0.613,0.0
ctrlB,2026-08-16T15:55:00,0.031,-0.048,63074.83,30.599,-15.34,-21.65,46.99,213.27,112.99,253.9,17.7,18.7,adv,fav,0.384,0.0
ctrlB,2026-08-16T17:25:00,-0.025,-0.123,63122.2,31.137,-5.57,-44.59,-68.4,-39.48,-49.75,5.6,83.0,47.4,adv,adv,-0.184,0.0
ctrlB,2026-08-16T20:45:00,-0.05,-0.126,62988.59,30.407,-18.44,0.32,-23.58,-0.21,-84.33,28.7,321.6,39.0,adv,adv,0.358,0.0
ctrlB,2026-08-16T22:00:00,-0.076,-0.134,62831.62,30.746,-35.4,8.35,15.29,-126.39,11.67,91.8,193.5,66.9,adv,adv,0.023,0.0
ctrlB,2026-08-17T00:35:00,0.036,-0.081,62730.4,30.533,13.79,112.27,93.62,288.46,379.1,446.2,16.3,64.7,fav,fav,-0.299,0.0
ctrlB,2026-08-17T01:40:00,0.044,-0.063,63137.77,30.469,-58.04,-12.87,-80.59,-146.26,35.72,166.1,173.0,99.8,adv,adv,0.243,0.03
ctrlB,2026-08-17T02:45:00,0.038,-0.137,63239.08,30.305,20.5,96.69,68.35,47.55,72.67,192.4,7.0,77.1,fav,fav,-0.141,0.0
ctrlB,2026-08-17T04:10:00,-0.001,-0.225,63434.05,31.009,-22.04,-26.05,-10.74,11.42,17.86,92.2,52.1,56.2,adv,fav,0.048,0.03
ctrlB,2026-08-17T05:10:00,0.076,-0.327,63463.88,31.006,-0.47,29.16,-48.11,-76.0,49.09,93.5,89.3,50.4,fav,fav,0.716,0.0
ctrlB,2026-08-17T07:15:00,-0.04,-0.072,63501.64,30.605,-24.95,-8.82,-17.4,-41.43,-154.8,27.5,155.0,49.8,adv,adv,0.394,0.0
ctrlB,2026-08-17T08:25:00,0.006,-0.129,63362.53,30.616,-5.67,-19.44,-61.14,-42.63,-71.0,13.8,109.3,39.5,adv,adv,0.125,0.0
ctrlB,2026-08-17T09:25:00,0.035,-0.548,63303.74,30.247,-24.17,-51.01,-74.9,-64.17,76.86,95.0,90.3,40.0,adv,adv,0.495,0.0
ctrlB,2026-08-17T11:25:00,-0.025,-0.059,63601.86,30.567,-7.93,0.34,16.29,-50.75,-78.42,109.4,147.3,69.4,fav,fav,0.139,0.0
ctrlB,2026-08-17T12:25:00,-0.051,-0.177,63535.44,30.817,9.06,10.4,-10.48,-62.42,-123.34,39.7,178.1,59.1,fav,adv,-0.414,0.0
ctrlB,2026-08-17T14:05:00,0.039,-0.074,63612.75,31.017,-10.0,41.11,-33.3,-60.53,259.92,314.4,103.5,95.5,fav,adv,-0.126,0.0
ctrlB,2026-08-17T15:20:00,0.067,-0.178,63818.84,30.564,24.41,152.47,166.9,287.93,194.34,355.6,10.0,101.2,fav,fav,0.181,0.0
ctrlB,2026-08-17T16:45:00,0.068,-0.144,64068.64,30.568,-17.78,-41.68,-41.65,164.31,161.17,306.1,153.1,76.9,adv,adv,0.335,0.0
ctrlB,2026-08-17T17:50:00,0.013,-0.145,64258.5,30.418,13.32,-9.22,-10.69,238.5,132.14,320.8,39.2,110.0,fav,fav,0.093,0.0
ctrlB,2026-08-17T19:50:00,-0.081,-0.111,64260.45,30.826,-30.58,-34.65,-36.0,42.01,79.14,134.7,55.3,66.5,adv,fav,-0.202,0.0
ctrlB,2026-08-17T21:45:00,0.043,-0.185,64320.22,30.332,-11.15,-10.18,-9.15,-96.03,-80.53,51.0,105.5,48.1,fav,fav,0.712,0.0
ctrlB,2026-08-17T23:00:00,0.019,-0.068,64253.29,30.475,-3.18,39.72,71.57,194.59,175.66,270.0,10.6,37.9,fav,fav,-0.178,0.0
ctrlB,2026-08-18T00:00:00,-0.062,-0.054,64440.95,36.737,-42.58,-79.43,-55.95,-63.03,-174.44,13.7,185.4,58.0,adv,adv,-0.173,0.0
ctrlB,2026-08-18T01:00:00,-0.075,-0.204,64277.08,30.706,-4.37,-45.15,-15.37,-2.31,-70.01,27.0,190.7,54.0,adv,adv,-0.261,0.0
ctrlB,2026-08-18T02:15:00,0.032,-0.133,64144.45,30.521,-13.61,-29.78,-73.4,-85.65,-83.81,2.7,179.4,54.0,adv,adv,0.07,0.0
ctrlB,2026-08-18T03:45:00,-0.055,-0.235,64094.36,30.556,1.67,9.76,-49.92,-25.66,36.93,91.9,80.2,59.9,adv,adv,-0.773,0.0
ctrlB,2026-08-18T05:25:00,0.05,-0.158,64168.93,31.081,-34.28,-44.24,-2.12,-24.06,133.44,138.9,93.7,46.8,adv,adv,0.691,0.0
ctrlB,2026-08-18T06:50:00,-0.05,-0.378,64232.61,30.138,-24.87,2.21,33.56,19.7,-129.29,64.8,134.8,59.6,fav,fav,0.389,0.0
ctrlB,2026-08-18T07:50:00,-0.004,-0.066,64115.32,30.636,-6.91,16.48,-70.01,40.04,76.94,158.4,96.7,52.3,fav,adv,0.205,0.0
ctrlB,2026-08-18T10:05:00,-0.067,-0.186,64103.26,30.536,-17.39,-19.09,-15.77,21.81,125.6,161.0,47.2,42.3,adv,adv,-0.651,0.0
ctrlB,2026-08-18T11:20:00,0.056,-0.112,64310.69,31.025,-11.42,-32.73,-12.4,-38.01,-79.18,23.2,95.0,43.4,adv,adv,0.248,0.0
ctrlB,2026-08-18T12:30:00,0.012,-0.069,64238.06,30.421,-32.59,-50.61,-46.71,-124.51,-200.88,2.5,251.1,36.5,adv,adv,-0.131,0.0
ctrlB,2026-08-18T13:30:00,0.052,-0.133,64049.18,30.71,-15.71,134.06,140.53,235.4,720.16,964.5,91.9,48.8,adv,adv,0.271,0.01
ctrlB,2026-08-18T14:55:00,-0.051,-0.109,64706.49,30.435,-6.73,11.94,-10.16,37.62,120.17,144.6,113.2,159.3,adv,neither,0.081,0.15
ctrlB,2026-08-18T16:10:00,-0.051,-0.082,64711.53,30.884,-19.07,-32.69,-60.69,17.91,40.42,115.2,86.3,82.6,adv,adv,0.303,0.0
ctrlB,2026-08-18T17:45:00,-0.04,-0.064,64666.93,30.905,-0.45,-2.07,-30.38,41.43,64.77,119.7,58.5,55.5,adv,adv,0.088,0.0
ctrlB,2026-08-18T19:35:00,-0.028,-0.103,64677.86,30.334,-15.76,-48.11,-76.15,-91.51,-87.54,-6.6,137.6,40.5,adv,adv,-0.01,0.0
ctrlB,2026-08-18T20:40:00,-0.054,-0.055,64572.36,30.295,-3.05,-27.44,-48.17,5.14,-41.41,35.7,60.9,40.9,adv,adv,-0.067,0.0
ctrlB,2026-08-18T22:05:00,0.013,-0.056,64548.17,30.035,-2.89,-26.86,-32.44,50.0,78.36,124.4,42.6,32.7,fav,adv,0.012,0.0
ctrlB,2026-08-18T23:05:00,-0.016,-0.269,64638.85,30.03,-11.13,8.92,40.71,66.91,-67.45,108.2,91.3,38.8,fav,fav,0.45,0.0
ctrlB,2026-08-19T00:05:00,-0.017,-0.187,64583.4,30.83,-33.51,-72.74,-57.76,5.9,-95.11,46.3,195.5,45.4,adv,adv,0.594,0.0
ctrlB,2026-08-19T01:20:00,-0.061,-0.106,64431.44,30.11,-11.22,4.02,-16.95,-46.1,-102.66,47.7,141.0,66.2,adv,adv,0.398,0.0
ctrlB,2026-08-19T03:05:00,-0.077,-0.153,64236.17,31.008,0.62,63.61,72.12,43.5,15.5,124.9,16.3,44.7,fav,fav,-0.048,1.1
ctrlB,2026-08-19T04:45:00,0.002,-0.048,64301.77,30.711,-32.63,-56.75,-6.12,-22.64,-66.12,51.9,66.1,33.8,adv,adv,-0.279,0.0
ctrlB,2026-08-19T05:45:00,-0.036,-0.127,64247.46,30.204,-12.79,-44.97,-75.39,-44.48,14.3,37.1,148.5,38.7,adv,adv,0.722,0.0
ctrlB,2026-08-19T07:00:00,-0.087,-0.085,64236.77,30.797,-24.78,-5.83,22.97,80.83,9.68,106.0,30.9,51.7,adv,fav,-0.135,0.0
ctrlB,2026-08-19T08:10:00,-0.036,-0.077,64205.65,30.955,-7.15,19.07,17.32,186.67,106.09,241.0,19.5,45.1,fav,fav,0.099,0.0
ctrlB,2026-08-19T09:10:00,-0.02,-0.093,64323.07,30.207,-5.82,22.38,-6.73,-19.43,-2.07,50.8,25.9,56.7,fav,neither,0.216,0.0
ctrlB,2026-08-19T11:05:00,0.014,-0.093,64456.92,30.875,-7.31,-21.26,-2.04,-30.01,-15.0,18.2,57.7,35.9,adv,adv,-0.414,0.0
ctrlB,2026-08-19T14:10:00,0.021,-0.688,65351.98,30.026,-11.22,47.86,2.57,68.46,1277.03,1429.5,78.2,164.7,fav,fav,-0.239,5.38
ctrlB,2026-08-19T16:05:00,0.052,-0.527,68656.69,30.794,-75.05,-112.08,137.65,-51.76,-345.76,237.2,460.8,614.9,adv,neither,-0.026,2.89
ctrlB,2026-08-19T17:25:00,0.068,-0.16,67948.85,30.966,-110.69,35.29,67.73,215.8,300.11,356.1,157.3,185.2,adv,fav,0.26,1.64
ctrlB,2026-08-19T18:35:00,0.002,-0.092,68295.58,30.283,32.25,141.94,70.59,31.12,-41.42,149.8,215.2,120.2,fav,fav,0.069,0.0
ctrlB,2026-08-19T20:30:00,0.09,-0.19,68705.53,30.094,10.67,7.31,88.61,584.14,1057.66,1202.9,113.3,141.7,adv,fav,0.201,0.2
ctrlB,2026-08-19T22:20:00,-0.035,-0.076,69210.96,30.826,-1.45,-80.68,160.06,-40.57,45.02,233.2,266.6,265.4,adv,adv,0.105,0.89
ctrlB,2026-08-19T23:40:00,0.037,-0.068,69225.26,30.524,-5.77,-85.99,104.19,305.28,373.42,535.0,107.8,164.3,adv,fav,0.07,0.0
ctrlB,2026-08-20T01:25:00,-0.013,-0.052,69282.89,30.387,-35.23,241.04,321.5,402.2,190.7,570.1,33.9,154.8,fav,fav,0.099,0.0
ctrlB,2026-08-20T03:10:00,-0.087,-0.342,68958.6,30.414,41.67,168.34,-18.1,217.28,346.6,375.6,80.1,121.6,fav,fav,0.552,6.99
ctrlB,2026-08-20T04:35:00,0.052,-0.072,69261.53,30.383,6.22,38.09,179.58,209.81,236.67,364.8,18.9,104.1,fav,fav,0.243,0.0
ctrlB,2026-08-20T05:40:00,0.031,-0.131,69511.07,30.061,-59.44,-167.76,-160.14,-183.44,293.63,307.6,222.0,98.9,adv,adv,0.546,0.0
ctrlB,2026-08-20T07:00:00,0.003,-0.142,69870.85,30.111,-6.45,13.17,-254.14,-322.52,-86.15,107.1,420.0,113.5,adv,adv,0.326,0.04
ctrlB,2026-08-20T08:15:00,0.022,-0.772,71262.94,30.039,-151.85,-106.67,-133.97,380.89,498.77,729.8,233.7,279.3,adv,fav,-0.159,24.56
ctrlB,2026-08-20T10:35:00,-0.031,-0.407,71784.82,31.171,-10.61,6.08,51.76,25.24,416.99,488.4,92.3,238.2,fav,fav,0.369,0.12
ctrlB,2026-08-20T11:45:00,0.045,-0.14,72102.68,30.16,-69.91,-217.65,-341.86,-336.61,-480.68,33.8,687.0,172.4,adv,adv,0.167,0.06
ctrlB,2026-08-20T14:00:00,0.044,-0.14,71665.47,30.792,62.73,121.25,-156.01,-125.17,572.44,864.6,368.8,240.4,fav,fav,0.365,0.0
ctrlB,2026-08-20T15:10:00,0.092,-0.087,72175.23,31.23,-31.82,83.12,146.43,41.78,156.0,628.5,253.2,279.7,adv,fav,0.178,0.0
ctrlB,2026-08-20T16:50:00,0.113,-0.404,72611.28,30.495,86.1,111.2,-51.1,115.12,189.26,346.3,103.7,185.2,fav,fav,0.326,0.0
ctrlB,2026-08-20T18:05:00,-0.08,-0.194,72544.86,30.91,-29.6,53.65,156.15,-117.57,-88.84,175.0,255.1,171.4,adv,fav,0.195,0.05
ctrlB,2026-08-20T19:25:00,-0.035,-0.062,72602.43,30.407,9.28,-26.17,102.97,27.15,189.83,310.1,75.9,140.8,adv,fav,0.177,0.0
ctrlB,2026-08-20T20:40:00,0.044,-0.583,72773.9,30.4,-59.07,-88.26,-144.26,-70.41,-60.56,63.5,239.9,141.7,adv,adv,-0.302,0.0
ctrlB,2026-08-20T21:40:00,-0.022,-0.104,72726.12,30.102,-18.87,-15.94,4.32,-166.34,-45.66,90.1,251.6,126.6,adv,adv,0.293,0.0
ctrlB,2026-08-20T23:40:00,-0.001,-0.062,73050.52,30.124,53.63,-13.83,0.04,361.46,637.16,927.6,95.3,147.5,fav,fav,0.015,0.0
ctrlB,2026-08-21T01:30:00,0.082,-0.765,74713.76,30.288,-102.41,-87.76,703.4,178.91,1.08,1050.9,207.2,309.6,adv,fav,-0.016,12.08
ctrlB,2026-08-21T02:35:00,-0.015,-0.599,74755.43,30.084,-69.28,-100.84,-362.6,-418.14,-249.44,34.4,551.1,357.0,adv,adv,0.028,0.01
ctrlB,2026-08-21T04:15:00,-0.007,-0.212,74842.2,30.41,14.04,-72.46,66.99,135.22,596.35,636.1,102.8,188.5,adv,fav,0.238,0.81
ctrlB,2026-08-21T05:15:00,0.097,-0.158,75450.55,30.712,-38.55,-241.19,-306.11,-180.07,-235.16,52.8,429.2,165.9,adv,adv,-0.283,5.44
ctrlB,2026-08-21T06:15:00,0.03,-0.169,75226.11,30.645,43.86,-28.34,293.09,282.35,1179.93,1652.7,165.4,187.7,fav,fav,0.221,0.0
ctrlB,2026-08-21T08:35:00,-0.045,-0.086,77508.45,30.006,115.75,183.87,1108.02,434.32,348.82,2007.8,281.4,348.4,fav,fav,-0.18,19.78
ctrlB,2026-08-21T10:25:00,-0.123,-0.156,77912.42,30.16,11.93,-239.15,-44.35,-192.28,-606.9,73.7,725.1,330.9,adv,adv,0.269,4.01
ctrlB,2026-08-21T12:10:00,0.175,-0.093,76862.84,30.018,-64.11,-63.28,-206.55,541.0,245.52,601.1,260.6,397.5,adv,fav,-0.312,0.0
ctrlB,2026-08-21T13:55:00,-0.094,-0.559,77147.5,30.055,-44.4,-258.92,-336.5,-75.71,148.77,277.8,634.4,353.4,adv,adv,0.021,1.32
ctrlB,2026-08-21T15:15:00,-0.08,-0.212,77592.51,30.754,-68.92,44.48,-41.19,-212.74,-562.66,219.2,855.5,304.7,fav,adv,-0.344,1.69
ctrlB,2026-08-21T16:35:00,-0.045,-0.061,77269.26,30.013,-7.34,16.85,160.31,316.81,238.47,425.9,122.8,225.9,fav,fav,0.002,0.0
ctrlB,2026-08-21T17:45:00,0.051,-0.064,77406.52,30.503,-8.55,-47.65,58.32,28.11,-693.6,120.9,831.6,194.8,fav,adv,0.085,0.0
ctrlB,2026-08-21T18:50:00,0.202,-0.122,76836.33,30.245,51.8,285.92,169.63,377.35,274.06,504.5,20.3,190.4,fav,fav,0.216,0.0
ctrlB,2026-08-21T20:00:00,0.166,-0.317,77082.5,30.081,-113.07,166.65,315.1,384.86,359.12,450.8,160.8,199.8,adv,fav,0.292,0.24
ctrlB,2026-08-21T22:00:00,-0.15,-0.055,78401.4,30.812,132.34,277.29,112.78,-90.14,15.27,355.8,341.7,290.8,fav,fav,0.061,7.09
ctrlB,2026-08-21T23:00:00,-0.1,-0.098,78431.91,30.169,10.87,79.82,234.46,-12.25,-340.07,288.9,355.2,288.0,fav,fav,0.195,0.05
ctrlB,2026-08-22T00:45:00,-0.028,-0.097,77824.82,30.07,-50.67,49.39,274.18,169.11,-5.41,415.3,85.4,226.2,fav,fav,-0.025,3.14
ctrlB,2026-08-22T02:00:00,0.159,-0.077,77995.12,30.247,27.33,17.09,102.84,199.8,589.47,623.1,81.4,161.9,adv,fav,-0.255,0.02
ctrlB,2026-08-22T03:30:00,-0.104,-0.078,78754.08,30.493,-40.79,-124.85,-159.86,-362.35,-152.27,-6.7,573.4,208.9,adv,adv,-0.143,1.49
ctrlB,2026-08-22T04:45:00,-0.101,-0.157,78537.98,30.022,-20.42,-58.66,-48.84,-1461.83,-1141.78,44.9,2021.5,179.2,adv,adv,0.203,0.25
ctrlB,2026-08-22T06:25:00,-0.162,-0.074,77235.23,30.814,-40.23,-136.64,221.45,199.01,213.73,434.0,276.5,278.0,adv,fav,0.044,0.0
ctrlB,2026-08-22T07:50:00,0.021,-0.102,77340.25,31.731,1.02,-66.6,-5.96,-60.51,-192.17,90.1,337.7,154.1,adv,adv,0.323,0.0
ctrlB,2026-08-22T09:00:00,-0.118,-0.16,77089.67,30.152,39.21,130.87,170.94,93.5,-196.86,293.4,313.9,153.6,fav,fav,-0.118,0.08
ctrlB,2026-08-22T10:10:00,-0.099,-0.358,76730.34,30.967,48.33,-39.89,141.63,434.12,77.34,451.7,222.9,168.2,fav,adv,0.381,9.56
ctrlB,2026-08-22T11:10:00,-0.042,-0.092,76816.3,30.172,14.19,15.22,116.59,354.19,413.33,462.0,26.5,182.8,fav,fav,0.128,0.0
ctrlB,2026-08-22T12:50:00,-0.032,-0.116,77305.2,31.052,9.33,-20.73,-76.18,-72.13,-36.26,57.7,215.3,107.9,adv,adv,-0.2,0.0
ctrlB,2026-08-22T14:40:00,-0.034,-0.106,76976.98,30.388,7.39,-0.12,-5.47,-55.85,78.98,112.9,120.7,123.8,adv,neither,-0.093,0.0
ctrlB,2026-08-22T15:50:00,-0.032,-0.219,76986.71,30.881,-38.9,-7.1,-1.8,189.15,329.91,561.5,49.8,107.7,fav,fav,0.256,0.0
ctrlB,2026-08-22T16:50:00,-0.169,-0.249,77328.62,30.903,-32.72,-37.21,-56.8,-69.14,-45.63,45.3,284.9,115.6,adv,adv,-0.306,0.0
ctrlB,2026-08-22T20:00:00,-0.023,-0.068,77383.5,30.981,10.45,41.95,-54.05,-112.2,-286.08,87.7,372.3,69.0,fav,fav,0.266,0.0
ctrlB,2026-08-22T21:05:00,0.067,-0.102,77144.85,30.85,-36.9,-49.9,-21.81,-177.41,-57.35,69.7,390.3,90.3,adv,adv,0.443,0.0
ctrlB,2026-08-22T22:20:00,0.092,-0.075,77123.26,30.77,-19.62,-85.63,-160.03,-80.39,-133.34,23.8,277.6,130.4,adv,adv,0.245,0.0
ctrlB,2026-08-23T00:40:00,-0.013,-0.076,77270.62,30.692,-41.07,11.12,-13.39,87.67,-30.05,131.4,121.1,85.6,fav,adv,-0.247,0.0
ctrlB,2026-08-23T01:40:00,0.007,-0.108,77251.32,30.372,22.46,-65.1,-85.74,-177.17,-104.87,70.5,263.1,99.3,fav,adv,-0.263,0.0
ctrlB,2026-08-23T02:55:00,-0.002,-0.188,77090.48,30.222,-1.13,-43.53,-51.2,-123.23,-178.65,42.4,271.5,83.2,adv,adv,-0.149,0.0
ctrlB,2026-08-23T04:20:00,0.124,-0.17,76916.54,30.552,2.24,23.78,-67.49,-264.45,-612.0,74.8,1353.1,123.7,fav,adv,0.409,0.0
ctrlB,2026-08-23T05:25:00,-0.059,-0.085,76302.82,30.052,-90.2,-65.72,-166.04,-240.41,-12.19,28.9,454.8,246.7,adv,adv,-0.438,5.13
ctrlB,2026-08-23T06:25:00,-0.053,-0.088,76302.63,31.074,7.7,7.93,-99.39,-244.51,-91.22,48.6,306.4,183.1,adv,adv,-0.166,0.0
ctrlB,2026-08-23T07:35:00,0.037,-0.112,76124.11,30.209,-66.64,-55.95,-134.65,132.79,279.02,349.3,254.2,110.0,adv,adv,0.157,0.0
ctrlB,2026-08-23T09:30:00,-0.078,-0.099,76480.39,30.811,-3.23,34.67,95.26,139.24,395.71,434.2,34.1,115.9,fav,fav,0.101,0.0
ctrlB,2026-08-23T10:40:00,0.024,-0.112,76848.59,30.499,-13.52,-38.52,-49.04,-15.32,391.93,533.2,134.4,115.9,adv,adv,-0.136,0.0
ctrlB,2026-08-23T11:40:00,-0.12,-0.249,77251.28,30.365,-3.04,-85.24,26.82,-211.39,-47.46,142.2,265.1,133.3,adv,fav,-0.356,0.0
ctrlB,2026-08-23T13:20:00,-0.021,-0.409,77538.32,30.313,-13.53,-172.51,-7.6,-69.33,-105.09,98.1,230.9,116.2,adv,adv,-0.431,0.0
ctrlB,2026-08-23T15:15:00,-0.174,-0.174,76995.19,30.241,112.7,184.36,200.54,172.14,220.77,318.2,7.0,188.4,fav,fav,0.157,0.09
ctrlB,2026-08-23T16:35:00,-0.029,-0.286,77365.56,30.228,-23.12,9.13,23.56,-106.59,-125.92,99.7,242.5,97.9,fav,fav,-0.445,0.0
ctrlB,2026-08-23T17:55:00,-0.076,-0.091,77162.59,30.074,-10.52,-20.91,196.48,169.49,184.17,240.6,72.9,114.9,adv,fav,0.136,0.0
ctrlB,2026-08-23T19:25:00,-0.01,-0.086,77323.26,30.604,-3.38,-11.62,104.91,-23.03,25.37,161.5,143.4,72.2,adv,adv,0.479,0.0
ctrlB,2026-08-23T21:25:00,0.145,-0.075,78005.75,30.089,-45.78,-161.69,-313.45,-97.33,-320.65,18.6,479.5,113.5,adv,adv,-0.023,1.87
ctrlB,2026-08-23T22:30:00,-0.007,-0.295,77686.76,30.042,-38.77,-22.9,-27.23,-248.79,12.14,138.1,407.4,176.2,adv,adv,0.651,0.0
ctrlB,2026-08-23T23:35:00,-0.179,-0.252,77503.99,30.739,18.88,-22.89,147.1,179.74,-99.53,289.5,250.6,154.8,adv,fav,0.245,0.0
ctrlB,2026-08-24T00:45:00,0.169,-0.215,77422.56,30.01,34.83,77.78,127.49,-72.67,-197.34,301.0,286.1,174.0,fav,fav,0.424,0.72
ctrlB,2026-08-24T01:50:00,-0.025,-0.242,77141.52,30.783,-111.81,-213.47,-48.99,330.55,339.6,407.2,274.8,175.1,adv,adv,0.2,0.48
ctrlB,2026-08-24T03:15:00,-0.032,-0.077,77169.98,30.891,-28.56,81.85,-110.15,-31.54,26.22,99.4,256.4,154.8,fav,adv,0.12,0.07
ctrlB,2026-08-24T04:50:00,-0.161,-0.115,76836.08,30.571,-7.76,55.95,161.08,197.81,297.25,401.4,76.5,134.8,adv,fav,0.235,10.47
ctrlB,2026-08-24T06:00:00,-0.071,-0.12,77095.01,30.963,-14.44,83.75,250.68,156.45,405.52,432.7,33.5,159.4,fav,fav,-0.099,0.0
ctrlB,2026-08-24T07:20:00,0.012,-0.119,77682.0,30.113,-46.4,-182.33,-252.05,-379.66,-786.11,-1.6,787.8,118.2,adv,adv,0.179,0.0
ctrlB,2026-08-24T08:25:00,0.009,-0.241,76927.98,30.581,-18.98,91.58,165.58,86.72,450.78,485.9,21.4,136.9,fav,fav,0.204,2.19
ctrlB,2026-08-24T09:45:00,0.039,-0.113,77493.98,30.663,-37.23,61.71,83.97,372.65,238.34,509.8,34.9,115.3,fav,fav,0.267,0.03
ctrlB,2026-08-24T10:45:00,0.112,-0.276,77744.32,30.783,-146.65,-149.8,-182.46,106.21,432.24,845.4,328.4,152.5,adv,adv,0.555,0.0
ctrlB,2026-08-24T11:50:00,-0.062,-0.453,78167.35,31.003,-57.37,155.86,-5.77,238.64,1016.68,1096.9,219.8,211.4,fav,fav,0.319,0.97
ctrlB,2026-08-24T13:10:00,-0.021,-0.132,79076.76,30.284,-142.86,-81.57,-143.56,-967.34,151.77,163.2,1255.4,259.7,adv,adv,-0.101,2.28
ctrlB,2026-08-24T15:50:00,-0.175,-0.34,79060.18,30.199,-11.44,127.24,239.65,640.65,-114.51,800.0,269.7,328.4,adv,fav,0.024,0.02
ctrlB,2026-08-24T16:55:00,0.139,-0.221,78950.5,30.026,-130.36,-91.02,-12.93,-310.66,-105.96,238.4,503.2,249.3,adv,adv,0.282,0.0
ctrlB,2026-08-24T18:35:00,-0.101,-0.232,78892.67,30.322,10.96,103.33,80.59,3.41,-17.01,223.2,303.9,200.9,fav,fav,0.267,0.0
ctrlB,2026-08-24T19:40:00,-0.032,-0.203,78858.24,30.256,-105.53,-87.13,-136.65,-243.7,37.44,133.0,320.4,188.6,adv,adv,-0.161,0.0
ctrlB,2026-08-24T22:00:00,-0.093,-0.161,78940.8,30.915,-19.38,-65.37,-79.96,-74.98,-213.71,29.4,338.2,94.5,adv,adv,-0.588,0.0
ctrlB,2026-08-25T00:20:00,0.024,-0.117,78821.29,30.016,0.13,-66.44,140.24,970.59,944.0,1153.8,92.2,128.0,adv,fav,0.181,0.0
ctrlB,2026-08-25T01:45:00,-0.002,-0.158,79661.08,30.53,2.18,-53.95,157.15,1274.12,770.68,1606.4,174.3,269.2,adv,fav,0.09,0.0
ctrlB,2026-08-25T02:50:00,0.003,-0.286,80684.8,30.274,-1.74,-9.76,188.89,-106.6,-256.08,257.7,341.8,333.8,fav,adv,0.25,13.46
ctrlB,2026-08-25T03:50:00,0.107,-0.351,80440.72,30.965,4.42,22.93,-73.6,-87.58,-226.79,160.2,317.8,217.4,adv,adv,0.153,0.0
ctrlB,2026-08-25T04:55:00,0.162,-0.104,80354.71,30.457,25.39,65.61,147.98,244.96,312.12,440.4,60.4,180.8,fav,fav,0.231,0.0
ctrlB,2026-08-25T06:05:00,0.06,-0.258,80715.2,30.051,-9.94,54.35,2.82,-215.97,-28.12,185.8,357.8,132.1,fav,fav,-0.177,0.0
ctrlB,2026-08-25T07:40:00,0.017,-0.16,80463.03,30.694,-90.42,-601.8,-725.13,-525.85,-452.15,-7.0,1166.2,121.8,adv,adv,0.083,0.0
ctrlB,2026-08-25T08:40:00,0.171,-0.212,80029.17,30.003,-14.17,-129.39,-132.16,-235.23,-286.23,24.3,350.4,244.4,adv,adv,0.428,0.0
ctrlB,2026-08-25T09:45:00,-0.182,-0.327,79465.14,30.138,-284.95,-379.67,-333.15,-100.88,-149.36,8.6,627.6,170.6,adv,adv,0.253,2.08
ctrlB,2026-08-25T11:15:00,0.112,-0.471,79225.72,30.253,-14.82,47.22,137.92,-125.67,-333.13,249.2,572.1,134.0,fav,fav,0.086,0.0
ctrlB,2026-08-25T12:20:00,-0.069,-0.156,78900.34,30.971,-205.41,-89.27,-127.06,112.04,-116.59,183.5,350.5,186.9,adv,adv,0.002,0.26
ctrlB,2026-08-25T13:45:00,-0.207,-0.646,78467.26,30.01,-255.44,-101.88,356.8,442.95,729.78,906.3,370.6,249.6,adv,adv,0.214,20.08
ctrlB,2026-08-25T15:00:00,-0.043,-0.192,79230.25,30.492,35.25,32.55,11.48,143.33,246.42,347.4,228.7,233.3,fav,fav,0.001,0.0
ctrlB,2026-08-25T16:00:00,-0.017,-0.152,79488.67,30.565,-62.19,-196.52,-217.32,-176.9,-370.09,-7.0,446.9,180.7,adv,adv,-0.367,0.23
ctrlB,2026-08-25T17:05:00,-0.133,-0.208,79001.46,30.09,-97.2,-55.07,-173.81,57.06,209.0,318.8,263.3,167.1,adv,adv,0.16,3.08
ctrlB,2026-08-25T18:15:00,-0.037,-0.1,79253.58,30.984,5.07,-2.52,-75.22,-72.08,-77.8,62.1,248.5,130.6,adv,adv,0.176,0.15
ctrlB,2026-08-25T19:30:00,-0.039,-0.153,78943.64,30.636,-21.6,-87.6,-198.56,-184.38,-191.31,39.1,282.5,120.4,adv,adv,0.044,3.39
ctrlB,2026-08-25T20:40:00,-0.156,-0.261,78509.74,30.09,-91.83,-208.71,-306.91,-305.81,76.22,135.4,678.2,157.2,adv,adv,0.415,6.0
ctrlB,2026-08-25T22:20:00,-0.068,-0.203,78820.19,30.933,-71.04,-251.23,-35.89,51.4,-180.76,137.3,252.3,153.2,adv,adv,-0.259,0.0
ctrlB,2026-08-25T23:20:00,-0.161,-0.187,78653.46,30.277,-20.96,26.25,-29.64,-183.49,-118.28,138.8,359.1,150.7,fav,adv,-0.095,0.0
ctrlB,2026-08-26T03:45:00,-0.087,-0.099,78961.09,30.381,18.21,71.47,27.74,117.51,-97.47,213.8,191.7,105.6,fav,fav,-0.2,0.0
ctrlB,2026-08-26T04:50:00,0.025,-0.136,78834.26,30.425,-2.29,-11.68,-28.79,188.33,125.26,295.4,212.2,132.2,adv,adv,0.265,0.0
ctrlB,2026-08-26T05:50:00,-0.129,-0.29,78971.57,30.279,22.4,104.62,164.22,-134.79,-82.39,229.8,176.9,138.3,fav,fav,0.659,0.0
ctrlB,2026-08-26T08:00:00,-0.05,-0.148,78854.93,30.626,-9.75,237.81,121.09,57.5,-31.35,256.4,264.6,102.1,fav,fav,-0.216,0.0
ctrlB,2026-08-26T09:20:00,-0.107,-0.277,78407.5,30.721,86.47,97.43,8.84,1.19,156.68,184.2,184.2,143.0,fav,fav,-0.008,0.3
ctrlB,2026-08-26T10:30:00,0.043,-0.187,78648.89,30.173,2.35,23.51,195.54,68.76,-86.34,218.9,118.2,123.5,fav,fav,-0.222,0.0
ctrlB,2026-08-26T11:30:00,-0.08,-0.288,78574.55,30.241,-50.88,-238.91,-177.38,-91.84,-147.21,129.5,652.2,108.0,adv,adv,0.013,0.0
ctrlB,2026-08-26T13:05:00,-0.15,-0.735,78039.98,30.336,-1.98,75.28,-30.6,380.88,457.08,557.2,152.4,221.1,fav,fav,0.337,0.04
ctrlB,2026-08-26T14:25:00,-0.186,-0.313,78264.2,30.629,-89.06,-141.26,-264.06,-449.94,-191.43,13.6,649.3,208.2,adv,adv,0.079,0.0
ctrlB,2026-08-26T16:40:00,-0.117,-0.119,77973.76,30.635,17.68,91.75,17.86,185.15,491.3,640.6,20.3,131.2,fav,fav,0.202,1.51
ctrlB,2026-08-26T17:40:00,-0.026,-0.207,78481.45,30.489,-40.05,-61.78,-85.47,47.7,-177.09,174.0,221.1,148.2,adv,fav,-0.07,0.23
ctrlB,2026-08-26T18:40:00,-0.106,-0.191,78316.36,30.888,8.43,77.32,160.88,61.78,106.25,259.9,38.3,111.6,fav,fav,0.558,0.0
ctrlB,2026-08-26T22:10:00,-0.014,-0.228,78790.14,30.789,53.95,93.54,10.53,-127.72,-96.7,195.7,241.4,124.4,fav,fav,0.11,0.0
ctrlB,2026-08-27T00:05:00,0.159,-0.157,78931.84,30.956,-88.17,-106.53,-85.72,-132.84,-174.15,17.6,270.8,122.5,adv,adv,0.315,0.0
ctrlB,2026-08-27T01:15:00,0.002,-0.576,78713.14,30.765,-12.95,90.8,103.76,237.42,100.07,304.7,23.5,117.4,fav,fav,0.518,0.16
ctrlB,2026-08-27T02:25:00,-0.004,-0.141,78760.77,30.92,-1.13,6.21,-14.79,-69.53,102.38,220.8,136.6,129.0,adv,adv,0.086,0.0
ctrlB,2026-08-27T03:55:00,0.008,-0.122,78845.09,30.912,-16.59,-27.99,23.07,-118.66,-98.25,44.5,181.4,90.4,adv,adv,-0.534,0.0
ctrlB,2026-08-27T06:15:00,0.056,-0.27,78715.7,30.854,19.17,-52.25,11.52,80.6,95.0,131.9,121.7,111.3,fav,adv,0.036,0.0
ctrlB,2026-08-27T08:35:00,-0.095,-0.124,79753.6,30.609,98.18,226.13,-30.99,58.84,478.99,774.4,86.8,185.1,fav,fav,-0.089,0.0
ctrlB,2026-08-27T09:50:00,-0.166,-0.305,80070.44,30.413,-61.98,-145.2,61.32,-318.66,-514.77,94.5,735.7,175.8,adv,adv,0.32,0.45
ctrlB,2026-08-27T11:30:00,0.003,-0.352,79472.05,30.683,-2.37,-55.93,-105.19,-40.35,-124.4,122.2,309.2,186.8,adv,adv,-0.185,0.0
ctrlB,2026-08-27T12:35:00,-0.056,-0.14,79378.81,30.491,-56.41,-106.77,-73.0,-57.3,-154.72,111.1,294.3,139.2,adv,adv,0.415,0.0
ctrlB,2026-08-27T13:35:00,0.141,-0.204,79236.09,30.493,-14.94,5.84,134.6,184.79,954.88,1036.6,338.7,127.1,adv,adv,0.022,0.04
ctrlB,2026-08-27T15:50:00,0.058,-0.246,80392.18,30.948,-16.11,-67.33,-143.37,121.44,42.75,258.6,189.7,247.9,adv,fav,0.382,0.32
ctrlB,2026-08-27T16:55:00,-0.105,-0.101,80404.51,30.564,-62.9,-97.55,297.62,316.45,37.87,465.1,167.8,168.4,adv,fav,0.068,0.0
ctrlB,2026-08-27T18:00:00,-0.092,-0.139,80408.37,30.418,-44.39,-68.38,-548.18,-488.93,-194.62,25.2,663.4,158.3,adv,adv,0.016,3.05
ctrlB,2026-08-27T19:15:00,-0.005,-0.176,80158.42,30.226,-6.98,-39.64,-51.59,-152.71,-122.37,85.0,288.8,180.7,adv,adv,0.251,0.0
ctrlB,2026-08-27T22:05:00,-0.041,-0.118,80242.32,31.825,-12.64,60.69,87.98,-6.28,-0.33,210.3,84.6,100.7,fav,fav,-0.392,0.0
ctrlB,2026-08-27T23:35:00,-0.003,-0.131,80322.78,30.601,-4.47,-47.1,-39.03,-123.06,173.35,204.6,155.6,96.6,adv,adv,0.539,0.0
ctrlB,2026-08-28T01:40:00,-0.125,-0.16,80871.1,30.565,-38.35,-100.07,-377.84,-602.51,-894.63,35.5,1047.0,214.4,adv,adv,0.288,0.01
ctrlB,2026-08-28T02:40:00,-0.05,-0.095,79988.47,30.807,-77.28,-86.78,-59.41,-63.8,-168.05,75.3,276.4,215.7,adv,adv,-0.295,0.0
ctrlB,2026-08-28T04:25:00,-0.061,-0.12,79846.08,30.545,-3.96,-149.4,-148.35,-230.83,-131.75,6.7,288.0,119.9,adv,adv,-0.304,0.0
ctrlB,2026-08-28T05:55:00,-0.147,-0.139,79738.2,30.496,55.98,88.6,157.0,92.89,152.74,262.6,11.1,96.6,fav,fav,0.304,0.0
ctrlB,2026-08-28T07:40:00,-0.113,-0.156,79649.92,30.32,-25.82,12.09,62.69,93.43,34.36,201.0,48.5,90.4,adv,fav,0.116,0.0
ctrlB,2026-08-28T08:50:00,0.106,-0.247,79553.34,30.685,-55.34,-71.66,-130.72,-111.82,-243.88,6.4,331.3,104.8,adv,adv,0.184,0.89
ctrlB,2026-08-28T10:05:00,-0.179,-0.253,79132.82,30.413,26.5,85.89,30.57,219.63,511.73,585.7,12.2,126.7,fav,fav,0.367,5.1
ctrlB,2026-08-28T11:05:00,-0.034,-0.163,79656.55,33.688,-5.28,28.74,87.42,-83.31,-115.83,116.9,111.0,123.3,fav,neither,-0.065,0.0
ctrlB,2026-08-28T12:30:00,-0.061,-0.14,79482.8,30.644,-76.07,-109.06,-119.11,-22.11,-141.5,5.4,472.5,97.3,adv,adv,0.191,0.0
ctrlB,2026-08-28T13:40:00,-0.081,-0.191,79080.86,31.013,19.94,129.97,454.75,-542.67,361.22,648.0,651.2,134.2,fav,fav,0.109,1.62
ctrlB,2026-08-28T14:40:00,-0.045,-0.794,79429.47,30.424,-96.49,-152.3,355.91,-58.22,-631.18,446.6,657.7,376.0,adv,fav,0.075,0.15
ctrlB,2026-08-28T17:00:00,-0.084,-0.497,77717.72,30.166,7.12,77.83,350.89,122.83,169.92,408.4,62.2,338.6,fav,fav,0.25,0.0
ctrlB,2026-08-28T18:05:00,-0.113,-0.398,77771.72,30.872,12.47,-29.95,-228.53,-334.69,-110.41,68.6,524.4,172.3,adv,adv,0.365,0.0
ctrlB,2026-08-28T19:35:00,-0.028,-0.214,77628.88,30.957,-23.43,-110.54,-204.02,-86.3,-243.6,11.5,341.7,142.0,adv,adv,0.172,0.0
ctrlB,2026-08-28T20:35:00,0.074,-0.095,77400.91,30.024,4.91,-7.46,-25.54,-82.86,74.28,135.2,95.8,125.1,adv,fav,0.285,0.0
ctrlB,2026-08-29T00:20:00,0.009,-0.156,77894.02,30.333,45.7,-19.24,-108.13,-134.32,-133.71,60.9,274.1,72.5,fav,adv,0.322,0.28
ctrlB,2026-08-29T02:20:00,-0.089,-0.162,77606.5,30.695,-31.5,21.98,52.73,93.41,70.04,122.7,35.9,67.0,adv,fav,0.079,0.0
ctrlB,2026-08-29T03:35:00,-0.035,-0.109,77616.62,30.693,-13.37,-22.1,-109.94,-53.01,-3.52,50.0,111.5,61.7,fav,adv,0.106,0.0
ctrlB,2026-08-29T08:05:00,0.03,-0.159,77508.82,30.347,2.78,-6.7,40.81,48.78,86.39,171.9,14.8,65.2,fav,fav,0.485,0.0
ctrlB,2026-08-29T09:05:00,-0.047,-0.514,77608.16,30.014,18.25,37.37,28.73,134.38,-66.36,145.1,93.5,71.2,fav,fav,0.061,0.0
ctrlB,2026-08-29T11:00:00,0.011,-0.142,77646.08,30.398,-5.94,10.33,50.27,32.84,-58.3,84.3,92.5,56.4,adv,fav,0.348,0.0
ctrlB,2026-08-29T14:30:00,-0.001,-0.091,77716.63,30.813,-19.42,45.74,259.55,158.97,132.78,442.4,45.8,46.8,adv,fav,-0.267,0.0
ctrlB,2026-08-29T15:30:00,-0.049,-0.134,77861.37,30.095,-19.88,22.2,44.36,33.03,120.41,248.2,70.9,104.6,fav,fav,0.399,0.0
ctrlB,2026-08-29T18:40:00,-0.039,-0.112,78139.92,30.58,10.09,88.14,13.38,175.12,104.79,199.0,9.2,78.4,fav,fav,-0.219,0.0
ctrlB,2026-08-29T19:55:00,-0.04,-0.115,78185.68,30.709,-11.45,61.71,52.25,-30.39,-66.52,114.6,81.0,66.1,fav,fav,0.629,0.0
ctrlB,2026-08-29T21:00:00,-0.075,-0.204,78063.69,30.695,-10.6,55.52,102.47,34.06,83.58,140.0,10.5,57.7,fav,fav,0.698,0.0
ctrlB,2026-08-29T22:10:00,-0.082,-0.111,78137.26,30.484,16.0,-61.16,-10.47,39.25,96.59,115.8,64.0,64.6,adv,fav,-0.088,0.0
ctrlB,2026-08-30T01:15:00,-0.042,-0.331,78024.27,30.914,22.31,-32.8,-28.99,66.04,31.91,110.2,49.9,70.7,fav,fav,0.432,0.0
ctrlB,2026-08-30T04:45:00,0.001,-0.092,78011.38,30.296,15.21,51.71,148.17,119.83,109.17,204.1,9.0,53.2,fav,fav,0.176,0.0
ctrlB,2026-08-30T08:40:00,0.021,-0.096,78045.96,30.061,-15.29,-0.3,11.95,36.08,-23.19,69.1,74.4,54.3,adv,fav,0.641,0.0
ctrlB,2026-08-30T10:30:00,0.014,-0.222,78052.69,30.81,-2.29,3.76,67.0,84.01,113.87,170.1,7.0,56.7,fav,fav,0.452,0.0
ctrlB,2026-08-30T11:35:00,-0.048,-0.104,78158.51,30.879,4.91,15.78,-43.64,446.1,415.88,697.3,62.5,44.4,fav,fav,-0.184,0.0
ctrlB,2026-08-30T12:35:00,0.053,-0.084,78586.39,31.094,20.63,62.99,45.11,85.85,105.35,247.0,14.9,124.5,fav,fav,-0.218,0.0
ctrlB,2026-08-30T14:40:00,0.019,-0.115,78733.22,30.505,-12.82,20.59,26.92,-84.81,90.79,137.8,121.0,99.0,fav,fav,0.421,0.0
ctrlB,2026-08-30T15:50:00,-0.021,-0.19,78804.31,30.973,-35.11,-13.65,-5.03,287.6,374.5,453.2,76.4,97.3,fav,fav,-0.573,0.0
ctrlB,2026-08-30T17:00:00,-0.125,-0.102,79232.67,30.403,-40.82,-85.35,-301.39,-232.77,-274.44,2.6,477.4,169.4,adv,adv,-0.545,0.0
ctrlB,2026-08-30T18:10:00,-0.02,-0.202,78873.2,30.601,-32.07,-15.15,197.7,192.69,152.3,303.9,33.9,123.2,fav,fav,0.593,0.0
ctrlB,2026-08-30T19:20:00,-0.092,-0.098,78916.58,30.56,-11.57,-25.41,-120.71,-77.04,-37.75,27.9,218.8,87.8,adv,adv,0.485,0.0
ctrlB,2026-08-30T20:30:00,-0.032,-0.141,78807.21,30.493,35.91,-133.48,-124.63,-377.2,-110.3,79.3,597.2,76.7,fav,fav,0.15,0.0
ctrlB,2026-08-30T22:10:00,-0.112,-0.086,78544.31,30.094,-24.74,-61.4,-245.69,-115.45,-202.85,11.3,289.0,130.6,adv,adv,0.051,0.0
ctrlB,2026-08-30T23:15:00,-0.012,-0.507,78402.33,30.428,-42.56,-362.18,-752.73,-970.93,-499.82,-1.7,1424.0,134.5,adv,adv,-0.454,2.41
ctrlB,2026-08-31T01:10:00,0.007,-0.237,77601.88,30.3,43.85,200.24,181.68,174.27,278.91,388.8,101.0,174.6,fav,fav,0.15,1.16
ctrlB,2026-08-31T02:20:00,-0.046,-0.122,77862.4,30.299,-20.8,-17.86,-119.51,-447.32,-149.42,54.2,497.4,162.8,adv,adv,0.225,0.0
ctrlB,2026-08-31T05:20:00,0.069,-0.369,78122.52,30.289,-42.04,-115.71,-215.39,-124.76,-121.36,26.1,291.1,132.5,adv,adv,-0.339,1.38
ctrlB,2026-08-31T06:20:00,-0.134,-0.119,78010.41,30.093,34.29,-46.06,88.81,63.0,231.64,297.2,102.0,148.1,fav,fav,-0.223,0.0
ctrlB,2026-08-31T08:00:00,-0.117,-0.156,78093.5,30.058,-40.68,57.27,-108.65,29.45,330.46,407.3,132.1,99.5,adv,fav,0.024,0.0
ctrlB,2026-08-31T09:00:00,-0.088,-0.085,78435.96,30.894,16.7,227.55,216.36,180.61,-20.66,352.4,52.5,128.6,fav,fav,-0.21,0.0
ctrlB,2026-08-31T10:05:00,-0.074,-0.133,78358.65,30.486,31.19,81.48,10.53,115.09,209.62,348.0,21.5,140.0,fav,fav,0.3,0.6
ctrlB,2026-08-31T11:25:00,-0.108,-0.108,78440.02,31.02,6.04,-66.23,-53.08,-184.36,-448.92,76.6,434.9,101.9,adv,adv,-0.208,0.0
ctrlB,2026-08-31T12:30:00,0.038,-0.595,78095.69,30.422,4.88,-226.72,-277.23,-61.87,-230.32,121.3,430.4,139.8,adv,adv,0.098,10.93
ctrlB,2026-08-31T13:35:00,0.148,-0.211,78149.93,30.096,-53.54,-245.91,-304.51,-238.47,35.64,113.3,453.6,207.3,adv,adv,-0.062,0.22
ctrlB,2026-08-31T16:25:00,0.065,-0.088,78673.79,30.56,-40.13,-73.23,44.38,-74.26,-148.54,210.1,205.7,173.7,adv,fav,0.285,0.0
ctrlB,2026-08-31T17:40:00,0.15,-0.17,78895.78,30.336,-64.37,-46.49,-61.4,32.59,172.66,314.1,144.5,157.7,adv,fav,0.016,6.84
ctrlB,2026-08-31T19:20:00,0.025,-0.239,79053.61,30.263,-4.6,62.24,-17.89,-169.61,-94.47,129.5,209.3,133.1,fav,adv,0.506,0.0
ctrlB,2026-08-31T20:25:00,-0.132,-0.084,78911.52,30.468,23.21,-76.72,-26.12,-70.34,59.77,77.1,204.9,120.8,adv,adv,-0.102,0.0
ctrlB,2026-08-31T21:25:00,0.14,-0.089,78983.46,30.094,31.37,48.18,44.19,11.42,-239.3,78.0,270.4,105.1,fav,adv,-0.546,0.0
ctrlB,2026-08-31T22:50:00,0.036,-0.099,78569.48,30.915,0.2,-39.99,-105.43,-49.75,-35.94,28.2,193.5,74.3,adv,adv,0.164,0.1
ctrlB,2026-09-01T00:05:00,0.093,-0.196,78698.89,30.874,37.8,24.37,132.32,-20.03,-44.82,188.2,143.0,79.3,fav,fav,-0.47,0.0
ctrlB,2026-09-01T01:05:00,-0.015,-0.118,78666.19,30.285,-15.15,-141.74,-136.2,-136.18,-405.13,4.6,435.3,107.8,adv,adv,-0.235,0.0
ctrlB,2026-09-01T02:10:00,-0.023,-0.193,78249.89,30.686,-33.23,-38.72,-1.24,77.31,171.2,220.9,101.5,120.3,adv,fav,0.014,7.66
ctrlB,2026-09-01T03:25:00,0.054,-0.139,78475.11,30.995,40.25,219.47,282.62,189.39,327.59,426.5,9.7,90.1,fav,fav,0.401,0.0
ctrlB,2026-09-01T05:20:00,-0.039,-0.095,78796.5,30.408,13.62,138.83,208.78,343.89,-7.11,408.2,7.4,93.7,fav,fav,0.091,0.0
ctrlB,2026-09-01T06:20:00,-0.07,-0.118,78802.75,30.345,49.85,77.99,64.55,-40.81,-59.55,118.4,120.9,114.9,fav,fav,0.592,0.0
ctrlB,2026-09-01T07:40:00,0.076,-0.252,78595.71,30.016,-1.86,45.71,11.03,-300.99,-625.6,70.1,786.9,90.8,fav,adv,0.202,0.71
ctrlB,2026-09-01T08:50:00,-0.047,-0.119,77907.22,30.308,-44.96,-25.98,-44.77,24.77,1.51,122.6,158.4,159.1,adv,neither,-0.368,0.14
ctrlB,2026-09-01T10:25:00,-0.012,-0.099,78027.06,30.051,15.55,-6.66,75.28,-69.85,-110.97,146.9,191.3,114.8,fav,fav,-0.356,0.0
ctrlB,2026-09-01T12:35:00,-0.072,-0.128,77738.65,31.001,48.04,167.63,237.14,28.29,-131.29,310.8,350.0,129.1,fav,fav,0.407,5.85
ctrlB,2026-09-01T13:55:00,0.042,-0.39,78089.12,31.002,65.91,-13.87,202.94,151.75,17.2,315.2,50.9,222.8,fav,fav,0.151,0.0
ctrlB,2026-09-01T14:55:00,-0.127,-0.196,78110.78,30.292,-172.67,-305.63,-282.59,-311.65,-211.94,1.8,421.6,168.8,adv,adv,-0.093,0.0
ctrlB,2026-09-01T15:55:00,-0.126,-0.114,77910.84,30.651,-82.2,14.33,-256.92,-379.34,-336.66,34.2,651.5,134.5,adv,adv,0.134,0.0
ctrlB,2026-09-01T17:40:00,-0.076,-0.127,77477.2,30.243,-102.75,-53.07,-187.68,-308.58,-993.19,14.1,1011.9,135.3,adv,adv,-0.067,0.0
ctrlB,2026-09-01T19:10:00,0.045,-0.096,77117.72,30.939,125.97,96.4,218.3,173.75,300.02,339.2,24.1,219.7,fav,fav,0.1,0.0
ctrlB,2026-09-01T20:40:00,-0.046,-0.104,77361.78,30.285,-36.34,-31.22,42.79,-289.92,-283.51,131.4,492.7,108.1,adv,fav,0.03,0.0
ctrlB,2026-09-01T22:20:00,-0.105,-0.115,77142.96,30.492,-45.09,-145.11,-92.98,122.36,131.04,186.4,161.1,127.0,adv,adv,0.41,0.0
ctrlB,2026-09-01T23:55:00,-0.044,-0.326,77452.51,30.072,-36.86,-41.23,-79.88,-256.09,-260.14,25.1,375.9,98.7,adv,adv,0.481,0.0
ctrlB,2026-09-02T01:30:00,-0.106,-0.136,76988.01,30.459,29.36,-58.17,-305.57,-79.0,181.55,311.8,320.6,117.9,adv,adv,0.286,0.18
ctrlB,2026-09-02T02:30:00,-0.062,-0.171,77181.56,30.944,48.47,-31.65,21.2,223.15,291.0,577.1,71.2,157.6,fav,fav,0.208,0.0
ctrlB,2026-09-02T03:30:00,-0.147,-0.184,77484.41,30.414,-7.08,88.51,76.74,-36.32,-53.73,122.9,251.3,129.1,fav,adv,-0.351,0.0
ctrlB,2026-09-02T05:25:00,-0.022,-0.188,77663.59,30.827,15.28,-4.79,-1.86,-70.37,-176.31,45.6,206.1,89.6,fav,adv,-0.377,0.0
ctrlB,2026-09-02T06:55:00,0.118,-0.078,77599.59,30.444,-26.45,-34.67,8.51,-43.12,-149.81,124.5,171.3,97.3,adv,fav,-0.082,0.0
ctrlB,2026-09-02T08:00:00,0.004,-0.075,77450.93,30.847,28.94,28.2,-145.46,-409.19,-464.87,56.9,761.5,82.9,fav,adv,0.406,0.0
ctrlB,2026-09-02T10:30:00,-0.106,-0.183,76522.27,30.351,-16.29,-65.42,-201.14,8.99,81.44,198.6,345.3,140.8,adv,adv,0.216,0.68
ctrlB,2026-09-02T11:40:00,-0.072,-0.191,76577.88,30.854,-24.14,-18.18,160.62,211.09,167.33,432.1,32.5,174.4,fav,fav,-0.219,0.0
ctrlB,2026-09-02T12:50:00,-0.022,-0.231,76703.67,30.282,-78.06,-95.99,36.71,49.2,267.56,703.7,148.2,118.5,adv,adv,0.389,0.0
ctrlB,2026-09-02T14:25:00,0.109,-0.151,77187.34,30.488,-98.11,-67.78,41.23,-299.67,-169.81,175.4,492.0,247.4,adv,adv,0.01,0.0
ctrlB,2026-09-02T15:50:00,0.042,-0.576,77224.61,30.665,-45.9,-25.95,33.24,283.82,-13.52,324.2,70.2,229.2,fav,fav,0.27,0.0
ctrlB,2026-09-02T16:55:00,-0.124,-0.1,77189.89,30.087,-13.68,-52.84,-90.7,-146.45,135.4,180.4,272.0,125.7,adv,adv,-0.47,0.0
ctrlB,2026-09-02T18:35:00,-0.106,-0.101,77282.5,31.532,-12.16,6.06,43.47,45.02,-91.86,113.2,202.0,106.3,fav,fav,0.134,0.0
ctrlB,2026-09-02T19:50:00,-0.046,-0.078,77142.71,30.505,14.6,145.83,217.71,254.02,229.67,357.8,32.7,91.9,fav,fav,0.006,0.0
ctrlB,2026-09-02T22:45:00,-0.067,-0.076,77042.75,30.916,-6.76,-43.64,75.07,70.18,160.1,188.8,70.1,89.0,adv,fav,0.092,0.0
ctrlB,2026-09-03T00:00:00,0.035,-0.132,77347.56,30.204,-74.96,-198.78,-282.13,-389.31,-197.19,-3.3,423.2,76.9,adv,adv,-0.568,0.0
ctrlB,2026-09-03T01:35:00,-0.088,-0.119,77422.17,30.802,-6.0,-122.7,-28.97,-156.38,348.22,455.3,226.8,136.3,adv,adv,-0.116,0.57
ctrlB,2026-09-03T02:40:00,0.053,-0.176,77715.02,30.741,13.0,50.61,26.13,40.23,-114.94,138.2,113.8,157.1,fav,neither,0.281,0.0
ctrlB,2026-09-03T03:45:00,0.029,-0.085,77688.47,30.244,-18.35,1.45,36.84,-135.21,-76.26,105.2,183.5,101.2,fav,fav,-0.292,0.0
ctrlB,2026-09-03T05:25:00,-0.103,-0.424,77233.64,30.215,-1.12,91.91,178.68,492.8,447.57,583.1,29.0,118.3,fav,fav,0.081,2.12
ctrlB,2026-09-03T10:35:00,0.042,-0.149,77484.41,30.083,-15.21,11.45,247.4,251.83,430.67,455.8,52.2,95.9,adv,fav,0.592,0.02
ctrlB,2026-09-03T11:45:00,-0.052,-0.08,77888.66,30.728,-13.94,1.91,10.94,13.82,451.29,535.8,44.9,107.0,fav,fav,0.035,0.01
ctrlB,2026-09-03T13:05:00,-0.101,-0.126,78498.3,30.293,45.96,30.02,9.14,310.91,343.96,469.7,84.3,176.6,fav,fav,-0.0,0.0
ctrlB,2026-09-03T14:30:00,0.134,-0.096,79775.65,30.669,-22.7,-70.86,601.86,985.65,1073.16,1186.1,188.1,225.8,adv,fav,-0.198,54.86
ctrlB,2026-09-03T15:40:00,-0.124,-0.074,80902.48,30.638,-122.43,-55.65,415.72,-2.3,-124.07,470.6,294.4,313.7,adv,fav,-0.125,4.86
ctrlB,2026-09-03T19:10:00,-0.092,-0.541,81193.81,30.638,40.83,223.05,342.79,422.17,248.33,618.8,25.9,172.9,fav,fav,-0.262,0.0
ctrlB,2026-09-03T20:20:00,-0.04,-0.112,81407.45,30.976,50.52,169.29,129.06,53.37,138.03,281.2,118.3,201.5,fav,fav,-0.163,0.0
ctrlB,2026-09-03T22:00:00,-0.044,-0.13,81575.19,31.094,-70.98,-148.36,-266.45,-524.05,-376.53,-7.0,664.6,229.2,adv,adv,-0.009,0.0
ctrlB,2026-09-03T23:45:00,-0.003,-0.122,81259.96,30.347,32.29,-12.52,-84.46,-54.06,-171.96,176.0,181.2,126.5,fav,adv,-0.113,0.0
ctrlB,2026-09-04T00:45:00,-0.117,-0.129,81100.0,30.965,-57.81,-58.4,-166.49,-175.72,-219.0,53.2,346.0,152.4,adv,adv,0.239,0.03
ctrlB,2026-09-04T02:05:00,-0.019,-0.129,80838.21,31.094,-15.34,-9.43,-134.78,-34.43,117.06,211.6,182.6,145.1,adv,adv,0.375,0.0
ctrlB,2026-09-04T03:10:00,-0.026,-0.084,80955.38,30.795,-61.39,-58.95,-111.19,-102.97,-20.95,17.4,169.4,106.0,adv,adv,-0.327,0.0
ctrlB,2026-09-04T04:40:00,-0.015,-0.226,81020.77,30.416,66.71,21.08,-26.88,-48.09,24.61,127.1,128.8,105.3,fav,fav,-0.014,0.0
ctrlB,2026-09-04T05:50:00,-0.058,-0.136,80886.18,30.593,24.74,88.61,177.47,-71.48,-124.79,201.9,333.9,113.3,fav,fav,-0.058,0.0
ctrlB,2026-09-04T07:25:00,0.014,-0.084,80894.54,30.57,-70.78,-74.45,-183.47,-205.67,126.07,151.5,414.3,110.1,adv,adv,-0.003,0.0
ctrlB,2026-09-04T08:30:00,0.162,-0.142,81118.63,30.226,-55.51,-31.05,23.72,25.32,-98.48,186.1,205.3,104.1,adv,adv,-0.154,1.6
ctrlB,2026-09-04T09:30:00,0.062,-0.113,81032.15,30.253,93.44,140.88,37.33,9.32,-76.8,178.6,218.7,155.3,fav,fav,-0.207,0.0
ctrlB,2026-09-04T10:40:00,-0.019,-0.109,81047.02,30.047,-0.15,-1.79,94.36,153.41,197.03,355.2,44.2,139.4,fav,fav,0.02,0.0
ctrlB,2026-09-04T11:40:00,-0.049,-0.086,81256.05,30.722,-22.89,18.55,-10.21,-79.11,-1803.85,103.3,1853.7,106.5,adv,adv,-0.284,0.0
ctrlB,2026-09-04T13:15:00,0.14,-0.299,79344.25,30.326,36.6,146.83,-187.28,245.38,-252.51,351.2,374.9,379.0,fav,neither,-0.039,0.0
ctrlB,2026-09-04T14:50:00,0.146,-0.347,78881.68,30.362,43.75,-14.91,258.22,437.71,575.0,682.6,114.1,298.0,fav,fav,0.256,0.84
ctrlB,2026-09-04T16:35:00,-0.052,-0.519,79745.12,30.694,26.87,89.76,33.39,-84.46,-201.36,137.8,284.4,123.0,fav,fav,-0.323,0.02
ctrlB,2026-09-04T17:40:00,-0.099,-0.277,79465.79,30.404,-22.66,-12.37,38.41,82.65,155.3,197.0,82.7,116.1,adv,fav,-0.445,0.0
ctrlB,2026-09-04T19:35:00,-0.119,-0.148,79677.51,30.303,16.84,-13.62,31.21,154.23,54.1,207.4,48.9,82.3,adv,fav,0.002,0.0
ctrlB,2026-09-04T21:00:00,0.059,-0.149,79767.87,30.685,-3.39,31.7,49.23,42.91,-80.01,75.3,237.6,77.7,fav,adv,0.067,0.0
ctrlB,2026-09-04T22:45:00,0.013,-0.11,79686.12,32.161,-17.32,-22.42,-36.5,-12.97,-31.18,99.2,86.5,81.7,adv,adv,0.499,0.0
ctrlB,2026-09-05T00:15:00,-0.061,-0.128,79658.82,30.612,-10.58,-6.93,-7.91,-34.57,16.86,59.8,96.6,49.0,fav,fav,-0.546,0.0
ctrlB,2026-09-05T01:30:00,-0.014,-0.076,79679.15,30.554,-54.08,-20.36,-101.82,-146.4,-122.98,15.7,195.6,63.0,adv,adv,-0.403,0.0
ctrlB,2026-09-05T05:00:00,-0.042,-0.265,79491.91,30.093,-17.84,-3.41,72.81,99.14,127.59,138.6,35.4,42.3,adv,fav,0.441,0.0
ctrlB,2026-09-05T07:50:00,-0.0,-0.099,79743.48,30.613,-11.72,-50.35,-90.26,-133.31,-122.42,-1.1,171.3,36.5,adv,adv,-0.192,0.0
ctrlB,2026-09-05T09:00:00,0.05,-0.201,79707.11,30.472,-9.65,-15.46,-12.97,-19.77,-94.72,26.8,97.1,54.1,adv,adv,-0.581,0.0
ctrlB,2026-09-05T10:35:00,-0.043,-0.116,79629.37,30.469,-5.96,-38.15,-7.34,17.65,5.89,51.0,46.5,39.2,adv,adv,-0.337,0.0
ctrlB,2026-09-05T12:40:00,0.029,-0.099,79721.29,31.501,38.57,-3.98,-12.35,-4.08,-50.34,48.2,72.3,41.4,fav,fav,-0.258,0.0
ctrlB,2026-09-05T13:50:00,-0.085,-0.143,79636.71,30.439,-30.5,2.07,51.36,38.1,98.44,112.8,30.5,58.7,adv,fav,-0.413,0.0
ctrlB,2026-09-05T15:30:00,0.04,-0.076,79721.8,30.612,-11.54,13.07,26.1,103.7,221.88,283.5,28.4,47.4,adv,fav,0.158,0.0
ctrlB,2026-09-05T16:35:00,-0.073,-0.102,79966.0,30.816,-32.66,-1.36,91.23,133.23,48.5,234.3,44.5,60.9,adv,fav,-0.005,0.0
ctrlB,2026-09-05T19:35:00,-0.035,-0.249,79821.04,30.263,21.11,23.15,-55.03,-59.89,-84.03,45.5,133.8,69.7,fav,adv,0.731,0.01
ctrlB,2026-09-05T21:50:00,-0.001,-0.168,79905.37,30.571,-7.86,-2.82,-28.39,-58.2,-103.26,44.8,153.3,53.8,adv,adv,-0.698,0.0
ctrlB,2026-09-06T04:25:00,0.004,-0.07,79942.67,30.94,-21.93,-27.99,-11.06,-67.65,-91.83,4.2,154.8,57.8,adv,adv,-0.389,0.0
ctrlB,2026-09-06T05:45:00,-0.02,-0.092,79997.65,30.327,-0.69,-16.67,-47.34,-86.21,-217.05,7.3,314.1,70.1,adv,adv,-0.062,0.0
ctrlB,2026-09-06T06:50:00,0.055,-0.193,79767.33,30.435,-7.53,8.09,6.41,13.44,40.34,102.3,192.6,63.2,fav,adv,0.392,0.0
ctrlB,2026-09-06T10:05:00,0.001,-0.126,79925.27,30.473,-4.14,-13.18,25.28,54.9,15.35,101.9,13.6,53.6,fav,fav,-0.676,0.0
ctrlB,2026-09-06T12:25:00,-0.02,-0.092,79987.81,30.475,5.99,-9.96,-49.68,-65.75,-182.68,27.5,208.4,54.9,fav,adv,-0.706,0.01
ctrlB,2026-09-06T13:25:00,-0.018,-0.101,79817.13,31.471,-26.99,-29.71,-27.86,-11.66,-182.97,42.0,242.0,57.7,adv,adv,0.048,0.0
ctrlB,2026-09-06T14:30:00,-0.129,-1.225,79591.42,30.092,-16.65,66.56,57.11,-34.06,8.16,161.2,220.3,108.0,fav,fav,-0.444,8.13
ctrlB,2026-09-06T16:35:00,-0.052,-0.105,79731.49,30.316,-12.66,-50.9,-49.35,-127.11,-5.13,35.6,164.2,79.6,adv,adv,0.344,0.0
ctrlB,2026-09-06T17:45:00,0.011,-0.177,79741.77,30.953,8.05,-13.78,37.45,103.71,162.68,226.8,20.4,64.2,fav,fav,-0.097,0.0
ctrlB,2026-09-06T19:20:00,-0.001,-0.117,79874.45,30.595,-35.34,-57.11,-78.63,-69.97,44.27,78.0,107.9,47.4,adv,adv,0.71,0.0
ctrlB,2026-09-06T20:40:00,0.012,-0.2,79958.26,30.826,0.04,-43.42,-37.85,20.66,8.17,72.8,92.7,45.9,adv,adv,0.285,0.0
ctrlB,2026-09-06T22:00:00,-0.124,-0.105,79884.14,30.557,-18.56,-209.12,-244.1,66.34,351.85,488.4,247.1,71.2,adv,adv,-0.069,0.0
ctrlB,2026-09-06T23:05:00,0.033,-0.159,80212.34,30.137,-39.96,-55.23,-74.56,154.0,141.57,355.7,121.9,132.4,adv,fav,-0.286,0.0
ctrlB,2026-09-07T00:20:00,0.091,-0.132,80166.91,30.698,9.38,32.03,-31.87,-6.7,-306.64,109.1,318.3,149.7,fav,adv,0.625,0.0
ctrlB,2026-09-07T02:10:00,0.026,-0.104,79843.49,30.035,-11.91,112.51,160.16,366.37,-69.72,587.4,100.0,108.5,fav,fav,0.285,0.0
ctrlB,2026-09-07T04:00:00,0.06,-0.082,79627.19,30.105,-20.16,-0.29,48.94,-79.86,102.83,122.4,109.1,117.5,adv,fav,-0.103,0.0
ctrlB,2026-09-07T05:50:00,-0.099,-0.068,79766.85,30.359,-14.66,-45.02,0.6,-51.95,-118.01,47.3,125.6,77.2,adv,adv,0.555,0.0
ctrlB,2026-09-07T07:30:00,-0.13,-0.216,79301.84,30.894,-56.85,-152.54,1.34,114.7,178.27,209.6,327.4,97.3,adv,adv,0.122,21.02
ctrlB,2026-09-07T08:35:00,-0.09,-0.14,79456.33,30.366,-19.33,-0.77,-51.34,48.89,-97.17,84.9,149.2,117.8,adv,adv,-0.316,0.0
ctrlB,2026-09-07T09:35:00,-0.028,-0.259,79371.16,30.795,1.0,-3.03,-42.22,-31.93,43.89,69.1,87.6,73.2,fav,adv,0.442,0.0
ctrlB,2026-09-07T13:35:00,0.014,-0.291,79357.4,30.702,-9.79,-2.52,23.83,-190.94,-341.48,58.7,366.4,84.9,adv,adv,0.537,0.02
ctrlB,2026-09-07T15:00:00,-0.093,-0.091,79084.67,30.537,-44.97,-22.31,12.0,-232.65,-239.12,52.6,424.0,111.8,adv,adv,0.596,0.0
ctrlB,2026-09-07T16:15:00,-0.019,-0.089,78872.14,30.343,-21.91,-82.65,53.36,87.93,252.89,267.5,97.3,130.5,adv,fav,-0.475,0.0
ctrlB,2026-09-07T17:20:00,-0.038,-0.288,79093.91,30.936,-11.87,-3.07,22.03,64.35,37.07,104.5,43.7,70.7,fav,fav,0.047,0.0
ctrlB,2026-09-07T18:25:00,-0.002,-0.079,79138.4,30.264,-32.75,-27.03,-3.07,34.71,89.98,112.9,60.9,56.3,adv,adv,0.352,0.0
ctrlB,2026-09-07T19:35:00,-0.008,-0.123,79347.12,30.011,-15.71,-25.22,-6.52,-122.76,-155.47,34.6,187.2,62.1,adv,adv,-0.368,0.07
ctrlB,2026-09-07T21:40:00,-0.042,-0.089,79171.22,31.005,6.7,-9.16,-21.82,-65.13,-354.91,33.1,400.6,51.9,fav,adv,-0.448,0.0
ctrlB,2026-09-07T22:40:00,-0.077,-0.934,78825.56,30.235,25.86,116.37,107.34,283.35,267.73,326.1,7.0,96.9,fav,fav,0.695,2.91
ctrlB,2026-09-07T23:50:00,-0.059,-0.262,79128.11,30.525,-33.89,-45.24,-134.62,-125.08,118.7,154.7,183.4,94.3,adv,adv,-0.178,0.0
ctrlB,2026-09-08T01:25:00,0.036,-0.123,79336.62,30.434,-13.41,-28.37,-57.75,61.04,-113.69,132.6,118.0,97.7,adv,adv,-0.477,0.0
ctrlB,2026-09-08T02:30:00,-0.058,-0.132,79177.74,31.094,-4.93,-35.56,-80.77,-241.6,-245.49,16.7,478.4,97.4,adv,adv,0.242,0.0
ctrlB,2026-09-08T04:00:00,-0.011,-0.151,78876.24,30.027,-6.45,-59.68,-49.7,-85.9,-247.94,10.7,372.9,100.5,adv,adv,0.073,0.0
ctrlB,2026-09-08T05:00:00,0.003,-0.39,78640.3,30.058,25.58,53.88,200.55,1.23,-162.04,215.8,209.3,93.6,fav,fav,0.264,4.93
ctrlB,2026-09-08T06:00:00,-0.061,-0.193,78490.26,30.338,-13.38,11.03,-68.39,-147.03,-174.87,122.5,262.3,131.0,adv,adv,0.168,4.52
ctrlB,2026-09-08T07:50:00,0.047,-0.087,78392.95,30.921,-14.18,-33.27,-56.42,-31.9,-37.27,168.4,142.7,115.2,fav,adv,0.344,3.25
ctrlB,2026-09-08T08:50:00,-0.14,-0.174,78367.66,30.279,39.88,-15.04,-34.58,34.93,340.4,406.6,65.4,124.1,adv,fav,-0.283,0.0
ctrlB,2026-09-08T10:00:00,-0.034,-0.077,78710.18,30.181,-2.56,-14.22,211.55,-26.41,-276.89,266.4,275.5,98.6,fav,fav,0.167,0.0
ctrlB,2026-09-08T11:00:00,-0.106,-0.106,78445.29,30.289,-31.63,-117.26,-77.57,-6.05,-193.55,25.9,249.6,89.0,adv,adv,0.486,0.36
ctrlB,2026-09-08T12:05:00,0.129,-0.243,78345.67,30.228,-116.12,-153.19,-89.86,-13.8,72.23,168.2,163.0,101.0,adv,adv,0.088,0.0
ctrlB,2026-09-08T13:10:00,0.013,-0.086,78452.08,31.076,-56.6,-83.72,-152.0,-614.27,-215.78,-2.7,860.8,101.4,adv,adv,-0.071,0.0
ctrlB,2026-09-08T14:25:00,0.018,-0.238,78333.02,30.015,-69.25,-13.78,25.38,201.4,97.13,362.8,119.7,193.3,adv,fav,0.066,0.04
ctrlB,2026-09-08T15:45:00,0.072,-0.099,78746.23,30.629,76.85,47.19,34.51,-166.3,102.74,220.4,185.6,145.0,fav,fav,-0.413,0.17
ctrlB,2026-09-08T17:20:00,-0.043,-0.083,78551.86,30.144,-8.02,30.57,-2.68,18.61,197.05,256.8,75.9,125.0,fav,fav,0.21,0.0
ctrlB,2026-09-08T18:25:00,-0.078,-0.072,78721.99,30.246,5.79,-67.11,-115.36,-272.07,-296.74,36.6,466.6,92.3,adv,adv,-0.145,0.0
ctrlB,2026-09-08T19:30:00,-0.035,-0.237,78427.49,30.982,-9.51,29.93,-91.03,32.56,-22.91,183.4,116.3,128.1,fav,fav,-0.165,0.0
ctrlB,2026-09-08T20:35:00,0.095,-0.092,78522.61,30.478,-45.35,-25.84,-33.25,8.24,-71.95,95.3,100.6,114.8,adv,neither,0.329,0.0
ctrlB,2026-09-08T23:00:00,-0.032,-0.069,78519.71,30.425,-15.66,-17.99,-69.89,-67.6,23.3,56.2,127.5,79.4,adv,adv,0.265,0.0
ctrlB,2026-09-09T00:15:00,-0.023,-0.119,78724.08,30.747,-35.64,-90.36,-129.69,20.13,-81.0,139.2,169.4,62.7,adv,adv,-0.322,0.0
ctrlB,2026-09-09T03:10:00,-0.059,-0.231,78614.58,30.246,-24.97,-20.34,-41.46,24.75,181.12,317.1,86.1,75.9,adv,adv,-0.444,0.0
ctrlB,2026-09-09T04:10:00,0.078,-0.367,78812.99,30.024,-12.11,-29.87,42.72,270.87,445.73,526.0,53.7,88.9,adv,fav,0.319,0.0
ctrlB,2026-09-09T05:35:00,-0.095,-0.739,78933.27,31.423,6.49,-36.23,-25.75,27.28,250.18,340.1,107.9,131.5,adv,fav,0.257,0.0
ctrlB,2026-09-09T06:45:00,-0.048,-0.082,79160.13,30.289,-42.53,-31.24,104.99,109.25,34.58,228.8,64.0,95.4,adv,fav,0.439,0.0
ctrlB,2026-09-09T08:40:00,0.027,-0.07,79640.83,32.023,10.99,-67.27,-19.9,-142.21,-545.47,66.1,584.3,117.3,adv,adv,-0.125,0.0
ctrlB,2026-09-09T09:50:00,-0.055,-0.193,78891.08,30.421,52.31,81.87,101.31,144.56,-19.82,284.2,37.8,105.7,fav,fav,0.042,0.78
ctrlB,2026-09-09T11:05:00,0.074,-0.346,78848.27,30.697,-2.34,-12.51,75.27,151.25,562.42,574.6,67.4,114.4,adv,fav,0.498,0.0
ctrlB,2026-09-09T12:05:00,0.126,-0.132,79422.69,30.997,-55.68,-43.23,-73.92,45.09,71.08,234.8,137.2,134.2,adv,adv,0.171,0.05
ctrlB,2026-09-09T13:05:00,-0.097,-0.072,79505.51,30.701,-10.88,-37.22,29.47,-152.25,-576.69,164.7,633.1,110.1,adv,fav,0.426,0.0
ctrlB,2026-09-09T14:10:00,0.123,-0.197,79058.78,30.513,-48.34,-174.92,157.04,-115.33,-580.39,337.0,832.8,193.5,adv,adv,-0.012,0.0
ctrlB,2026-09-09T15:55:00,-0.109,-0.21,78552.07,30.448,42.09,175.56,12.17,109.81,211.12,389.0,125.6,287.9,fav,fav,0.165,0.0
ctrlB,2026-09-09T17:00:00,-0.08,-0.134,78699.39,30.247,76.34,67.87,91.26,80.61,45.33,216.9,61.4,155.4,fav,fav,-0.172,0.0
ctrlB,2026-09-09T18:15:00,-0.038,-0.109,78581.13,30.407,36.7,-8.73,-53.26,-64.88,-93.27,51.1,269.4,97.5,fav,adv,0.307,0.01
ctrlB,2026-09-09T19:30:00,0.002,-0.07,78467.66,30.259,-11.84,-126.15,-252.81,-259.62,-171.04,30.8,567.9,85.9,adv,adv,0.315,0.0
ctrlB,2026-09-09T20:50:00,0.112,-0.177,78224.5,30.147,31.43,29.34,-1.98,16.98,-140.73,106.7,249.2,132.4,fav,adv,0.33,0.0
ctrlB,2026-09-09T22:00:00,-0.07,-0.064,78029.91,30.882,-60.66,-91.1,-84.6,-65.61,74.09,80.1,281.7,108.8,adv,adv,-0.094,0.27
ctrlB,2026-09-09T23:15:00,0.024,-0.302,78134.38,31.139,1.25,-40.83,83.39,115.15,79.19,231.3,58.1,102.2,adv,fav,-0.349,0.0
ctrlB,2026-09-10T00:45:00,0.002,-0.155,78135.78,30.877,-14.47,-7.28,188.95,68.86,-76.91,352.3,213.2,86.6,fav,fav,0.49,0.0
ctrlB,2026-09-10T02:45:00,0.066,-0.121,78279.27,30.177,-28.18,29.96,150.08,53.26,121.04,257.1,31.7,112.1,fav,fav,0.291,0.0
ctrlB,2026-09-10T03:55:00,-0.022,-0.123,78289.84,30.665,18.44,67.38,23.06,56.61,68.94,119.6,22.2,95.6,fav,fav,0.204,0.0
ctrlB,2026-09-10T05:20:00,-0.026,-0.085,78343.38,30.885,-19.84,117.81,60.06,149.13,-165.85,193.4,214.0,80.4,fav,fav,0.017,0.0
ctrlB,2026-09-10T06:20:00,-0.0,-0.299,78189.53,30.902,1.39,8.65,-4.99,221.63,-113.39,310.8,129.5,92.4,adv,fav,0.133,0.0
ctrlB,2026-09-10T08:15:00,-0.014,-0.098,78067.62,30.131,23.02,69.33,2.88,9.59,78.01,116.2,72.9,81.8,fav,fav,-0.005,0.0
ctrlB,2026-09-10T10:25:00,0.035,-0.064,77920.69,30.376,-18.31,-26.49,42.6,-131.31,54.03,107.3,266.8,79.0,adv,adv,0.187,0.0
ctrlB,2026-09-10T11:25:00,-0.003,-0.097,77986.72,30.994,-2.41,22.07,-7.14,-149.31,-263.93,41.6,352.6,112.7,adv,adv,-0.068,0.0
ctrlB,2026-09-10T12:45:00,-0.126,-0.139,77032.68,30.392,-51.44,-294.54,-30.43,-262.07,-73.83,61.2,382.8,212.5,adv,adv,-0.208,138.78
ctrlB,2026-09-10T14:10:00,0.052,-0.133,77040.44,30.432,-81.3,-23.08,228.94,257.72,249.4,360.4,118.1,205.3,adv,fav,0.061,0.0
ctrlB,2026-09-10T15:20:00,-0.114,-0.138,77104.38,30.347,-32.56,-25.08,97.82,-26.81,-169.62,206.9,268.9,138.6,fav,fav,-0.082,0.0
ctrlB,2026-09-10T18:10:00,-0.01,-0.217,77002.27,30.096,44.59,27.1,27.41,88.62,122.79,267.7,38.9,122.6,fav,fav,0.158,0.2
ctrlB,2026-09-10T19:30:00,-0.07,-0.088,77166.04,30.329,-24.95,19.83,-106.25,-20.91,37.83,157.1,124.2,90.1,adv,fav,0.186,0.0
ctrlB,2026-09-10T20:30:00,-0.021,-0.064,77216.92,30.098,-16.15,8.95,8.77,-17.54,-36.85,62.3,51.8,89.4,fav,neither,0.149,0.0
ctrlB,2026-09-10T22:35:00,-0.115,-0.117,76878.13,30.296,-47.41,-69.58,-52.29,-198.93,-151.04,73.1,449.1,83.6,adv,adv,0.372,1.26
ctrlB,2026-09-10T23:55:00,-0.102,-0.1,76534.75,30.397,0.65,44.08,263.17,246.77,320.63,376.7,9.0,145.8,fav,fav,0.255,0.15
ctrlB,2026-09-11T01:05:00,-0.02,-0.082,76937.94,30.068,5.29,-112.67,-97.0,-216.18,-65.25,48.8,299.1,107.8,adv,adv,-0.289,0.0
ctrlB,2026-09-11T02:25:00,-0.052,-0.195,76772.73,31.117,-7.86,-33.98,83.25,32.67,5.22,129.7,106.2,117.5,fav,fav,0.514,0.01
ctrlB,2026-09-11T04:30:00,-0.054,-0.082,77094.75,30.953,5.81,-23.72,-28.73,-55.05,-2.0,41.3,67.0,92.4,adv,neither,-0.384,0.25
ctrlB,2026-09-11T05:40:00,0.029,-0.08,77130.11,30.845,24.24,40.41,81.0,211.85,78.26,273.1,7.0,52.5,fav,fav,-0.41,0.0
ctrlB,2026-09-11T07:15:00,0.031,-0.142,77319.36,30.693,19.54,-40.48,-52.32,-109.44,-115.95,61.6,216.1,69.4,fav,adv,0.588,0.0
ctrlB,2026-09-11T08:30:00,0.003,-0.086,77379.42,30.959,-29.81,-19.12,-66.68,-85.6,-376.56,28.3,374.7,81.1,adv,adv,0.184,0.62
ctrlB,2026-09-11T09:30:00,-0.065,-0.072,77018.56,30.819,-57.79,-155.79,-48.91,58.23,-19.2,111.7,187.4,70.1,adv,adv,0.142,0.0
ctrlB,2026-09-11T11:10:00,-0.026,-0.122,76736.01,30.087,12.42,49.25,69.58,118.98,152.66,357.1,7.0,79.3,fav,fav,0.094,0.11
ctrlB,2026-09-11T12:10:00,0.003,-0.081,76900.67,30.258,27.08,57.45,-657.33,717.87,756.06,1214.1,897.4,106.8,fav,fav,0.606,0.0
ctrlB,2026-09-11T13:15:00,-0.024,-0.091,77705.3,30.97,-68.98,-55.74,-149.38,,,104.4,491.9,358.8,adv,adv,-0.419,0.0
ctrlD,2026-08-05T14:40:00,0.161,-0.11,64365.99,30.618,28.91,47.07,59.41,165.83,74.85,346.6,96.0,171.9,fav,fav,0.164,0.0
ctrlD,2026-08-05T16:25:00,0.159,-0.054,64694.31,30.772,-60.1,-75.95,-82.23,-104.3,-164.31,-7.0,220.0,114.1,adv,adv,-0.115,3.67
ctrlD,2026-08-05T17:35:00,0.192,-0.061,64682.62,30.211,-18.87,-72.99,3.45,-70.63,41.1,73.7,84.2,73.4,adv,adv,-0.047,1.07
ctrlD,2026-08-05T18:35:00,0.139,-0.104,64735.72,30.812,-35.94,17.15,-17.18,67.85,109.8,147.1,42.4,86.9,fav,fav,0.278,0.0
ctrlD,2026-08-06T05:05:00,0.289,-0.051,64876.36,30.266,-19.38,-33.04,23.1,-71.67,-111.53,61.7,110.2,68.0,adv,adv,-0.18,13.66
ctrlD,2026-08-06T14:40:00,0.368,-0.268,64717.86,30.291,-8.97,-70.6,2.17,56.73,-38.48,207.5,111.6,131.5,adv,fav,-0.006,13.27
ctrlD,2026-08-07T12:35:00,0.215,-1.19,65105.61,30.254,1.27,71.07,214.07,85.15,139.32,242.9,48.9,105.4,fav,fav,-0.201,0.0
ctrlD,2026-08-07T14:15:00,0.25,-0.571,64963.78,30.083,30.72,64.45,156.63,82.06,-14.78,264.3,132.9,155.1,fav,fav,-0.184,0.0
ctrlD,2026-08-10T00:05:00,0.198,-0.036,65011.06,30.387,155.9,77.51,-59.27,-160.08,-37.99,259.0,242.2,81.9,fav,fav,0.018,0.01
ctrlD,2026-08-10T12:40:00,0.14,-0.405,64952.93,30.695,-17.78,-44.54,-137.96,-118.9,-329.92,1.4,411.9,66.2,adv,adv,0.421,0.12
ctrlD,2026-08-10T17:05:00,0.157,-0.218,63899.25,30.924,9.88,-17.57,-6.98,15.8,5.79,61.8,94.8,115.2,adv,neither,0.136,0.0
ctrlD,2026-08-11T06:55:00,0.15,-0.18,63916.61,30.593,-7.93,22.97,-51.48,-59.18,77.75,126.8,85.4,50.1,fav,adv,0.531,0.0
ctrlD,2026-08-11T14:25:00,0.121,-0.392,63921.9,30.816,-14.92,68.24,-9.28,-221.22,-139.1,85.9,280.7,117.7,fav,adv,0.279,2.14
ctrlD,2026-08-11T19:50:00,0.121,-0.089,63411.86,30.023,5.39,50.44,195.01,153.11,237.57,284.3,10.3,75.9,fav,fav,-0.05,2.06
ctrlD,2026-08-12T02:25:00,0.137,-0.139,63827.06,30.817,-29.19,-64.94,-116.95,-102.49,-153.38,-7.0,188.6,51.5,adv,adv,0.428,0.05
ctrlD,2026-08-12T15:00:00,0.13,-0.18,63385.17,30.602,10.78,2.4,52.37,43.82,8.89,117.8,63.7,140.0,fav,neither,0.349,1.28
ctrlD,2026-08-13T18:50:00,0.214,-0.163,63262.87,30.925,-16.2,-7.19,115.13,68.0,68.61,175.4,32.4,82.7,fav,fav,-0.261,0.27
ctrlD,2026-08-13T22:00:00,0.129,-0.053,63479.27,30.421,-33.96,26.06,27.03,57.29,-90.12,103.3,98.4,46.2,adv,fav,-0.349,0.7
ctrlD,2026-08-13T23:55:00,0.131,-0.083,63449.11,30.667,-31.41,-15.49,-15.82,-83.26,6.08,49.3,115.6,41.2,adv,adv,0.441,0.0
ctrlD,2026-08-14T12:20:00,0.111,-0.076,62808.22,30.806,-4.51,-7.09,-72.83,-102.89,-168.03,36.6,296.8,61.9,adv,adv,0.267,0.04
ctrlD,2026-08-14T15:25:00,0.134,-0.114,62773.64,30.856,-50.58,66.32,141.03,139.37,275.22,318.6,60.0,86.9,adv,fav,0.117,0.0
ctrlD,2026-08-14T17:10:00,0.1,-0.141,63109.16,30.086,-15.44,24.85,9.9,-75.28,-178.57,76.1,225.6,65.8,fav,fav,0.428,0.01
ctrlD,2026-08-15T07:10:00,0.09,-0.201,63064.62,30.012,-22.5,-38.59,-67.19,-58.95,-78.5,-6.0,97.3,35.4,adv,adv,-0.094,1.0
ctrlD,2026-08-16T01:40:00,0.095,-0.072,63005.59,30.611,-8.79,-10.36,-3.55,-50.79,46.53,79.9,56.5,26.6,adv,adv,0.855,0.0
ctrlD,2026-08-17T00:25:00,0.132,-0.095,62775.19,30.695,-71.76,-71.31,66.51,79.91,357.89,366.2,99.5,61.2,adv,adv,0.358,0.01
ctrlD,2026-08-17T02:30:00,0.174,-0.047,63215.42,30.977,-4.5,-29.39,13.44,91.98,64.06,216.0,45.9,84.8,adv,fav,-0.035,1.59
ctrlD,2026-08-17T03:50:00,0.168,-0.087,63437.12,30.802,-3.56,-67.14,-14.86,-14.75,33.35,89.1,80.0,66.0,adv,adv,0.221,0.0
ctrlD,2026-08-17T10:40:00,0.158,-0.238,63573.7,30.798,-23.16,-37.93,13.57,-9.95,44.45,73.3,60.3,54.3,adv,adv,-0.521,0.01
ctrlD,2026-08-17T13:45:00,0.099,-0.082,63659.71,30.163,-60.51,-109.21,-120.65,-66.28,14.13,31.7,152.4,87.3,adv,adv,0.131,0.01
ctrlD,2026-08-17T14:55:00,0.198,-0.341,63800.61,30.947,0.6,50.73,11.71,174.29,331.0,373.9,55.8,97.6,fav,fav,-0.295,2.78
ctrlD,2026-08-17T17:15:00,0.424,-0.094,64242.5,30.468,64.91,-63.71,-186.08,-11.09,93.75,181.8,231.7,86.1,fav,fav,0.144,3.48
ctrlD,2026-08-17T23:30:00,0.11,-0.19,64459.88,31.148,-14.63,-14.76,-14.92,-30.93,-79.74,63.4,101.9,42.8,adv,adv,-0.473,15.32
ctrlD,2026-08-18T13:55:00,0.135,-0.136,64170.99,30.792,1.45,113.59,27.86,768.73,525.29,842.7,7.6,85.2,fav,fav,0.161,0.0
ctrlD,2026-08-19T12:40:00,0.35,-1.288,64869.73,30.096,-12.51,37.25,-105.61,5.95,90.66,296.9,140.4,75.2,fav,adv,0.017,13.5
ctrlD,2026-08-19T14:55:00,0.233,-1.252,65944.34,30.196,-45.84,265.11,684.67,1953.15,2648.82,4440.6,102.1,153.1,adv,fav,-0.316,61.28
ctrlD,2026-08-19T19:15:00,0.285,-0.094,68301.24,30.133,39.02,3.28,-109.67,66.26,257.53,394.7,199.5,135.4,adv,adv,0.261,0.8
ctrlD,2026-08-19T20:50:00,0.599,-0.474,69041.52,30.211,119.29,-13.35,460.14,526.64,745.36,1014.2,87.1,185.0,fav,fav,-0.04,78.88
ctrlD,2026-08-19T22:35:00,0.462,-0.249,69386.01,30.234,-63.28,-120.76,-212.64,-114.71,-109.36,58.2,320.8,260.2,adv,adv,0.346,0.0
ctrlD,2026-08-20T08:10:00,0.84,-0.266,71124.71,30.062,-115.49,118.81,97.8,275.42,613.91,785.4,165.1,248.8,adv,fav,-0.315,37.6
ctrlD,2026-08-20T09:20:00,0.196,-0.066,71905.9,30.36,41.78,-204.43,-52.51,-267.75,172.96,533.5,290.0,312.1,adv,fav,-0.135,1.29
ctrlD,2026-08-20T12:10:00,0.162,-0.232,71776.7,30.917,-37.77,-9.21,-69.69,-186.12,185.28,270.4,361.0,202.4,adv,adv,0.359,0.0
ctrlD,2026-08-20T14:30:00,0.166,-0.05,71551.47,30.1,72.0,-63.1,44.86,709.33,752.91,1252.3,193.5,289.7,adv,fav,0.129,0.0
ctrlD,2026-08-20T17:20:00,0.142,-0.054,72737.09,30.02,-31.03,60.75,33.56,43.62,-36.11,220.4,304.8,187.3,fav,fav,0.098,0.0
ctrlD,2026-08-20T22:05:00,0.194,-0.164,72641.39,30.098,-49.65,-81.61,148.16,50.8,218.33,223.6,111.1,112.0,adv,fav,0.321,0.0
ctrlD,2026-08-21T01:45:00,1.124,-0.727,75447.15,30.12,104.02,-145.85,-554.48,-792.14,-981.62,123.2,1038.8,369.1,adv,adv,0.161,34.56
ctrlD,2026-08-21T03:40:00,0.19,-0.142,74687.19,30.453,7.86,77.58,-122.02,122.51,205.85,276.8,232.8,167.7,fav,adv,0.278,0.01
ctrlD,2026-08-21T06:45:00,0.186,-0.255,75500.59,30.162,-50.46,72.93,188.54,927.85,923.96,1378.2,123.6,228.1,adv,fav,-0.056,0.41
ctrlD,2026-08-21T08:00:00,0.412,-0.417,76593.69,30.32,-82.16,60.62,553.78,989.66,1255.49,2922.6,150.2,320.4,fav,fav,0.136,1.16
ctrlD,2026-08-21T09:30:00,0.25,-0.181,77822.21,30.044,-2.56,36.25,317.01,-95.14,-148.52,535.3,284.1,594.1,fav,neither,0.208,0.01
ctrlD,2026-08-21T11:20:00,0.283,-0.348,77398.42,30.314,93.62,-92.9,-415.2,-468.28,-722.94,103.4,1007.6,259.6,adv,adv,0.064,1.09
ctrlD,2026-08-21T12:40:00,0.275,-0.115,77415.84,30.218,-100.11,-11.55,-289.72,-307.48,-62.47,15.4,1216.9,316.7,adv,adv,-0.356,3.53
ctrlD,2026-08-21T16:25:00,0.325,-0.189,77328.67,30.089,-84.14,-39.72,-42.56,124.61,177.49,366.5,182.2,241.4,adv,fav,0.113,0.33
ctrlD,2026-08-21T21:40:00,0.292,-0.47,78337.49,30.054,-95.45,-63.39,82.86,316.21,62.68,419.7,277.8,249.0,adv,fav,0.244,0.05
ctrlD,2026-08-22T04:20:00,0.285,-0.167,78509.11,30.888,24.14,30.88,153.96,-29.79,-1420.7,301.5,1992.6,180.1,fav,fav,0.098,0.01
ctrlD,2026-08-23T05:15:00,0.22,-2.531,76087.25,30.265,-14.61,217.29,149.85,133.55,200.08,244.5,239.2,246.4,fav,neither,0.245,29.69
ctrlD,2026-08-23T21:15:00,0.364,-0.231,77989.57,30.471,-48.6,-120.55,-144.57,-239.94,-265.96,63.3,463.3,95.9,adv,adv,0.236,6.5
ctrlD,2026-08-24T17:05:00,0.409,-0.626,79113.88,30.904,39.79,-162.76,-589.01,-324.0,-252.3,75.0,666.6,265.5,adv,adv,0.407,0.04
ctrlD,2026-08-26T16:45:00,0.281,-0.133,78070.82,30.091,25.47,-43.74,-21.64,190.3,348.85,543.6,117.3,146.0,adv,fav,0.195,0.02
ctrlD,2026-08-27T08:05:00,0.408,-0.168,79794.54,30.008,20.92,-270.36,-190.27,-52.94,16.08,225.1,363.4,132.1,adv,adv,-0.149,13.91
ctrlD,2026-08-27T09:25:00,0.51,-0.241,80354.4,30.483,22.18,-156.76,-117.39,-429.16,-771.81,54.5,1019.7,178.7,adv,adv,-0.192,55.67
ctrlD,2026-08-27T13:50:00,0.336,-0.206,79385.01,30.044,27.2,130.3,35.87,396.07,712.23,1014.7,44.6,162.4,fav,fav,0.345,0.0
ctrlD,2026-08-28T04:10:00,0.265,-0.885,79925.76,30.297,26.76,-32.72,-91.68,-228.58,-279.16,54.2,367.7,135.9,adv,adv,-0.057,0.02
ctrlD,2026-08-28T16:35:00,0.245,-0.156,77876.8,30.079,-28.65,-57.54,-81.53,-83.0,-131.61,249.3,236.5,358.7,adv,neither,-0.216,0.65
ctrlD,2026-08-29T14:40:00,0.218,-0.332,77942.31,30.156,24.18,28.48,27.88,-22.16,-88.56,216.7,136.4,64.0,fav,fav,-0.392,3.02
ctrlD,2026-08-30T12:05:00,0.412,-0.681,78615.16,30.46,42.52,-25.5,-101.99,-40.77,59.38,240.6,140.8,75.6,fav,fav,-0.551,4.41
ctrlD,2026-08-30T16:10:00,0.367,-0.143,79218.16,30.246,-78.57,-185.97,-177.02,-47.78,-76.01,188.5,224.0,141.3,adv,adv,0.222,15.48
ctrlD,2026-08-30T20:45:00,0.228,-0.459,78694.58,30.5,-1.32,-18.43,-264.57,-96.06,-131.07,45.6,484.6,112.0,adv,adv,0.525,0.0
ctrlD,2026-08-31T14:35:00,0.246,-0.34,78197.57,31.0,184.79,320.54,191.43,241.8,325.97,476.0,15.6,267.1,fav,fav,0.343,0.05
ctrlD,2026-09-02T09:25:00,0.183,-0.221,76794.73,30.514,-117.93,-134.99,-290.32,-105.74,-239.09,-7.0,365.5,146.9,adv,adv,0.356,0.0
ctrlD,2026-09-02T12:20:00,0.174,-0.161,76960.37,30.295,-14.2,-21.64,-193.44,-268.69,-207.5,28.9,404.9,149.5,adv,adv,-0.079,2.13
ctrlD,2026-09-02T21:35:00,0.188,-0.095,77353.13,30.448,-7.64,21.18,-48.42,-276.62,-245.34,55.1,370.1,91.6,fav,adv,0.435,0.0
ctrlD,2026-09-03T12:30:00,0.426,-0.244,78177.65,30.997,16.64,109.68,162.3,374.9,442.05,572.8,16.5,130.5,fav,fav,0.391,31.18
ctrlD,2026-09-03T14:25:00,0.364,-0.363,79651.3,30.434,52.58,112.35,147.67,907.65,1077.23,1310.4,63.8,216.3,fav,fav,-0.279,31.44
ctrlD,2026-09-03T21:30:00,0.38,-0.182,81906.02,31.239,-99.26,-283.17,-245.26,-348.84,-854.89,47.4,995.4,198.7,adv,adv,-0.267,211.07
ctrlD,2026-09-04T12:50:00,0.207,-0.311,79538.37,30.054,-173.81,-140.36,-309.66,-48.62,-251.8,157.1,569.0,339.1,adv,adv,-0.011,0.1
ctrlD,2026-09-04T14:20:00,0.189,-0.146,79319.34,30.285,49.28,42.46,-38.4,-449.66,0.05,145.5,685.2,288.6,fav,adv,0.108,2.99
ctrlD,2026-09-08T14:15:00,0.194,-0.121,78292.93,30.945,-10.09,3.85,25.73,216.64,302.78,402.9,79.6,189.4,fav,fav,-0.08,1.65
ctrlD,2026-09-09T08:25:00,0.164,-0.113,79633.32,30.086,-20.92,57.91,-4.49,-9.85,-222.28,126.2,234.3,105.2,fav,fav,-0.268,4.52
ctrlD,2026-09-09T14:45:00,0.16,-0.332,79097.39,30.166,-48.27,-155.95,-234.24,-599.8,-485.86,275.0,1060.8,227.5,adv,fav,0.302,1.1
ctrlD,2026-09-09T16:10:00,0.209,-0.061,78576.24,30.824,-63.31,-12.31,85.64,168.65,251.11,364.8,149.8,262.7,adv,fav,0.487,0.0
ctrlD,2026-09-09T20:30:00,0.181,-0.412,78308.62,31.012,-14.82,-27.48,-219.43,14.5,-155.37,22.6,228.4,124.2,adv,adv,0.609,0.0
ctrlD,2026-09-10T14:20:00,0.306,-0.14,77309.4,30.23,-106.06,-32.21,-100.33,33.47,-217.02,91.4,214.7,207.5,adv,adv,0.016,0.09
ctrlD,2026-09-11T04:25:00,0.131,-0.224,77167.96,30.427,-37.31,-85.21,-103.01,-104.85,-110.58,-1.6,140.2,94.3,adv,adv,-0.538,0.18
ctrlD,2026-09-11T13:10:00,0.21,-0.539,77668.73,30.693,-24.99,24.57,-28.7,,,141.0,455.3,360.2,adv,adv,0.321,0.0
